feature,importance,model,fold,config
VOLUME_SMA_20,4.438439072152629e-09,logistic_regression,1,ALL
VOLUME_EMA_20,3.6868985474882033e-09,logistic_regression,1,ALL
Volume,3.746123714286913e-10,logistic_regression,1,ALL
OBV,1.3608372297371877e-11,logistic_regression,1,ALL
RSI_14,9.758312169155125e-14,logistic_regression,1,ALL
ROC_12,3.812085850223643e-14,logistic_regression,1,ALL
Close,3.3641879146824835e-14,logistic_regression,1,ALL
High,3.261538416949069e-14,logistic_regression,1,ALL
Low,3.183151135143247e-14,logistic_regression,1,ALL
Open,3.166335025609e-14,logistic_regression,1,ALL
EMA_20,2.7303572546977218e-14,logistic_regression,1,ALL
SMA_20,2.6189979218162283e-14,logistic_regression,1,ALL
EMA_50,2.3891402937753403e-14,logistic_regression,1,ALL
SMA_50,2.3515149210770046e-14,logistic_regression,1,ALL
Adj Close,2.343522307324654e-14,logistic_regression,1,ALL
MOMENTUM_20,1.033837940573642e-14,logistic_regression,1,ALL
MOMENTUM_10,6.3963049925487024e-15,logistic_regression,1,ALL
OPEN_CLOSE_PCT,5.780546146643245e-15,logistic_regression,1,ALL
GAP_PCT,3.0996157013185822e-15,logistic_regression,1,ALL
PRICE_CHANGE_PCT,2.7990578298612344e-15,logistic_regression,1,ALL
VOLUME_CHANGE_PCT,2.687741406599869e-15,logistic_regression,1,ALL
DAILY_RANGE_PCT,2.3924817623522087e-15,logistic_regression,1,ALL
HIGH_LOW_PCT,2.3924817623522087e-15,logistic_regression,1,ALL
VOLUME_RATIO,1.772412834820083e-15,logistic_regression,1,ALL
LOWER_WICK,1.2420362068976637e-15,logistic_regression,1,ALL
ATR_14,1.207272745814424e-15,logistic_regression,1,ALL
TRUE_RANGE,9.334427984641268e-16,logistic_regression,1,ALL
BODY_SIZE,8.418657137452989e-16,logistic_regression,1,ALL
ROLLING_STD_20,6.263581789951871e-16,logistic_regression,1,ALL
UPPER_WICK,3.837023249057032e-16,logistic_regression,1,ALL
HIST_VOL_20,3.6586509569622247e-16,logistic_regression,1,ALL
DAILY_RETURN,2.7990578298612786e-17,logistic_regression,1,ALL
GAP_PCT,0.0395133218430129,random_forest,1,ALL
ROC_12,0.03762044338413964,random_forest,1,ALL
VOLUME_RATIO,0.03688632347142002,random_forest,1,ALL
LOWER_WICK,0.03672194796261656,random_forest,1,ALL
ROLLING_STD_20,0.03655551026209877,random_forest,1,ALL
VOLUME_CHANGE_PCT,0.03598855849812174,random_forest,1,ALL
ATR_14,0.035871397357306024,random_forest,1,ALL
VOLUME_SMA_20,0.03586105288371392,random_forest,1,ALL
VOLUME_EMA_20,0.03571137072445994,random_forest,1,ALL
RSI_14,0.034914603697932776,random_forest,1,ALL
HIST_VOL_20,0.03488092537077534,random_forest,1,ALL
MOMENTUM_20,0.03473810705628802,random_forest,1,ALL
OBV,0.03289677371249809,random_forest,1,ALL
MOMENTUM_10,0.03229241997149349,random_forest,1,ALL
Volume,0.03221880412986733,random_forest,1,ALL
PRICE_CHANGE_PCT,0.031137097661417354,random_forest,1,ALL
OPEN_CLOSE_PCT,0.031134060612784856,random_forest,1,ALL
BODY_SIZE,0.030836308663687664,random_forest,1,ALL
UPPER_WICK,0.030280321738429317,random_forest,1,ALL
DAILY_RETURN,0.02943784230666683,random_forest,1,ALL
DAILY_RANGE_PCT,0.02907736603958457,random_forest,1,ALL
HIGH_LOW_PCT,0.029067946728959262,random_forest,1,ALL
TRUE_RANGE,0.027728971351043578,random_forest,1,ALL
SMA_50,0.026965666956829698,random_forest,1,ALL
EMA_50,0.026815076719561248,random_forest,1,ALL
High,0.026340627031472965,random_forest,1,ALL
Adj Close,0.0259972794240549,random_forest,1,ALL
EMA_20,0.02535834881289779,random_forest,1,ALL
Open,0.025052533198513277,random_forest,1,ALL
Low,0.02452092057112557,random_forest,1,ALL
SMA_20,0.024166086308957387,random_forest,1,ALL
Close,0.023411985548269173,random_forest,1,ALL
Adj Close,0.03795820474624634,xgboost,1,ALL
DAILY_RANGE_PCT,0.03730388730764389,xgboost,1,ALL
LOWER_WICK,0.034491296857595444,xgboost,1,ALL
TRUE_RANGE,0.034282609820365906,xgboost,1,ALL
GAP_PCT,0.03371227905154228,xgboost,1,ALL
ROLLING_STD_20,0.03336813673377037,xgboost,1,ALL
VOLUME_EMA_20,0.03322729095816612,xgboost,1,ALL
ROC_12,0.032834701240062714,xgboost,1,ALL
Low,0.03282490745186806,xgboost,1,ALL
EMA_50,0.03279716148972511,xgboost,1,ALL
VOLUME_RATIO,0.03264186903834343,xgboost,1,ALL
Open,0.03257860615849495,xgboost,1,ALL
OBV,0.03236539289355278,xgboost,1,ALL
OPEN_CLOSE_PCT,0.03194829076528549,xgboost,1,ALL
VOLUME_SMA_20,0.031559787690639496,xgboost,1,ALL
SMA_20,0.0315268337726593,xgboost,1,ALL
SMA_50,0.031401146203279495,xgboost,1,ALL
Close,0.03093140386044979,xgboost,1,ALL
High,0.030881289392709732,xgboost,1,ALL
Volume,0.030704215168952942,xgboost,1,ALL
UPPER_WICK,0.030007658526301384,xgboost,1,ALL
MOMENTUM_20,0.029951270669698715,xgboost,1,ALL
EMA_20,0.029323894530534744,xgboost,1,ALL
RSI_14,0.028773650527000427,xgboost,1,ALL
BODY_SIZE,0.028491247445344925,xgboost,1,ALL
VOLUME_CHANGE_PCT,0.02828981913626194,xgboost,1,ALL
DAILY_RETURN,0.028251001611351967,xgboost,1,ALL
HIST_VOL_20,0.027882801368832588,xgboost,1,ALL
MOMENTUM_10,0.027788195759058,xgboost,1,ALL
ATR_14,0.027703717350959778,xgboost,1,ALL
HIGH_LOW_PCT,0.027413945645093918,xgboost,1,ALL
PRICE_CHANGE_PCT,0.026783471927046776,xgboost,1,ALL
VOLUME_SMA_20,1.3689396449375853e-09,logistic_regression,2,ALL
Volume,1.1458265926113741e-09,logistic_regression,2,ALL
VOLUME_EMA_20,1.8330317397593808e-10,logistic_regression,2,ALL
OBV,7.484362077992489e-12,logistic_regression,2,ALL
High,4.763336429349645e-13,logistic_regression,2,ALL
Open,4.686676618400685e-13,logistic_regression,2,ALL
Close,4.651149881151755e-13,logistic_regression,2,ALL
Low,4.556810454074913e-13,logistic_regression,2,ALL
SMA_20,4.4857775969011715e-13,logistic_regression,2,ALL
EMA_20,4.4371717455835925e-13,logistic_regression,2,ALL
EMA_50,4.3770443534947215e-13,logistic_regression,2,ALL
SMA_50,4.2772171488082245e-13,logistic_regression,2,ALL
Adj Close,4.129831696822037e-13,logistic_regression,2,ALL
MOMENTUM_20,4.2024705337031115e-14,logistic_regression,2,ALL
ROC_12,3.8877630474825904e-14,logistic_regression,2,ALL
TRUE_RANGE,2.8491487672972364e-14,logistic_regression,2,ALL
MOMENTUM_10,2.315610741003554e-14,logistic_regression,2,ALL
ATR_14,1.9728464774377132e-14,logistic_regression,2,ALL
ROLLING_STD_20,1.9047584658730632e-14,logistic_regression,2,ALL
PRICE_CHANGE_PCT,1.388121757721285e-14,logistic_regression,2,ALL
BODY_SIZE,1.1662223944548133e-14,logistic_regression,2,ALL
GAP_PCT,1.1600974508169166e-14,logistic_regression,2,ALL
VOLUME_CHANGE_PCT,1.1145171617774242e-14,logistic_regression,2,ALL
RSI_14,9.516382885243987e-15,logistic_regression,2,ALL
DAILY_RANGE_PCT,6.113026597845062e-15,logistic_regression,2,ALL
HIGH_LOW_PCT,6.113026597845062e-15,logistic_regression,2,ALL
LOWER_WICK,5.379167597847001e-15,logistic_regression,2,ALL
UPPER_WICK,3.6112059849592156e-15,logistic_regression,2,ALL
OPEN_CLOSE_PCT,2.3571285312544572e-15,logistic_regression,2,ALL
HIST_VOL_20,2.1971617570573734e-15,logistic_regression,2,ALL
VOLUME_RATIO,1.1374040003129308e-15,logistic_regression,2,ALL
DAILY_RETURN,1.388121757721169e-16,logistic_regression,2,ALL
GAP_PCT,0.04080845538605714,random_forest,2,ALL
VOLUME_CHANGE_PCT,0.03757957712213107,random_forest,2,ALL
VOLUME_RATIO,0.037309769320288184,random_forest,2,ALL
HIST_VOL_20,0.03668369021666315,random_forest,2,ALL
RSI_14,0.036576023819680975,random_forest,2,ALL
ROC_12,0.03597880166404237,random_forest,2,ALL
ROLLING_STD_20,0.03534657320156594,random_forest,2,ALL
MOMENTUM_20,0.03531842605440512,random_forest,2,ALL
BODY_SIZE,0.03450558701625632,random_forest,2,ALL
VOLUME_EMA_20,0.03377295784061282,random_forest,2,ALL
VOLUME_SMA_20,0.03309123041546055,random_forest,2,ALL
MOMENTUM_10,0.03285677710829251,random_forest,2,ALL
Volume,0.032854174048481545,random_forest,2,ALL
OPEN_CLOSE_PCT,0.03268773311093273,random_forest,2,ALL
HIGH_LOW_PCT,0.0322732658368038,random_forest,2,ALL
PRICE_CHANGE_PCT,0.032252607240828915,random_forest,2,ALL
ATR_14,0.032244786986746224,random_forest,2,ALL
UPPER_WICK,0.03190610881484079,random_forest,2,ALL
LOWER_WICK,0.03174061333973516,random_forest,2,ALL
DAILY_RETURN,0.031378671568035255,random_forest,2,ALL
DAILY_RANGE_PCT,0.031138121073676767,random_forest,2,ALL
OBV,0.03001503812192197,random_forest,2,ALL
TRUE_RANGE,0.028227670284755802,random_forest,2,ALL
EMA_50,0.02663828666117102,random_forest,2,ALL
EMA_20,0.02624073612256057,random_forest,2,ALL
SMA_20,0.02606889182144345,random_forest,2,ALL
SMA_50,0.025801239001381218,random_forest,2,ALL
Adj Close,0.024712292072482024,random_forest,2,ALL
High,0.02409866092001255,random_forest,2,ALL
Low,0.023567156134946084,random_forest,2,ALL
Open,0.023275897031884808,random_forest,2,ALL
Close,0.02305018064190321,random_forest,2,ALL
Close,0.036064669489860535,xgboost,2,ALL
EMA_20,0.03532153367996216,xgboost,2,ALL
SMA_20,0.034582823514938354,xgboost,2,ALL
UPPER_WICK,0.03421797603368759,xgboost,2,ALL
ROC_12,0.03401850536465645,xgboost,2,ALL
DAILY_RANGE_PCT,0.03352998569607735,xgboost,2,ALL
VOLUME_EMA_20,0.03338542580604553,xgboost,2,ALL
VOLUME_SMA_20,0.03298970311880112,xgboost,2,ALL
OBV,0.032988373190164566,xgboost,2,ALL
BODY_SIZE,0.03266609460115433,xgboost,2,ALL
EMA_50,0.03263239189982414,xgboost,2,ALL
Volume,0.03256770223379135,xgboost,2,ALL
ROLLING_STD_20,0.03199317306280136,xgboost,2,ALL
GAP_PCT,0.03163975849747658,xgboost,2,ALL
TRUE_RANGE,0.031544480472803116,xgboost,2,ALL
OPEN_CLOSE_PCT,0.030931249260902405,xgboost,2,ALL
LOWER_WICK,0.030646968632936478,xgboost,2,ALL
VOLUME_CHANGE_PCT,0.03028007037937641,xgboost,2,ALL
VOLUME_RATIO,0.03007936105132103,xgboost,2,ALL
ATR_14,0.029965726658701897,xgboost,2,ALL
RSI_14,0.02993115410208702,xgboost,2,ALL
HIST_VOL_20,0.029879823327064514,xgboost,2,ALL
Low,0.029759155586361885,xgboost,2,ALL
SMA_50,0.029706880450248718,xgboost,2,ALL
Open,0.029683703556656837,xgboost,2,ALL
PRICE_CHANGE_PCT,0.029413066804409027,xgboost,2,ALL
Adj Close,0.029026027768850327,xgboost,2,ALL
DAILY_RETURN,0.028806738555431366,xgboost,2,ALL
MOMENTUM_20,0.028698518872261047,xgboost,2,ALL
MOMENTUM_10,0.028248034417629242,xgboost,2,ALL
High,0.027959447354078293,xgboost,2,ALL
HIGH_LOW_PCT,0.026841506361961365,xgboost,2,ALL
VOLUME_SMA_20,3.597549933082122e-09,logistic_regression,3,ALL
VOLUME_EMA_20,2.4903697867115903e-09,logistic_regression,3,ALL
Volume,1.266081189250831e-09,logistic_regression,3,ALL
OBV,2.3514222592750924e-12,logistic_regression,3,ALL
High,5.166237197405224e-13,logistic_regression,3,ALL
Close,5.132390445311661e-13,logistic_regression,3,ALL
Open,5.129386019712843e-13,logistic_regression,3,ALL
Low,5.015675447882797e-13,logistic_regression,3,ALL
SMA_20,4.795104814475479e-13,logistic_regression,3,ALL
EMA_20,4.7291031389653e-13,logistic_regression,3,ALL
Adj Close,4.661548693367924e-13,logistic_regression,3,ALL
EMA_50,4.572258926711015e-13,logistic_regression,3,ALL
SMA_50,4.374324685728808e-13,logistic_regression,3,ALL
MOMENTUM_20,7.12724097797392e-14,logistic_regression,3,ALL
ROC_12,4.6974531961863945e-14,logistic_regression,3,ALL
MOMENTUM_10,4.583989375717971e-14,logistic_regression,3,ALL
RSI_14,3.335291082994724e-14,logistic_regression,3,ALL
TRUE_RANGE,1.9535497109940317e-14,logistic_regression,3,ALL
ATR_14,1.3810386969892606e-14,logistic_regression,3,ALL
PRICE_CHANGE_PCT,1.326025894875891e-14,logistic_regression,3,ALL
VOLUME_CHANGE_PCT,1.0872428757427064e-14,logistic_regression,3,ALL
ROLLING_STD_20,1.0774951542756827e-14,logistic_regression,3,ALL
GAP_PCT,8.894544856457105e-15,logistic_regression,3,ALL
LOWER_WICK,8.111934728591965e-15,logistic_regression,3,ALL
BODY_SIZE,6.818687468813916e-15,logistic_regression,3,ALL
OPEN_CLOSE_PCT,4.4196822035009865e-15,logistic_regression,3,ALL
HIGH_LOW_PCT,4.3990918714764336e-15,logistic_regression,3,ALL
DAILY_RANGE_PCT,4.3990918714764336e-15,logistic_regression,3,ALL
HIST_VOL_20,1.9719288281659713e-15,logistic_regression,3,ALL
DAILY_RETURN,1.326025894875863e-16,logistic_regression,3,ALL
UPPER_WICK,1.2555275500578616e-16,logistic_regression,3,ALL
VOLUME_RATIO,8.339143109204176e-17,logistic_regression,3,ALL
GAP_PCT,0.041234709375677865,random_forest,3,ALL
VOLUME_CHANGE_PCT,0.03832645768708332,random_forest,3,ALL
VOLUME_RATIO,0.036975375428203755,random_forest,3,ALL
HIST_VOL_20,0.03664336730236178,random_forest,3,ALL
ROC_12,0.03634312249525233,random_forest,3,ALL
MOMENTUM_20,0.035859510128723925,random_forest,3,ALL
RSI_14,0.03503330394544296,random_forest,3,ALL
UPPER_WICK,0.034521773499577704,random_forest,3,ALL
MOMENTUM_10,0.034479036938164134,random_forest,3,ALL
BODY_SIZE,0.03445503361407486,random_forest,3,ALL
LOWER_WICK,0.03435193427021072,random_forest,3,ALL
ROLLING_STD_20,0.03403703313783442,random_forest,3,ALL
Volume,0.03294273162797993,random_forest,3,ALL
DAILY_RETURN,0.032554461776043424,random_forest,3,ALL
OBV,0.032431342838846626,random_forest,3,ALL
OPEN_CLOSE_PCT,0.032111412139217005,random_forest,3,ALL
PRICE_CHANGE_PCT,0.03173317422133173,random_forest,3,ALL
ATR_14,0.0315892911350945,random_forest,3,ALL
VOLUME_EMA_20,0.03153669310875883,random_forest,3,ALL
VOLUME_SMA_20,0.03126914259653704,random_forest,3,ALL
DAILY_RANGE_PCT,0.031127106812528425,random_forest,3,ALL
HIGH_LOW_PCT,0.030987005825226333,random_forest,3,ALL
TRUE_RANGE,0.029681624201833085,random_forest,3,ALL
Adj Close,0.025582306509122955,random_forest,3,ALL
SMA_20,0.025218759542283458,random_forest,3,ALL
SMA_50,0.024932462202690246,random_forest,3,ALL
EMA_20,0.024857349199036007,random_forest,3,ALL
EMA_50,0.024655882709187858,random_forest,3,ALL
Open,0.023994542595241652,random_forest,3,ALL
Close,0.02399253637033699,random_forest,3,ALL
High,0.023453301136584618,random_forest,3,ALL
Low,0.023088215629511483,random_forest,3,ALL
ROC_12,0.03695819154381752,xgboost,3,ALL
SMA_20,0.03609870374202728,xgboost,3,ALL
PRICE_CHANGE_PCT,0.033902328461408615,xgboost,3,ALL
GAP_PCT,0.033799909055233,xgboost,3,ALL
TRUE_RANGE,0.03353576362133026,xgboost,3,ALL
HIST_VOL_20,0.03316354379057884,xgboost,3,ALL
VOLUME_SMA_20,0.032809797674417496,xgboost,3,ALL
Open,0.03262728825211525,xgboost,3,ALL
OBV,0.03249106556177139,xgboost,3,ALL
Low,0.03243468701839447,xgboost,3,ALL
VOLUME_RATIO,0.03229208663105965,xgboost,3,ALL
DAILY_RETURN,0.03207358717918396,xgboost,3,ALL
BODY_SIZE,0.032015811651945114,xgboost,3,ALL
UPPER_WICK,0.03158322721719742,xgboost,3,ALL
LOWER_WICK,0.031507376581430435,xgboost,3,ALL
MOMENTUM_20,0.03128361329436302,xgboost,3,ALL
ROLLING_STD_20,0.03099166974425316,xgboost,3,ALL
VOLUME_EMA_20,0.03084392286837101,xgboost,3,ALL
Close,0.030750935897231102,xgboost,3,ALL
MOMENTUM_10,0.030600618571043015,xgboost,3,ALL
Volume,0.030492426827549934,xgboost,3,ALL
DAILY_RANGE_PCT,0.030336376279592514,xgboost,3,ALL
HIGH_LOW_PCT,0.030019832774996758,xgboost,3,ALL
OPEN_CLOSE_PCT,0.029848700389266014,xgboost,3,ALL
VOLUME_CHANGE_PCT,0.029481036588549614,xgboost,3,ALL
ATR_14,0.029425080865621567,xgboost,3,ALL
High,0.02936473861336708,xgboost,3,ALL
EMA_50,0.028943559154868126,xgboost,3,ALL
Adj Close,0.028298521414399147,xgboost,3,ALL
EMA_20,0.02820000611245632,xgboost,3,ALL
RSI_14,0.027081811800599098,xgboost,3,ALL
SMA_50,0.026743771508336067,xgboost,3,ALL
EMA_20,0.23303650295226022,logistic_regression,1,TREND
SMA_20,0.15374356491453942,logistic_regression,1,TREND
EMA_50,0.073598971142463,logistic_regression,1,TREND
SMA_50,0.00976770867708392,logistic_regression,1,TREND
EMA_20,0.25807847197212697,random_forest,1,TREND
EMA_50,0.2519987922801199,random_forest,1,TREND
SMA_20,0.24800865354999269,random_forest,1,TREND
SMA_50,0.2419140821977605,random_forest,1,TREND
EMA_20,0.2724047303199768,xgboost,1,TREND
EMA_50,0.24839352071285248,xgboost,1,TREND
SMA_20,0.24780666828155518,xgboost,1,TREND
SMA_50,0.23139503598213196,xgboost,1,TREND
EMA_50,0.02734170572956297,logistic_regression,2,TREND
EMA_20,0.027337420963076568,logistic_regression,2,TREND
SMA_20,0.02218371511018582,logistic_regression,2,TREND
SMA_50,0.0218525215885984,logistic_regression,2,TREND
EMA_50,0.25263605722377597,random_forest,2,TREND
EMA_20,0.2512779540200564,random_forest,2,TREND
SMA_20,0.24832618679431098,random_forest,2,TREND
SMA_50,0.24775980196185662,random_forest,2,TREND
SMA_20,0.25902697443962097,xgboost,2,TREND
EMA_50,0.25760483741760254,xgboost,2,TREND
EMA_20,0.24583017826080322,xgboost,2,TREND
SMA_50,0.23753799498081207,xgboost,2,TREND
EMA_50,0.030156819566725813,logistic_regression,3,TREND
SMA_50,0.02615498858585286,logistic_regression,3,TREND
EMA_20,0.02378325878762011,logistic_regression,3,TREND
SMA_20,0.020232585336271938,logistic_regression,3,TREND
SMA_20,0.2548932646928372,random_forest,3,TREND
EMA_20,0.25263166065687803,random_forest,3,TREND
EMA_50,0.24756781014009976,random_forest,3,TREND
SMA_50,0.24490726451018502,random_forest,3,TREND
SMA_20,0.2563611567020416,xgboost,3,TREND
EMA_50,0.2499004602432251,xgboost,3,TREND
SMA_50,0.24782204627990723,xgboost,3,TREND
EMA_20,0.24591636657714844,xgboost,3,TREND
MOMENTUM_10,0.05873794867690563,logistic_regression,1,MOMENTUM
ROC_12,0.0191291892006591,logistic_regression,1,MOMENTUM
MOMENTUM_20,0.013717687351185334,logistic_regression,1,MOMENTUM
RSI_14,0.0012990776426046818,logistic_regression,1,MOMENTUM
PRICE_CHANGE_PCT,0.0005767434123664455,logistic_regression,1,MOMENTUM
DAILY_RETURN,5.767434123785363e-06,logistic_regression,1,MOMENTUM
ROC_12,0.17429665785733633,random_forest,1,MOMENTUM
MOMENTUM_10,0.17410591023740013,random_forest,1,MOMENTUM
RSI_14,0.17034763065147673,random_forest,1,MOMENTUM
MOMENTUM_20,0.16819616070151527,random_forest,1,MOMENTUM
DAILY_RETURN,0.157511125918804,random_forest,1,MOMENTUM
PRICE_CHANGE_PCT,0.15554251463346755,random_forest,1,MOMENTUM
MOMENTUM_10,0.17381080985069275,xgboost,1,MOMENTUM
DAILY_RETURN,0.17292703688144684,xgboost,1,MOMENTUM
ROC_12,0.17098191380500793,xgboost,1,MOMENTUM
RSI_14,0.16410818696022034,xgboost,1,MOMENTUM
MOMENTUM_20,0.15945053100585938,xgboost,1,MOMENTUM
PRICE_CHANGE_PCT,0.15872158110141754,xgboost,1,MOMENTUM
ROC_12,0.013963060316835429,logistic_regression,2,MOMENTUM
RSI_14,0.008272718166724593,logistic_regression,2,MOMENTUM
MOMENTUM_20,0.0028820909245830125,logistic_regression,2,MOMENTUM
MOMENTUM_10,0.00162061969849538,logistic_regression,2,MOMENTUM
PRICE_CHANGE_PCT,0.00027604507661326845,logistic_regression,2,MOMENTUM
DAILY_RETURN,2.760450766033381e-06,logistic_regression,2,MOMENTUM
ROC_12,0.17526393174150692,random_forest,2,MOMENTUM
MOMENTUM_10,0.17402504864164456,random_forest,2,MOMENTUM
RSI_14,0.17338352088539688,random_forest,2,MOMENTUM
MOMENTUM_20,0.17333054236698295,random_forest,2,MOMENTUM
PRICE_CHANGE_PCT,0.15318168537153273,random_forest,2,MOMENTUM
DAILY_RETURN,0.15081527099293593,random_forest,2,MOMENTUM
MOMENTUM_10,0.17694267630577087,xgboost,2,MOMENTUM
ROC_12,0.17493011057376862,xgboost,2,MOMENTUM
RSI_14,0.16732044517993927,xgboost,2,MOMENTUM
PRICE_CHANGE_PCT,0.16678881645202637,xgboost,2,MOMENTUM
MOMENTUM_20,0.16410186886787415,xgboost,2,MOMENTUM
DAILY_RETURN,0.14991605281829834,xgboost,2,MOMENTUM
ROC_12,0.01139077830655492,logistic_regression,3,MOMENTUM
RSI_14,0.007370572147369542,logistic_regression,3,MOMENTUM
MOMENTUM_20,0.0036114692701194676,logistic_regression,3,MOMENTUM
PRICE_CHANGE_PCT,0.0018137973122153562,logistic_regression,3,MOMENTUM
MOMENTUM_10,0.0007632165945561673,logistic_regression,3,MOMENTUM
DAILY_RETURN,1.8137973122083117e-05,logistic_regression,3,MOMENTUM
MOMENTUM_10,0.1781327405189351,random_forest,3,MOMENTUM
MOMENTUM_20,0.1751583631678379,random_forest,3,MOMENTUM
RSI_14,0.17055476922517485,random_forest,3,MOMENTUM
ROC_12,0.1705067275414331,random_forest,3,MOMENTUM
DAILY_RETURN,0.15333013331597192,random_forest,3,MOMENTUM
PRICE_CHANGE_PCT,0.152317266230647,random_forest,3,MOMENTUM
ROC_12,0.17524974048137665,xgboost,3,MOMENTUM
MOMENTUM_10,0.17129698395729065,xgboost,3,MOMENTUM
MOMENTUM_20,0.1694008857011795,xgboost,3,MOMENTUM
RSI_14,0.16495637595653534,xgboost,3,MOMENTUM
DAILY_RETURN,0.1603219360113144,xgboost,3,MOMENTUM
PRICE_CHANGE_PCT,0.1587740033864975,xgboost,3,MOMENTUM
ATR_14,0.27874316863807824,logistic_regression,1,VOLATILITY
TRUE_RANGE,0.1967943410453414,logistic_regression,1,VOLATILITY
ROLLING_STD_20,0.1554545754033063,logistic_regression,1,VOLATILITY
HIST_VOL_20,0.07943350584914066,logistic_regression,1,VOLATILITY
DAILY_RANGE_PCT,0.06433582035700454,logistic_regression,1,VOLATILITY
ROLLING_STD_20,0.21714880304796727,random_forest,1,VOLATILITY
HIST_VOL_20,0.20495808314739053,random_forest,1,VOLATILITY
DAILY_RANGE_PCT,0.1983128416841801,random_forest,1,VOLATILITY
ATR_14,0.19793340169705137,random_forest,1,VOLATILITY
TRUE_RANGE,0.18164687042341077,random_forest,1,VOLATILITY
ROLLING_STD_20,0.21351295709609985,xgboost,1,VOLATILITY
DAILY_RANGE_PCT,0.20341546833515167,xgboost,1,VOLATILITY
TRUE_RANGE,0.20041950047016144,xgboost,1,VOLATILITY
HIST_VOL_20,0.19453060626983643,xgboost,1,VOLATILITY
ATR_14,0.18812143802642822,xgboost,1,VOLATILITY
HIST_VOL_20,0.09900266978309726,logistic_regression,2,VOLATILITY
ATR_14,0.019756580652717,logistic_regression,2,VOLATILITY
ROLLING_STD_20,0.01882840700831481,logistic_regression,2,VOLATILITY
DAILY_RANGE_PCT,0.00888874009873372,logistic_regression,2,VOLATILITY
TRUE_RANGE,0.0006809080955187727,logistic_regression,2,VOLATILITY
HIST_VOL_20,0.2080841010391267,random_forest,2,VOLATILITY
ROLLING_STD_20,0.20466888757403218,random_forest,2,VOLATILITY
ATR_14,0.19861699431097002,random_forest,2,VOLATILITY
DAILY_RANGE_PCT,0.1962315867479361,random_forest,2,VOLATILITY
TRUE_RANGE,0.19239843032793508,random_forest,2,VOLATILITY
HIST_VOL_20,0.21060232818126678,xgboost,2,VOLATILITY
ROLLING_STD_20,0.2057822346687317,xgboost,2,VOLATILITY
DAILY_RANGE_PCT,0.1968434453010559,xgboost,2,VOLATILITY
ATR_14,0.1951155811548233,xgboost,2,VOLATILITY
TRUE_RANGE,0.19165648519992828,xgboost,2,VOLATILITY
HIST_VOL_20,0.07705361145069346,logistic_regression,3,VOLATILITY
ATR_14,0.020194227255890967,logistic_regression,3,VOLATILITY
ROLLING_STD_20,0.016351122469102992,logistic_regression,3,VOLATILITY
TRUE_RANGE,0.0001954186313490207,logistic_regression,3,VOLATILITY
DAILY_RANGE_PCT,0.00011261808046809434,logistic_regression,3,VOLATILITY
ROLLING_STD_20,0.20630831249746706,random_forest,3,VOLATILITY
HIST_VOL_20,0.20446683571316282,random_forest,3,VOLATILITY
ATR_14,0.20098584687714863,random_forest,3,VOLATILITY
DAILY_RANGE_PCT,0.19479397100997992,random_forest,3,VOLATILITY
TRUE_RANGE,0.19344503390224158,random_forest,3,VOLATILITY
ROLLING_STD_20,0.20408132672309875,xgboost,3,VOLATILITY
HIST_VOL_20,0.20311740040779114,xgboost,3,VOLATILITY
ATR_14,0.20244155824184418,xgboost,3,VOLATILITY
DAILY_RANGE_PCT,0.19518665969371796,xgboost,3,VOLATILITY
TRUE_RANGE,0.19517309963703156,xgboost,3,VOLATILITY
VOLUME_EMA_20,2.186020474781614e-09,logistic_regression,1,VOLUME
VOLUME_SMA_20,8.512488087386143e-10,logistic_regression,1,VOLUME
OBV,1.5455188488790448e-11,logistic_regression,1,VOLUME
VOLUME_CHANGE_PCT,1.9695818395576254e-15,logistic_regression,1,VOLUME
VOLUME_RATIO,1.4518996522677166e-15,logistic_regression,1,VOLUME
VOLUME_SMA_20,0.2076449153728362,random_forest,1,VOLUME
VOLUME_EMA_20,0.20393838283586013,random_forest,1,VOLUME
OBV,0.20353900293867128,random_forest,1,VOLUME
VOLUME_RATIO,0.1934177804089529,random_forest,1,VOLUME
VOLUME_CHANGE_PCT,0.1914599184436795,random_forest,1,VOLUME
VOLUME_EMA_20,0.20522691309452057,xgboost,1,VOLUME
OBV,0.20378945767879486,xgboost,1,VOLUME
VOLUME_SMA_20,0.19983717799186707,xgboost,1,VOLUME
VOLUME_CHANGE_PCT,0.19659940898418427,xgboost,1,VOLUME
VOLUME_RATIO,0.1945471167564392,xgboost,1,VOLUME
VOLUME_SMA_20,9.012882219295219e-10,logistic_regression,2,VOLUME
VOLUME_EMA_20,3.6032758128063514e-10,logistic_regression,2,VOLUME
OBV,7.883051519701014e-12,logistic_regression,2,VOLUME
VOLUME_CHANGE_PCT,7.210306846274844e-15,logistic_regression,2,VOLUME
VOLUME_RATIO,1.756282768276223e-17,logistic_regression,2,VOLUME
OBV,0.20846609999844287,random_forest,2,VOLUME
VOLUME_SMA_20,0.19931183844965933,random_forest,2,VOLUME
VOLUME_CHANGE_PCT,0.19925487350378493,random_forest,2,VOLUME
VOLUME_RATIO,0.19875287548277168,random_forest,2,VOLUME
VOLUME_EMA_20,0.19421431256534116,random_forest,2,VOLUME
VOLUME_EMA_20,0.2079482525587082,xgboost,2,VOLUME
VOLUME_SMA_20,0.20165438950061798,xgboost,2,VOLUME
VOLUME_RATIO,0.20073311030864716,xgboost,2,VOLUME
OBV,0.19675137102603912,xgboost,2,VOLUME
VOLUME_CHANGE_PCT,0.19291283190250397,xgboost,2,VOLUME
VOLUME_EMA_20,3.437787998187921e-09,logistic_regression,3,VOLUME
VOLUME_SMA_20,3.417876639741608e-09,logistic_regression,3,VOLUME
OBV,2.6332375324117794e-12,logistic_regression,3,VOLUME
VOLUME_CHANGE_PCT,6.6792477135654086e-15,logistic_regression,3,VOLUME
VOLUME_RATIO,1.0846037357460743e-15,logistic_regression,3,VOLUME
OBV,0.20570494467014677,random_forest,3,VOLUME
VOLUME_CHANGE_PCT,0.20366971521469382,random_forest,3,VOLUME
VOLUME_RATIO,0.20054065285432665,random_forest,3,VOLUME
VOLUME_SMA_20,0.19641003292577694,random_forest,3,VOLUME
VOLUME_EMA_20,0.1936746543350559,random_forest,3,VOLUME
OBV,0.21291309595108032,xgboost,3,VOLUME
VOLUME_RATIO,0.20307065546512604,xgboost,3,VOLUME
VOLUME_SMA_20,0.19895757734775543,xgboost,3,VOLUME
VOLUME_CHANGE_PCT,0.19286859035491943,xgboost,3,VOLUME
VOLUME_EMA_20,0.19219006597995758,xgboost,3,VOLUME
LOWER_WICK,0.3637490470797906,logistic_regression,1,PRICE
BODY_SIZE,0.16279694858680457,logistic_regression,1,PRICE
HIGH_LOW_PCT,0.030990026487162255,logistic_regression,1,PRICE
GAP_PCT,0.019408369871631737,logistic_regression,1,PRICE
UPPER_WICK,0.018283209278998947,logistic_regression,1,PRICE
OPEN_CLOSE_PCT,0.00800605823491986,logistic_regression,1,PRICE
GAP_PCT,0.18475050022385608,random_forest,1,PRICE
HIGH_LOW_PCT,0.1712205357773368,random_forest,1,PRICE
OPEN_CLOSE_PCT,0.1679385665039378,random_forest,1,PRICE
BODY_SIZE,0.16310996973649675,random_forest,1,PRICE
LOWER_WICK,0.1578416095395296,random_forest,1,PRICE
UPPER_WICK,0.15513881821884312,random_forest,1,PRICE
GAP_PCT,0.18614575266838074,xgboost,1,PRICE
UPPER_WICK,0.16710808873176575,xgboost,1,PRICE
LOWER_WICK,0.1659090369939804,xgboost,1,PRICE
HIGH_LOW_PCT,0.1646541953086853,xgboost,1,PRICE
BODY_SIZE,0.16077321767807007,xgboost,1,PRICE
OPEN_CLOSE_PCT,0.15540969371795654,xgboost,1,PRICE
LOWER_WICK,0.007726779325844747,logistic_regression,2,PRICE
GAP_PCT,0.0068538967807410265,logistic_regression,2,PRICE
BODY_SIZE,0.004611423669298112,logistic_regression,2,PRICE
HIGH_LOW_PCT,0.00406022499541288,logistic_regression,2,PRICE
OPEN_CLOSE_PCT,0.002900649418760907,logistic_regression,2,PRICE
UPPER_WICK,0.0007103760960965076,logistic_regression,2,PRICE
GAP_PCT,0.18022008883871674,random_forest,2,PRICE
HIGH_LOW_PCT,0.17618269723211785,random_forest,2,PRICE
BODY_SIZE,0.16730230041383448,random_forest,2,PRICE
OPEN_CLOSE_PCT,0.16233813843556727,random_forest,2,PRICE
UPPER_WICK,0.15819298581013663,random_forest,2,PRICE
LOWER_WICK,0.15576378926962692,random_forest,2,PRICE
GAP_PCT,0.17673783004283905,xgboost,2,PRICE
UPPER_WICK,0.17401179671287537,xgboost,2,PRICE
HIGH_LOW_PCT,0.17077656090259552,xgboost,2,PRICE
OPEN_CLOSE_PCT,0.16217757761478424,xgboost,2,PRICE
LOWER_WICK,0.1584724634885788,xgboost,2,PRICE
BODY_SIZE,0.15782377123832703,xgboost,2,PRICE
LOWER_WICK,0.031181062215618487,logistic_regression,3,PRICE
UPPER_WICK,0.013122766624708997,logistic_regression,3,PRICE
OPEN_CLOSE_PCT,0.006356914297882262,logistic_regression,3,PRICE
HIGH_LOW_PCT,0.006043492358150474,logistic_regression,3,PRICE
GAP_PCT,0.005569643459493163,logistic_regression,3,PRICE
BODY_SIZE,0.0030564621378592776,logistic_regression,3,PRICE
GAP_PCT,0.18314083224214076,random_forest,3,PRICE
HIGH_LOW_PCT,0.1721615154814404,random_forest,3,PRICE
BODY_SIZE,0.16434320505363093,random_forest,3,PRICE
OPEN_CLOSE_PCT,0.164314665887886,random_forest,3,PRICE
UPPER_WICK,0.15966564156049834,random_forest,3,PRICE
LOWER_WICK,0.15637413977440362,random_forest,3,PRICE
GAP_PCT,0.1768353134393692,xgboost,3,PRICE
UPPER_WICK,0.17444823682308197,xgboost,3,PRICE
HIGH_LOW_PCT,0.16931751370429993,xgboost,3,PRICE
LOWER_WICK,0.16454575955867767,xgboost,3,PRICE
BODY_SIZE,0.158880814909935,xgboost,3,PRICE
OPEN_CLOSE_PCT,0.1559724062681198,xgboost,3,PRICE
EMA_20,0.06852190228899276,logistic_regression,1,TREND_MOMENTUM
EMA_50,0.06372224349798673,logistic_regression,1,TREND_MOMENTUM
MOMENTUM_10,0.04542960474713394,logistic_regression,1,TREND_MOMENTUM
ROC_12,0.023512154423868066,logistic_regression,1,TREND_MOMENTUM
SMA_20,0.010092137680456147,logistic_regression,1,TREND_MOMENTUM
MOMENTUM_20,0.008248525954461147,logistic_regression,1,TREND_MOMENTUM
PRICE_CHANGE_PCT,0.007197667937160755,logistic_regression,1,TREND_MOMENTUM
RSI_14,0.0037516624677870866,logistic_regression,1,TREND_MOMENTUM
SMA_50,0.002036345762148845,logistic_regression,1,TREND_MOMENTUM
DAILY_RETURN,7.197667937222096e-05,logistic_regression,1,TREND_MOMENTUM
ROC_12,0.11247224680480492,random_forest,1,TREND_MOMENTUM
MOMENTUM_20,0.11105693241903722,random_forest,1,TREND_MOMENTUM
MOMENTUM_10,0.10920534352758293,random_forest,1,TREND_MOMENTUM
RSI_14,0.10815561016853302,random_forest,1,TREND_MOMENTUM
PRICE_CHANGE_PCT,0.1027612741144995,random_forest,1,TREND_MOMENTUM
DAILY_RETURN,0.10050344624364452,random_forest,1,TREND_MOMENTUM
EMA_50,0.09122597988967406,random_forest,1,TREND_MOMENTUM
EMA_20,0.0886897049324411,random_forest,1,TREND_MOMENTUM
SMA_20,0.08840498028719035,random_forest,1,TREND_MOMENTUM
SMA_50,0.0875244816125923,random_forest,1,TREND_MOMENTUM
PRICE_CHANGE_PCT,0.11114944517612457,xgboost,1,TREND_MOMENTUM
EMA_20,0.10471665859222412,xgboost,1,TREND_MOMENTUM
EMA_50,0.10415541380643845,xgboost,1,TREND_MOMENTUM
ROC_12,0.10102704912424088,xgboost,1,TREND_MOMENTUM
MOMENTUM_10,0.10006649047136307,xgboost,1,TREND_MOMENTUM
MOMENTUM_20,0.09912486374378204,xgboost,1,TREND_MOMENTUM
DAILY_RETURN,0.09609506279230118,xgboost,1,TREND_MOMENTUM
SMA_20,0.09609250724315643,xgboost,1,TREND_MOMENTUM
RSI_14,0.09545411169528961,xgboost,1,TREND_MOMENTUM
SMA_50,0.09211836755275726,xgboost,1,TREND_MOMENTUM
EMA_20,0.11692570012604439,logistic_regression,2,TREND_MOMENTUM
SMA_20,0.09623516062599578,logistic_regression,2,TREND_MOMENTUM
EMA_50,0.02395042450792312,logistic_regression,2,TREND_MOMENTUM
ROC_12,0.02079450582169855,logistic_regression,2,TREND_MOMENTUM
PRICE_CHANGE_PCT,0.01074127079506008,logistic_regression,2,TREND_MOMENTUM
MOMENTUM_20,0.008230539501368143,logistic_regression,2,TREND_MOMENTUM
RSI_14,0.007031106666040322,logistic_regression,2,TREND_MOMENTUM
MOMENTUM_10,0.004499223866793688,logistic_regression,2,TREND_MOMENTUM
SMA_50,0.0028965616860478762,logistic_regression,2,TREND_MOMENTUM
DAILY_RETURN,0.00010741270795061173,logistic_regression,2,TREND_MOMENTUM
MOMENTUM_10,0.11198791709190953,random_forest,2,TREND_MOMENTUM
MOMENTUM_20,0.11097968639530377,random_forest,2,TREND_MOMENTUM
RSI_14,0.10973707610323494,random_forest,2,TREND_MOMENTUM
ROC_12,0.10962591940473322,random_forest,2,TREND_MOMENTUM
DAILY_RETURN,0.09840358628115024,random_forest,2,TREND_MOMENTUM
PRICE_CHANGE_PCT,0.0974296317343421,random_forest,2,TREND_MOMENTUM
SMA_50,0.09207049700259297,random_forest,2,TREND_MOMENTUM
EMA_20,0.09093278467048425,random_forest,2,TREND_MOMENTUM
SMA_20,0.08981769481231902,random_forest,2,TREND_MOMENTUM
EMA_50,0.08901520650392994,random_forest,2,TREND_MOMENTUM
SMA_20,0.10750100016593933,xgboost,2,TREND_MOMENTUM
EMA_20,0.10406681150197983,xgboost,2,TREND_MOMENTUM
EMA_50,0.10367367416620255,xgboost,2,TREND_MOMENTUM
RSI_14,0.10071513801813126,xgboost,2,TREND_MOMENTUM
MOMENTUM_20,0.09984218329191208,xgboost,2,TREND_MOMENTUM
ROC_12,0.0988265797495842,xgboost,2,TREND_MOMENTUM
SMA_50,0.09880030900239944,xgboost,2,TREND_MOMENTUM
PRICE_CHANGE_PCT,0.09732620418071747,xgboost,2,TREND_MOMENTUM
MOMENTUM_10,0.09688988327980042,xgboost,2,TREND_MOMENTUM
DAILY_RETURN,0.09235814213752747,xgboost,2,TREND_MOMENTUM
EMA_20,0.11950534840547991,logistic_regression,3,TREND_MOMENTUM
SMA_20,0.10002974371842081,logistic_regression,3,TREND_MOMENTUM
EMA_50,0.028871193069732435,logistic_regression,3,TREND_MOMENTUM
ROC_12,0.018273959686062602,logistic_regression,3,TREND_MOMENTUM
PRICE_CHANGE_PCT,0.013381140719707564,logistic_regression,3,TREND_MOMENTUM
SMA_50,0.008911129960673975,logistic_regression,3,TREND_MOMENTUM
MOMENTUM_10,0.007531768097452114,logistic_regression,3,TREND_MOMENTUM
MOMENTUM_20,0.0072268385002921065,logistic_regression,3,TREND_MOMENTUM
RSI_14,0.005226655205369052,logistic_regression,3,TREND_MOMENTUM
DAILY_RETURN,0.0001338114071971705,logistic_regression,3,TREND_MOMENTUM
MOMENTUM_10,0.11520499493763389,random_forest,3,TREND_MOMENTUM
MOMENTUM_20,0.11227728506037453,random_forest,3,TREND_MOMENTUM
ROC_12,0.1105327572273427,random_forest,3,TREND_MOMENTUM
RSI_14,0.10895451257847293,random_forest,3,TREND_MOMENTUM
PRICE_CHANGE_PCT,0.09844663353622633,random_forest,3,TREND_MOMENTUM
DAILY_RETURN,0.09746459180272272,random_forest,3,TREND_MOMENTUM
SMA_20,0.09067579629430728,random_forest,3,TREND_MOMENTUM
SMA_50,0.08959647460835354,random_forest,3,TREND_MOMENTUM
EMA_50,0.0888426529256256,random_forest,3,TREND_MOMENTUM
EMA_20,0.08800430102894059,random_forest,3,TREND_MOMENTUM
MOMENTUM_10,0.1057448610663414,xgboost,3,TREND_MOMENTUM
SMA_20,0.10552392899990082,xgboost,3,TREND_MOMENTUM
EMA_50,0.10402945429086685,xgboost,3,TREND_MOMENTUM
EMA_20,0.10090197622776031,xgboost,3,TREND_MOMENTUM
MOMENTUM_20,0.10051028430461884,xgboost,3,TREND_MOMENTUM
ROC_12,0.09884064644575119,xgboost,3,TREND_MOMENTUM
PRICE_CHANGE_PCT,0.0974215492606163,xgboost,3,TREND_MOMENTUM
RSI_14,0.09585694968700409,xgboost,3,TREND_MOMENTUM
SMA_50,0.09561815112829208,xgboost,3,TREND_MOMENTUM
DAILY_RETURN,0.09555219858884811,xgboost,3,TREND_MOMENTUM
VOLUME_EMA_20,2.1860198186979332e-09,logistic_regression,1,PRICE_VOLUME
VOLUME_SMA_20,8.51248189599761e-10,logistic_regression,1,PRICE_VOLUME
OBV,1.5455187482312085e-11,logistic_regression,1,PRICE_VOLUME
HIGH_LOW_PCT,4.0035089841732e-15,logistic_regression,1,PRICE_VOLUME
OPEN_CLOSE_PCT,3.553129657354018e-15,logistic_regression,1,PRICE_VOLUME
GAP_PCT,2.7344599679865425e-15,logistic_regression,1,PRICE_VOLUME
VOLUME_CHANGE_PCT,1.969578532483409e-15,logistic_regression,1,PRICE_VOLUME
VOLUME_RATIO,1.4518973628181112e-15,logistic_regression,1,PRICE_VOLUME
LOWER_WICK,1.0096581230295545e-15,logistic_regression,1,PRICE_VOLUME
BODY_SIZE,4.814272739460625e-16,logistic_regression,1,PRICE_VOLUME
UPPER_WICK,4.15074189011554e-16,logistic_regression,1,PRICE_VOLUME
OBV,0.10180088134106313,random_forest,1,PRICE_VOLUME
VOLUME_EMA_20,0.10020434420387847,random_forest,1,PRICE_VOLUME
VOLUME_SMA_20,0.09702436416529114,random_forest,1,PRICE_VOLUME
GAP_PCT,0.09672870912117386,random_forest,1,PRICE_VOLUME
VOLUME_RATIO,0.09600869673186216,random_forest,1,PRICE_VOLUME
LOWER_WICK,0.08951671136624163,random_forest,1,PRICE_VOLUME
VOLUME_CHANGE_PCT,0.08839005835719899,random_forest,1,PRICE_VOLUME
HIGH_LOW_PCT,0.08819073909093542,random_forest,1,PRICE_VOLUME
OPEN_CLOSE_PCT,0.08424444731515472,random_forest,1,PRICE_VOLUME
BODY_SIZE,0.0796462918118892,random_forest,1,PRICE_VOLUME
UPPER_WICK,0.07824475649531136,random_forest,1,PRICE_VOLUME
GAP_PCT,0.09810987114906311,xgboost,1,PRICE_VOLUME
VOLUME_RATIO,0.09594829380512238,xgboost,1,PRICE_VOLUME
LOWER_WICK,0.09519925713539124,xgboost,1,PRICE_VOLUME
VOLUME_EMA_20,0.09498478472232819,xgboost,1,PRICE_VOLUME
VOLUME_SMA_20,0.09019402414560318,xgboost,1,PRICE_VOLUME
UPPER_WICK,0.08925800025463104,xgboost,1,PRICE_VOLUME
BODY_SIZE,0.08898229897022247,xgboost,1,PRICE_VOLUME
VOLUME_CHANGE_PCT,0.08885974436998367,xgboost,1,PRICE_VOLUME
HIGH_LOW_PCT,0.08779463917016983,xgboost,1,PRICE_VOLUME
OBV,0.08664118498563766,xgboost,1,PRICE_VOLUME
OPEN_CLOSE_PCT,0.08402791619300842,xgboost,1,PRICE_VOLUME
VOLUME_SMA_20,9.012882220694024e-10,logistic_regression,2,PRICE_VOLUME
VOLUME_EMA_20,3.603275814220634e-10,logistic_regression,2,PRICE_VOLUME
OBV,7.883051519698891e-12,logistic_regression,2,PRICE_VOLUME
GAP_PCT,8.58715818834501e-15,logistic_regression,2,PRICE_VOLUME
BODY_SIZE,7.978687703415185e-15,logistic_regression,2,PRICE_VOLUME
VOLUME_CHANGE_PCT,7.210306847966553e-15,logistic_regression,2,PRICE_VOLUME
HIGH_LOW_PCT,4.144617652045327e-15,logistic_regression,2,PRICE_VOLUME
LOWER_WICK,3.824504264312956e-15,logistic_regression,2,PRICE_VOLUME
UPPER_WICK,2.5905366234841717e-15,logistic_regression,2,PRICE_VOLUME
OPEN_CLOSE_PCT,7.199408539076831e-16,logistic_regression,2,PRICE_VOLUME
VOLUME_RATIO,1.7562827686508783e-17,logistic_regression,2,PRICE_VOLUME
OBV,0.09894791917059807,random_forest,2,PRICE_VOLUME
VOLUME_RATIO,0.0965739671380166,random_forest,2,PRICE_VOLUME
GAP_PCT,0.0965583920570078,random_forest,2,PRICE_VOLUME
VOLUME_CHANGE_PCT,0.09386982612209296,random_forest,2,PRICE_VOLUME
VOLUME_EMA_20,0.09318892355912142,random_forest,2,PRICE_VOLUME
HIGH_LOW_PCT,0.0917691165821446,random_forest,2,PRICE_VOLUME
VOLUME_SMA_20,0.09001096279290566,random_forest,2,PRICE_VOLUME
BODY_SIZE,0.08642725770204898,random_forest,2,PRICE_VOLUME
OPEN_CLOSE_PCT,0.08594469383872787,random_forest,2,PRICE_VOLUME
UPPER_WICK,0.08465517214545121,random_forest,2,PRICE_VOLUME
LOWER_WICK,0.08205376889188487,random_forest,2,PRICE_VOLUME
HIGH_LOW_PCT,0.09675116837024689,xgboost,2,PRICE_VOLUME
OBV,0.09505264461040497,xgboost,2,PRICE_VOLUME
GAP_PCT,0.0925849974155426,xgboost,2,PRICE_VOLUME
OPEN_CLOSE_PCT,0.09169619530439377,xgboost,2,PRICE_VOLUME
VOLUME_RATIO,0.09153307974338531,xgboost,2,PRICE_VOLUME
LOWER_WICK,0.0915326252579689,xgboost,2,PRICE_VOLUME
VOLUME_EMA_20,0.09085963666439056,xgboost,2,PRICE_VOLUME
UPPER_WICK,0.08869771659374237,xgboost,2,PRICE_VOLUME
VOLUME_CHANGE_PCT,0.08827102184295654,xgboost,2,PRICE_VOLUME
VOLUME_SMA_20,0.08693527430295944,xgboost,2,PRICE_VOLUME
BODY_SIZE,0.08608561754226685,xgboost,2,PRICE_VOLUME
VOLUME_EMA_20,3.437787995541523e-09,logistic_regression,3,PRICE_VOLUME
VOLUME_SMA_20,3.4178766449912414e-09,logistic_regression,3,PRICE_VOLUME
OBV,2.6332375466774728e-12,logistic_regression,3,PRICE_VOLUME
GAP_PCT,6.693866430963909e-15,logistic_regression,3,PRICE_VOLUME
VOLUME_CHANGE_PCT,6.679248371845762e-15,logistic_regression,3,PRICE_VOLUME
LOWER_WICK,5.712933472602886e-15,logistic_regression,3,PRICE_VOLUME
BODY_SIZE,4.024453580877664e-15,logistic_regression,3,PRICE_VOLUME
HIGH_LOW_PCT,2.2766234960053354e-15,logistic_regression,3,PRICE_VOLUME
OPEN_CLOSE_PCT,2.0549958987125565e-15,logistic_regression,3,PRICE_VOLUME
VOLUME_RATIO,1.0846038128225964e-15,logistic_regression,3,PRICE_VOLUME
UPPER_WICK,5.210930191176261e-17,logistic_regression,3,PRICE_VOLUME
GAP_PCT,0.1002839807513838,random_forest,3,PRICE_VOLUME
VOLUME_RATIO,0.09776712249769966,random_forest,3,PRICE_VOLUME
OBV,0.09731395931351115,random_forest,3,PRICE_VOLUME
VOLUME_CHANGE_PCT,0.09187931762616902,random_forest,3,PRICE_VOLUME
HIGH_LOW_PCT,0.08934580737616263,random_forest,3,PRICE_VOLUME
VOLUME_EMA_20,0.08903524022501703,random_forest,3,PRICE_VOLUME
VOLUME_SMA_20,0.08899174590493139,random_forest,3,PRICE_VOLUME
BODY_SIZE,0.08848755827521662,random_forest,3,PRICE_VOLUME
UPPER_WICK,0.08689708122538896,random_forest,3,PRICE_VOLUME
OPEN_CLOSE_PCT,0.0858363501514157,random_forest,3,PRICE_VOLUME
LOWER_WICK,0.08416183665310413,random_forest,3,PRICE_VOLUME
UPPER_WICK,0.09435680508613586,xgboost,3,PRICE_VOLUME
LOWER_WICK,0.09417799115180969,xgboost,3,PRICE_VOLUME
HIGH_LOW_PCT,0.09224171191453934,xgboost,3,PRICE_VOLUME
OBV,0.09206053614616394,xgboost,3,PRICE_VOLUME
VOLUME_RATIO,0.09190104156732559,xgboost,3,PRICE_VOLUME
GAP_PCT,0.09189344197511673,xgboost,3,PRICE_VOLUME
VOLUME_EMA_20,0.0914958268404007,xgboost,3,PRICE_VOLUME
VOLUME_CHANGE_PCT,0.08983562886714935,xgboost,3,PRICE_VOLUME
OPEN_CLOSE_PCT,0.08910688757896423,xgboost,3,PRICE_VOLUME
BODY_SIZE,0.08722008764743805,xgboost,3,PRICE_VOLUME
VOLUME_SMA_20,0.08571002632379532,xgboost,3,PRICE_VOLUME
VOLUME_EMA_20,3.162624967309892e-09,logistic_regression,1,ALL_EXCEPT_TREND
VOLUME_SMA_20,1.7840604142083354e-09,logistic_regression,1,ALL_EXCEPT_TREND
Volume,1.4604711290464803e-10,logistic_regression,1,ALL_EXCEPT_TREND
OBV,1.4550449199399691e-11,logistic_regression,1,ALL_EXCEPT_TREND
RSI_14,8.196211071891731e-14,logistic_regression,1,ALL_EXCEPT_TREND
Close,3.3009144138242994e-14,logistic_regression,1,ALL_EXCEPT_TREND
High,3.237191390057506e-14,logistic_regression,1,ALL_EXCEPT_TREND
Open,3.127254503886492e-14,logistic_regression,1,ALL_EXCEPT_TREND
Low,3.114042535724559e-14,logistic_regression,1,ALL_EXCEPT_TREND
ROC_12,2.320865438369346e-14,logistic_regression,1,ALL_EXCEPT_TREND
Adj Close,2.2902837271403855e-14,logistic_regression,1,ALL_EXCEPT_TREND
MOMENTUM_20,5.644233402900898e-15,logistic_regression,1,ALL_EXCEPT_TREND
HIGH_LOW_PCT,5.252306740192543e-15,logistic_regression,1,ALL_EXCEPT_TREND
DAILY_RANGE_PCT,5.252306740192543e-15,logistic_regression,1,ALL_EXCEPT_TREND
OPEN_CLOSE_PCT,4.500274102606088e-15,logistic_regression,1,ALL_EXCEPT_TREND
GAP_PCT,3.5430707574066782e-15,logistic_regression,1,ALL_EXCEPT_TREND
MOMENTUM_10,2.925382315055151e-15,logistic_regression,1,ALL_EXCEPT_TREND
VOLUME_CHANGE_PCT,2.513535912009489e-15,logistic_regression,1,ALL_EXCEPT_TREND
VOLUME_RATIO,1.8412505807877663e-15,logistic_regression,1,ALL_EXCEPT_TREND
ATR_14,1.5302833783031952e-15,logistic_regression,1,ALL_EXCEPT_TREND
TRUE_RANGE,1.3782200027217545e-15,logistic_regression,1,ALL_EXCEPT_TREND
LOWER_WICK,1.3039358647477408e-15,logistic_regression,1,ALL_EXCEPT_TREND
ROLLING_STD_20,1.2304562004991158e-15,logistic_regression,1,ALL_EXCEPT_TREND
PRICE_CHANGE_PCT,1.0839009154555916e-15,logistic_regression,1,ALL_EXCEPT_TREND
BODY_SIZE,6.070332668795842e-16,logistic_regression,1,ALL_EXCEPT_TREND
UPPER_WICK,5.345859454614244e-16,logistic_regression,1,ALL_EXCEPT_TREND
HIST_VOL_20,4.2469714596014164e-16,logistic_regression,1,ALL_EXCEPT_TREND
DAILY_RETURN,1.0839009154555994e-17,logistic_regression,1,ALL_EXCEPT_TREND
GAP_PCT,0.04241520640791873,random_forest,1,ALL_EXCEPT_TREND
VOLUME_RATIO,0.04197474017698804,random_forest,1,ALL_EXCEPT_TREND
ROC_12,0.04166435936590587,random_forest,1,ALL_EXCEPT_TREND
ROLLING_STD_20,0.041279727751515824,random_forest,1,ALL_EXCEPT_TREND
HIST_VOL_20,0.04113340177180377,random_forest,1,ALL_EXCEPT_TREND
OBV,0.0403875041604398,random_forest,1,ALL_EXCEPT_TREND
MOMENTUM_20,0.040318530259227596,random_forest,1,ALL_EXCEPT_TREND
LOWER_WICK,0.039769140756842555,random_forest,1,ALL_EXCEPT_TREND
VOLUME_SMA_20,0.03919801971469692,random_forest,1,ALL_EXCEPT_TREND
ATR_14,0.03883653166229173,random_forest,1,ALL_EXCEPT_TREND
VOLUME_EMA_20,0.038339439806068895,random_forest,1,ALL_EXCEPT_TREND
VOLUME_CHANGE_PCT,0.03776068521105344,random_forest,1,ALL_EXCEPT_TREND
MOMENTUM_10,0.03617307159393093,random_forest,1,ALL_EXCEPT_TREND
RSI_14,0.03608905348152119,random_forest,1,ALL_EXCEPT_TREND
Volume,0.03562749340504206,random_forest,1,ALL_EXCEPT_TREND
DAILY_RETURN,0.034312373913903196,random_forest,1,ALL_EXCEPT_TREND
UPPER_WICK,0.03338541412002697,random_forest,1,ALL_EXCEPT_TREND
HIGH_LOW_PCT,0.033100545983130995,random_forest,1,ALL_EXCEPT_TREND
OPEN_CLOSE_PCT,0.03294409774009846,random_forest,1,ALL_EXCEPT_TREND
TRUE_RANGE,0.03249828893255678,random_forest,1,ALL_EXCEPT_TREND
BODY_SIZE,0.03216929835320193,random_forest,1,ALL_EXCEPT_TREND
PRICE_CHANGE_PCT,0.031837973213622514,random_forest,1,ALL_EXCEPT_TREND
High,0.03108382575891243,random_forest,1,ALL_EXCEPT_TREND
Open,0.03070047847633381,random_forest,1,ALL_EXCEPT_TREND
DAILY_RANGE_PCT,0.030012749738736206,random_forest,1,ALL_EXCEPT_TREND
Adj Close,0.029787552576162335,random_forest,1,ALL_EXCEPT_TREND
Low,0.029689708673230914,random_forest,1,ALL_EXCEPT_TREND
Close,0.02751078699483618,random_forest,1,ALL_EXCEPT_TREND
Open,0.0417775921523571,xgboost,1,ALL_EXCEPT_TREND
Volume,0.04153746739029884,xgboost,1,ALL_EXCEPT_TREND
VOLUME_EMA_20,0.039896316826343536,xgboost,1,ALL_EXCEPT_TREND
ROLLING_STD_20,0.03890750929713249,xgboost,1,ALL_EXCEPT_TREND
LOWER_WICK,0.03833850845694542,xgboost,1,ALL_EXCEPT_TREND
PRICE_CHANGE_PCT,0.038004059344530106,xgboost,1,ALL_EXCEPT_TREND
MOMENTUM_10,0.03737412020564079,xgboost,1,ALL_EXCEPT_TREND
ROC_12,0.037206199020147324,xgboost,1,ALL_EXCEPT_TREND
GAP_PCT,0.037114161998033524,xgboost,1,ALL_EXCEPT_TREND
HIGH_LOW_PCT,0.03694719448685646,xgboost,1,ALL_EXCEPT_TREND
TRUE_RANGE,0.03692655637860298,xgboost,1,ALL_EXCEPT_TREND
Adj Close,0.03612866625189781,xgboost,1,ALL_EXCEPT_TREND
OBV,0.036088768392801285,xgboost,1,ALL_EXCEPT_TREND
VOLUME_RATIO,0.035280875861644745,xgboost,1,ALL_EXCEPT_TREND
VOLUME_CHANGE_PCT,0.035167574882507324,xgboost,1,ALL_EXCEPT_TREND
DAILY_RANGE_PCT,0.0348055437207222,xgboost,1,ALL_EXCEPT_TREND
Close,0.0347185842692852,xgboost,1,ALL_EXCEPT_TREND
UPPER_WICK,0.03444121405482292,xgboost,1,ALL_EXCEPT_TREND
HIST_VOL_20,0.03434227779507637,xgboost,1,ALL_EXCEPT_TREND
MOMENTUM_20,0.0342981331050396,xgboost,1,ALL_EXCEPT_TREND
High,0.03391753137111664,xgboost,1,ALL_EXCEPT_TREND
OPEN_CLOSE_PCT,0.03384201601147652,xgboost,1,ALL_EXCEPT_TREND
Low,0.03372601047158241,xgboost,1,ALL_EXCEPT_TREND
VOLUME_SMA_20,0.03232356160879135,xgboost,1,ALL_EXCEPT_TREND
DAILY_RETURN,0.0321204774081707,xgboost,1,ALL_EXCEPT_TREND
ATR_14,0.03189100697636604,xgboost,1,ALL_EXCEPT_TREND
BODY_SIZE,0.031657565385103226,xgboost,1,ALL_EXCEPT_TREND
RSI_14,0.031220540404319763,xgboost,1,ALL_EXCEPT_TREND
VOLUME_EMA_20,4.377961185357093e-09,logistic_regression,2,ALL_EXCEPT_TREND
VOLUME_SMA_20,2.3958324655759486e-09,logistic_regression,2,ALL_EXCEPT_TREND
Volume,1.483141252828684e-09,logistic_regression,2,ALL_EXCEPT_TREND
OBV,7.792719843125822e-12,logistic_regression,2,ALL_EXCEPT_TREND
High,4.634103437646123e-13,logistic_regression,2,ALL_EXCEPT_TREND
Open,4.558679372435862e-13,logistic_regression,2,ALL_EXCEPT_TREND
Close,4.5234238990995046e-13,logistic_regression,2,ALL_EXCEPT_TREND
Low,4.4312754179082746e-13,logistic_regression,2,ALL_EXCEPT_TREND
Adj Close,4.013988737592291e-13,logistic_regression,2,ALL_EXCEPT_TREND
MOMENTUM_20,3.7749679548808296e-14,logistic_regression,2,ALL_EXCEPT_TREND
ROC_12,2.8832969565607896e-14,logistic_regression,2,ALL_EXCEPT_TREND
TRUE_RANGE,2.781798671473898e-14,logistic_regression,2,ALL_EXCEPT_TREND
MOMENTUM_10,2.0216755595892718e-14,logistic_regression,2,ALL_EXCEPT_TREND
ATR_14,1.9302891375860746e-14,logistic_regression,2,ALL_EXCEPT_TREND
ROLLING_STD_20,1.8769731584474794e-14,logistic_regression,2,ALL_EXCEPT_TREND
PRICE_CHANGE_PCT,1.2247386446903936e-14,logistic_regression,2,ALL_EXCEPT_TREND
BODY_SIZE,1.1386987154759669e-14,logistic_regression,2,ALL_EXCEPT_TREND
GAP_PCT,1.0756198947026459e-14,logistic_regression,2,ALL_EXCEPT_TREND
VOLUME_CHANGE_PCT,1.0695664867472325e-14,logistic_regression,2,ALL_EXCEPT_TREND
HIGH_LOW_PCT,7.890502476401238e-15,logistic_regression,2,ALL_EXCEPT_TREND
DAILY_RANGE_PCT,7.890502476401238e-15,logistic_regression,2,ALL_EXCEPT_TREND
LOWER_WICK,5.284128208920601e-15,logistic_regression,2,ALL_EXCEPT_TREND
UPPER_WICK,3.611686610195934e-15,logistic_regression,2,ALL_EXCEPT_TREND
RSI_14,2.4104785590495854e-15,logistic_regression,2,ALL_EXCEPT_TREND
HIST_VOL_20,2.1484067958751015e-15,logistic_regression,2,ALL_EXCEPT_TREND
OPEN_CLOSE_PCT,1.5549837985386632e-15,logistic_regression,2,ALL_EXCEPT_TREND
VOLUME_RATIO,1.2024288083843895e-15,logistic_regression,2,ALL_EXCEPT_TREND
DAILY_RETURN,1.224738644689702e-16,logistic_regression,2,ALL_EXCEPT_TREND
GAP_PCT,0.04297651190731227,random_forest,2,ALL_EXCEPT_TREND
VOLUME_CHANGE_PCT,0.041907244574145026,random_forest,2,ALL_EXCEPT_TREND
ROC_12,0.041188631505297384,random_forest,2,ALL_EXCEPT_TREND
HIST_VOL_20,0.04086327192433798,random_forest,2,ALL_EXCEPT_TREND
VOLUME_RATIO,0.040485081924594185,random_forest,2,ALL_EXCEPT_TREND
RSI_14,0.040262448613972816,random_forest,2,ALL_EXCEPT_TREND
MOMENTUM_20,0.039701844806083894,random_forest,2,ALL_EXCEPT_TREND
ROLLING_STD_20,0.03830260019540609,random_forest,2,ALL_EXCEPT_TREND
VOLUME_SMA_20,0.03745618847807386,random_forest,2,ALL_EXCEPT_TREND
VOLUME_EMA_20,0.03736170756652649,random_forest,2,ALL_EXCEPT_TREND
MOMENTUM_10,0.03708961729157119,random_forest,2,ALL_EXCEPT_TREND
BODY_SIZE,0.03662662941396216,random_forest,2,ALL_EXCEPT_TREND
LOWER_WICK,0.03646472223249887,random_forest,2,ALL_EXCEPT_TREND
Volume,0.036136207141134316,random_forest,2,ALL_EXCEPT_TREND
OBV,0.03582573828530491,random_forest,2,ALL_EXCEPT_TREND
UPPER_WICK,0.035475351925306486,random_forest,2,ALL_EXCEPT_TREND
ATR_14,0.035079197342201864,random_forest,2,ALL_EXCEPT_TREND
OPEN_CLOSE_PCT,0.0348266412865657,random_forest,2,ALL_EXCEPT_TREND
HIGH_LOW_PCT,0.03434933113144784,random_forest,2,ALL_EXCEPT_TREND
DAILY_RETURN,0.03410574765366392,random_forest,2,ALL_EXCEPT_TREND
DAILY_RANGE_PCT,0.03402787387246453,random_forest,2,ALL_EXCEPT_TREND
PRICE_CHANGE_PCT,0.03401539112577345,random_forest,2,ALL_EXCEPT_TREND
TRUE_RANGE,0.03252773002810827,random_forest,2,ALL_EXCEPT_TREND
Low,0.029255989989779307,random_forest,2,ALL_EXCEPT_TREND
High,0.029173106996000783,random_forest,2,ALL_EXCEPT_TREND
Adj Close,0.028512413237409214,random_forest,2,ALL_EXCEPT_TREND
Close,0.028045078659371905,random_forest,2,ALL_EXCEPT_TREND
Open,0.02795770089168514,random_forest,2,ALL_EXCEPT_TREND
High,0.040890756994485855,xgboost,2,ALL_EXCEPT_TREND
ROC_12,0.03981839492917061,xgboost,2,ALL_EXCEPT_TREND
Open,0.038790203630924225,xgboost,2,ALL_EXCEPT_TREND
DAILY_RANGE_PCT,0.03770271688699722,xgboost,2,ALL_EXCEPT_TREND
LOWER_WICK,0.03735411539673805,xgboost,2,ALL_EXCEPT_TREND
Close,0.03714347630739212,xgboost,2,ALL_EXCEPT_TREND
TRUE_RANGE,0.036977969110012054,xgboost,2,ALL_EXCEPT_TREND
VOLUME_EMA_20,0.03693724796175957,xgboost,2,ALL_EXCEPT_TREND
GAP_PCT,0.03625044971704483,xgboost,2,ALL_EXCEPT_TREND
BODY_SIZE,0.03611881658434868,xgboost,2,ALL_EXCEPT_TREND
VOLUME_CHANGE_PCT,0.035850170999765396,xgboost,2,ALL_EXCEPT_TREND
Volume,0.03584671765565872,xgboost,2,ALL_EXCEPT_TREND
ROLLING_STD_20,0.035769324749708176,xgboost,2,ALL_EXCEPT_TREND
Low,0.03568769246339798,xgboost,2,ALL_EXCEPT_TREND
VOLUME_SMA_20,0.035655707120895386,xgboost,2,ALL_EXCEPT_TREND
ATR_14,0.03540373221039772,xgboost,2,ALL_EXCEPT_TREND
HIGH_LOW_PCT,0.03532153740525246,xgboost,2,ALL_EXCEPT_TREND
Adj Close,0.035256464034318924,xgboost,2,ALL_EXCEPT_TREND
HIST_VOL_20,0.034929580986499786,xgboost,2,ALL_EXCEPT_TREND
UPPER_WICK,0.03440254181623459,xgboost,2,ALL_EXCEPT_TREND
PRICE_CHANGE_PCT,0.03407440334558487,xgboost,2,ALL_EXCEPT_TREND
OBV,0.03396279737353325,xgboost,2,ALL_EXCEPT_TREND
RSI_14,0.03386218845844269,xgboost,2,ALL_EXCEPT_TREND
VOLUME_RATIO,0.033391229808330536,xgboost,2,ALL_EXCEPT_TREND
MOMENTUM_20,0.03328971192240715,xgboost,2,ALL_EXCEPT_TREND
OPEN_CLOSE_PCT,0.03328943997621536,xgboost,2,ALL_EXCEPT_TREND
MOMENTUM_10,0.033262066543102264,xgboost,2,ALL_EXCEPT_TREND
DAILY_RETURN,0.03276054933667183,xgboost,2,ALL_EXCEPT_TREND
VOLUME_EMA_20,1.6210878601601138e-09,logistic_regression,3,ALL_EXCEPT_TREND
Volume,1.5979177913139506e-09,logistic_regression,3,ALL_EXCEPT_TREND
VOLUME_SMA_20,8.256355518100055e-11,logistic_regression,3,ALL_EXCEPT_TREND
OBV,2.5757058219540368e-12,logistic_regression,3,ALL_EXCEPT_TREND
High,5.053713453218767e-13,logistic_regression,3,ALL_EXCEPT_TREND
Close,5.018186646784811e-13,logistic_regression,3,ALL_EXCEPT_TREND
Open,5.016524975805167e-13,logistic_regression,3,ALL_EXCEPT_TREND
Low,4.904650729287758e-13,logistic_regression,3,ALL_EXCEPT_TREND
Adj Close,4.557543381662724e-13,logistic_regression,3,ALL_EXCEPT_TREND
MOMENTUM_20,6.577730048848672e-14,logistic_regression,3,ALL_EXCEPT_TREND
MOMENTUM_10,4.193560101930316e-14,logistic_regression,3,ALL_EXCEPT_TREND
ROC_12,3.649646307261847e-14,logistic_regression,3,ALL_EXCEPT_TREND
RSI_14,2.5338145788198362e-14,logistic_regression,3,ALL_EXCEPT_TREND
TRUE_RANGE,1.9203460954326236e-14,logistic_regression,3,ALL_EXCEPT_TREND
ATR_14,1.3592017005059424e-14,logistic_regression,3,ALL_EXCEPT_TREND
PRICE_CHANGE_PCT,1.1597925432632308e-14,logistic_regression,3,ALL_EXCEPT_TREND
ROLLING_STD_20,1.0770336094632375e-14,logistic_regression,3,ALL_EXCEPT_TREND
VOLUME_CHANGE_PCT,1.0430058109187398e-14,logistic_regression,3,ALL_EXCEPT_TREND
GAP_PCT,8.151200991585836e-15,logistic_regression,3,ALL_EXCEPT_TREND
LOWER_WICK,7.904176479547931e-15,logistic_regression,3,ALL_EXCEPT_TREND
BODY_SIZE,6.7326634424320276e-15,logistic_regression,3,ALL_EXCEPT_TREND
DAILY_RANGE_PCT,6.2387173407064165e-15,logistic_regression,3,ALL_EXCEPT_TREND
HIGH_LOW_PCT,6.2387173407064165e-15,logistic_regression,3,ALL_EXCEPT_TREND
OPEN_CLOSE_PCT,3.4878243575403348e-15,logistic_regression,3,ALL_EXCEPT_TREND
HIST_VOL_20,1.9213360154813267e-15,logistic_regression,3,ALL_EXCEPT_TREND
UPPER_WICK,2.6943247112975987e-16,logistic_regression,3,ALL_EXCEPT_TREND
VOLUME_RATIO,1.9302765216241117e-16,logistic_regression,3,ALL_EXCEPT_TREND
DAILY_RETURN,1.1597925432651008e-16,logistic_regression,3,ALL_EXCEPT_TREND
GAP_PCT,0.0440963962616836,random_forest,3,ALL_EXCEPT_TREND
VOLUME_RATIO,0.042007912869354944,random_forest,3,ALL_EXCEPT_TREND
VOLUME_CHANGE_PCT,0.041730682374507104,random_forest,3,ALL_EXCEPT_TREND
ROC_12,0.04039184823687247,random_forest,3,ALL_EXCEPT_TREND
MOMENTUM_20,0.04016222697589504,random_forest,3,ALL_EXCEPT_TREND
MOMENTUM_10,0.0398937809664847,random_forest,3,ALL_EXCEPT_TREND
ROLLING_STD_20,0.03931673473051248,random_forest,3,ALL_EXCEPT_TREND
HIST_VOL_20,0.039237437822364093,random_forest,3,ALL_EXCEPT_TREND
RSI_14,0.038891455491313946,random_forest,3,ALL_EXCEPT_TREND
BODY_SIZE,0.03721369396535047,random_forest,3,ALL_EXCEPT_TREND
UPPER_WICK,0.036908569355342535,random_forest,3,ALL_EXCEPT_TREND
Volume,0.036802769169191514,random_forest,3,ALL_EXCEPT_TREND
LOWER_WICK,0.03664227047387111,random_forest,3,ALL_EXCEPT_TREND
OBV,0.03655706831124845,random_forest,3,ALL_EXCEPT_TREND
OPEN_CLOSE_PCT,0.0351942273372737,random_forest,3,ALL_EXCEPT_TREND
VOLUME_EMA_20,0.03507658703871308,random_forest,3,ALL_EXCEPT_TREND
ATR_14,0.03466851342743336,random_forest,3,ALL_EXCEPT_TREND
DAILY_RANGE_PCT,0.03414925185551806,random_forest,3,ALL_EXCEPT_TREND
TRUE_RANGE,0.034121270408241484,random_forest,3,ALL_EXCEPT_TREND
HIGH_LOW_PCT,0.033875254217005386,random_forest,3,ALL_EXCEPT_TREND
VOLUME_SMA_20,0.033832818344604006,random_forest,3,ALL_EXCEPT_TREND
PRICE_CHANGE_PCT,0.0334057091464675,random_forest,3,ALL_EXCEPT_TREND
DAILY_RETURN,0.033306954206345586,random_forest,3,ALL_EXCEPT_TREND
Adj Close,0.030076243663783087,random_forest,3,ALL_EXCEPT_TREND
Open,0.028908973266718145,random_forest,3,ALL_EXCEPT_TREND
High,0.028165577352640886,random_forest,3,ALL_EXCEPT_TREND
Low,0.02773139030755149,random_forest,3,ALL_EXCEPT_TREND
Close,0.027634382423712012,random_forest,3,ALL_EXCEPT_TREND
Close,0.04078458994626999,xgboost,3,ALL_EXCEPT_TREND
Low,0.039589378982782364,xgboost,3,ALL_EXCEPT_TREND
ROC_12,0.03918088227510452,xgboost,3,ALL_EXCEPT_TREND
TRUE_RANGE,0.03873802348971367,xgboost,3,ALL_EXCEPT_TREND
GAP_PCT,0.038591645658016205,xgboost,3,ALL_EXCEPT_TREND
DAILY_RANGE_PCT,0.03790988400578499,xgboost,3,ALL_EXCEPT_TREND
High,0.03760820999741554,xgboost,3,ALL_EXCEPT_TREND
VOLUME_RATIO,0.03726210445165634,xgboost,3,ALL_EXCEPT_TREND
UPPER_WICK,0.03722994029521942,xgboost,3,ALL_EXCEPT_TREND
OBV,0.03718402236700058,xgboost,3,ALL_EXCEPT_TREND
HIST_VOL_20,0.037026599049568176,xgboost,3,ALL_EXCEPT_TREND
VOLUME_SMA_20,0.036188215017318726,xgboost,3,ALL_EXCEPT_TREND
ROLLING_STD_20,0.03606249764561653,xgboost,3,ALL_EXCEPT_TREND
MOMENTUM_10,0.035879191011190414,xgboost,3,ALL_EXCEPT_TREND
Open,0.03583088517189026,xgboost,3,ALL_EXCEPT_TREND
Volume,0.03578123077750206,xgboost,3,ALL_EXCEPT_TREND
Adj Close,0.035571396350860596,xgboost,3,ALL_EXCEPT_TREND
LOWER_WICK,0.034609269350767136,xgboost,3,ALL_EXCEPT_TREND
BODY_SIZE,0.03446110710501671,xgboost,3,ALL_EXCEPT_TREND
OPEN_CLOSE_PCT,0.034391142427921295,xgboost,3,ALL_EXCEPT_TREND
RSI_14,0.034308888018131256,xgboost,3,ALL_EXCEPT_TREND
DAILY_RETURN,0.03356762230396271,xgboost,3,ALL_EXCEPT_TREND
ATR_14,0.0335422083735466,xgboost,3,ALL_EXCEPT_TREND
MOMENTUM_20,0.03329696133732796,xgboost,3,ALL_EXCEPT_TREND
VOLUME_EMA_20,0.03253020718693733,xgboost,3,ALL_EXCEPT_TREND
HIGH_LOW_PCT,0.03206050023436546,xgboost,3,ALL_EXCEPT_TREND
VOLUME_CHANGE_PCT,0.03168722614645958,xgboost,3,ALL_EXCEPT_TREND
PRICE_CHANGE_PCT,0.02912607230246067,xgboost,3,ALL_EXCEPT_TREND
VOLUME_SMA_20,4.438439070800394e-09,logistic_regression,1,ALL_EXCEPT_MOMENTUM
VOLUME_EMA_20,3.686898545951289e-09,logistic_regression,1,ALL_EXCEPT_MOMENTUM
Volume,3.746123713133898e-10,logistic_regression,1,ALL_EXCEPT_MOMENTUM
OBV,1.3608372297340548e-11,logistic_regression,1,ALL_EXCEPT_MOMENTUM
Close,3.3641879136436875e-14,logistic_regression,1,ALL_EXCEPT_MOMENTUM
High,3.261538415942462e-14,logistic_regression,1,ALL_EXCEPT_MOMENTUM
Low,3.183151134160877e-14,logistic_regression,1,ALL_EXCEPT_MOMENTUM
Open,3.1663350246319833e-14,logistic_regression,1,ALL_EXCEPT_MOMENTUM
EMA_20,2.7303572538558472e-14,logistic_regression,1,ALL_EXCEPT_MOMENTUM
SMA_20,2.6189979210088314e-14,logistic_regression,1,ALL_EXCEPT_MOMENTUM
EMA_50,2.3891402930397117e-14,logistic_regression,1,ALL_EXCEPT_MOMENTUM
SMA_50,2.351514920353325e-14,logistic_regression,1,ALL_EXCEPT_MOMENTUM
Adj Close,2.3435223066012623e-14,logistic_regression,1,ALL_EXCEPT_MOMENTUM
OPEN_CLOSE_PCT,5.7805461448350306e-15,logistic_regression,1,ALL_EXCEPT_MOMENTUM
GAP_PCT,3.0996157003530027e-15,logistic_regression,1,ALL_EXCEPT_MOMENTUM
VOLUME_CHANGE_PCT,2.6877414057508567e-15,logistic_regression,1,ALL_EXCEPT_MOMENTUM
DAILY_RANGE_PCT,2.392481761617826e-15,logistic_regression,1,ALL_EXCEPT_MOMENTUM
HIGH_LOW_PCT,2.392481761617826e-15,logistic_regression,1,ALL_EXCEPT_MOMENTUM
VOLUME_RATIO,1.7724128342716836e-15,logistic_regression,1,ALL_EXCEPT_MOMENTUM
LOWER_WICK,1.2420362065108413e-15,logistic_regression,1,ALL_EXCEPT_MOMENTUM
ATR_14,1.2072727454425187e-15,logistic_regression,1,ALL_EXCEPT_MOMENTUM
TRUE_RANGE,9.334427981756256e-16,logistic_regression,1,ALL_EXCEPT_MOMENTUM
BODY_SIZE,8.41865713482311e-16,logistic_regression,1,ALL_EXCEPT_MOMENTUM
ROLLING_STD_20,6.263581788087505e-16,logistic_regression,1,ALL_EXCEPT_MOMENTUM
UPPER_WICK,3.837023247872827e-16,logistic_regression,1,ALL_EXCEPT_MOMENTUM
HIST_VOL_20,3.6586509558335605e-16,logistic_regression,1,ALL_EXCEPT_MOMENTUM
GAP_PCT,0.04986626690175727,random_forest,1,ALL_EXCEPT_MOMENTUM
ROLLING_STD_20,0.048262689954989425,random_forest,1,ALL_EXCEPT_MOMENTUM
VOLUME_RATIO,0.046345553961090885,random_forest,1,ALL_EXCEPT_MOMENTUM
VOLUME_EMA_20,0.04596761212327127,random_forest,1,ALL_EXCEPT_MOMENTUM
HIST_VOL_20,0.04494901263204031,random_forest,1,ALL_EXCEPT_MOMENTUM
ATR_14,0.044462618471958565,random_forest,1,ALL_EXCEPT_MOMENTUM
LOWER_WICK,0.044061112785820894,random_forest,1,ALL_EXCEPT_MOMENTUM
VOLUME_CHANGE_PCT,0.04340127942527186,random_forest,1,ALL_EXCEPT_MOMENTUM
VOLUME_SMA_20,0.04137587401109985,random_forest,1,ALL_EXCEPT_MOMENTUM
OPEN_CLOSE_PCT,0.04119264093662831,random_forest,1,ALL_EXCEPT_MOMENTUM
OBV,0.03991188264629328,random_forest,1,ALL_EXCEPT_MOMENTUM
Volume,0.039477838298623,random_forest,1,ALL_EXCEPT_MOMENTUM
BODY_SIZE,0.0388906869353199,random_forest,1,ALL_EXCEPT_MOMENTUM
HIGH_LOW_PCT,0.03646256557797222,random_forest,1,ALL_EXCEPT_MOMENTUM
DAILY_RANGE_PCT,0.03639641612138058,random_forest,1,ALL_EXCEPT_MOMENTUM
UPPER_WICK,0.03609393929326593,random_forest,1,ALL_EXCEPT_MOMENTUM
TRUE_RANGE,0.03585993577976677,random_forest,1,ALL_EXCEPT_MOMENTUM
EMA_50,0.034347124389737554,random_forest,1,ALL_EXCEPT_MOMENTUM
SMA_20,0.03288792798516072,random_forest,1,ALL_EXCEPT_MOMENTUM
SMA_50,0.032762015375199176,random_forest,1,ALL_EXCEPT_MOMENTUM
Adj Close,0.03275408450728176,random_forest,1,ALL_EXCEPT_MOMENTUM
Open,0.03155037212849624,random_forest,1,ALL_EXCEPT_MOMENTUM
EMA_20,0.03149612752042805,random_forest,1,ALL_EXCEPT_MOMENTUM
High,0.03140256687692987,random_forest,1,ALL_EXCEPT_MOMENTUM
Low,0.031226817571440448,random_forest,1,ALL_EXCEPT_MOMENTUM
Close,0.028595037788775958,random_forest,1,ALL_EXCEPT_MOMENTUM
HIGH_LOW_PCT,0.04552271589636803,xgboost,1,ALL_EXCEPT_MOMENTUM
Adj Close,0.04283208027482033,xgboost,1,ALL_EXCEPT_MOMENTUM
LOWER_WICK,0.0415964350104332,xgboost,1,ALL_EXCEPT_MOMENTUM
VOLUME_EMA_20,0.04111307114362717,xgboost,1,ALL_EXCEPT_MOMENTUM
GAP_PCT,0.04042135551571846,xgboost,1,ALL_EXCEPT_MOMENTUM
ATR_14,0.04013320803642273,xgboost,1,ALL_EXCEPT_MOMENTUM
Low,0.039965372532606125,xgboost,1,ALL_EXCEPT_MOMENTUM
Open,0.03971049189567566,xgboost,1,ALL_EXCEPT_MOMENTUM
VOLUME_SMA_20,0.03968045115470886,xgboost,1,ALL_EXCEPT_MOMENTUM
TRUE_RANGE,0.039343226701021194,xgboost,1,ALL_EXCEPT_MOMENTUM
ROLLING_STD_20,0.039252981543540955,xgboost,1,ALL_EXCEPT_MOMENTUM
SMA_50,0.039240241050720215,xgboost,1,ALL_EXCEPT_MOMENTUM
VOLUME_RATIO,0.03901585191488266,xgboost,1,ALL_EXCEPT_MOMENTUM
VOLUME_CHANGE_PCT,0.038073305040597916,xgboost,1,ALL_EXCEPT_MOMENTUM
High,0.037954479455947876,xgboost,1,ALL_EXCEPT_MOMENTUM
DAILY_RANGE_PCT,0.037531837821006775,xgboost,1,ALL_EXCEPT_MOMENTUM
EMA_20,0.037242501974105835,xgboost,1,ALL_EXCEPT_MOMENTUM
HIST_VOL_20,0.037008319050073624,xgboost,1,ALL_EXCEPT_MOMENTUM
UPPER_WICK,0.03682829439640045,xgboost,1,ALL_EXCEPT_MOMENTUM
OBV,0.036736857146024704,xgboost,1,ALL_EXCEPT_MOMENTUM
SMA_20,0.03659149631857872,xgboost,1,ALL_EXCEPT_MOMENTUM
OPEN_CLOSE_PCT,0.03603503108024597,xgboost,1,ALL_EXCEPT_MOMENTUM
Volume,0.0357523187994957,xgboost,1,ALL_EXCEPT_MOMENTUM
Close,0.03461141139268875,xgboost,1,ALL_EXCEPT_MOMENTUM
BODY_SIZE,0.03458453342318535,xgboost,1,ALL_EXCEPT_MOMENTUM
EMA_50,0.03322210907936096,xgboost,1,ALL_EXCEPT_MOMENTUM
VOLUME_SMA_20,1.3689396414468248e-09,logistic_regression,2,ALL_EXCEPT_MOMENTUM
Volume,1.14582659294001e-09,logistic_regression,2,ALL_EXCEPT_MOMENTUM
VOLUME_EMA_20,1.833031778208184e-10,logistic_regression,2,ALL_EXCEPT_MOMENTUM
OBV,7.484362078043987e-12,logistic_regression,2,ALL_EXCEPT_MOMENTUM
High,4.763336394864532e-13,logistic_regression,2,ALL_EXCEPT_MOMENTUM
Open,4.68667658447264e-13,logistic_regression,2,ALL_EXCEPT_MOMENTUM
Close,4.651149847481514e-13,logistic_regression,2,ALL_EXCEPT_MOMENTUM
Low,4.556810421088489e-13,logistic_regression,2,ALL_EXCEPT_MOMENTUM
SMA_20,4.485777564424933e-13,logistic_regression,2,ALL_EXCEPT_MOMENTUM
EMA_20,4.4371717134579427e-13,logistic_regression,2,ALL_EXCEPT_MOMENTUM
EMA_50,4.377044321803301e-13,logistic_regression,2,ALL_EXCEPT_MOMENTUM
SMA_50,4.2772171178393725e-13,logistic_regression,2,ALL_EXCEPT_MOMENTUM
Adj Close,4.1298316669225856e-13,logistic_regression,2,ALL_EXCEPT_MOMENTUM
TRUE_RANGE,2.849148746663352e-14,logistic_regression,2,ALL_EXCEPT_MOMENTUM
ATR_14,1.9728464631590285e-14,logistic_regression,2,ALL_EXCEPT_MOMENTUM
ROLLING_STD_20,1.9047584520875592e-14,logistic_regression,2,ALL_EXCEPT_MOMENTUM
BODY_SIZE,1.1662223859992485e-14,logistic_regression,2,ALL_EXCEPT_MOMENTUM
GAP_PCT,1.160097442442506e-14,logistic_regression,2,ALL_EXCEPT_MOMENTUM
VOLUME_CHANGE_PCT,1.1145171536986089e-14,logistic_regression,2,ALL_EXCEPT_MOMENTUM
HIGH_LOW_PCT,6.113026553413293e-15,logistic_regression,2,ALL_EXCEPT_MOMENTUM
DAILY_RANGE_PCT,6.113026553413293e-15,logistic_regression,2,ALL_EXCEPT_MOMENTUM
LOWER_WICK,5.379167558865109e-15,logistic_regression,2,ALL_EXCEPT_MOMENTUM
UPPER_WICK,3.611205958778295e-15,logistic_regression,2,ALL_EXCEPT_MOMENTUM
OPEN_CLOSE_PCT,2.3571285141013628e-15,logistic_regression,2,ALL_EXCEPT_MOMENTUM
HIST_VOL_20,2.197161741193316e-15,logistic_regression,2,ALL_EXCEPT_MOMENTUM
VOLUME_RATIO,1.1374039919345595e-15,logistic_regression,2,ALL_EXCEPT_MOMENTUM
GAP_PCT,0.04929931977856217,random_forest,2,ALL_EXCEPT_MOMENTUM
VOLUME_CHANGE_PCT,0.047488218687274895,random_forest,2,ALL_EXCEPT_MOMENTUM
HIST_VOL_20,0.046809726983832074,random_forest,2,ALL_EXCEPT_MOMENTUM
VOLUME_RATIO,0.045814582298188154,random_forest,2,ALL_EXCEPT_MOMENTUM
ROLLING_STD_20,0.045097129251839764,random_forest,2,ALL_EXCEPT_MOMENTUM
LOWER_WICK,0.04339565184272314,random_forest,2,ALL_EXCEPT_MOMENTUM
OPEN_CLOSE_PCT,0.04292818177843253,random_forest,2,ALL_EXCEPT_MOMENTUM
BODY_SIZE,0.04221323406729673,random_forest,2,ALL_EXCEPT_MOMENTUM
UPPER_WICK,0.04215098676359944,random_forest,2,ALL_EXCEPT_MOMENTUM
VOLUME_SMA_20,0.04158352648218597,random_forest,2,ALL_EXCEPT_MOMENTUM
VOLUME_EMA_20,0.04140354123520675,random_forest,2,ALL_EXCEPT_MOMENTUM
ATR_14,0.0407122298627951,random_forest,2,ALL_EXCEPT_MOMENTUM
OBV,0.04011500698996624,random_forest,2,ALL_EXCEPT_MOMENTUM
Volume,0.03919228195843729,random_forest,2,ALL_EXCEPT_MOMENTUM
DAILY_RANGE_PCT,0.03786763013057109,random_forest,2,ALL_EXCEPT_MOMENTUM
TRUE_RANGE,0.037129335857426844,random_forest,2,ALL_EXCEPT_MOMENTUM
HIGH_LOW_PCT,0.03698749300526088,random_forest,2,ALL_EXCEPT_MOMENTUM
SMA_50,0.033548830636366864,random_forest,2,ALL_EXCEPT_MOMENTUM
SMA_20,0.03333266073743558,random_forest,2,ALL_EXCEPT_MOMENTUM
EMA_50,0.03266894392784569,random_forest,2,ALL_EXCEPT_MOMENTUM
EMA_20,0.03149288639878946,random_forest,2,ALL_EXCEPT_MOMENTUM
High,0.031415967513877076,random_forest,2,ALL_EXCEPT_MOMENTUM
Low,0.03076015150847647,random_forest,2,ALL_EXCEPT_MOMENTUM
Adj Close,0.02990639137466306,random_forest,2,ALL_EXCEPT_MOMENTUM
Open,0.028695051871865933,random_forest,2,ALL_EXCEPT_MOMENTUM
Close,0.027991039057080818,random_forest,2,ALL_EXCEPT_MOMENTUM
HIGH_LOW_PCT,0.04528475180268288,xgboost,2,ALL_EXCEPT_MOMENTUM
SMA_20,0.044205956161022186,xgboost,2,ALL_EXCEPT_MOMENTUM
TRUE_RANGE,0.042149435728788376,xgboost,2,ALL_EXCEPT_MOMENTUM
VOLUME_EMA_20,0.04082280024886131,xgboost,2,ALL_EXCEPT_MOMENTUM
Adj Close,0.040597300976514816,xgboost,2,ALL_EXCEPT_MOMENTUM
VOLUME_SMA_20,0.0402354821562767,xgboost,2,ALL_EXCEPT_MOMENTUM
EMA_50,0.04022427648305893,xgboost,2,ALL_EXCEPT_MOMENTUM
ROLLING_STD_20,0.040007736533880234,xgboost,2,ALL_EXCEPT_MOMENTUM
ATR_14,0.0393221490085125,xgboost,2,ALL_EXCEPT_MOMENTUM
EMA_20,0.03893495351076126,xgboost,2,ALL_EXCEPT_MOMENTUM
Open,0.03892283886671066,xgboost,2,ALL_EXCEPT_MOMENTUM
BODY_SIZE,0.03837931156158447,xgboost,2,ALL_EXCEPT_MOMENTUM
VOLUME_CHANGE_PCT,0.03819599747657776,xgboost,2,ALL_EXCEPT_MOMENTUM
DAILY_RANGE_PCT,0.03797220438718796,xgboost,2,ALL_EXCEPT_MOMENTUM
HIST_VOL_20,0.037916988134384155,xgboost,2,ALL_EXCEPT_MOMENTUM
Low,0.03747991845011711,xgboost,2,ALL_EXCEPT_MOMENTUM
GAP_PCT,0.03706146776676178,xgboost,2,ALL_EXCEPT_MOMENTUM
Volume,0.03646288439631462,xgboost,2,ALL_EXCEPT_MOMENTUM
SMA_50,0.03637158125638962,xgboost,2,ALL_EXCEPT_MOMENTUM
VOLUME_RATIO,0.036040086299180984,xgboost,2,ALL_EXCEPT_MOMENTUM
UPPER_WICK,0.0360284224152565,xgboost,2,ALL_EXCEPT_MOMENTUM
LOWER_WICK,0.035878561437129974,xgboost,2,ALL_EXCEPT_MOMENTUM
OPEN_CLOSE_PCT,0.03584236279129982,xgboost,2,ALL_EXCEPT_MOMENTUM
OBV,0.03557595983147621,xgboost,2,ALL_EXCEPT_MOMENTUM
Close,0.03522968292236328,xgboost,2,ALL_EXCEPT_MOMENTUM
High,0.034856799989938736,xgboost,2,ALL_EXCEPT_MOMENTUM
VOLUME_SMA_20,3.5975499314806406e-09,logistic_regression,3,ALL_EXCEPT_MOMENTUM
VOLUME_EMA_20,2.4903697849230293e-09,logistic_regression,3,ALL_EXCEPT_MOMENTUM
Volume,1.266081189389395e-09,logistic_regression,3,ALL_EXCEPT_MOMENTUM
OBV,2.351422259279886e-12,logistic_regression,3,ALL_EXCEPT_MOMENTUM
High,5.166237189478071e-13,logistic_regression,3,ALL_EXCEPT_MOMENTUM
Close,5.132390437434232e-13,logistic_regression,3,ALL_EXCEPT_MOMENTUM
Open,5.129386011841537e-13,logistic_regression,3,ALL_EXCEPT_MOMENTUM
Low,5.015675440185642e-13,logistic_regression,3,ALL_EXCEPT_MOMENTUM
SMA_20,4.795104807119768e-13,logistic_regression,3,ALL_EXCEPT_MOMENTUM
EMA_20,4.729103131711681e-13,logistic_regression,3,ALL_EXCEPT_MOMENTUM
Adj Close,4.661548686214269e-13,logistic_regression,3,ALL_EXCEPT_MOMENTUM
EMA_50,4.572258919696667e-13,logistic_regression,3,ALL_EXCEPT_MOMENTUM
SMA_50,4.3743246790178383e-13,logistic_regression,3,ALL_EXCEPT_MOMENTUM
TRUE_RANGE,1.9535497079793506e-14,logistic_regression,3,ALL_EXCEPT_MOMENTUM
ATR_14,1.3810386948579749e-14,logistic_regression,3,ALL_EXCEPT_MOMENTUM
VOLUME_CHANGE_PCT,1.0872428740860378e-14,logistic_regression,3,ALL_EXCEPT_MOMENTUM
ROLLING_STD_20,1.0774951526081672e-14,logistic_regression,3,ALL_EXCEPT_MOMENTUM
GAP_PCT,8.894544842561928e-15,logistic_regression,3,ALL_EXCEPT_MOMENTUM
LOWER_WICK,8.111934716121632e-15,logistic_regression,3,ALL_EXCEPT_MOMENTUM
BODY_SIZE,6.81868745835315e-15,logistic_regression,3,ALL_EXCEPT_MOMENTUM
OPEN_CLOSE_PCT,4.419682196733224e-15,logistic_regression,3,ALL_EXCEPT_MOMENTUM
DAILY_RANGE_PCT,4.399091864592968e-15,logistic_regression,3,ALL_EXCEPT_MOMENTUM
HIGH_LOW_PCT,4.399091864592968e-15,logistic_regression,3,ALL_EXCEPT_MOMENTUM
HIST_VOL_20,1.9719288251239643e-15,logistic_regression,3,ALL_EXCEPT_MOMENTUM
UPPER_WICK,1.2555275477828693e-16,logistic_regression,3,ALL_EXCEPT_MOMENTUM
VOLUME_RATIO,8.339143087480755e-17,logistic_regression,3,ALL_EXCEPT_MOMENTUM
GAP_PCT,0.05247197670071501,random_forest,3,ALL_EXCEPT_MOMENTUM
VOLUME_CHANGE_PCT,0.04798061923749506,random_forest,3,ALL_EXCEPT_MOMENTUM
VOLUME_RATIO,0.04595149191531611,random_forest,3,ALL_EXCEPT_MOMENTUM
HIST_VOL_20,0.044737858972497525,random_forest,3,ALL_EXCEPT_MOMENTUM
ROLLING_STD_20,0.04466743917760114,random_forest,3,ALL_EXCEPT_MOMENTUM
Volume,0.043498300096851655,random_forest,3,ALL_EXCEPT_MOMENTUM
OPEN_CLOSE_PCT,0.04319977506331156,random_forest,3,ALL_EXCEPT_MOMENTUM
LOWER_WICK,0.04269922922323613,random_forest,3,ALL_EXCEPT_MOMENTUM
BODY_SIZE,0.04183068068554165,random_forest,3,ALL_EXCEPT_MOMENTUM
UPPER_WICK,0.04140506925426894,random_forest,3,ALL_EXCEPT_MOMENTUM
OBV,0.04094701107659435,random_forest,3,ALL_EXCEPT_MOMENTUM
ATR_14,0.04061253140949166,random_forest,3,ALL_EXCEPT_MOMENTUM
VOLUME_EMA_20,0.040452325758046165,random_forest,3,ALL_EXCEPT_MOMENTUM
DAILY_RANGE_PCT,0.03866090527407527,random_forest,3,ALL_EXCEPT_MOMENTUM
HIGH_LOW_PCT,0.03803738128601984,random_forest,3,ALL_EXCEPT_MOMENTUM
VOLUME_SMA_20,0.0377914408696011,random_forest,3,ALL_EXCEPT_MOMENTUM
TRUE_RANGE,0.03703810087545935,random_forest,3,ALL_EXCEPT_MOMENTUM
SMA_50,0.033534633955941806,random_forest,3,ALL_EXCEPT_MOMENTUM
SMA_20,0.033008221352244696,random_forest,3,ALL_EXCEPT_MOMENTUM
EMA_50,0.03214070598621827,random_forest,3,ALL_EXCEPT_MOMENTUM
EMA_20,0.03122220327724206,random_forest,3,ALL_EXCEPT_MOMENTUM
Adj Close,0.030826640228585778,random_forest,3,ALL_EXCEPT_MOMENTUM
Open,0.029961110765509714,random_forest,3,ALL_EXCEPT_MOMENTUM
Close,0.02956568117729546,random_forest,3,ALL_EXCEPT_MOMENTUM
High,0.029285901167067658,random_forest,3,ALL_EXCEPT_MOMENTUM
Low,0.028472765213772216,random_forest,3,ALL_EXCEPT_MOMENTUM
EMA_20,0.04545331001281738,xgboost,3,ALL_EXCEPT_MOMENTUM
ATR_14,0.042264994233846664,xgboost,3,ALL_EXCEPT_MOMENTUM
SMA_20,0.04219914972782135,xgboost,3,ALL_EXCEPT_MOMENTUM
Low,0.04039010405540466,xgboost,3,ALL_EXCEPT_MOMENTUM
VOLUME_EMA_20,0.04001079127192497,xgboost,3,ALL_EXCEPT_MOMENTUM
Adj Close,0.03999026492238045,xgboost,3,ALL_EXCEPT_MOMENTUM
UPPER_WICK,0.03994122892618179,xgboost,3,ALL_EXCEPT_MOMENTUM
LOWER_WICK,0.0396917387843132,xgboost,3,ALL_EXCEPT_MOMENTUM
GAP_PCT,0.039567332714796066,xgboost,3,ALL_EXCEPT_MOMENTUM
DAILY_RANGE_PCT,0.039390552788972855,xgboost,3,ALL_EXCEPT_MOMENTUM
Volume,0.03936929628252983,xgboost,3,ALL_EXCEPT_MOMENTUM
EMA_50,0.03891841322183609,xgboost,3,ALL_EXCEPT_MOMENTUM
Open,0.03818708658218384,xgboost,3,ALL_EXCEPT_MOMENTUM
High,0.03806503862142563,xgboost,3,ALL_EXCEPT_MOMENTUM
TRUE_RANGE,0.037920985370874405,xgboost,3,ALL_EXCEPT_MOMENTUM
Close,0.03790481761097908,xgboost,3,ALL_EXCEPT_MOMENTUM
OBV,0.037792105227708817,xgboost,3,ALL_EXCEPT_MOMENTUM
BODY_SIZE,0.037533700466156006,xgboost,3,ALL_EXCEPT_MOMENTUM
VOLUME_SMA_20,0.03694679215550423,xgboost,3,ALL_EXCEPT_MOMENTUM
ROLLING_STD_20,0.036700934171676636,xgboost,3,ALL_EXCEPT_MOMENTUM
HIGH_LOW_PCT,0.03579680994153023,xgboost,3,ALL_EXCEPT_MOMENTUM
VOLUME_CHANGE_PCT,0.035652950406074524,xgboost,3,ALL_EXCEPT_MOMENTUM
HIST_VOL_20,0.03556293621659279,xgboost,3,ALL_EXCEPT_MOMENTUM
VOLUME_RATIO,0.03547072038054466,xgboost,3,ALL_EXCEPT_MOMENTUM
SMA_50,0.0349368155002594,xgboost,3,ALL_EXCEPT_MOMENTUM
OPEN_CLOSE_PCT,0.03434116393327713,xgboost,3,ALL_EXCEPT_MOMENTUM
VOLUME_SMA_20,4.43843907215147e-09,logistic_regression,1,ALL_EXCEPT_VOLATILITY
VOLUME_EMA_20,3.6868985474868716e-09,logistic_regression,1,ALL_EXCEPT_VOLATILITY
Volume,3.746123714286528e-10,logistic_regression,1,ALL_EXCEPT_VOLATILITY
OBV,1.360837229737183e-11,logistic_regression,1,ALL_EXCEPT_VOLATILITY
RSI_14,9.758312169102982e-14,logistic_regression,1,ALL_EXCEPT_VOLATILITY
ROC_12,3.8120858502032566e-14,logistic_regression,1,ALL_EXCEPT_VOLATILITY
Close,3.3641879146644463e-14,logistic_regression,1,ALL_EXCEPT_VOLATILITY
High,3.26153841693154e-14,logistic_regression,1,ALL_EXCEPT_VOLATILITY
Low,3.1831511351261334e-14,logistic_regression,1,ALL_EXCEPT_VOLATILITY
Open,3.1663350255919936e-14,logistic_regression,1,ALL_EXCEPT_VOLATILITY
EMA_20,2.7303572546830388e-14,logistic_regression,1,ALL_EXCEPT_VOLATILITY
SMA_20,2.6189979218021484e-14,logistic_regression,1,ALL_EXCEPT_VOLATILITY
EMA_50,2.3891402937624156e-14,logistic_regression,1,ALL_EXCEPT_VOLATILITY
SMA_50,2.3515149210642478e-14,logistic_regression,1,ALL_EXCEPT_VOLATILITY
Adj Close,2.3435223073120853e-14,logistic_regression,1,ALL_EXCEPT_VOLATILITY
MOMENTUM_20,1.0338379405682433e-14,logistic_regression,1,ALL_EXCEPT_VOLATILITY
MOMENTUM_10,6.396304992514301e-15,logistic_regression,1,ALL_EXCEPT_VOLATILITY
OPEN_CLOSE_PCT,5.7805461466136745e-15,logistic_regression,1,ALL_EXCEPT_VOLATILITY
GAP_PCT,3.0996157013022994e-15,logistic_regression,1,ALL_EXCEPT_VOLATILITY
PRICE_CHANGE_PCT,2.799057829847368e-15,logistic_regression,1,ALL_EXCEPT_VOLATILITY
VOLUME_CHANGE_PCT,2.6877414065867952e-15,logistic_regression,1,ALL_EXCEPT_VOLATILITY
HIGH_LOW_PCT,2.392481762338976e-15,logistic_regression,1,ALL_EXCEPT_VOLATILITY
VOLUME_RATIO,1.7724128348103922e-15,logistic_regression,1,ALL_EXCEPT_VOLATILITY
LOWER_WICK,1.2420362068911643e-15,logistic_regression,1,ALL_EXCEPT_VOLATILITY
BODY_SIZE,8.418657137409457e-16,logistic_regression,1,ALL_EXCEPT_VOLATILITY
UPPER_WICK,3.8370232490358323e-16,logistic_regression,1,ALL_EXCEPT_VOLATILITY
DAILY_RETURN,2.799057829847389e-17,logistic_regression,1,ALL_EXCEPT_VOLATILITY
GAP_PCT,0.045921872777934296,random_forest,1,ALL_EXCEPT_VOLATILITY
ROC_12,0.045163313252721035,random_forest,1,ALL_EXCEPT_VOLATILITY
VOLUME_EMA_20,0.04500253364177775,random_forest,1,ALL_EXCEPT_VOLATILITY
VOLUME_RATIO,0.04418327542744359,random_forest,1,ALL_EXCEPT_VOLATILITY
MOMENTUM_20,0.043092623758658015,random_forest,1,ALL_EXCEPT_VOLATILITY
LOWER_WICK,0.042664319077580726,random_forest,1,ALL_EXCEPT_VOLATILITY
VOLUME_CHANGE_PCT,0.042570321763668706,random_forest,1,ALL_EXCEPT_VOLATILITY
HIGH_LOW_PCT,0.04222325018335118,random_forest,1,ALL_EXCEPT_VOLATILITY
VOLUME_SMA_20,0.04166258947178515,random_forest,1,ALL_EXCEPT_VOLATILITY
RSI_14,0.040991244237928805,random_forest,1,ALL_EXCEPT_VOLATILITY
MOMENTUM_10,0.04074395572986038,random_forest,1,ALL_EXCEPT_VOLATILITY
OBV,0.04052933134386785,random_forest,1,ALL_EXCEPT_VOLATILITY
OPEN_CLOSE_PCT,0.03715109724279839,random_forest,1,ALL_EXCEPT_VOLATILITY
Volume,0.03673445409005143,random_forest,1,ALL_EXCEPT_VOLATILITY
BODY_SIZE,0.036717474094361324,random_forest,1,ALL_EXCEPT_VOLATILITY
UPPER_WICK,0.036208228850328435,random_forest,1,ALL_EXCEPT_VOLATILITY
DAILY_RETURN,0.03421540707238403,random_forest,1,ALL_EXCEPT_VOLATILITY
PRICE_CHANGE_PCT,0.034010756905364134,random_forest,1,ALL_EXCEPT_VOLATILITY
SMA_50,0.033657110685536236,random_forest,1,ALL_EXCEPT_VOLATILITY
EMA_50,0.030907811551903447,random_forest,1,ALL_EXCEPT_VOLATILITY
Open,0.030573096713162176,random_forest,1,ALL_EXCEPT_VOLATILITY
High,0.030571141057854596,random_forest,1,ALL_EXCEPT_VOLATILITY
Adj Close,0.030479358187785466,random_forest,1,ALL_EXCEPT_VOLATILITY
Low,0.0294422665867362,random_forest,1,ALL_EXCEPT_VOLATILITY
Close,0.02925248911889013,random_forest,1,ALL_EXCEPT_VOLATILITY
EMA_20,0.02900197503283098,random_forest,1,ALL_EXCEPT_VOLATILITY
SMA_20,0.026328702143435665,random_forest,1,ALL_EXCEPT_VOLATILITY
VOLUME_SMA_20,0.04232978820800781,xgboost,1,ALL_EXCEPT_VOLATILITY
LOWER_WICK,0.04122021049261093,xgboost,1,ALL_EXCEPT_VOLATILITY
VOLUME_EMA_20,0.040717437863349915,xgboost,1,ALL_EXCEPT_VOLATILITY
GAP_PCT,0.04042720049619675,xgboost,1,ALL_EXCEPT_VOLATILITY
Adj Close,0.039909567683935165,xgboost,1,ALL_EXCEPT_VOLATILITY
VOLUME_RATIO,0.03962535783648491,xgboost,1,ALL_EXCEPT_VOLATILITY
Volume,0.039411019533872604,xgboost,1,ALL_EXCEPT_VOLATILITY
HIGH_LOW_PCT,0.03877522051334381,xgboost,1,ALL_EXCEPT_VOLATILITY
ROC_12,0.03875484690070152,xgboost,1,ALL_EXCEPT_VOLATILITY
DAILY_RETURN,0.038342464715242386,xgboost,1,ALL_EXCEPT_VOLATILITY
RSI_14,0.03812813758850098,xgboost,1,ALL_EXCEPT_VOLATILITY
EMA_50,0.03704959899187088,xgboost,1,ALL_EXCEPT_VOLATILITY
Open,0.03627010062336922,xgboost,1,ALL_EXCEPT_VOLATILITY
UPPER_WICK,0.03616216033697128,xgboost,1,ALL_EXCEPT_VOLATILITY
SMA_50,0.03614392131567001,xgboost,1,ALL_EXCEPT_VOLATILITY
MOMENTUM_20,0.03598292917013168,xgboost,1,ALL_EXCEPT_VOLATILITY
OPEN_CLOSE_PCT,0.035854075103998184,xgboost,1,ALL_EXCEPT_VOLATILITY
MOMENTUM_10,0.03572646155953407,xgboost,1,ALL_EXCEPT_VOLATILITY
OBV,0.03565027564764023,xgboost,1,ALL_EXCEPT_VOLATILITY
Low,0.03551482409238815,xgboost,1,ALL_EXCEPT_VOLATILITY
VOLUME_CHANGE_PCT,0.03547217324376106,xgboost,1,ALL_EXCEPT_VOLATILITY
BODY_SIZE,0.03478226810693741,xgboost,1,ALL_EXCEPT_VOLATILITY
High,0.034649334847927094,xgboost,1,ALL_EXCEPT_VOLATILITY
PRICE_CHANGE_PCT,0.03461119160056114,xgboost,1,ALL_EXCEPT_VOLATILITY
EMA_20,0.03446190431714058,xgboost,1,ALL_EXCEPT_VOLATILITY
Close,0.03242777660489082,xgboost,1,ALL_EXCEPT_VOLATILITY
SMA_20,0.03159986808896065,xgboost,1,ALL_EXCEPT_VOLATILITY
VOLUME_SMA_20,1.368939643568994e-09,logistic_regression,2,ALL_EXCEPT_VOLATILITY
Volume,1.1458265927392188e-09,logistic_regression,2,ALL_EXCEPT_VOLATILITY
VOLUME_EMA_20,1.833031754793104e-10,logistic_regression,2,ALL_EXCEPT_VOLATILITY
OBV,7.484362077991232e-12,logistic_regression,2,ALL_EXCEPT_VOLATILITY
High,4.763336423678703e-13,logistic_regression,2,ALL_EXCEPT_VOLATILITY
Open,4.686676612822025e-13,logistic_regression,2,ALL_EXCEPT_VOLATILITY
Close,4.651149875616697e-13,logistic_regression,2,ALL_EXCEPT_VOLATILITY
Low,4.556810448651324e-13,logistic_regression,2,ALL_EXCEPT_VOLATILITY
SMA_20,4.485777591561517e-13,logistic_regression,2,ALL_EXCEPT_VOLATILITY
EMA_20,4.4371717403000945e-13,logistic_regression,2,ALL_EXCEPT_VOLATILITY
EMA_50,4.377044348282734e-13,logistic_regression,2,ALL_EXCEPT_VOLATILITY
SMA_50,4.2772171437145953e-13,logistic_regression,2,ALL_EXCEPT_VOLATILITY
Adj Close,4.1298316919046775e-13,logistic_regression,2,ALL_EXCEPT_VOLATILITY
MOMENTUM_20,4.2024705287280055e-14,logistic_regression,2,ALL_EXCEPT_VOLATILITY
ROC_12,3.88776304289325e-14,logistic_regression,2,ALL_EXCEPT_VOLATILITY
MOMENTUM_10,2.315610738263017e-14,logistic_regression,2,ALL_EXCEPT_VOLATILITY
PRICE_CHANGE_PCT,1.3881217560791878e-14,logistic_regression,2,ALL_EXCEPT_VOLATILITY
BODY_SIZE,1.1662223930635519e-14,logistic_regression,2,ALL_EXCEPT_VOLATILITY
GAP_PCT,1.1600974494488239e-14,logistic_regression,2,ALL_EXCEPT_VOLATILITY
VOLUME_CHANGE_PCT,1.1145171604450881e-14,logistic_regression,2,ALL_EXCEPT_VOLATILITY
RSI_14,9.516382874908136e-15,logistic_regression,2,ALL_EXCEPT_VOLATILITY
HIGH_LOW_PCT,6.1130265905635296e-15,logistic_regression,2,ALL_EXCEPT_VOLATILITY
LOWER_WICK,5.3791675914371624e-15,logistic_regression,2,ALL_EXCEPT_VOLATILITY
UPPER_WICK,3.611205980661339e-15,logistic_regression,2,ALL_EXCEPT_VOLATILITY
OPEN_CLOSE_PCT,2.357128528419755e-15,logistic_regression,2,ALL_EXCEPT_VOLATILITY
VOLUME_RATIO,1.1374039989504868e-15,logistic_regression,2,ALL_EXCEPT_VOLATILITY
DAILY_RETURN,1.3881217560788335e-16,logistic_regression,2,ALL_EXCEPT_VOLATILITY
GAP_PCT,0.046947437139247185,random_forest,2,ALL_EXCEPT_VOLATILITY
VOLUME_CHANGE_PCT,0.04548522246081144,random_forest,2,ALL_EXCEPT_VOLATILITY
VOLUME_RATIO,0.04394596998647647,random_forest,2,ALL_EXCEPT_VOLATILITY
RSI_14,0.043631543497349566,random_forest,2,ALL_EXCEPT_VOLATILITY
HIGH_LOW_PCT,0.04315857106484117,random_forest,2,ALL_EXCEPT_VOLATILITY
ROC_12,0.04234199848830342,random_forest,2,ALL_EXCEPT_VOLATILITY
VOLUME_EMA_20,0.041243352132440576,random_forest,2,ALL_EXCEPT_VOLATILITY
VOLUME_SMA_20,0.04119073643067139,random_forest,2,ALL_EXCEPT_VOLATILITY
BODY_SIZE,0.04090687645661302,random_forest,2,ALL_EXCEPT_VOLATILITY
MOMENTUM_10,0.04088778119121856,random_forest,2,ALL_EXCEPT_VOLATILITY
MOMENTUM_20,0.04073972768201466,random_forest,2,ALL_EXCEPT_VOLATILITY
UPPER_WICK,0.03907437064362869,random_forest,2,ALL_EXCEPT_VOLATILITY
LOWER_WICK,0.03891205077144817,random_forest,2,ALL_EXCEPT_VOLATILITY
OBV,0.03883437453689604,random_forest,2,ALL_EXCEPT_VOLATILITY
Volume,0.03793199523722519,random_forest,2,ALL_EXCEPT_VOLATILITY
DAILY_RETURN,0.037783880517474555,random_forest,2,ALL_EXCEPT_VOLATILITY
OPEN_CLOSE_PCT,0.03739496983335247,random_forest,2,ALL_EXCEPT_VOLATILITY
PRICE_CHANGE_PCT,0.03610652802914044,random_forest,2,ALL_EXCEPT_VOLATILITY
SMA_50,0.03227920257623611,random_forest,2,ALL_EXCEPT_VOLATILITY
EMA_50,0.031117280967785533,random_forest,2,ALL_EXCEPT_VOLATILITY
SMA_20,0.02984616521522527,random_forest,2,ALL_EXCEPT_VOLATILITY
High,0.02946482540872656,random_forest,2,ALL_EXCEPT_VOLATILITY
EMA_20,0.029375884021366313,random_forest,2,ALL_EXCEPT_VOLATILITY
Close,0.028223033476521026,random_forest,2,ALL_EXCEPT_VOLATILITY
Open,0.028022367258701913,random_forest,2,ALL_EXCEPT_VOLATILITY
Low,0.027973496720408587,random_forest,2,ALL_EXCEPT_VOLATILITY
Adj Close,0.027180358255875746,random_forest,2,ALL_EXCEPT_VOLATILITY
SMA_20,0.04210079088807106,xgboost,2,ALL_EXCEPT_VOLATILITY
Open,0.04160012677311897,xgboost,2,ALL_EXCEPT_VOLATILITY
HIGH_LOW_PCT,0.04067474231123924,xgboost,2,ALL_EXCEPT_VOLATILITY
Low,0.039030034095048904,xgboost,2,ALL_EXCEPT_VOLATILITY
High,0.03872567042708397,xgboost,2,ALL_EXCEPT_VOLATILITY
LOWER_WICK,0.038436051458120346,xgboost,2,ALL_EXCEPT_VOLATILITY
EMA_50,0.03803309425711632,xgboost,2,ALL_EXCEPT_VOLATILITY
VOLUME_EMA_20,0.03797488287091255,xgboost,2,ALL_EXCEPT_VOLATILITY
BODY_SIZE,0.037969715893268585,xgboost,2,ALL_EXCEPT_VOLATILITY
Volume,0.03758227452635765,xgboost,2,ALL_EXCEPT_VOLATILITY
DAILY_RETURN,0.0375203900039196,xgboost,2,ALL_EXCEPT_VOLATILITY
UPPER_WICK,0.03735511004924774,xgboost,2,ALL_EXCEPT_VOLATILITY
EMA_20,0.03726477921009064,xgboost,2,ALL_EXCEPT_VOLATILITY
RSI_14,0.03706694394350052,xgboost,2,ALL_EXCEPT_VOLATILITY
GAP_PCT,0.036627087742090225,xgboost,2,ALL_EXCEPT_VOLATILITY
Close,0.03645763173699379,xgboost,2,ALL_EXCEPT_VOLATILITY
Adj Close,0.03626330569386482,xgboost,2,ALL_EXCEPT_VOLATILITY
VOLUME_SMA_20,0.03611036017537117,xgboost,2,ALL_EXCEPT_VOLATILITY
ROC_12,0.035998597741127014,xgboost,2,ALL_EXCEPT_VOLATILITY
OBV,0.03589281067252159,xgboost,2,ALL_EXCEPT_VOLATILITY
VOLUME_RATIO,0.03540851175785065,xgboost,2,ALL_EXCEPT_VOLATILITY
PRICE_CHANGE_PCT,0.03525442257523537,xgboost,2,ALL_EXCEPT_VOLATILITY
OPEN_CLOSE_PCT,0.03507818281650543,xgboost,2,ALL_EXCEPT_VOLATILITY
MOMENTUM_10,0.03493859991431236,xgboost,2,ALL_EXCEPT_VOLATILITY
VOLUME_CHANGE_PCT,0.034280095249414444,xgboost,2,ALL_EXCEPT_VOLATILITY
MOMENTUM_20,0.0338238961994648,xgboost,2,ALL_EXCEPT_VOLATILITY
SMA_50,0.03253188729286194,xgboost,2,ALL_EXCEPT_VOLATILITY
VOLUME_SMA_20,3.597548379431894e-09,logistic_regression,3,ALL_EXCEPT_VOLATILITY
VOLUME_EMA_20,2.4903679656387992e-09,logistic_regression,3,ALL_EXCEPT_VOLATILITY
Volume,1.2660813734335046e-09,logistic_regression,3,ALL_EXCEPT_VOLATILITY
OBV,2.3514225907140716e-12,logistic_regression,3,ALL_EXCEPT_VOLATILITY
High,5.166230923419783e-13,logistic_regression,3,ALL_EXCEPT_VOLATILITY
Close,5.132384212576836e-13,logistic_regression,3,ALL_EXCEPT_VOLATILITY
Open,5.129379790853947e-13,logistic_regression,3,ALL_EXCEPT_VOLATILITY
Low,5.015669357141058e-13,logistic_regression,3,ALL_EXCEPT_VOLATILITY
SMA_20,4.795098993554024e-13,logistic_regression,3,ALL_EXCEPT_VOLATILITY
EMA_20,4.729097397969968e-13,logistic_regression,3,ALL_EXCEPT_VOLATILITY
Adj Close,4.661543033160007e-13,logistic_regression,3,ALL_EXCEPT_VOLATILITY
EMA_50,4.572253376562652e-13,logistic_regression,3,ALL_EXCEPT_VOLATILITY
SMA_50,4.3743193759658186e-13,logistic_regression,3,ALL_EXCEPT_VOLATILITY
MOMENTUM_20,7.127232292047768e-14,logistic_regression,3,ALL_EXCEPT_VOLATILITY
ROC_12,4.697447429333997e-14,logistic_regression,3,ALL_EXCEPT_VOLATILITY
MOMENTUM_10,4.583983784421997e-14,logistic_regression,3,ALL_EXCEPT_VOLATILITY
RSI_14,3.335286924204342e-14,logistic_regression,3,ALL_EXCEPT_VOLATILITY
PRICE_CHANGE_PCT,1.3260242689300257e-14,logistic_regression,3,ALL_EXCEPT_VOLATILITY
VOLUME_CHANGE_PCT,1.0872415629048352e-14,logistic_regression,3,ALL_EXCEPT_VOLATILITY
GAP_PCT,8.894533890669159e-15,logistic_regression,3,ALL_EXCEPT_VOLATILITY
LOWER_WICK,8.111924864042644e-15,logistic_regression,3,ALL_EXCEPT_VOLATILITY
BODY_SIZE,6.818679186698453e-15,logistic_regression,3,ALL_EXCEPT_VOLATILITY
OPEN_CLOSE_PCT,4.419676842552688e-15,logistic_regression,3,ALL_EXCEPT_VOLATILITY
HIGH_LOW_PCT,4.399086433239309e-15,logistic_regression,3,ALL_EXCEPT_VOLATILITY
DAILY_RETURN,1.326024268929842e-16,logistic_regression,3,ALL_EXCEPT_VOLATILITY
UPPER_WICK,1.2555257705693762e-16,logistic_regression,3,ALL_EXCEPT_VOLATILITY
VOLUME_RATIO,8.339126383669181e-17,logistic_regression,3,ALL_EXCEPT_VOLATILITY
GAP_PCT,0.047674168317039224,random_forest,3,ALL_EXCEPT_VOLATILITY
VOLUME_CHANGE_PCT,0.046257898659615916,random_forest,3,ALL_EXCEPT_VOLATILITY
ROC_12,0.045705217707124234,random_forest,3,ALL_EXCEPT_VOLATILITY
VOLUME_RATIO,0.04490251318907697,random_forest,3,ALL_EXCEPT_VOLATILITY
HIGH_LOW_PCT,0.04323083074806146,random_forest,3,ALL_EXCEPT_VOLATILITY
RSI_14,0.042855325675652096,random_forest,3,ALL_EXCEPT_VOLATILITY
MOMENTUM_10,0.04279021953152972,random_forest,3,ALL_EXCEPT_VOLATILITY
MOMENTUM_20,0.04203095612446713,random_forest,3,ALL_EXCEPT_VOLATILITY
UPPER_WICK,0.04112439568994624,random_forest,3,ALL_EXCEPT_VOLATILITY
BODY_SIZE,0.04102811915988725,random_forest,3,ALL_EXCEPT_VOLATILITY
LOWER_WICK,0.04052876642846002,random_forest,3,ALL_EXCEPT_VOLATILITY
Volume,0.039518530049535865,random_forest,3,ALL_EXCEPT_VOLATILITY
OBV,0.03913911962602246,random_forest,3,ALL_EXCEPT_VOLATILITY
VOLUME_EMA_20,0.0389438803921648,random_forest,3,ALL_EXCEPT_VOLATILITY
OPEN_CLOSE_PCT,0.038737715822220686,random_forest,3,ALL_EXCEPT_VOLATILITY
VOLUME_SMA_20,0.03823148768806546,random_forest,3,ALL_EXCEPT_VOLATILITY
DAILY_RETURN,0.03630969333885634,random_forest,3,ALL_EXCEPT_VOLATILITY
PRICE_CHANGE_PCT,0.03622167242914499,random_forest,3,ALL_EXCEPT_VOLATILITY
SMA_50,0.030712966840237256,random_forest,3,ALL_EXCEPT_VOLATILITY
Adj Close,0.029445471410545664,random_forest,3,ALL_EXCEPT_VOLATILITY
EMA_50,0.028905777683466808,random_forest,3,ALL_EXCEPT_VOLATILITY
SMA_20,0.028834915017849388,random_forest,3,ALL_EXCEPT_VOLATILITY
EMA_20,0.028426377837905314,random_forest,3,ALL_EXCEPT_VOLATILITY
High,0.02734293672744043,random_forest,3,ALL_EXCEPT_VOLATILITY
Open,0.027329319952273372,random_forest,3,ALL_EXCEPT_VOLATILITY
Low,0.027074663639447816,random_forest,3,ALL_EXCEPT_VOLATILITY
Close,0.026697060313963194,random_forest,3,ALL_EXCEPT_VOLATILITY
Close,0.04844747856259346,xgboost,3,ALL_EXCEPT_VOLATILITY
SMA_20,0.042845796793699265,xgboost,3,ALL_EXCEPT_VOLATILITY
ROC_12,0.04096773639321327,xgboost,3,ALL_EXCEPT_VOLATILITY
Low,0.03983258828520775,xgboost,3,ALL_EXCEPT_VOLATILITY
OBV,0.03771209344267845,xgboost,3,ALL_EXCEPT_VOLATILITY
LOWER_WICK,0.037598155438899994,xgboost,3,ALL_EXCEPT_VOLATILITY
Volume,0.03759664669632912,xgboost,3,ALL_EXCEPT_VOLATILITY
GAP_PCT,0.03746497258543968,xgboost,3,ALL_EXCEPT_VOLATILITY
EMA_20,0.03737897053360939,xgboost,3,ALL_EXCEPT_VOLATILITY
UPPER_WICK,0.03722793236374855,xgboost,3,ALL_EXCEPT_VOLATILITY
High,0.03722156584262848,xgboost,3,ALL_EXCEPT_VOLATILITY
BODY_SIZE,0.037197377532720566,xgboost,3,ALL_EXCEPT_VOLATILITY
HIGH_LOW_PCT,0.03717000037431717,xgboost,3,ALL_EXCEPT_VOLATILITY
VOLUME_RATIO,0.03705509006977081,xgboost,3,ALL_EXCEPT_VOLATILITY
DAILY_RETURN,0.036877457052469254,xgboost,3,ALL_EXCEPT_VOLATILITY
MOMENTUM_20,0.035685762763023376,xgboost,3,ALL_EXCEPT_VOLATILITY
RSI_14,0.03566155582666397,xgboost,3,ALL_EXCEPT_VOLATILITY
OPEN_CLOSE_PCT,0.03562738373875618,xgboost,3,ALL_EXCEPT_VOLATILITY
MOMENTUM_10,0.03559531271457672,xgboost,3,ALL_EXCEPT_VOLATILITY
EMA_50,0.035406675189733505,xgboost,3,ALL_EXCEPT_VOLATILITY
Open,0.03522792458534241,xgboost,3,ALL_EXCEPT_VOLATILITY
Adj Close,0.03508548438549042,xgboost,3,ALL_EXCEPT_VOLATILITY
SMA_50,0.035072531551122665,xgboost,3,ALL_EXCEPT_VOLATILITY
VOLUME_EMA_20,0.03459841012954712,xgboost,3,ALL_EXCEPT_VOLATILITY
VOLUME_CHANGE_PCT,0.034172315150499344,xgboost,3,ALL_EXCEPT_VOLATILITY
VOLUME_SMA_20,0.033799927681684494,xgboost,3,ALL_EXCEPT_VOLATILITY
PRICE_CHANGE_PCT,0.031472787261009216,xgboost,3,ALL_EXCEPT_VOLATILITY
Volume,8.654575303610761e-11,logistic_regression,1,ALL_EXCEPT_VOLUME
RSI_14,1.5494568410255107e-14,logistic_regression,1,ALL_EXCEPT_VOLUME
ROC_12,9.843626705403422e-15,logistic_regression,1,ALL_EXCEPT_VOLUME
MOMENTUM_20,2.7787376603172766e-15,logistic_regression,1,ALL_EXCEPT_VOLUME
MOMENTUM_10,1.5383740727365542e-15,logistic_regression,1,ALL_EXCEPT_VOLUME
SMA_50,1.405119263696938e-15,logistic_regression,1,ALL_EXCEPT_VOLUME
Close,1.3302022583446036e-15,logistic_regression,1,ALL_EXCEPT_VOLUME
OPEN_CLOSE_PCT,1.2387206162169193e-15,logistic_regression,1,ALL_EXCEPT_VOLUME
EMA_50,1.1479511577091592e-15,logistic_regression,1,ALL_EXCEPT_VOLUME
High,1.100030665709366e-15,logistic_regression,1,ALL_EXCEPT_VOLUME
Low,9.755084293259787e-16,logistic_regression,1,ALL_EXCEPT_VOLUME
Open,8.743063195888029e-16,logistic_regression,1,ALL_EXCEPT_VOLUME
PRICE_CHANGE_PCT,7.61767558607091e-16,logistic_regression,1,ALL_EXCEPT_VOLUME
DAILY_RANGE_PCT,6.535555459226931e-16,logistic_regression,1,ALL_EXCEPT_VOLUME
HIGH_LOW_PCT,6.535555459226931e-16,logistic_regression,1,ALL_EXCEPT_VOLUME
SMA_20,5.585416727202879e-16,logistic_regression,1,ALL_EXCEPT_VOLUME
GAP_PCT,5.155900607824367e-16,logistic_regression,1,ALL_EXCEPT_VOLUME
EMA_20,3.177301231666481e-16,logistic_regression,1,ALL_EXCEPT_VOLUME
LOWER_WICK,2.375256444207814e-16,logistic_regression,1,ALL_EXCEPT_VOLUME
BODY_SIZE,2.2155956956008476e-16,logistic_regression,1,ALL_EXCEPT_VOLUME
TRUE_RANGE,1.444920209755052e-16,logistic_regression,1,ALL_EXCEPT_VOLUME
ROLLING_STD_20,1.3358440263875922e-16,logistic_regression,1,ALL_EXCEPT_VOLUME
UPPER_WICK,1.0855616152270217e-16,logistic_regression,1,ALL_EXCEPT_VOLUME
ATR_14,1.0655501978327302e-16,logistic_regression,1,ALL_EXCEPT_VOLUME
Adj Close,6.680711571532726e-17,logistic_regression,1,ALL_EXCEPT_VOLUME
HIST_VOL_20,5.327064432857361e-17,logistic_regression,1,ALL_EXCEPT_VOLUME
DAILY_RETURN,7.617675586070958e-18,logistic_regression,1,ALL_EXCEPT_VOLUME
ROLLING_STD_20,0.047504474304436786,random_forest,1,ALL_EXCEPT_VOLUME
GAP_PCT,0.04551780527049663,random_forest,1,ALL_EXCEPT_VOLUME
LOWER_WICK,0.04550171540078386,random_forest,1,ALL_EXCEPT_VOLUME
MOMENTUM_20,0.045085816621799245,random_forest,1,ALL_EXCEPT_VOLUME
ROC_12,0.0443145593294183,random_forest,1,ALL_EXCEPT_VOLUME
Volume,0.043517708723509886,random_forest,1,ALL_EXCEPT_VOLUME
HIST_VOL_20,0.043396109852884654,random_forest,1,ALL_EXCEPT_VOLUME
MOMENTUM_10,0.04142484563754129,random_forest,1,ALL_EXCEPT_VOLUME
RSI_14,0.04042201305948505,random_forest,1,ALL_EXCEPT_VOLUME
ATR_14,0.03933972144973516,random_forest,1,ALL_EXCEPT_VOLUME
UPPER_WICK,0.036986430108653226,random_forest,1,ALL_EXCEPT_VOLUME
TRUE_RANGE,0.03673032617054081,random_forest,1,ALL_EXCEPT_VOLUME
BODY_SIZE,0.03588334110009068,random_forest,1,ALL_EXCEPT_VOLUME
OPEN_CLOSE_PCT,0.03577098826828486,random_forest,1,ALL_EXCEPT_VOLUME
PRICE_CHANGE_PCT,0.035698802008320756,random_forest,1,ALL_EXCEPT_VOLUME
HIGH_LOW_PCT,0.03531271931806488,random_forest,1,ALL_EXCEPT_VOLUME
DAILY_RETURN,0.03492490691022884,random_forest,1,ALL_EXCEPT_VOLUME
DAILY_RANGE_PCT,0.03474525499597311,random_forest,1,ALL_EXCEPT_VOLUME
SMA_50,0.033191067884111525,random_forest,1,ALL_EXCEPT_VOLUME
EMA_50,0.033140259079866265,random_forest,1,ALL_EXCEPT_VOLUME
Adj Close,0.03197554781137799,random_forest,1,ALL_EXCEPT_VOLUME
High,0.03126649872409479,random_forest,1,ALL_EXCEPT_VOLUME
Open,0.03050783888872737,random_forest,1,ALL_EXCEPT_VOLUME
EMA_20,0.029941425623587228,random_forest,1,ALL_EXCEPT_VOLUME
Low,0.02965295081583999,random_forest,1,ALL_EXCEPT_VOLUME
SMA_20,0.029311101750349677,random_forest,1,ALL_EXCEPT_VOLUME
Close,0.028935770891797066,random_forest,1,ALL_EXCEPT_VOLUME
Close,0.04286075010895729,xgboost,1,ALL_EXCEPT_VOLUME
SMA_20,0.04055313393473625,xgboost,1,ALL_EXCEPT_VOLUME
Adj Close,0.040113165974617004,xgboost,1,ALL_EXCEPT_VOLUME
GAP_PCT,0.039656199514865875,xgboost,1,ALL_EXCEPT_VOLUME
Open,0.03949306905269623,xgboost,1,ALL_EXCEPT_VOLUME
EMA_20,0.03942812234163284,xgboost,1,ALL_EXCEPT_VOLUME
ROC_12,0.03890756890177727,xgboost,1,ALL_EXCEPT_VOLUME
MOMENTUM_20,0.03884638100862503,xgboost,1,ALL_EXCEPT_VOLUME
ROLLING_STD_20,0.038753531873226166,xgboost,1,ALL_EXCEPT_VOLUME
EMA_50,0.038380496203899384,xgboost,1,ALL_EXCEPT_VOLUME
LOWER_WICK,0.03779705613851547,xgboost,1,ALL_EXCEPT_VOLUME
Volume,0.0376761220395565,xgboost,1,ALL_EXCEPT_VOLUME
TRUE_RANGE,0.03766964003443718,xgboost,1,ALL_EXCEPT_VOLUME
ATR_14,0.036545924842357635,xgboost,1,ALL_EXCEPT_VOLUME
High,0.03640762344002724,xgboost,1,ALL_EXCEPT_VOLUME
UPPER_WICK,0.03631942719221115,xgboost,1,ALL_EXCEPT_VOLUME
DAILY_RANGE_PCT,0.03588082641363144,xgboost,1,ALL_EXCEPT_VOLUME
PRICE_CHANGE_PCT,0.035694513469934464,xgboost,1,ALL_EXCEPT_VOLUME
DAILY_RETURN,0.03529451787471771,xgboost,1,ALL_EXCEPT_VOLUME
Low,0.03469744324684143,xgboost,1,ALL_EXCEPT_VOLUME
SMA_50,0.03457430750131607,xgboost,1,ALL_EXCEPT_VOLUME
HIST_VOL_20,0.03454650938510895,xgboost,1,ALL_EXCEPT_VOLUME
OPEN_CLOSE_PCT,0.03445083647966385,xgboost,1,ALL_EXCEPT_VOLUME
BODY_SIZE,0.034221865236759186,xgboost,1,ALL_EXCEPT_VOLUME
RSI_14,0.0342111811041832,xgboost,1,ALL_EXCEPT_VOLUME
MOMENTUM_10,0.03351995721459389,xgboost,1,ALL_EXCEPT_VOLUME
HIGH_LOW_PCT,0.03349994868040085,xgboost,1,ALL_EXCEPT_VOLUME
Volume,8.229157095269137e-10,logistic_regression,2,ALL_EXCEPT_VOLUME
RSI_14,1.6500123537152902e-14,logistic_regression,2,ALL_EXCEPT_VOLUME
MOMENTUM_20,1.031669107613322e-14,logistic_regression,2,ALL_EXCEPT_VOLUME
ROC_12,1.0289262366240437e-14,logistic_regression,2,ALL_EXCEPT_VOLUME
SMA_50,8.09766464473704e-15,logistic_regression,2,ALL_EXCEPT_VOLUME
MOMENTUM_10,5.5762650164809415e-15,logistic_regression,2,ALL_EXCEPT_VOLUME
EMA_50,5.300873530335272e-15,logistic_regression,2,ALL_EXCEPT_VOLUME
EMA_20,5.156049935375117e-15,logistic_regression,2,ALL_EXCEPT_VOLUME
PRICE_CHANGE_PCT,4.596686958384832e-15,logistic_regression,2,ALL_EXCEPT_VOLUME
GAP_PCT,4.083523572103045e-15,logistic_regression,2,ALL_EXCEPT_VOLUME
SMA_20,3.7895643571589e-15,logistic_regression,2,ALL_EXCEPT_VOLUME
TRUE_RANGE,1.118848143824264e-15,logistic_regression,2,ALL_EXCEPT_VOLUME
High,1.0817356767050127e-15,logistic_regression,2,ALL_EXCEPT_VOLUME
Open,8.976224110437314e-16,logistic_regression,2,ALL_EXCEPT_VOLUME
BODY_SIZE,8.687675907246021e-16,logistic_regression,2,ALL_EXCEPT_VOLUME
ATR_14,7.455986932590447e-16,logistic_regression,2,ALL_EXCEPT_VOLUME
Adj Close,7.029600866768308e-16,logistic_regression,2,ALL_EXCEPT_VOLUME
DAILY_RANGE_PCT,5.613887411997848e-16,logistic_regression,2,ALL_EXCEPT_VOLUME
HIGH_LOW_PCT,5.613887411997848e-16,logistic_regression,2,ALL_EXCEPT_VOLUME
OPEN_CLOSE_PCT,5.212361490343791e-16,logistic_regression,2,ALL_EXCEPT_VOLUME
HIST_VOL_20,3.9258016563533756e-16,logistic_regression,2,ALL_EXCEPT_VOLUME
LOWER_WICK,3.6017527342755373e-16,logistic_regression,2,ALL_EXCEPT_VOLUME
Close,2.72253243742601e-16,logistic_regression,2,ALL_EXCEPT_VOLUME
Low,2.0962124139669915e-16,logistic_regression,2,ALL_EXCEPT_VOLUME
UPPER_WICK,6.241405394939591e-17,logistic_regression,2,ALL_EXCEPT_VOLUME
ROLLING_STD_20,5.306462069037321e-17,logistic_regression,2,ALL_EXCEPT_VOLUME
DAILY_RETURN,4.5966869583848454e-17,logistic_regression,2,ALL_EXCEPT_VOLUME
GAP_PCT,0.04697578493261328,random_forest,2,ALL_EXCEPT_VOLUME
HIST_VOL_20,0.046187127445008976,random_forest,2,ALL_EXCEPT_VOLUME
ROC_12,0.044760940602215485,random_forest,2,ALL_EXCEPT_VOLUME
MOMENTUM_20,0.04411777632107843,random_forest,2,ALL_EXCEPT_VOLUME
RSI_14,0.04258251394072823,random_forest,2,ALL_EXCEPT_VOLUME
ROLLING_STD_20,0.042555056761615084,random_forest,2,ALL_EXCEPT_VOLUME
MOMENTUM_10,0.0421904080818694,random_forest,2,ALL_EXCEPT_VOLUME
Volume,0.04190633861032318,random_forest,2,ALL_EXCEPT_VOLUME
BODY_SIZE,0.040978356983897755,random_forest,2,ALL_EXCEPT_VOLUME
LOWER_WICK,0.040767912547218496,random_forest,2,ALL_EXCEPT_VOLUME
ATR_14,0.040078202797419235,random_forest,2,ALL_EXCEPT_VOLUME
UPPER_WICK,0.03902099797356004,random_forest,2,ALL_EXCEPT_VOLUME
TRUE_RANGE,0.037974893555341456,random_forest,2,ALL_EXCEPT_VOLUME
DAILY_RETURN,0.03790438706346471,random_forest,2,ALL_EXCEPT_VOLUME
OPEN_CLOSE_PCT,0.037394588386652,random_forest,2,ALL_EXCEPT_VOLUME
HIGH_LOW_PCT,0.03738098069009887,random_forest,2,ALL_EXCEPT_VOLUME
PRICE_CHANGE_PCT,0.037317695539780676,random_forest,2,ALL_EXCEPT_VOLUME
DAILY_RANGE_PCT,0.03601938359109791,random_forest,2,ALL_EXCEPT_VOLUME
SMA_50,0.03197137459178274,random_forest,2,ALL_EXCEPT_VOLUME
SMA_20,0.030723563747335075,random_forest,2,ALL_EXCEPT_VOLUME
EMA_50,0.030412837366479133,random_forest,2,ALL_EXCEPT_VOLUME
Adj Close,0.03024457449551522,random_forest,2,ALL_EXCEPT_VOLUME
EMA_20,0.029667835621235806,random_forest,2,ALL_EXCEPT_VOLUME
High,0.028815320339430798,random_forest,2,ALL_EXCEPT_VOLUME
Low,0.027824250364923885,random_forest,2,ALL_EXCEPT_VOLUME
Close,0.0273830976898491,random_forest,2,ALL_EXCEPT_VOLUME
Open,0.026843799959465148,random_forest,2,ALL_EXCEPT_VOLUME
SMA_20,0.04539193585515022,xgboost,2,ALL_EXCEPT_VOLUME
EMA_50,0.04052111878991127,xgboost,2,ALL_EXCEPT_VOLUME
EMA_20,0.04034831374883652,xgboost,2,ALL_EXCEPT_VOLUME
Close,0.04004032164812088,xgboost,2,ALL_EXCEPT_VOLUME
SMA_50,0.03963358700275421,xgboost,2,ALL_EXCEPT_VOLUME
BODY_SIZE,0.03866543248295784,xgboost,2,ALL_EXCEPT_VOLUME
Open,0.038275349885225296,xgboost,2,ALL_EXCEPT_VOLUME
HIST_VOL_20,0.03809729591012001,xgboost,2,ALL_EXCEPT_VOLUME
TRUE_RANGE,0.03769134357571602,xgboost,2,ALL_EXCEPT_VOLUME
Low,0.03762819245457649,xgboost,2,ALL_EXCEPT_VOLUME
High,0.037362419068813324,xgboost,2,ALL_EXCEPT_VOLUME
LOWER_WICK,0.037327930331230164,xgboost,2,ALL_EXCEPT_VOLUME
RSI_14,0.03727368637919426,xgboost,2,ALL_EXCEPT_VOLUME
ATR_14,0.03717056289315224,xgboost,2,ALL_EXCEPT_VOLUME
DAILY_RETURN,0.03711298853158951,xgboost,2,ALL_EXCEPT_VOLUME
ROC_12,0.03662727028131485,xgboost,2,ALL_EXCEPT_VOLUME
Volume,0.036262188106775284,xgboost,2,ALL_EXCEPT_VOLUME
DAILY_RANGE_PCT,0.03625244274735451,xgboost,2,ALL_EXCEPT_VOLUME
ROLLING_STD_20,0.03548058122396469,xgboost,2,ALL_EXCEPT_VOLUME
MOMENTUM_20,0.03521523252129555,xgboost,2,ALL_EXCEPT_VOLUME
UPPER_WICK,0.03512139245867729,xgboost,2,ALL_EXCEPT_VOLUME
GAP_PCT,0.034994445741176605,xgboost,2,ALL_EXCEPT_VOLUME
HIGH_LOW_PCT,0.033924002200365067,xgboost,2,ALL_EXCEPT_VOLUME
OPEN_CLOSE_PCT,0.03386417403817177,xgboost,2,ALL_EXCEPT_VOLUME
PRICE_CHANGE_PCT,0.033814847469329834,xgboost,2,ALL_EXCEPT_VOLUME
MOMENTUM_10,0.03297420218586922,xgboost,2,ALL_EXCEPT_VOLUME
Adj Close,0.03292878344655037,xgboost,2,ALL_EXCEPT_VOLUME
High,1.3394893003213579e-05,logistic_regression,3,ALL_EXCEPT_VOLUME
Close,1.3393401053116344e-05,logistic_regression,3,ALL_EXCEPT_VOLUME
Open,1.3354322791857902e-05,logistic_regression,3,ALL_EXCEPT_VOLUME
Low,1.2981153369739578e-05,logistic_regression,3,ALL_EXCEPT_VOLUME
Adj Close,1.2008487653638242e-05,logistic_regression,3,ALL_EXCEPT_VOLUME
SMA_20,1.1706492793893861e-05,logistic_regression,3,ALL_EXCEPT_VOLUME
EMA_20,1.1365854312511024e-05,logistic_regression,3,ALL_EXCEPT_VOLUME
EMA_50,1.065040822257372e-05,logistic_regression,3,ALL_EXCEPT_VOLUME
SMA_50,9.664548368324595e-06,logistic_regression,3,ALL_EXCEPT_VOLUME
MOMENTUM_20,3.58739149828443e-06,logistic_regression,3,ALL_EXCEPT_VOLUME
ROC_12,2.3673600481786167e-06,logistic_regression,3,ALL_EXCEPT_VOLUME
MOMENTUM_10,2.2090374805442805e-06,logistic_regression,3,ALL_EXCEPT_VOLUME
PRICE_CHANGE_PCT,8.285783597684021e-07,logistic_regression,3,ALL_EXCEPT_VOLUME
GAP_PCT,6.526914552761601e-07,logistic_regression,3,ALL_EXCEPT_VOLUME
RSI_14,6.063147067320033e-07,logistic_regression,3,ALL_EXCEPT_VOLUME
ATR_14,3.467404047082658e-07,logistic_regression,3,ALL_EXCEPT_VOLUME
LOWER_WICK,3.147606801132254e-07,logistic_regression,3,ALL_EXCEPT_VOLUME
TRUE_RANGE,2.585038520011074e-07,logistic_regression,3,ALL_EXCEPT_VOLUME
OPEN_CLOSE_PCT,1.7706966239453498e-07,logistic_regression,3,ALL_EXCEPT_VOLUME
HIGH_LOW_PCT,1.6952886616091614e-07,logistic_regression,3,ALL_EXCEPT_VOLUME
DAILY_RANGE_PCT,1.6952886616091614e-07,logistic_regression,3,ALL_EXCEPT_VOLUME
ROLLING_STD_20,1.5810653344272027e-07,logistic_regression,3,ALL_EXCEPT_VOLUME
BODY_SIZE,1.5589574526871414e-07,logistic_regression,3,ALL_EXCEPT_VOLUME
HIST_VOL_20,8.07043298483588e-08,logistic_regression,3,ALL_EXCEPT_VOLUME
UPPER_WICK,5.6916791907906766e-08,logistic_regression,3,ALL_EXCEPT_VOLUME
DAILY_RETURN,8.285783597684034e-09,logistic_regression,3,ALL_EXCEPT_VOLUME
Volume,9.604719369694518e-10,logistic_regression,3,ALL_EXCEPT_VOLUME
GAP_PCT,0.04832497699952334,random_forest,3,ALL_EXCEPT_VOLUME
HIST_VOL_20,0.0454469126986313,random_forest,3,ALL_EXCEPT_VOLUME
ROC_12,0.04468633291844678,random_forest,3,ALL_EXCEPT_VOLUME
Volume,0.04405035371987902,random_forest,3,ALL_EXCEPT_VOLUME
MOMENTUM_10,0.04347691235429996,random_forest,3,ALL_EXCEPT_VOLUME
ROLLING_STD_20,0.04242361121672324,random_forest,3,ALL_EXCEPT_VOLUME
MOMENTUM_20,0.042095251735749434,random_forest,3,ALL_EXCEPT_VOLUME
RSI_14,0.041510911031938005,random_forest,3,ALL_EXCEPT_VOLUME
LOWER_WICK,0.04134270533732708,random_forest,3,ALL_EXCEPT_VOLUME
UPPER_WICK,0.0400699976018454,random_forest,3,ALL_EXCEPT_VOLUME
ATR_14,0.04005449760807782,random_forest,3,ALL_EXCEPT_VOLUME
BODY_SIZE,0.0400384171034866,random_forest,3,ALL_EXCEPT_VOLUME
OPEN_CLOSE_PCT,0.03890079326406055,random_forest,3,ALL_EXCEPT_VOLUME
DAILY_RETURN,0.03791095821199798,random_forest,3,ALL_EXCEPT_VOLUME
HIGH_LOW_PCT,0.037489532183787845,random_forest,3,ALL_EXCEPT_VOLUME
PRICE_CHANGE_PCT,0.03696556726339715,random_forest,3,ALL_EXCEPT_VOLUME
DAILY_RANGE_PCT,0.036938666079555246,random_forest,3,ALL_EXCEPT_VOLUME
TRUE_RANGE,0.03579131300652563,random_forest,3,ALL_EXCEPT_VOLUME
SMA_50,0.03212286979149734,random_forest,3,ALL_EXCEPT_VOLUME
SMA_20,0.030264886555418445,random_forest,3,ALL_EXCEPT_VOLUME
EMA_50,0.030065414849761895,random_forest,3,ALL_EXCEPT_VOLUME
Adj Close,0.03000482703902518,random_forest,3,ALL_EXCEPT_VOLUME
Close,0.028841328532330807,random_forest,3,ALL_EXCEPT_VOLUME
High,0.027962802747809108,random_forest,3,ALL_EXCEPT_VOLUME
EMA_20,0.027953778060823335,random_forest,3,ALL_EXCEPT_VOLUME
Low,0.02779633658229665,random_forest,3,ALL_EXCEPT_VOLUME
Open,0.027470045505784853,random_forest,3,ALL_EXCEPT_VOLUME
SMA_20,0.04176861047744751,xgboost,3,ALL_EXCEPT_VOLUME
TRUE_RANGE,0.04098578542470932,xgboost,3,ALL_EXCEPT_VOLUME
HIGH_LOW_PCT,0.04024084657430649,xgboost,3,ALL_EXCEPT_VOLUME
Low,0.03930740803480148,xgboost,3,ALL_EXCEPT_VOLUME
EMA_50,0.03927667438983917,xgboost,3,ALL_EXCEPT_VOLUME
ROC_12,0.03925066441297531,xgboost,3,ALL_EXCEPT_VOLUME
MOMENTUM_10,0.03907034173607826,xgboost,3,ALL_EXCEPT_VOLUME
UPPER_WICK,0.03819596767425537,xgboost,3,ALL_EXCEPT_VOLUME
ROLLING_STD_20,0.0380171462893486,xgboost,3,ALL_EXCEPT_VOLUME
OPEN_CLOSE_PCT,0.03790636360645294,xgboost,3,ALL_EXCEPT_VOLUME
RSI_14,0.03782051056623459,xgboost,3,ALL_EXCEPT_VOLUME
Open,0.03738555312156677,xgboost,3,ALL_EXCEPT_VOLUME
MOMENTUM_20,0.03653258830308914,xgboost,3,ALL_EXCEPT_VOLUME
DAILY_RETURN,0.03645579144358635,xgboost,3,ALL_EXCEPT_VOLUME
HIST_VOL_20,0.036315109580755234,xgboost,3,ALL_EXCEPT_VOLUME
High,0.036221522837877274,xgboost,3,ALL_EXCEPT_VOLUME
Close,0.03605743125081062,xgboost,3,ALL_EXCEPT_VOLUME
LOWER_WICK,0.035679347813129425,xgboost,3,ALL_EXCEPT_VOLUME
Adj Close,0.03561348840594292,xgboost,3,ALL_EXCEPT_VOLUME
ATR_14,0.03560560941696167,xgboost,3,ALL_EXCEPT_VOLUME
GAP_PCT,0.0355004221200943,xgboost,3,ALL_EXCEPT_VOLUME
Volume,0.035302456468343735,xgboost,3,ALL_EXCEPT_VOLUME
PRICE_CHANGE_PCT,0.03518866375088692,xgboost,3,ALL_EXCEPT_VOLUME
BODY_SIZE,0.035142622888088226,xgboost,3,ALL_EXCEPT_VOLUME
DAILY_RANGE_PCT,0.034940849989652634,xgboost,3,ALL_EXCEPT_VOLUME
EMA_20,0.0341079980134964,xgboost,3,ALL_EXCEPT_VOLUME
SMA_50,0.03211021050810814,xgboost,3,ALL_EXCEPT_VOLUME
VOLUME_SMA_20,4.438439072146609e-09,logistic_regression,1,ALL_EXCEPT_PRICE
VOLUME_EMA_20,3.6868985474815797e-09,logistic_regression,1,ALL_EXCEPT_PRICE
Volume,3.7461237142827025e-10,logistic_regression,1,ALL_EXCEPT_PRICE
OBV,1.3608372297372819e-11,logistic_regression,1,ALL_EXCEPT_PRICE
RSI_14,9.758312169193344e-14,logistic_regression,1,ALL_EXCEPT_PRICE
ROC_12,3.8120858502385307e-14,logistic_regression,1,ALL_EXCEPT_PRICE
Close,3.3641879146956814e-14,logistic_regression,1,ALL_EXCEPT_PRICE
High,3.261538416961917e-14,logistic_regression,1,ALL_EXCEPT_PRICE
Low,3.1831511351557637e-14,logistic_regression,1,ALL_EXCEPT_PRICE
Open,3.166335025621505e-14,logistic_regression,1,ALL_EXCEPT_PRICE
EMA_20,2.7303572547085197e-14,logistic_regression,1,ALL_EXCEPT_PRICE
SMA_20,2.618997921826565e-14,logistic_regression,1,ALL_EXCEPT_PRICE
EMA_50,2.389140293784851e-14,logistic_regression,1,ALL_EXCEPT_PRICE
SMA_50,2.3515149210864012e-14,logistic_regression,1,ALL_EXCEPT_PRICE
Adj Close,2.34352230733389e-14,logistic_regression,1,ALL_EXCEPT_PRICE
MOMENTUM_20,1.0338379405775506e-14,logistic_regression,1,ALL_EXCEPT_PRICE
MOMENTUM_10,6.39630499257388e-15,logistic_regression,1,ALL_EXCEPT_PRICE
PRICE_CHANGE_PCT,2.799057829871031e-15,logistic_regression,1,ALL_EXCEPT_PRICE
VOLUME_CHANGE_PCT,2.6877414066089602e-15,logistic_regression,1,ALL_EXCEPT_PRICE
DAILY_RANGE_PCT,2.392481762362126e-15,logistic_regression,1,ALL_EXCEPT_PRICE
VOLUME_RATIO,1.7724128348272387e-15,logistic_regression,1,ALL_EXCEPT_PRICE
ATR_14,1.207272745819261e-15,logistic_regression,1,ALL_EXCEPT_PRICE
TRUE_RANGE,9.334427984678727e-16,logistic_regression,1,ALL_EXCEPT_PRICE
ROLLING_STD_20,6.263581789982641e-16,logistic_regression,1,ALL_EXCEPT_PRICE
HIST_VOL_20,3.658650956976088e-16,logistic_regression,1,ALL_EXCEPT_PRICE
DAILY_RETURN,2.799057829871029e-17,logistic_regression,1,ALL_EXCEPT_PRICE
ROLLING_STD_20,0.04737010945054268,random_forest,1,ALL_EXCEPT_PRICE
ROC_12,0.04673181687680272,random_forest,1,ALL_EXCEPT_PRICE
HIST_VOL_20,0.045422095442393874,random_forest,1,ALL_EXCEPT_PRICE
VOLUME_CHANGE_PCT,0.044865893523398336,random_forest,1,ALL_EXCEPT_PRICE
VOLUME_EMA_20,0.044106602338995826,random_forest,1,ALL_EXCEPT_PRICE
VOLUME_RATIO,0.04365081488770456,random_forest,1,ALL_EXCEPT_PRICE
MOMENTUM_20,0.04339796696003991,random_forest,1,ALL_EXCEPT_PRICE
MOMENTUM_10,0.04300074711411396,random_forest,1,ALL_EXCEPT_PRICE
ATR_14,0.04272648040762785,random_forest,1,ALL_EXCEPT_PRICE
VOLUME_SMA_20,0.04170919798255973,random_forest,1,ALL_EXCEPT_PRICE
DAILY_RANGE_PCT,0.04149385935658215,random_forest,1,ALL_EXCEPT_PRICE
PRICE_CHANGE_PCT,0.04115274818116165,random_forest,1,ALL_EXCEPT_PRICE
TRUE_RANGE,0.04102850405569059,random_forest,1,ALL_EXCEPT_PRICE
OBV,0.040877062937655306,random_forest,1,ALL_EXCEPT_PRICE
DAILY_RETURN,0.04013313685992483,random_forest,1,ALL_EXCEPT_PRICE
RSI_14,0.04001915006821004,random_forest,1,ALL_EXCEPT_PRICE
Volume,0.039066828261041193,random_forest,1,ALL_EXCEPT_PRICE
SMA_50,0.03319059144968753,random_forest,1,ALL_EXCEPT_PRICE
Adj Close,0.03158549687316235,random_forest,1,ALL_EXCEPT_PRICE
Open,0.03124627602155899,random_forest,1,ALL_EXCEPT_PRICE
EMA_50,0.03115563063923486,random_forest,1,ALL_EXCEPT_PRICE
EMA_20,0.030607333520507915,random_forest,1,ALL_EXCEPT_PRICE
Low,0.029742994729973108,random_forest,1,ALL_EXCEPT_PRICE
High,0.029573955344927197,random_forest,1,ALL_EXCEPT_PRICE
SMA_20,0.02953096348239083,random_forest,1,ALL_EXCEPT_PRICE
Close,0.02661374323411197,random_forest,1,ALL_EXCEPT_PRICE
Adj Close,0.04417147487401962,xgboost,1,ALL_EXCEPT_PRICE
VOLUME_EMA_20,0.04140842705965042,xgboost,1,ALL_EXCEPT_PRICE
TRUE_RANGE,0.04125884547829628,xgboost,1,ALL_EXCEPT_PRICE
VOLUME_RATIO,0.04080425575375557,xgboost,1,ALL_EXCEPT_PRICE
ROC_12,0.04027252271771431,xgboost,1,ALL_EXCEPT_PRICE
DAILY_RANGE_PCT,0.040057163685560226,xgboost,1,ALL_EXCEPT_PRICE
RSI_14,0.03966907039284706,xgboost,1,ALL_EXCEPT_PRICE
EMA_20,0.0395548939704895,xgboost,1,ALL_EXCEPT_PRICE
SMA_20,0.03952595219016075,xgboost,1,ALL_EXCEPT_PRICE
ROLLING_STD_20,0.03946324437856674,xgboost,1,ALL_EXCEPT_PRICE
ATR_14,0.03944595530629158,xgboost,1,ALL_EXCEPT_PRICE
VOLUME_SMA_20,0.03939935937523842,xgboost,1,ALL_EXCEPT_PRICE
SMA_50,0.03899439796805382,xgboost,1,ALL_EXCEPT_PRICE
EMA_50,0.03896253556013107,xgboost,1,ALL_EXCEPT_PRICE
HIST_VOL_20,0.03884001821279526,xgboost,1,ALL_EXCEPT_PRICE
DAILY_RETURN,0.03807242959737778,xgboost,1,ALL_EXCEPT_PRICE
High,0.037464357912540436,xgboost,1,ALL_EXCEPT_PRICE
MOMENTUM_10,0.03680012747645378,xgboost,1,ALL_EXCEPT_PRICE
VOLUME_CHANGE_PCT,0.036634575575590134,xgboost,1,ALL_EXCEPT_PRICE
MOMENTUM_20,0.03662007302045822,xgboost,1,ALL_EXCEPT_PRICE
Close,0.036605898290872574,xgboost,1,ALL_EXCEPT_PRICE
Volume,0.03650377318263054,xgboost,1,ALL_EXCEPT_PRICE
Open,0.03571361303329468,xgboost,1,ALL_EXCEPT_PRICE
OBV,0.03567929193377495,xgboost,1,ALL_EXCEPT_PRICE
Low,0.035014718770980835,xgboost,1,ALL_EXCEPT_PRICE
PRICE_CHANGE_PCT,0.03306300565600395,xgboost,1,ALL_EXCEPT_PRICE
VOLUME_SMA_20,1.3689396446343123e-09,logistic_regression,2,ALL_EXCEPT_PRICE
Volume,1.1458265926395938e-09,logistic_regression,2,ALL_EXCEPT_PRICE
VOLUME_EMA_20,1.8330317430925449e-10,logistic_regression,2,ALL_EXCEPT_PRICE
OBV,7.48436207799496e-12,logistic_regression,2,ALL_EXCEPT_PRICE
High,4.763336421560143e-13,logistic_regression,2,ALL_EXCEPT_PRICE
Open,4.686676610737051e-13,logistic_regression,2,ALL_EXCEPT_PRICE
Close,4.651149873546479e-13,logistic_regression,2,ALL_EXCEPT_PRICE
Low,4.556810446623335e-13,logistic_regression,2,ALL_EXCEPT_PRICE
SMA_20,4.4857775895669154e-13,logistic_regression,2,ALL_EXCEPT_PRICE
EMA_20,4.437171738327258e-13,logistic_regression,2,ALL_EXCEPT_PRICE
EMA_50,4.3770443463370945e-13,logistic_regression,2,ALL_EXCEPT_PRICE
SMA_50,4.277217141813164e-13,logistic_regression,2,ALL_EXCEPT_PRICE
Adj Close,4.1298316900670244e-13,logistic_regression,2,ALL_EXCEPT_PRICE
MOMENTUM_20,4.202470526831843e-14,logistic_regression,2,ALL_EXCEPT_PRICE
ROC_12,3.887763041116827e-14,logistic_regression,2,ALL_EXCEPT_PRICE
TRUE_RANGE,2.8491487626339375e-14,logistic_regression,2,ALL_EXCEPT_PRICE
MOMENTUM_10,2.3156107372181467e-14,logistic_regression,2,ALL_EXCEPT_PRICE
ATR_14,1.9728464742102832e-14,logistic_regression,2,ALL_EXCEPT_PRICE
ROLLING_STD_20,1.904758462757038e-14,logistic_regression,2,ALL_EXCEPT_PRICE
PRICE_CHANGE_PCT,1.3881217554499104e-14,logistic_regression,2,ALL_EXCEPT_PRICE
VOLUME_CHANGE_PCT,1.1145171599553027e-14,logistic_regression,2,ALL_EXCEPT_PRICE
RSI_14,9.516382869820084e-15,logistic_regression,2,ALL_EXCEPT_PRICE
DAILY_RANGE_PCT,6.1130265877936764e-15,logistic_regression,2,ALL_EXCEPT_PRICE
HIST_VOL_20,2.1971617534694533e-15,logistic_regression,2,ALL_EXCEPT_PRICE
VOLUME_RATIO,1.1374039984113305e-15,logistic_regression,2,ALL_EXCEPT_PRICE
DAILY_RETURN,1.3881217554497562e-16,logistic_regression,2,ALL_EXCEPT_PRICE
VOLUME_CHANGE_PCT,0.04791096936066756,random_forest,2,ALL_EXCEPT_PRICE
ROC_12,0.046046042459948755,random_forest,2,ALL_EXCEPT_PRICE
VOLUME_RATIO,0.04567099483068253,random_forest,2,ALL_EXCEPT_PRICE
MOMENTUM_20,0.04467511881492986,random_forest,2,ALL_EXCEPT_PRICE
HIST_VOL_20,0.04405788350460591,random_forest,2,ALL_EXCEPT_PRICE
DAILY_RANGE_PCT,0.04376657927768009,random_forest,2,ALL_EXCEPT_PRICE
RSI_14,0.042890050887020505,random_forest,2,ALL_EXCEPT_PRICE
MOMENTUM_10,0.0428782423668669,random_forest,2,ALL_EXCEPT_PRICE
ROLLING_STD_20,0.04276950411938851,random_forest,2,ALL_EXCEPT_PRICE
TRUE_RANGE,0.04161631778253287,random_forest,2,ALL_EXCEPT_PRICE
VOLUME_SMA_20,0.04139069401693076,random_forest,2,ALL_EXCEPT_PRICE
Volume,0.04135516851702572,random_forest,2,ALL_EXCEPT_PRICE
ATR_14,0.04127795333681366,random_forest,2,ALL_EXCEPT_PRICE
PRICE_CHANGE_PCT,0.041133571580179475,random_forest,2,ALL_EXCEPT_PRICE
DAILY_RETURN,0.04085398538821752,random_forest,2,ALL_EXCEPT_PRICE
VOLUME_EMA_20,0.04033972848661694,random_forest,2,ALL_EXCEPT_PRICE
OBV,0.04006240868642266,random_forest,2,ALL_EXCEPT_PRICE
SMA_50,0.03102025694213494,random_forest,2,ALL_EXCEPT_PRICE
SMA_20,0.03099166311516364,random_forest,2,ALL_EXCEPT_PRICE
EMA_50,0.03085104555958662,random_forest,2,ALL_EXCEPT_PRICE
EMA_20,0.030767737160425378,random_forest,2,ALL_EXCEPT_PRICE
Adj Close,0.03013242299608914,random_forest,2,ALL_EXCEPT_PRICE
High,0.029874604230680207,random_forest,2,ALL_EXCEPT_PRICE
Low,0.02972823517902915,random_forest,2,ALL_EXCEPT_PRICE
Open,0.029367043320068915,random_forest,2,ALL_EXCEPT_PRICE
Close,0.028571778080291783,random_forest,2,ALL_EXCEPT_PRICE
SMA_20,0.047110557556152344,xgboost,2,ALL_EXCEPT_PRICE
EMA_20,0.04225828871130943,xgboost,2,ALL_EXCEPT_PRICE
Adj Close,0.042198967188596725,xgboost,2,ALL_EXCEPT_PRICE
HIST_VOL_20,0.04173358902335167,xgboost,2,ALL_EXCEPT_PRICE
RSI_14,0.04168375954031944,xgboost,2,ALL_EXCEPT_PRICE
ROC_12,0.041417498141527176,xgboost,2,ALL_EXCEPT_PRICE
Open,0.04045737534761429,xgboost,2,ALL_EXCEPT_PRICE
DAILY_RETURN,0.03978700190782547,xgboost,2,ALL_EXCEPT_PRICE
High,0.03962726518511772,xgboost,2,ALL_EXCEPT_PRICE
DAILY_RANGE_PCT,0.03961386904120445,xgboost,2,ALL_EXCEPT_PRICE
VOLUME_EMA_20,0.0395108163356781,xgboost,2,ALL_EXCEPT_PRICE
VOLUME_SMA_20,0.039053093641996384,xgboost,2,ALL_EXCEPT_PRICE
TRUE_RANGE,0.0381799191236496,xgboost,2,ALL_EXCEPT_PRICE
ROLLING_STD_20,0.038113802671432495,xgboost,2,ALL_EXCEPT_PRICE
Close,0.03805419057607651,xgboost,2,ALL_EXCEPT_PRICE
EMA_50,0.037475552409887314,xgboost,2,ALL_EXCEPT_PRICE
ATR_14,0.037340328097343445,xgboost,2,ALL_EXCEPT_PRICE
Volume,0.036911286413669586,xgboost,2,ALL_EXCEPT_PRICE
VOLUME_CHANGE_PCT,0.03627042844891548,xgboost,2,ALL_EXCEPT_PRICE
MOMENTUM_20,0.03609682247042656,xgboost,2,ALL_EXCEPT_PRICE
MOMENTUM_10,0.035815633833408356,xgboost,2,ALL_EXCEPT_PRICE
Low,0.03523816168308258,xgboost,2,ALL_EXCEPT_PRICE
OBV,0.03480256348848343,xgboost,2,ALL_EXCEPT_PRICE
SMA_50,0.03473540022969246,xgboost,2,ALL_EXCEPT_PRICE
VOLUME_RATIO,0.03394990786910057,xgboost,2,ALL_EXCEPT_PRICE
PRICE_CHANGE_PCT,0.03256390243768692,xgboost,2,ALL_EXCEPT_PRICE
VOLUME_SMA_20,3.5975499330625743e-09,logistic_regression,3,ALL_EXCEPT_PRICE
VOLUME_EMA_20,2.4903697866885864e-09,logistic_regression,3,ALL_EXCEPT_PRICE
Volume,1.2660811892510092e-09,logistic_regression,3,ALL_EXCEPT_PRICE
OBV,2.35142225928207e-12,logistic_regression,3,ALL_EXCEPT_PRICE
High,5.166236854343755e-13,logistic_regression,3,ALL_EXCEPT_PRICE
Close,5.132390104497487e-13,logistic_regression,3,ALL_EXCEPT_PRICE
Open,5.129385679119849e-13,logistic_regression,3,ALL_EXCEPT_PRICE
Low,5.015675114832932e-13,logistic_regression,3,ALL_EXCEPT_PRICE
SMA_20,4.795104496326382e-13,logistic_regression,3,ALL_EXCEPT_PRICE
EMA_20,4.729102825178008e-13,logistic_regression,3,ALL_EXCEPT_PRICE
Adj Close,4.661548383918981e-13,logistic_regression,3,ALL_EXCEPT_PRICE
EMA_50,4.572258623392687e-13,logistic_regression,3,ALL_EXCEPT_PRICE
SMA_50,4.3743243955723244e-13,logistic_regression,3,ALL_EXCEPT_PRICE
MOMENTUM_20,7.127240500824171e-14,logistic_regression,3,ALL_EXCEPT_PRICE
ROC_12,4.697452877367858e-14,logistic_regression,3,ALL_EXCEPT_PRICE
MOMENTUM_10,4.5839890683467035e-14,logistic_regression,3,ALL_EXCEPT_PRICE
RSI_14,3.3352908484596463e-14,logistic_regression,3,ALL_EXCEPT_PRICE
TRUE_RANGE,1.953549580257572e-14,logistic_regression,3,ALL_EXCEPT_PRICE
ATR_14,1.3810386045045928e-14,logistic_regression,3,ALL_EXCEPT_PRICE
PRICE_CHANGE_PCT,1.3260258051019943e-14,logistic_regression,3,ALL_EXCEPT_PRICE
VOLUME_CHANGE_PCT,1.0872428044609895e-14,logistic_regression,3,ALL_EXCEPT_PRICE
ROLLING_STD_20,1.0774950818200993e-14,logistic_regression,3,ALL_EXCEPT_PRICE
DAILY_RANGE_PCT,4.399091571708177e-15,logistic_regression,3,ALL_EXCEPT_PRICE
HIST_VOL_20,1.9719286959237265e-15,logistic_regression,3,ALL_EXCEPT_PRICE
DAILY_RETURN,1.3260258051015108e-16,logistic_regression,3,ALL_EXCEPT_PRICE
VOLUME_RATIO,8.339142048272373e-17,logistic_regression,3,ALL_EXCEPT_PRICE
VOLUME_CHANGE_PCT,0.047909793298108606,random_forest,3,ALL_EXCEPT_PRICE
VOLUME_RATIO,0.04719016256941213,random_forest,3,ALL_EXCEPT_PRICE
ROC_12,0.04619381651281859,random_forest,3,ALL_EXCEPT_PRICE
MOMENTUM_10,0.044912800388890936,random_forest,3,ALL_EXCEPT_PRICE
HIST_VOL_20,0.04485843683934066,random_forest,3,ALL_EXCEPT_PRICE
MOMENTUM_20,0.044562766227991976,random_forest,3,ALL_EXCEPT_PRICE
DAILY_RANGE_PCT,0.04411037216404318,random_forest,3,ALL_EXCEPT_PRICE
RSI_14,0.043819486122893866,random_forest,3,ALL_EXCEPT_PRICE
ROLLING_STD_20,0.043089676369931176,random_forest,3,ALL_EXCEPT_PRICE
Volume,0.042643561348447274,random_forest,3,ALL_EXCEPT_PRICE
PRICE_CHANGE_PCT,0.04250007504780233,random_forest,3,ALL_EXCEPT_PRICE
DAILY_RETURN,0.041535156496282595,random_forest,3,ALL_EXCEPT_PRICE
TRUE_RANGE,0.040286661618400395,random_forest,3,ALL_EXCEPT_PRICE
OBV,0.03961487608357938,random_forest,3,ALL_EXCEPT_PRICE
ATR_14,0.03949358580956632,random_forest,3,ALL_EXCEPT_PRICE
VOLUME_EMA_20,0.039282045542473096,random_forest,3,ALL_EXCEPT_PRICE
VOLUME_SMA_20,0.03885765508089173,random_forest,3,ALL_EXCEPT_PRICE
SMA_50,0.03224826846849347,random_forest,3,ALL_EXCEPT_PRICE
EMA_50,0.031091374242869833,random_forest,3,ALL_EXCEPT_PRICE
SMA_20,0.030812497875271946,random_forest,3,ALL_EXCEPT_PRICE
Adj Close,0.030741726626192276,random_forest,3,ALL_EXCEPT_PRICE
EMA_20,0.029247127831573173,random_forest,3,ALL_EXCEPT_PRICE
Close,0.029042772662864764,random_forest,3,ALL_EXCEPT_PRICE
Open,0.02896760224833547,random_forest,3,ALL_EXCEPT_PRICE
High,0.028571284782677744,random_forest,3,ALL_EXCEPT_PRICE
Low,0.028416417740847123,random_forest,3,ALL_EXCEPT_PRICE
EMA_50,0.04395388439297676,xgboost,3,ALL_EXCEPT_PRICE
ROC_12,0.041975218802690506,xgboost,3,ALL_EXCEPT_PRICE
High,0.041821375489234924,xgboost,3,ALL_EXCEPT_PRICE
Low,0.04121744632720947,xgboost,3,ALL_EXCEPT_PRICE
DAILY_RETURN,0.04084520787000656,xgboost,3,ALL_EXCEPT_PRICE
TRUE_RANGE,0.04035794362425804,xgboost,3,ALL_EXCEPT_PRICE
ROLLING_STD_20,0.04034113511443138,xgboost,3,ALL_EXCEPT_PRICE
MOMENTUM_20,0.03954784944653511,xgboost,3,ALL_EXCEPT_PRICE
SMA_20,0.039045002311468124,xgboost,3,ALL_EXCEPT_PRICE
Volume,0.038718465715646744,xgboost,3,ALL_EXCEPT_PRICE
Adj Close,0.03856320679187775,xgboost,3,ALL_EXCEPT_PRICE
MOMENTUM_10,0.03839589282870293,xgboost,3,ALL_EXCEPT_PRICE
OBV,0.03833162784576416,xgboost,3,ALL_EXCEPT_PRICE
Close,0.037897925823926926,xgboost,3,ALL_EXCEPT_PRICE
RSI_14,0.03768080100417137,xgboost,3,ALL_EXCEPT_PRICE
HIST_VOL_20,0.0375685840845108,xgboost,3,ALL_EXCEPT_PRICE
ATR_14,0.03729894384741783,xgboost,3,ALL_EXCEPT_PRICE
VOLUME_CHANGE_PCT,0.03714983910322189,xgboost,3,ALL_EXCEPT_PRICE
VOLUME_RATIO,0.03686811774969101,xgboost,3,ALL_EXCEPT_PRICE
DAILY_RANGE_PCT,0.03674672171473503,xgboost,3,ALL_EXCEPT_PRICE
EMA_20,0.03631284087896347,xgboost,3,ALL_EXCEPT_PRICE
VOLUME_EMA_20,0.03629463165998459,xgboost,3,ALL_EXCEPT_PRICE
SMA_50,0.03622487187385559,xgboost,3,ALL_EXCEPT_PRICE
Open,0.036105457693338394,xgboost,3,ALL_EXCEPT_PRICE
PRICE_CHANGE_PCT,0.03568263724446297,xgboost,3,ALL_EXCEPT_PRICE
VOLUME_SMA_20,0.035054419189691544,xgboost,3,ALL_EXCEPT_PRICE
