strategy,fold,trade_id,entry_idx,exit_idx,gross_return_pct,net_return_pct,net_pnl,is_win
Candidate A: Baseline P(up) >= 0.55,1,1,0,10,3.6096712477963235,3.506061576548527,3506.061576548527,1
Candidate A: Baseline P(up) >= 0.55,1,2,10,20,8.976833976833976,8.867857142857142,9178.769674806072,1
Candidate A: Baseline P(up) >= 0.55,1,3,20,30,2.3442545717080012,2.2419103171362926,2526.29285767174,1
Candidate A: Baseline P(up) >= 0.55,1,4,30,40,-6.5566521913002145,-6.650095539108915,-7661.6498249315955,0
Candidate A: Baseline P(up) >= 0.55,1,5,40,50,1.0644860092032855,0.9634215231940824,1036.1547833350535,1
Candidate A: Baseline P(up) >= 0.55,1,6,50,60,-0.7209218277194763,-0.8202009058917569,-890.620313279322,0
Candidate A: Baseline P(up) >= 0.55,1,7,60,70,4.969846754807692,4.864876908052885,5239.229612006199,1
Candidate A: Baseline P(up) >= 0.55,1,8,70,80,11.856298018275337,11.744441720257061,13263.49580712946,1
Candidate A: Baseline P(up) >= 0.55,1,9,80,90,2.2410906585757338,2.138849567917158,2699.179692086574,1
Candidate A: Baseline P(up) >= 0.55,1,10,90,100,2.006398247477915,1.904391849230437,2454.7023215617346,1
Candidate A: Baseline P(up) >= 0.55,1,11,100,110,0.8422538599927945,0.7414116061328017,973.8561272529437,1
Candidate A: Baseline P(up) >= 0.55,1,12,110,120,-5.696034549013694,-5.79033851446468,-7662.092787855689,0
Candidate A: Baseline P(up) >= 0.55,1,13,120,130,-5.197741767578603,-5.292544025811025,-6597.864245494992,0
Candidate A: Baseline P(up) >= 0.55,1,14,130,140,-6.075808249721293,-6.169732441471571,-7284.326398472358,0
Candidate A: Baseline P(up) >= 0.55,1,15,140,150,3.19050503060089,3.087314525570289,3420.163735964693,1
Candidate A: Baseline P(up) >= 0.55,1,16,150,160,7.7952125826018985,7.687417370019298,8779.134617978416,1
Candidate A: Baseline P(up) >= 0.55,1,17,160,170,-0.9283478611090886,-1.0274195132479793,-1263.5255233532635,0
Candidate A: Baseline P(up) >= 0.55,1,18,170,180,4.216701261691228,4.112484560429537,5005.591257869172,1
Candidate A: Baseline P(up) >= 0.55,1,19,180,190,1.3952046652155994,1.2938094605503836,1639.548378987484,1
Candidate A: Baseline P(up) >= 0.55,1,20,190,200,-2.818261549990662,-2.915443288440671,-3742.324268704473,0
Candidate A: Baseline P(up) >= 0.55,1,21,200,210,7.567251817627506,7.459684565809879,9296.24227686597,1
Candidate A: Baseline P(up) >= 0.55,1,22,214,224,10.532749343441344,10.4222165940979,13957.017591681953,1
Candidate A: Baseline P(up) >= 0.55,1,23,224,234,-4.116137205437958,-4.212021068232521,-6228.4434705547,0
Candidate A: Baseline P(up) >= 0.55,1,24,234,244,1.2555482154090336,1.1542926671936244,1634.9931560054658,1
Candidate A: Baseline P(up) >= 0.55,1,25,244,254,6.1770602647572295,6.070883204492471,8698.336360496834,1
Candidate A: Baseline P(up) >= 0.55,1,26,254,264,-3.7525285655315925,-3.8487760369660617,-5849.289881733461,0
Candidate A: Baseline P(up) >= 0.55,1,27,264,274,8.123303815082613,8.01518051126753,11712.473722724417,1
Candidate A: Baseline P(up) >= 0.55,1,28,274,284,9.24580613091308,9.136560324782167,14421.24794342918,1
Candidate A: Baseline P(up) >= 0.55,1,29,286,296,-2.420506559078354,-2.5180860525192745,-4337.714329457006,0
Candidate A: Baseline P(up) >= 0.55,1,30,296,306,0.015475497412530844,-0.08453997808488169,-141.9634542360241,0
Candidate A: Baseline P(up) >= 0.55,1,31,306,316,-6.4770710908783125,-6.570594019787435,-11024.318540960066,0
Candidate A: Baseline P(up) >= 0.55,1,32,316,326,2.407841993317066,2.305434151323749,3613.960730884577,1
Candidate A: Baseline P(up) >= 0.55,1,33,326,336,-3.9146828494691053,-4.010768166619635,-6432.161925991893,0
Candidate A: Baseline P(up) >= 0.55,1,34,336,346,5.133707646722014,5.02857393907529,7740.9946297610395,1
Candidate A: Baseline P(up) >= 0.55,1,35,346,356,3.195357022345531,3.0921616653231854,4999.442598796236,1
Candidate A: Baseline P(up) >= 0.55,1,36,358,368,-2.816401516092346,-2.9135851145762537,-4856.380989913438,0
Candidate A: Baseline P(up) >= 0.55,1,37,368,378,-2.3402507658936123,-2.4379105151277187,-3945.129516912547,0
Candidate A: Baseline P(up) >= 0.55,1,38,378,388,-3.7662445922931305,-3.8624783477008373,-6098.0454343529,0
Candidate A: Baseline P(up) >= 0.55,1,39,388,398,-2.421299243523139,-2.5188779442796156,-3823.1791035750475,0
Candidate A: Baseline P(up) >= 0.55,1,40,398,408,-0.5421043332407229,-0.6415622289074823,-949.2417408931434,0
Candidate A: Baseline P(up) >= 0.55,1,41,408,418,0.7223169361921637,0.6215946192559716,913.7976574854983,1
Candidate A: Baseline P(up) >= 0.55,1,42,418,428,-0.17158267021475654,-0.27141108754454174,-401.4778362525146,0
Candidate A: Baseline P(up) >= 0.55,1,43,428,438,-9.321286910533274,-9.411965623622743,-13884.619927442973,0
Candidate A: Baseline P(up) >= 0.55,1,44,438,448,-0.5249112431652491,-0.6243863319220838,-834.4069015594167,0
Candidate A: Baseline P(up) >= 0.55,1,45,448,458,-2.115597195036837,-2.2134815978418003,-2939.5458548250363,0
Candidate A: Baseline P(up) >= 0.55,1,46,458,468,12.358988348238313,12.246629359890076,15903.762500013727,1
Candidate A: Baseline P(up) >= 0.55,1,47,468,478,-6.885828520657486,-6.978942692136828,-10172.93449164705,0
Candidate A: Baseline P(up) >= 0.55,1,48,478,488,-4.861642386167104,-4.956780743780937,-6721.057273014212,0
Candidate A: Baseline P(up) >= 0.55,1,49,488,498,-4.698859250742562,-4.79416039149182,-6178.336879450871,0
Candidate A: Baseline P(up) >= 0.55,1,50,498,508,8.98232325032822,8.87334092707789,10887.039054721236,1
Candidate A: Baseline P(up) >= 0.55,1,51,508,518,0.9463498909495044,0.8454035410585546,1129.2971325243298,1
Candidate A: Baseline P(up) >= 0.55,1,52,518,528,-6.67240652690539,-6.765734120378484,-9114.129559436036,0
Candidate A: Baseline P(up) >= 0.55,1,53,528,538,-14.816522284776934,-14.901705762492156,-18715.947162869466,0
Candidate A: Baseline P(up) >= 0.55,1,54,538,548,17.399679771984612,17.282280092212627,18471.31101417621,1
Candidate A: Baseline P(up) >= 0.55,1,55,548,558,-12.550608224559824,-12.638057616335264,-15841.978259276859,0
Candidate A: Baseline P(up) >= 0.55,1,56,558,568,-0.5391510261696456,-0.638611875143476,-699.3399747889007,0
Candidate A: Baseline P(up) >= 0.55,1,57,568,578,-3.641287328292766,-3.7376460409644743,-4066.9345611875074,0
Candidate A: Baseline P(up) >= 0.55,1,58,578,588,8.279321413277717,8.17104209186444,8558.604127768307,1
Candidate A: Baseline P(up) >= 0.55,1,59,588,598,12.197876329568878,12.085678453239312,13693.281622598122,1
Candidate A: Baseline P(up) >= 0.55,1,60,598,608,-5.672441638435706,-5.766769196797271,-7323.508664345735,0
Candidate A: Baseline P(up) >= 0.55,1,61,608,618,2.9934355859749604,2.8904421503889854,3459.0352891517505,1
Candidate A: Baseline P(up) >= 0.55,1,62,618,628,-0.8651928087417068,-0.9643276159329652,-1187.3816924337075,0
Candidate A: Baseline P(up) >= 0.55,1,63,628,638,-5.837468051835641,-5.9316305837838055,-7233.217006022165,0
Candidate A: Baseline P(up) >= 0.55,1,64,638,648,-2.7084053449695555,-2.805696939624586,-3218.4129970563977,0
Candidate A: Baseline P(up) >= 0.55,1,65,648,658,-16.930978256025387,-17.014047277769357,-18969.219423291073,0
Candidate A: Baseline P(up) >= 0.55,1,66,658,668,15.224562606513938,15.109338043907425,13979.506715920863,1
Candidate A: Baseline P(up) >= 0.55,1,67,668,678,-1.269446839394568,-1.3681773925551735,-1457.1336098160534,0
Candidate A: Baseline P(up) >= 0.55,1,68,678,688,-4.340216435692723,-4.435876219257031,-4659.651569077423,0
Candidate A: Baseline P(up) >= 0.55,1,69,688,698,2.2969663365702084,2.1946693702336386,2203.1192681092057,1
Candidate A: Baseline P(up) >= 0.55,1,70,698,708,-16.5751622490004,-16.6585870867514,-17089.734383012303,0
Candidate A: Baseline P(up) >= 0.55,1,71,708,718,-12.348417405002193,-12.43606898759719,-10632.640512051377,0
Candidate A: Baseline P(up) >= 0.55,1,72,718,728,-8.75654181628964,-8.84778527447335,-6623.962002714402,0
Candidate A: Baseline P(up) >= 0.55,1,73,728,738,-1.839869162652488,-1.9380292934898353,-1322.5461043292696,0
Candidate A: Baseline P(up) >= 0.55,1,74,738,748,6.2729679494417105,6.1666949814922685,4126.706366854465,1
Candidate A: Baseline P(up) >= 0.55,1,75,748,758,-15.031465858504903,-15.116434392646397,-10739.616205118533,0
Candidate A: Baseline P(up) >= 0.55,1,76,758,768,-0.3024955019439637,-0.40219300644201966,-242.54790444989246,0
Candidate A: Baseline P(up) >= 0.55,1,77,768,778,5.252146144398657,5.146893998254258,3091.4199987918346,1
Candidate A: Baseline P(up) >= 0.55,1,78,778,788,-2.326046164419732,-2.4237201182553116,-1530.7057170214869,0
Candidate A: Baseline P(up) >= 0.55,1,79,788,798,1.9234708817077024,1.8215474108259946,1122.519702383928,1
Candidate A: Baseline P(up) >= 0.55,1,80,798,808,-10.893657072984274,-10.98276341591129,-6891.3580400509845,0
Candidate A: Baseline P(up) >= 0.55,1,81,808,818,15.407888417560342,15.292480529142786,8541.718015991306,1
Candidate A: Baseline P(up) >= 0.55,1,82,818,828,12.389549719501417,12.277160169781915,7906.170918906528,1
Candidate A: Baseline P(up) >= 0.55,1,83,828,838,-6.185743031182506,-6.279557288151322,-4540.343633335992,0
Candidate A: Baseline P(up) >= 0.55,1,84,838,842,10.231142194318082,10.120911052123766,6858.255115245699,1
Candidate B1: P(up) >= 0.60,1,1,0,10,3.6096712477963235,3.506061576548527,3506.061576548527,1
Candidate B1: P(up) >= 0.60,1,2,10,20,8.976833976833976,8.867857142857142,9178.769674806072,1
Candidate B1: P(up) >= 0.60,1,3,20,30,2.3442545717080012,2.2419103171362926,2526.29285767174,1
Candidate B1: P(up) >= 0.60,1,4,30,40,-6.5566521913002145,-6.650095539108915,-7661.6498249315955,0
Candidate B1: P(up) >= 0.60,1,5,40,50,1.0644860092032855,0.9634215231940824,1036.1547833350535,1
Candidate B1: P(up) >= 0.60,1,6,50,60,-0.7209218277194763,-0.8202009058917569,-890.620313279322,0
Candidate B1: P(up) >= 0.60,1,7,60,70,4.969846754807692,4.864876908052885,5239.229612006199,1
Candidate B1: P(up) >= 0.60,1,8,70,80,11.856298018275337,11.744441720257061,13263.49580712946,1
Candidate B1: P(up) >= 0.60,1,9,80,90,2.2410906585757338,2.138849567917158,2699.179692086574,1
Candidate B1: P(up) >= 0.60,1,10,90,100,2.006398247477915,1.904391849230437,2454.7023215617346,1
Candidate B1: P(up) >= 0.60,1,11,100,110,0.8422538599927945,0.7414116061328017,973.8561272529437,1
Candidate B1: P(up) >= 0.60,1,12,110,120,-5.696034549013694,-5.79033851446468,-7662.092787855689,0
Candidate B1: P(up) >= 0.60,1,13,120,130,-5.197741767578603,-5.292544025811025,-6597.864245494992,0
Candidate B1: P(up) >= 0.60,1,14,130,140,-6.075808249721293,-6.169732441471571,-7284.326398472358,0
Candidate B1: P(up) >= 0.60,1,15,141,151,7.902369211554228,7.794466842342675,8634.8030349889,1
Candidate B1: P(up) >= 0.60,1,16,151,161,3.2663065449950692,3.1630402384500744,3777.1758754901725,1
Candidate B1: P(up) >= 0.60,1,17,161,171,0.7154410343262507,0.6147255932919244,757.2999316096727,1
Candidate B1: P(up) >= 0.60,1,18,171,181,3.0443838334393236,2.9413394496058847,3645.804005150348,1
Candidate B1: P(up) >= 0.60,1,19,181,191,2.6382574537676025,2.5356191963138346,3235.3555597565874,1
Candidate B1: P(up) >= 0.60,1,20,191,201,-1.2321938665491952,-1.3309616726826459,-1741.318814968391,0
Candidate B1: P(up) >= 0.60,1,21,204,214,1.92978710984021,1.8278573227303696,2359.5866563843906,1
Candidate B1: P(up) >= 0.60,1,22,214,224,10.532749343441344,10.422216594097902,13699.992783244032,1
Candidate B1: P(up) >= 0.60,1,23,226,236,-3.552546786723164,-3.6489942399364406,-5296.511049256793,0
Candidate B1: P(up) >= 0.60,1,24,236,246,2.6430549259798175,2.540411871053838,3552.8517879421083,1
Candidate B1: P(up) >= 0.60,1,25,246,256,8.60155677960878,8.492955222829172,12179.426786222286,1
Candidate B1: P(up) >= 0.60,1,26,256,266,-2.4509206719999836,-2.5484697513279833,-3965.053366266453,0
Candidate B1: P(up) >= 0.60,1,27,266,276,7.610761294976473,7.503150533681496,11376.322013585977,1
Candidate B1: P(up) >= 0.60,1,28,286,296,-2.420506559078354,-2.5180860525192754,-4104.402811451222,0
Candidate B1: P(up) >= 0.60,1,29,296,306,0.015475497412530844,-0.08453997808488169,-134.32770266422847,0
Candidate B1: P(up) >= 0.60,1,30,306,316,-6.4770710908783125,-6.570594019787436,-10431.356372773049,0
Candidate B1: P(up) >= 0.60,1,31,316,326,2.407841993317066,2.305434151323749,3419.577560372394,1
Candidate B1: P(up) >= 0.60,1,32,326,336,-3.9146828494691053,-4.010768166619636,-6086.196897169896,0
Candidate B1: P(up) >= 0.60,1,33,336,346,5.133707646722014,5.028573939075291,7324.631755037045,1
Candidate B1: P(up) >= 0.60,1,34,347,357,2.048100106462926,1.946052006356463,2977.1647354046886,1
Candidate B1: P(up) >= 0.60,1,35,358,368,-2.816401516092346,-2.9135851145762537,-4544.086034582374,0
Candidate B1: P(up) >= 0.60,1,36,368,378,-2.3402507658936123,-2.4379105151277187,-3691.4335962633268,0
Candidate B1: P(up) >= 0.60,1,37,378,388,-3.7662445922931305,-3.8624783477008364,-5705.9038724607435,0
Candidate B1: P(up) >= 0.60,1,38,388,398,-2.421299243523139,-2.5188779442796156,-3577.3253392485994,0
Candidate B1: P(up) >= 0.60,1,39,398,408,-0.5421043332407229,-0.6415622289074823,-888.1996999811332,0
Candidate B1: P(up) >= 0.60,1,40,408,418,0.7223169361921637,0.6215946192559716,855.034887591872,1
Candidate B1: P(up) >= 0.60,1,41,418,428,-0.17158267021475654,-0.2714110875445418,-375.66035957609637,0
Candidate B1: P(up) >= 0.60,1,42,428,438,-9.321286910533274,-9.411965623622741,-12991.75407341802,0
Candidate B1: P(up) >= 0.60,1,43,438,448,-0.5249112431652491,-0.6243863319220838,-780.7494421072757,0
Candidate B1: P(up) >= 0.60,1,44,448,458,-2.115597195036837,-2.2134815978418,-2750.515104697962,0
Candidate B1: P(up) >= 0.60,1,45,458,468,12.358988348238313,12.246629359890074,14881.053447768187,1
Candidate B1: P(up) >= 0.60,1,46,468,478,-6.885828520657486,-6.978942692136829,-9518.752678224015,0
Candidate B1: P(up) >= 0.60,1,47,478,488,-4.861642386167104,-4.9567807437809375,-6288.852245193508,0
Candidate B1: P(up) >= 0.60,1,48,488,498,-4.698859250742562,-4.79416039149182,-5781.032087303012,0
Candidate B1: P(up) >= 0.60,1,49,498,508,8.98232325032822,8.87334092707789,10186.935956891115,1
Candidate B1: P(up) >= 0.60,1,50,508,518,0.9463498909495044,0.845403541058555,1056.676430341022,1
Candidate B1: P(up) >= 0.60,1,51,518,528,-6.67240652690539,-6.765734120378486,-8528.035369223764,0
Candidate B1: P(up) >= 0.60,1,52,528,538,-14.816522284776934,-14.90170576249216,-17512.397462929013,0
Candidate B1: P(up) >= 0.60,1,53,538,548,17.399679771984612,17.282280092212627,17283.492912577647,1
Candidate B1: P(up) >= 0.60,1,54,549,559,-8.33463971554888,-8.42630507583333,-9883.256250093644,0
Candidate B1: P(up) >= 0.60,1,55,559,569,-1.9018817958648917,-1.999979914069027,-2148.1235137104327,0
Candidate B1: P(up) >= 0.60,1,56,569,579,-5.513504454933944,-5.60799095047901,-5902.922533134544,0
Candidate B1: P(up) >= 0.60,1,57,579,589,7.5728647831177875,7.465291918334668,7417.230990526525,1
Candidate B1: P(up) >= 0.60,1,58,589,599,1.6382159918677597,1.5365777758758918,1640.6569390764673,1
Candidate B1: P(up) >= 0.60,1,59,599,609,8.966409681969829,8.857443272287858,9602.717075005832,1
Candidate B1: P(up) >= 0.60,1,60,609,619,-0.5792578832104991,-0.6786786253272886,-800.9548863674199,0
Candidate B1: P(up) >= 0.60,1,61,619,629,2.153664947831025,2.0515112828831934,2404.696561312524,1
Candidate B1: P(up) >= 0.60,1,62,629,639,-9.558484281667447,-9.648925797385779,-11542.098590909382,0
Candidate B1: P(up) >= 0.60,1,63,639,649,-3.5304026560740427,-3.626872253417969,-3919.8675476260937,0
Candidate B1: P(up) >= 0.60,1,64,649,659,-8.568262688636139,-8.659694425947503,-9019.815514264965,0
Candidate B1: P(up) >= 0.60,1,65,659,669,6.447494414299395,6.341046919885095,6032.79425730284,1
Candidate B1: P(up) >= 0.60,1,66,669,679,-0.06596555238005997,-0.1658995868276799,-167.84321265221226,0
Candidate B1: P(up) >= 0.60,1,67,679,689,-2.5204032275964465,-2.6178828243688503,-2644.159152973155,0
Candidate B1: P(up) >= 0.60,1,68,689,699,-6.353119409697916,-6.446766290288218,-6341.0112954536535,0
Candidate B1: P(up) >= 0.60,1,69,700,710,-11.11704649984946,-11.20592945334961,-10311.534239517685,0
Candidate B1: P(up) >= 0.60,1,70,710,720,-25.631006887546203,-25.70537588065866,-21003.096537206955,0
Candidate B1: P(up) >= 0.60,1,71,720,730,10.585863517992426,10.475277654474434,6358.904499454962,1
Candidate B1: P(up) >= 0.60,1,72,730,740,-11.737308668619702,-11.82557135995108,-7930.562542321798,0
Candidate B1: P(up) >= 0.60,1,73,740,750,10.69026069522221,10.579570434526987,6255.939638897291,1
Candidate B1: P(up) >= 0.60,1,74,750,760,-4.543752495816387,-4.6392087433205695,-3033.495312711722,0
Candidate B1: P(up) >= 0.60,1,75,760,770,0.930460333006856,0.8295298726738491,517.2509419531599,1
Candidate B1: P(up) >= 0.60,1,76,770,780,-3.6487118472525477,-3.7450631354052946,-2354.594611355256,0
Candidate B1: P(up) >= 0.60,1,77,780,790,0.44314263981439517,0.3426994971745807,207.39270825259067,1
Candidate B1: P(up) >= 0.60,1,78,790,800,-3.5896909887860673,-3.6861012977972814,-2238.376110948083,0
Candidate B1: P(up) >= 0.60,1,79,800,810,-3.6505434826768073,-3.7468929391941304,-2191.422131917408,0
Candidate B1: P(up) >= 0.60,1,80,810,820,12.186962590536469,12.07477562794593,6797.490140219837,1
Candidate B1: P(up) >= 0.60,1,81,820,830,16.260944102769738,16.144683158666965,10186.076212795493,1
Candidate B1: P(up) >= 0.60,1,82,830,840,-3.351816466388386,-3.448464649921998,-2526.984085943215,0
Candidate B1: P(up) >= 0.60,1,83,840,842,2.50042386975209,2.397923445882338,1696.5678263782113,1
Candidate B2: P(up) >= 0.65,1,1,0,10,3.6096712477963235,3.506061576548527,3506.061576548527,1
Candidate B2: P(up) >= 0.65,1,2,10,20,8.976833976833976,8.867857142857142,9178.769674806072,1
Candidate B2: P(up) >= 0.65,1,3,20,30,2.3442545717080012,2.2419103171362926,2526.29285767174,1
Candidate B2: P(up) >= 0.65,1,4,30,40,-6.5566521913002145,-6.650095539108915,-7661.6498249315955,0
Candidate B2: P(up) >= 0.65,1,5,40,50,1.0644860092032855,0.9634215231940824,1036.1547833350535,1
Candidate B2: P(up) >= 0.65,1,6,50,60,-0.7209218277194763,-0.8202009058917569,-890.620313279322,0
Candidate B2: P(up) >= 0.65,1,7,60,70,4.969846754807692,4.864876908052885,5239.229612006199,1
Candidate B2: P(up) >= 0.65,1,8,70,80,11.856298018275337,11.744441720257061,13263.49580712946,1
Candidate B2: P(up) >= 0.65,1,9,80,90,2.2410906585757338,2.138849567917158,2699.179692086574,1
Candidate B2: P(up) >= 0.65,1,10,90,100,2.006398247477915,1.904391849230437,2454.7023215617346,1
Candidate B2: P(up) >= 0.65,1,11,100,110,0.8422538599927945,0.7414116061328017,973.8561272529437,1
Candidate B2: P(up) >= 0.65,1,12,110,120,-5.696034549013694,-5.79033851446468,-7662.092787855689,0
Candidate B2: P(up) >= 0.65,1,13,120,130,-5.197741767578603,-5.292544025811025,-6597.864245494992,0
Candidate B2: P(up) >= 0.65,1,14,130,140,-6.075808249721293,-6.169732441471571,-7284.326398472358,0
Candidate B2: P(up) >= 0.65,1,15,141,151,7.902369211554228,7.794466842342675,8634.8030349889,1
Candidate B2: P(up) >= 0.65,1,16,151,161,3.2663065449950692,3.1630402384500744,3777.1758754901725,1
Candidate B2: P(up) >= 0.65,1,17,161,171,0.7154410343262507,0.6147255932919244,757.2999316096727,1
Candidate B2: P(up) >= 0.65,1,18,171,181,3.0443838334393236,2.9413394496058847,3645.804005150348,1
Candidate B2: P(up) >= 0.65,1,19,181,191,2.6382574537676025,2.5356191963138346,3235.3555597565874,1
Candidate B2: P(up) >= 0.65,1,20,191,201,-1.2321938665491952,-1.3309616726826459,-1741.318814968391,0
Candidate B2: P(up) >= 0.65,1,21,205,215,1.8220110358961337,1.7201890248602376,2220.59731853471,1
Candidate B2: P(up) >= 0.65,1,22,217,227,9.267319271224055,9.158051951952832,12025.520971096037,1
Candidate B2: P(up) >= 0.65,1,23,227,237,-3.0208714081364487,-3.117850536728313,-4469.015551189257,0
Candidate B2: P(up) >= 0.65,1,24,237,247,5.517269192456622,5.411751923264165,7515.159797097654,1
Candidate B2: P(up) >= 0.65,1,25,257,267,-0.9350909246703134,-1.0341558337456433,-1513.823897686058,0
Candidate B2: P(up) >= 0.65,1,26,273,283,6.8269251182326505,6.720098193114418,9735.322057077454,1
Candidate B2: P(up) >= 0.65,1,27,287,297,-0.31809484048615544,-0.41777674564566925,-645.8998488113737,0
Candidate B2: P(up) >= 0.65,1,28,297,307,0.7151133278066129,0.6143982144788064,945.9162433494757,1
Candidate B2: P(up) >= 0.65,1,29,307,317,-11.77660667656923,-11.864830069892662,-18379.10652347315,0
Candidate B2: P(up) >= 0.65,1,30,317,327,9.116868256184645,9.00775138792846,12297.830694379507,1
Candidate B2: P(up) >= 0.65,1,31,327,337,-4.619715986370025,-4.715096270383655,-7017.138751284143,0
Candidate B2: P(up) >= 0.65,1,32,337,347,3.729262435078621,3.625533172643543,5141.211642195915,1
Candidate B2: P(up) >= 0.65,1,33,347,357,2.048100106462926,1.946052006356463,2859.662757615291,1
Candidate B2: P(up) >= 0.65,1,34,367,377,-2.725787211520764,-2.8230614243092433,-4229.130793806084,0
Candidate B2: P(up) >= 0.65,1,35,377,387,-2.8144685428788643,-2.9116540743359858,-4238.710723207805,0
Candidate B2: P(up) >= 0.65,1,36,387,397,-2.959308350695509,-3.056349042344814,-4319.804122079615,0
Candidate B2: P(up) >= 0.65,1,37,397,407,-1.1615239804683248,-1.2603624564878564,-1726.9347706686344,0
Candidate B2: P(up) >= 0.65,1,38,408,418,0.7223169361921637,0.6215946192559716,840.9675745611459,1
Candidate B2: P(up) >= 0.65,1,39,418,428,-0.17158267021475654,-0.27141108754454174,-369.4798727350559,0
Candidate B2: P(up) >= 0.65,1,40,428,438,-9.321286910533274,-9.411965623622741,-12778.009495247992,0
Candidate B2: P(up) >= 0.65,1,41,438,448,-0.5249112431652491,-0.6243863319220839,-767.9042974704055,0
Candidate B2: P(up) >= 0.65,1,42,448,458,-2.115597195036837,-2.2134815978418003,-2705.2627325023673,0
Candidate B2: P(up) >= 0.65,1,43,458,468,12.358988348238313,12.246629359890074,14636.225499675567,1
Candidate B2: P(up) >= 0.65,1,44,469,479,-2.0895545162371736,-2.1874649617209365,-2934.4514702632805,0
Candidate B2: P(up) >= 0.65,1,45,479,489,-5.711695175908139,-5.805983480732232,-7618.266077824328,0
Candidate B2: P(up) >= 0.65,1,46,489,499,-2.900016318801541,-2.99711630248274,-3704.3093944941666,0
Candidate B2: P(up) >= 0.65,1,47,499,509,10.57806983585389,10.467491766018036,12549.630243136971,1
Candidate B2: P(up) >= 0.65,1,48,510,520,6.2475931602432215,6.141345567082978,8133.66592786512,1
Candidate B2: P(up) >= 0.65,1,49,520,530,-9.451972772874232,-9.542520800101357,-13414.376750750189,0
Candidate B2: P(up) >= 0.65,1,50,530,540,-12.481178069810179,-12.568696891740371,-15982.40450422571,0
Candidate B2: P(up) >= 0.65,1,51,541,551,4.245477354636081,4.141231877281445,4604.138346798971,1
Candidate B2: P(up) >= 0.65,1,52,551,561,4.049830739486702,3.9457809087472153,4568.509101183733,1
Candidate B2: P(up) >= 0.65,1,53,561,571,-7.489203320568658,-7.581714117248087,-9124.641241028181,0
Candidate B2: P(up) >= 0.65,1,54,571,581,3.586831496808629,3.4832446653118208,3874.273566195787,1
Candidate B2: P(up) >= 0.65,1,55,582,592,-0.2390818744585983,-0.3388427925841397,-390.00896709465405,0
Candidate B2: P(up) >= 0.65,1,56,592,602,1.4892996054743224,1.387810305868848,1591.9608161269946,1
Candidate B2: P(up) >= 0.65,1,57,602,612,4.228048705410208,4.1238206567047975,4796.095023925951,1
Candidate B2: P(up) >= 0.65,1,58,612,622,4.53123302338353,4.426701790360147,5360.661334391995,1
Candidate B2: P(up) >= 0.65,1,59,622,632,-9.278565605200505,-9.369287039595305,-11848.30459903358,0
Candidate B2: P(up) >= 0.65,1,60,632,642,-3.936288462563993,-4.032352174101428,-4621.505964658263,0
Candidate B2: P(up) >= 0.65,1,61,642,652,-1.6816688532055382,-1.779987184352333,-1957.7930774890485,0
Candidate B2: P(up) >= 0.65,1,62,652,662,0.19874287577037403,0.09854413289460365,106.45858072554772,1
Candidate B2: P(up) >= 0.65,1,63,662,672,-0.25845566412283194,-0.3581972084587091,-387.34669745786175,0
Candidate B2: P(up) >= 0.65,1,64,672,682,1.4342489097055606,1.3328146607958553,1436.1142724321755,1
Candidate B2: P(up) >= 0.65,1,65,682,692,0.308939721544497,0.20863078182295247,227.7968574726609,1
Candidate B2: P(up) >= 0.65,1,66,692,702,-14.57592821768309,-14.661352289465407,-16041.63019600876,0
Candidate B2: P(up) >= 0.65,1,67,703,713,-19.280169562888457,-19.36088939332557,-18077.79809971337,0
Candidate B2: P(up) >= 0.65,1,68,713,723,-9.676902167053715,-9.767225264886664,-7354.229204104095,0
Candidate B2: P(up) >= 0.65,1,69,723,733,-10.534781962238329,-10.624247180276093,-7218.192098029463,0
Candidate B2: P(up) >= 0.65,1,70,733,743,1.2495001694268542,1.1482506692574272,697.2470566568195,1
Candidate B2: P(up) >= 0.65,1,71,743,753,3.1197526729468983,3.0166329202739517,1852.809738477231,1
Candidate B2: P(up) >= 0.65,1,72,753,763,-4.145523005549904,-4.241377482544354,-2683.6299860142067,0
Candidate B2: P(up) >= 0.65,1,73,763,773,7.261287586960008,7.154026299373049,4334.551147859277,1
Candidate B2: P(up) >= 0.65,1,74,774,784,-2.6241307208626634,-2.7215065901418,-1766.8980205409375,0
Candidate B2: P(up) >= 0.65,1,75,784,794,5.109190376794558,5.004081186417764,3160.4089054124506,1
Candidate B2: P(up) >= 0.65,1,76,794,804,-8.358745258605946,-8.450386513347338,-5604.0458847649215,0
Candidate B2: P(up) >= 0.65,1,77,804,814,5.42901843026846,5.323589411838192,3232.1103250832944,1
Candidate B2: P(up) >= 0.65,1,78,815,825,0.6637191781553785,0.5630554589772231,360.04638001496187,1
Candidate B2: P(up) >= 0.65,1,79,825,835,9.526990078535595,9.41746308845706,6055.913486477325,1
Candidate B2: P(up) >= 0.65,1,80,835,842,4.432040742645907,4.327608701903262,3044.951378098603,1
Candidate B3: P(up) >= 0.70,1,1,0,10,3.6096712477963235,3.506061576548527,3506.061576548527,1
Candidate B3: P(up) >= 0.70,1,2,10,20,8.976833976833976,8.867857142857142,9178.769674806072,1
Candidate B3: P(up) >= 0.70,1,3,20,30,2.3442545717080012,2.2419103171362926,2526.29285767174,1
Candidate B3: P(up) >= 0.70,1,4,30,40,-6.5566521913002145,-6.650095539108915,-7661.6498249315955,0
Candidate B3: P(up) >= 0.70,1,5,40,50,1.0644860092032855,0.9634215231940824,1036.1547833350535,1
Candidate B3: P(up) >= 0.70,1,6,50,60,-0.7209218277194763,-0.8202009058917569,-890.620313279322,0
Candidate B3: P(up) >= 0.70,1,7,60,70,4.969846754807692,4.864876908052885,5239.229612006199,1
Candidate B3: P(up) >= 0.70,1,8,70,80,11.856298018275337,11.744441720257061,13263.49580712946,1
Candidate B3: P(up) >= 0.70,1,9,80,90,2.2410906585757338,2.138849567917158,2699.179692086574,1
Candidate B3: P(up) >= 0.70,1,10,90,100,2.006398247477915,1.904391849230437,2454.7023215617346,1
Candidate B3: P(up) >= 0.70,1,11,100,110,0.8422538599927945,0.7414116061328017,973.8561272529437,1
Candidate B3: P(up) >= 0.70,1,12,110,120,-5.696034549013694,-5.79033851446468,-7662.092787855689,0
Candidate B3: P(up) >= 0.70,1,13,123,133,-4.841794175738409,-4.936952381562669,-6154.571684461743,0
Candidate B3: P(up) >= 0.70,1,14,133,143,-3.6773112952079114,-3.773633983912704,-4472.088646650608,0
Candidate B3: P(up) >= 0.70,1,15,143,153,12.264663423457462,12.152398760034002,13858.196849463293,1
Candidate B3: P(up) >= 0.70,1,16,153,163,-4.615213183487926,-4.7105979703044385,-6024.615319323387,0
Candidate B3: P(up) >= 0.70,1,17,163,173,6.9892328981689875,6.882243665270818,8387.411051517533,1
Candidate B3: P(up) >= 0.70,1,18,173,183,2.121890230590454,2.019768340359863,2630.904023346558,1
Candidate B3: P(up) >= 0.70,1,19,184,194,3.047332929873143,2.9442855969432697,3912.6203749832544,1
Candidate B3: P(up) >= 0.70,1,20,228,238,-2.243938300267208,-2.3416943619669404,-3203.466834615892,0
Candidate B3: P(up) >= 0.70,1,21,239,249,7.975164381048554,7.867189216667504,10510.389303271279,1
Candidate B3: P(up) >= 0.70,1,22,261,271,-1.9500444189058066,-2.048094374486901,-2951.471090361596,0
Candidate B3: P(up) >= 0.70,1,23,288,298,-0.733581869470088,-0.8328482876006179,-1175.6210551230827,0
Candidate B3: P(up) >= 0.70,1,24,298,308,-0.47863376981866324,-0.5781551360488446,-809.3077254563171,0
Candidate B3: P(up) >= 0.70,1,25,317,327,9.116868256184645,9.00775138792846,12536.246032472241,1
Candidate B3: P(up) >= 0.70,1,26,329,339,-5.745860207428966,-5.840114347221538,-8859.920954523312,0
Candidate B3: P(up) >= 0.70,1,27,339,349,5.313186722200381,5.207873535478181,7439.3475548071365,1
Candidate B3: P(up) >= 0.70,1,28,349,359,0.7076709928271985,0.6069633218343713,912.1895859594498,1
Candidate B3: P(up) >= 0.70,1,29,370,380,-2.6795887930864697,-2.7769092042933834,-4198.676192173465,0
Candidate B3: P(up) >= 0.70,1,30,389,399,-2.7931055529364226,-2.8903124473834865,-4248.786605310209,0
Candidate B3: P(up) >= 0.70,1,31,399,409,2.496454861967768,2.3939584071058,3417.4272924138936,1
Candidate B3: P(up) >= 0.70,1,32,415,425,0.38321064284768086,0.28282743220483314,413.40768529610517,1
Candidate B3: P(up) >= 0.70,1,33,428,438,-9.321286910533274,-9.41196562362274,-13796.340927412999,0
Candidate B3: P(up) >= 0.70,1,34,438,448,-0.5249112431652491,-0.6243863319220838,-829.1017072312538,0
Candidate B3: P(up) >= 0.70,1,35,448,458,-2.115597195036837,-2.2134815978418003,-2920.856098104128,0
Candidate B3: P(up) >= 0.70,1,36,458,468,12.358988348238313,12.246629359890077,15802.645706212239,1
Candidate B3: P(up) >= 0.70,1,37,472,482,-1.8626005203412621,-1.9607379198209207,-2839.9198650478265,0
Candidate B3: P(up) >= 0.70,1,38,482,492,-5.894133313587863,-5.988239180274276,-8503.264920985996,0
Candidate B3: P(up) >= 0.70,1,39,493,503,-1.4435854150013852,-1.5421418295863838,-2058.7000526852808,0
Candidate B3: P(up) >= 0.70,1,40,503,513,6.578333274259919,6.471754940985659,8506.310008111197,1
Candidate B3: P(up) >= 0.70,1,41,515,525,3.713944555433895,3.610230610878461,5052.292653407894,1
Candidate B3: P(up) >= 0.70,1,42,525,535,-10.0047607421875,-10.094755981445312,-14636.998234597386,0
Candidate B3: P(up) >= 0.70,1,43,535,545,-7.947514223074046,-8.039566708850971,-10480.303568307978,0
Candidate B3: P(up) >= 0.70,1,44,545,555,-0.10346190770425992,-0.20335844579655568,-243.78357537783683,0
Candidate B3: P(up) >= 0.70,1,45,555,565,0.9896973893923506,0.8887076920029581,1063.20520373157,1
Candidate B3: P(up) >= 0.70,1,46,565,575,-11.150359175780904,-11.239208816605123,-13565.52024005722,0
Candidate B3: P(up) >= 0.70,1,47,575,585,3.94382448615828,3.8398806616721224,4113.7661997329515,1
Candidate B3: P(up) >= 0.70,1,48,585,595,20.198656270143125,20.078457613872985,22336.566040245998,1
Candidate B3: P(up) >= 0.70,1,49,597,607,-7.338396484706819,-7.431058088222112,-9926.629567538565,0
Candidate B3: P(up) >= 0.70,1,50,607,617,3.089111326952123,2.9860222156251703,3692.4063873806017,1
Candidate B3: P(up) >= 0.70,1,51,617,627,1.9924745648539886,1.890482090289135,2407.505625029281,1
Candidate B3: P(up) >= 0.70,1,52,628,638,-5.837468051835641,-5.931630583783806,-7696.662728468823,0
Candidate B3: P(up) >= 0.70,1,53,638,648,-2.7084053449695555,-2.805696939624586,-3424.622728536966,0
Candidate B3: P(up) >= 0.70,1,54,649,659,-8.568262688636139,-8.659694425947503,-10273.427337529194,0
Candidate B3: P(up) >= 0.70,1,55,660,670,5.895326606715844,5.789431280109128,6273.518018055324,1
Candidate B3: P(up) >= 0.70,1,56,671,681,3.1765530372954127,3.0733764842581164,3523.1675134247575,1
Candidate B3: P(up) >= 0.70,1,57,681,691,0.8974725459695394,0.7965750734235699,941.2191266681033,1
Candidate B3: P(up) >= 0.70,1,58,697,707,-17.724391732920605,-17.806667341187687,-21207.64537777707,0
Candidate B3: P(up) >= 0.70,1,59,707,717,-16.785305742322773,-16.868520436580454,-16512.901447232693,0
Candidate B3: P(up) >= 0.70,1,60,718,728,-8.75654181628964,-8.847785274473353,-7200.231859357745,0
Candidate B3: P(up) >= 0.70,1,61,729,739,-3.441860465116279,-3.5384186046511625,-2624.752405502508,0
Candidate B3: P(up) >= 0.70,1,62,739,749,2.6685887448819843,2.565920156137102,1836.016789666605,1
Candidate B3: P(up) >= 0.70,1,63,749,759,-10.42507090891472,-10.514645838005803,-7716.693302347194,0
Candidate B3: P(up) >= 0.70,1,64,759,769,4.399748698319442,4.295348949621123,2820.895533230285,1
Candidate B3: P(up) >= 0.70,1,65,769,779,0.4916741455047294,0.3911824713592248,267.9371166579082,1
Candidate B3: P(up) >= 0.70,1,66,779,789,-0.1797291855185971,-0.2795494563330785,-192.22404638018787,0
Candidate B3: P(up) >= 0.70,1,67,789,799,-2.920877448282367,-3.0179565708340848,-2069.4087494862088,0
Candidate B3: P(up) >= 0.70,1,68,799,809,-5.090162227105873,-5.185072064878767,-3448.0965853997664,0
Candidate B3: P(up) >= 0.70,1,69,809,819,10.693736034173858,10.583042298139683,6672.857904228235,1
Candidate B3: P(up) >= 0.70,1,70,819,829,13.681836341731273,13.568154505389545,9460.425262994266,1
Candidate B3: P(up) >= 0.70,1,71,829,839,-1.975672926960963,-2.0736972540340024,-1642.0705031379734,0
Candidate C: Combined P(up) >= 0.55 & ExpRet > 1.0%,1,1,0,10,3.6096712477963235,3.506061576548527,3506.061576548527,1
Candidate C: Combined P(up) >= 0.55 & ExpRet > 1.0%,1,2,10,20,8.976833976833976,8.867857142857142,9178.769674806072,1
Candidate C: Combined P(up) >= 0.55 & ExpRet > 1.0%,1,3,20,30,2.3442545717080012,2.2419103171362926,2526.29285767174,1
Candidate C: Combined P(up) >= 0.55 & ExpRet > 1.0%,1,4,30,40,-6.5566521913002145,-6.650095539108915,-7661.6498249315955,0
Candidate C: Combined P(up) >= 0.55 & ExpRet > 1.0%,1,5,40,50,1.0644860092032855,0.9634215231940824,1036.1547833350535,1
Candidate C: Combined P(up) >= 0.55 & ExpRet > 1.0%,1,6,50,60,-0.7209218277194763,-0.8202009058917569,-890.620313279322,0
Candidate C: Combined P(up) >= 0.55 & ExpRet > 1.0%,1,7,60,70,4.969846754807692,4.864876908052885,5239.229612006199,1
Candidate C: Combined P(up) >= 0.55 & ExpRet > 1.0%,1,8,70,80,11.856298018275337,11.744441720257061,13263.49580712946,1
Candidate C: Combined P(up) >= 0.55 & ExpRet > 1.0%,1,9,80,90,2.2410906585757338,2.138849567917158,2699.179692086574,1
Candidate C: Combined P(up) >= 0.55 & ExpRet > 1.0%,1,10,90,100,2.006398247477915,1.904391849230437,2454.7023215617346,1
Candidate C: Combined P(up) >= 0.55 & ExpRet > 1.0%,1,11,100,110,0.8422538599927945,0.7414116061328017,973.8561272529437,1
Candidate C: Combined P(up) >= 0.55 & ExpRet > 1.0%,1,12,110,120,-5.696034549013694,-5.79033851446468,-7662.092787855689,0
Candidate C: Combined P(up) >= 0.55 & ExpRet > 1.0%,1,13,121,131,-0.7245169567010671,-0.8237924397443662,-1026.9674956677466,0
Candidate C: Combined P(up) >= 0.55 & ExpRet > 1.0%,1,14,131,141,-5.614391921536329,-5.7087775296147925,-7058.127708428504,0
Candidate C: Combined P(up) >= 0.55 & ExpRet > 1.0%,1,15,141,151,7.902369211554228,7.794466842342674,9086.655716868609,1
Candidate C: Combined P(up) >= 0.55 & ExpRet > 1.0%,1,16,151,161,3.2663065449950692,3.1630402384500744,3974.83261906102,1
Candidate C: Combined P(up) >= 0.55 & ExpRet > 1.0%,1,17,161,171,0.7154410343262507,0.6147255932919244,796.9288616152073,1
Candidate C: Combined P(up) >= 0.55 & ExpRet > 1.0%,1,18,171,181,3.0443838334393236,2.9413394496058842,3836.5861585659754,1
Candidate C: Combined P(up) >= 0.55 & ExpRet > 1.0%,1,19,181,191,2.6382574537676025,2.5356191963138346,3404.659257893847,1
Candidate C: Combined P(up) >= 0.55 & ExpRet > 1.0%,1,20,191,201,-1.2321938665491952,-1.330961672682646,-1832.4407054577073,0
Candidate C: Combined P(up) >= 0.55 & ExpRet > 1.0%,1,21,201,211,6.79006266042871,6.683272597768281,9078.925493221484,1
Candidate C: Combined P(up) >= 0.55 & ExpRet > 1.0%,1,22,214,224,10.532749343441344,10.422216594097902,15104.338172041222,1
Candidate C: Combined P(up) >= 0.55 & ExpRet > 1.0%,1,23,224,234,-4.116137205437958,-4.212021068232521,-6740.445503254764,0
Candidate C: Combined P(up) >= 0.55 & ExpRet > 1.0%,1,24,234,244,1.2555482154090336,1.1542926671936244,1769.3958881299554,1
Candidate C: Combined P(up) >= 0.55 & ExpRet > 1.0%,1,25,244,254,6.1770602647572295,6.070883204492473,9413.37309780331,1
Candidate C: Combined P(up) >= 0.55 & ExpRet > 1.0%,1,26,254,264,-3.7525285655315925,-3.8487760369660604,-6330.124029696388,0
Candidate C: Combined P(up) >= 0.55 & ExpRet > 1.0%,1,27,264,274,8.123303815082613,8.015180511267532,12675.284155592792,1
Candidate C: Combined P(up) >= 0.55 & ExpRet > 1.0%,1,28,274,284,9.24580613091308,9.136560324782169,15606.730045982442,1
Candidate C: Combined P(up) >= 0.55 & ExpRet > 1.0%,1,29,286,296,-2.420506559078354,-2.518086052519276,-4694.291147478024,0
Candidate C: Combined P(up) >= 0.55 & ExpRet > 1.0%,1,30,296,306,0.015475497412530844,-0.08453997808488169,-153.63339673154346,0
Candidate C: Combined P(up) >= 0.55 & ExpRet > 1.0%,1,31,306,316,-6.4770710908783125,-6.570594019787436,-11930.55996849956,0
Candidate C: Combined P(up) >= 0.55 & ExpRet > 1.0%,1,32,317,327,9.116868256184645,9.00775138792846,15281.15471663012,1
Candidate C: Combined P(up) >= 0.55 & ExpRet > 1.0%,1,33,327,337,-4.619715986370025,-4.715096270383655,-8719.422603162127,0
Candidate C: Combined P(up) >= 0.55 & ExpRet > 1.0%,1,34,337,347,3.729262435078621,3.625533172643542,6388.415362657564,1
Candidate C: Combined P(up) >= 0.55 & ExpRet > 1.0%,1,35,347,357,2.048100106462926,1.9460520063564628,3553.386781985556,1
Candidate C: Combined P(up) >= 0.55 & ExpRet > 1.0%,1,36,358,368,-2.816401516092346,-2.9135851145762537,-5423.581389188835,0
Candidate C: Combined P(up) >= 0.55 & ExpRet > 1.0%,1,37,368,378,-2.3402507658936123,-2.4379105151277187,-4405.900416443195,0
Candidate C: Combined P(up) >= 0.55 & ExpRet > 1.0%,1,38,378,388,-3.7662445922931305,-3.8624783477008373,-6810.265874295388,0
Candidate C: Combined P(up) >= 0.55 & ExpRet > 1.0%,1,39,388,398,-2.421299243523139,-2.518877944279615,-4269.706820109861,0
Candidate C: Combined P(up) >= 0.55 & ExpRet > 1.0%,1,40,398,408,-0.5421043332407229,-0.6415622289074822,-1060.1083091384535,0
Candidate C: Combined P(up) >= 0.55 & ExpRet > 1.0%,1,41,408,418,0.7223169361921637,0.6215946192559716,1020.5245385228809,1
Candidate C: Combined P(up) >= 0.55 & ExpRet > 1.0%,1,42,418,428,-0.17158267021475654,-0.2714110875445418,-448.3683890109604,0
Candidate C: Combined P(up) >= 0.55 & ExpRet > 1.0%,1,43,428,438,-9.321286910533274,-9.411965623622741,-15506.272343715438,0
Candidate C: Combined P(up) >= 0.55 & ExpRet > 1.0%,1,44,438,448,-0.5249112431652491,-0.6243863319220838,-931.8613493685217,0
Candidate C: Combined P(up) >= 0.55 & ExpRet > 1.0%,1,45,448,458,-2.115597195036837,-2.2134815978418003,-3282.869738599406,0
Candidate C: Combined P(up) >= 0.55 & ExpRet > 1.0%,1,46,458,468,12.358988348238313,12.246629359890074,17761.24041591951,1
Candidate C: Combined P(up) >= 0.55 & ExpRet > 1.0%,1,47,468,478,-6.885828520657486,-6.978942692136828,-11361.081080114676,0
Candidate C: Combined P(up) >= 0.55 & ExpRet > 1.0%,1,48,478,488,-4.861642386167104,-4.9567807437809375,-7506.042301314976,0
Candidate C: Combined P(up) >= 0.55 & ExpRet > 1.0%,1,49,488,498,-4.698859250742562,-4.794160391491819,-6899.934948498767,0
Candidate C: Combined P(up) >= 0.55 & ExpRet > 1.0%,1,50,498,508,8.98232325032822,8.873340927077892,12158.589394694629,1
Candidate C: Combined P(up) >= 0.55 & ExpRet > 1.0%,1,51,508,518,0.9463498909495044,0.8454035410585549,1261.1932473058396,1
Candidate C: Combined P(up) >= 0.55 & ExpRet > 1.0%,1,52,518,528,-6.67240652690539,-6.765734120378484,-10178.613160680834,0
Candidate C: Combined P(up) >= 0.55 & ExpRet > 1.0%,1,53,528,538,-14.816522284776934,-14.901705762492156,-20901.873828352534,0
Candidate C: Combined P(up) >= 0.55 & ExpRet > 1.0%,1,54,540,550,3.916504719401032,3.81258821468163,4550.823519254824,1
Candidate C: Combined P(up) >= 0.55 & ExpRet > 1.0%,1,55,550,560,-2.207261951096161,-2.3050546891450643,-2856.283726335066,0
Candidate C: Combined P(up) >= 0.55 & ExpRet > 1.0%,1,56,560,570,-1.2188227164578367,-1.3176038937413788,-1595.0601880160382,0
Candidate C: Combined P(up) >= 0.55 & ExpRet > 1.0%,1,57,570,580,-5.895118965561124,-5.9892238465955625,-7154.881361970346,0
Candidate C: Combined P(up) >= 0.55 & ExpRet > 1.0%,1,58,580,590,9.760830664974943,9.651069834309968,10838.894477800603,1
Candidate C: Combined P(up) >= 0.55 & ExpRet > 1.0%,1,59,590,600,-1.6535727879194,-1.7519192151314806,-2157.4288371856255,0
Candidate C: Combined P(up) >= 0.55 & ExpRet > 1.0%,1,60,600,610,6.506210875274938,6.399704664399662,7742.949224862202,1
Candidate C: Combined P(up) >= 0.55 & ExpRet > 1.0%,1,61,610,620,-1.541708087216209,-1.6401663791289929,-2111.4208538233215,0
Candidate C: Combined P(up) >= 0.55 & ExpRet > 1.0%,1,62,620,630,3.625052220929455,3.521427168708524,4458.855491488578,1
Candidate C: Combined P(up) >= 0.55 & ExpRet > 1.0%,1,63,630,640,-10.593048574621921,-10.682455526047299,-14002.514492519791,0
Candidate C: Combined P(up) >= 0.55 & ExpRet > 1.0%,1,64,640,650,-2.2399694545123623,-2.33772948505785,-2736.9443486585405,0
Candidate C: Combined P(up) >= 0.55 & ExpRet > 1.0%,1,65,650,660,-5.997634625703078,-6.091636991077376,-6965.183208843125,0
Candidate C: Combined P(up) >= 0.55 & ExpRet > 1.0%,1,66,660,670,5.895326606715844,5.789431280109127,6216.396431985019,1
Candidate C: Combined P(up) >= 0.55 & ExpRet > 1.0%,1,67,670,680,0.10705565369292996,0.006948598039237033,7.893003057980806,1
Candidate C: Combined P(up) >= 0.55 & ExpRet > 1.0%,1,68,680,690,-3.160831319800507,-3.2576704884807075,-3700.6874856772547,0
Candidate C: Combined P(up) >= 0.55 & ExpRet > 1.0%,1,69,690,700,-8.11093142290813,-8.202820491485221,-9014.777382378059,0
Candidate C: Combined P(up) >= 0.55 & ExpRet > 1.0%,1,70,700,710,-11.11704649984946,-11.20592945334961,-11304.95974892489,0
Candidate C: Combined P(up) >= 0.55 & ExpRet > 1.0%,1,71,710,720,-25.631006887546203,-25.705375880658654,-23026.559912486355,0
Candidate C: Combined P(up) >= 0.55 & ExpRet > 1.0%,1,72,720,730,10.585863517992426,10.475277654474432,6971.528944557741,1
Candidate C: Combined P(up) >= 0.55 & ExpRet > 1.0%,1,73,730,740,-11.737308668619702,-11.825571359951082,-8694.602398127026,0
Candidate C: Combined P(up) >= 0.55 & ExpRet > 1.0%,1,74,740,750,10.69026069522221,10.57957043452699,6858.644326505738,1
Candidate C: Combined P(up) >= 0.55 & ExpRet > 1.0%,1,75,750,760,-4.543752495816387,-4.639208743320571,-3325.745869836962,0
Candidate C: Combined P(up) >= 0.55 & ExpRet > 1.0%,1,76,760,770,0.930460333006856,0.829529872673849,567.083514736743,1
Candidate C: Combined P(up) >= 0.55 & ExpRet > 1.0%,1,77,770,780,-3.6487118472525477,-3.745063135405295,-2581.4390650417595,0
Candidate C: Combined P(up) >= 0.55 & ExpRet > 1.0%,1,78,780,790,0.44314263981439517,0.3426994971745807,227.3731691672806,1
Candidate C: Combined P(up) >= 0.55 & ExpRet > 1.0%,1,79,790,800,-3.5896909887860673,-3.6861012977972805,-2454.0239356666993,0
Candidate C: Combined P(up) >= 0.55 & ExpRet > 1.0%,1,80,800,810,-3.6505434826768073,-3.7468929391941295,-2402.546354284157,0
Candidate C: Combined P(up) >= 0.55 & ExpRet > 1.0%,1,81,810,820,12.186962590536469,12.074775627945932,7452.368449148794,1
Candidate C: Combined P(up) >= 0.55 & ExpRet > 1.0%,1,82,820,830,16.260944102769738,16.144683158666968,11167.414946247669,1
Candidate C: Combined P(up) >= 0.55 & ExpRet > 1.0%,1,83,830,840,-3.351816466388386,-3.448464649921997,-2770.436747257315,0
Candidate C: Combined P(up) >= 0.55 & ExpRet > 1.0%,1,84,840,842,2.50042386975209,2.397923445882338,1860.0171946307562,1
Candidate D: Cost-Adjusted ExpRet - 10bps > 0.5%,1,1,0,10,3.6096712477963235,3.506061576548527,3506.061576548527,1
Candidate D: Cost-Adjusted ExpRet - 10bps > 0.5%,1,2,10,20,8.976833976833976,8.867857142857142,9178.769674806072,1
Candidate D: Cost-Adjusted ExpRet - 10bps > 0.5%,1,3,20,30,2.3442545717080012,2.2419103171362926,2526.29285767174,1
Candidate D: Cost-Adjusted ExpRet - 10bps > 0.5%,1,4,30,40,-6.5566521913002145,-6.650095539108915,-7661.6498249315955,0
Candidate D: Cost-Adjusted ExpRet - 10bps > 0.5%,1,5,40,50,1.0644860092032855,0.9634215231940824,1036.1547833350535,1
Candidate D: Cost-Adjusted ExpRet - 10bps > 0.5%,1,6,50,60,-0.7209218277194763,-0.8202009058917569,-890.620313279322,0
Candidate D: Cost-Adjusted ExpRet - 10bps > 0.5%,1,7,60,70,4.969846754807692,4.864876908052885,5239.229612006199,1
Candidate D: Cost-Adjusted ExpRet - 10bps > 0.5%,1,8,70,80,11.856298018275337,11.744441720257061,13263.49580712946,1
Candidate D: Cost-Adjusted ExpRet - 10bps > 0.5%,1,9,80,90,2.2410906585757338,2.138849567917158,2699.179692086574,1
Candidate D: Cost-Adjusted ExpRet - 10bps > 0.5%,1,10,90,100,2.006398247477915,1.904391849230437,2454.7023215617346,1
Candidate D: Cost-Adjusted ExpRet - 10bps > 0.5%,1,11,100,110,0.8422538599927945,0.7414116061328017,973.8561272529437,1
Candidate D: Cost-Adjusted ExpRet - 10bps > 0.5%,1,12,110,120,-5.696034549013694,-5.79033851446468,-7662.092787855689,0
Candidate D: Cost-Adjusted ExpRet - 10bps > 0.5%,1,13,120,130,-5.197741767578603,-5.292544025811025,-6597.864245494992,0
Candidate D: Cost-Adjusted ExpRet - 10bps > 0.5%,1,14,130,140,-6.075808249721293,-6.169732441471571,-7284.326398472358,0
Candidate D: Cost-Adjusted ExpRet - 10bps > 0.5%,1,15,140,150,3.19050503060089,3.087314525570289,3420.163735964693,1
Candidate D: Cost-Adjusted ExpRet - 10bps > 0.5%,1,16,150,160,7.7952125826018985,7.687417370019298,8779.134617978416,1
Candidate D: Cost-Adjusted ExpRet - 10bps > 0.5%,1,17,160,170,-0.9283478611090886,-1.0274195132479793,-1263.5255233532635,0
Candidate D: Cost-Adjusted ExpRet - 10bps > 0.5%,1,18,170,180,4.216701261691228,4.112484560429537,5005.591257869172,1
Candidate D: Cost-Adjusted ExpRet - 10bps > 0.5%,1,19,180,190,1.3952046652155994,1.2938094605503836,1639.548378987484,1
Candidate D: Cost-Adjusted ExpRet - 10bps > 0.5%,1,20,190,200,-2.818261549990662,-2.915443288440671,-3742.324268704473,0
Candidate D: Cost-Adjusted ExpRet - 10bps > 0.5%,1,21,200,210,7.567251817627506,7.459684565809879,9296.24227686597,1
Candidate D: Cost-Adjusted ExpRet - 10bps > 0.5%,1,22,210,220,-1.3748026444600894,-1.4734278418156292,-1973.1559138715727,0
Candidate D: Cost-Adjusted ExpRet - 10bps > 0.5%,1,23,220,230,6.697973306969847,6.5912753336628755,8696.717412719509,1
Candidate D: Cost-Adjusted ExpRet - 10bps > 0.5%,1,24,230,240,-1.450083336952745,-1.5486332536157923,-2177.991316894589,0
Candidate D: Cost-Adjusted ExpRet - 10bps > 0.5%,1,25,240,250,7.573340605216727,7.46576726461151,10337.22002593253,1
Candidate D: Cost-Adjusted ExpRet - 10bps > 0.5%,1,26,250,260,4.3831685831362135,4.278785414553077,6366.781760732552,1
Candidate D: Cost-Adjusted ExpRet - 10bps > 0.5%,1,27,260,270,-4.801984033453173,-4.897182049419719,-7598.741485321765,0
Candidate D: Cost-Adjusted ExpRet - 10bps > 0.5%,1,28,270,280,9.397959650388978,9.28856169073859,13706.837882585853,1
Candidate D: Cost-Adjusted ExpRet - 10bps > 0.5%,1,29,280,290,5.59976681214736,5.494167045335212,8860.645803720854,1
Candidate D: Cost-Adjusted ExpRet - 10bps > 0.5%,1,30,290,300,-0.5443604712437483,-0.6438161107725046,-1095.3522492059594,0
Candidate D: Cost-Adjusted ExpRet - 10bps > 0.5%,1,31,300,310,-0.9186250900599092,-1.017706464969849,-1720.320640789142,0
Candidate D: Cost-Adjusted ExpRet - 10bps > 0.5%,1,32,310,320,-5.864175349663573,-5.958311174313911,-9969.366453481338,0
Candidate D: Cost-Adjusted ExpRet - 10bps > 0.5%,1,33,320,330,6.947638108819911,6.84069047071109,10763.77817298284,1
Candidate D: Cost-Adjusted ExpRet - 10bps > 0.5%,1,34,330,340,-6.588396027724166,-6.681807631696443,-11232.992098634877,0
Candidate D: Cost-Adjusted ExpRet - 10bps > 0.5%,1,35,340,350,2.513974604319476,2.4114606297151564,3783.1013712979943,1
Candidate D: Cost-Adjusted ExpRet - 10bps > 0.5%,1,36,350,360,-0.6651745875406893,-0.7645094129531487,-1228.2851467094163,0
Candidate D: Cost-Adjusted ExpRet - 10bps > 0.5%,1,37,360,370,-0.492131955299516,-0.5916398233442165,-943.2803399012674,0
Candidate D: Cost-Adjusted ExpRet - 10bps > 0.5%,1,38,370,380,-2.6795887930864697,-2.776909204293382,-4401.168276712039,0
Candidate D: Cost-Adjusted ExpRet - 10bps > 0.5%,1,39,380,390,-4.444535066524686,-4.540090531458161,-6995.845833464923,0
Candidate D: Cost-Adjusted ExpRet - 10bps > 0.5%,1,40,390,400,-2.558847043237794,-2.6562881961945566,-3907.25655104081,0
Candidate D: Cost-Adjusted ExpRet - 10bps > 0.5%,1,41,400,410,4.384198893181133,4.279814694287952,6128.15305229593,1
Candidate D: Cost-Adjusted ExpRet - 10bps > 0.5%,1,42,410,420,-4.414348684033613,-4.5099343353495795,-6734.030936392857,0
Candidate D: Cost-Adjusted ExpRet - 10bps > 0.5%,1,43,420,430,-2.434652183084338,-2.532217530901254,-3610.472918328285,0
Candidate D: Cost-Adjusted ExpRet - 10bps > 0.5%,1,44,430,440,-3.860294117647059,-3.9564338235294123,-5498.2954383946635,0
Candidate D: Cost-Adjusted ExpRet - 10bps > 0.5%,1,45,440,450,-1.4531502076362333,-1.551697057428597,-2071.091946594622,0
Candidate D: Cost-Adjusted ExpRet - 10bps > 0.5%,1,46,450,460,3.075276452296776,2.972201175844479,3905.520117085742,1
Candidate D: Cost-Adjusted ExpRet - 10bps > 0.5%,1,47,460,470,0.09411764705882353,-0.005976470588235297,-8.086590673539618,0
Candidate D: Cost-Adjusted ExpRet - 10bps > 0.5%,1,48,470,480,0.7334319537494124,0.6326985217956629,856.0350312776364,1
Candidate D: Cost-Adjusted ExpRet - 10bps > 0.5%,1,49,480,490,-10.02987663070912,-10.119846754078411,-13778.685024141063,0
Candidate D: Cost-Adjusted ExpRet - 10bps > 0.5%,1,50,490,500,2.2046999572814054,2.102495257324124,2572.9578132442084,1
Candidate D: Cost-Adjusted ExpRet - 10bps > 0.5%,1,51,500,510,5.126383235362746,5.021256852127382,6274.0277303395715,1
Candidate D: Cost-Adjusted ExpRet - 10bps > 0.5%,1,52,510,520,6.2475931602432215,6.141345567082979,8058.881007776011,1
Candidate D: Cost-Adjusted ExpRet - 10bps > 0.5%,1,53,520,530,-9.451972772874232,-9.542520800101359,-13291.038381280992,0
Candidate D: Cost-Adjusted ExpRet - 10bps > 0.5%,1,54,530,540,-12.481178069810179,-12.56869689174037,-15835.454426083752,0
Candidate D: Cost-Adjusted ExpRet - 10bps > 0.5%,1,55,540,550,3.916504719401032,3.81258821468163,4199.785697866273,1
Candidate D: Cost-Adjusted ExpRet - 10bps > 0.5%,1,56,550,560,-2.207261951096161,-2.3050546891450647,-2635.9579737942577,0
Candidate D: Cost-Adjusted ExpRet - 10bps > 0.5%,1,57,560,570,-1.2188227164578367,-1.3176038937413788,-1472.0216981656463,0
Candidate D: Cost-Adjusted ExpRet - 10bps > 0.5%,1,58,570,580,-5.895118965561124,-5.989223846595562,-6602.9737885448485,0
Candidate D: Cost-Adjusted ExpRet - 10bps > 0.5%,1,59,580,590,9.760830664974943,9.651069834309967,10002.812417564934,1
Candidate D: Cost-Adjusted ExpRet - 10bps > 0.5%,1,60,590,600,-1.6535727879194,-1.7519192151314804,-1991.01079974644,0
Candidate D: Cost-Adjusted ExpRet - 10bps > 0.5%,1,61,600,610,6.506210875274938,6.399704664399662,7145.6797382478635,1
Candidate D: Cost-Adjusted ExpRet - 10bps > 0.5%,1,62,610,620,-1.541708087216209,-1.6401663791289929,-1948.5517437766512,0
Candidate D: Cost-Adjusted ExpRet - 10bps > 0.5%,1,63,620,630,3.625052220929455,3.5214271687085255,4114.911827007647,1
Candidate D: Cost-Adjusted ExpRet - 10bps > 0.5%,1,64,630,640,-10.593048574621921,-10.6824555260473,-12922.399616471905,0
Candidate D: Cost-Adjusted ExpRet - 10bps > 0.5%,1,65,640,650,-2.2399694545123623,-2.33772948505785,-2525.8241025427087,0
Candidate D: Cost-Adjusted ExpRet - 10bps > 0.5%,1,66,650,660,-5.997634625703078,-6.091636991077375,-6427.908421354824,0
Candidate D: Cost-Adjusted ExpRet - 10bps > 0.5%,1,67,660,670,5.895326606715844,5.789431280109128,5736.880966017468,1
Candidate D: Cost-Adjusted ExpRet - 10bps > 0.5%,1,68,670,680,0.10705565369292996,0.006948598039237036,7.284158837596621,1
Candidate D: Cost-Adjusted ExpRet - 10bps > 0.5%,1,69,680,690,-3.160831319800507,-3.2576704884807066,-3415.2267845282176,0
Candidate D: Cost-Adjusted ExpRet - 10bps > 0.5%,1,70,690,700,-8.11093142290813,-8.202820491485221,-8319.4026223542,0
Candidate D: Cost-Adjusted ExpRet - 10bps > 0.5%,1,71,700,710,-11.11704649984946,-11.20592945334961,-10432.926714825242,0
Candidate D: Cost-Adjusted ExpRet - 10bps > 0.5%,1,72,710,720,-25.631006887546203,-25.705375880658654,-21250.35536586933,0
Candidate D: Cost-Adjusted ExpRet - 10bps > 0.5%,1,73,720,730,10.585863517992426,10.475277654474432,6433.764664732298,1
Candidate D: Cost-Adjusted ExpRet - 10bps > 0.5%,1,74,730,740,-11.737308668619702,-11.825571359951082,-8023.925042530971,0
Candidate D: Cost-Adjusted ExpRet - 10bps > 0.5%,1,75,740,750,10.69026069522221,10.579570434526987,6329.587650968087,1
Candidate D: Cost-Adjusted ExpRet - 10bps > 0.5%,1,76,750,760,-4.543752495816387,-4.63920874332057,-3069.207118180273,0
Candidate D: Cost-Adjusted ExpRet - 10bps > 0.5%,1,77,760,770,0.930460333006856,0.8295298726738491,523.3402755809554,1
Candidate D: Cost-Adjusted ExpRet - 10bps > 0.5%,1,78,770,780,-3.6487118472525477,-3.7450631354052946,-2382.3140623679715,0
Candidate D: Cost-Adjusted ExpRet - 10bps > 0.5%,1,79,780,790,0.44314263981439517,0.3426994971745807,209.8342376730174,1
Candidate D: Cost-Adjusted ExpRet - 10bps > 0.5%,1,80,790,800,-3.5896909887860673,-3.6861012977972814,-2264.727380358211,0
Candidate D: Cost-Adjusted ExpRet - 10bps > 0.5%,1,81,800,810,-3.6505434826768073,-3.7468929391941312,-2217.220635889564,0
Candidate D: Cost-Adjusted ExpRet - 10bps > 0.5%,1,82,810,820,12.186962590536469,12.07477562794593,6877.513552336111,1
Candidate D: Cost-Adjusted ExpRet - 10bps > 0.5%,1,83,820,830,16.260944102769738,16.144683158666968,10305.991734232051,1
Candidate D: Cost-Adjusted ExpRet - 10bps > 0.5%,1,84,830,840,-3.351816466388386,-3.448464649921998,-2556.7329910168987,0
Candidate D: Cost-Adjusted ExpRet - 10bps > 0.5%,1,85,840,842,2.50042386975209,2.3979234458823386,1716.5406609911183,1
Candidate E: Expected Value Score > 0.8%,1,1,0,10,3.6096712477963235,3.506061576548527,3506.061576548527,1
Candidate E: Expected Value Score > 0.8%,1,2,10,20,8.976833976833976,8.867857142857142,9178.769674806072,1
Candidate E: Expected Value Score > 0.8%,1,3,20,30,2.3442545717080012,2.2419103171362926,2526.29285767174,1
Candidate E: Expected Value Score > 0.8%,1,4,30,40,-6.5566521913002145,-6.650095539108915,-7661.6498249315955,0
Candidate E: Expected Value Score > 0.8%,1,5,40,50,1.0644860092032855,0.9634215231940824,1036.1547833350535,1
Candidate E: Expected Value Score > 0.8%,1,6,50,60,-0.7209218277194763,-0.8202009058917569,-890.620313279322,0
Candidate E: Expected Value Score > 0.8%,1,7,60,70,4.969846754807692,4.864876908052885,5239.229612006199,1
Candidate E: Expected Value Score > 0.8%,1,8,70,80,11.856298018275337,11.744441720257061,13263.49580712946,1
Candidate E: Expected Value Score > 0.8%,1,9,80,90,2.2410906585757338,2.138849567917158,2699.179692086574,1
Candidate E: Expected Value Score > 0.8%,1,10,90,100,2.006398247477915,1.904391849230437,2454.7023215617346,1
Candidate E: Expected Value Score > 0.8%,1,11,100,110,0.8422538599927945,0.7414116061328017,973.8561272529437,1
Candidate E: Expected Value Score > 0.8%,1,12,110,120,-5.696034549013694,-5.79033851446468,-7662.092787855689,0
Candidate E: Expected Value Score > 0.8%,1,13,121,131,-0.7245169567010671,-0.8237924397443662,-1026.9674956677466,0
Candidate E: Expected Value Score > 0.8%,1,14,131,141,-5.614391921536329,-5.7087775296147925,-7058.127708428504,0
Candidate E: Expected Value Score > 0.8%,1,15,141,151,7.902369211554228,7.794466842342674,9086.655716868609,1
Candidate E: Expected Value Score > 0.8%,1,16,151,161,3.2663065449950692,3.1630402384500744,3974.83261906102,1
Candidate E: Expected Value Score > 0.8%,1,17,161,171,0.7154410343262507,0.6147255932919244,796.9288616152073,1
Candidate E: Expected Value Score > 0.8%,1,18,171,181,3.0443838334393236,2.9413394496058842,3836.5861585659754,1
Candidate E: Expected Value Score > 0.8%,1,19,181,191,2.6382574537676025,2.5356191963138346,3404.659257893847,1
Candidate E: Expected Value Score > 0.8%,1,20,191,201,-1.2321938665491952,-1.330961672682646,-1832.4407054577073,0
Candidate E: Expected Value Score > 0.8%,1,21,201,211,6.79006266042871,6.683272597768281,9078.925493221484,1
Candidate E: Expected Value Score > 0.8%,1,22,214,224,10.532749343441344,10.422216594097902,15104.338172041222,1
Candidate E: Expected Value Score > 0.8%,1,23,226,236,-3.552546786723164,-3.6489942399364415,-5839.440595747829,0
Candidate E: Expected Value Score > 0.8%,1,24,236,246,2.6430549259798175,2.5404118710538373,3917.0440254430464,1
Candidate E: Expected Value Score > 0.8%,1,25,246,256,8.60155677960878,8.49295522282917,13427.903490994257,1
Candidate E: Expected Value Score > 0.8%,1,26,256,266,-2.4509206719999836,-2.548469751327983,-4371.499157833691,0
Candidate E: Expected Value Score > 0.8%,1,27,266,276,7.610761294976473,7.503150533681496,12542.47484403064,1
Candidate E: Expected Value Score > 0.8%,1,28,276,286,6.055264364111935,5.949209099747821,10691.041234629205,1
Candidate E: Expected Value Score > 0.8%,1,29,286,296,-2.420506559078354,-2.518086052519275,-4794.3425171191475,0
Candidate E: Expected Value Score > 0.8%,1,30,296,306,0.015475497412530844,-0.08453997808488169,-156.90784888687415,0
Candidate E: Expected Value Score > 0.8%,1,31,306,316,-6.4770710908783125,-6.570594019787433,-12184.84092976359,0
Candidate E: Expected Value Score > 0.8%,1,32,317,327,9.116868256184645,9.007751387928462,15606.848290178104,1
Candidate E: Expected Value Score > 0.8%,1,33,327,337,-4.619715986370025,-4.715096270383656,-8905.263265046691,0
Candidate E: Expected Value Score > 0.8%,1,34,337,347,3.729262435078621,3.625533172643543,6524.574302695547,1
Candidate E: Expected Value Score > 0.8%,1,35,347,357,2.048100106462926,1.946052006356463,3629.1215847988256,1
Candidate E: Expected Value Score > 0.8%,1,36,358,368,-2.816401516092346,-2.9135851145762537,-5539.176423518988,0
Candidate E: Expected Value Score > 0.8%,1,37,368,378,-2.3402507658936123,-2.4379105151277187,-4499.805195102774,0
Candidate E: Expected Value Score > 0.8%,1,38,378,388,-3.7662445922931305,-3.862478347700838,-6955.415888842212,0
Candidate E: Expected Value Score > 0.8%,1,39,388,398,-2.421299243523139,-2.518877944279615,-4360.708848296276,0
Candidate E: Expected Value Score > 0.8%,1,40,398,408,-0.5421043332407229,-0.6415622289074823,-1082.7028361852517,0
Candidate E: Expected Value Score > 0.8%,1,41,408,418,0.7223169361921637,0.6215946192559715,1042.2754002874826,1
Candidate E: Expected Value Score > 0.8%,1,42,418,428,-0.17158267021475654,-0.27141108754454174,-457.9246500128862,0
Candidate E: Expected Value Score > 0.8%,1,43,428,438,-9.321286910533274,-9.411965623622741,-15836.763942399186,0
Candidate E: Expected Value Score > 0.8%,1,44,438,448,-0.5249112431652491,-0.6243863319220838,-951.7224958954122,0
Candidate E: Expected Value Score > 0.8%,1,45,448,458,-2.115597195036837,-2.2134815978418003,-3352.8388997318007,0
Candidate E: Expected Value Score > 0.8%,1,46,458,468,12.358988348238313,12.246629359890076,18139.793082192184,1
Candidate E: Expected Value Score > 0.8%,1,47,468,478,-6.885828520657486,-6.978942692136828,-11603.22450219023,0
Candidate E: Expected Value Score > 0.8%,1,48,478,488,-4.861642386167104,-4.9567807437809375,-7666.021686750886,0
Candidate E: Expected Value Score > 0.8%,1,49,488,498,-4.698859250742562,-4.79416039149182,-7046.996117127568,0
Candidate E: Expected Value Score > 0.8%,1,50,498,508,8.98232325032822,8.873340927077892,12417.730441473708,1
Candidate E: Expected Value Score > 0.8%,1,51,508,518,0.9463498909495044,0.8454035410585549,1288.0735808452016,1
Candidate E: Expected Value Score > 0.8%,1,52,518,528,-6.67240652690539,-6.765734120378488,-10395.55415470512,0
Candidate E: Expected Value Score > 0.8%,1,53,528,538,-14.816522284776934,-14.901705762492156,-21347.36411408313,0
Candidate E: Expected Value Score > 0.8%,1,54,540,550,3.916504719401032,3.812588214681631,4647.81710397125,1
Candidate E: Expected Value Score > 0.8%,1,55,550,560,-2.207261951096161,-2.3050546891450647,-2917.1608832742995,0
Candidate E: Expected Value Score > 0.8%,1,56,560,570,-1.2188227164578367,-1.3176038937413785,-1629.0563658110111,0
Candidate E: Expected Value Score > 0.8%,1,57,570,580,-5.895118965561124,-5.989223846595563,-7307.376309001799,0
Candidate E: Expected Value Score > 0.8%,1,58,580,590,9.760830664974943,9.651069834309967,11069.908320749426,1
Candidate E: Expected Value Score > 0.8%,1,59,590,600,-1.6535727879194,-1.7519192151314806,-2203.411010698583,0
Candidate E: Expected Value Score > 0.8%,1,60,600,610,6.506210875274938,6.399704664399662,7907.977905587582,1
Candidate E: Expected Value Score > 0.8%,1,61,610,620,-1.541708087216209,-1.6401663791289927,-2156.4224401495853,0
Candidate E: Expected Value Score > 0.8%,1,62,620,630,3.625052220929455,3.521427168708525,4553.888923574474,1
Candidate E: Expected Value Score > 0.8%,1,63,630,640,-10.593048574621921,-10.682455526047297,-14300.955877892515,0
Candidate E: Expected Value Score > 0.8%,1,64,640,650,-2.2399694545123623,-2.3377294850578503,-2795.2779760608237,0
Candidate E: Expected Value Score > 0.8%,1,65,650,660,-5.997634625703078,-6.091636991077376,-7113.635040643224,0
Candidate E: Expected Value Score > 0.8%,1,66,660,670,5.895326606715844,5.789431280109127,6348.889061375174,1
Candidate E: Expected Value Score > 0.8%,1,67,670,680,0.10705565369292996,0.006948598039237024,8.061229898141065,1
Candidate E: Expected Value Score > 0.8%,1,68,680,690,-3.160831319800507,-3.2576704884807066,-3779.561769338737,0
Candidate E: Expected Value Score > 0.8%,1,69,690,700,-8.11093142290813,-8.202820491485221,-9206.913062884647,0
Candidate E: Expected Value Score > 0.8%,1,70,700,710,-11.11704649984946,-11.20592945334961,-11545.90703384678,0
Candidate E: Expected Value Score > 0.8%,1,71,710,720,-25.631006887546203,-25.70537588065866,-23517.334511885743,0
Candidate E: Expected Value Score > 0.8%,1,72,720,730,10.585863517992426,10.47527765447443,7120.116025648877,1
Candidate E: Expected Value Score > 0.8%,1,73,730,740,-11.737308668619702,-11.82557135995108,-8879.914056711505,0
Candidate E: Expected Value Score > 0.8%,1,74,740,750,10.69026069522221,10.579570434526989,7004.825451022667,1
Candidate E: Expected Value Score > 0.8%,1,75,750,760,-4.543752495816387,-4.63920874332057,-3396.6288676958093,0
Candidate E: Expected Value Score > 0.8%,1,76,760,770,0.930460333006856,0.8295298726738491,579.1700003354889,1
Candidate E: Expected Value Score > 0.8%,1,77,770,780,-3.6487118472525477,-3.745063135405295,-2636.4583439889725,0
Candidate E: Expected Value Score > 0.8%,1,78,780,790,0.44314263981439517,0.34269949717458065,232.21926760475196,1
Candidate E: Expected Value Score > 0.8%,1,79,790,800,-3.5896909887860673,-3.6861012977972805,-2506.3275632394075,0
Candidate E: Expected Value Score > 0.8%,1,80,800,810,-3.6505434826768073,-3.7468929391941304,-2453.7528188643437,0
Candidate E: Expected Value Score > 0.8%,1,81,810,820,12.186962590536469,12.07477562794593,7611.203861564191,1
Candidate E: Expected Value Score > 0.8%,1,82,820,830,16.260944102769738,16.144683158666965,11405.430681876484,1
Candidate E: Expected Value Score > 0.8%,1,83,830,840,-3.351816466388386,-3.448464649921998,-2829.484212009498,0
Candidate E: Expected Value Score > 0.8%,1,84,840,842,2.50042386975209,2.3979234458823377,1899.6605107422474,1
Candidate A: Baseline P(up) >= 0.55,2,1,1,11,19.570809319728276,19.451238510408547,19451.238510408548,1
Candidate A: Baseline P(up) >= 0.55,2,2,12,22,3.7327360955580438,3.6290033594624864,4334.889458462274,1
Candidate A: Baseline P(up) >= 0.55,2,3,22,32,12.025906843176502,11.913880936333326,14747.731901908477,1
Candidate A: Baseline P(up) >= 0.55,2,4,36,46,2.9893192189910565,2.886329899772065,3998.5442187586373,1
Candidate A: Baseline P(up) >= 0.55,2,5,59,69,8.777468948452078,8.668691479503627,12355.694368841454,1
Candidate A: Baseline P(up) >= 0.55,2,6,70,80,0.029462560339053825,-0.07056690222128523,-109.29973299153258,0
Candidate A: Baseline P(up) >= 0.55,2,7,82,92,4.987703431751707,4.882715728319954,7557.408749469198,1
Candidate A: Baseline P(up) >= 0.55,2,8,97,107,10.132881395003848,10.022748513608843,16270.549821735203,1
Candidate A: Baseline P(up) >= 0.55,2,9,110,120,8.12911519243094,8.02098607723851,14326.023135766844,1
Candidate A: Baseline P(up) >= 0.55,2,10,124,134,5.6935631757919385,5.587869612616148,10780.832210555229,1
Candidate A: Baseline P(up) >= 0.55,2,11,145,155,2.425907986579359,2.3234820785927797,4733.2492814120305,1
Candidate A: Baseline P(up) >= 0.55,2,12,171,181,8.29522560811225,8.186930382504137,17065.399470259126,1
Candidate A: Baseline P(up) >= 0.55,2,13,210,220,7.798882692210121,7.691083809517911,17344.337024596676,1
Candidate A: Baseline P(up) >= 0.55,2,14,275,285,-0.07903775592594219,-0.17895871817001627,-434.61305552227236,0
Candidate A: Baseline P(up) >= 0.55,2,15,286,296,3.524029056166231,3.4205050271100643,8292.056196184012,1
Candidate A: Baseline P(up) >= 0.55,2,16,296,306,7.269165960037816,7.161896794077778,17955.880904777292,1
Candidate A: Baseline P(up) >= 0.55,2,17,315,325,0.4914999352379379,0.39100843530269996,1050.5220599578925,1
Candidate A: Baseline P(up) >= 0.55,2,18,567,577,-2.362361424056139,-2.459999062632083,-6635.1204070317335,0
Candidate A: Baseline P(up) >= 0.55,2,19,740,750,5.251696975850291,5.146445278874442,13539.54224245904,1
Candidate A: Baseline P(up) >= 0.55,2,20,751,761,-0.8084461646861669,-0.9076377185214809,-2510.7516258930573,0
Candidate B1: P(up) >= 0.60,2,1,1,11,19.570809319728276,19.451238510408547,19451.238510408548,1
Candidate B1: P(up) >= 0.60,2,2,13,23,2.985287880447048,2.882302592566601,3442.9461444384197,1
Candidate B1: P(up) >= 0.60,2,3,23,33,8.703455053301207,8.594751598247905,10562.449899776191,1
Candidate B1: P(up) >= 0.60,2,4,37,47,6.136642676817386,6.0305060341405685,8048.110399777477,1
Candidate B1: P(up) >= 0.60,2,5,61,71,12.231938682730913,12.11970674404818,17149.960117386672,1
Candidate B1: P(up) >= 0.60,2,6,75,85,3.7008605547399327,3.5971596941851933,5707.063103770725,1
Candidate B1: P(up) >= 0.60,2,7,104,114,-1.0895512679705095,-1.188461716702539,-1953.3766916618845,0
Candidate B1: P(up) >= 0.60,2,8,210,220,7.798882692210121,7.691083809517912,12490.965502716404,1
Candidate B2: P(up) >= 0.65,2,1,14,24,9.228511680202748,9.119283168522546,9119.283168522546,1
Candidate B2: P(up) >= 0.65,2,2,24,34,6.447960237391541,6.341512277154148,6919.812738874459,1
Candidate B2: P(up) >= 0.65,2,3,210,220,7.798882692210121,7.691083809517912,8924.664118044775,1
Candidate B3: P(up) >= 0.70,2,1,15,25,13.768628574041408,13.654859945467365,13654.859945467364,1
Candidate B3: P(up) >= 0.70,2,2,210,220,7.798882692210121,7.691083809517911,8741.290531996097,1
Candidate C: Combined P(up) >= 0.55 & ExpRet > 1.0%,2,1,1,11,19.570809319728276,19.451238510408547,19451.238510408548,1
Candidate C: Combined P(up) >= 0.55 & ExpRet > 1.0%,2,2,13,23,2.985287880447048,2.882302592566601,3442.9461444384197,1
Candidate C: Combined P(up) >= 0.55 & ExpRet > 1.0%,2,3,210,220,7.798882692210121,7.6910838095179095,9451.89473882798,1
Candidate D: Cost-Adjusted ExpRet - 10bps > 0.5%,2,1,0,10,3.2793478203420907,3.176068472521748,3176.0684725217484,1
Candidate D: Cost-Adjusted ExpRet - 10bps > 0.5%,2,2,10,20,9.401442270104145,9.29204082783404,9587.162407020725,1
Candidate D: Cost-Adjusted ExpRet - 10bps > 0.5%,2,3,21,31,11.517232534094912,11.405715301560816,12861.453078962328,1
Candidate D: Cost-Adjusted ExpRet - 10bps > 0.5%,2,4,210,220,7.798882692210121,7.691083809517911,9661.899728690607,1
Candidate D: Cost-Adjusted ExpRet - 10bps > 0.5%,2,5,566,576,-13.223684468621716,-13.310460784153094,-18007.2676679046,0
Candidate E: Expected Value Score > 0.8%,2,1,0,10,3.2793478203420907,3.176068472521748,3176.0684725217484,1
Candidate E: Expected Value Score > 0.8%,2,2,10,20,9.401442270104145,9.29204082783404,9587.162407020725,1
Candidate E: Expected Value Score > 0.8%,2,3,210,220,7.798882692210121,7.6910838095179095,8672.714593265791,1
Candidate A: Baseline P(up) >= 0.55,3,1,0,10,-1.361573373676248,-1.4602118003025721,-1460.211800302572,0
Candidate A: Baseline P(up) >= 0.55,3,2,11,21,2.02677142661267,1.9247446551860576,1896.6393066053377,1
Candidate A: Baseline P(up) >= 0.55,3,3,37,47,2.938961167937364,2.8360222067694267,2848.3993877646235,1
Candidate A: Baseline P(up) >= 0.55,3,4,51,61,2.3440026789955186,2.241658676316523,2315.2932833893638,1
Candidate A: Baseline P(up) >= 0.55,3,5,64,74,3.0650868312376724,2.9620217444064347,3127.8985217755962,1
Candidate A: Baseline P(up) >= 0.55,3,6,74,84,2.6141558580996014,2.511541702241502,2730.749531652159,1
Candidate A: Baseline P(up) >= 0.55,3,7,93,103,4.606569101352545,4.501962532251193,5017.831984663117,1
Candidate A: Baseline P(up) >= 0.55,3,8,138,148,-2.6180806163993466,-2.7154625357829465,-3162.878441806875,0
Candidate A: Baseline P(up) >= 0.55,3,9,148,158,1.405260064926524,1.3038548048615974,1477.4464059144211,1
Candidate A: Baseline P(up) >= 0.55,3,10,166,176,-0.8288704154397623,-0.9280415450243225,-1065.3097307259404,0
Candidate A: Baseline P(up) >= 0.55,3,11,177,187,-2.070705327948082,-2.1686346226201336,-2466.298341195444,0
Candidate A: Baseline P(up) >= 0.55,3,12,187,197,5.164499027733744,5.05933452870601,5628.993341016993,1
Candidate A: Baseline P(up) >= 0.55,3,13,223,233,15.719156891037416,15.60343773414638,18238.63265572024,1
Candidate A: Baseline P(up) >= 0.55,3,14,236,246,-2.0318950733077985,-2.1298631782344906,-2878.0241806235217,0
Candidate A: Baseline P(up) >= 0.55,3,15,246,256,7.150179340643824,7.0430291613031795,9314.347039875642,1
Candidate A: Baseline P(up) >= 0.55,3,16,268,278,4.08971715444353,3.9856274372890867,5642.1940544473455,1
Candidate A: Baseline P(up) >= 0.55,3,17,282,292,-1.0783721307119924,-1.1772937585812806,-1733.0435539086168,0
Candidate A: Baseline P(up) >= 0.55,3,18,326,336,1.2652221767341785,1.163956954557444,1693.2391368139438,1
Candidate A: Baseline P(up) >= 0.55,3,19,336,346,-3.264101420788268,-3.3608373193674788,-4946.006441567459,0
Candidate A: Baseline P(up) >= 0.55,3,20,361,371,0.18668472136416578,0.08649803664280162,123.01741443348448,1
Candidate A: Baseline P(up) >= 0.55,3,21,371,381,-0.2911513420598366,-0.3908601907177768,-556.3617678339415,0
Candidate A: Baseline P(up) >= 0.55,3,22,390,400,-2.4573643068887634,-2.5549069425818747,-3622.5143535454185,0
Candidate A: Baseline P(up) >= 0.55,3,23,401,411,-3.595739467456621,-3.692143727989164,-5101.214695455636,0
Candidate A: Baseline P(up) >= 0.55,3,24,416,426,7.105608994687998,6.998503385693311,9312.405875815077,1
Candidate A: Baseline P(up) >= 0.55,3,25,427,437,7.837724568425093,7.729886843856669,11005.44375781161,1
Candidate A: Baseline P(up) >= 0.55,3,26,464,474,2.6494955870917614,2.54684609150467,3906.369558033136,1
Candidate A: Baseline P(up) >= 0.55,3,27,506,516,-4.032670994542925,-4.128638323548382,-6493.812926726868,0
Candidate A: Baseline P(up) >= 0.55,3,28,516,526,-0.6408437867634099,-0.7402029429766466,-1116.1758894225354,0
Candidate A: Baseline P(up) >= 0.55,3,29,543,553,2.9460950997836535,2.84314900468387,4255.541532654194,1
Candidate A: Baseline P(up) >= 0.55,3,30,553,563,-0.5232055048879415,-0.6226822993830535,-958.5109950544158,0
Candidate A: Baseline P(up) >= 0.55,3,31,563,573,-0.30481342361974256,-0.40450861019612283,-618.7933236343047,0
Candidate A: Baseline P(up) >= 0.55,3,32,576,586,2.2843999942162854,2.1821155942220694,3324.5684619904687,1
Candidate A: Baseline P(up) >= 0.55,3,33,586,596,5.146229535942886,5.041083306406943,7847.95117219355,1
Candidate A: Baseline P(up) >= 0.55,3,34,600,610,-1.1202261575256751,-1.2191059313681494,-1993.5771821477267,0
Candidate A: Baseline P(up) >= 0.55,3,35,610,620,0.92658047512996,0.8256538946548299,1333.7136512764416,1
Candidate A: Baseline P(up) >= 0.55,3,36,626,636,0.27072149453496336,0.1704507730404284,277.6096669408869,1
Candidate A: Baseline P(up) >= 0.55,3,37,636,646,1.5655478532045428,1.4639823053513383,2388.4220149582297,1
Candidate A: Baseline P(up) >= 0.55,3,38,694,704,3.403517955803544,3.30011443784774,5462.810579866496,1
Candidate A: Baseline P(up) >= 0.55,3,39,716,726,-1.5085375610079388,-1.6070290234469309,-2747.9679594774575,0
Candidate A: Baseline P(up) >= 0.55,3,40,726,736,-0.5098907834186436,-0.6093808926352249,-1025.2761413726603,0
Candidate A: Baseline P(up) >= 0.55,3,41,750,760,0.46906416690462766,0.36859510273772306,616.3777813160766,1
Candidate A: Baseline P(up) >= 0.55,3,42,760,770,-4.839000351630582,-4.934161351278951,-8281.492385322465,0
Candidate A: Baseline P(up) >= 0.55,3,43,810,820,2.28150233037973,2.1792208280493504,3477.1304524479965,1
Candidate A: Baseline P(up) >= 0.55,3,44,828,838,-0.7626853286823833,-0.8619226433537006,-1405.2403778400048,0
Candidate A: Baseline P(up) >= 0.55,3,45,838,841,-2.3630742049469964,-2.460711130742049,-3977.255178468876,0
Candidate B1: P(up) >= 0.60,3,1,1,11,-0.8703728561990149,-0.9695024833428159,-969.5024833428158,0
Candidate B1: P(up) >= 0.60,3,2,59,69,3.765816101990544,3.662050285888553,3626.5466174256007,1
Candidate B1: P(up) >= 0.60,3,3,140,150,0.7242595394220521,0.6235352798826302,640.1028874606883,1
Candidate B1: P(up) >= 0.60,3,4,183,193,9.526525370461018,9.416998845090555,9727.491142030241,1
Candidate B1: P(up) >= 0.60,3,5,224,234,15.244180341519886,15.128936161178366,17099.425354169907,1
Candidate B1: P(up) >= 0.60,3,6,268,278,4.08971715444353,3.9856274372890867,5186.260378078668,1
Candidate B1: P(up) >= 0.60,3,7,286,296,0.027687951016045185,-0.07233973693497087,-97.88313235209486,0
Candidate B1: P(up) >= 0.60,3,8,326,336,1.2652221767341785,1.163956954557444,1573.8146076932758,1
Candidate B1: P(up) >= 0.60,3,9,341,351,2.85861087575719,2.7557522648814325,3769.490330437338,1
Candidate B1: P(up) >= 0.60,3,10,367,377,6.514169559456903,6.407655389897446,9006.327815259174,1
Candidate B1: P(up) >= 0.60,3,11,407,417,0.30726658394435397,0.20695931736040962,309.5326463805674,1
Candidate B1: P(up) >= 0.60,3,12,507,517,6.48670110361588,6.380214402512263,9562.129801703531,1
Candidate B1: P(up) >= 0.60,3,13,518,528,1.9161553458714866,1.8142391905256152,2892.509320795148,1
Candidate B1: P(up) >= 0.60,3,14,544,554,7.26687527106323,7.159608395792167,11621.923486051974,1
Candidate B1: P(up) >= 0.60,3,15,559,569,2.2010075764817927,2.0988065689053106,3650.83559267285,1
Candidate B1: P(up) >= 0.60,3,16,583,593,9.464803804399462,9.355339000595063,16614.988919977233,1
Candidate B1: P(up) >= 0.60,3,17,604,614,-2.615836206308109,-2.713220370101801,-5269.453627381606,0
Candidate B1: P(up) >= 0.60,3,18,614,624,4.4914088189440236,4.386917410125079,8288.840905696235,1
Candidate B1: P(up) >= 0.60,3,19,626,636,0.27072149453496336,0.1704507730404284,336.18582186298755,1
Candidate B1: P(up) >= 0.60,3,20,636,646,1.5655478532045428,1.4639823053513386,2892.383492630187,1
Candidate B1: P(up) >= 0.60,3,21,716,726,-1.5085375610079388,-1.6070290234469309,-3221.481715495032,0
Candidate B1: P(up) >= 0.60,3,22,726,736,-0.5098907834186436,-0.6093808926352249,-1201.9457255219934,0
Candidate B1: P(up) >= 0.60,3,23,750,760,0.46906416690462766,0.3685951027377231,722.5883931793438,1
Candidate B1: P(up) >= 0.60,3,24,760,770,-4.839000351630582,-4.934161351278951,-9708.51068489196,0
Candidate B1: P(up) >= 0.60,3,25,828,838,-0.7626853286823833,-0.861922643353701,-1612.2487156274706,0
Candidate B1: P(up) >= 0.60,3,26,838,841,-2.3630742049469964,-2.4607111307420495,-4563.151368497918,0
Candidate B2: P(up) >= 0.65,3,1,4,14,0.29946917074129514,0.19916970157055386,199.16970157055385,1
Candidate B2: P(up) >= 0.65,3,2,142,152,3.844799332103352,3.7409545327712483,3748.4053807500595,1
Candidate B2: P(up) >= 0.65,3,3,225,235,20.450578579723537,20.330128001143812,21132.675068320852,1
Candidate B2: P(up) >= 0.65,3,4,342,352,4.029034489184543,3.925005454695358,4909.406641159277,1
Candidate B2: P(up) >= 0.65,3,5,367,377,6.514169559456903,6.407655389897446,8329.289249729012,1
Candidate B2: P(up) >= 0.65,3,6,508,518,6.171338497700496,6.0651671592027965,8389.2752902663,1
Candidate B2: P(up) >= 0.65,3,7,544,554,7.26687527106323,7.159608395792167,10503.734131788624,1
Candidate B2: P(up) >= 0.65,3,8,613,623,5.666304437159268,5.560638132722109,8741.987944706189,1
Candidate B2: P(up) >= 0.65,3,9,626,636,0.27072149453496336,0.1704507730404284,282.8697794305069,1
Candidate C: Combined P(up) >= 0.55 & ExpRet > 1.0%,3,1,5,15,2.1155205309095977,2.0134050103786882,2013.405010378688,1
Candidate C: Combined P(up) >= 0.55 & ExpRet > 1.0%,3,2,144,154,6.674746653838969,6.56807190718513,6700.313796049671,1
Candidate C: Combined P(up) >= 0.55 & ExpRet > 1.0%,3,3,224,234,15.244180341519886,15.128936161178363,16447.229116667502,1
Candidate C: Combined P(up) >= 0.55 & ExpRet > 1.0%,3,4,236,246,-2.0318950733077985,-2.1298631782344906,-2665.756943343265,0
Candidate C: Combined P(up) >= 0.55 & ExpRet > 1.0%,3,5,246,256,7.150179340643824,7.043029161303181,8627.372021897998,1
Candidate C: Combined P(up) >= 0.55 & ExpRet > 1.0%,3,6,268,278,4.08971715444353,3.9856274372890867,5226.056847470455,1
Candidate C: Combined P(up) >= 0.55 & ExpRet > 1.0%,3,7,282,292,-1.0783721307119924,-1.1772937585812804,-1605.2237913954189,0
Candidate C: Combined P(up) >= 0.55 & ExpRet > 1.0%,3,8,326,336,1.2652221767341785,1.163956954557444,1568.3551292207783,1
Candidate C: Combined P(up) >= 0.55 & ExpRet > 1.0%,3,9,338,348,0.6809631942151152,0.5802822310209,790.9928709312709,1
Candidate C: Combined P(up) >= 0.55 & ExpRet > 1.0%,3,10,361,371,0.18668472136416578,0.08649803664280162,118.59118179346956,1
Candidate C: Combined P(up) >= 0.55 & ExpRet > 1.0%,3,11,372,382,1.559584539945068,1.4580249554051232,2000.7213119345301,1
Candidate C: Combined P(up) >= 0.55 & ExpRet > 1.0%,3,12,397,407,-3.8188889338589798,-3.915070044925121,-5450.641031980626,0
Candidate C: Combined P(up) >= 0.55 & ExpRet > 1.0%,3,13,407,417,0.30726658394435397,0.20695931736040962,276.8524083827731,1
Candidate C: Combined P(up) >= 0.55 & ExpRet > 1.0%,3,14,508,518,6.171338497700496,6.065167159202796,8130.251523849706,1
Candidate C: Combined P(up) >= 0.55 & ExpRet > 1.0%,3,15,544,554,7.26687527106323,7.1596083957921675,10179.425215688192,1
Candidate C: Combined P(up) >= 0.55 & ExpRet > 1.0%,3,16,613,623,5.666304437159268,5.560638132722109,8472.073969415198,1
Candidate C: Combined P(up) >= 0.55 & ExpRet > 1.0%,3,17,634,644,0.4804386659142768,0.3799582272483626,611.0868876962079,1
Candidate C: Combined P(up) >= 0.55 & ExpRet > 1.0%,3,18,725,735,0.14132162457574043,0.04118030295116469,66.48193634276328,1
Candidate C: Combined P(up) >= 0.55 & ExpRet > 1.0%,3,19,758,768,-2.8821537077909514,-2.9792715540831605,-4811.749610911551,0
Candidate C: Combined P(up) >= 0.55 & ExpRet > 1.0%,3,20,769,779,-0.994821660429237,-1.0938268387688075,-1713.9811296379175,0
Candidate C: Combined P(up) >= 0.55 & ExpRet > 1.0%,3,21,810,820,2.28150233037973,2.1792208280493504,3377.3969013496567,1
Candidate D: Cost-Adjusted ExpRet - 10bps > 0.5%,3,1,2,12,0.41878511136898816,0.31836632625761924,318.3663262576192,1
Candidate D: Cost-Adjusted ExpRet - 10bps > 0.5%,3,2,131,141,-3.651017843573514,-3.7473668257299404,-3759.297179824414,0
Candidate D: Cost-Adjusted ExpRet - 10bps > 0.5%,3,3,141,151,1.2975374693469282,1.1962399318775814,1155.0781429789192,1
Candidate D: Cost-Adjusted ExpRet - 10bps > 0.5%,3,4,183,193,9.526525370461018,9.416998845090559,9201.740121734027,1
Candidate D: Cost-Adjusted ExpRet - 10bps > 0.5%,3,5,217,227,0.3703297405401365,0.2699594107995964,288.62949970629,1
Candidate D: Cost-Adjusted ExpRet - 10bps > 0.5%,3,6,232,242,-6.425826553283525,-6.519400726730241,-6989.092054573758,0
Candidate D: Cost-Adjusted ExpRet - 10bps > 0.5%,3,7,242,252,1.3271661376557597,1.225838971518104,1228.4797333607048,1
Candidate D: Cost-Adjusted ExpRet - 10bps > 0.5%,3,8,252,262,14.918552040210384,14.803633488170172,15017.383831539255,1
Candidate D: Cost-Adjusted ExpRet - 10bps > 0.5%,3,9,263,273,0.1707461756087247,0.07057542943311598,82.1930544265866,1
Candidate D: Cost-Adjusted ExpRet - 10bps > 0.5%,3,10,273,283,-3.2219903532060092,-3.3187683628528037,-3867.808192179604,0
Candidate D: Cost-Adjusted ExpRet - 10bps > 0.5%,3,11,283,293,-1.4726015453002692,-1.5711289437549687,-1770.2801155266845,0
Candidate D: Cost-Adjusted ExpRet - 10bps > 0.5%,3,12,302,312,7.705564803552662,7.597859238749109,8426.435661078234,1
Candidate D: Cost-Adjusted ExpRet - 10bps > 0.5%,3,13,322,332,-5.8744022097625335,-5.96852780755277,-7122.353386918777,0
Candidate D: Cost-Adjusted ExpRet - 10bps > 0.5%,3,14,332,342,-6.101993311318046,-6.195891318006728,-6952.377146895388,0
Candidate D: Cost-Adjusted ExpRet - 10bps > 0.5%,3,15,342,352,4.029034489184543,3.9250054546953588,4131.3468495392035,1
Candidate D: Cost-Adjusted ExpRet - 10bps > 0.5%,3,16,354,364,-1.4939328173839455,-1.5924388845665616,-1741.9441357070011,0
Candidate D: Cost-Adjusted ExpRet - 10bps > 0.5%,3,17,364,374,-2.2074364445593346,-2.305229008114775,-2481.4983674799214,0
Candidate D: Cost-Adjusted ExpRet - 10bps > 0.5%,3,18,374,384,7.166637902339573,7.059471264437233,7424.09314172243,1
Candidate D: Cost-Adjusted ExpRet - 10bps > 0.5%,3,19,385,395,0.7922370330517465,0.6914447960186949,778.4914436777011,1
Candidate D: Cost-Adjusted ExpRet - 10bps > 0.5%,3,20,396,406,-5.943879074830343,-6.037935195755512,-6845.061449752758,0
Candidate D: Cost-Adjusted ExpRet - 10bps > 0.5%,3,21,406,416,2.920421038118259,2.8175006170801407,3001.2728211009103,1
Candidate D: Cost-Adjusted ExpRet - 10bps > 0.5%,3,22,416,426,7.105608994687998,6.998503385693308,7665.026753039398,1
Candidate D: Cost-Adjusted ExpRet - 10bps > 0.5%,3,23,427,437,7.837724568425093,7.72988684385667,9058.56359330054,1
Candidate D: Cost-Adjusted ExpRet - 10bps > 0.5%,3,24,442,452,7.839376505041015,7.731537128535976,9760.863750059243,1
Candidate D: Cost-Adjusted ExpRet - 10bps > 0.5%,3,25,458,468,-1.144484414447646,-1.2433399300331982,-1691.0449138931951,0
Candidate D: Cost-Adjusted ExpRet - 10bps > 0.5%,3,26,468,478,2.0220213343330835,1.9199993129987505,2578.8894666298797,1
Candidate D: Cost-Adjusted ExpRet - 10bps > 0.5%,3,27,507,517,6.48670110361588,6.380214402512265,8734.264513055776,1
Candidate D: Cost-Adjusted ExpRet - 10bps > 0.5%,3,28,544,554,7.26687527106323,7.159608395792169,10426.56360742406,1
Candidate D: Cost-Adjusted ExpRet - 10bps > 0.5%,3,29,559,569,2.2010075764817927,2.098806568905311,3275.3330008527087,1
Candidate D: Cost-Adjusted ExpRet - 10bps > 0.5%,3,30,576,586,2.2843999942162854,2.1821155942220694,3476.8140564902983,1
Candidate D: Cost-Adjusted ExpRet - 10bps > 0.5%,3,31,605,615,0.07219503884687647,-0.027877156191970405,-45.38653941467743,0
Candidate D: Cost-Adjusted ExpRet - 10bps > 0.5%,3,32,627,637,3.6664215677651555,3.56275514619739,5798.871595037164,1
Candidate D: Cost-Adjusted ExpRet - 10bps > 0.5%,3,33,637,647,-0.20454539724859047,-0.3043408518513419,-513.0047233396108,0
Candidate D: Cost-Adjusted ExpRet - 10bps > 0.5%,3,34,695,705,1.8721493049376605,1.770277155632723,2974.9428426090744,1
Candidate D: Cost-Adjusted ExpRet - 10bps > 0.5%,3,35,722,732,-0.005907714570791066,-0.10590180685622026,-181.1180310072579,0
Candidate D: Cost-Adjusted ExpRet - 10bps > 0.5%,3,36,754,764,0.27901647682299396,0.17873746034617094,305.36111423664164,1
Candidate D: Cost-Adjusted ExpRet - 10bps > 0.5%,3,37,769,779,-0.994821660429237,-1.0938268387688082,-1872.0708379327054,0
Candidate D: Cost-Adjusted ExpRet - 10bps > 0.5%,3,38,810,820,2.28150233037973,2.1792208280493504,3688.912402715112,1
Candidate D: Cost-Adjusted ExpRet - 10bps > 0.5%,3,39,830,840,0.677911090579234,0.5772331794886549,998.4147182872587,1
Candidate D: Cost-Adjusted ExpRet - 10bps > 0.5%,3,40,840,841,-0.10620229805620889,-0.2060960957581527,-358.533001650687,0
Candidate E: Expected Value Score > 0.8%,3,1,224,234,15.244180341519886,15.128936161178366,15128.936161178366,1
Candidate E: Expected Value Score > 0.8%,3,2,236,246,-2.0318950733077985,-2.1298631782344906,-2452.0888187900314,0
Candidate E: Expected Value Score > 0.8%,3,3,249,259,6.173908177804109,6.067734269626303,6836.931680128612,1
Candidate E: Expected Value Score > 0.8%,3,4,343,353,4.1490199932323195,4.044870973239088,4834.178156702895,1
Candidate E: Expected Value Score > 0.8%,3,5,361,371,0.18668472136416578,0.08649803664280163,107.55854156545686,1
Candidate E: Expected Value Score > 0.8%,3,6,405,415,4.573582202463271,4.469008620260808,5561.92772595194,1
Candidate E: Expected Value Score > 0.8%,3,7,508,518,6.171338497700496,6.065167159202796,7885.775281166576,1
Candidate E: Expected Value Score > 0.8%,3,8,544,554,7.26687527106323,7.159608395792167,9873.330426110639,1
Candidate E: Expected Value Score > 0.8%,3,9,613,623,5.666304437159268,5.560638132722108,8217.31914347896,1
Candidate E: Expected Value Score > 0.8%,3,10,769,779,-0.994821660429237,-1.093826838768808,-1706.3027982716503,0
Candidate E: Expected Value Score > 0.8%,3,11,810,820,2.28150233037973,2.179220828049351,3362.266762449326,1
Candidate A: Baseline P(up) >= 0.55,4,1,0,10,7.0332529438358815,6.9262196908920455,6926.219690892045,1
Candidate A: Baseline P(up) >= 0.55,4,2,31,41,1.128406196738867,1.027277790542128,1098.4293071508175,1
Candidate A: Baseline P(up) >= 0.55,4,3,79,89,-1.2380609922603947,-1.3368229312681341,-1444.0982792277496,0
Candidate A: Baseline P(up) >= 0.55,4,4,89,99,3.5558590730292425,3.4523032139562133,3679.483777917886,1
Candidate A: Baseline P(up) >= 0.55,4,5,117,127,-2.5365834967754606,-2.6340469132786852,-2904.3010352412093,0
Candidate A: Baseline P(up) >= 0.55,4,6,127,137,-2.844151490333494,-2.94130733884316,-3157.66206697176,0
Candidate A: Baseline P(up) >= 0.55,4,7,137,147,-1.1208173440808895,-1.2196965267368087,-1270.9002577257008,0
Candidate A: Baseline P(up) >= 0.55,4,8,147,157,1.7725733004995656,1.670800727199066,1719.7079238389865,1
Candidate A: Baseline P(up) >= 0.55,4,9,167,177,-6.238336698011118,-6.332098361313107,-6626.343314163671,0
Candidate A: Baseline P(up) >= 0.55,4,10,177,187,2.2178031689110074,2.1155853657420964,2073.708109674312,1
Candidate A: Baseline P(up) >= 0.55,4,11,187,197,7.191786108948903,7.084594322839955,7091.271117721953,1
Candidate A: Baseline P(up) >= 0.55,4,12,215,225,3.716705272788312,3.612988567515524,3872.6004020384144,1
Candidate A: Baseline P(up) >= 0.55,4,13,226,236,7.913263400662698,7.805350137262035,8668.474760933776,1
Candidate A: Baseline P(up) >= 0.55,4,14,261,271,-1.2721786569294218,-1.3709064782724925,-1641.3395804006682,0
Candidate A: Baseline P(up) >= 0.55,4,15,271,281,-4.155943646388738,-4.25178770274235,-5020.7341619110975,0
Candidate A: Baseline P(up) >= 0.55,4,16,281,291,1.0502104783419455,0.9491602678636034,1073.1634666689738,1
Candidate A: Baseline P(up) >= 0.55,4,17,291,301,7.190066048882088,7.082875982833206,8084.230314251654,1
Candidate A: Baseline P(up) >= 0.55,4,18,316,326,-4.140237726271116,-4.2360974885448455,-5177.4392673936445,0
Candidate A: Baseline P(up) >= 0.55,4,19,326,336,3.8041701447307523,3.7003659745860213,4331.073776615839,1
Candidate A: Baseline P(up) >= 0.55,4,20,336,346,4.777718385742495,4.672940667356753,5671.807187795672,1
Candidate A: Baseline P(up) >= 0.55,4,21,438,448,-0.8233851878164105,-0.922561802628594,-1172.0903396265041,0
Candidate A: Baseline P(up) >= 0.55,4,22,479,489,1.5030460865168072,1.4015430404302904,1764.1959676369218,1
Candidate A: Baseline P(up) >= 0.55,4,23,502,512,-1.3544442633677518,-1.4530898191043842,-1854.7159620994728,0
Candidate A: Baseline P(up) >= 0.55,4,24,512,522,10.23808876732773,10.127850678560401,12739.290799419836,1
Candidate A: Baseline P(up) >= 0.55,4,25,645,655,-9.326677327410371,-9.417350650082957,-13045.29385988452,0
Candidate A: Baseline P(up) >= 0.55,4,26,655,665,3.0329169547692927,2.929884037814524,3676.3815295153477,1
Candidate A: Baseline P(up) >= 0.55,4,27,665,675,-3.3050480410502034,-3.4017429930091527,-4393.525244965191,0
Candidate A: Baseline P(up) >= 0.55,4,28,675,685,7.025625640941885,6.918600015300943,8631.755714325343,1
Candidate A: Baseline P(up) >= 0.55,4,29,692,702,-3.4798954354526503,-3.576415540017197,-4770.700515801399,0
Candidate A: Baseline P(up) >= 0.55,4,30,702,712,-0.2973711144477875,-0.3970737433333398,-510.7267709746224,0
Candidate A: Baseline P(up) >= 0.55,4,31,712,722,6.324231836024319,6.217907604188296,7965.881013903536,1
Candidate A: Baseline P(up) >= 0.55,4,32,733,743,0.9034119837940094,0.8025085718102154,1092.0360430675323,1
Candidate A: Baseline P(up) >= 0.55,4,33,743,753,1.745388746456808,1.643643357710351,2254.582968001413,1
Candidate A: Baseline P(up) >= 0.55,4,34,757,767,2.9052013656802678,2.802296164314587,3907.085263871206,1
Candidate A: Baseline P(up) >= 0.55,4,35,794,804,6.216983429626278,6.110766446196653,8758.653726953335,1
Candidate A: Baseline P(up) >= 0.55,4,36,828,838,1.205671823591261,1.1044661517676695,1679.7843617316894,1
Candidate B1: P(up) >= 0.60,4,1,0,10,7.0332529438358815,6.9262196908920455,6926.219690892045,1
Candidate B1: P(up) >= 0.60,4,2,32,42,1.8932580569732644,1.7913647989162913,1915.43866035454,1
Candidate B1: P(up) >= 0.60,4,3,79,89,-1.2380609922603947,-1.3368229312681343,-1455.0202476119828,0
Candidate B1: P(up) >= 0.60,4,4,89,99,3.5558590730292425,3.4523032139562133,3707.3123586113047,1
Candidate B1: P(up) >= 0.60,4,5,122,132,-6.88248962410907,-6.975607134484961,-7749.477534425614,0
Candidate B1: P(up) >= 0.60,4,6,132,142,4.062792829566259,3.9587300367366933,4091.1286911008424,1
Candidate B1: P(up) >= 0.60,4,7,142,152,-2.346220528286024,-2.443874307757738,-2625.59106534977,0
Candidate B1: P(up) >= 0.60,4,8,167,177,-6.238336698011118,-6.332098361313106,-6636.672960754785,0
Candidate B1: P(up) >= 0.60,4,9,177,187,2.2178031689110074,2.1155853657420955,2076.9407631742106,1
Candidate B1: P(up) >= 0.60,4,10,215,225,3.716705272788312,3.612988567515524,3622.031095904436,1
Candidate B1: P(up) >= 0.60,4,11,226,236,7.913263400662698,7.805350137262035,8107.597448380748,1
Candidate B1: P(up) >= 0.60,4,12,262,272,-0.20393668718908456,-0.3037327505018955,-340.11965123767004,0
Candidate B1: P(up) >= 0.60,4,13,273,283,-4.503366633859609,-4.598863267225748,-5134.161167404996,0
Candidate B1: P(up) >= 0.60,4,14,283,293,1.69237785889204,1.590685481033148,1694.1695305639946,1
Candidate B1: P(up) >= 0.60,4,15,316,326,-4.140237726271116,-4.2360974885448455,-4583.448824538945,0
Candidate B1: P(up) >= 0.60,4,16,326,336,3.8041701447307523,3.7003659745860213,3834.184040639565,1
Candidate B1: P(up) >= 0.60,4,17,336,346,4.777718385742495,4.6729406673567535,5021.099552366238,1
Candidate B1: P(up) >= 0.60,4,18,438,448,-0.8233851878164105,-0.922561802628594,-1037.6203006856244,0
Candidate B1: P(up) >= 0.60,4,19,484,494,4.2327769054610345,4.128544128555573,4600.602280370978,1
Candidate B1: P(up) >= 0.60,4,20,502,512,-1.3544442633677518,-1.4530898191043842,-1686.087138845476,0
Candidate B1: P(up) >= 0.60,4,21,512,522,10.23808876732773,10.127850678560403,11581.047887569908,1
Candidate B1: P(up) >= 0.60,4,22,645,655,-9.326677327410371,-9.41735065008296,-11859.22947183407,0
Candidate B1: P(up) >= 0.60,4,23,655,665,3.0329169547692927,2.929884037814524,3342.128790107666,1
Candidate B1: P(up) >= 0.60,4,24,665,675,-3.3050480410502034,-3.401742993009153,-3994.070553716099,0
Candidate B1: P(up) >= 0.60,4,25,675,685,7.025625640941885,6.918600015300942,7846.965569383148,1
Candidate B1: P(up) >= 0.60,4,26,694,704,0.11076988774399413,0.010659117856250143,12.925818434565713,1
Candidate B1: P(up) >= 0.60,4,27,704,714,0.5690461361971242,0.4684770900609271,568.1610191467944,1
Candidate B1: P(up) >= 0.60,4,28,734,744,4.976896489273796,4.871919592784522,5936.261279209588,1
Candidate B1: P(up) >= 0.60,4,29,747,757,-1.5956930531524467,-1.6940973600992948,-2164.763610961856,0
Candidate B1: P(up) >= 0.60,4,30,758,768,2.6220831823659982,2.5194610991836326,3164.8954329423036,1
Candidate B1: P(up) >= 0.60,4,31,794,804,6.216983429626278,6.110766446196652,7869.61902626282,1
Candidate B1: P(up) >= 0.60,4,32,833,843,5.522887792684845,5.41736490489216,7402.962756859184,1
Candidate B2: P(up) >= 0.65,4,1,0,10,7.0332529438358815,6.9262196908920455,6926.219690892045,1
Candidate B2: P(up) >= 0.65,4,2,79,89,-1.2380609922603947,-1.3368229312681346,-1429.4142243659883,0
Candidate B2: P(up) >= 0.65,4,3,89,99,3.5558590730292425,3.4523032139562133,3642.069605742013,1
Candidate B2: P(up) >= 0.65,4,4,124,134,-5.957077798252722,-6.0511207204544695,-6604.125083568931,0
Candidate B2: P(up) >= 0.65,4,5,134,144,2.9258626872546847,2.8229368245674302,2894.491215409137,1
Candidate B2: P(up) >= 0.65,4,6,167,177,-6.238336698011118,-6.332098361313107,-6675.883254630184,0
Candidate B2: P(up) >= 0.65,4,7,215,225,3.716705272788312,3.612988567515523,3567.9475327523255,1
Candidate B2: P(up) >= 0.65,4,8,226,236,7.913263400662698,7.805350137262036,7986.53615790558,1
Candidate B2: P(up) >= 0.65,4,9,262,272,-0.20393668718908456,-0.30373275050189547,-335.04104143286025,0
Candidate B2: P(up) >= 0.65,4,10,275,285,-2.3833552628130192,-2.4809719075502064,-2728.39428880003,0
Candidate B2: P(up) >= 0.65,4,11,285,295,4.045056387073021,3.941011330685948,4226.514204200157,1
Candidate B2: P(up) >= 0.65,4,12,318,328,-2.0259561423714914,-2.1239301862291198,-2367.5645296665075,0
Candidate B2: P(up) >= 0.65,4,13,328,338,1.4858023605581785,1.3843165581976202,1510.3358224418523,1
Candidate B2: P(up) >= 0.65,4,14,484,494,4.2327769054610345,4.128544128555574,4566.7350784714445,1
Candidate B2: P(up) >= 0.65,4,15,502,512,-1.3544442633677518,-1.4530898191043842,-1673.6750566719907,0
Candidate B2: P(up) >= 0.65,4,16,512,522,10.23808876732773,10.127850678560403,11495.794335292645,1
Candidate B2: P(up) >= 0.65,4,17,645,655,-9.326677327410371,-9.41735065008296,-11771.928093792949,0
Candidate B2: P(up) >= 0.65,4,18,655,665,3.0329169547692927,2.929884037814524,3317.5258047568664,1
Candidate B2: P(up) >= 0.65,4,19,673,683,9.972403486306568,9.862431082820258,11494.48036797163,1
Candidate B2: P(up) >= 0.65,4,20,694,704,0.11076988774399413,0.010659117856250148,13.648214224286903,1
Candidate B2: P(up) >= 0.65,4,21,704,714,0.5690461361971242,0.46847709006092714,599.9142988476578,1
Candidate B2: P(up) >= 0.65,4,22,734,744,4.976896489273796,4.871919592784522,6268.025969893948,1
Candidate B2: P(up) >= 0.65,4,23,795,805,8.9599609375,8.851000976562498,11942.143385986208,1
Candidate B2: P(up) >= 0.65,4,24,833,843,5.522887792684845,5.41736490489216,7956.286433097758,1
Candidate B3: P(up) >= 0.70,4,1,80,90,1.1830656897276242,1.0818826240378965,1081.8826240378964,1
Candidate B3: P(up) >= 0.70,4,2,92,102,7.113498853951326,7.006385355097376,7082.1862208273105,1
Candidate B3: P(up) >= 0.70,4,3,127,137,-2.844151490333494,-2.94130733884316,-3181.4376949253883,0
Candidate B3: P(up) >= 0.70,4,4,138,148,0.4520605550883095,0.3516084945332212,369.1278489076679,1
Candidate B3: P(up) >= 0.70,4,5,169,179,0.8571953212673776,0.7563381259461102,796.8155196631456,1
Candidate B3: P(up) >= 0.70,4,6,227,237,11.338164117373998,11.226825953256625,11917.115713056099,1
Candidate B3: P(up) >= 0.70,4,7,318,328,-2.0259561423714914,-2.1239301862291193,-2507.6328344080107,0
Candidate B3: P(up) >= 0.70,4,8,328,338,1.4858023605581785,1.3843165581976202,1599.689322880378,1
Candidate B3: P(up) >= 0.70,4,9,484,494,4.2327769054610345,4.128544128555574,4836.909273358185,1
Candidate B3: P(up) >= 0.70,4,10,505,515,3.027570170450888,2.9245426002804376,3567.7856845924753,1
Candidate B3: P(up) >= 0.70,4,11,646,656,-9.134068034340851,-9.22493396630651,-11583.052331276678,0
Candidate B3: P(up) >= 0.70,4,12,656,666,6.433772529083723,6.327338756554639,7211.862076618885,1
Candidate B3: P(up) >= 0.70,4,13,673,683,9.972403486306568,9.862431082820262,11952.403650033542,1
Candidate B3: P(up) >= 0.70,4,14,703,713,1.268084777031516,1.1668166922544847,1553.5423920737635,1
Candidate B3: P(up) >= 0.70,4,15,734,744,4.976896489273796,4.871919592784522,6562.3391542503905,1
Candidate B3: P(up) >= 0.70,4,16,795,805,8.9599609375,8.851000976562498,12502.88296569639,1
Candidate B3: P(up) >= 0.70,4,17,833,843,5.522887792684845,5.41736490489216,8329.871355531732,1
Candidate C: Combined P(up) >= 0.55 & ExpRet > 1.0%,4,1,0,10,7.0332529438358815,6.9262196908920455,6926.219690892045,1
Candidate C: Combined P(up) >= 0.55 & ExpRet > 1.0%,4,2,79,89,-1.2380609922603947,-1.3368229312681346,-1429.4142243659883,0
Candidate C: Combined P(up) >= 0.55 & ExpRet > 1.0%,4,3,117,127,-2.5365834967754606,-2.634046913278685,-2778.8353479986486,0
Candidate C: Combined P(up) >= 0.55 & ExpRet > 1.0%,4,4,127,137,-2.844151490333494,-2.9413073388431603,-3021.251193406971,0
Candidate C: Combined P(up) >= 0.55 & ExpRet > 1.0%,4,5,138,148,0.4520605550883095,0.35160849453322124,350.542132511633,1
Candidate C: Combined P(up) >= 0.55 & ExpRet > 1.0%,4,6,169,179,0.8571953212673776,0.7563381259461103,756.6955793437069,1
Candidate C: Combined P(up) >= 0.55 & ExpRet > 1.0%,4,7,227,237,11.338164117373998,11.226825953256624,11317.084765629548,1
Candidate C: Combined P(up) >= 0.55 & ExpRet > 1.0%,4,8,269,279,-3.1546069755335764,-3.2514523685580428,-3645.5622563369543,0
Candidate C: Combined P(up) >= 0.55 & ExpRet > 1.0%,4,9,285,295,4.045056387073021,3.941011330685947,4275.030924170308,1
Candidate C: Combined P(up) >= 0.55 & ExpRet > 1.0%,4,10,318,328,-2.0259561423714914,-2.1239301862291193,-2394.7421185133503,0
Candidate C: Combined P(up) >= 0.55 & ExpRet > 1.0%,4,11,328,338,1.4858023605581785,1.3843165581976205,1527.6731686846451,1
Candidate C: Combined P(up) >= 0.55 & ExpRet > 1.0%,4,12,479,489,1.5030460865168072,1.4015430404302902,1568.0945824198304,1
Candidate C: Combined P(up) >= 0.55 & ExpRet > 1.0%,4,13,505,515,3.027570170450888,2.9245426002804376,3317.9384923074763,1
Candidate C: Combined P(up) >= 0.55 & ExpRet > 1.0%,4,14,645,655,-9.326677327410371,-9.41735065008296,-10996.590837233049,0
Candidate C: Combined P(up) >= 0.55 & ExpRet > 1.0%,4,15,655,665,3.0329169547692927,2.9298840378145243,3099.022825845271,1
Candidate C: Combined P(up) >= 0.55 & ExpRet > 1.0%,4,16,665,675,-3.3050480410502034,-3.401742993009153,-3703.5424399680014,0
Candidate C: Combined P(up) >= 0.55 & ExpRet > 1.0%,4,17,675,685,7.025625640941885,6.918600015300942,7276.178430082854,1
Candidate C: Combined P(up) >= 0.55 & ExpRet > 1.0%,4,18,692,702,-3.4798954354526503,-3.576415540017198,-4021.4840802144295,0
Candidate C: Combined P(up) >= 0.55 & ExpRet > 1.0%,4,19,702,712,-0.2973711144477875,-0.3970737433333398,-430.5194954097315,0
Candidate C: Combined P(up) >= 0.55 & ExpRet > 1.0%,4,20,736,746,5.668164390745919,5.562496226355173,6007.0808842833885,1
Candidate C: Combined P(up) >= 0.55 & ExpRet > 1.0%,4,21,795,805,8.9599609375,8.851000976562501,10090.107433693398,1
Candidate C: Combined P(up) >= 0.55 & ExpRet > 1.0%,4,22,831,841,3.4734046696937324,3.3699312650240385,4181.7385040392855,1
Candidate D: Cost-Adjusted ExpRet - 10bps > 0.5%,4,1,0,10,7.0332529438358815,6.9262196908920455,6926.219690892045,1
Candidate D: Cost-Adjusted ExpRet - 10bps > 0.5%,4,2,79,89,-1.2380609922603947,-1.3368229312681346,-1429.4142243659883,0
Candidate D: Cost-Adjusted ExpRet - 10bps > 0.5%,4,3,89,99,3.5558590730292425,3.4523032139562133,3642.069605742013,1
Candidate D: Cost-Adjusted ExpRet - 10bps > 0.5%,4,4,117,127,-2.5365834967754606,-2.6340469132786852,-2874.7691700281575,0
Candidate D: Cost-Adjusted ExpRet - 10bps > 0.5%,4,5,127,137,-2.844151490333494,-2.94130733884316,-3125.55394545865,0
Candidate D: Cost-Adjusted ExpRet - 10bps > 0.5%,4,6,137,147,-1.1208173440808895,-1.2196965267368087,-1257.9773359434998,0
Candidate D: Cost-Adjusted ExpRet - 10bps > 0.5%,4,7,151,161,3.830142945290651,3.726312802345361,3796.3888951992953,1
Candidate D: Cost-Adjusted ExpRet - 10bps > 0.5%,4,8,167,177,-6.238336698011118,-6.332098361313106,-6691.569275084431,0
Candidate D: Cost-Adjusted ExpRet - 10bps > 0.5%,4,9,177,187,2.2178031689110074,2.115585365742096,2094.120514783713,1
Candidate D: Cost-Adjusted ExpRet - 10bps > 0.5%,4,10,226,236,7.913263400662698,7.805350137262036,7889.610043730667,1
Candidate D: Cost-Adjusted ExpRet - 10bps > 0.5%,4,11,262,272,-0.20393668718908456,-0.30373275050189547,-330.97491995126427,0
Candidate D: Cost-Adjusted ExpRet - 10bps > 0.5%,4,12,272,282,-4.572195272989989,-4.667623077716999,-5070.819354981059,0
Candidate D: Cost-Adjusted ExpRet - 10bps > 0.5%,4,13,282,292,0.9063357634382435,0.8054294276748053,834.1617575018338,1
Candidate D: Cost-Adjusted ExpRet - 10bps > 0.5%,4,14,317,327,-5.544083632051942,-5.638539548419891,-5886.71943146317,0
Candidate D: Cost-Adjusted ExpRet - 10bps > 0.5%,4,15,327,337,4.849454723829423,4.744605269105594,4674.137103515711,1
Candidate D: Cost-Adjusted ExpRet - 10bps > 0.5%,4,16,438,448,-0.8233851878164105,-0.9225618026285939,-951.9814677852407,0
Candidate D: Cost-Adjusted ExpRet - 10bps > 0.5%,4,17,471,481,-6.312610732681789,-6.406298121949107,-6549.602429556534,0
Candidate D: Cost-Adjusted ExpRet - 10bps > 0.5%,4,18,484,494,4.2327769054610345,4.128544128555574,3950.4934816876685,1
Candidate D: Cost-Adjusted ExpRet - 10bps > 0.5%,4,19,502,512,-1.3544442633677518,-1.4530898191043842,-1447.8270116905974,0
Candidate D: Cost-Adjusted ExpRet - 10bps > 0.5%,4,20,512,522,10.23808876732773,10.127850678560405,9944.53582439829,1
Candidate D: Cost-Adjusted ExpRet - 10bps > 0.5%,4,21,529,539,0.9549249632748715,0.8539700383115967,923.4364731883173,1
Candidate D: Cost-Adjusted ExpRet - 10bps > 0.5%,4,22,539,549,1.967335584461469,1.8653682488770074,2034.3326487045256,1
Candidate D: Cost-Adjusted ExpRet - 10bps > 0.5%,4,23,549,559,-1.872380318628955,-1.9705079383103261,-2189.0825405574865,0
Candidate D: Cost-Adjusted ExpRet - 10bps > 0.5%,4,24,559,569,5.976999644127029,5.871022644482902,6393.732409255669,1
Candidate D: Cost-Adjusted ExpRet - 10bps > 0.5%,4,25,569,579,2.715815227630858,2.613099412403227,3012.823853505701,1
Candidate D: Cost-Adjusted ExpRet - 10bps > 0.5%,4,26,580,590,7.185916128476459,7.078730212347983,8374.829517757182,1
Candidate D: Cost-Adjusted ExpRet - 10bps > 0.5%,4,27,590,600,-1.1873515810523685,-1.286164229471316,-1629.3720186191258,0
Candidate D: Cost-Adjusted ExpRet - 10bps > 0.5%,4,28,600,610,1.6190235264356183,1.517404502909183,1897.5936713318602,1
Candidate D: Cost-Adjusted ExpRet - 10bps > 0.5%,4,29,614,624,1.975336530118785,1.8733611935886667,2378.284908364752,1
Candidate D: Cost-Adjusted ExpRet - 10bps > 0.5%,4,30,626,636,2.9508543719211824,2.847903517549261,3683.2251533437634,1
Candidate D: Cost-Adjusted ExpRet - 10bps > 0.5%,4,31,636,646,-7.5718301036921005,-7.664258273588409,-10194.561978126761,0
Candidate D: Cost-Adjusted ExpRet - 10bps > 0.5%,4,32,646,656,-9.134068034340851,-9.224933966306509,-11330.042721516336,0
Candidate D: Cost-Adjusted ExpRet - 10bps > 0.5%,4,33,656,666,6.433772529083723,6.327338756554639,7054.332752096734,1
Candidate D: Cost-Adjusted ExpRet - 10bps > 0.5%,4,34,666,676,-1.2846946705790876,-1.3834099759085083,-1639.9503585255575,0
Candidate D: Cost-Adjusted ExpRet - 10bps > 0.5%,4,35,676,686,5.806110302869991,5.7003041925671205,6663.889890530364,1
Candidate D: Cost-Adjusted ExpRet - 10bps > 0.5%,4,36,686,696,-5.54000244140625,-5.634462438964843,-6962.392547249242,0
Candidate D: Cost-Adjusted ExpRet - 10bps > 0.5%,4,37,696,706,-0.11909803399075465,-0.21897893595676393,-255.34171849196113,0
Candidate D: Cost-Adjusted ExpRet - 10bps > 0.5%,4,38,706,716,-0.6014984964963532,-0.700896997999857,-815.4955197795166,0
Candidate D: Cost-Adjusted ExpRet - 10bps > 0.5%,4,39,722,732,0.7745382937805354,0.6737637554867548,778.4314067700861,1
Candidate D: Cost-Adjusted ExpRet - 10bps > 0.5%,4,40,734,744,4.976896489273796,4.871919592784522,5666.685659359214,1
Candidate D: Cost-Adjusted ExpRet - 10bps > 0.5%,4,41,744,754,0.7726582031818742,0.6718855449786924,819.5652304995065,1
Candidate D: Cost-Adjusted ExpRet - 10bps > 0.5%,4,42,754,764,1.650083084503877,1.5484330014193728,1901.4672484282044,1
Candidate D: Cost-Adjusted ExpRet - 10bps > 0.5%,4,43,764,774,5.211638795843113,5.106427157047271,6367.76163229514,1
Candidate D: Cost-Adjusted ExpRet - 10bps > 0.5%,4,44,790,800,4.824744088958557,4.719919344869599,6186.336048639101,1
Candidate D: Cost-Adjusted ExpRet - 10bps > 0.5%,4,45,824,834,-3.982716591697255,-4.078733875105558,-5598.266892110914,0
Candidate D: Cost-Adjusted ExpRet - 10bps > 0.5%,4,46,834,843,4.964014544408157,4.859050529863749,6397.268035698537,1
Candidate E: Expected Value Score > 0.8%,4,1,80,90,1.1830656897276242,1.0818826240378965,1081.8826240378964,1
Candidate E: Expected Value Score > 0.8%,4,2,127,137,-2.844151490333494,-2.9413073388431603,-2973.128831861656,0
Candidate E: Expected Value Score > 0.8%,4,3,169,179,0.8571953212673776,0.7563381259461102,742.0339098208291,1
Candidate E: Expected Value Score > 0.8%,4,4,227,237,11.338164117373998,11.226825953256624,11097.805888726414,1
Candidate E: Expected Value Score > 0.8%,4,5,318,328,-2.0259561423714914,-2.1239301862291193,-2335.2313686077514,0
Candidate E: Expected Value Score > 0.8%,4,6,328,338,1.4858023605581785,1.3843165581976202,1489.7095920739307,1
Candidate E: Expected Value Score > 0.8%,4,7,479,489,1.5030460865168072,1.4015430404302902,1529.1265099074371,1
Candidate E: Expected Value Score > 0.8%,4,8,505,515,3.027570170450888,2.924542600280437,3235.48576961496,1
Candidate E: Expected Value Score > 0.8%,4,9,641,651,-7.342120015073153,-7.43477789505808,-8465.809406613871,0
Candidate E: Expected Value Score > 0.8%,4,10,651,661,0.013067113024274843,-0.08694595408874943,-91.64266557412562,0
Candidate E: Expected Value Score > 0.8%,4,11,661,671,-0.5748778531292732,-0.6743029752761439,-710.1100277913473,0
Candidate E: Expected Value Score > 0.8%,4,12,673,683,9.972403486306568,9.862431082820262,10316.114944177809,1
Candidate E: Expected Value Score > 0.8%,4,13,694,704,0.11076988774399413,0.010659117856250115,12.249057131179512,1
Candidate E: Expected Value Score > 0.8%,4,14,709,719,7.817454846270509,7.709637391424239,8860.569529671506,1
Candidate E: Expected Value Score > 0.8%,4,15,736,746,5.668164390745919,5.562496226355174,6885.761542202883,1
Candidate E: Expected Value Score > 0.8%,4,16,795,805,8.9599609375,8.851000976562501,11566.029334714005,1
Candidate E: Expected Value Score > 0.8%,4,17,824,834,-3.982716591697255,-4.078733875105558,-5801.625586420152,0
Candidate A: Baseline P(up) >= 0.55,5,1,28,38,-2.953852686806434,-3.0508988341196273,-3050.8988341196273,0
Candidate A: Baseline P(up) >= 0.55,5,2,38,48,-1.4078011935922194,-1.5063933923986272,-1460.4348539526825,0
Candidate A: Baseline P(up) >= 0.55,5,3,48,58,8.36800291773869,8.259634914820952,7887.015222396851,1
Candidate A: Baseline P(up) >= 0.55,5,4,69,79,-2.7408975478848694,-2.838156650336985,-2933.963780297614,0
Candidate A: Baseline P(up) >= 0.55,5,5,79,89,5.555824045435154,5.4502682213897184,5474.343023765685,1
Candidate A: Baseline P(up) >= 0.55,5,6,89,99,0.1224114434119131,0.022289031968501183,23.60766464653934,1
Candidate A: Baseline P(up) >= 0.55,5,7,121,131,5.057593606417444,4.952536012811027,5246.700231464398,1
Candidate A: Baseline P(up) >= 0.55,5,8,140,150,-15.186360837556803,-15.271174476719244,-16979.464354520118,0
Candidate A: Baseline P(up) >= 0.55,5,9,150,160,4.839658948619437,4.734819289670817,4460.526677915897,1
Candidate A: Baseline P(up) >= 0.55,5,10,160,170,1.5574895232991284,1.4559320337758297,1436.5307347933435,1
Candidate A: Baseline P(up) >= 0.55,5,11,170,180,6.879083343977821,6.772204260633844,6779.244761484053,1
Candidate A: Baseline P(up) >= 0.55,5,12,181,191,0.8226632732667183,0.7218406099934518,771.5263897337949,1
Candidate A: Baseline P(up) >= 0.55,5,13,192,202,7.061326523656028,6.954265197132373,7486.595621969885,1
Candidate A: Baseline P(up) >= 0.55,5,14,209,219,3.534650823525082,3.4311161727015564,3950.632743808104,1
Candidate A: Baseline P(up) >= 0.55,5,15,245,255,0.8912321315418473,0.7903408994103054,941.2324776614187,1
Candidate A: Baseline P(up) >= 0.55,5,16,255,265,-1.0309462427029408,-1.129915296460238,-1356.2734167482984,0
Candidate A: Baseline P(up) >= 0.55,5,17,265,275,10.908798452350547,10.797889653898196,12814.602899718675,1
Candidate A: Baseline P(up) >= 0.55,5,18,305,315,2.501719887033518,2.3992181671464845,3154.7685131052463,1
Candidate A: Baseline P(up) >= 0.55,5,19,315,325,0.502269504976234,0.40176723547125776,540.9646839193613,1
Candidate A: Baseline P(up) >= 0.55,5,20,325,335,3.072594621097607,2.9695220264765094,4014.415355987567,1
Candidate A: Baseline P(up) >= 0.55,5,21,375,385,-7.954019436756103,-8.046065417319346,-11200.257572031609,0
Candidate A: Baseline P(up) >= 0.55,5,22,385,395,1.6393719954866437,1.537732623491157,1968.3195045404468,1
Candidate A: Baseline P(up) >= 0.55,5,23,429,439,1.1233211586725518,1.0221978375138794,1328.5478072553046,1
Candidate A: Baseline P(up) >= 0.55,5,24,439,449,2.9122860931264762,2.8093738070333494,3688.6595296160535,1
Candidate A: Baseline P(up) >= 0.55,5,25,449,459,3.7098649616325594,3.6061550966709266,4867.83845386971,1
Candidate A: Baseline P(up) >= 0.55,5,26,481,491,-0.5832853654537242,-0.6827020800882706,-954.7914886536659,0
Candidate A: Baseline P(up) >= 0.55,5,27,491,501,4.879840690567003,4.774960849876437,6632.420047355517,1
Candidate A: Baseline P(up) >= 0.55,5,28,534,544,-4.346389149501124,-4.442042760351623,-6464.611795514281,0
Candidate A: Baseline P(up) >= 0.55,5,29,544,554,-5.917289566827079,-6.011372277260254,-8359.88295031938,0
Candidate A: Baseline P(up) >= 0.55,5,30,554,564,4.578031015469796,4.473452984454326,5847.157048385406,1
Candidate A: Baseline P(up) >= 0.55,5,31,564,574,-0.6796540160558547,-0.778974362039799,-1063.7289880703806,0
Candidate A: Baseline P(up) >= 0.55,5,32,574,584,2.681953136122575,2.5792711829864525,3494.6891231187647,1
Candidate A: Baseline P(up) >= 0.55,5,33,615,625,3.3184927767691987,3.2151742839924293,4468.643110408288,1
Candidate A: Baseline P(up) >= 0.55,5,34,625,635,-9.778937917242589,-9.869158979325347,-14157.7698001351,0
Candidate A: Baseline P(up) >= 0.55,5,35,635,645,5.806006075578845,5.700200069503266,7370.18219984894,1
Candidate A: Baseline P(up) >= 0.55,5,36,647,657,3.8301051844712455,3.7262750792867743,5092.591566922471,1
Candidate A: Baseline P(up) >= 0.55,5,37,668,678,0.4067361096646415,0.30632937355497686,434.2515322210477,1
Candidate A: Baseline P(up) >= 0.55,5,38,678,688,-2.5632285227713654,-2.6606652942485938,-3783.3045218673274,0
Candidate A: Baseline P(up) >= 0.55,5,39,688,698,-2.527813116567172,-2.625285303450605,-3633.673785242073,0
Candidate A: Baseline P(up) >= 0.55,5,40,698,708,-4.57146385969964,-4.666892395839939,-6289.895267503998,0
Candidate A: Baseline P(up) >= 0.55,5,41,708,718,3.3514460724541504,3.248094626381696,4173.381145841685,1
Candidate A: Baseline P(up) >= 0.55,5,42,719,729,-7.650812946360736,-7.7431621334143745,-10272.11269769441,0
Candidate A: Baseline P(up) >= 0.55,5,43,729,739,4.939534270876183,4.834594736605307,5916.979468635398,1
Candidate A: Baseline P(up) >= 0.55,5,44,739,749,7.327089552295941,7.219762462743644,9263.338135016998,1
Candidate A: Baseline P(up) >= 0.55,5,45,757,767,-2.632595350472487,-2.7299627551220147,-3755.572677553803,0
Candidate A: Baseline P(up) >= 0.55,5,46,767,777,-5.118861861684683,-5.2137429998229985,-6976.669512162354,0
Candidate A: Baseline P(up) >= 0.55,5,47,777,787,1.9119505841304527,1.8100386335463226,2295.787830159373,1
Candidate A: Baseline P(up) >= 0.55,5,48,787,797,2.3654932399116446,2.2631277466717328,2922.426358615028,1
Candidate A: Baseline P(up) >= 0.55,5,49,799,809,1.377243077149238,1.275865834072089,1684.839696827416,1
Candidate A: Baseline P(up) >= 0.55,5,50,828,838,-3.3145017331629565,-3.411187231429793,-4562.1031531468,0
Candidate A: Baseline P(up) >= 0.55,5,51,838,843,-0.350306741546765,-0.4499564348052182,-581.2417991374482,0
Candidate B1: P(up) >= 0.60,5,1,28,38,-2.953852686806434,-3.0508988341196273,-3050.8988341196273,0
Candidate B1: P(up) >= 0.60,5,2,38,48,-1.4078011935922194,-1.5063933923986272,-1460.4348539526825,0
Candidate B1: P(up) >= 0.60,5,3,48,58,8.36800291773869,8.259634914820952,7887.015222396851,1
Candidate B1: P(up) >= 0.60,5,4,72,82,2.505196105015943,2.4026909089109267,2483.7981022499275,1
Candidate B1: P(up) >= 0.60,5,5,83,93,8.31129141975043,8.202980128330681,8683.632078542467,1
Candidate B1: P(up) >= 0.60,5,6,121,131,5.057593606417444,4.952536012811027,5672.788857885533,1
Candidate B1: P(up) >= 0.60,5,7,140,150,-15.186360837556803,-15.271174476719244,-18358.379925262536,0
Candidate B1: P(up) >= 0.60,5,8,152,162,3.2851773926433894,3.1818922152507456,3240.996520137858,1
Candidate B1: P(up) >= 0.60,5,9,162,172,1.6912962349122165,1.5896049386773043,1670.6512193771998,1
Candidate B1: P(up) >= 0.60,5,10,184,194,6.704866881532936,6.598162014651403,7044.802711887053,1
Candidate B1: P(up) >= 0.60,5,11,214,224,11.600384904176654,11.488784519272475,13075.84189240748,1
Candidate B1: P(up) >= 0.60,5,12,385,395,1.6393719954866437,1.5377326234911566,1951.226050257977,1
Candidate B1: P(up) >= 0.60,5,13,429,439,1.1233211586725518,1.0221978375138792,1317.010314915769,1
Candidate B1: P(up) >= 0.60,5,14,487,497,3.0175684586902842,2.914550890231594,3793.5225862344555,1
Candidate B1: P(up) >= 0.60,5,15,544,554,-5.917289566827079,-6.011372277260252,-8052.327660733283,0
Candidate B1: P(up) >= 0.60,5,16,554,564,4.578031015469796,4.473452984454326,5632.043500748612,1
Candidate B1: P(up) >= 0.60,5,17,623,633,-4.1953291983765135,-4.291133869178136,-5644.183638621321,0
Candidate B1: P(up) >= 0.60,5,18,633,643,1.2882053471590742,1.1869171418119149,1494.1756184199282,1
Candidate B1: P(up) >= 0.60,5,19,668,678,0.4067361096646415,0.3063293735549769,390.206276323611,1
Candidate B1: P(up) >= 0.60,5,20,679,689,-0.8894303088404338,-0.9885408785315933,-1263.0733706037447,0
Candidate B1: P(up) >= 0.60,5,21,689,699,-2.7139902670801277,-2.8112762768130475,-3556.5009935220546,0
Candidate B1: P(up) >= 0.60,5,22,710,720,3.981543528206556,3.8775619846783496,4767.536586543918,1
Candidate B1: P(up) >= 0.60,5,23,727,737,1.7004929777620965,1.5987924847843344,2041.9689404130927,1
Candidate B1: P(up) >= 0.60,5,24,738,748,7.64947864586296,7.541829167217097,9786.384410329156,1
Candidate B1: P(up) >= 0.60,5,25,758,768,-0.017091816433739776,-0.11707472461730602,-163.37520444705285,0
Candidate B1: P(up) >= 0.60,5,26,768,778,-7.322109634861551,-7.414787525226689,-10335.059061394968,0
Candidate B1: P(up) >= 0.60,5,27,778,788,4.5773879634797305,4.47281057551625,5772.133750307204,1
Candidate B1: P(up) >= 0.60,5,28,789,799,3.0151014759788075,2.912086374502829,3926.1185633377895,1
Candidate B1: P(up) >= 0.60,5,29,834,843,-1.4523009464687107,-1.5508486455222417,-2151.7655801923706,0
Candidate B2: P(up) >= 0.65,5,1,31,41,-0.859376911550395,-0.9585175346388445,-958.5175346388445,0
Candidate B2: P(up) >= 0.65,5,2,41,51,1.0939174204480326,0.9928235030275845,983.3071156630496,1
Candidate B2: P(up) >= 0.65,5,3,74,84,-1.6514816126319227,-1.749830131019291,-1750.263906577406,0
Candidate B2: P(up) >= 0.65,5,4,84,94,10.072788559976619,9.962715771416644,9790.81166865301,1
Candidate B2: P(up) >= 0.65,5,5,121,131,5.057593606417444,4.952536012811026,5351.97474928274,1
Candidate B2: P(up) >= 0.65,5,6,140,150,-15.186360837556803,-15.271174476719246,-17320.155616432934,0
Candidate B2: P(up) >= 0.65,5,7,385,395,1.6393719954866437,1.5377326234911568,1477.717325378022,1
Candidate B2: P(up) >= 0.65,5,8,549,559,0.11146240150049298,0.011350939098992487,11.075664501107475,1
Candidate B2: P(up) >= 0.65,5,9,633,643,1.2882053471590742,1.186917141811915,1158.2643622098342,1
Candidate B2: P(up) >= 0.65,5,10,668,678,0.4067361096646415,0.3063293735549768,302.4825316412174,1
Candidate B2: P(up) >= 0.65,5,11,679,689,-0.8894303088404338,-0.9885408785315936,-979.1170823504985,0
Candidate B2: P(up) >= 0.65,5,12,690,700,4.93723236833437,4.832295135966035,4738.91486337802,1
Candidate B2: P(up) >= 0.65,5,13,710,720,3.981543528206556,3.87756198467835,3986.3855345806423,1
Candidate B2: P(up) >= 0.65,5,14,729,739,4.939534270876183,4.834594736605307,5163.0029398507095,1
Candidate B2: P(up) >= 0.65,5,15,760,770,3.0901357462536803,2.9870456105074266,3344.173277360346,1
Candidate B2: P(up) >= 0.65,5,16,770,780,-6.56169631896414,-6.655134622645176,-7673.37393963094,0
Candidate B2: P(up) >= 0.65,5,17,782,792,3.398053309859516,3.294655256549657,3545.9281344101487,1
Candidate B2: P(up) >= 0.65,5,18,836,843,1.719212629055315,1.617493416426259,1798.2096490309605,1
Candidate B3: P(up) >= 0.70,5,1,33,43,-1.9685039840164125,-2.0665354800323965,-2066.535480032396,0
Candidate B3: P(up) >= 0.70,5,2,43,53,6.011624282739077,5.905612658456338,5783.571077556053,1
Candidate B3: P(up) >= 0.70,5,3,74,84,-1.6514816126319227,-1.7498301310192907,-1814.8719398854728,0
Candidate B3: P(up) >= 0.70,5,4,140,150,-15.186360837556803,-15.271174476719246,-15561.657207709917,0
Candidate B3: P(up) >= 0.70,5,5,386,396,2.374001783745405,2.2716277819616595,1961.3349316029694,1
Candidate B3: P(up) >= 0.70,5,6,551,561,0.04881270097646433,-0.05123611172451214,-45.242430105042835,0
Candidate B3: P(up) >= 0.70,5,7,633,643,1.2882053471590742,1.186917141811915,1047.5327017346724,1
Candidate B3: P(up) >= 0.70,5,8,668,678,0.4067361096646415,0.30632937355497686,273.56478705183946,1
Candidate B3: P(up) >= 0.70,5,9,685,695,-5.330554805494695,-5.425224250689199,-4859.790910483175,0
Candidate B3: P(up) >= 0.70,5,10,729,739,4.939534270876183,4.834594736605307,4095.7674017025597,1
Candidate B3: P(up) >= 0.70,5,11,762,772,-0.8733229218013286,-0.9724495988795273,-863.6682061718866,0
Candidate B3: P(up) >= 0.70,5,12,773,783,-0.13793008312888203,-0.23779215304575316,-209.13820984003783,0
Candidate B3: P(up) >= 0.70,5,13,836,843,1.719212629055315,1.6174934164262595,1419.2027394022734,1
Candidate C: Combined P(up) >= 0.55 & ExpRet > 1.0%,5,1,28,38,-2.953852686806434,-3.0508988341196273,-3050.8988341196273,0
Candidate C: Combined P(up) >= 0.55 & ExpRet > 1.0%,5,2,38,48,-1.4078011935922194,-1.5063933923986272,-1460.4348539526825,0
Candidate C: Combined P(up) >= 0.55 & ExpRet > 1.0%,5,3,70,80,-1.4251522673045396,-1.5237271150372353,-1454.9867003822683,0
Candidate C: Combined P(up) >= 0.55 & ExpRet > 1.0%,5,4,80,90,4.293961991821025,4.189668029829204,3939.699011956941,1
Candidate C: Combined P(up) >= 0.55 & ExpRet > 1.0%,5,5,121,131,5.057593606417444,4.952536012811025,4852.1668592966535,1
Candidate C: Combined P(up) >= 0.55 & ExpRet > 1.0%,5,6,140,150,-15.186360837556803,-15.271174476719246,-15702.668457316542,0
Candidate C: Combined P(up) >= 0.55 & ExpRet > 1.0%,5,7,183,193,5.262597492823654,5.157334895330831,4493.218538651376,1
Candidate C: Combined P(up) >= 0.55 & ExpRet > 1.0%,5,8,385,395,1.6393719954866437,1.537732623491157,1408.810589858521,1
Candidate C: Combined P(up) >= 0.55 & ExpRet > 1.0%,5,9,429,439,1.1233211586725518,1.0221978375138792,950.8985790554256,1
Candidate C: Combined P(up) >= 0.55 & ExpRet > 1.0%,5,10,542,552,-4.465009329588933,-4.560544320259343,-4285.808225171022,0
Candidate C: Combined P(up) >= 0.55 & ExpRet > 1.0%,5,11,552,562,-0.04441718828354466,-0.14437277109526114,-129.48793335366466,0
Candidate C: Combined P(up) >= 0.55 & ExpRet > 1.0%,5,12,615,625,3.3184927767691987,3.21517428399243,2879.526440300903,1
Candidate C: Combined P(up) >= 0.55 & ExpRet > 1.0%,5,13,633,643,1.2882053471590742,1.186917141811915,1097.1866214878828,1
Candidate C: Combined P(up) >= 0.55 & ExpRet > 1.0%,5,14,668,678,0.4067361096646415,0.3063293735549769,286.5319850792446,1
Candidate C: Combined P(up) >= 0.55 & ExpRet > 1.0%,5,15,679,689,-0.8894303088404338,-0.9885408785315936,-927.4861583202179,0
Candidate C: Combined P(up) >= 0.55 & ExpRet > 1.0%,5,16,690,700,4.93723236833437,4.832295135966035,4489.021814111976,1
Candidate C: Combined P(up) >= 0.55 & ExpRet > 1.0%,5,17,711,721,7.32300179558642,7.215678793790834,7027.0096666455465,1
Candidate C: Combined P(up) >= 0.55 & ExpRet > 1.0%,5,18,728,738,1.0114420094577485,0.9104305674482909,950.6014857601032,1
Candidate C: Combined P(up) >= 0.55 & ExpRet > 1.0%,5,19,760,770,3.0901357462536803,2.987045610507427,3147.2378923853357,1
Candidate C: Combined P(up) >= 0.55 & ExpRet > 1.0%,5,20,771,781,-2.715998033980959,-2.8132820359469775,-3052.6962285933087,0
Candidate C: Combined P(up) >= 0.55 & ExpRet > 1.0%,5,21,782,792,3.398053309859516,3.294655256549657,3474.459159352374,1
Candidate C: Combined P(up) >= 0.55 & ExpRet > 1.0%,5,22,835,843,0.5200246171205926,0.41950459250347194,456.97432845656186,1
Candidate D: Cost-Adjusted ExpRet - 10bps > 0.5%,5,1,8,18,4.364694274518648,4.26032958024413,4260.32958024413,1
Candidate D: Cost-Adjusted ExpRet - 10bps > 0.5%,5,2,24,34,-3.043177754323352,-3.140134576569028,-3273.9146587940722,0
Candidate D: Cost-Adjusted ExpRet - 10bps > 0.5%,5,3,34,44,-4.864850868412121,-4.959986017543709,-5008.912059722597,0
Candidate D: Cost-Adjusted ExpRet - 10bps > 0.5%,5,4,44,54,6.485138645052385,6.378653506407331,6122.072351651775,1
Candidate D: Cost-Adjusted ExpRet - 10bps > 0.5%,5,5,64,74,-2.58454166066759,-2.6819571190069222,-2738.2668259110515,0
Candidate D: Cost-Adjusted ExpRet - 10bps > 0.5%,5,6,74,84,-1.6514816126319227,-1.749830131019291,-1738.6541127389162,0
Candidate D: Cost-Adjusted ExpRet - 10bps > 0.5%,5,7,84,94,10.072788559976619,9.962715771416645,9725.867573903997,1
Candidate D: Cost-Adjusted ExpRet - 10bps > 0.5%,5,8,112,122,-3.126228239836558,-3.2231020115967213,-3459.952367122644,0
Candidate D: Cost-Adjusted ExpRet - 10bps > 0.5%,5,9,123,133,5.123947337207923,5.018823389870715,5213.983824540143,1
Candidate D: Cost-Adjusted ExpRet - 10bps > 0.5%,5,10,138,148,-16.658038510204218,-16.741380471694015,-18265.27355329873,0
Candidate D: Cost-Adjusted ExpRet - 10bps > 0.5%,5,11,148,158,1.1921900656552546,1.0909978755895995,991.0327923459058,1
Candidate D: Cost-Adjusted ExpRet - 10bps > 0.5%,5,12,159,169,-5.944091596156481,-6.038147504560325,-5544.728962421686,0
Candidate D: Cost-Adjusted ExpRet - 10bps > 0.5%,5,13,169,179,17.38876453792968,17.27137577339175,14902.361951312569,1
Candidate D: Cost-Adjusted ExpRet - 10bps > 0.5%,5,14,183,193,5.262597492823654,5.1573348953308304,5218.498078194853,1
Candidate D: Cost-Adjusted ExpRet - 10bps > 0.5%,5,15,195,205,6.641793557803655,6.535151764245851,6953.691873957603,1
Candidate D: Cost-Adjusted ExpRet - 10bps > 0.5%,5,16,213,223,7.583386902534742,7.475803515632206,8474.43147792807,1
Candidate D: Cost-Adjusted ExpRet - 10bps > 0.5%,5,17,238,248,6.394280224201089,6.287885943976888,7660.692853319946,1
Candidate D: Cost-Adjusted ExpRet - 10bps > 0.5%,5,18,251,261,-0.17055828691559452,-0.27038772862867894,-350.1338839474727,0
Candidate D: Cost-Adjusted ExpRet - 10bps > 0.5%,5,19,261,271,3.2904327643110713,3.1871423315467604,4115.975234907467,1
Candidate D: Cost-Adjusted ExpRet - 10bps > 0.5%,5,20,271,281,6.006059961481233,5.900053901519751,7862.358797613346,1
Candidate D: Cost-Adjusted ExpRet - 10bps > 0.5%,5,21,282,292,20.61099586973416,20.49038487386443,28916.330286642256,1
Candidate D: Cost-Adjusted ExpRet - 10bps > 0.5%,5,22,305,315,2.501719887033518,2.3992181671464845,4079.5775547549315,1
Candidate D: Cost-Adjusted ExpRet - 10bps > 0.5%,5,23,320,330,3.152306242040206,3.049153935798165,5309.10657340628,1
Candidate D: Cost-Adjusted ExpRet - 10bps > 0.5%,5,24,333,343,2.6883047888759224,2.585616484087047,4639.280498405311,1
Candidate D: Cost-Adjusted ExpRet - 10bps > 0.5%,5,25,369,379,2.553552274034474,2.45099872176044,4511.4492992871965,1
Candidate D: Cost-Adjusted ExpRet - 10bps > 0.5%,5,26,379,389,-9.29234033667809,-9.38304799634141,-17694.289578223514,0
Candidate D: Cost-Adjusted ExpRet - 10bps > 0.5%,5,27,389,399,5.937527229949963,5.831589702720013,9965.190451535145,1
Candidate D: Cost-Adjusted ExpRet - 10bps > 0.5%,5,28,399,409,3.01355606957588,2.910542513506304,5263.660982402315,1
Candidate D: Cost-Adjusted ExpRet - 10bps > 0.5%,5,29,410,420,0.5443870590453298,0.4438426719862845,826.0434352469338,1
Candidate D: Cost-Adjusted ExpRet - 10bps > 0.5%,5,30,429,439,1.1233211586725518,1.0221978375138794,1910.8742458922222,1
Candidate D: Cost-Adjusted ExpRet - 10bps > 0.5%,5,31,439,449,2.9122860931264762,2.8093738070333494,5305.465455225221,1
Candidate D: Cost-Adjusted ExpRet - 10bps > 0.5%,5,32,449,459,3.7098649616325594,3.6061550966709266,7001.499745711391,1
Candidate D: Cost-Adjusted ExpRet - 10bps > 0.5%,5,33,476,486,-1.7893358490762956,-1.8875465132272191,-3796.9064372782323,0
Candidate D: Cost-Adjusted ExpRet - 10bps > 0.5%,5,34,486,496,2.101756695108686,1.9996549384135773,3946.493840371661,1
Candidate D: Cost-Adjusted ExpRet - 10bps > 0.5%,5,35,496,506,8.39081145952895,8.282420648069419,16672.946458558104,1
Candidate D: Cost-Adjusted ExpRet - 10bps > 0.5%,5,36,533,543,-3.6050516810156723,-3.701446629334657,-8068.346099117513,0
Candidate D: Cost-Adjusted ExpRet - 10bps > 0.5%,5,37,543,553,-6.389528670059423,-6.4831391413893655,-13608.746783348632,0
Candidate D: Cost-Adjusted ExpRet - 10bps > 0.5%,5,38,553,563,3.0511638964834873,2.948112732587004,5787.177425414343,1
Candidate D: Cost-Adjusted ExpRet - 10bps > 0.5%,5,39,613,623,-0.739792004505598,-0.8390522125010923,-1695.626078160698,0
Candidate D: Cost-Adjusted ExpRet - 10bps > 0.5%,5,40,623,633,-4.1953291983765135,-4.291133869178137,-8599.116499705595,0
Candidate D: Cost-Adjusted ExpRet - 10bps > 0.5%,5,41,633,643,1.2882053471590742,1.1869171418119149,2276.4302220597274,1
Candidate D: Cost-Adjusted ExpRet - 10bps > 0.5%,5,42,647,657,3.8301051844712455,3.7262750792867743,7231.580368245409,1
Candidate D: Cost-Adjusted ExpRet - 10bps > 0.5%,5,43,668,678,0.4067361096646415,0.3063293735549768,616.6457321430082,1
Candidate D: Cost-Adjusted ExpRet - 10bps > 0.5%,5,44,678,688,-2.5632285227713654,-2.6606652942485947,-5372.366966385932,0
Candidate D: Cost-Adjusted ExpRet - 10bps > 0.5%,5,45,688,698,-2.527813116567172,-2.6252853034506045,-5159.888372089549,0
Candidate D: Cost-Adjusted ExpRet - 10bps > 0.5%,5,46,698,708,-4.57146385969964,-4.666892395839939,-8931.775214459114,0
Candidate D: Cost-Adjusted ExpRet - 10bps > 0.5%,5,47,708,718,3.3514460724541504,3.248094626381696,5926.283458406734,1
Candidate D: Cost-Adjusted ExpRet - 10bps > 0.5%,5,48,720,730,-8.213709088642824,-8.305495379554182,-15645.928239437395,0
Candidate D: Cost-Adjusted ExpRet - 10bps > 0.5%,5,49,730,740,8.728636932055023,8.619908295122968,14889.55598808619,1
Candidate D: Cost-Adjusted ExpRet - 10bps > 0.5%,5,50,756,766,-4.110089386416636,-4.205979297030219,-7891.429192171513,0
Candidate D: Cost-Adjusted ExpRet - 10bps > 0.5%,5,51,766,776,-4.711713928216024,-4.807002214287807,-8639.751625388895,0
Candidate D: Cost-Adjusted ExpRet - 10bps > 0.5%,5,52,776,786,3.356990591735158,3.2536336011434233,5566.735462191463,1
Candidate D: Cost-Adjusted ExpRet - 10bps > 0.5%,5,53,787,797,2.3654932399116446,2.2631277466717328,3998.0327951016397,1
Candidate D: Cost-Adjusted ExpRet - 10bps > 0.5%,5,54,830,840,-1.955809045440741,-2.0538532363953004,-3710.442974053614,0
Candidate D: Cost-Adjusted ExpRet - 10bps > 0.5%,5,55,840,843,0.890547776118588,0.7896572283424694,1397.2764039917217,1
Candidate E: Expected Value Score > 0.8%,5,1,31,41,-0.859376911550395,-0.9585175346388445,-958.5175346388445,0
Candidate E: Expected Value Score > 0.8%,5,2,43,53,6.011624282739077,5.905612658456337,5849.006325597182,1
Candidate E: Expected Value Score > 0.8%,5,3,72,82,2.505196105015943,2.402690908910927,2520.194238492591,1
Candidate E: Expected Value Score > 0.8%,5,4,84,94,10.072788559976619,9.962715771416644,10701.021058361448,1
Candidate E: Expected Value Score > 0.8%,5,5,121,131,5.057593606417444,4.952536012811026,5849.524680293701,1
Candidate E: Expected Value Score > 0.8%,5,6,140,150,-15.186360837556803,-15.271174476719246,-18930.33552866257,0
Candidate E: Expected Value Score > 0.8%,5,7,385,395,1.6393719954866437,1.5377326234911568,1615.0943100870907,1
Candidate E: Expected Value Score > 0.8%,5,8,429,439,1.1233211586725518,1.0221978375138794,1090.1329785266228,1
Candidate E: Expected Value Score > 0.8%,5,9,544,554,-5.917289566827079,-6.011372277260254,-6476.419282019325,0
Candidate E: Expected Value Score > 0.8%,5,10,554,564,4.578031015469796,4.473452984454327,4529.805127440418,1
Candidate E: Expected Value Score > 0.8%,5,11,633,643,1.2882053471590742,1.186917141811915,1255.6337853850225,1
Candidate E: Expected Value Score > 0.8%,5,12,668,678,0.4067361096646415,0.30632937355497686,327.91070726969303,1
Candidate E: Expected Value Score > 0.8%,5,13,679,689,-0.8894303088404338,-0.9885408785315936,-1061.4265003382463,0
Candidate E: Expected Value Score > 0.8%,5,14,690,700,4.93723236833437,4.832295135966037,5137.291453194785,1
Candidate E: Expected Value Score > 0.8%,5,15,711,721,7.32300179558642,7.2156787937908335,8041.795784660629,1
Candidate E: Expected Value Score > 0.8%,5,16,729,739,4.939534270876183,4.834594736605307,5776.891653922299,1
Candidate E: Expected Value Score > 0.8%,5,17,760,770,3.0901357462536803,2.9870456105074266,3741.8004444931776,1
Candidate E: Expected Value Score > 0.8%,5,18,773,783,-0.13793008312888203,-0.23779215304575316,-306.77423869462956,0
Candidate E: Expected Value Score > 0.8%,5,19,783,793,3.5679203018663834,3.464352381564517,4458.712608950451,1
Candidate E: Expected Value Score > 0.8%,5,20,836,843,1.719212629055315,1.6174934164262595,2153.875941244651,1
