architecture,asset,entry_date,exit_date,net_return_pct,net_pnl,is_win
Candidate A: Equal-Weight Baseline Control,reliance_ns,2003-08-13,2003-08-27,9.046431717602008,1809.2863435204017,1
Candidate A: Equal-Weight Baseline Control,infy_ns,2003-08-15,2003-08-29,14.846041729816035,2375.3666767705654,1
Candidate A: Equal-Weight Baseline Control,reliance_ns,2003-09-03,2003-09-17,-0.30725433291543813,-64.02237212755179,0
Candidate A: Equal-Weight Baseline Control,hdfcbank_ns,2003-09-18,2003-10-02,6.813201882550642,1418.789753488854,1
Candidate A: Equal-Weight Baseline Control,hdfcbank_ns,2003-10-23,2003-11-06,2.6508989354672217,559.5486743851353,1
Candidate A: Equal-Weight Baseline Control,hdfcbank_ns,2003-11-07,2003-11-21,-0.8031025236300348,-170.41669963902135,0
Candidate A: Equal-Weight Baseline Control,hdfcbank_ns,2003-11-21,2003-12-05,8.313539354687201,1761.2823779324654,1
Candidate A: Equal-Weight Baseline Control,reliance_ns,2003-11-28,2003-12-12,0.8221708410241515,139.34618719323896,1
Candidate A: Equal-Weight Baseline Control,reliance_ns,2003-12-12,2003-12-26,7.8638036295816,1695.895008925537,1
Candidate A: Equal-Weight Baseline Control,hdfcbank_ns,2004-01-22,2004-02-05,-2.78854569035932,-610.8313570558072,0
Candidate A: Equal-Weight Baseline Control,hdfcbank_ns,2004-02-25,2004-03-10,3.535285750800203,770.0859539403867,1
Candidate A: Equal-Weight Baseline Control,hdfcbank_ns,2004-03-15,2004-03-29,4.468066679266312,980.1538051123525,1
Candidate A: Equal-Weight Baseline Control,reliance_ns,2004-04-30,2004-05-14,-9.419425020051857,-2084.7916254811457,0
Candidate A: Equal-Weight Baseline Control,reliance_ns,2004-05-14,2004-05-28,-9.351568889315383,-2030.7809530338275,0
Candidate A: Equal-Weight Baseline Control,hdfcbank_ns,2004-05-14,2004-05-28,4.5556643360576885,791.4442140421422,1
Candidate A: Equal-Weight Baseline Control,reliance_ns,2004-05-28,2004-06-11,-0.28098925165428495,-50.115085454526245,0
Candidate A: Equal-Weight Baseline Control,reliance_ns,2004-06-11,2004-06-25,-0.07315428685843643,-15.697482120187283,0
Candidate A: Equal-Weight Baseline Control,reliance_ns,2004-06-25,2004-07-09,1.6405370652228874,351.97572927205334,1
Candidate A: Equal-Weight Baseline Control,reliance_ns,2004-07-14,2004-07-28,12.599180027369483,2712.011780971671,1
Candidate A: Equal-Weight Baseline Control,hdfcbank_ns,2004-07-19,2004-08-02,1.4780304217672058,254.52043118739942,1
Candidate A: Equal-Weight Baseline Control,reliance_ns,2004-11-25,2004-12-09,1.707348345571652,377.641726548683,1
Candidate A: Equal-Weight Baseline Control,hdfcbank_ns,2004-12-06,2004-12-20,3.273975220315576,579.3262555163517,1
Candidate A: Equal-Weight Baseline Control,hdfcbank_ns,2005-01-06,2005-01-20,5.34768930302732,1193.0696903956782,1
Candidate A: Equal-Weight Baseline Control,hdfcbank_ns,2005-01-24,2005-02-07,14.270710604330826,3217.8479924933395,1
Candidate A: Equal-Weight Baseline Control,hdfcbank_ns,2005-03-01,2005-03-15,2.7795053106225596,644.6280805814299,1
Candidate A: Equal-Weight Baseline Control,hdfcbank_ns,2005-03-17,2005-03-31,-4.8606629749053045,-1133.5607059705644,0
Candidate A: Equal-Weight Baseline Control,hdfcbank_ns,2005-03-31,2005-04-15,-1.2057053510641667,-278.45042720973413,0
Candidate A: Equal-Weight Baseline Control,hdfcbank_ns,2005-04-28,2005-05-12,-1.994010791102559,-459.39437937996144,0
Candidate A: Equal-Weight Baseline Control,reliance_ns,2005-06-10,2005-06-24,15.49248966083854,3555.035562535044,1
Candidate A: Equal-Weight Baseline Control,hdfcbank_ns,2005-06-15,2005-06-29,1.7168538276322167,315.1708496968117,1
Candidate A: Equal-Weight Baseline Control,hdfcbank_ns,2005-08-12,2005-08-26,-3.9105279525105416,-927.6113771206208,0
Candidate A: Equal-Weight Baseline Control,reliance_ns,2005-08-16,2005-08-30,1.0640492365602487,201.92141616400056,1
Candidate A: Equal-Weight Baseline Control,hdfcbank_ns,2005-08-26,2005-09-09,6.461634718252128,1275.5274179750593,1
Candidate A: Equal-Weight Baseline Control,reliance_ns,2005-09-01,2005-09-15,4.64009977164366,910.7463925557469,1
Candidate A: Equal-Weight Baseline Control,reliance_ns,2005-09-27,2005-10-11,0.05147247333921886,12.360079860938166,1
Candidate A: Equal-Weight Baseline Control,reliance_ns,2005-10-11,2005-10-25,-2.736283177719535,-657.1310464099682,0
Candidate A: Equal-Weight Baseline Control,icicibank_ns,2005-10-19,2005-11-02,0.32159990929667737,61.786963174653664,1
Candidate A: Equal-Weight Baseline Control,reliance_ns,2005-10-25,2005-11-08,2.9253239265705426,586.2806043503435,1
Candidate A: Equal-Weight Baseline Control,hdfcbank_ns,2005-10-25,2005-11-08,1.1148824641934718,178.75188698250622,1
Candidate A: Equal-Weight Baseline Control,icicibank_ns,2005-11-04,2005-11-18,7.7947102040247085,1300.2691966200007,1
Candidate A: Equal-Weight Baseline Control,reliance_ns,2005-11-08,2005-11-22,3.5979957629601538,628.59552118799,1
Candidate A: Equal-Weight Baseline Control,icicibank_ns,2005-11-18,2005-12-02,0.9798418871183167,203.95713479403162,1
Candidate A: Equal-Weight Baseline Control,tcs_ns,2005-11-22,2005-12-06,3.5578664121724253,592.4647630982412,1
Candidate A: Equal-Weight Baseline Control,icicibank_ns,2005-12-02,2005-12-16,7.728171072680433,1634.1615193758964,1
Candidate A: Equal-Weight Baseline Control,tcs_ns,2005-12-06,2005-12-20,8.92234555984556,1817.067270131109,1
Candidate A: Equal-Weight Baseline Control,reliance_ns,2005-12-15,2005-12-29,5.371715842086093,875.1751633585786,1
Candidate A: Equal-Weight Baseline Control,icicibank_ns,2005-12-16,2005-12-30,-0.3056054581433862,-53.75527216107001,0
Candidate A: Equal-Weight Baseline Control,tcs_ns,2005-12-20,2006-01-03,2.293082444422147,424.41043421972097,1
Candidate A: Equal-Weight Baseline Control,reliance_ns,2005-12-29,2006-01-12,-0.5266978589123616,-96.07035666277328,0
Candidate A: Equal-Weight Baseline Control,icicibank_ns,2005-12-30,2006-01-13,-0.22938327856309124,-41.51677381026198,0
Candidate A: Equal-Weight Baseline Control,tcs_ns,2006-01-03,2006-01-17,-6.381931103519317,-1165.7224472755058,0
Candidate A: Equal-Weight Baseline Control,reliance_ns,2006-01-12,2006-01-27,26.029229711348822,4748.147348595072,1
Candidate A: Equal-Weight Baseline Control,icicibank_ns,2006-01-13,2006-01-27,6.034287050017665,1098.532017418714,1
Candidate A: Equal-Weight Baseline Control,tcs_ns,2006-01-17,2006-01-31,2.8437106870474103,511.4106640859984,1
Candidate A: Equal-Weight Baseline Control,tcs_ns,2006-01-31,2006-02-14,-3.1518944612131157,-836.664865935462,0
Candidate A: Equal-Weight Baseline Control,icicibank_ns,2006-02-02,2006-02-16,3.0263109503277885,642.6631542886087,1
Candidate A: Equal-Weight Baseline Control,tcs_ns,2006-02-14,2006-02-28,5.028518390641276,1112.8272084648045,1
Candidate A: Equal-Weight Baseline Control,icicibank_ns,2006-02-17,2006-03-03,4.190511654247853,925.2633210938794,1
Candidate A: Equal-Weight Baseline Control,hdfcbank_ns,2006-02-17,2006-03-03,2.286004709084051,403.79915078279436,1
Candidate A: Equal-Weight Baseline Control,reliance_ns,2006-02-21,2006-03-07,4.927805172362493,696.3567610918249,1
Candidate A: Equal-Weight Baseline Control,tcs_ns,2006-02-28,2006-03-14,5.965334102875816,951.6837067925957,1
Candidate A: Equal-Weight Baseline Control,hdfcbank_ns,2006-03-03,2006-03-17,0.5486235656597915,115.08725445619855,1
Candidate A: Equal-Weight Baseline Control,icicibank_ns,2006-03-07,2006-03-21,-0.49910527511743547,-98.56066079441374,0
Candidate A: Equal-Weight Baseline Control,tcs_ns,2006-03-14,2006-03-28,4.630545255870313,888.0934786037888,1
Candidate A: Equal-Weight Baseline Control,icicibank_ns,2006-03-21,2006-04-04,2.5481703638228383,598.6037139619165,1
Candidate A: Equal-Weight Baseline Control,tcs_ns,2006-03-28,2006-04-12,-5.705145590966539,-1301.15158652489,0
Candidate A: Equal-Weight Baseline Control,icicibank_ns,2006-04-04,2006-04-18,-4.487704055066289,-1035.013944352024,0
Candidate A: Equal-Weight Baseline Control,tcs_ns,2006-04-12,2006-04-26,9.01778706915686,2051.7052046758427,1
Candidate A: Equal-Weight Baseline Control,icicibank_ns,2006-04-18,2006-05-02,5.9913115372559895,1354.4600166089986,1
Candidate A: Equal-Weight Baseline Control,tcs_ns,2006-05-03,2006-05-17,-0.7879796593548821,-219.36294110856022,0
Candidate A: Equal-Weight Baseline Control,tcs_ns,2006-05-17,2006-05-31,-11.631266978255002,-3232.8853818547286,0
Candidate A: Equal-Weight Baseline Control,hdfcbank_ns,2006-05-19,2006-06-02,-5.555797920779055,-1235.377567462228,0
Candidate A: Equal-Weight Baseline Control,reliance_ns,2006-05-26,2006-06-09,-3.7779194572726755,-672.0412823854892,0
Candidate A: Equal-Weight Baseline Control,tcs_ns,2006-05-31,2006-06-14,-16.825498689981323,-3220.957071416158,0
Candidate A: Equal-Weight Baseline Control,hdfcbank_ns,2006-06-02,2006-06-16,-4.041206999078449,-788.6308885316112,0
Candidate A: Equal-Weight Baseline Control,icicibank_ns,2006-06-05,2006-06-19,-6.941180157721602,-1083.6424021813812,0
Candidate A: Equal-Weight Baseline Control,reliance_ns,2006-06-09,2006-06-23,9.606507246627388,1528.6599766625127,1
Candidate A: Equal-Weight Baseline Control,tcs_ns,2006-06-15,2006-06-29,8.345345250755223,1328.1345198108188,1
Candidate A: Equal-Weight Baseline Control,hdfcbank_ns,2006-06-21,2006-07-05,13.813735638058633,2677.459726057847,1
Candidate A: Equal-Weight Baseline Control,tcs_ns,2006-06-30,2006-07-14,7.741314976310597,1737.3768719378925,1
Candidate A: Equal-Weight Baseline Control,icicibank_ns,2006-06-30,2006-07-14,-0.45971901162077666,-82.5394838808883,0
Candidate A: Equal-Weight Baseline Control,tcs_ns,2006-07-14,2006-07-28,-0.9778836871785337,-230.8933522590087,0
Candidate A: Equal-Weight Baseline Control,icicibank_ns,2006-07-17,2006-07-31,15.99225852257116,3592.4349125281287,1
Candidate A: Equal-Weight Baseline Control,hdfcbank_ns,2006-07-17,2006-07-31,12.319240815690033,2213.874706423198,1
Candidate A: Equal-Weight Baseline Control,reliance_ns,2006-07-25,2006-08-08,-1.1276174364254474,-162.11412754231387,0
Candidate A: Equal-Weight Baseline Control,tcs_ns,2006-07-28,2006-08-11,4.1645929110603825,673.7263917646494,1
Candidate A: Equal-Weight Baseline Control,tcs_ns,2006-08-11,2006-08-25,0.6524234162051499,185.3097789318996,1
Candidate A: Equal-Weight Baseline Control,icicibank_ns,2006-08-21,2006-09-04,4.673107804906068,1061.8534561975673,1
Candidate A: Equal-Weight Baseline Control,icicibank_ns,2006-09-04,2006-09-18,3.3044065683237402,946.8027732964989,1
Candidate A: Equal-Weight Baseline Control,tcs_ns,2006-09-11,2006-09-25,7.51346819171869,1722.251151341335,1
Candidate A: Equal-Weight Baseline Control,hdfcbank_ns,2006-09-11,2006-09-25,6.691891264621305,1227.1422082119673,1
Candidate A: Equal-Weight Baseline Control,icicibank_ns,2006-09-18,2006-10-03,8.350980823455297,1719.4758089070656,1
Candidate A: Equal-Weight Baseline Control,tcs_ns,2006-10-09,2006-10-23,7.724382507433663,2300.001849999703,1
Candidate A: Equal-Weight Baseline Control,icicibank_ns,2006-10-20,2006-11-03,4.162327280892732,991.4952230441166,1
Candidate A: Equal-Weight Baseline Control,tcs_ns,2006-10-23,2006-11-06,-1.9655264942085822,-500.6535725869401,0
Candidate A: Equal-Weight Baseline Control,tcs_ns,2006-11-06,2006-11-20,5.464510557860393,1657.6065749780003,1
Candidate A: Equal-Weight Baseline Control,tcs_ns,2006-12-08,2006-12-22,-1.9990693966963533,-613.0257625133563,0
Candidate A: Equal-Weight Baseline Control,icicibank_ns,2006-12-08,2006-12-22,-2.7010270802569702,-662.6279960786212,0
Candidate A: Equal-Weight Baseline Control,hdfcbank_ns,2006-12-11,2006-12-26,-0.2290501266825283,-44.95327797476462,0
Candidate A: Equal-Weight Baseline Control,tcs_ns,2006-12-22,2007-01-05,9.39542904075019,2039.867091820874,1
Candidate A: Equal-Weight Baseline Control,hdfcbank_ns,2007-01-09,2007-01-23,1.8230166057283288,561.6606398446958,1
Candidate A: Equal-Weight Baseline Control,tcs_ns,2007-01-17,2007-01-31,-2.0993331161364757,-517.4336986514917,0
Candidate A: Equal-Weight Baseline Control,tcs_ns,2007-02-01,2007-02-15,-0.03453224033617543,-10.642233628206878,0
Candidate A: Equal-Weight Baseline Control,hdfcbank_ns,2007-02-14,2007-02-28,-8.131480558562437,-2004.78428286134,0
Candidate A: Equal-Weight Baseline Control,tcs_ns,2007-02-28,2007-03-14,1.6376109426714494,423.8989517584976,1
Candidate A: Equal-Weight Baseline Control,hdfcbank_ns,2007-03-05,2007-03-19,-0.4161806628780982,-105.03620811591793,0
Candidate A: Equal-Weight Baseline Control,tcs_ns,2007-03-14,2007-03-28,-1.0836428906103988,-275.812290422086,0
Candidate A: Equal-Weight Baseline Control,hdfcbank_ns,2007-03-19,2007-04-02,-2.568606279990746,-652.1300113431689,0
Candidate A: Equal-Weight Baseline Control,tcs_ns,2007-03-28,2007-04-11,-0.9196691254195724,-233.1001060348354,0
Candidate A: Equal-Weight Baseline Control,hdfcbank_ns,2007-04-02,2007-04-16,8.111447202195667,2046.0424989862913,1
Candidate A: Equal-Weight Baseline Control,tcs_ns,2007-04-11,2007-04-25,2.535739828807301,639.054762002989,1
Candidate A: Equal-Weight Baseline Control,reliance_ns,2007-05-04,2007-05-18,7.229301575492666,2225.4503026916664,1
Candidate A: Equal-Weight Baseline Control,hdfcbank_ns,2007-05-07,2007-05-21,10.619132386649072,2615.173943143247,1
Candidate A: Equal-Weight Baseline Control,infy_ns,2007-05-08,2007-05-22,-2.820495692346111,-555.682824005089,0
Candidate A: Equal-Weight Baseline Control,tcs_ns,2007-05-10,2007-05-24,-0.4523319828202184,-71.29331607446147,0
Candidate A: Equal-Weight Baseline Control,reliance_ns,2007-05-18,2007-06-01,3.0571681552062833,587.3084645294206,1
Candidate A: Equal-Weight Baseline Control,infy_ns,2007-05-22,2007-06-05,-0.23226653672587327,-57.24513390154334,0
Candidate A: Equal-Weight Baseline Control,hdfcbank_ns,2007-05-22,2007-06-05,3.938675333656864,776.5905499714695,1
Candidate A: Equal-Weight Baseline Control,tcs_ns,2007-05-24,2007-06-07,-1.4985507246376812,-283.4004715258565,0
Candidate A: Equal-Weight Baseline Control,infy_ns,2007-06-05,2007-06-19,0.6392406720048768,153.4609583757121,1
Candidate A: Equal-Weight Baseline Control,reliance_ns,2007-06-06,2007-06-20,2.411376243093138,561.9503505388152,1
Candidate A: Equal-Weight Baseline Control,tcs_ns,2007-06-07,2007-06-21,-5.134451068919259,-1148.5230218308225,0
Candidate A: Equal-Weight Baseline Control,icicibank_ns,2007-06-18,2007-07-02,3.3714198166502265,603.3210909916377,1
Candidate A: Equal-Weight Baseline Control,infy_ns,2007-06-19,2007-07-03,-0.5199658239306354,-99.56396364162512,0
Candidate A: Equal-Weight Baseline Control,hdfcbank_ns,2007-06-20,2007-07-04,4.556576811508766,915.496318540884,1
Candidate A: Equal-Weight Baseline Control,reliance_ns,2007-06-21,2007-07-05,-1.4619248595066665,-297.0264591265365,0
Candidate A: Equal-Weight Baseline Control,tcs_ns,2007-06-22,2007-07-06,1.5896091062026223,258.3749560808451,1
Candidate A: Equal-Weight Baseline Control,infy_ns,2007-07-03,2007-07-17,-0.5042236051787047,-103.42943989092504,0
Candidate A: Equal-Weight Baseline Control,hdfcbank_ns,2007-07-04,2007-07-18,4.232020800086985,872.2847218131465,1
Candidate A: Equal-Weight Baseline Control,reliance_ns,2007-07-05,2007-07-19,10.644414358800738,2181.3945541946887,1
Candidate A: Equal-Weight Baseline Control,tcs_ns,2007-07-06,2007-07-20,1.4380571904116675,283.2560600404083,1
Candidate A: Equal-Weight Baseline Control,infy_ns,2007-07-17,2007-07-31,1.8705784768108917,371.1142492036316,1
Candidate A: Equal-Weight Baseline Control,reliance_ns,2007-07-19,2007-08-02,-4.9212938325552456,-1215.7241928336866,0
Candidate A: Equal-Weight Baseline Control,tcs_ns,2007-07-25,2007-08-08,0.33301903752625706,79.12117426224603,1
Candidate A: Equal-Weight Baseline Control,infy_ns,2007-07-31,2007-08-14,-1.081978130274314,-249.38660030595304,0
Candidate A: Equal-Weight Baseline Control,reliance_ns,2007-08-02,2007-08-16,-3.463914206379949,-801.4400169884151,0
Candidate A: Equal-Weight Baseline Control,tcs_ns,2007-08-08,2007-08-22,-11.037038337556087,-2569.0959175256003,0
Candidate A: Equal-Weight Baseline Control,infy_ns,2007-08-14,2007-08-28,-3.891283034879934,-902.0609804758664,0
Candidate A: Equal-Weight Baseline Control,reliance_ns,2007-08-16,2007-08-30,9.892986445574095,2276.6081022909016,1
Candidate A: Equal-Weight Baseline Control,icicibank_ns,2007-08-16,2007-08-30,4.862516366891474,895.1832063483514,1
Candidate A: Equal-Weight Baseline Control,tcs_ns,2007-08-22,2007-09-05,4.475463017003578,844.4970164074881,1
Candidate A: Equal-Weight Baseline Control,reliance_ns,2007-08-30,2007-09-13,5.98500185348587,1472.8662360031938,1
Candidate A: Equal-Weight Baseline Control,infy_ns,2007-09-03,2007-09-17,-3.0501370416622793,-718.2597125191289,0
Candidate A: Equal-Weight Baseline Control,tcs_ns,2007-09-05,2007-09-19,-4.645079863936022,-1058.22118379464,0
Candidate A: Equal-Weight Baseline Control,reliance_ns,2007-09-13,2007-09-27,14.285614603532318,3348.786683260553,1
Candidate A: Equal-Weight Baseline Control,infy_ns,2007-09-17,2007-10-01,5.518464598595786,1286.8713149159357,1
Candidate A: Equal-Weight Baseline Control,tcs_ns,2007-09-19,2007-10-03,5.435742541113642,1250.229683468484,1
Candidate A: Equal-Weight Baseline Control,infy_ns,2007-10-01,2007-10-15,1.127675938440966,323.41149527885364,1
Candidate A: Equal-Weight Baseline Control,tcs_ns,2007-10-03,2007-10-17,1.3855310138012304,385.0897180478464,1
Candidate A: Equal-Weight Baseline Control,infy_ns,2007-10-16,2007-10-30,-0.7006791095299741,-196.43889873922282,0
Candidate A: Equal-Weight Baseline Control,tcs_ns,2007-10-18,2007-11-01,-9.014683008205328,-2529.8941487406105,0
Candidate A: Equal-Weight Baseline Control,hdfcbank_ns,2007-10-19,2007-11-02,29.514022881874848,6626.2876888017545,1
Candidate A: Equal-Weight Baseline Control,infy_ns,2007-10-31,2007-11-14,-7.094287106565801,-1669.2054722187565,0
Candidate A: Equal-Weight Baseline Control,tcs_ns,2007-11-01,2007-11-15,-4.236359523891769,-1013.7585381993908,0
Candidate A: Equal-Weight Baseline Control,tcs_ns,2007-11-15,2007-11-29,-1.4928636222938845,-506.29944537773264,0
Candidate A: Equal-Weight Baseline Control,infy_ns,2007-11-15,2007-11-29,-4.907040091793196,-1331.364306729478,0
Candidate A: Equal-Weight Baseline Control,hdfcbank_ns,2007-11-26,2007-12-10,2.6626061260412044,577.9286401216395,1
Candidate A: Equal-Weight Baseline Control,tcs_ns,2007-11-29,2007-12-13,6.525044107622787,1569.0101237062997,1
Candidate A: Equal-Weight Baseline Control,infy_ns,2007-11-29,2007-12-13,5.861858426944588,1430.1086049849616,1
Candidate A: Equal-Weight Baseline Control,reliance_ns,2007-12-11,2007-12-26,0.32581595913118705,78.1115674400555,1
Candidate A: Equal-Weight Baseline Control,tcs_ns,2007-12-14,2007-12-28,3.9608731277184663,1167.1781045845505,1
Candidate A: Equal-Weight Baseline Control,infy_ns,2007-12-17,2007-12-31,8.90603016531177,2099.52161001614,1
Candidate A: Equal-Weight Baseline Control,tcs_ns,2007-12-28,2008-01-11,-8.58429028492247,-2557.839624569116,0
Candidate A: Equal-Weight Baseline Control,infy_ns,2008-01-03,2008-01-17,-12.837261528806964,-3719.228985650443,0
Candidate A: Equal-Weight Baseline Control,reliance_ns,2008-01-04,2008-01-18,-6.508516072425051,-1508.5249498619312,0
Candidate A: Equal-Weight Baseline Control,tcs_ns,2008-01-11,2008-01-25,-10.668585440955338,-2559.3883078514286,0
Candidate A: Equal-Weight Baseline Control,infy_ns,2008-01-17,2008-01-31,0.5300925429570125,128.50790496053855,1
Candidate A: Equal-Weight Baseline Control,tcs_ns,2008-01-25,2008-02-08,1.509252677412148,422.8017806525482,1
Candidate A: Equal-Weight Baseline Control,hdfcbank_ns,2008-01-25,2008-02-08,-10.396401052713664,-2329.9567756950246,0
Candidate A: Equal-Weight Baseline Control,infy_ns,2008-02-01,2008-02-15,-1.8802616106315235,-428.759038642409,0
Candidate A: Equal-Weight Baseline Control,tcs_ns,2008-02-08,2008-02-22,0.18919059871111468,45.273090423023376,1
Candidate A: Equal-Weight Baseline Control,hdfcbank_ns,2008-02-08,2008-02-22,2.192357706336235,507.7533964216927,1
Candidate A: Equal-Weight Baseline Control,tcs_ns,2008-02-22,2008-03-07,-6.087728514157371,-1412.1967531229725,0
Candidate A: Equal-Weight Baseline Control,infy_ns,2008-02-21,2008-03-07,-12.14803041951145,-2794.411708352494,0
Candidate A: Equal-Weight Baseline Control,hdfcbank_ns,2008-02-25,2008-03-10,-7.800656876500456,-1816.8921637300152,0
Candidate A: Equal-Weight Baseline Control,tcs_ns,2008-03-07,2008-03-24,-2.7018686466346233,-621.1668836384013,0
Candidate A: Equal-Weight Baseline Control,icicibank_ns,2008-03-07,2008-03-24,-10.253089485637451,-2300.1712985940662,0
Candidate A: Equal-Weight Baseline Control,hdfcbank_ns,2008-03-10,2008-03-24,2.2668041799892635,504.1842652634572,1
Candidate A: Equal-Weight Baseline Control,infy_ns,2008-03-11,2008-03-25,4.571383204250975,813.4163515028997,1
Candidate A: Equal-Weight Baseline Control,tcs_ns,2008-03-24,2008-04-07,9.705950249642454,1815.8617678508972,1
Candidate A: Equal-Weight Baseline Control,icicibank_ns,2008-03-24,2008-04-07,1.0838207363054668,205.85821018890206,1
Candidate A: Equal-Weight Baseline Control,hdfcbank_ns,2008-03-24,2008-04-07,-2.9176362101894457,-576.0654557743304,0
Candidate A: Equal-Weight Baseline Control,infy_ns,2008-03-26,2008-04-09,-1.3531192933451774,-264.08581626285076,0
Candidate A: Equal-Weight Baseline Control,reliance_ns,2008-04-02,2008-04-16,12.699914120620793,1982.895198380226,1
Candidate A: Equal-Weight Baseline Control,tcs_ns,2008-04-07,2008-04-21,9.822293022225278,1630.0767922621967,1
Candidate A: Equal-Weight Baseline Control,hdfcbank_ns,2008-04-07,2008-04-21,12.016237188833196,2517.4145538004777,1
Candidate A: Equal-Weight Baseline Control,infy_ns,2008-04-09,2008-04-23,11.296059362820909,2328.18921134867,1
Candidate A: Equal-Weight Baseline Control,tcs_ns,2008-04-21,2008-05-05,-6.6854978438628105,-1581.3159633878645,0
Candidate A: Equal-Weight Baseline Control,infy_ns,2008-04-23,2008-05-07,11.849752966776459,3342.0581838851913,1
Candidate A: Equal-Weight Baseline Control,hdfcbank_ns,2008-04-24,2008-05-08,4.505472723670682,1016.5647861610253,1
Candidate A: Equal-Weight Baseline Control,tcs_ns,2008-05-05,2008-05-20,3.0375667712886476,682.3782305735133,1
Candidate A: Equal-Weight Baseline Control,infy_ns,2008-05-07,2008-05-21,1.3862578775778056,336.59506061228933,1
Candidate A: Equal-Weight Baseline Control,hdfcbank_ns,2008-05-08,2008-05-22,-8.306555942702989,-2005.2493578379635,0
Candidate A: Equal-Weight Baseline Control,tcs_ns,2008-05-20,2008-06-03,1.9414783275715615,464.82587839834497,1
Candidate A: Equal-Weight Baseline Control,infy_ns,2008-05-22,2008-06-05,6.165870624007132,1484.554764733334,1
Candidate A: Equal-Weight Baseline Control,reliance_ns,2008-05-22,2008-06-05,-14.484623468124234,-2789.9666530463005,0
Candidate A: Equal-Weight Baseline Control,icicibank_ns,2008-05-23,2008-06-06,-10.792256072261011,-2140.786764889117,0
Candidate A: Equal-Weight Baseline Control,hdfcbank_ns,2008-05-23,2008-06-06,-10.833597041263786,-1719.1898343991406,0
Candidate A: Equal-Weight Baseline Control,tcs_ns,2008-06-03,2008-06-17,-5.5694698513312195,-978.9224550957069,0
Candidate A: Equal-Weight Baseline Control,hdfcbank_ns,2008-06-06,2008-06-20,-10.933439893316619,-3152.873144124556,0
Candidate A: Equal-Weight Baseline Control,reliance_ns,2008-06-09,2008-06-23,-6.381505270205076,-1472.186377340795,0
Candidate A: Equal-Weight Baseline Control,tcs_ns,2008-06-17,2008-07-01,-8.03471470453068,-1749.574786528316,0
Candidate A: Equal-Weight Baseline Control,hdfcbank_ns,2008-06-20,2008-07-04,-8.96427356421842,-2022.069032256639,0
Candidate A: Equal-Weight Baseline Control,icicibank_ns,2008-06-24,2008-07-08,-15.515494535732884,-3470.0495407257,0
Candidate A: Equal-Weight Baseline Control,infy_ns,2008-06-25,2008-07-09,4.250125913946213,760.4345419606085,1
Candidate A: Equal-Weight Baseline Control,tcs_ns,2008-07-01,2008-07-15,-11.49289977612763,-2105.356947861254,0
Candidate A: Equal-Weight Baseline Control,hdfcbank_ns,2008-07-04,2008-07-18,3.3672630326656767,631.7655844867945,1
Candidate A: Equal-Weight Baseline Control,icicibank_ns,2008-07-09,2008-07-23,18.759964253273274,4224.573432163703,1
Candidate A: Equal-Weight Baseline Control,infy_ns,2008-07-11,2008-07-25,-7.5722502330426655,-1364.1615399400714,0
Candidate A: Equal-Weight Baseline Control,tcs_ns,2008-07-15,2008-07-29,7.712717099031193,1361.672434829899,1
Candidate A: Equal-Weight Baseline Control,reliance_ns,2008-07-15,2008-07-29,5.292733338428595,747.541391632137,1
Candidate A: Equal-Weight Baseline Control,hdfcbank_ns,2008-07-18,2008-08-01,7.0803190893873005,1074.6428188803561,1
Candidate A: Equal-Weight Baseline Control,tcs_ns,2008-07-29,2008-08-12,1.2226172994280826,301.06436235810617,1
Candidate A: Equal-Weight Baseline Control,icicibank_ns,2008-07-29,2008-08-12,21.816635050983745,4946.694087041032,1
Candidate A: Equal-Weight Baseline Control,infy_ns,2008-08-01,2008-08-18,3.9066669513447643,708.6367357053759,1
Candidate A: Equal-Weight Baseline Control,hdfcbank_ns,2008-08-01,2008-08-18,8.539947548343708,1516.8515928800284,1
Candidate A: Equal-Weight Baseline Control,reliance_ns,2008-08-05,2008-08-19,-2.528930725418081,-359.3476496119832,0
Candidate A: Equal-Weight Baseline Control,tcs_ns,2008-08-12,2008-08-26,1.7556256086752844,287.09226908174793,1
Candidate A: Equal-Weight Baseline Control,infy_ns,2008-08-18,2008-09-01,1.0613092074328705,237.47699596709077,1
Candidate A: Equal-Weight Baseline Control,hdfcbank_ns,2008-08-18,2008-09-01,7.818605966299826,1701.0488130226775,1
Candidate A: Equal-Weight Baseline Control,icicibank_ns,2008-08-21,2008-09-04,11.277257054834394,2275.204774851654,1
Candidate A: Equal-Weight Baseline Control,reliance_ns,2008-08-25,2008-09-08,-4.474309351204203,-722.1592946245172,0
Candidate A: Equal-Weight Baseline Control,tcs_ns,2008-08-26,2008-09-09,3.634985966048484,590.323990955862,1
Candidate A: Equal-Weight Baseline Control,infy_ns,2008-09-01,2008-09-15,-8.468583258354268,-1483.2483160134095,0
Candidate A: Equal-Weight Baseline Control,hdfcbank_ns,2008-09-01,2008-09-15,-7.355908000186637,-1375.795099140468,0
Candidate A: Equal-Weight Baseline Control,reliance_ns,2008-09-08,2008-09-22,-4.459013129451242,-1004.8957074452054,0
Candidate A: Equal-Weight Baseline Control,tcs_ns,2008-09-15,2008-09-29,-18.526160939906127,-3963.6909755561824,0
Candidate A: Equal-Weight Baseline Control,hdfcbank_ns,2008-09-15,2008-09-29,-0.3033157626059993,-72.15235706921976,0
Candidate A: Equal-Weight Baseline Control,icicibank_ns,2008-09-23,2008-10-07,-19.08412188683312,-4453.579916323349,0
Candidate A: Equal-Weight Baseline Control,tcs_ns,2008-09-29,2008-10-13,-7.651040226105721,-1695.1292812797674,0
Candidate A: Equal-Weight Baseline Control,infy_ns,2008-09-29,2008-10-13,-5.412278215868807,-959.2955740421236,0
Candidate A: Equal-Weight Baseline Control,hdfcbank_ns,2008-09-29,2008-10-13,-2.323202209362249,-439.6123291850586,0
Candidate A: Equal-Weight Baseline Control,icicibank_ns,2008-10-07,2008-10-21,-11.177308663914669,-2114.1599570852404,0
Candidate A: Equal-Weight Baseline Control,reliance_ns,2008-10-10,2008-10-24,-33.29469488640584,-5038.086561174516,0
Candidate A: Equal-Weight Baseline Control,hdfcbank_ns,2008-10-13,2008-10-27,-20.56315748447797,-4780.351065483985,0
Candidate A: Equal-Weight Baseline Control,tcs_ns,2008-10-14,2008-10-29,-8.802163545381497,-1637.002757557665,0
Candidate A: Equal-Weight Baseline Control,icicibank_ns,2008-10-23,2008-11-06,18.420815960669362,3359.644282827973,1
Candidate A: Equal-Weight Baseline Control,reliance_ns,2008-10-24,2008-11-07,19.680199482142626,3268.760153783228,1
Candidate A: Equal-Weight Baseline Control,hdfcbank_ns,2008-10-27,2008-11-10,18.003819300297067,3057.20531616447,1
Candidate A: Equal-Weight Baseline Control,tcs_ns,2008-10-29,2008-11-12,-1.1404240995423829,-193.60800343386333,0
Candidate A: Equal-Weight Baseline Control,infy_ns,2008-10-29,2008-11-12,-3.4906083675277144,-474.07606842244707,0
Candidate A: Equal-Weight Baseline Control,hdfcbank_ns,2008-11-10,2008-11-24,-24.712865549162874,-5725.479917542978,0
Candidate A: Equal-Weight Baseline Control,tcs_ns,2008-11-12,2008-11-26,-1.4420895234739446,-315.6886446214698,0
Candidate A: Equal-Weight Baseline Control,reliance_ns,2008-11-12,2008-11-26,-2.0538163606132755,-413.5220705897986,0
Candidate A: Equal-Weight Baseline Control,icicibank_ns,2008-11-20,2008-12-04,12.55003380299681,2021.4917219327401,1
Candidate A: Equal-Weight Baseline Control,hdfcbank_ns,2008-11-24,2008-12-08,8.256059686137524,1351.8864233966906,1
Candidate A: Equal-Weight Baseline Control,tcs_ns,2008-11-26,2008-12-10,2.5271495466017786,440.0943416161259,1
Candidate A: Equal-Weight Baseline Control,reliance_ns,2008-11-26,2008-12-10,7.699220418624518,1376.30368221343,1
Candidate A: Equal-Weight Baseline Control,infy_ns,2008-12-02,2008-12-16,-6.960924275389662,-995.461378261379,0
Candidate A: Equal-Weight Baseline Control,icicibank_ns,2008-12-04,2008-12-18,29.60550172267647,4460.470267574667,1
Candidate A: Equal-Weight Baseline Control,hdfcbank_ns,2008-12-08,2008-12-22,13.361993335579669,2084.2514258699257,1
Candidate A: Equal-Weight Baseline Control,tcs_ns,2008-12-10,2008-12-24,-11.66972928896777,-1872.948982448455,0
Candidate A: Equal-Weight Baseline Control,reliance_ns,2008-12-10,2008-12-24,1.1553926570851363,192.83671718855277,1
Candidate A: Equal-Weight Baseline Control,infy_ns,2008-12-16,2008-12-30,0.22546456824683037,36.10401472136168,1
Candidate A: Equal-Weight Baseline Control,hdfcbank_ns,2008-12-22,2009-01-05,2.462248624180814,498.6649186590792,1
Candidate A: Equal-Weight Baseline Control,tcs_ns,2008-12-24,2009-01-07,5.520776793798884,1051.0053382702445,1
Candidate A: Equal-Weight Baseline Control,infy_ns,2008-12-30,2009-01-13,8.833755016500975,1927.1957243922498,1
Candidate A: Equal-Weight Baseline Control,hdfcbank_ns,2009-01-05,2009-01-19,-9.910025561868608,-2140.885790759393,0
Candidate A: Equal-Weight Baseline Control,tcs_ns,2009-01-07,2009-01-21,-2.524990154937167,-537.8289893043691,0
Candidate A: Equal-Weight Baseline Control,reliance_ns,2009-01-09,2009-01-23,0.20133035211839095,34.30708023455924,1
Candidate A: Equal-Weight Baseline Control,icicibank_ns,2009-01-12,2009-01-27,-13.034368707246157,-1776.8652499385332,0
Candidate A: Equal-Weight Baseline Control,hdfcbank_ns,2009-01-19,2009-02-02,-5.615166115046827,-1097.5900900538218,0
Candidate A: Equal-Weight Baseline Control,tcs_ns,2009-01-21,2009-02-04,1.2392202433149269,245.24157208363516,1
Candidate A: Equal-Weight Baseline Control,reliance_ns,2009-01-23,2009-02-06,16.263259736645495,3130.172137859046,1
Candidate A: Equal-Weight Baseline Control,infy_ns,2009-01-27,2009-02-10,4.44420173316254,684.2965882823493,1
Candidate A: Equal-Weight Baseline Control,icicibank_ns,2009-01-27,2009-02-10,12.43391963508872,1826.4270445027114,1
Candidate A: Equal-Weight Baseline Control,hdfcbank_ns,2009-02-02,2009-02-16,2.7898011944848244,430.77639234948316,1
Candidate A: Equal-Weight Baseline Control,tcs_ns,2009-02-04,2009-02-18,-3.6378961432916745,-595.1575516148761,0
Candidate A: Equal-Weight Baseline Control,reliance_ns,2009-02-06,2009-02-20,-6.846614367569279,-1202.4957557343278,0
Candidate A: Equal-Weight Baseline Control,infy_ns,2009-02-10,2009-02-24,-9.434633774608239,-1629.0831938198442,0
Candidate A: Equal-Weight Baseline Control,hdfcbank_ns,2009-02-16,2009-03-02,-7.513848897997175,-1524.6440663579099,0
Candidate A: Equal-Weight Baseline Control,icicibank_ns,2009-02-17,2009-03-03,-23.39844766845647,-3798.245600515842,0
Candidate A: Equal-Weight Baseline Control,tcs_ns,2009-02-18,2009-03-04,-4.249669724581952,-685.8657823942598,0
Candidate A: Equal-Weight Baseline Control,reliance_ns,2009-02-20,2009-03-06,-6.708550303496909,-1085.6843839624353,0
Candidate A: Equal-Weight Baseline Control,infy_ns,2009-03-02,2009-03-16,5.586817378093414,898.0511272292817,1
Candidate A: Equal-Weight Baseline Control,hdfcbank_ns,2009-03-02,2009-03-16,-0.1504571186437161,-24.995243826228684,0
Candidate A: Equal-Weight Baseline Control,icicibank_ns,2009-03-03,2009-03-17,9.349900479436227,1475.1548463777524,1
Candidate A: Equal-Weight Baseline Control,tcs_ns,2009-03-04,2009-03-18,9.629232934971418,1512.9895135576135,1
Candidate A: Equal-Weight Baseline Control,reliance_ns,2009-03-06,2009-03-20,14.414084640287964,2247.091020090841,1
Candidate A: Equal-Weight Baseline Control,infy_ns,2009-03-16,2009-03-30,0.9977752359365584,158.30845727741735,1
Candidate A: Equal-Weight Baseline Control,hdfcbank_ns,2009-03-16,2009-03-30,11.857403524304342,1898.4284113700612,1
Candidate A: Equal-Weight Baseline Control,tcs_ns,2009-03-18,2009-04-01,7.735871835232261,1524.272954779895,1
Candidate A: Equal-Weight Baseline Control,reliance_ns,2009-03-20,2009-04-06,24.75837826119985,4785.917048703913,1
Candidate A: Equal-Weight Baseline Control,icicibank_ns,2009-03-26,2009-04-09,6.012819762631548,929.8462543602012,1
Candidate A: Equal-Weight Baseline Control,infy_ns,2009-03-31,2009-04-15,3.4756892767977243,665.8791886427509,1
Candidate A: Equal-Weight Baseline Control,tcs_ns,2009-04-06,2009-04-20,-3.180168023348699,-622.4288140586207,0
Candidate A: Equal-Weight Baseline Control,hdfcbank_ns,2009-04-06,2009-04-20,0.22707622734025393,46.50757656458941,1
Candidate A: Equal-Weight Baseline Control,infy_ns,2009-04-15,2009-04-29,10.060951544604515,2377.2515068486796,1
Candidate A: Equal-Weight Baseline Control,tcs_ns,2009-04-20,2009-05-04,18.643889461357706,4230.811342638172,1
Candidate A: Equal-Weight Baseline Control,hdfcbank_ns,2009-04-28,2009-05-12,11.461712460829819,2551.343993221198,1
Candidate A: Equal-Weight Baseline Control,infy_ns,2009-04-29,2009-05-13,4.23475078325586,974.3703232350625,1
Candidate A: Equal-Weight Baseline Control,tcs_ns,2009-05-05,2009-05-19,2.8287442396313365,673.0104892785322,1
Candidate A: Equal-Weight Baseline Control,hdfcbank_ns,2009-05-12,2009-05-26,11.71522418152355,2811.14865711242,1
Candidate A: Equal-Weight Baseline Control,infy_ns,2009-05-13,2009-05-27,0.8517423454283992,204.36031344614884,1
Candidate A: Equal-Weight Baseline Control,tcs_ns,2009-05-19,2009-06-02,3.680869727510265,886.6308904546413,1
Candidate A: Equal-Weight Baseline Control,infy_ns,2009-05-27,2009-06-10,13.836578472535813,4077.7657761004093,1
Candidate A: Equal-Weight Baseline Control,tcs_ns,2009-06-02,2009-06-16,11.969893889754916,3419.985754633879,1
Candidate A: Equal-Weight Baseline Control,infy_ns,2009-06-11,2009-06-25,0.4152302823620715,122.77107820118286,1
Candidate A: Equal-Weight Baseline Control,tcs_ns,2009-06-23,2009-07-07,6.0835743554789765,1828.2295769549637,1
Candidate A: Equal-Weight Baseline Control,infy_ns,2009-06-25,2009-07-09,-4.6835713106518435,-1404.1098549490907,0
Candidate A: Equal-Weight Baseline Control,reliance_ns,2009-08-12,2009-08-26,2.4328084274398205,877.6276989619081,1
Candidate A: Equal-Weight Baseline Control,tcs_ns,2009-08-18,2009-09-01,3.495444253708334,1008.7760836836558,1
Candidate A: Equal-Weight Baseline Control,reliance_ns,2009-08-26,2009-09-09,6.235612907371752,1900.505774797031,1
Candidate A: Equal-Weight Baseline Control,reliance_ns,2009-09-09,2009-09-23,-3.126697918268722,-1151.6271122260346,0
Candidate A: Equal-Weight Baseline Control,reliance_ns,2009-09-24,2009-10-08,0.8396285523320085,307.31857628518003,1
Candidate A: Equal-Weight Baseline Control,tcs_ns,2009-10-07,2009-10-21,6.89261023333749,2018.2516737094898,1
Candidate A: Equal-Weight Baseline Control,reliance_ns,2009-10-08,2009-10-22,0.6832460110712405,210.48703133874636,1
Candidate A: Equal-Weight Baseline Control,reliance_ns,2009-10-22,2009-11-05,-9.133597918202744,-3389.3815103834927,0
Candidate A: Equal-Weight Baseline Control,tcs_ns,2009-11-09,2009-11-23,11.401513544463192,4153.692835520451,1
Candidate A: Equal-Weight Baseline Control,reliance_ns,2009-11-11,2009-11-25,3.765497446305214,1097.4486644351862,1
Candidate A: Equal-Weight Baseline Control,reliance_ns,2009-12-04,2009-12-18,-7.465440869585003,-2798.1438049363232,0
Candidate A: Equal-Weight Baseline Control,reliance_ns,2009-12-18,2010-01-04,6.680122370764888,2466.4123872660057,1
Candidate A: Equal-Weight Baseline Control,reliance_ns,2010-01-04,2010-01-18,2.180409161212005,815.7989372197213,1
Candidate A: Equal-Weight Baseline Control,tcs_ns,2010-01-07,2010-01-21,7.819803062522586,2340.620151908514,1
Candidate A: Equal-Weight Baseline Control,reliance_ns,2010-01-19,2010-02-02,-5.365315360183647,-1694.9951624740959,0
Candidate A: Equal-Weight Baseline Control,reliance_ns,2010-02-02,2010-02-16,-0.979156000499825,-369.2126249697333,0
Candidate A: Equal-Weight Baseline Control,reliance_ns,2010-02-18,2010-03-04,1.572760631063317,591.8831341499392,1
Candidate A: Equal-Weight Baseline Control,reliance_ns,2010-03-04,2010-03-18,6.154983524524079,2323.614985163668,1
Candidate A: Equal-Weight Baseline Control,tcs_ns,2010-03-09,2010-03-23,7.744983250864015,2339.094370582027,1
Candidate A: Equal-Weight Baseline Control,reliance_ns,2010-04-07,2010-04-21,-6.738694604177366,-2606.8173755484586,0
Candidate A: Equal-Weight Baseline Control,reliance_ns,2010-04-21,2010-05-05,-3.221734780507316,-1229.5088568754666,0
Candidate A: Equal-Weight Baseline Control,reliance_ns,2010-05-05,2010-05-19,-2.204408803191519,-835.8466282666793,0
Candidate A: Equal-Weight Baseline Control,infy_ns,2010-05-07,2010-05-21,-1.3906403232207736,-421.83174867126775,0
Candidate A: Equal-Weight Baseline Control,icicibank_ns,2010-05-10,2010-05-24,-9.805447294757782,-2379.4788111835696,0
Candidate A: Equal-Weight Baseline Control,reliance_ns,2010-05-19,2010-06-02,1.191053407426797,319.55683156589663,1
Candidate A: Equal-Weight Baseline Control,icicibank_ns,2010-05-28,2010-06-11,-2.217170944306732,-705.5849049983798,0
Candidate A: Equal-Weight Baseline Control,reliance_ns,2010-06-02,2010-06-16,4.586422271257664,1416.6903906542364,1
Candidate A: Equal-Weight Baseline Control,reliance_ns,2010-06-16,2010-06-30,2.9637600787656004,1108.3201251526737,1
Candidate A: Equal-Weight Baseline Control,icicibank_ns,2010-06-16,2010-06-30,-1.765705481574962,-528.2389581647908,0
Candidate A: Equal-Weight Baseline Control,hdfcbank_ns,2010-06-23,2010-07-07,-3.1228864391868454,-747.4090311512593,0
Candidate A: Equal-Weight Baseline Control,reliance_ns,2010-06-30,2010-07-14,-1.8291757610777968,-491.08674774788943,0
Candidate A: Equal-Weight Baseline Control,icicibank_ns,2010-06-30,2010-07-14,3.377552513200615,923.9503661797249,1
Candidate A: Equal-Weight Baseline Control,tcs_ns,2010-07-01,2010-07-15,6.790836830347613,1486.1403105459315,1
Candidate A: Equal-Weight Baseline Control,reliance_ns,2010-07-14,2010-07-28,-4.643899732959969,-1273.1733313163604,0
Candidate A: Equal-Weight Baseline Control,icicibank_ns,2010-07-14,2010-07-28,1.923765281698516,530.7426857216037,1
Candidate A: Equal-Weight Baseline Control,infy_ns,2010-07-15,2010-07-29,2.6139015503583813,699.0911702805627,1
Candidate A: Equal-Weight Baseline Control,icicibank_ns,2010-07-28,2010-08-11,6.878370249076459,2218.1759324613577,1
Candidate A: Equal-Weight Baseline Control,infy_ns,2010-07-29,2010-08-12,-2.182598989778348,-682.8849677871586,0
Candidate A: Equal-Weight Baseline Control,reliance_ns,2010-08-02,2010-08-16,-3.7591489250968135,-940.9209129644344,0
Candidate A: Equal-Weight Baseline Control,tcs_ns,2010-08-12,2010-08-26,2.649450755117402,713.1652501662708,1
Candidate A: Equal-Weight Baseline Control,infy_ns,2010-08-12,2010-08-26,-0.30413942827577645,-84.10958448663257,0
Candidate A: Equal-Weight Baseline Control,icicibank_ns,2010-08-17,2010-08-31,1.909599809345501,514.4805906495317,1
Candidate A: Equal-Weight Baseline Control,reliance_ns,2010-08-19,2010-09-02,-4.115710960126507,-887.0773427378484,0
Candidate A: Equal-Weight Baseline Control,infy_ns,2010-08-26,2010-09-09,4.6246850531536525,1308.001878879759,1
Candidate A: Equal-Weight Baseline Control,icicibank_ns,2010-09-06,2010-09-20,8.4406323037811,2722.1855683091794,1
Candidate A: Equal-Weight Baseline Control,reliance_ns,2010-09-07,2010-09-21,7.516618244805216,1939.3456766817965,1
Candidate A: Equal-Weight Baseline Control,infy_ns,2010-09-09,2010-09-23,4.365749650866256,1159.4919850382707,1
Candidate A: Equal-Weight Baseline Control,icicibank_ns,2010-09-20,2010-10-04,2.46702892551559,696.730755006561,1
Candidate A: Equal-Weight Baseline Control,reliance_ns,2010-09-21,2010-10-05,-1.1410845458135037,-321.11692615484077,0
Candidate A: Equal-Weight Baseline Control,tcs_ns,2010-09-22,2010-10-06,2.5576262391719293,575.8010336317964,1
Candidate A: Equal-Weight Baseline Control,infy_ns,2010-09-23,2010-10-07,0.9601152797033193,226.14696172910175,1
Candidate A: Equal-Weight Baseline Control,icicibank_ns,2010-10-04,2010-10-18,-3.5080327553270436,-864.0636283611468,0
Candidate A: Equal-Weight Baseline Control,reliance_ns,2010-10-05,2010-10-19,1.9561278769777237,494.2911019385396,1
Candidate A: Equal-Weight Baseline Control,infy_ns,2010-10-07,2010-10-21,-0.6719358530082241,-198.8185819301505,0
Candidate A: Equal-Weight Baseline Control,icicibank_ns,2010-10-18,2010-11-01,10.324243947409993,2934.6174160575774,1
Candidate A: Equal-Weight Baseline Control,tcs_ns,2010-10-19,2010-11-02,8.388036806643148,1907.4077694944215,1
Candidate A: Equal-Weight Baseline Control,reliance_ns,2010-10-19,2010-11-02,2.8640918016474703,668.6029206904864,1
Candidate A: Equal-Weight Baseline Control,infy_ns,2010-10-21,2010-11-04,1.3564691091644796,333.0603917368884,1
Candidate A: Equal-Weight Baseline Control,reliance_ns,2010-11-02,2010-11-16,-4.174094437908217,-1487.922972152468,0
Candidate A: Equal-Weight Baseline Control,icicibank_ns,2010-11-04,2010-11-18,-8.07489168781405,-2704.652079841429,0
Candidate A: Equal-Weight Baseline Control,infy_ns,2010-11-08,2010-11-22,0.8713219836015597,233.47659944129632,1
Candidate A: Equal-Weight Baseline Control,reliance_ns,2010-11-16,2010-11-30,-4.404928536864859,-1245.1973472648406,0
Candidate A: Equal-Weight Baseline Control,icicibank_ns,2010-11-18,2010-12-02,2.2461698804726664,646.2816716407659,1
Candidate A: Equal-Weight Baseline Control,tcs_ns,2010-11-19,2010-12-03,8.016670694001087,1845.2842350543162,1
Candidate A: Equal-Weight Baseline Control,infy_ns,2010-11-22,2010-12-06,3.2239791304961614,767.9614927635845,1
Candidate A: Equal-Weight Baseline Control,reliance_ns,2010-11-30,2010-12-14,7.013229668122819,1715.4959742383269,1
Candidate A: Equal-Weight Baseline Control,icicibank_ns,2010-12-02,2010-12-16,-7.2159549639936,-1836.6382295136264,0
Candidate A: Equal-Weight Baseline Control,infy_ns,2010-12-06,2010-12-20,6.517626780473658,1971.7317768990658,1
Candidate A: Equal-Weight Baseline Control,reliance_ns,2010-12-14,2010-12-28,-0.7461682608708854,-219.6503528919724,0
Candidate A: Equal-Weight Baseline Control,icicibank_ns,2010-12-16,2010-12-30,2.761162141864787,780.6592535112555,1
Candidate A: Equal-Weight Baseline Control,infy_ns,2010-12-21,2011-01-04,4.519312944245373,1313.45182177916,1
Candidate A: Equal-Weight Baseline Control,reliance_ns,2010-12-28,2011-01-11,-3.307271848179289,-962.2163643223819,0
Candidate A: Equal-Weight Baseline Control,icicibank_ns,2010-12-30,2011-01-13,-9.79574941583641,-2849.1789794818974,0
Candidate A: Equal-Weight Baseline Control,infy_ns,2011-01-04,2011-01-18,-4.598987589006719,-1349.527099526909,0
Candidate A: Equal-Weight Baseline Control,tcs_ns,2011-01-11,2011-01-25,8.143447774575415,1911.6909089541912,1
Candidate A: Equal-Weight Baseline Control,icicibank_ns,2011-01-13,2011-01-27,-1.184908497794313,-351.3709841910323,0
Candidate A: Equal-Weight Baseline Control,reliance_ns,2011-01-20,2011-02-03,-2.724333128200073,-798.828280760069,0
Candidate A: Equal-Weight Baseline Control,hdfcbank_ns,2011-01-24,2011-02-07,-5.155426123663231,-1209.338210315666,0
Candidate A: Equal-Weight Baseline Control,icicibank_ns,2011-01-27,2011-02-10,-5.4202108346862055,-1610.016097725232,0
Candidate A: Equal-Weight Baseline Control,tcs_ns,2011-01-31,2011-02-14,-4.11868056889082,-978.7282774857205,0
Candidate A: Equal-Weight Baseline Control,reliance_ns,2011-02-03,2011-02-17,1.014204080261527,250.6620603044741,1
Candidate A: Equal-Weight Baseline Control,hdfcbank_ns,2011-02-10,2011-02-24,2.094422603762373,624.9872852804976,1
Candidate A: Equal-Weight Baseline Control,icicibank_ns,2011-02-14,2011-02-28,-6.1769780570795545,-1756.0732812059823,0
Candidate A: Equal-Weight Baseline Control,infy_ns,2011-02-17,2011-03-03,-2.851046212748432,-648.4265971387498,0
Candidate A: Equal-Weight Baseline Control,reliance_ns,2011-02-17,2011-03-03,2.40696381511204,558.1251232333086,1
Candidate A: Equal-Weight Baseline Control,icicibank_ns,2011-03-01,2011-03-15,-2.9329871188876906,-879.2539299177593,0
Candidate A: Equal-Weight Baseline Control,reliance_ns,2011-03-03,2011-03-17,5.4158571798450055,1795.3946502007195,1
Candidate A: Equal-Weight Baseline Control,tcs_ns,2011-03-11,2011-03-25,3.903268062563286,1035.1685969719028,1
Candidate A: Equal-Weight Baseline Control,icicibank_ns,2011-03-16,2011-03-30,7.89287923820203,2133.936117445562,1
Candidate A: Equal-Weight Baseline Control,reliance_ns,2011-03-18,2011-04-01,4.318412011134503,1235.8515466153412,1
Candidate A: Equal-Weight Baseline Control,hdfcbank_ns,2011-03-22,2011-04-05,11.291692402930174,2585.1827910972925,1
Candidate A: Equal-Weight Baseline Control,icicibank_ns,2011-03-30,2011-04-13,1.5495999926450736,459.62408691554776,1
Candidate A: Equal-Weight Baseline Control,infy_ns,2011-04-05,2011-04-19,-12.102142005408608,-3594.271593143693,0
Candidate A: Equal-Weight Baseline Control,hdfcbank_ns,2011-04-07,2011-04-21,2.322736466674313,670.2377032190768,1
Candidate A: Equal-Weight Baseline Control,icicibank_ns,2011-04-13,2011-04-27,-1.8239736995271143,-530.931488475468,0
Candidate A: Equal-Weight Baseline Control,tcs_ns,2011-04-25,2011-05-09,-5.248378600289602,-1806.1242764238214,0
Candidate A: Equal-Weight Baseline Control,icicibank_ns,2011-04-27,2011-05-11,-2.7725810766116945,-921.7698375179833,0
Candidate A: Equal-Weight Baseline Control,icicibank_ns,2011-05-11,2011-05-25,-6.35779845553622,-2516.602990618501,0
Candidate A: Equal-Weight Baseline Control,reliance_ns,2011-05-17,2011-05-31,3.337220493730663,1056.7757545145528,1
Candidate A: Equal-Weight Baseline Control,hdfcbank_ns,2011-05-25,2011-06-08,4.405022741838011,1442.4837962740485,1
Candidate A: Equal-Weight Baseline Control,infy_ns,2011-05-26,2011-06-09,3.0080207344767738,788.0133970030105,1
Candidate A: Equal-Weight Baseline Control,icicibank_ns,2011-05-27,2011-06-10,-3.0677271054827164,-642.923775029135,0
Candidate A: Equal-Weight Baseline Control,reliance_ns,2011-06-01,2011-06-15,-4.9324277532124015,-1149.7859551069516,0
Candidate A: Equal-Weight Baseline Control,hdfcbank_ns,2011-06-08,2011-06-22,-1.4313235170452066,-364.79234934500954,0
Candidate A: Equal-Weight Baseline Control,icicibank_ns,2011-06-10,2011-06-24,2.6709097317369723,797.2413700730172,1
Candidate A: Equal-Weight Baseline Control,infy_ns,2011-06-16,2011-06-30,3.881536816515459,1098.9189155377744,1
Candidate A: Equal-Weight Baseline Control,tcs_ns,2011-06-17,2011-07-01,7.402103033203082,1676.513488850275,1
Candidate A: Equal-Weight Baseline Control,reliance_ns,2011-06-17,2011-07-01,-0.83234318376954,-150.81493123592753,0
Candidate A: Equal-Weight Baseline Control,hdfcbank_ns,2011-06-22,2011-07-06,9.528879795207569,1860.0155454676485,1
Candidate A: Equal-Weight Baseline Control,icicibank_ns,2011-06-24,2011-07-08,-0.41632378713584023,-90.52992701797442,0
Candidate A: Equal-Weight Baseline Control,reliance_ns,2011-07-01,2011-07-15,1.2545290492170342,398.1494699113835,1
Candidate A: Equal-Weight Baseline Control,tcs_ns,2011-07-04,2011-07-18,-5.162556286492662,-1310.7510265386525,0
Candidate A: Equal-Weight Baseline Control,icicibank_ns,2011-07-08,2011-07-22,0.6900502043939353,199.55234496980628,1
Candidate A: Equal-Weight Baseline Control,hdfcbank_ns,2011-07-11,2011-07-25,0.015334063122975798,3.5475079750666847,1
Candidate A: Equal-Weight Baseline Control,reliance_ns,2011-07-15,2011-07-29,-5.229495308774031,-1303.9683624409033,0
Candidate A: Equal-Weight Baseline Control,icicibank_ns,2011-07-22,2011-08-05,-9.553229156967415,-2922.073317224057,0
Candidate A: Equal-Weight Baseline Control,infy_ns,2011-07-28,2011-08-11,-11.330750935394631,-3296.965328332644,0
Candidate A: Equal-Weight Baseline Control,reliance_ns,2011-07-29,2011-08-12,-8.14426863322676,-2280.735874941778,0
Candidate A: Equal-Weight Baseline Control,infy_ns,2011-08-18,2011-09-02,-1.531784756980476,-585.7726394105766,0
Candidate A: Equal-Weight Baseline Control,reliance_ns,2011-08-22,2011-09-05,4.155297537967421,1271.2280078564438,1
Candidate A: Equal-Weight Baseline Control,infy_ns,2011-09-05,2011-09-19,4.254490997375469,1361.6685928564661,1
Candidate A: Equal-Weight Baseline Control,reliance_ns,2011-09-05,2011-09-19,4.0932023870068575,1308.8910110356042,1
Candidate A: Equal-Weight Baseline Control,infy_ns,2011-10-31,2011-11-14,-2.437990611248769,-948.6803606525929,0
Candidate A: Equal-Weight Baseline Control,reliance_ns,2011-11-01,2011-11-15,0.04871609915362489,15.165277930574447,1
Candidate A: Equal-Weight Baseline Control,reliance_ns,2011-11-17,2011-12-01,-1.4012619920043827,-542.648301712745,0
Candidate A: Equal-Weight Baseline Control,reliance_ns,2011-12-01,2011-12-15,-6.1608366854337495,-2379.1398583711525,0
Candidate A: Equal-Weight Baseline Control,reliance_ns,2011-12-15,2011-12-29,-5.146427896714654,-1962.9158995924702,0
Candidate A: Equal-Weight Baseline Control,reliance_ns,2011-12-30,2012-01-13,5.553665778575156,2096.4390745943506,1
Candidate A: Equal-Weight Baseline Control,infy_ns,2012-01-09,2012-01-23,-8.374615146401316,-2529.0496227318577,0
Candidate A: Equal-Weight Baseline Control,icicibank_ns,2012-01-11,2012-01-25,12.748825966137634,3080.0138691784055,1
Candidate A: Equal-Weight Baseline Control,reliance_ns,2012-01-16,2012-01-30,11.417709331276962,3116.622868589042,1
Candidate A: Equal-Weight Baseline Control,icicibank_ns,2012-02-09,2012-02-23,0.3913634997765289,152.24646436924246,1
Candidate A: Equal-Weight Baseline Control,reliance_ns,2012-02-15,2012-02-29,-1.9494797889219613,-606.7022711972704,0
Candidate A: Equal-Weight Baseline Control,infy_ns,2012-02-16,2012-03-01,-1.8470023438406808,-459.84801618671423,0
Candidate A: Equal-Weight Baseline Control,icicibank_ns,2012-02-24,2012-03-09,-1.9220857189982021,-532.9626999542228,0
Candidate A: Equal-Weight Baseline Control,reliance_ns,2012-03-06,2012-03-20,-2.1093665109866704,-699.7405315404139,0
Candidate A: Equal-Weight Baseline Control,icicibank_ns,2012-03-12,2012-03-26,-6.123709091943919,-1958.208602816362,0
Candidate A: Equal-Weight Baseline Control,reliance_ns,2012-03-20,2012-04-03,-1.0816286041594037,-346.9502142879548,0
Candidate A: Equal-Weight Baseline Control,infy_ns,2012-03-26,2012-04-09,-0.33246931025346643,-85.31601179408833,0
Candidate A: Equal-Weight Baseline Control,reliance_ns,2012-04-03,2012-04-17,-0.8865710566233715,-291.49438666913824,0
Candidate A: Equal-Weight Baseline Control,icicibank_ns,2012-04-03,2012-04-17,-2.5537048846211174,-671.7030821301383,0
Candidate A: Equal-Weight Baseline Control,infy_ns,2012-04-11,2012-04-25,-16.24678868968284,-4249.780728829146,0
Candidate A: Equal-Weight Baseline Control,hdfcbank_ns,2012-04-16,2012-04-30,2.355592260500236,492.93436554684024,1
Candidate A: Equal-Weight Baseline Control,reliance_ns,2012-04-17,2012-05-02,-0.4316399319190251,-100.39244617627612,0
Candidate A: Equal-Weight Baseline Control,infy_ns,2012-04-25,2012-05-09,0.6432870547130795,180.85729306720862,1
Candidate A: Equal-Weight Baseline Control,infy_ns,2012-05-09,2012-05-23,-0.8124310112503301,-301.1367917761306,0
Candidate A: Equal-Weight Baseline Control,reliance_ns,2012-05-09,2012-05-23,-1.2362907049384442,-366.5961652693255,0
Candidate A: Equal-Weight Baseline Control,reliance_ns,2012-05-24,2012-06-07,3.6803350140664874,1359.2430569327942,1
Candidate A: Equal-Weight Baseline Control,icicibank_ns,2012-06-05,2012-06-19,4.3351516564276755,1280.8670443812089,1
Candidate A: Equal-Weight Baseline Control,reliance_ns,2012-06-07,2012-06-21,-0.40337526040912264,-126.23719359096086,0
Candidate A: Equal-Weight Baseline Control,reliance_ns,2012-06-21,2012-07-05,2.731415121424152,1022.5152204895279,1
Candidate A: Equal-Weight Baseline Control,icicibank_ns,2012-06-29,2012-07-13,2.900162598553943,868.5491635909768,1
Candidate A: Equal-Weight Baseline Control,reliance_ns,2012-07-06,2012-07-20,-1.7093707268298741,-541.0194186991589,0
Candidate A: Equal-Weight Baseline Control,icicibank_ns,2012-07-13,2012-07-27,0.18744575976654984,59.014553165903024,1
Candidate A: Equal-Weight Baseline Control,hdfcbank_ns,2012-07-20,2012-08-03,0.9107340949772443,286.04943739019626,1
Candidate A: Equal-Weight Baseline Control,reliance_ns,2012-07-26,2012-08-09,9.8021451634887,2462.978491479917,1
Candidate A: Equal-Weight Baseline Control,icicibank_ns,2012-07-27,2012-08-10,2.803412816326361,740.3829187425769,1
Candidate A: Equal-Weight Baseline Control,icicibank_ns,2012-08-10,2012-08-24,-0.09187259931785423,-35.29291330407689,0
Candidate A: Equal-Weight Baseline Control,hdfcbank_ns,2012-08-10,2012-08-24,-1.021039004519328,-313.7861894331195,0
Candidate A: Equal-Weight Baseline Control,reliance_ns,2012-08-24,2012-09-07,1.1832396012287951,290.907002778595,1
Candidate A: Equal-Weight Baseline Control,icicibank_ns,2012-08-24,2012-09-07,-1.778069706977539,-486.20362168386487,0
Candidate A: Equal-Weight Baseline Control,hdfcbank_ns,2012-08-24,2012-09-07,-1.0389340127345765,-290.4778774329076,0
Candidate A: Equal-Weight Baseline Control,icicibank_ns,2012-09-10,2012-09-24,14.568612872850526,5572.215924110936,1
Candidate A: Equal-Weight Baseline Control,hdfcbank_ns,2012-09-10,2012-09-24,7.364031766569938,2253.281101418189,1
Candidate A: Equal-Weight Baseline Control,tcs_ns,2012-09-20,2012-10-04,-0.4166831012212202,-101.99892526530216,0
Candidate A: Equal-Weight Baseline Control,reliance_ns,2012-09-20,2012-10-04,2.399219425932023,469.8396497548943,1
Candidate A: Equal-Weight Baseline Control,tcs_ns,2012-10-04,2012-10-18,-0.7936623484153473,-284.73576231329935,0
Candidate A: Equal-Weight Baseline Control,hdfcbank_ns,2012-10-30,2012-11-15,1.9374812771908168,771.6950873752754,1
Candidate A: Equal-Weight Baseline Control,hdfcbank_ns,2012-11-15,2012-11-29,8.239853090621978,3294.6350360156894,1
Candidate A: Equal-Weight Baseline Control,infy_ns,2012-11-16,2012-11-30,3.9380191224294316,1259.6667081865564,1
Candidate A: Equal-Weight Baseline Control,tcs_ns,2012-11-19,2012-12-03,4.2612329590140225,1090.4433172961956,1
Candidate A: Equal-Weight Baseline Control,icicibank_ns,2012-11-27,2012-12-11,8.508714973104928,1741.8942302271466,1
Candidate A: Equal-Weight Baseline Control,infy_ns,2012-12-07,2012-12-21,-1.0963630444820527,-405.85956620314,0
Candidate A: Equal-Weight Baseline Control,tcs_ns,2012-12-10,2012-12-24,2.292830677656021,679.0212558836081,1
Candidate A: Equal-Weight Baseline Control,reliance_ns,2012-12-10,2012-12-24,-0.9670811839634927,-229.1206887540828,0
Candidate A: Equal-Weight Baseline Control,infy_ns,2012-12-21,2013-01-04,2.2432972965905877,689.1165301233742,1
Candidate A: Equal-Weight Baseline Control,tcs_ns,2012-12-24,2013-01-07,2.2115463991570183,677.483561100974,1
Candidate A: Equal-Weight Baseline Control,icicibank_ns,2012-12-24,2013-01-07,5.355229322119408,1563.7117262203603,1
Candidate A: Equal-Weight Baseline Control,reliance_ns,2012-12-27,2013-01-10,3.904242125899884,912.0220744320203,1
Candidate A: Equal-Weight Baseline Control,hdfcbank_ns,2012-12-28,2013-01-11,-1.2815887703242606,-239.50097584903452,0
Candidate A: Equal-Weight Baseline Control,tcs_ns,2013-01-07,2013-01-21,2.6632447823507546,732.2363205768088,1
Candidate A: Equal-Weight Baseline Control,infy_ns,2013-01-14,2013-01-28,0.09779360030565205,35.88244921848897,1
Candidate A: Equal-Weight Baseline Control,hdfcbank_ns,2013-01-14,2013-01-28,0.10680006248511853,31.349681833380483,1
Candidate A: Equal-Weight Baseline Control,tcs_ns,2013-01-23,2013-02-06,4.414407926163997,1285.8362365264443,1
Candidate A: Equal-Weight Baseline Control,reliance_ns,2013-01-23,2013-02-06,-5.182580519816661,-1207.6726831880467,0
Candidate A: Equal-Weight Baseline Control,icicibank_ns,2013-01-24,2013-02-07,-1.7365740163528365,-323.7326260714095,0
Candidate A: Equal-Weight Baseline Control,infy_ns,2013-01-28,2013-02-11,-0.7114325595430744,-158.35922335915123,0
Candidate A: Equal-Weight Baseline Control,hdfcbank_ns,2013-01-28,2013-02-11,-2.047950904005039,-485.0439926433562,0
Candidate A: Equal-Weight Baseline Control,icicibank_ns,2013-02-21,2013-03-07,3.4263998566244833,1445.0138862429533,1
Candidate A: Equal-Weight Baseline Control,hdfcbank_ns,2013-02-21,2013-03-07,-3.717960555486339,-1254.3789063717848,0
Candidate A: Equal-Weight Baseline Control,reliance_ns,2013-03-18,2013-04-01,-6.70494163545543,-2830.2280526162763,0
Candidate A: Equal-Weight Baseline Control,infy_ns,2013-03-19,2013-04-02,3.9063558754800747,1319.1318980404703,1
Candidate A: Equal-Weight Baseline Control,icicibank_ns,2013-03-19,2013-04-02,1.334164601905416,360.42575529933976,1
Candidate A: Equal-Weight Baseline Control,hdfcbank_ns,2013-03-20,2013-04-03,-0.34561160641799055,-74.69382659711935,0
Candidate A: Equal-Weight Baseline Control,icicibank_ns,2013-04-04,2013-04-18,11.230041423422366,4712.799610260441,1
Candidate A: Equal-Weight Baseline Control,infy_ns,2013-04-09,2013-04-23,-18.26345924488371,-6131.5552002703025,0
Candidate A: Equal-Weight Baseline Control,reliance_ns,2013-04-15,2013-04-29,-0.16964439569878942,-45.563503066814484,0
Candidate A: Equal-Weight Baseline Control,tcs_ns,2013-04-17,2013-05-02,-1.6110218390753546,-346.15372091983033,0
Candidate A: Equal-Weight Baseline Control,infy_ns,2013-04-23,2013-05-07,3.7739263478267624,1208.1578126993893,1
Candidate A: Equal-Weight Baseline Control,reliance_ns,2013-04-29,2013-05-13,1.2550900832693574,388.7411112120206,1
Candidate A: Equal-Weight Baseline Control,tcs_ns,2013-05-03,2013-05-17,3.846538512774828,1115.7507838691672,1
Candidate A: Equal-Weight Baseline Control,infy_ns,2013-05-07,2013-05-21,2.0266198820562153,604.9376062705269,1
Candidate A: Equal-Weight Baseline Control,reliance_ns,2013-05-27,2013-06-10,-4.750054157350313,-2007.7256590696506,0
Candidate A: Equal-Weight Baseline Control,icicibank_ns,2013-06-03,2013-06-17,-3.864183645359013,-1306.6327918201755,0
Candidate A: Equal-Weight Baseline Control,reliance_ns,2013-06-10,2013-06-24,0.36786146065895403,129.13075172940503,1
Candidate A: Equal-Weight Baseline Control,hdfcbank_ns,2013-06-11,2013-06-25,-4.6949952275264595,-1318.4708439105225,0
Candidate A: Equal-Weight Baseline Control,tcs_ns,2013-06-13,2013-06-27,3.147653250740009,707.1511406033677,1
Candidate A: Equal-Weight Baseline Control,reliance_ns,2013-06-24,2013-07-08,9.318926788216102,2937.3900511993893,1
Candidate A: Equal-Weight Baseline Control,icicibank_ns,2013-07-01,2013-07-15,-0.6911242521242924,-243.30323768457313,0
Candidate A: Equal-Weight Baseline Control,reliance_ns,2013-07-15,2013-07-29,-1.29262038305954,-453.12548223015494,0
Candidate A: Equal-Weight Baseline Control,icicibank_ns,2013-07-15,2013-07-29,-12.526676082089452,-4388.843062994669,0
Candidate A: Equal-Weight Baseline Control,infy_ns,2013-07-19,2013-08-02,5.613643799640834,1573.4358571562705,1
Candidate A: Equal-Weight Baseline Control,icicibank_ns,2013-08-06,2013-08-20,-4.19752659856834,-1737.4917570907398,0
Candidate A: Equal-Weight Baseline Control,reliance_ns,2013-08-16,2013-08-30,3.2325029821986977,1070.4298647221603,1
Candidate A: Equal-Weight Baseline Control,tcs_ns,2013-08-20,2013-09-03,15.186558251349123,4023.172280826092,1
Candidate A: Equal-Weight Baseline Control,hdfcbank_ns,2013-08-22,2013-09-05,3.4814400149461995,1013.9513013821581,1
Candidate A: Equal-Weight Baseline Control,infy_ns,2013-09-26,2013-10-10,3.775727747424885,1595.8959231167812,1
Candidate A: Equal-Weight Baseline Control,tcs_ns,2013-10-24,2013-11-07,5.5851559591547275,2378.5179501313337,1
Candidate A: Equal-Weight Baseline Control,infy_ns,2013-10-24,2013-11-07,1.4256531199825275,485.70769537506357,1
Candidate A: Equal-Weight Baseline Control,infy_ns,2013-11-07,2013-11-21,-0.4444297895763241,-191.8126292631686,0
Candidate A: Equal-Weight Baseline Control,icicibank_ns,2013-11-13,2013-11-27,2.6828932326231176,926.3335933846984,1
Candidate A: Equal-Weight Baseline Control,tcs_ns,2013-11-14,2013-11-28,-2.1020766262034876,-580.6341217141079,0
Candidate A: Equal-Weight Baseline Control,tcs_ns,2013-11-28,2013-12-12,2.18107423906111,942.0068812690333,1
Candidate A: Equal-Weight Baseline Control,reliance_ns,2013-12-12,2013-12-26,1.942794436132399,842.7539856126791,1
Candidate A: Equal-Weight Baseline Control,icicibank_ns,2013-12-19,2014-01-02,1.0871822740013852,377.2821982447487,1
Candidate A: Equal-Weight Baseline Control,icicibank_ns,2014-01-02,2014-01-16,-1.601844546285721,-698.7638471051564,0
Candidate A: Equal-Weight Baseline Control,icicibank_ns,2014-01-27,2014-02-10,-4.92477219443154,-2141.4238158779444,0
Candidate A: Equal-Weight Baseline Control,tcs_ns,2014-02-04,2014-02-18,0.6306227126180077,219.36941524494338,1
Candidate A: Equal-Weight Baseline Control,infy_ns,2014-02-07,2014-02-21,5.110668569702385,1422.2442080996616,1
Candidate A: Equal-Weight Baseline Control,icicibank_ns,2014-02-18,2014-03-04,2.9644921816971905,1112.6480783188501,1
Candidate A: Equal-Weight Baseline Control,icicibank_ns,2014-03-04,2014-03-18,12.608524416385045,5497.980545310741,1
Candidate A: Equal-Weight Baseline Control,tcs_ns,2014-03-10,2014-03-24,0.41415516617834364,144.47476778040345,1
Candidate A: Equal-Weight Baseline Control,tcs_ns,2014-03-26,2014-04-09,2.189142698475191,783.4286121455957,1
Candidate A: Equal-Weight Baseline Control,reliance_ns,2014-03-25,2014-04-09,9.367553333550962,4190.458502554104,1
Candidate A: Equal-Weight Baseline Control,infy_ns,2014-04-16,2014-04-30,0.6939346795284149,317.3261556509027,1
Candidate A: Equal-Weight Baseline Control,infy_ns,2014-05-07,2014-05-21,2.874515368119972,1316.2980543774488,1
Candidate A: Equal-Weight Baseline Control,reliance_ns,2014-05-13,2014-05-27,2.2574816263915563,826.9967746404545,1
Candidate A: Equal-Weight Baseline Control,tcs_ns,2014-05-19,2014-06-02,4.521295411362039,1325.050597508448,1
Candidate A: Equal-Weight Baseline Control,tcs_ns,2014-06-06,2014-06-20,9.931807719447193,4616.867191210641,1
Candidate A: Equal-Weight Baseline Control,reliance_ns,2014-06-24,2014-07-08,-6.161017618813019,-2920.879413506903,0
Candidate A: Equal-Weight Baseline Control,reliance_ns,2014-07-11,2014-07-25,5.673988435194246,2656.8374726128663,1
Candidate A: Equal-Weight Baseline Control,icicibank_ns,2014-07-11,2014-07-25,8.7212247116442,3266.9614167347745,1
Candidate A: Equal-Weight Baseline Control,infy_ns,2014-08-05,2014-08-19,0.9401124054571858,451.3444462564285,1
Candidate A: Equal-Weight Baseline Control,infy_ns,2014-08-19,2014-09-02,1.8079676218805547,869.6305188653059,1
Candidate A: Equal-Weight Baseline Control,infy_ns,2014-09-04,2014-09-18,-0.366659925851028,-177.00075486098348,0
Candidate A: Equal-Weight Baseline Control,reliance_ns,2014-09-08,2014-09-22,-4.4951072740254245,-1735.9680174197404,0
Candidate A: Equal-Weight Baseline Control,infy_ns,2014-09-25,2014-10-09,-1.2469073745946644,-597.159239469099,0
Candidate A: Equal-Weight Baseline Control,reliance_ns,2014-09-25,2014-10-09,2.615766248730217,1002.1780385914857,1
Candidate A: Equal-Weight Baseline Control,tcs_ns,2014-10-17,2014-10-31,6.7753426409773025,3250.2829968385063,1
Candidate A: Equal-Weight Baseline Control,reliance_ns,2014-10-17,2014-10-31,6.626471111361641,2543.092802662283,1
Candidate A: Equal-Weight Baseline Control,hdfcbank_ns,2014-10-20,2014-11-03,1.8398606659824739,564.8782091015574,1
Candidate A: Equal-Weight Baseline Control,tcs_ns,2014-11-07,2014-11-21,1.8651972681985511,918.4955309815706,1
Candidate A: Equal-Weight Baseline Control,reliance_ns,2014-11-10,2014-11-24,1.599766453046795,630.2296760950665,1
Candidate A: Equal-Weight Baseline Control,icicibank_ns,2014-11-19,2014-12-03,6.554344056478029,2065.6725855765612,1
Candidate A: Equal-Weight Baseline Control,infy_ns,2014-11-28,2014-12-12,-11.112508182631979,-4806.205310128784,0
Candidate A: Equal-Weight Baseline Control,tcs_ns,2014-12-15,2014-12-29,6.9102476754548965,3386.40280080372,1
Candidate A: Equal-Weight Baseline Control,reliance_ns,2014-12-16,2014-12-30,1.7476230916477722,685.1454257799156,1
Candidate A: Equal-Weight Baseline Control,hdfcbank_ns,2014-12-19,2015-01-02,2.4820569641569437,778.4607487253589,1
Candidate A: Equal-Weight Baseline Control,infy_ns,2014-12-22,2015-01-05,-0.2349420504821429,-58.94890154949256,0
Candidate A: Equal-Weight Baseline Control,tcs_ns,2014-12-30,2015-01-13,-1.3200962744202136,-403.3032134503004,0
Candidate A: Equal-Weight Baseline Control,reliance_ns,2015-01-06,2015-01-20,7.953414973171946,3487.8526510325773,1
Candidate A: Equal-Weight Baseline Control,infy_ns,2015-01-08,2015-01-22,11.244357876552392,3944.8376387936705,1
Candidate A: Equal-Weight Baseline Control,tcs_ns,2015-01-13,2015-01-27,0.11606235531058416,39.572392103592875,1
Candidate A: Equal-Weight Baseline Control,tcs_ns,2015-01-27,2015-02-10,-2.4827929187364624,-1275.5975233225026,0
Candidate A: Equal-Weight Baseline Control,infy_ns,2015-01-28,2015-02-11,6.488896067281742,2667.0672983018308,1
Candidate A: Equal-Weight Baseline Control,reliance_ns,2015-02-02,2015-02-16,-0.6278711270334427,-206.45416824009067,0
Candidate A: Equal-Weight Baseline Control,icicibank_ns,2015-02-04,2015-02-18,-0.7025053789833454,-184.796092647173,0
Candidate A: Equal-Weight Baseline Control,tcs_ns,2015-02-10,2015-02-24,10.742794713444912,3337.208249660375,1
Candidate A: Equal-Weight Baseline Control,icicibank_ns,2015-02-23,2015-03-09,1.104432116528245,501.0216970349726,1
Candidate A: Equal-Weight Baseline Control,infy_ns,2015-03-04,2015-03-18,-2.03392409073941,-878.0873476353677,0
Candidate A: Equal-Weight Baseline Control,icicibank_ns,2015-03-10,2015-03-24,-6.565550591450156,-2869.8545302012963,0
Candidate A: Equal-Weight Baseline Control,tcs_ns,2015-03-12,2015-03-26,-4.093335339989852,-1431.3836203654357,0
Candidate A: Equal-Weight Baseline Control,reliance_ns,2015-03-16,2015-03-30,-3.770979086197103,-1054.9280229235328,0
Candidate A: Equal-Weight Baseline Control,infy_ns,2015-03-18,2015-04-01,-2.540346436587169,-783.4105029132519,0
Candidate A: Equal-Weight Baseline Control,hdfcbank_ns,2015-03-23,2015-04-06,-1.5572439803112326,-384.1873760850398,0
Candidate A: Equal-Weight Baseline Control,icicibank_ns,2015-03-24,2015-04-07,1.7125040939200968,477.873820540459,1
Candidate A: Equal-Weight Baseline Control,tcs_ns,2015-03-26,2015-04-09,5.973406164261528,1734.1652301502686,1
Candidate A: Equal-Weight Baseline Control,infy_ns,2015-04-07,2015-04-21,-0.8321927479776857,-328.5294134660849,0
Candidate A: Equal-Weight Baseline Control,reliance_ns,2015-04-07,2015-04-21,5.182413702007679,1636.7124928657388,1
Candidate A: Equal-Weight Baseline Control,hdfcbank_ns,2015-04-07,2015-04-21,-2.9292181069958847,-906.3648075479089,0
Candidate A: Equal-Weight Baseline Control,tcs_ns,2015-04-17,2015-05-04,0.2205861337876959,68.17630658486874,1
Candidate A: Equal-Weight Baseline Control,infy_ns,2015-04-21,2015-05-05,-8.439814450398755,-2747.608269047521,0
Candidate A: Equal-Weight Baseline Control,hdfcbank_ns,2015-04-21,2015-05-05,-1.5796411364052378,-611.2448916201814,0
Candidate A: Equal-Weight Baseline Control,reliance_ns,2015-04-23,2015-05-07,-0.7679602573610672,-237.7308483355932,0
Candidate A: Equal-Weight Baseline Control,tcs_ns,2015-05-04,2015-05-18,1.514765079277941,468.9701201886252,1
Candidate A: Equal-Weight Baseline Control,hdfcbank_ns,2015-05-07,2015-05-21,7.661895757238549,3408.773478223475,1
Candidate A: Equal-Weight Baseline Control,infy_ns,2015-05-21,2015-06-04,-1.0453722511459755,-437.778249110967,0
Candidate A: Equal-Weight Baseline Control,hdfcbank_ns,2015-06-03,2015-06-17,-0.1344861626431091,-57.93924056041191,0
Candidate A: Equal-Weight Baseline Control,infy_ns,2015-06-12,2015-06-26,1.7439913075778715,745.6180129311626,1
Candidate A: Equal-Weight Baseline Control,hdfcbank_ns,2015-06-17,2015-07-01,6.679982838228894,2859.5423827156724,1
Candidate A: Equal-Weight Baseline Control,infy_ns,2015-06-30,2015-07-14,-1.3801595898705261,-592.7224548385053,0
Candidate A: Equal-Weight Baseline Control,tcs_ns,2015-07-15,2015-07-29,-1.581199057252283,-821.6040935403869,0
Candidate A: Equal-Weight Baseline Control,reliance_ns,2015-07-15,2015-07-29,-1.5475483544797841,-643.2951282942308,0
Candidate A: Equal-Weight Baseline Control,infy_ns,2015-07-23,2015-08-06,-1.0558764848552766,-351.13097271389177,0
Candidate A: Equal-Weight Baseline Control,hdfcbank_ns,2015-08-05,2015-08-19,-0.997152633274254,-448.8868106496349,0
Candidate A: Equal-Weight Baseline Control,infy_ns,2015-08-06,2015-08-20,4.327045838782951,1843.0726363332285,1
Candidate A: Equal-Weight Baseline Control,reliance_ns,2015-08-20,2015-09-03,-6.862041005888946,-3559.7837720689117,0
Candidate A: Equal-Weight Baseline Control,infy_ns,2015-08-21,2015-09-04,-6.651625932154214,-2760.502308958488,0
Candidate A: Equal-Weight Baseline Control,hdfcbank_ns,2015-08-21,2015-09-04,-6.195051635176216,-2056.81492224052,0
Candidate A: Equal-Weight Baseline Control,tcs_ns,2015-08-24,2015-09-07,-1.557783292227435,-413.7588655923078,0
Candidate A: Equal-Weight Baseline Control,hdfcbank_ns,2015-09-04,2015-09-18,5.338601260851963,2396.438733726493,1
Candidate A: Equal-Weight Baseline Control,tcs_ns,2015-09-07,2015-09-21,0.39470514041582583,162.38369887752367,1
Candidate A: Equal-Weight Baseline Control,reliance_ns,2015-09-09,2015-09-23,-2.760158732001379,-908.4346536136646,0
Candidate A: Equal-Weight Baseline Control,infy_ns,2015-09-11,2015-09-28,1.3061905848004527,343.9190008021717,1
Candidate A: Equal-Weight Baseline Control,infy_ns,2015-09-28,2015-10-12,1.5185676660704943,767.137055279647,1
Candidate A: Equal-Weight Baseline Control,reliance_ns,2015-10-09,2015-10-23,7.643225731635924,3088.9116430496256,1
Candidate A: Equal-Weight Baseline Control,tcs_ns,2015-10-14,2015-10-28,1.7770099973115727,756.790007771783,1
Candidate A: Equal-Weight Baseline Control,infy_ns,2015-10-15,2015-10-29,4.294668908395369,1463.2050563492235,1
Candidate A: Equal-Weight Baseline Control,tcs_ns,2015-10-28,2015-11-13,-5.2547898514112195,-2344.984732692675,0
Candidate A: Equal-Weight Baseline Control,infy_ns,2015-10-29,2015-11-13,-3.9125276725033977,-1674.8444506678288,0
Candidate A: Equal-Weight Baseline Control,reliance_ns,2015-11-10,2015-11-24,4.818871538977005,1650.2600735084807,1
Candidate A: Equal-Weight Baseline Control,tcs_ns,2015-11-13,2015-11-27,-1.886480419562616,-676.3552625368935,0
Candidate A: Equal-Weight Baseline Control,hdfcbank_ns,2015-11-23,2015-12-07,-0.4344141850494475,-160.33655126177845,0
Candidate A: Equal-Weight Baseline Control,infy_ns,2015-12-08,2015-12-22,3.7158272384865105,1898.4571308642228,1
Candidate A: Equal-Weight Baseline Control,reliance_ns,2015-12-09,2015-12-23,9.542322492653915,3900.222269442984,1
Candidate A: Equal-Weight Baseline Control,infy_ns,2015-12-22,2016-01-05,-0.9445883456783448,-408.97103079224235,0
Candidate A: Equal-Weight Baseline Control,infy_ns,2016-01-05,2016-01-19,6.054666693110213,3158.6617868889944,1
Candidate A: Equal-Weight Baseline Control,hdfcbank_ns,2016-01-18,2016-02-01,3.252926861454803,1357.616700455422,1
Candidate A: Equal-Weight Baseline Control,infy_ns,2016-01-19,2016-02-02,3.0985169686460377,1377.406370042009,1
Candidate A: Equal-Weight Baseline Control,hdfcbank_ns,2016-02-02,2016-02-16,-7.670977214044688,-4092.2961930986103,0
Candidate A: Equal-Weight Baseline Control,infy_ns,2016-02-03,2016-02-17,-5.217146335075166,-2226.585478238871,0
Candidate A: Equal-Weight Baseline Control,tcs_ns,2016-02-09,2016-02-23,-0.8123039860180422,-277.34154160462356,0
Candidate A: Equal-Weight Baseline Control,reliance_ns,2016-02-11,2016-02-25,2.063482395213801,563.6209088353635,1
Candidate A: Equal-Weight Baseline Control,hdfcbank_ns,2016-02-16,2016-03-01,1.0486349650025188,332.44191217244156,1
Candidate A: Equal-Weight Baseline Control,tcs_ns,2016-02-23,2016-03-08,3.9365237987504824,1320.1059058295452,1
Candidate A: Equal-Weight Baseline Control,infy_ns,2016-02-22,2016-03-08,3.2146807790700205,1075.3816650345123,1
Candidate A: Equal-Weight Baseline Control,reliance_ns,2016-02-25,2016-03-10,7.1119725870448764,2304.5200487512056,1
Candidate A: Equal-Weight Baseline Control,hdfcbank_ns,2016-03-01,2016-03-15,4.271358607876278,1380.916067407184,1
Candidate A: Equal-Weight Baseline Control,infy_ns,2016-03-11,2016-03-28,5.3628674017371365,2503.4839833508686,1
Candidate A: Equal-Weight Baseline Control,hdfcbank_ns,2016-03-15,2016-03-29,2.5882145607882125,1141.080932453123,1
Candidate A: Equal-Weight Baseline Control,infy_ns,2016-03-28,2016-04-11,-1.7920117499132013,-808.3248392793578,0
Candidate A: Equal-Weight Baseline Control,infy_ns,2016-04-12,2016-04-26,4.173067185553285,2253.088322748349,1
Candidate A: Equal-Weight Baseline Control,reliance_ns,2016-04-18,2016-05-02,-7.3532245660142905,-3176.0743199319477,0
Candidate A: Equal-Weight Baseline Control,tcs_ns,2016-04-20,2016-05-04,1.0778419936404973,372.4413686771317,1
Candidate A: Equal-Weight Baseline Control,infy_ns,2016-04-26,2016-05-10,-1.6196384543222835,-629.9152887804648,0
Candidate A: Equal-Weight Baseline Control,infy_ns,2016-05-10,2016-05-24,-2.1144395444989956,-1136.6188924557177,0
Candidate A: Equal-Weight Baseline Control,icicibank_ns,2016-05-13,2016-05-27,7.297319999810292,3138.144780789035,1
Candidate A: Equal-Weight Baseline Control,reliance_ns,2016-05-23,2016-06-06,2.6153362986842255,899.7608936910952,1
Candidate A: Equal-Weight Baseline Control,infy_ns,2016-05-24,2016-06-07,5.811098665700313,2210.908073266513,1
Candidate A: Equal-Weight Baseline Control,hdfcbank_ns,2016-05-26,2016-06-09,-2.0646250241406743,-628.4107562769226,0
Candidate A: Equal-Weight Baseline Control,icicibank_ns,2016-05-27,2016-06-10,3.8345478062753195,1287.5673731082195,1
Candidate A: Equal-Weight Baseline Control,reliance_ns,2016-06-08,2016-06-22,2.7156200285373937,1139.8680988039457,1
Candidate A: Equal-Weight Baseline Control,infy_ns,2016-06-10,2016-06-24,1.1310179988057663,447.2195702290593,1
Candidate A: Equal-Weight Baseline Control,icicibank_ns,2016-06-10,2016-06-24,-8.616579852857072,-3326.5334851758425,0
Candidate A: Equal-Weight Baseline Control,hdfcbank_ns,2016-06-14,2016-06-28,1.260277025483907,389.2359889851128,1
Candidate A: Equal-Weight Baseline Control,tcs_ns,2016-06-27,2016-07-11,-1.319481097626705,-638.4240778732132,0
Candidate A: Equal-Weight Baseline Control,infy_ns,2016-06-27,2016-07-11,0.708503942530023,274.24476303167694,1
Candidate A: Equal-Weight Baseline Control,icicibank_ns,2016-06-27,2016-07-11,7.316320557727031,2265.5767762733226,1
Candidate A: Equal-Weight Baseline Control,hdfcbank_ns,2016-06-30,2016-07-14,1.9805219425663025,614.5102542397143,1
Candidate A: Equal-Weight Baseline Control,tcs_ns,2016-07-11,2016-07-25,3.7952469435235234,1304.478186288488,1
Candidate A: Equal-Weight Baseline Control,infy_ns,2016-07-11,2016-07-25,-8.062677698236342,-2845.59776836953,0
Candidate A: Equal-Weight Baseline Control,hdfcbank_ns,2016-07-14,2016-07-28,3.9551590432762582,1629.9026825265396,1
Candidate A: Equal-Weight Baseline Control,reliance_ns,2016-07-15,2016-07-29,0.21661791702378158,71.41379048017457,1
Candidate A: Equal-Weight Baseline Control,icicibank_ns,2016-07-15,2016-07-29,-1.121901417693358,-295.89143458994045,0
Candidate A: Equal-Weight Baseline Control,icicibank_ns,2016-08-02,2016-08-16,1.2742451997081259,702.3048487991816,1
Candidate A: Equal-Weight Baseline Control,reliance_ns,2016-08-08,2016-08-22,-1.7397097370352248,-767.0778491316116,0
Candidate A: Equal-Weight Baseline Control,hdfcbank_ns,2016-08-09,2016-08-23,0.29059294149335685,102.50326421161557,1
Candidate A: Equal-Weight Baseline Control,tcs_ns,2016-08-17,2016-08-31,-4.362867839976663,-1718.210719720709,0
Candidate A: Equal-Weight Baseline Control,infy_ns,2016-08-19,2016-09-02,0.9824794795953548,309.5407581734847,1
Candidate A: Equal-Weight Baseline Control,hdfcbank_ns,2016-08-23,2016-09-06,3.859512974110694,1580.284232483631,1
Candidate A: Equal-Weight Baseline Control,reliance_ns,2016-08-29,2016-09-12,-1.0849942140841269,-355.4021992628625,0
Candidate A: Equal-Weight Baseline Control,tcs_ns,2016-08-31,2016-09-14,-7.327452676063322,-2472.1204297257195,0
Candidate A: Equal-Weight Baseline Control,icicibank_ns,2016-09-02,2016-09-16,2.264188658510633,755.1828602343148,1
Candidate A: Equal-Weight Baseline Control,tcs_ns,2016-09-14,2016-09-28,4.010761433151476,1921.9991967776239,1
Candidate A: Equal-Weight Baseline Control,icicibank_ns,2016-09-16,2016-09-30,-5.732592328072673,-2588.755657421161,0
Candidate A: Equal-Weight Baseline Control,icicibank_ns,2016-09-30,2016-10-14,-4.172466330480706,-2278.559295881127,0
Candidate A: Equal-Weight Baseline Control,hdfcbank_ns,2016-09-30,2016-10-14,-0.9176907731682572,-400.9164223416931,0
Candidate A: Equal-Weight Baseline Control,tcs_ns,2016-10-06,2016-10-20,0.4688363115678964,163.85839953364197,1
Candidate A: Equal-Weight Baseline Control,infy_ns,2016-10-07,2016-10-21,2.4918188054831156,696.7129999446121,1
Candidate A: Equal-Weight Baseline Control,icicibank_ns,2016-10-14,2016-10-28,14.461877904120838,4748.439776250757,1
Candidate A: Equal-Weight Baseline Control,hdfcbank_ns,2016-10-14,2016-10-28,-0.2678336419112314,-93.54001740417887,0
Candidate A: Equal-Weight Baseline Control,reliance_ns,2016-10-19,2016-11-02,-5.896157233297852,-1647.3707971405618,0
Candidate A: Equal-Weight Baseline Control,infy_ns,2016-10-25,2016-11-08,-3.4497971085105097,-1211.0827321352174,0
Candidate A: Equal-Weight Baseline Control,hdfcbank_ns,2016-10-28,2016-11-11,1.2797028990692192,544.7372834916371,1
Candidate A: Equal-Weight Baseline Control,tcs_ns,2016-11-08,2016-11-22,-6.537642535217381,-2570.107952390787,0
Candidate A: Equal-Weight Baseline Control,infy_ns,2016-11-08,2016-11-22,-7.007639435768293,-2678.9457103462596,0
Candidate A: Equal-Weight Baseline Control,icicibank_ns,2016-11-16,2016-11-30,-0.2940563674800652,-115.28653124468951,0
Candidate A: Equal-Weight Baseline Control,hdfcbank_ns,2016-11-18,2016-12-02,-1.8899288719258338,-592.7661987004293,0
Candidate A: Equal-Weight Baseline Control,tcs_ns,2016-11-22,2016-12-06,2.1666942673265512,702.8766382538686,1
Candidate A: Equal-Weight Baseline Control,infy_ns,2016-11-22,2016-12-06,5.667986994210874,1873.9518341992075,1
Candidate A: Equal-Weight Baseline Control,reliance_ns,2016-11-30,2016-12-14,6.961292040277864,1841.235839192854,1
Candidate A: Equal-Weight Baseline Control,hdfcbank_ns,2016-12-05,2016-12-19,-1.6874953816127116,-592.852629630804,0
Candidate A: Equal-Weight Baseline Control,infy_ns,2016-12-06,2016-12-20,4.670869053477027,1948.755003061198,1
Candidate A: Equal-Weight Baseline Control,tcs_ns,2016-12-14,2016-12-28,4.740129557315427,1582.121200011009,1
Candidate A: Equal-Weight Baseline Control,hdfcbank_ns,2016-12-19,2017-01-02,1.6784725386143642,659.0985791991853,1
Candidate A: Equal-Weight Baseline Control,infy_ns,2016-12-21,2017-01-04,-0.42922099199879094,-172.32472787701437,0
Candidate A: Equal-Weight Baseline Control,reliance_ns,2016-12-21,2017-01-04,0.31661860646251844,101.69347020120895,1
Candidate A: Equal-Weight Baseline Control,hdfcbank_ns,2017-01-03,2017-01-17,4.032332515461914,1640.034802590238,1
Candidate A: Equal-Weight Baseline Control,infy_ns,2017-01-04,2017-01-18,-4.753236001095237,-1926.6232199853973,0
Candidate A: Equal-Weight Baseline Control,reliance_ns,2017-01-10,2017-01-24,-5.786453823707452,-2249.2153934358553,0
Candidate A: Equal-Weight Baseline Control,tcs_ns,2017-01-13,2017-01-27,4.771310969894824,1483.7005747994874,1
Candidate A: Equal-Weight Baseline Control,infy_ns,2017-01-19,2017-02-02,-2.3659223214382403,-971.4644977455694,0
Candidate A: Equal-Weight Baseline Control,tcs_ns,2017-01-31,2017-02-14,7.859306768962368,3669.4155635127368,1
Candidate A: Equal-Weight Baseline Control,icicibank_ns,2017-02-01,2017-02-15,-0.13892620175684703,-51.89037475106359,0
Candidate A: Equal-Weight Baseline Control,infy_ns,2017-02-06,2017-02-20,7.965236567762631,3018.7193067423214,1
Candidate A: Equal-Weight Baseline Control,reliance_ns,2017-02-13,2017-02-27,20.23892757606452,6136.228688437994,1
Candidate A: Equal-Weight Baseline Control,infy_ns,2017-02-20,2017-03-06,2.2898366148829963,1144.2337329722193,1
Candidate A: Equal-Weight Baseline Control,icicibank_ns,2017-02-21,2017-03-07,-3.1383427297221704,-1254.5864953459877,0
Candidate A: Equal-Weight Baseline Control,hdfcbank_ns,2017-03-02,2017-03-16,2.647730284662383,1039.8140038499178,1
Candidate A: Equal-Weight Baseline Control,infy_ns,2017-03-08,2017-03-22,1.9236072274395368,949.9674129764071,1
Candidate A: Equal-Weight Baseline Control,tcs_ns,2017-03-24,2017-04-07,0.02618542537169536,15.092499808958681,1
Candidate A: Equal-Weight Baseline Control,infy_ns,2017-04-03,2017-04-17,-8.362650120137252,-3855.9861006340616,0
Candidate A: Equal-Weight Baseline Control,reliance_ns,2017-04-06,2017-04-20,-4.840788759045287,-1785.655398978034,0
Candidate A: Equal-Weight Baseline Control,tcs_ns,2017-04-07,2017-04-21,-4.915724156528607,-2017.4416718159048,0
Candidate A: Equal-Weight Baseline Control,icicibank_ns,2017-04-12,2017-04-26,-1.4381950252944595,-472.1948561534159,0
Candidate A: Equal-Weight Baseline Control,infy_ns,2017-04-18,2017-05-02,-0.05542175281929957,-19.240602180167766,0
Candidate A: Equal-Weight Baseline Control,tcs_ns,2017-04-21,2017-05-05,0.36955604082688737,157.42493587454794,1
Candidate A: Equal-Weight Baseline Control,infy_ns,2017-05-02,2017-05-16,3.460061268025582,1643.1920832078717,1
Candidate A: Equal-Weight Baseline Control,infy_ns,2017-05-16,2017-05-30,4.261980335175679,2402.480949152905,1
Candidate A: Equal-Weight Baseline Control,infy_ns,2017-05-30,2017-06-13,-3.9027227395655895,-2218.7196545233924,0
Candidate A: Equal-Weight Baseline Control,tcs_ns,2017-06-13,2017-06-27,-4.481710510997855,-2038.301946654164,0
Candidate A: Equal-Weight Baseline Control,infy_ns,2017-06-13,2017-06-27,-3.2588771551167928,-1541.7984019930725,0
Candidate A: Equal-Weight Baseline Control,hdfcbank_ns,2017-06-23,2017-07-07,-0.7317590348864462,-276.9604024773943,0
Candidate A: Equal-Weight Baseline Control,tcs_ns,2017-06-27,2017-07-11,5.621872747181888,2190.6916116336456,1
Candidate A: Equal-Weight Baseline Control,infy_ns,2017-06-29,2017-07-13,4.98403031430218,2009.9407799136002,1
Candidate A: Equal-Weight Baseline Control,reliance_ns,2017-07-07,2017-07-21,6.240657252123551,2013.3668077438865,1
Candidate A: Equal-Weight Baseline Control,hdfcbank_ns,2017-07-07,2017-07-21,2.099242661759643,699.5516320045045,1
Candidate A: Equal-Weight Baseline Control,tcs_ns,2017-07-11,2017-07-25,3.8134824828266822,1330.554437626739,1
Candidate A: Equal-Weight Baseline Control,reliance_ns,2017-07-21,2017-08-04,2.292672904262293,991.2426842572911,1
Candidate A: Equal-Weight Baseline Control,hdfcbank_ns,2017-07-21,2017-08-04,5.067662352686679,2097.6526228456883,1
Candidate A: Equal-Weight Baseline Control,icicibank_ns,2017-08-03,2017-08-17,-0.9119354738501417,-368.04433250430117,0
Candidate A: Equal-Weight Baseline Control,infy_ns,2017-08-04,2017-08-18,-6.196861499364677,-2000.772922694805,0
Candidate A: Equal-Weight Baseline Control,reliance_ns,2017-08-07,2017-08-21,-3.262427863928119,-1415.009845997457,0
Candidate A: Equal-Weight Baseline Control,reliance_ns,2017-08-23,2017-09-06,3.952295949195148,2258.548871732668,1
Candidate A: Equal-Weight Baseline Control,icicibank_ns,2017-09-04,2017-09-18,-1.4293187533749352,-653.4300668326613,0
Candidate A: Equal-Weight Baseline Control,hdfcbank_ns,2017-09-04,2017-09-18,6.2036495669463525,2268.857743069336,1
Candidate A: Equal-Weight Baseline Control,reliance_ns,2017-09-06,2017-09-20,2.9204403712408804,1201.4434174927571,1
Candidate A: Equal-Weight Baseline Control,icicibank_ns,2017-09-18,2017-10-03,-5.0304457680764045,-2108.9563589281483,0
Candidate A: Equal-Weight Baseline Control,reliance_ns,2017-09-20,2017-10-04,-3.3889416034725985,-1686.8643669245103,0
Candidate A: Equal-Weight Baseline Control,reliance_ns,2017-10-04,2017-10-18,11.625176499868791,6672.98575131001,1
Candidate A: Equal-Weight Baseline Control,icicibank_ns,2017-10-09,2017-10-23,-3.4337763388878506,-1576.8218629862656,0
Candidate A: Equal-Weight Baseline Control,reliance_ns,2017-10-18,2017-11-01,4.108661244951587,2035.9060943360803,1
Candidate A: Equal-Weight Baseline Control,reliance_ns,2017-11-07,2017-11-21,2.799572380503422,1646.920414590754,1
Candidate A: Equal-Weight Baseline Control,infy_ns,2017-11-14,2017-11-28,3.69905041808858,1740.849192705657,1
Candidate A: Equal-Weight Baseline Control,reliance_ns,2017-11-21,2017-12-05,-2.0703283472430236,-1029.8753804313824,0
Candidate A: Equal-Weight Baseline Control,icicibank_ns,2017-11-24,2017-12-08,-2.082404461800595,-828.706070769808,0
Candidate A: Equal-Weight Baseline Control,infy_ns,2017-11-29,2017-12-13,2.090985299452684,869.7890118354698,1
Candidate A: Equal-Weight Baseline Control,reliance_ns,2017-12-05,2017-12-19,1.2900379182174606,554.9821122192049,1
Candidate A: Equal-Weight Baseline Control,tcs_ns,2017-12-07,2017-12-21,-0.872973495222502,-300.44678064000726,0
Candidate A: Equal-Weight Baseline Control,infy_ns,2017-12-13,2017-12-27,2.9870859277708592,1308.9395070301434,1
Candidate A: Equal-Weight Baseline Control,reliance_ns,2017-12-19,2018-01-02,-1.6475640948280554,-721.156530897297,0
Candidate A: Equal-Weight Baseline Control,tcs_ns,2018-01-01,2018-01-15,3.7468606853692257,1905.8723737371974,1
Candidate A: Equal-Weight Baseline Control,infy_ns,2018-01-03,2018-01-17,12.750801856620988,6286.484539722854,1
Candidate A: Equal-Weight Baseline Control,reliance_ns,2018-01-03,2018-01-17,1.0098098232681545,398.29048641292627,1
Candidate A: Equal-Weight Baseline Control,reliance_ns,2018-01-18,2018-02-01,2.5745410106725464,1575.4635712946297,1
Candidate A: Equal-Weight Baseline Control,infy_ns,2018-01-30,2018-02-14,-6.274197914173827,-3071.5440808741027,0
Candidate A: Equal-Weight Baseline Control,reliance_ns,2018-02-01,2018-02-15,-0.918344181837882,-474.9494120188644,0
Candidate A: Equal-Weight Baseline Control,icicibank_ns,2018-02-05,2018-02-19,-3.0663896975177742,-1268.7007879264766,0
Candidate A: Equal-Weight Baseline Control,tcs_ns,2018-02-14,2018-02-28,4.180660517008304,1383.7790535952065,1
Candidate A: Equal-Weight Baseline Control,infy_ns,2018-02-14,2018-02-28,6.765080901675659,2412.180923966168,1
Candidate A: Equal-Weight Baseline Control,reliance_ns,2018-02-16,2018-03-05,0.2537649871738283,98.39405903792434,1
Candidate A: Equal-Weight Baseline Control,hdfcbank_ns,2018-02-22,2018-03-08,-0.0688754914397302,-26.88905921233315,0
Candidate A: Equal-Weight Baseline Control,icicibank_ns,2018-02-23,2018-03-09,-9.355952842470106,-2922.0585112092044,0
Candidate A: Equal-Weight Baseline Control,infy_ns,2018-03-01,2018-03-15,1.8228516045660135,719.9540334380583,1
Candidate A: Equal-Weight Baseline Control,hdfcbank_ns,2018-03-08,2018-03-22,0.7537657985313087,355.5806038278282,1
Candidate A: Equal-Weight Baseline Control,tcs_ns,2018-03-13,2018-03-27,-1.403767041236068,-609.2504943663959,0
Candidate A: Equal-Weight Baseline Control,infy_ns,2018-03-21,2018-04-04,-3.756929233722564,-1606.616446240138,0
Candidate A: Equal-Weight Baseline Control,icicibank_ns,2018-03-21,2018-04-04,-7.152262252564394,-2446.879661112309,0
Candidate A: Equal-Weight Baseline Control,tcs_ns,2018-03-27,2018-04-10,3.1053603944178154,1410.8670852336907,1
Candidate A: Equal-Weight Baseline Control,infy_ns,2018-04-09,2018-04-23,6.826195833186868,3476.649511366025,1
Candidate A: Equal-Weight Baseline Control,infy_ns,2018-04-25,2018-05-09,0.8415241794115397,513.2889785056625,1
Candidate A: Equal-Weight Baseline Control,tcs_ns,2018-04-26,2018-05-10,-2.5351592851592852,-1237.059470579686,0
Candidate A: Equal-Weight Baseline Control,infy_ns,2018-05-09,2018-05-23,1.1623493463341472,596.7337430423297,1
Candidate A: Equal-Weight Baseline Control,tcs_ns,2018-05-18,2018-06-01,-1.1102810037954192,-561.6099249171893,0
Candidate A: Equal-Weight Baseline Control,hdfcbank_ns,2018-05-23,2018-06-06,4.514430628077351,2295.7329363544623,1
Candidate A: Equal-Weight Baseline Control,infy_ns,2018-06-18,2018-07-02,5.25742271569166,3223.671403777627,1
Candidate A: Equal-Weight Baseline Control,hdfcbank_ns,2018-07-04,2018-07-18,3.4019538735496546,2107.8950713927043,1
Candidate A: Equal-Weight Baseline Control,infy_ns,2018-07-06,2018-07-20,4.919285621813863,2438.4429189628954,1
Candidate A: Equal-Weight Baseline Control,tcs_ns,2018-07-10,2018-07-24,6.554345155684732,2599.141056164181,1
Candidate A: Equal-Weight Baseline Control,infy_ns,2018-07-23,2018-08-06,0.29645255169679496,162.86962965041732,1
Candidate A: Equal-Weight Baseline Control,hdfcbank_ns,2018-08-02,2018-08-16,-2.6071660524183757,-1366.2201137832014,0
Candidate A: Equal-Weight Baseline Control,infy_ns,2018-08-06,2018-08-20,1.6835960882595307,891.3374712299207,1
Candidate A: Equal-Weight Baseline Control,hdfcbank_ns,2018-08-16,2018-08-30,-0.5122562901468549,-269.24824251044754,0
Candidate A: Equal-Weight Baseline Control,tcs_ns,2018-08-28,2018-09-11,-1.158567404677254,-611.9060924911605,0
Candidate A: Equal-Weight Baseline Control,reliance_ns,2018-08-30,2018-09-14,-1.720478204104944,-726.9468074726922,0
Candidate A: Equal-Weight Baseline Control,hdfcbank_ns,2018-08-30,2018-09-14,-1.8157359413835652,-803.6534307608822,0
Candidate A: Equal-Weight Baseline Control,infy_ns,2018-09-06,2018-09-21,-3.0533845657065277,-1081.1541153027213,0
Candidate A: Equal-Weight Baseline Control,hdfcbank_ns,2018-09-17,2018-10-01,2.1198813402024084,1182.1300421370518,1
Candidate A: Equal-Weight Baseline Control,icicibank_ns,2018-09-18,2018-10-03,-4.799072795883875,-2140.9228974581406,0
Candidate A: Equal-Weight Baseline Control,infy_ns,2018-09-26,2018-10-10,-2.4726877465617187,-1052.2371402473827,0
Candidate A: Equal-Weight Baseline Control,hdfcbank_ns,2018-10-04,2018-10-19,0.460535052994509,248.35173368823882,1
Candidate A: Equal-Weight Baseline Control,tcs_ns,2018-10-10,2018-10-24,-9.592103539232708,-4138.1702056263475,0
Candidate A: Equal-Weight Baseline Control,infy_ns,2018-10-11,2018-10-25,-3.701544737452283,-1584.7634702229816,0
Candidate A: Equal-Weight Baseline Control,hdfcbank_ns,2018-10-19,2018-11-02,-0.9795336706243649,-441.63140690689744,0
Candidate A: Equal-Weight Baseline Control,tcs_ns,2018-10-24,2018-11-07,5.013738133722232,2199.494713391488,1
Candidate A: Equal-Weight Baseline Control,hdfcbank_ns,2018-11-02,2018-11-16,2.7622123665942926,1443.811108558853,1
Candidate A: Equal-Weight Baseline Control,tcs_ns,2018-11-09,2018-11-26,-3.353395517029678,-1711.232662068396,0
Candidate A: Equal-Weight Baseline Control,infy_ns,2018-11-16,2018-11-30,2.499241334432907,1020.2872593236413,1
Candidate A: Equal-Weight Baseline Control,hdfcbank_ns,2018-11-16,2018-11-30,6.14108039562888,2665.344653360089,1
Candidate A: Equal-Weight Baseline Control,reliance_ns,2018-11-19,2018-12-03,0.5105905258873434,177.28473044564765,1
Candidate A: Equal-Weight Baseline Control,tcs_ns,2018-11-26,2018-12-10,6.972112828121412,2624.368084880116,1
Candidate A: Equal-Weight Baseline Control,infy_ns,2018-12-18,2019-01-01,-1.756209461369688,-1101.632278891655,0
Candidate A: Equal-Weight Baseline Control,tcs_ns,2018-12-21,2019-01-04,-1.0490820612793212,-526.4532220479658,0
Candidate A: Equal-Weight Baseline Control,infy_ns,2019-01-02,2019-01-16,10.071235518347263,5284.484031606249,1
Candidate A: Equal-Weight Baseline Control,tcs_ns,2019-01-08,2019-01-22,0.3907488781883298,202.82997426304365,1
Candidate A: Equal-Weight Baseline Control,hdfcbank_ns,2019-01-10,2019-01-24,-0.346271045767133,-143.79393256685734,0
Candidate A: Equal-Weight Baseline Control,reliance_ns,2019-01-22,2019-02-05,4.5139635446520945,2491.4553119524753,1
Candidate A: Equal-Weight Baseline Control,icicibank_ns,2019-01-25,2019-02-08,-0.637613669858254,-334.31389887371984,0
Candidate A: Equal-Weight Baseline Control,reliance_ns,2019-02-05,2019-02-19,-5.888890922406848,-3149.544319690443,0
Candidate A: Equal-Weight Baseline Control,hdfcbank_ns,2019-02-12,2019-02-26,-0.9440472479812859,-502.28783681698076,0
Candidate A: Equal-Weight Baseline Control,infy_ns,2019-02-14,2019-02-28,-0.8265860542933724,-351.83334058070926,0
Candidate A: Equal-Weight Baseline Control,tcs_ns,2019-02-19,2019-03-05,4.320972000218916,1471.3647833726054,1
Candidate A: Equal-Weight Baseline Control,infy_ns,2019-02-28,2019-03-14,-3.582212669495579,-2016.473415814748,0
Candidate A: Equal-Weight Baseline Control,hdfcbank_ns,2019-03-11,2019-03-25,7.127696263109605,3716.2126025665893,1
Candidate A: Equal-Weight Baseline Control,reliance_ns,2019-03-14,2019-03-28,1.3245828529961101,696.2679493653588,1
Candidate A: Equal-Weight Baseline Control,icicibank_ns,2019-03-25,2019-04-08,0.8882545242409041,373.5293143551107,1
Candidate A: Equal-Weight Baseline Control,infy_ns,2019-03-27,2019-04-10,3.100404223027158,1389.3660838291896,1
Candidate A: Equal-Weight Baseline Control,hdfcbank_ns,2019-04-03,2019-04-18,-0.010769713550185373,-5.008153977543991,0
Candidate A: Equal-Weight Baseline Control,icicibank_ns,2019-04-08,2019-04-22,1.8606933048092662,850.0927064952828,1
Candidate A: Equal-Weight Baseline Control,infy_ns,2019-04-18,2019-05-02,1.8666202125322402,854.7227866350308,1
Candidate A: Equal-Weight Baseline Control,icicibank_ns,2019-04-25,2019-05-09,-3.5889479554881745,-1982.488963821781,0
Candidate A: Equal-Weight Baseline Control,hdfcbank_ns,2019-04-26,2019-05-10,0.6313947757041245,279.0195210792112,1
Candidate A: Equal-Weight Baseline Control,hdfcbank_ns,2019-05-10,2019-05-24,3.2947277425395987,2116.102947413758,1
Candidate A: Equal-Weight Baseline Control,tcs_ns,2019-05-22,2019-06-06,3.9998581773710518,2055.189342436583,1
Candidate A: Equal-Weight Baseline Control,infy_ns,2019-05-27,2019-06-10,6.3583217012268225,3457.264538557516,1
Candidate A: Equal-Weight Baseline Control,hdfcbank_ns,2019-06-04,2019-06-18,-1.4785578072084553,-643.1590869751495,0
Candidate A: Equal-Weight Baseline Control,infy_ns,2019-06-14,2019-06-28,-1.1906289501912082,-679.2876172775807,0
Candidate A: Equal-Weight Baseline Control,hdfcbank_ns,2019-06-18,2019-07-02,3.164856758713414,1715.7782238400987,1
Candidate A: Equal-Weight Baseline Control,reliance_ns,2019-06-26,2019-07-10,-1.2316492769351708,-534.1757102796266,0
Candidate A: Equal-Weight Baseline Control,infy_ns,2019-06-28,2019-07-12,-0.7668545081967212,-352.53315564121993,0
Candidate A: Equal-Weight Baseline Control,hdfcbank_ns,2019-07-02,2019-07-16,-4.2082424370224825,-2018.3952999912763,0
Candidate A: Equal-Weight Baseline Control,icicibank_ns,2019-07-08,2019-07-22,-3.4293834481796974,-1315.865525764964,0
Candidate A: Equal-Weight Baseline Control,tcs_ns,2019-07-11,2019-07-25,1.1550689876794653,453.52139753333387,1
Candidate A: Equal-Weight Baseline Control,infy_ns,2019-07-12,2019-07-26,8.236188510491917,3338.5076421574845,1
Candidate A: Equal-Weight Baseline Control,reliance_ns,2019-07-12,2019-07-26,-5.256305903347635,-1704.498861869347,0
Candidate A: Equal-Weight Baseline Control,icicibank_ns,2019-07-22,2019-08-05,-2.1995944351066505,-935.7503576780076,0
Candidate A: Equal-Weight Baseline Control,hdfcbank_ns,2019-07-23,2019-08-06,-3.33529721195397,-1135.1203691864453,0
Candidate A: Equal-Weight Baseline Control,tcs_ns,2019-08-02,2019-08-16,-1.8719675466674135,-937.6597841191714,0
Candidate A: Equal-Weight Baseline Control,icicibank_ns,2019-08-05,2019-08-19,5.100782395226328,2468.4147638722297,1
Candidate A: Equal-Weight Baseline Control,infy_ns,2019-08-06,2019-08-20,2.3117841708010243,894.990883505536,1
Candidate A: Equal-Weight Baseline Control,hdfcbank_ns,2019-08-06,2019-08-20,1.3882279747604265,521.2951775700974,1
Candidate A: Equal-Weight Baseline Control,icicibank_ns,2019-08-19,2019-09-03,-7.427037187118238,-3716.7514297549324,0
Candidate A: Equal-Weight Baseline Control,hdfcbank_ns,2019-08-20,2019-09-03,-0.4843565246760569,-269.1625509301709,0
Candidate A: Equal-Weight Baseline Control,infy_ns,2019-08-27,2019-09-11,4.465672604833994,1985.3009404425873,1
Candidate A: Equal-Weight Baseline Control,hdfcbank_ns,2019-09-03,2019-09-17,-0.03191065288832848,-17.835278485328722,0
Candidate A: Equal-Weight Baseline Control,icicibank_ns,2019-09-04,2019-09-18,0.41517763533682195,185.63853953162655,1
Candidate A: Equal-Weight Baseline Control,tcs_ns,2019-09-17,2019-10-01,-3.002375760463031,-1352.8368209815603,0
Candidate A: Equal-Weight Baseline Control,hdfcbank_ns,2019-09-17,2019-10-01,12.888108502278175,6085.996165871922,1
Candidate A: Equal-Weight Baseline Control,icicibank_ns,2019-09-19,2019-10-03,10.472408447069723,4896.601979500126,1
Candidate A: Equal-Weight Baseline Control,infy_ns,2019-09-20,2019-10-04,-1.4840637017481073,-555.1249683518524,0
Candidate A: Equal-Weight Baseline Control,tcs_ns,2019-10-01,2019-10-15,-1.1489867680862524,-444.26490210029147,0
Candidate A: Equal-Weight Baseline Control,hdfcbank_ns,2019-10-03,2019-10-17,-0.3399982560672001,-176.5439287741934,0
Candidate A: Equal-Weight Baseline Control,infy_ns,2019-10-09,2019-10-23,-17.019759415645158,-8324.378535425498,0
Candidate A: Equal-Weight Baseline Control,tcs_ns,2019-10-15,2019-10-29,7.679410004888086,2990.881385857214,1
Candidate A: Equal-Weight Baseline Control,reliance_ns,2019-10-14,2019-10-29,7.976178449837835,3120.9244295906697,1
Candidate A: Equal-Weight Baseline Control,hdfcbank_ns,2019-10-23,2019-11-06,1.161543500281727,576.4070236180879,1
Candidate A: Equal-Weight Baseline Control,infy_ns,2019-10-24,2019-11-07,13.282435390727803,5273.045080523989,1
Candidate A: Equal-Weight Baseline Control,reliance_ns,2019-10-30,2019-11-13,-0.5095140979034234,-247.6077204889511,0
Candidate A: Equal-Weight Baseline Control,infy_ns,2019-11-08,2019-11-22,-2.1600807294741657,-1250.9476933034805,0
Candidate A: Equal-Weight Baseline Control,reliance_ns,2019-11-13,2019-11-27,6.572381157834975,3680.5012272313775,1
Candidate A: Equal-Weight Baseline Control,tcs_ns,2019-11-20,2019-12-04,-1.4744396911708872,-660.5431988817544,0
Candidate A: Equal-Weight Baseline Control,infy_ns,2019-11-22,2019-12-06,3.107676429855489,1465.9504163081524,1
Candidate A: Equal-Weight Baseline Control,hdfcbank_ns,2019-11-25,2019-12-09,-2.263511914268244,-854.193493547022,0
Candidate A: Equal-Weight Baseline Control,reliance_ns,2019-11-27,2019-12-11,-0.5243295665301868,-220.87921162949846,0
Candidate A: Equal-Weight Baseline Control,tcs_ns,2019-12-04,2019-12-18,4.241815010825114,1803.9859826757713,1
Candidate A: Equal-Weight Baseline Control,hdfcbank_ns,2019-12-23,2020-01-06,-4.765858956866835,-3258.6417964447837,0
Candidate A: Equal-Weight Baseline Control,reliance_ns,2020-01-01,2020-01-15,0.8934907553806742,488.73730365442555,1
Candidate A: Equal-Weight Baseline Control,icicibank_ns,2020-01-13,2020-01-27,-0.3005199887312733,-170.6443259344904,0
Candidate A: Equal-Weight Baseline Control,hdfcbank_ns,2020-01-16,2020-01-30,-4.831514730771756,-2728.072069411323,0
Candidate A: Equal-Weight Baseline Control,icicibank_ns,2020-01-29,2020-02-12,4.258519417548872,2405.7980700169405,1
Candidate A: Equal-Weight Baseline Control,tcs_ns,2020-01-31,2020-02-14,5.005064809614235,2799.9445143946155,1
Candidate A: Equal-Weight Baseline Control,infy_ns,2020-02-06,2020-02-20,3.273679291281599,1465.0951741370384,1
Candidate A: Equal-Weight Baseline Control,icicibank_ns,2020-02-13,2020-02-27,-4.788853863559236,-2278.6772619786825,0
Candidate A: Equal-Weight Baseline Control,infy_ns,2020-02-20,2020-03-05,-5.36729289860169,-3169.8457294645823,0
Candidate A: Equal-Weight Baseline Control,tcs_ns,2020-02-28,2020-03-13,-9.736925892216702,-5482.638750174864,0
Candidate A: Equal-Weight Baseline Control,icicibank_ns,2020-03-02,2020-03-16,-20.43103358169693,-9203.3956228979,0
Candidate A: Equal-Weight Baseline Control,hdfcbank_ns,2020-03-04,2020-03-18,-23.70965809048812,-8544.231993662279,0
Candidate A: Equal-Weight Baseline Control,infy_ns,2020-03-05,2020-03-19,-27.739566599419607,-11097.84697014688,0
Candidate A: Equal-Weight Baseline Control,hdfcbank_ns,2020-03-18,2020-04-01,-5.435605392308694,-2980.7734549868333,0
Candidate A: Equal-Weight Baseline Control,infy_ns,2020-03-19,2020-04-03,7.305870277662699,3627.527577900528,1
Candidate A: Equal-Weight Baseline Control,infy_ns,2020-04-03,2020-04-17,7.296501946778637,4432.564197314092,1
Candidate A: Equal-Weight Baseline Control,infy_ns,2020-04-17,2020-05-04,7.095532755614749,4373.379895436332,1
Candidate A: Equal-Weight Baseline Control,hdfcbank_ns,2020-04-27,2020-05-11,-1.5443610002622732,-761.501928885993,0
Candidate A: Equal-Weight Baseline Control,icicibank_ns,2020-05-04,2020-05-18,-11.74359983035458,-6182.84648514323,0
Candidate A: Equal-Weight Baseline Control,infy_ns,2020-05-05,2020-05-19,-0.8066404201306029,-339.7482174750412,0
Candidate A: Equal-Weight Baseline Control,tcs_ns,2020-05-07,2020-05-21,5.209966194077243,1755.5051131768234,1
Candidate A: Equal-Weight Baseline Control,hdfcbank_ns,2020-05-11,2020-05-26,-6.969443573037284,-2555.382450830861,0
Candidate A: Equal-Weight Baseline Control,infy_ns,2020-05-19,2020-06-02,5.854913467189539,2750.720725984082,1
Candidate A: Equal-Weight Baseline Control,icicibank_ns,2020-05-20,2020-06-03,16.692814730190758,6274.015383580272,1
Candidate A: Equal-Weight Baseline Control,tcs_ns,2020-05-26,2020-06-09,6.588472661024751,2448.159719124135,1
Candidate A: Equal-Weight Baseline Control,hdfcbank_ns,2020-05-26,2020-06-09,15.767985632966203,5762.979484419042,1
Candidate A: Equal-Weight Baseline Control,reliance_ns,2020-06-05,2020-06-19,11.179133436308042,5361.19281716519,1
Candidate A: Equal-Weight Baseline Control,icicibank_ns,2020-06-05,2020-06-19,1.7967736205790312,689.3450111211114,1
Candidate A: Equal-Weight Baseline Control,hdfcbank_ns,2020-06-10,2020-06-24,4.0463553361841225,1904.8689482360028,1
Candidate A: Equal-Weight Baseline Control,infy_ns,2020-06-15,2020-06-29,6.375410949789783,2401.0392249833303,1
Candidate A: Equal-Weight Baseline Control,tcs_ns,2020-06-22,2020-07-06,11.544584711724564,5611.063521505014,1
Candidate A: Equal-Weight Baseline Control,icicibank_ns,2020-06-26,2020-07-10,3.17096098636727,1543.590405475106,1
Candidate A: Equal-Weight Baseline Control,infy_ns,2020-07-08,2020-07-22,18.42533367053543,10649.557136340209,1
Candidate A: Equal-Weight Baseline Control,hdfcbank_ns,2020-07-14,2020-07-28,2.574181842978734,1448.8336352934423,1
Candidate A: Equal-Weight Baseline Control,reliance_ns,2020-07-15,2020-07-29,13.644346077212042,6143.586967538797,1
Candidate A: Equal-Weight Baseline Control,icicibank_ns,2020-07-15,2020-07-29,1.4674595677376414,528.5978778154958,1
Candidate A: Equal-Weight Baseline Control,hdfcbank_ns,2020-07-28,2020-08-11,-1.8895987255214852,-1021.3858193230903,0
Candidate A: Equal-Weight Baseline Control,icicibank_ns,2020-07-30,2020-08-13,6.643267076705414,4038.206951250564,1
Candidate A: Equal-Weight Baseline Control,tcs_ns,2020-08-05,2020-08-19,-0.1782784860623202,-86.69534593299174,0
Candidate A: Equal-Weight Baseline Control,infy_ns,2020-08-05,2020-08-19,1.4946888334480661,581.4838047599853,1
Candidate A: Equal-Weight Baseline Control,hdfcbank_ns,2020-08-11,2020-08-25,4.92102147666107,2053.493134204567,1
Candidate A: Equal-Weight Baseline Control,tcs_ns,2020-08-19,2020-09-02,0.32869048193482797,184.25280605589808,1
Candidate A: Equal-Weight Baseline Control,hdfcbank_ns,2020-08-31,2020-09-14,-5.236277337279784,-3220.245969140199,0
Candidate A: Equal-Weight Baseline Control,tcs_ns,2020-09-02,2020-09-16,10.44516291886208,6313.807436429895,1
Candidate A: Equal-Weight Baseline Control,icicibank_ns,2020-09-09,2020-09-23,-4.33240607688321,-2095.0541733696027,0
Candidate A: Equal-Weight Baseline Control,hdfcbank_ns,2020-09-14,2020-09-28,-0.40428188222403716,-203.52320291289334,0
Candidate A: Equal-Weight Baseline Control,icicibank_ns,2020-09-25,2020-10-09,15.100891158812816,9495.178100585354,1
Candidate A: Equal-Weight Baseline Control,hdfcbank_ns,2020-09-28,2020-10-12,15.067658469667577,9090.361610179812,1
Candidate A: Equal-Weight Baseline Control,infy_ns,2020-10-28,2020-11-11,4.216125503991451,3230.523854875755,1
Candidate A: Equal-Weight Baseline Control,icicibank_ns,2020-10-30,2020-11-13,23.613653910925517,14474.801034799506,1
Candidate A: Equal-Weight Baseline Control,reliance_ns,2020-11-17,2020-12-01,-1.97302801838822,-1581.6604032947175,0
Candidate A: Equal-Weight Baseline Control,infy_ns,2020-12-03,2020-12-17,2.8559102862001424,2280.3809786082716,1
Candidate A: Equal-Weight Baseline Control,icicibank_ns,2020-12-10,2020-12-24,1.251247744215566,799.2748425531524,1
Candidate A: Equal-Weight Baseline Control,icicibank_ns,2021-01-27,2021-02-10,20.959888759084578,16865.104470977847,1
Candidate A: Equal-Weight Baseline Control,reliance_ns,2021-01-28,2021-02-11,9.491998601733243,6110.091514191736,1
Candidate A: Equal-Weight Baseline Control,tcs_ns,2021-02-26,2021-03-12,5.601386332899566,4764.469249612998,1
Candidate A: Equal-Weight Baseline Control,icicibank_ns,2021-03-05,2021-03-19,-3.7892054053041737,-2578.4406303849637,0
Candidate A: Equal-Weight Baseline Control,hdfcbank_ns,2021-03-16,2021-03-30,2.6963645222983463,1952.2284376155771,1
Candidate A: Equal-Weight Baseline Control,icicibank_ns,2021-03-19,2021-04-05,-2.6737660890288204,-1898.7885636064902,0
Candidate A: Equal-Weight Baseline Control,icicibank_ns,2021-04-05,2021-04-19,-2.0621225382932167,-1763.2517906568787,0
Candidate A: Equal-Weight Baseline Control,hdfcbank_ns,2021-04-06,2021-04-20,-3.4400746813500813,-2353.193946235382,0
Candidate A: Equal-Weight Baseline Control,reliance_ns,2021-04-09,2021-04-23,-3.968221686250805,-2171.5796578557056,0
Candidate A: Equal-Weight Baseline Control,hdfcbank_ns,2021-04-26,2021-05-10,1.0207859675105984,860.0023735012409,1
Candidate A: Equal-Weight Baseline Control,tcs_ns,2021-05-12,2021-05-26,2.2451305269866473,1895.362540821405,1
Candidate A: Equal-Weight Baseline Control,tcs_ns,2021-05-26,2021-06-09,1.2711690675953777,1077.9527998192702,1
Candidate A: Equal-Weight Baseline Control,icicibank_ns,2021-06-04,2021-06-18,-1.962842316099425,-1331.5939943350522,0
Candidate A: Equal-Weight Baseline Control,tcs_ns,2021-06-09,2021-06-23,1.8598297755668503,1328.8053212308216,1
Candidate A: Equal-Weight Baseline Control,hdfcbank_ns,2021-06-15,2021-06-29,0.7414208222587444,423.78241141492595,1
Candidate A: Equal-Weight Baseline Control,icicibank_ns,2021-06-22,2021-07-06,3.031602275227398,1789.5007897062576,1
Candidate A: Equal-Weight Baseline Control,hdfcbank_ns,2021-06-29,2021-07-13,-0.0633133516904062,-46.40505153208197,0
Candidate A: Equal-Weight Baseline Control,tcs_ns,2021-07-07,2021-07-22,-1.8384411811517576,-1301.5970588339535,0
Candidate A: Equal-Weight Baseline Control,hdfcbank_ns,2021-07-14,2021-07-28,-5.5070289341201395,-3925.891038629016,0
Candidate A: Equal-Weight Baseline Control,tcs_ns,2021-07-28,2021-08-11,4.525855280451366,3210.2097608621434,1
Candidate A: Equal-Weight Baseline Control,hdfcbank_ns,2021-07-28,2021-08-11,5.425980718179597,3809.9572070178797,1
Candidate A: Equal-Weight Baseline Control,tcs_ns,2021-08-11,2021-08-25,9.358607541347933,6644.76847262918,1
Candidate A: Equal-Weight Baseline Control,hdfcbank_ns,2021-08-12,2021-08-26,3.5049036588490114,2509.7465839836764,1
Candidate A: Equal-Weight Baseline Control,icicibank_ns,2021-08-18,2021-09-01,4.538731245522455,2600.0292955979767,1
Candidate A: Equal-Weight Baseline Control,hdfcbank_ns,2021-08-27,2021-09-13,0.40830009565702596,311.0466239438686,1
Candidate A: Equal-Weight Baseline Control,reliance_ns,2021-09-03,2021-09-17,0.03578231466540509,26.093103910387654,1
Candidate A: Equal-Weight Baseline Control,hdfcbank_ns,2021-09-14,2021-09-28,4.242192561054073,3123.773159891626,1
Candidate A: Equal-Weight Baseline Control,tcs_ns,2021-09-30,2021-10-14,-4.3942159549263735,-3904.267388681664,0
Candidate A: Equal-Weight Baseline Control,reliance_ns,2021-09-30,2021-10-14,7.1370381507582765,5073.015179883087,1
Candidate A: Equal-Weight Baseline Control,hdfcbank_ns,2021-10-04,2021-10-18,5.279199041697047,3001.9687506709447,1
Candidate A: Equal-Weight Baseline Control,icicibank_ns,2021-10-06,2021-10-20,8.118498999005734,3693.2087772972654,1
Candidate A: Equal-Weight Baseline Control,tcs_ns,2021-10-14,2021-10-28,-5.302880459887136,-2830.794086980661,0
Candidate A: Equal-Weight Baseline Control,infy_ns,2021-10-21,2021-11-04,-2.6119477991669307,-2082.9367923562827,0
Candidate A: Equal-Weight Baseline Control,tcs_ns,2021-10-28,2021-11-11,1.893997068728408,1399.8054229064112,1
Candidate A: Equal-Weight Baseline Control,icicibank_ns,2021-11-15,2021-11-29,-7.145889598269012,-6411.302736629241,0
Candidate A: Equal-Weight Baseline Control,hdfcbank_ns,2021-11-17,2021-12-01,-1.7574045314973772,-1261.3967598808795,0
Candidate A: Equal-Weight Baseline Control,tcs_ns,2021-11-18,2021-12-02,4.758135153897382,2732.16378295673,1
Candidate A: Equal-Weight Baseline Control,hdfcbank_ns,2021-12-01,2021-12-15,-0.35888906565932926,-275.27304302353525,0
Candidate A: Equal-Weight Baseline Control,icicibank_ns,2021-12-03,2021-12-17,1.6244381131368402,1192.2036430087223,1
Candidate A: Equal-Weight Baseline Control,hdfcbank_ns,2021-12-15,2021-12-29,-3.125129960123698,-2312.5535248768583,0
Candidate A: Equal-Weight Baseline Control,icicibank_ns,2021-12-21,2022-01-04,7.234480013665233,5361.88550940818,1
Candidate A: Equal-Weight Baseline Control,hdfcbank_ns,2021-12-30,2022-01-13,4.497844680123161,3311.752982588891,1
Candidate A: Equal-Weight Baseline Control,hdfcbank_ns,2022-01-14,2022-01-28,-5.347807533795775,-4823.061628656465,0
Candidate A: Equal-Weight Baseline Control,tcs_ns,2022-01-27,2022-02-10,3.2668335303808145,2357.0241596042806,1
Candidate A: Equal-Weight Baseline Control,hdfcbank_ns,2022-01-28,2022-02-11,3.7478592583731096,2803.1367035846197,1
Candidate A: Equal-Weight Baseline Control,icicibank_ns,2022-01-31,2022-02-14,-4.497569236949885,-2691.0938828540616,0
Candidate A: Equal-Weight Baseline Control,infy_ns,2022-02-09,2022-02-23,0.2692972796020675,128.90594427808495,1
Candidate A: Equal-Weight Baseline Control,hdfcbank_ns,2022-02-11,2022-02-25,-4.179349574226684,-2871.8265805867463,0
Candidate A: Equal-Weight Baseline Control,icicibank_ns,2022-02-16,2022-03-02,-6.4861511663622435,-4306.830617931104,0
Candidate A: Equal-Weight Baseline Control,tcs_ns,2022-02-22,2022-03-08,0.3276286574974605,174.03740335125224,1
Candidate A: Equal-Weight Baseline Control,infy_ns,2022-02-24,2022-03-10,8.749935813340773,4558.326771824508,1
Candidate A: Equal-Weight Baseline Control,hdfcbank_ns,2022-02-25,2022-03-11,-4.120481271080518,-2259.878216301609,0
Candidate A: Equal-Weight Baseline Control,icicibank_ns,2022-03-02,2022-03-16,-1.0077604856924915,-567.3159427600386,0
Candidate A: Equal-Weight Baseline Control,tcs_ns,2022-03-10,2022-03-24,3.508063440491265,1953.8035898491946,1
Candidate A: Equal-Weight Baseline Control,hdfcbank_ns,2022-03-11,2022-03-25,2.390071907696389,1587.0918427198046,1
Candidate A: Equal-Weight Baseline Control,icicibank_ns,2022-03-25,2022-04-08,7.818782667010693,5926.479790078046,1
Candidate A: Equal-Weight Baseline Control,hdfcbank_ns,2022-03-25,2022-04-08,5.800033096077242,4305.742199661906,1
Candidate A: Equal-Weight Baseline Control,infy_ns,2022-04-05,2022-04-19,-16.1131040524314,-9569.444992721908,0
Candidate A: Equal-Weight Baseline Control,hdfcbank_ns,2022-04-08,2022-04-22,-10.545528421835149,-8390.519183057122,0
Candidate A: Equal-Weight Baseline Control,tcs_ns,2022-04-18,2022-05-02,0.3565327416098092,226.93939559603163,1
Candidate A: Equal-Weight Baseline Control,infy_ns,2022-04-19,2022-05-04,-1.7424920740261887,-1060.9227047236,0
Candidate A: Equal-Weight Baseline Control,hdfcbank_ns,2022-04-22,2022-05-06,-2.851785237830451,-1795.002957737338,0
Candidate A: Equal-Weight Baseline Control,reliance_ns,2022-04-26,2022-05-10,-10.888888222877075,-5483.045863974045,0
Candidate A: Equal-Weight Baseline Control,tcs_ns,2022-05-04,2022-05-18,-0.9389855936860138,-498.21961809262115,0
Candidate A: Equal-Weight Baseline Control,infy_ns,2022-05-04,2022-05-18,-1.7651458285271284,-960.4576093471502,0
Candidate A: Equal-Weight Baseline Control,icicibank_ns,2022-05-04,2022-05-18,-2.3822850399524294,-1037.0061248323766,0
Candidate A: Equal-Weight Baseline Control,hdfcbank_ns,2022-05-06,2022-05-20,0.20412117943122607,96.04624112187517,1
Candidate A: Equal-Weight Baseline Control,infy_ns,2022-05-18,2022-06-01,-2.0798554455154044,-1410.5523716315338,0
Candidate A: Equal-Weight Baseline Control,icicibank_ns,2022-05-18,2022-06-01,6.350989660910803,3985.5230594138407,1
Candidate A: Equal-Weight Baseline Control,tcs_ns,2022-05-19,2022-06-02,4.884763752150202,2452.3218727698613,1
Candidate A: Equal-Weight Baseline Control,hdfcbank_ns,2022-05-20,2022-06-03,4.44073960408538,2202.2830750800554,1
Candidate A: Equal-Weight Baseline Control,hdfcbank_ns,2022-06-03,2022-06-17,-6.606891299145391,-5760.822108844565,0
Candidate A: Equal-Weight Baseline Control,infy_ns,2022-06-08,2022-06-22,-4.231241666666667,-2951.515856705637,0
Candidate A: Equal-Weight Baseline Control,icicibank_ns,2022-06-08,2022-06-22,-5.927803207930839,-3307.966132300187,0
Candidate A: Equal-Weight Baseline Control,tcs_ns,2022-06-15,2022-06-29,2.574765303142731,1149.4627770399022,1
Candidate A: Equal-Weight Baseline Control,hdfcbank_ns,2022-06-17,2022-07-01,4.9097208761387865,2553.1227999513535,1
Candidate A: Equal-Weight Baseline Control,infy_ns,2022-06-22,2022-07-06,3.7331152827869514,2051.7898370034513,1
Candidate A: Equal-Weight Baseline Control,icicibank_ns,2022-06-22,2022-07-06,5.6782789107615494,3092.8875435084055,1
Candidate A: Equal-Weight Baseline Control,hdfcbank_ns,2022-07-01,2022-07-15,0.5628087758973915,358.1966845342944,1
Candidate A: Equal-Weight Baseline Control,icicibank_ns,2022-07-07,2022-07-21,5.8769541778975745,4338.992758369312,1
Candidate A: Equal-Weight Baseline Control,tcs_ns,2022-07-11,2022-07-25,1.6496427312732158,974.3534011969019,1
Candidate A: Equal-Weight Baseline Control,infy_ns,2022-07-12,2022-07-26,0.8219431403161184,388.38135272568064,1
Candidate A: Equal-Weight Baseline Control,hdfcbank_ns,2022-07-15,2022-07-29,5.244506428352111,2653.8157405886213,1
Candidate A: Equal-Weight Baseline Control,icicibank_ns,2022-08-23,2022-09-06,2.235001092966594,1973.5569379733906,1
Candidate A: Equal-Weight Baseline Control,tcs_ns,2022-08-24,2022-09-07,-3.2968742786251664,-2328.97214294256,0
Candidate A: Equal-Weight Baseline Control,tcs_ns,2022-09-07,2022-09-21,-4.759358071251914,-4199.238625472298,0
Candidate A: Equal-Weight Baseline Control,icicibank_ns,2022-09-07,2022-09-21,4.404515208320955,3108.9252142604823,1
Candidate A: Equal-Weight Baseline Control,tcs_ns,2022-09-21,2022-10-06,3.3053120964392906,2421.946227781684,1
Candidate A: Equal-Weight Baseline Control,icicibank_ns,2022-09-27,2022-10-11,2.0661178883804396,1515.668200353313,1
Candidate A: Equal-Weight Baseline Control,tcs_ns,2022-10-06,2022-10-20,1.7334724440515814,1279.7511395532797,1
Candidate A: Equal-Weight Baseline Control,icicibank_ns,2022-10-11,2022-10-25,6.201181797277182,4591.074927644261,1
Candidate A: Equal-Weight Baseline Control,icicibank_ns,2022-10-28,2022-11-11,-0.19312252398681368,-173.76164920879336,0
Candidate A: Equal-Weight Baseline Control,icicibank_ns,2022-11-15,2022-11-29,3.7925427585841693,3411.01563880865,1
Candidate A: Equal-Weight Baseline Control,tcs_ns,2022-12-08,2022-12-22,-2.76014225378252,-2501.303671557171,0
Candidate A: Equal-Weight Baseline Control,tcs_ns,2022-12-23,2023-01-06,-0.5701309738959696,-513.8135110060242,0
Candidate B: Mission 28 Drawdown Governor,reliance_ns,2003-08-13,2003-08-27,9.046431717602008,1809.2863435204017,1
Candidate B: Mission 28 Drawdown Governor,infy_ns,2003-08-15,2003-08-29,14.846041729816035,2375.3666767705654,1
Candidate B: Mission 28 Drawdown Governor,reliance_ns,2003-09-03,2003-09-17,-0.30725433291543813,-64.02237212755179,0
Candidate B: Mission 28 Drawdown Governor,hdfcbank_ns,2003-09-18,2003-10-02,6.813201882550642,709.394876744427,1
Candidate B: Mission 28 Drawdown Governor,hdfcbank_ns,2003-10-23,2003-11-06,2.6508989354672226,555.7876061379601,1
Candidate B: Mission 28 Drawdown Governor,hdfcbank_ns,2003-11-07,2003-11-21,-0.8031025236300346,-84.63561248034615,0
Candidate B: Mission 28 Drawdown Governor,hdfcbank_ns,2003-11-21,2003-12-05,8.313539354687203,1750.8509667909946,1
Candidate B: Mission 28 Drawdown Governor,reliance_ns,2003-11-28,2003-12-12,0.8221708410241515,138.52089229003596,1
Candidate B: Mission 28 Drawdown Governor,reliance_ns,2003-12-12,2003-12-26,7.8638036295816,1685.8508625055647,1
Candidate B: Mission 28 Drawdown Governor,hdfcbank_ns,2004-01-22,2004-02-05,-2.78854569035932,-607.213633343025,0
Candidate B: Mission 28 Drawdown Governor,hdfcbank_ns,2004-02-25,2004-03-10,3.535285750800204,765.5250253235605,1
Candidate B: Mission 28 Drawdown Governor,hdfcbank_ns,2004-03-15,2004-03-29,4.468066679266313,974.3487238538855,1
Candidate B: Mission 28 Drawdown Governor,reliance_ns,2004-04-30,2004-05-14,-9.41942502005186,-2072.444191099148,0
Candidate B: Mission 28 Drawdown Governor,reliance_ns,2004-05-14,2004-05-28,-9.351568889315383,-2018.7534034910725,0
Candidate B: Mission 28 Drawdown Governor,hdfcbank_ns,2004-05-14,2004-05-28,4.5556643360576885,786.7567885074001,1
Candidate B: Mission 28 Drawdown Governor,reliance_ns,2004-05-28,2004-06-11,-0.28098925165428495,-49.81827270756638,0
Candidate B: Mission 28 Drawdown Governor,reliance_ns,2004-06-11,2004-06-25,-0.07315428685843643,-15.60451185492307,0
Candidate B: Mission 28 Drawdown Governor,reliance_ns,2004-06-25,2004-07-09,1.640537065222887,349.8911097982776,1
Candidate B: Mission 28 Drawdown Governor,reliance_ns,2004-07-14,2004-07-28,12.599180027369483,2695.949558205871,1
Candidate B: Mission 28 Drawdown Governor,hdfcbank_ns,2004-07-19,2004-08-02,1.4780304217672058,253.0130026825296,1
Candidate B: Mission 28 Drawdown Governor,reliance_ns,2004-11-25,2004-12-09,1.707348345571652,375.40509705464996,1
Candidate B: Mission 28 Drawdown Governor,hdfcbank_ns,2004-12-06,2004-12-20,3.273975220315575,575.8951246357747,1
Candidate B: Mission 28 Drawdown Governor,hdfcbank_ns,2005-01-06,2005-01-20,5.347689303027319,1186.003588663851,1
Candidate B: Mission 28 Drawdown Governor,hdfcbank_ns,2005-01-24,2005-02-07,14.27071060433083,1599.3949463279798,1
Candidate B: Mission 28 Drawdown Governor,hdfcbank_ns,2005-03-01,2005-03-15,2.77950531062256,631.9191381296506,1
Candidate B: Mission 28 Drawdown Governor,hdfcbank_ns,2005-03-17,2005-03-31,-4.8606629749053045,-1111.2123810809871,0
Candidate B: Mission 28 Drawdown Governor,hdfcbank_ns,2005-03-31,2005-04-15,-1.2057053510641662,-272.96073390954456,0
Candidate B: Mission 28 Drawdown Governor,hdfcbank_ns,2005-04-28,2005-05-12,-1.9940107911025586,-450.33734803726094,0
Candidate B: Mission 28 Drawdown Governor,reliance_ns,2005-06-10,2005-06-24,15.492489660838544,3484.947485798555,1
Candidate B: Mission 28 Drawdown Governor,hdfcbank_ns,2005-06-15,2005-06-29,1.7168538276322167,308.95720757985265,1
Candidate B: Mission 28 Drawdown Governor,hdfcbank_ns,2005-08-12,2005-08-26,-3.910527952510541,-909.3233751477487,0
Candidate B: Mission 28 Drawdown Governor,reliance_ns,2005-08-16,2005-08-30,1.0640492365602487,197.94050416976117,1
Candidate B: Mission 28 Drawdown Governor,hdfcbank_ns,2005-08-26,2005-09-09,6.461634718252128,1250.3801973698216,1
Candidate B: Mission 28 Drawdown Governor,reliance_ns,2005-09-01,2005-09-15,4.640099771643661,892.7908863657019,1
Candidate B: Mission 28 Drawdown Governor,reliance_ns,2005-09-27,2005-10-11,0.05147247333921885,12.116398972090785,1
Candidate B: Mission 28 Drawdown Governor,reliance_ns,2005-10-11,2005-10-25,-2.736283177719535,-644.1756060503593,0
Candidate B: Mission 28 Drawdown Governor,icicibank_ns,2005-10-19,2005-11-02,0.32159990929667737,60.5688236258015,1
Candidate B: Mission 28 Drawdown Governor,reliance_ns,2005-10-25,2005-11-08,2.9253239265705426,574.7219914295993,1
Candidate B: Mission 28 Drawdown Governor,hdfcbank_ns,2005-10-25,2005-11-08,1.1148824641934718,175.22776584468886,1
Candidate B: Mission 28 Drawdown Governor,icicibank_ns,2005-11-04,2005-11-18,7.794710204024708,637.3170940083259,1
Candidate B: Mission 28 Drawdown Governor,reliance_ns,2005-11-08,2005-11-22,3.597995762960153,675.0390827992352,1
Candidate B: Mission 28 Drawdown Governor,icicibank_ns,2005-11-18,2005-12-02,0.9798418871183163,195.48256486761684,1
Candidate B: Mission 28 Drawdown Governor,tcs_ns,2005-11-22,2005-12-06,3.5578664121724253,567.8474136297701,1
Candidate B: Mission 28 Drawdown Governor,icicibank_ns,2005-12-02,2005-12-16,7.728171072680433,1598.5538467655647,1
Candidate B: Mission 28 Drawdown Governor,tcs_ns,2005-12-06,2005-12-20,8.92234555984556,1771.3931221074336,1
Candidate B: Mission 28 Drawdown Governor,reliance_ns,2005-12-15,2005-12-29,5.371715842086092,853.1765942274533,1
Candidate B: Mission 28 Drawdown Governor,icicibank_ns,2005-12-16,2005-12-30,-0.3056054581433862,-52.45066507953818,0
Candidate B: Mission 28 Drawdown Governor,tcs_ns,2005-12-20,2006-01-03,2.293082444422147,414.0220738710276,1
Candidate B: Mission 28 Drawdown Governor,reliance_ns,2005-12-29,2006-01-12,-0.5266978589123616,-93.70690951286694,0
Candidate B: Mission 28 Drawdown Governor,icicibank_ns,2005-12-30,2006-01-13,-0.22938327856309126,-40.49808045068507,0
Candidate B: Mission 28 Drawdown Governor,tcs_ns,2006-01-03,2006-01-17,-6.381931103519318,-1137.1336599725373,0
Candidate B: Mission 28 Drawdown Governor,reliance_ns,2006-01-12,2006-01-27,26.029229711348833,4631.628862533303,1
Candidate B: Mission 28 Drawdown Governor,icicibank_ns,2006-01-13,2006-01-27,6.0342870500176655,1071.574909741876,1
Candidate B: Mission 28 Drawdown Governor,tcs_ns,2006-01-17,2006-01-31,2.843710687047411,498.8624788522688,1
Candidate B: Mission 28 Drawdown Governor,tcs_ns,2006-01-31,2006-02-14,-3.1518944612131157,-816.1352809266416,0
Candidate B: Mission 28 Drawdown Governor,icicibank_ns,2006-02-02,2006-02-16,3.026310950327789,626.8938679289465,1
Candidate B: Mission 28 Drawdown Governor,tcs_ns,2006-02-14,2006-02-28,5.028518390641277,1085.5213160980168,1
Candidate B: Mission 28 Drawdown Governor,icicibank_ns,2006-02-17,2006-03-03,4.190511654247853,451.27987993601255,1
Candidate B: Mission 28 Drawdown Governor,hdfcbank_ns,2006-02-17,2006-03-03,2.286004709084051,221.5636691148631,1
Candidate B: Mission 28 Drawdown Governor,reliance_ns,2006-02-21,2006-03-07,4.927805172362494,859.7010594946432,1
Candidate B: Mission 28 Drawdown Governor,tcs_ns,2006-02-28,2006-03-14,5.965334102875817,1103.0679403478703,1
Candidate B: Mission 28 Drawdown Governor,hdfcbank_ns,2006-03-03,2006-03-17,0.5486235656597915,104.34745401307525,1
Candidate B: Mission 28 Drawdown Governor,icicibank_ns,2006-03-07,2006-03-21,-0.49910527511743535,-94.21618047141584,0
Candidate B: Mission 28 Drawdown Governor,tcs_ns,2006-03-14,2006-03-28,4.630545255870312,880.7522318979942,1
Candidate B: Mission 28 Drawdown Governor,icicibank_ns,2006-03-21,2006-04-04,2.5481703638228383,580.9265598539077,1
Candidate B: Mission 28 Drawdown Governor,tcs_ns,2006-03-28,2006-04-12,-5.705145590966537,-1267.596673161905,0
Candidate B: Mission 28 Drawdown Governor,icicibank_ns,2006-04-04,2006-04-18,-4.48770405506629,-1007.5132614865871,0
Candidate B: Mission 28 Drawdown Governor,tcs_ns,2006-04-12,2006-04-26,9.01778706915686,1997.493880958949,1
Candidate B: Mission 28 Drawdown Governor,icicibank_ns,2006-04-18,2006-05-02,5.9913115372559895,1318.6326947731761,1
Candidate B: Mission 28 Drawdown Governor,tcs_ns,2006-05-03,2006-05-17,-0.7879796593548822,-106.78080836689986,0
Candidate B: Mission 28 Drawdown Governor,tcs_ns,2006-05-17,2006-05-31,-11.631266978255002,-3149.871720366961,0
Candidate B: Mission 28 Drawdown Governor,hdfcbank_ns,2006-05-19,2006-06-02,-5.555797920779055,-1203.6556834231299,0
Candidate B: Mission 28 Drawdown Governor,reliance_ns,2006-05-26,2006-06-09,-3.7779194572726755,-654.7846831151037,0
Candidate B: Mission 28 Drawdown Governor,tcs_ns,2006-05-31,2006-06-14,-16.825498689981327,-3138.2497037210583,0
Candidate B: Mission 28 Drawdown Governor,hdfcbank_ns,2006-06-02,2006-06-16,-4.041206999078449,-768.3805146746198,0
Candidate B: Mission 28 Drawdown Governor,icicibank_ns,2006-06-05,2006-06-19,-6.941180157721602,-1055.8167563810753,0
Candidate B: Mission 28 Drawdown Governor,reliance_ns,2006-06-09,2006-06-23,9.606507246627388,744.7036102133044,1
Candidate B: Mission 28 Drawdown Governor,tcs_ns,2006-06-15,2006-06-29,8.345345250755225,711.7091557936428,1
Candidate B: Mission 28 Drawdown Governor,hdfcbank_ns,2006-06-21,2006-07-05,13.813735638058636,3015.657467570488,1
Candidate B: Mission 28 Drawdown Governor,tcs_ns,2006-06-30,2006-07-14,7.741314976310597,813.303709743593,1
Candidate B: Mission 28 Drawdown Governor,icicibank_ns,2006-06-30,2006-07-14,-0.45971901162077655,-43.46833333374121,0
Candidate B: Mission 28 Drawdown Governor,tcs_ns,2006-07-14,2006-07-28,-0.9778836871785339,-237.16526745608763,0
Candidate B: Mission 28 Drawdown Governor,icicibank_ns,2006-07-17,2006-07-31,15.99225852257116,3403.9071938084226,1
Candidate B: Mission 28 Drawdown Governor,hdfcbank_ns,2006-07-17,2006-07-31,12.319240815690032,2097.692574221531,1
Candidate B: Mission 28 Drawdown Governor,reliance_ns,2006-07-25,2006-08-08,-1.127617436425447,-76.80326274456021,0
Candidate B: Mission 28 Drawdown Governor,tcs_ns,2006-07-28,2006-08-11,4.164592911060383,710.6106143588493,1
Candidate B: Mission 28 Drawdown Governor,tcs_ns,2006-08-11,2006-08-25,0.6524234162051499,178.20912421818386,1
Candidate B: Mission 28 Drawdown Governor,icicibank_ns,2006-08-21,2006-09-04,4.673107804906069,1021.1656155855757,1
Candidate B: Mission 28 Drawdown Governor,icicibank_ns,2006-09-04,2006-09-18,3.3044065683237394,910.5234165679071,1
Candidate B: Mission 28 Drawdown Governor,tcs_ns,2006-09-11,2006-09-25,7.513468191718693,1656.258353624663,1
Candidate B: Mission 28 Drawdown Governor,hdfcbank_ns,2006-09-11,2006-09-25,6.691891264621306,1180.1208736911276,1
Candidate B: Mission 28 Drawdown Governor,icicibank_ns,2006-09-18,2006-10-03,8.350980823455298,1653.5893560819136,1
Candidate B: Mission 28 Drawdown Governor,tcs_ns,2006-10-09,2006-10-23,7.724382507433663,2211.8709425436164,1
Candidate B: Mission 28 Drawdown Governor,icicibank_ns,2006-10-20,2006-11-03,4.162327280892732,953.5033519744196,1
Candidate B: Mission 28 Drawdown Governor,tcs_ns,2006-10-23,2006-11-06,-1.9655264942085824,-481.4696516378224,0
Candidate B: Mission 28 Drawdown Governor,tcs_ns,2006-11-06,2006-11-20,5.464510557860393,797.0454061512078,1
Candidate B: Mission 28 Drawdown Governor,tcs_ns,2006-12-08,2006-12-22,-1.9990693966963538,-586.3492933600616,0
Candidate B: Mission 28 Drawdown Governor,icicibank_ns,2006-12-08,2006-12-22,-2.7010270802569702,-633.7930328871423,0
Candidate B: Mission 28 Drawdown Governor,hdfcbank_ns,2006-12-11,2006-12-26,-0.2290501266825283,-42.99708819194587,0
Candidate B: Mission 28 Drawdown Governor,tcs_ns,2006-12-22,2007-01-05,9.39542904075019,975.550051056422,1
Candidate B: Mission 28 Drawdown Governor,hdfcbank_ns,2007-01-09,2007-01-23,1.8230166057283292,266.8312454207268,1
Candidate B: Mission 28 Drawdown Governor,tcs_ns,2007-01-17,2007-01-31,-2.099333116136476,-276.54761967299055,0
Candidate B: Mission 28 Drawdown Governor,tcs_ns,2007-02-01,2007-02-15,-0.03453224033617542,-5.054078494782178,0
Candidate B: Mission 28 Drawdown Governor,hdfcbank_ns,2007-02-14,2007-02-28,-8.131480558562437,-1071.0983868847159,0
Candidate B: Mission 28 Drawdown Governor,tcs_ns,2007-02-28,2007-03-14,1.6376109426714494,218.0985966299363,1
Candidate B: Mission 28 Drawdown Governor,hdfcbank_ns,2007-03-05,2007-03-19,-0.4161806628780982,-54.920868434783685,0
Candidate B: Mission 28 Drawdown Governor,tcs_ns,2007-03-14,2007-03-28,-1.0836428906103988,-143.37007441939895,0
Candidate B: Mission 28 Drawdown Governor,hdfcbank_ns,2007-03-19,2007-04-02,-2.568606279990745,-339.6080269237748,0
Candidate B: Mission 28 Drawdown Governor,tcs_ns,2007-03-28,2007-04-11,-0.9196691254195721,-121.47028590251341,0
Candidate B: Mission 28 Drawdown Governor,hdfcbank_ns,2007-04-02,2007-04-16,8.111447202195668,1068.7177372012534,1
Candidate B: Mission 28 Drawdown Governor,tcs_ns,2007-04-11,2007-04-25,2.5357398288073,333.86921758578717,1
Candidate B: Mission 28 Drawdown Governor,reliance_ns,2007-05-04,2007-05-18,7.229301575492666,1057.2377902852106,1
Candidate B: Mission 28 Drawdown Governor,hdfcbank_ns,2007-05-07,2007-05-21,10.619132386649072,2795.360837494926,1
Candidate B: Mission 28 Drawdown Governor,infy_ns,2007-05-08,2007-05-22,-2.8204956923461104,-593.9696701112804,0
Candidate B: Mission 28 Drawdown Governor,tcs_ns,2007-05-10,2007-05-24,-0.4523319828202184,-38.10273199077619,0
Candidate B: Mission 28 Drawdown Governor,reliance_ns,2007-05-18,2007-06-01,3.057168155206283,279.7130599533505,1
Candidate B: Mission 28 Drawdown Governor,infy_ns,2007-05-22,2007-06-05,-0.23226653672587325,-30.642694604370607,0
Candidate B: Mission 28 Drawdown Governor,hdfcbank_ns,2007-05-22,2007-06-05,3.938675333656864,467.6629891963828,1
Candidate B: Mission 28 Drawdown Governor,tcs_ns,2007-05-24,2007-06-07,-1.4985507246376812,-172.70500034410813,0
Candidate B: Mission 28 Drawdown Governor,infy_ns,2007-06-05,2007-06-19,0.6392406720048769,80.74543253465991,1
Candidate B: Mission 28 Drawdown Governor,reliance_ns,2007-06-06,2007-06-20,2.4113762430931382,303.89228736153774,1
Candidate B: Mission 28 Drawdown Governor,tcs_ns,2007-06-07,2007-06-21,-5.134451068919259,-1281.2927436301748,0
Candidate B: Mission 28 Drawdown Governor,icicibank_ns,2007-06-18,2007-07-02,3.3714198166502265,336.53262549947095,1
Candidate B: Mission 28 Drawdown Governor,infy_ns,2007-06-19,2007-07-03,-0.5199658239306354,-53.32225519032464,0
Candidate B: Mission 28 Drawdown Governor,hdfcbank_ns,2007-06-20,2007-07-04,4.556576811508765,479.35606611406723,1
Candidate B: Mission 28 Drawdown Governor,reliance_ns,2007-06-21,2007-07-05,-1.4619248595066667,-173.02516436842322,0
Candidate B: Mission 28 Drawdown Governor,tcs_ns,2007-06-22,2007-07-06,1.5896091062026223,169.32343518500588,1
Candidate B: Mission 28 Drawdown Governor,infy_ns,2007-07-03,2007-07-17,-0.5042236051787048,-58.685129387434685,0
Candidate B: Mission 28 Drawdown Governor,hdfcbank_ns,2007-07-04,2007-07-18,4.2320208000869854,489.84730471037125,1
Candidate B: Mission 28 Drawdown Governor,reliance_ns,2007-07-05,2007-07-19,10.644414358800738,1233.0007808707683,1
Candidate B: Mission 28 Drawdown Governor,tcs_ns,2007-07-06,2007-07-20,1.4380571904116675,165.4817581966854,1
Candidate B: Mission 28 Drawdown Governor,infy_ns,2007-07-17,2007-07-31,1.870578476810892,215.38935474661562,1
Candidate B: Mission 28 Drawdown Governor,reliance_ns,2007-07-19,2007-08-02,-4.921293832555245,-632.4475191259876,0
Candidate B: Mission 28 Drawdown Governor,tcs_ns,2007-07-25,2007-08-08,0.33301903752625706,42.40464590289205,1
Candidate B: Mission 28 Drawdown Governor,infy_ns,2007-07-31,2007-08-14,-1.081978130274314,-136.6869183387212,0
Candidate B: Mission 28 Drawdown Governor,reliance_ns,2007-08-02,2007-08-16,-3.4639142063799486,-436.1633088108664,0
Candidate B: Mission 28 Drawdown Governor,tcs_ns,2007-08-08,2007-08-22,-11.037038337556087,-1391.7759111864075,0
Candidate B: Mission 28 Drawdown Governor,infy_ns,2007-08-14,2007-08-28,-3.891283034879934,-490.2503322273049,0
Candidate B: Mission 28 Drawdown Governor,reliance_ns,2007-08-16,2007-08-30,9.892986445574094,1242.0010948494169,1
Candidate B: Mission 28 Drawdown Governor,icicibank_ns,2007-08-16,2007-08-30,4.862516366891473,549.4120118494474,1
Candidate B: Mission 28 Drawdown Governor,tcs_ns,2007-08-22,2007-09-05,4.475463017003576,505.3181994719167,1
Candidate B: Mission 28 Drawdown Governor,reliance_ns,2007-08-30,2007-09-13,5.985001853485869,763.2225088231187,1
Candidate B: Mission 28 Drawdown Governor,infy_ns,2007-09-03,2007-09-17,-3.0501370416622793,-386.204088731401,0
Candidate B: Mission 28 Drawdown Governor,tcs_ns,2007-09-05,2007-09-19,-4.645079863936022,-584.1323506976186,0
Candidate B: Mission 28 Drawdown Governor,reliance_ns,2007-09-13,2007-09-27,14.285614603532318,1809.8888169180486,1
Candidate B: Mission 28 Drawdown Governor,infy_ns,2007-09-17,2007-10-01,5.518464598595786,696.979028343589,1
Candidate B: Mission 28 Drawdown Governor,tcs_ns,2007-09-19,2007-10-03,5.435742541113642,683.0590063303987,1
Candidate B: Mission 28 Drawdown Governor,infy_ns,2007-10-01,2007-10-15,1.127675938440966,158.89034997833605,1
Candidate B: Mission 28 Drawdown Governor,tcs_ns,2007-10-03,2007-10-17,1.3855310138012302,194.0571577153815,1
Candidate B: Mission 28 Drawdown Governor,infy_ns,2007-10-16,2007-10-30,-0.7006791095299743,-98.3072107600377,0
Candidate B: Mission 28 Drawdown Governor,tcs_ns,2007-10-18,2007-11-01,-9.01468300820533,-1266.3151989861137,0
Candidate B: Mission 28 Drawdown Governor,hdfcbank_ns,2007-10-19,2007-11-02,29.514022881874848,7462.636268423672,1
Candidate B: Mission 28 Drawdown Governor,infy_ns,2007-10-31,2007-11-14,-7.094287106565801,-816.3550805497903,0
Candidate B: Mission 28 Drawdown Governor,tcs_ns,2007-11-01,2007-11-15,-4.236359523891769,-985.7661066021539,0
Candidate B: Mission 28 Drawdown Governor,tcs_ns,2007-11-15,2007-11-29,-1.4928636222938843,-237.06477846736772,0
Candidate B: Mission 28 Drawdown Governor,infy_ns,2007-11-15,2007-11-29,-4.9070400917931964,-701.308357593697,0
Candidate B: Mission 28 Drawdown Governor,hdfcbank_ns,2007-11-26,2007-12-10,2.6626061260412044,342.48286234022737,1
Candidate B: Mission 28 Drawdown Governor,tcs_ns,2007-11-29,2007-12-13,6.525044107622789,857.4367593096131,1
Candidate B: Mission 28 Drawdown Governor,infy_ns,2007-11-29,2007-12-13,5.861858426944588,772.9265563463578,1
Candidate B: Mission 28 Drawdown Governor,reliance_ns,2007-12-11,2007-12-26,0.325815959131187,42.9674350739308,1
Candidate B: Mission 28 Drawdown Governor,tcs_ns,2007-12-14,2007-12-28,3.9608731277184663,580.8442881939745,1
Candidate B: Mission 28 Drawdown Governor,infy_ns,2007-12-17,2007-12-31,8.906030165311767,2350.8529188794773,1
Candidate B: Mission 28 Drawdown Governor,tcs_ns,2007-12-28,2008-01-11,-8.584290284922472,-2301.6332268157225,0
Candidate B: Mission 28 Drawdown Governor,infy_ns,2008-01-03,2008-01-17,-12.837261528806964,-3491.6238745504743,0
Candidate B: Mission 28 Drawdown Governor,reliance_ns,2008-01-04,2008-01-18,-6.508516072425051,-1416.2079696127698,0
Candidate B: Mission 28 Drawdown Governor,tcs_ns,2008-01-11,2008-01-25,-10.668585440955338,-1190.056684881506,0
Candidate B: Mission 28 Drawdown Governor,infy_ns,2008-01-17,2008-01-31,0.5300925429570124,65.78474061965076,1
Candidate B: Mission 28 Drawdown Governor,tcs_ns,2008-01-25,2008-02-08,1.5092526774121482,214.31124131064365,1
Candidate B: Mission 28 Drawdown Governor,hdfcbank_ns,2008-01-25,2008-02-08,-10.396401052713664,-1328.6436945281064,0
Candidate B: Mission 28 Drawdown Governor,infy_ns,2008-02-01,2008-02-15,-1.8802616106315235,-239.72285744371072,0
Candidate B: Mission 28 Drawdown Governor,tcs_ns,2008-02-08,2008-02-22,0.18919059871111477,24.435689633216274,1
Candidate B: Mission 28 Drawdown Governor,hdfcbank_ns,2008-02-08,2008-02-22,2.192357706336236,279.95180034166896,1
Candidate B: Mission 28 Drawdown Governor,tcs_ns,2008-02-22,2008-03-07,-6.087728514157371,-1553.9725401910277,0
Candidate B: Mission 28 Drawdown Governor,infy_ns,2008-02-21,2008-03-07,-12.148030419511446,-1548.0803470630378,0
Candidate B: Mission 28 Drawdown Governor,hdfcbank_ns,2008-02-25,2008-03-10,-7.800656876500456,-898.2818148162926,0
Candidate B: Mission 28 Drawdown Governor,tcs_ns,2008-03-07,2008-03-24,-2.701868646634624,-344.7895449617655,0
Candidate B: Mission 28 Drawdown Governor,icicibank_ns,2008-03-07,2008-03-24,-10.253089485637451,-1292.3583422491104,0
Candidate B: Mission 28 Drawdown Governor,hdfcbank_ns,2008-03-10,2008-03-24,2.266804179989263,281.2159997165869,1
Candidate B: Mission 28 Drawdown Governor,infy_ns,2008-03-11,2008-03-25,4.571383204250976,510.40645605719124,1
Candidate B: Mission 28 Drawdown Governor,tcs_ns,2008-03-24,2008-04-07,9.705950249642454,1095.8370157681913,1
Candidate B: Mission 28 Drawdown Governor,icicibank_ns,2008-03-24,2008-04-07,1.0838207363054668,122.39098071942458,1
Candidate B: Mission 28 Drawdown Governor,hdfcbank_ns,2008-03-24,2008-04-07,-2.9176362101894457,-333.5441329687079,0
Candidate B: Mission 28 Drawdown Governor,infy_ns,2008-03-26,2008-04-09,-1.3531192933451777,-155.01828051186874,0
Candidate B: Mission 28 Drawdown Governor,reliance_ns,2008-04-02,2008-04-16,12.69991412062079,1309.453625691773,1
Candidate B: Mission 28 Drawdown Governor,tcs_ns,2008-04-07,2008-04-21,9.822293022225276,1033.135828221864,1
Candidate B: Mission 28 Drawdown Governor,hdfcbank_ns,2008-04-07,2008-04-21,12.016237188833198,1408.037106299068,1
Candidate B: Mission 28 Drawdown Governor,infy_ns,2008-04-09,2008-04-23,11.296059362820909,1318.9440604685312,1
Candidate B: Mission 28 Drawdown Governor,tcs_ns,2008-04-21,2008-05-05,-6.6854978438628105,-857.4611033154664,0
Candidate B: Mission 28 Drawdown Governor,infy_ns,2008-04-23,2008-05-07,11.849752966776457,1677.3574725365695,1
Candidate B: Mission 28 Drawdown Governor,hdfcbank_ns,2008-04-24,2008-05-08,4.505472723670681,573.9832320042951,1
Candidate B: Mission 28 Drawdown Governor,tcs_ns,2008-05-05,2008-05-20,3.037566771288647,384.6332041168154,1
Candidate B: Mission 28 Drawdown Governor,infy_ns,2008-05-07,2008-05-21,1.3862578775778058,179.92997416591513,1
Candidate B: Mission 28 Drawdown Governor,hdfcbank_ns,2008-05-08,2008-05-22,-8.306555942702989,-1080.9286658212088,0
Candidate B: Mission 28 Drawdown Governor,tcs_ns,2008-05-20,2008-06-03,1.941478327571562,252.71019986057772,1
Candidate B: Mission 28 Drawdown Governor,infy_ns,2008-05-22,2008-06-05,6.165870624007133,803.4554688231295,1
Candidate B: Mission 28 Drawdown Governor,reliance_ns,2008-05-22,2008-06-05,-14.484623468124234,-1698.7017055785236,0
Candidate B: Mission 28 Drawdown Governor,icicibank_ns,2008-05-23,2008-06-06,-10.792256072261011,-2535.7617898931903,0
Candidate B: Mission 28 Drawdown Governor,hdfcbank_ns,2008-05-23,2008-06-06,-10.833597041263788,-2036.380251943469,0
Candidate B: Mission 28 Drawdown Governor,tcs_ns,2008-06-03,2008-06-17,-5.569469851331219,-492.65683920504296,0
Candidate B: Mission 28 Drawdown Governor,hdfcbank_ns,2008-06-06,2008-06-20,-10.93343989331662,-1543.7466125042667,0
Candidate B: Mission 28 Drawdown Governor,reliance_ns,2008-06-09,2008-06-23,-6.381505270205078,-810.9327453861307,0
Candidate B: Mission 28 Drawdown Governor,tcs_ns,2008-06-17,2008-07-01,-8.034714704530678,-986.0276571772447,0
Candidate B: Mission 28 Drawdown Governor,hdfcbank_ns,2008-06-20,2008-07-04,-8.964273564218422,-1102.8260441764264,0
Candidate B: Mission 28 Drawdown Governor,icicibank_ns,2008-06-24,2008-07-08,-15.515494535732882,-1902.490407565685,0
Candidate B: Mission 28 Drawdown Governor,infy_ns,2008-06-25,2008-07-09,4.250125913946212,469.03058018848793,1
Candidate B: Mission 28 Drawdown Governor,tcs_ns,2008-07-01,2008-07-15,-11.492899776127627,-1271.1979880914378,0
Candidate B: Mission 28 Drawdown Governor,hdfcbank_ns,2008-07-04,2008-07-18,3.3672630326656767,372.91142899154784,1
Candidate B: Mission 28 Drawdown Governor,icicibank_ns,2008-07-09,2008-07-23,18.759964253273274,2280.0042471291517,1
Candidate B: Mission 28 Drawdown Governor,infy_ns,2008-07-11,2008-07-25,-7.5722502330426655,-828.2684451162875,0
Candidate B: Mission 28 Drawdown Governor,tcs_ns,2008-07-15,2008-07-29,7.712717099031195,834.7735511606917,1
Candidate B: Mission 28 Drawdown Governor,reliance_ns,2008-07-15,2008-07-29,5.292733338428595,515.5654450672696,1
Candidate B: Mission 28 Drawdown Governor,hdfcbank_ns,2008-07-18,2008-08-01,7.080319089387302,701.776986528791,1
Candidate B: Mission 28 Drawdown Governor,tcs_ns,2008-07-29,2008-08-12,1.2226172994280824,153.3242038166678,1
Candidate B: Mission 28 Drawdown Governor,icicibank_ns,2008-07-29,2008-08-12,21.81663505098374,2686.1176862661287,1
Candidate B: Mission 28 Drawdown Governor,infy_ns,2008-08-01,2008-08-18,3.906666951344765,432.89858637924254,1
Candidate B: Mission 28 Drawdown Governor,hdfcbank_ns,2008-08-01,2008-08-18,8.539947548343708,942.3202201100554,1
Candidate B: Mission 28 Drawdown Governor,reliance_ns,2008-08-05,2008-08-19,-2.528930725418082,-251.1439666222672,0
Candidate B: Mission 28 Drawdown Governor,tcs_ns,2008-08-12,2008-08-26,1.7556256086752844,179.19934530579425,1
Candidate B: Mission 28 Drawdown Governor,infy_ns,2008-08-18,2008-09-01,1.0613092074328707,125.63421368750049,1
Candidate B: Mission 28 Drawdown Governor,hdfcbank_ns,2008-08-18,2008-09-01,7.818605966299827,926.6264251767703,1
Candidate B: Mission 28 Drawdown Governor,icicibank_ns,2008-08-21,2008-09-04,11.277257054834392,1312.0377174736393,1
Candidate B: Mission 28 Drawdown Governor,reliance_ns,2008-08-25,2008-09-08,-4.4743093512042025,-468.50190076296155,0
Candidate B: Mission 28 Drawdown Governor,tcs_ns,2008-08-26,2008-09-09,3.634985966048485,760.6189226577985,1
Candidate B: Mission 28 Drawdown Governor,infy_ns,2008-09-01,2008-09-15,-8.468583258354268,-810.130840295324,0
Candidate B: Mission 28 Drawdown Governor,hdfcbank_ns,2008-09-01,2008-09-15,-7.355908000186637,-727.3151291181805,0
Candidate B: Mission 28 Drawdown Governor,reliance_ns,2008-09-08,2008-09-22,-4.459013129451242,-499.1254476716518,0
Candidate B: Mission 28 Drawdown Governor,tcs_ns,2008-09-15,2008-09-29,-18.526160939906127,-2268.1252815260787,0
Candidate B: Mission 28 Drawdown Governor,hdfcbank_ns,2008-09-15,2008-09-29,-0.3033157626059994,-38.855287713249986,0
Candidate B: Mission 28 Drawdown Governor,icicibank_ns,2008-09-23,2008-10-07,-19.08412188683313,-2404.3341424051337,0
Candidate B: Mission 28 Drawdown Governor,tcs_ns,2008-09-29,2008-10-13,-7.651040226105719,-943.849087887429,0
Candidate B: Mission 28 Drawdown Governor,infy_ns,2008-09-29,2008-10-13,-5.412278215868806,-600.9034504889518,0
Candidate B: Mission 28 Drawdown Governor,hdfcbank_ns,2008-09-29,2008-10-13,-2.3232022093622486,-261.81256951162777,0
Candidate B: Mission 28 Drawdown Governor,icicibank_ns,2008-10-07,2008-10-21,-11.177308663914667,-1247.605644847881,0
Candidate B: Mission 28 Drawdown Governor,reliance_ns,2008-10-10,2008-10-24,-33.29469488640584,-3344.7035846908093,0
Candidate B: Mission 28 Drawdown Governor,hdfcbank_ns,2008-10-13,2008-10-27,-20.563157484477962,-2535.715308816624,0
Candidate B: Mission 28 Drawdown Governor,tcs_ns,2008-10-14,2008-10-29,-8.802163545381497,-976.8831845314389,0
Candidate B: Mission 28 Drawdown Governor,icicibank_ns,2008-10-23,2008-11-06,18.420815960669366,2022.57418525791,1
Candidate B: Mission 28 Drawdown Governor,reliance_ns,2008-10-24,2008-11-07,19.680199482142626,2076.64514881766,1
Candidate B: Mission 28 Drawdown Governor,hdfcbank_ns,2008-10-27,2008-11-10,18.003819300297064,1886.1377600793458,1
Candidate B: Mission 28 Drawdown Governor,tcs_ns,2008-10-29,2008-11-12,-1.140424099542383,-119.06964504688213,0
Candidate B: Mission 28 Drawdown Governor,infy_ns,2008-10-29,2008-11-12,-3.4906083675277144,-328.00337132245915,0
Candidate B: Mission 28 Drawdown Governor,hdfcbank_ns,2008-11-10,2008-11-24,-24.712865549162878,-3028.9104461204433,0
Candidate B: Mission 28 Drawdown Governor,tcs_ns,2008-11-12,2008-11-26,-1.4420895234739444,-173.95847127445984,0
Candidate B: Mission 28 Drawdown Governor,reliance_ns,2008-11-12,2008-11-26,-2.0538163606132755,-241.60118925723225,0
Candidate B: Mission 28 Drawdown Governor,icicibank_ns,2008-11-20,2008-12-04,12.55003380299681,1328.6936627602818,1
Candidate B: Mission 28 Drawdown Governor,hdfcbank_ns,2008-11-24,2008-12-08,8.256059686137524,862.8577120748374,1
Candidate B: Mission 28 Drawdown Governor,tcs_ns,2008-11-26,2008-12-10,2.527149546601778,267.751066690083,1
Candidate B: Mission 28 Drawdown Governor,reliance_ns,2008-11-26,2008-12-10,7.6992204186245194,822.8678167411393,1
Candidate B: Mission 28 Drawdown Governor,infy_ns,2008-12-02,2008-12-16,-6.960924275389662,-669.5649980900575,0
Candidate B: Mission 28 Drawdown Governor,icicibank_ns,2008-12-04,2008-12-18,29.605501722676465,2915.728925022443,1
Candidate B: Mission 28 Drawdown Governor,hdfcbank_ns,2008-12-08,2008-12-22,13.361993335579673,1335.5513790550103,1
Candidate B: Mission 28 Drawdown Governor,tcs_ns,2008-12-10,2008-12-24,-11.669729288967769,-1176.5314993814063,0
Candidate B: Mission 28 Drawdown Governor,reliance_ns,2008-12-10,2008-12-24,1.1553926570851363,118.13627277784275,1
Candidate B: Mission 28 Drawdown Governor,infy_ns,2008-12-16,2008-12-30,0.2254645682468303,22.76567569189678,1
Candidate B: Mission 28 Drawdown Governor,hdfcbank_ns,2008-12-22,2009-01-05,2.462248624180814,283.08498223906463,1
Candidate B: Mission 28 Drawdown Governor,tcs_ns,2008-12-24,2009-01-07,5.520776793798884,620.416459658241,1
Candidate B: Mission 28 Drawdown Governor,infy_ns,2008-12-30,2009-01-13,8.833755016500975,1074.2157858507449,1
Candidate B: Mission 28 Drawdown Governor,hdfcbank_ns,2009-01-05,2009-01-19,-9.91002556186861,-1201.325721361623,0
Candidate B: Mission 28 Drawdown Governor,tcs_ns,2009-01-07,2009-01-21,-2.5249901549371674,-305.42080982450403,0
Candidate B: Mission 28 Drawdown Governor,reliance_ns,2009-01-09,2009-01-23,0.201330352118391,21.917483978864663,1
Candidate B: Mission 28 Drawdown Governor,icicibank_ns,2009-01-12,2009-01-27,-13.034368707246157,-1277.0678036311235,0
Candidate B: Mission 28 Drawdown Governor,hdfcbank_ns,2009-01-19,2009-02-02,-5.615166115046826,-630.7787473643893,0
Candidate B: Mission 28 Drawdown Governor,tcs_ns,2009-01-21,2009-02-04,1.239220243314927,139.89786537793907,1
Candidate B: Mission 28 Drawdown Governor,reliance_ns,2009-01-23,2009-02-06,16.263259736645495,1829.7941671089752,1
Candidate B: Mission 28 Drawdown Governor,infy_ns,2009-01-27,2009-02-10,4.444201733162539,450.01906668351364,1
Candidate B: Mission 28 Drawdown Governor,icicibank_ns,2009-01-27,2009-02-10,12.433919635088719,1239.0956200970045,1
Candidate B: Mission 28 Drawdown Governor,hdfcbank_ns,2009-02-02,2009-02-16,2.7898011944848244,279.79397097062116,1
Candidate B: Mission 28 Drawdown Governor,tcs_ns,2009-02-04,2009-02-18,-3.6378961432916745,-369.94360417713597,0
Candidate B: Mission 28 Drawdown Governor,reliance_ns,2009-02-06,2009-02-20,-6.846614367569279,-716.1788408720544,0
Candidate B: Mission 28 Drawdown Governor,infy_ns,2009-02-10,2009-02-24,-9.434633774608239,-987.9856175662873,0
Candidate B: Mission 28 Drawdown Governor,hdfcbank_ns,2009-02-16,2009-03-02,-7.513848897997173,-869.8078668243888,0
Candidate B: Mission 28 Drawdown Governor,icicibank_ns,2009-02-17,2009-03-03,-23.39844766845647,-2437.757095838645,0
Candidate B: Mission 28 Drawdown Governor,tcs_ns,2009-02-18,2009-03-04,-4.249669724581953,-440.11844092232116,0
Candidate B: Mission 28 Drawdown Governor,reliance_ns,2009-02-20,2009-03-06,-6.708550303496907,-690.6650600360025,0
Candidate B: Mission 28 Drawdown Governor,infy_ns,2009-03-02,2009-03-16,5.586817378093415,570.6463189343563,1
Candidate B: Mission 28 Drawdown Governor,hdfcbank_ns,2009-03-02,2009-03-16,-0.1504571186437161,-15.441966452537407,0
Candidate B: Mission 28 Drawdown Governor,icicibank_ns,2009-03-03,2009-03-17,9.349900479436227,938.271896186452,1
Candidate B: Mission 28 Drawdown Governor,tcs_ns,2009-03-04,2009-03-18,9.629232934971416,965.1603337780803,1
Candidate B: Mission 28 Drawdown Governor,reliance_ns,2009-03-06,2009-03-20,14.414084640287964,1438.7233509604876,1
Candidate B: Mission 28 Drawdown Governor,infy_ns,2009-03-16,2009-03-30,0.9977752359365584,100.39329869013194,1
Candidate B: Mission 28 Drawdown Governor,hdfcbank_ns,2009-03-16,2009-03-30,11.857403524304342,1195.2660977906137,1
Candidate B: Mission 28 Drawdown Governor,tcs_ns,2009-03-18,2009-04-01,7.735871835232262,871.7150696493316,1
Candidate B: Mission 28 Drawdown Governor,reliance_ns,2009-03-20,2009-04-06,24.758378261199855,2793.646352321843,1
Candidate B: Mission 28 Drawdown Governor,icicibank_ns,2009-03-26,2009-04-09,6.012819762631548,610.6184596521804,1
Candidate B: Mission 28 Drawdown Governor,infy_ns,2009-03-31,2009-04-15,3.4756892767977257,392.18008305217654,1
Candidate B: Mission 28 Drawdown Governor,tcs_ns,2009-04-06,2009-04-20,-3.1801680233486986,-361.559251882273,0
Candidate B: Mission 28 Drawdown Governor,hdfcbank_ns,2009-04-06,2009-04-20,0.22707622734025393,26.43166612977019,1
Candidate B: Mission 28 Drawdown Governor,infy_ns,2009-04-15,2009-04-29,10.060951544604517,1279.7688101608226,1
Candidate B: Mission 28 Drawdown Governor,tcs_ns,2009-04-20,2009-05-04,18.643889461357706,2339.6037690203552,1
Candidate B: Mission 28 Drawdown Governor,hdfcbank_ns,2009-04-28,2009-05-12,11.461712460829819,1428.204603523352,1
Candidate B: Mission 28 Drawdown Governor,infy_ns,2009-04-29,2009-05-13,4.23475078325586,1068.392329312077,1
Candidate B: Mission 28 Drawdown Governor,tcs_ns,2009-05-05,2009-05-19,2.8287442396313365,327.5832187882684,1
Candidate B: Mission 28 Drawdown Governor,hdfcbank_ns,2009-05-12,2009-05-26,11.715224181523553,1383.726336895474,1
Candidate B: Mission 28 Drawdown Governor,infy_ns,2009-05-13,2009-05-27,0.8517423454283989,112.94080051728606,1
Candidate B: Mission 28 Drawdown Governor,tcs_ns,2009-05-19,2009-06-02,3.680869727510265,966.2124966674551,1
Candidate B: Mission 28 Drawdown Governor,infy_ns,2009-05-27,2009-06-10,13.836578472535816,1820.4270695131183,1
Candidate B: Mission 28 Drawdown Governor,tcs_ns,2009-06-02,2009-06-16,11.969893889754912,3486.2418736627033,1
Candidate B: Mission 28 Drawdown Governor,infy_ns,2009-06-11,2009-06-25,0.4152302823620717,54.59339705588701,1
Candidate B: Mission 28 Drawdown Governor,tcs_ns,2009-06-23,2009-07-07,6.0835743554789765,1836.5214214752682,1
Candidate B: Mission 28 Drawdown Governor,infy_ns,2009-06-25,2009-07-09,-4.683571310651844,-1254.7767314233079,0
Candidate B: Mission 28 Drawdown Governor,reliance_ns,2009-08-12,2009-08-26,2.432808427439821,801.4890465175414,1
Candidate B: Mission 28 Drawdown Governor,tcs_ns,2009-08-18,2009-09-01,3.495444253708334,921.2596439443114,1
Candidate B: Mission 28 Drawdown Governor,reliance_ns,2009-08-26,2009-09-09,6.235612907371751,1735.627263297289,1
Candidate B: Mission 28 Drawdown Governor,reliance_ns,2009-09-09,2009-09-23,-3.126697918268722,-1051.7176215080417,0
Candidate B: Mission 28 Drawdown Governor,reliance_ns,2009-09-24,2009-10-08,0.8396285523320083,140.3285658459077,1
Candidate B: Mission 28 Drawdown Governor,tcs_ns,2009-10-07,2009-10-21,6.892610233337491,2073.552872072771,1
Candidate B: Mission 28 Drawdown Governor,reliance_ns,2009-10-08,2009-10-22,0.6832460110712405,187.466773041309,1
Candidate B: Mission 28 Drawdown Governor,reliance_ns,2009-10-22,2009-11-05,-9.133597918202744,-1548.44689773594,0
Candidate B: Mission 28 Drawdown Governor,tcs_ns,2009-11-09,2009-11-23,11.401513544463192,3830.5579174090303,1
Candidate B: Mission 28 Drawdown Governor,reliance_ns,2009-11-11,2009-11-25,3.765497446305214,1012.0730725567565,1
Candidate B: Mission 28 Drawdown Governor,reliance_ns,2009-12-04,2009-12-18,-7.465440869585002,-2580.4632962718483,0
Candidate B: Mission 28 Drawdown Governor,reliance_ns,2009-12-18,2010-01-04,6.680122370764889,2274.5387951763946,1
Candidate B: Mission 28 Drawdown Governor,reliance_ns,2010-01-04,2010-01-18,2.1804091612120056,752.3341762919079,1
Candidate B: Mission 28 Drawdown Governor,tcs_ns,2010-01-07,2010-01-21,7.819803062522588,2158.5325178280495,1
Candidate B: Mission 28 Drawdown Governor,reliance_ns,2010-01-19,2010-02-02,-5.365315360183647,-781.5668366305209,0
Candidate B: Mission 28 Drawdown Governor,reliance_ns,2010-02-02,2010-02-16,-0.9791560004998247,-342.02042417113665,0
Candidate B: Mission 28 Drawdown Governor,reliance_ns,2010-02-18,2010-03-04,1.572760631063317,548.2914367251092,1
Candidate B: Mission 28 Drawdown Governor,reliance_ns,2010-03-04,2010-03-18,6.154983524524078,2152.48268636869,1
Candidate B: Mission 28 Drawdown Governor,tcs_ns,2010-03-09,2010-03-23,7.744983250864014,2166.8220280072096,1
Candidate B: Mission 28 Drawdown Governor,reliance_ns,2010-04-07,2010-04-21,-6.738694604177368,-2414.827457741627,0
Candidate B: Mission 28 Drawdown Governor,reliance_ns,2010-04-21,2010-05-05,-3.221734780507316,-1138.9565586636943,0
Candidate B: Mission 28 Drawdown Governor,reliance_ns,2010-05-05,2010-05-19,-2.2044088031915194,-774.2872236972377,0
Candidate B: Mission 28 Drawdown Governor,infy_ns,2010-05-07,2010-05-21,-1.3906403232207736,-390.7641934541825,0
Candidate B: Mission 28 Drawdown Governor,icicibank_ns,2010-05-10,2010-05-24,-9.805447294757784,-2204.2321883601676,0
Candidate B: Mission 28 Drawdown Governor,reliance_ns,2010-05-19,2010-06-02,1.191053407426797,296.02173838966655,1
Candidate B: Mission 28 Drawdown Governor,icicibank_ns,2010-05-28,2010-06-11,-2.2171709443067313,-653.6191673187773,0
Candidate B: Mission 28 Drawdown Governor,reliance_ns,2010-06-02,2010-06-16,4.586422271257664,656.1761645751629,1
Candidate B: Mission 28 Drawdown Governor,reliance_ns,2010-06-16,2010-06-30,2.9637600787656004,1022.8037781550842,1
Candidate B: Mission 28 Drawdown Governor,icicibank_ns,2010-06-16,2010-06-30,-1.765705481574962,-487.48081887011466,0
Candidate B: Mission 28 Drawdown Governor,hdfcbank_ns,2010-06-23,2010-07-07,-3.1228864391868454,-344.8700260601303,0
Candidate B: Mission 28 Drawdown Governor,reliance_ns,2010-06-30,2010-07-14,-1.8291757610777968,-246.79776383830284,0
Candidate B: Mission 28 Drawdown Governor,icicibank_ns,2010-06-30,2010-07-14,3.377552513200614,501.74027627421185,1
Candidate B: Mission 28 Drawdown Governor,tcs_ns,2010-07-01,2010-07-15,6.790836830347614,907.9097070045746,1
Candidate B: Mission 28 Drawdown Governor,reliance_ns,2010-07-14,2010-07-28,-4.643899732959969,-669.9781956078958,0
Candidate B: Mission 28 Drawdown Governor,icicibank_ns,2010-07-14,2010-07-28,1.923765281698516,279.3315324156392,1
Candidate B: Mission 28 Drawdown Governor,infy_ns,2010-07-15,2010-07-29,2.6139015503583813,378.90573062791447,1
Candidate B: Mission 28 Drawdown Governor,icicibank_ns,2010-07-28,2010-08-11,6.878370249076459,1093.788691046463,1
Candidate B: Mission 28 Drawdown Governor,infy_ns,2010-07-29,2010-08-12,-2.182598989778348,-344.83191908755606,0
Candidate B: Mission 28 Drawdown Governor,reliance_ns,2010-08-02,2010-08-16,-3.7591489250968126,-534.5219573742356,0
Candidate B: Mission 28 Drawdown Governor,tcs_ns,2010-08-12,2010-08-26,2.6494507551174022,384.08742957920583,1
Candidate B: Mission 28 Drawdown Governor,infy_ns,2010-08-12,2010-08-26,-0.30413942827577656,-44.38189267258218,0
Candidate B: Mission 28 Drawdown Governor,icicibank_ns,2010-08-17,2010-08-31,1.9095998093455013,276.9267876396396,1
Candidate B: Mission 28 Drawdown Governor,reliance_ns,2010-08-19,2010-09-02,-4.115710960126507,-537.1678131286351,0
Candidate B: Mission 28 Drawdown Governor,infy_ns,2010-08-26,2010-09-09,4.6246850531536525,679.3382878458781,1
Candidate B: Mission 28 Drawdown Governor,icicibank_ns,2010-09-06,2010-09-20,8.440632303781099,1346.2621513881002,1
Candidate B: Mission 28 Drawdown Governor,reliance_ns,2010-09-07,2010-09-21,7.516618244805217,2157.991121208603,1
Candidate B: Mission 28 Drawdown Governor,infy_ns,2010-09-09,2010-09-23,4.365749650866258,568.451770611695,1
Candidate B: Mission 28 Drawdown Governor,icicibank_ns,2010-09-20,2010-10-04,2.46702892551559,663.5442646353092,1
Candidate B: Mission 28 Drawdown Governor,reliance_ns,2010-09-21,2010-10-05,-1.1410845458135037,-315.97444598039095,0
Candidate B: Mission 28 Drawdown Governor,tcs_ns,2010-09-22,2010-10-06,2.5576262391719293,566.5799519674453,1
Candidate B: Mission 28 Drawdown Governor,infy_ns,2010-09-23,2010-10-07,0.9601152797033193,196.2465013881422,1
Candidate B: Mission 28 Drawdown Governor,icicibank_ns,2010-10-04,2010-10-18,-3.508032755327043,-766.9934401489938,0
Candidate B: Mission 28 Drawdown Governor,reliance_ns,2010-10-05,2010-10-19,1.9561278769777237,224.62297492292805,1
Candidate B: Mission 28 Drawdown Governor,infy_ns,2010-10-07,2010-10-21,-0.6719358530082241,-98.5747764907758,0
Candidate B: Mission 28 Drawdown Governor,icicibank_ns,2010-10-18,2010-11-01,10.324243947409993,3161.888887604373,1
Candidate B: Mission 28 Drawdown Governor,tcs_ns,2010-10-19,2010-11-02,8.388036806643147,2055.126980946236,1
Candidate B: Mission 28 Drawdown Governor,reliance_ns,2010-10-19,2010-11-02,2.8640918016474703,628.4414777545562,1
Candidate B: Mission 28 Drawdown Governor,infy_ns,2010-10-21,2010-11-04,1.35646910916448,277.64218940947603,1
Candidate B: Mission 28 Drawdown Governor,reliance_ns,2010-11-02,2010-11-16,-4.174094437908217,-687.8328479138319,0
Candidate B: Mission 28 Drawdown Governor,icicibank_ns,2010-11-04,2010-11-18,-8.07489168781405,-2730.1719372790585,0
Candidate B: Mission 28 Drawdown Governor,infy_ns,2010-11-08,2010-11-22,0.8713219836015597,235.67957762735338,1
Candidate B: Mission 28 Drawdown Governor,reliance_ns,2010-11-16,2010-11-30,-4.404928536864859,-1092.2883939046394,0
Candidate B: Mission 28 Drawdown Governor,icicibank_ns,2010-11-18,2010-12-02,2.2461698804726664,585.209476162099,1
Candidate B: Mission 28 Drawdown Governor,tcs_ns,2010-11-19,2010-12-03,8.016670694001087,1670.9089363848827,1
Candidate B: Mission 28 Drawdown Governor,infy_ns,2010-11-22,2010-12-06,3.2239791304961622,713.5046193526402,1
Candidate B: Mission 28 Drawdown Governor,reliance_ns,2010-11-30,2010-12-14,7.013229668122819,1574.1809971469324,1
Candidate B: Mission 28 Drawdown Governor,icicibank_ns,2010-12-02,2010-12-16,-7.2159549639936,-1680.1973491776648,0
Candidate B: Mission 28 Drawdown Governor,infy_ns,2010-12-06,2010-12-20,6.517626780473658,902.6680311829409,1
Candidate B: Mission 28 Drawdown Governor,reliance_ns,2010-12-14,2010-12-28,-0.7461682608708854,-221.8609622637735,0
Candidate B: Mission 28 Drawdown Governor,icicibank_ns,2010-12-16,2010-12-30,2.7611621418647867,776.0950586162517,1
Candidate B: Mission 28 Drawdown Governor,infy_ns,2010-12-21,2011-01-04,4.519312944245373,574.7775866856099,1
Candidate B: Mission 28 Drawdown Governor,reliance_ns,2010-12-28,2011-01-11,-3.307271848179289,-952.3340324430552,0
Candidate B: Mission 28 Drawdown Governor,icicibank_ns,2010-12-30,2011-01-13,-9.795749415836408,-2822.434847824553,0
Candidate B: Mission 28 Drawdown Governor,infy_ns,2011-01-04,2011-01-18,-4.598987589006718,-1182.3485665891706,0
Candidate B: Mission 28 Drawdown Governor,tcs_ns,2011-01-11,2011-01-25,8.143447774575414,1674.8718916099597,1
Candidate B: Mission 28 Drawdown Governor,icicibank_ns,2011-01-13,2011-01-27,-1.184908497794313,-322.5360734228377,0
Candidate B: Mission 28 Drawdown Governor,reliance_ns,2011-01-20,2011-02-03,-2.724333128200074,-726.8950308049064,0
Candidate B: Mission 28 Drawdown Governor,hdfcbank_ns,2011-01-24,2011-02-07,-5.155426123663231,-1100.439176745904,0
Candidate B: Mission 28 Drawdown Governor,icicibank_ns,2011-01-27,2011-02-10,-5.4202108346862055,-729.1312454484395,0
Candidate B: Mission 28 Drawdown Governor,tcs_ns,2011-01-31,2011-02-14,-4.11868056889082,-997.286971282975,0
Candidate B: Mission 28 Drawdown Governor,reliance_ns,2011-02-03,2011-02-17,1.014204080261527,249.10815145509008,1
Candidate B: Mission 28 Drawdown Governor,hdfcbank_ns,2011-02-10,2011-02-24,2.094422603762374,549.6414827008895,1
Candidate B: Mission 28 Drawdown Governor,icicibank_ns,2011-02-14,2011-02-28,-6.176978057079556,-1583.6397265744881,0
Candidate B: Mission 28 Drawdown Governor,infy_ns,2011-02-17,2011-03-03,-2.8510462127484324,-584.7558470289066,0
Candidate B: Mission 28 Drawdown Governor,reliance_ns,2011-02-17,2011-03-03,2.40696381511204,514.3774249654953,1
Candidate B: Mission 28 Drawdown Governor,icicibank_ns,2011-03-01,2011-03-15,-2.9329871188876906,-399.8494943953162,0
Candidate B: Mission 28 Drawdown Governor,reliance_ns,2011-03-03,2011-03-17,5.4158571798450055,1781.8798622976528,1
Candidate B: Mission 28 Drawdown Governor,tcs_ns,2011-03-11,2011-03-25,3.9032680625632845,1027.3763914919396,1
Candidate B: Mission 28 Drawdown Governor,icicibank_ns,2011-03-16,2011-03-30,7.89287923820203,935.438047130146,1
Candidate B: Mission 28 Drawdown Governor,reliance_ns,2011-03-18,2011-04-01,4.318412011134503,610.3992275405717,1
Candidate B: Mission 28 Drawdown Governor,hdfcbank_ns,2011-03-22,2011-04-05,11.291692402930174,2872.906185117445,1
Candidate B: Mission 28 Drawdown Governor,icicibank_ns,2011-03-30,2011-04-13,1.5495999926450736,439.7951594689378,1
Candidate B: Mission 28 Drawdown Governor,infy_ns,2011-04-05,2011-04-19,-12.10214200540861,-3104.6842139657333,0
Candidate B: Mission 28 Drawdown Governor,hdfcbank_ns,2011-04-07,2011-04-21,2.322736466674313,608.2391252411048,1
Candidate B: Mission 28 Drawdown Governor,icicibank_ns,2011-04-13,2011-04-27,-1.8239736995271143,-487.2427169713687,0
Candidate B: Mission 28 Drawdown Governor,tcs_ns,2011-04-25,2011-05-09,-5.248378600289602,-819.7804206106587,0
Candidate B: Mission 28 Drawdown Governor,icicibank_ns,2011-04-27,2011-05-11,-2.7725810766116945,-924.9508620865385,0
Candidate B: Mission 28 Drawdown Governor,icicibank_ns,2011-05-11,2011-05-25,-6.357798455536219,-2297.4307870070243,0
Candidate B: Mission 28 Drawdown Governor,reliance_ns,2011-05-17,2011-05-31,3.337220493730663,964.7406295053391,1
Candidate B: Mission 28 Drawdown Governor,hdfcbank_ns,2011-05-25,2011-06-08,4.405022741838011,1316.8571664552824,1
Candidate B: Mission 28 Drawdown Governor,infy_ns,2011-05-26,2011-06-09,3.0080207344767738,359.6924595571123,1
Candidate B: Mission 28 Drawdown Governor,icicibank_ns,2011-05-27,2011-06-10,-3.0677271054827164,-660.2976273777127,0
Candidate B: Mission 28 Drawdown Governor,reliance_ns,2011-06-01,2011-06-15,-4.932427753212402,-572.0099659922895,0
Candidate B: Mission 28 Drawdown Governor,hdfcbank_ns,2011-06-08,2011-06-22,-1.4313235170452066,-388.128082252027,0
Candidate B: Mission 28 Drawdown Governor,icicibank_ns,2011-06-10,2011-06-24,2.6709097317369723,378.32923686974055,1
Candidate B: Mission 28 Drawdown Governor,infy_ns,2011-06-16,2011-06-30,3.8815368165154593,537.6246308213229,1
Candidate B: Mission 28 Drawdown Governor,tcs_ns,2011-06-17,2011-07-01,7.402103033203082,1845.4533803390584,1
Candidate B: Mission 28 Drawdown Governor,reliance_ns,2011-06-17,2011-07-01,-0.83234318376954,-166.01233840701977,0
Candidate B: Mission 28 Drawdown Governor,hdfcbank_ns,2011-06-22,2011-07-06,9.528879795207569,1014.9144556958523,1
Candidate B: Mission 28 Drawdown Governor,icicibank_ns,2011-06-24,2011-07-08,-0.41632378713584034,-45.962779084715834,0
Candidate B: Mission 28 Drawdown Governor,reliance_ns,2011-07-01,2011-07-15,1.2545290492170342,201.10841549506955,1
Candidate B: Mission 28 Drawdown Governor,tcs_ns,2011-07-04,2011-07-18,-5.162556286492662,-744.8294352336924,0
Candidate B: Mission 28 Drawdown Governor,icicibank_ns,2011-07-08,2011-07-22,0.6900502043939353,210.476103089353,1
Candidate B: Mission 28 Drawdown Governor,hdfcbank_ns,2011-07-11,2011-07-25,0.015334063122975796,3.7417032327202833,1
Candidate B: Mission 28 Drawdown Governor,reliance_ns,2011-07-15,2011-07-29,-5.22949530877403,-1190.6170089180266,0
Candidate B: Mission 28 Drawdown Governor,icicibank_ns,2011-07-22,2011-08-05,-9.553229156967413,-2588.2392631752864,0
Candidate B: Mission 28 Drawdown Governor,infy_ns,2011-07-28,2011-08-11,-11.330750935394628,-3008.9098317151143,0
Candidate B: Mission 28 Drawdown Governor,reliance_ns,2011-07-29,2011-08-12,-8.144268633226758,-2081.638324907196,0
Candidate B: Mission 28 Drawdown Governor,infy_ns,2011-08-18,2011-09-02,-1.5317847569804761,-266.1736928141619,0
Candidate B: Mission 28 Drawdown Governor,reliance_ns,2011-08-22,2011-09-05,4.155297537967421,649.8483529385536,1
Candidate B: Mission 28 Drawdown Governor,infy_ns,2011-09-05,2011-09-19,4.254490997375469,671.621719989377,1
Candidate B: Mission 28 Drawdown Governor,reliance_ns,2011-09-05,2011-09-19,4.0932023870068575,648.2180528245601,1
Candidate B: Mission 28 Drawdown Governor,infy_ns,2011-10-31,2011-11-14,-2.437990611248769,-427.79554782729565,0
Candidate B: Mission 28 Drawdown Governor,reliance_ns,2011-11-01,2011-11-15,0.048716099153624876,15.386833079954421,1
Candidate B: Mission 28 Drawdown Governor,reliance_ns,2011-11-17,2011-12-01,-1.4012619920043827,-245.3023165418685,0
Candidate B: Mission 28 Drawdown Governor,reliance_ns,2011-12-01,2011-12-15,-6.1608366854337495,-1076.9933371929408,0
Candidate B: Mission 28 Drawdown Governor,reliance_ns,2011-12-15,2011-12-29,-5.146427896714653,-894.1189907468298,0
Candidate B: Mission 28 Drawdown Governor,reliance_ns,2011-12-30,2012-01-13,5.553665778575157,959.9051695448507,1
Candidate B: Mission 28 Drawdown Governor,infy_ns,2012-01-09,2012-01-23,-8.374615146401315,-1302.7346302854937,0
Candidate B: Mission 28 Drawdown Governor,icicibank_ns,2012-01-11,2012-01-25,12.748825966137636,1784.8585412114749,1
Candidate B: Mission 28 Drawdown Governor,reliance_ns,2012-01-16,2012-01-30,11.417709331276962,1646.9554137174446,1
Candidate B: Mission 28 Drawdown Governor,icicibank_ns,2012-02-09,2012-02-23,0.3913634997765289,68.85285792524935,1
Candidate B: Mission 28 Drawdown Governor,reliance_ns,2012-02-15,2012-02-29,-1.9494797889219613,-308.6760250005179,0
Candidate B: Mission 28 Drawdown Governor,infy_ns,2012-02-16,2012-03-01,-1.8470023438406808,-526.4099791265733,0
Candidate B: Mission 28 Drawdown Governor,icicibank_ns,2012-02-24,2012-03-09,-1.9220857189982021,-253.0714605182143,0
Candidate B: Mission 28 Drawdown Governor,reliance_ns,2012-03-06,2012-03-20,-2.109366510986671,-341.7130998871382,0
Candidate B: Mission 28 Drawdown Governor,icicibank_ns,2012-03-12,2012-03-26,-6.123709091943919,-971.9037100730623,0
Candidate B: Mission 28 Drawdown Governor,reliance_ns,2012-03-20,2012-04-03,-1.0816286041594037,-171.65286995481432,0
Candidate B: Mission 28 Drawdown Governor,infy_ns,2012-03-26,2012-04-09,-0.3324693102534664,-47.48615185628459,0
Candidate B: Mission 28 Drawdown Governor,reliance_ns,2012-04-03,2012-04-17,-0.8865710566233713,-141.09181420382095,0
Candidate B: Mission 28 Drawdown Governor,icicibank_ns,2012-04-03,2012-04-17,-2.553704884621117,-365.7644440099004,0
Candidate B: Mission 28 Drawdown Governor,infy_ns,2012-04-11,2012-04-25,-16.246788689682838,-2325.588528538959,0
Candidate B: Mission 28 Drawdown Governor,hdfcbank_ns,2012-04-16,2012-04-30,2.3555922605002357,303.4645553168268,1
Candidate B: Mission 28 Drawdown Governor,reliance_ns,2012-04-17,2012-05-02,-0.4316399319190251,-113.70931693933792,0
Candidate B: Mission 28 Drawdown Governor,infy_ns,2012-04-25,2012-05-09,0.6432870547130793,84.47640253573373,1
Candidate B: Mission 28 Drawdown Governor,infy_ns,2012-05-09,2012-05-23,-0.8124310112503302,-138.77981894756334,0
Candidate B: Mission 28 Drawdown Governor,reliance_ns,2012-05-09,2012-05-23,-1.236290704938444,-190.06534467520754,0
Candidate B: Mission 28 Drawdown Governor,reliance_ns,2012-05-24,2012-06-07,3.6803350140664874,627.4661685769497,1
Candidate B: Mission 28 Drawdown Governor,icicibank_ns,2012-06-05,2012-06-19,4.335151656427676,665.196209229825,1
Candidate B: Mission 28 Drawdown Governor,reliance_ns,2012-06-07,2012-06-21,-0.40337526040912264,-62.83570581625042,0
Candidate B: Mission 28 Drawdown Governor,reliance_ns,2012-06-21,2012-07-05,2.7314151214241527,469.0424743899941,1
Candidate B: Mission 28 Drawdown Governor,icicibank_ns,2012-06-29,2012-07-13,2.9001625985539436,448.2180272125096,1
Candidate B: Mission 28 Drawdown Governor,reliance_ns,2012-07-06,2012-07-20,-1.7093707268298743,-267.9191297747629,0
Candidate B: Mission 28 Drawdown Governor,icicibank_ns,2012-07-13,2012-07-27,0.18744575976654979,29.422446940425928,1
Candidate B: Mission 28 Drawdown Governor,hdfcbank_ns,2012-07-20,2012-08-03,0.9107340949772444,142.68857737845354,1
Candidate B: Mission 28 Drawdown Governor,reliance_ns,2012-07-26,2012-08-09,9.8021451634887,1382.1693298999794,1
Candidate B: Mission 28 Drawdown Governor,icicibank_ns,2012-07-27,2012-08-10,2.8034128163263614,799.7131678977204,1
Candidate B: Mission 28 Drawdown Governor,icicibank_ns,2012-08-10,2012-08-24,-0.09187259931785423,-16.05241709891987,0
Candidate B: Mission 28 Drawdown Governor,hdfcbank_ns,2012-08-10,2012-08-24,-1.021039004519328,-160.5607078373201,0
Candidate B: Mission 28 Drawdown Governor,reliance_ns,2012-08-24,2012-09-07,1.1832396012287951,167.46040882492323,1
Candidate B: Mission 28 Drawdown Governor,icicibank_ns,2012-08-24,2012-09-07,-1.7780697069775395,-257.51919890360745,0
Candidate B: Mission 28 Drawdown Governor,hdfcbank_ns,2012-08-24,2012-09-07,-1.0389340127345765,-151.59331053265217,0
Candidate B: Mission 28 Drawdown Governor,icicibank_ns,2012-09-10,2012-09-24,14.568612872850526,2539.403721891949,1
Candidate B: Mission 28 Drawdown Governor,hdfcbank_ns,2012-09-10,2012-09-24,7.364031766569937,1155.2386528100105,1
Candidate B: Mission 28 Drawdown Governor,tcs_ns,2012-09-20,2012-10-04,-0.4166831012212202,-58.83075953309514,0
Candidate B: Mission 28 Drawdown Governor,reliance_ns,2012-09-20,2012-10-04,2.399219425932023,304.8674415410977,1
Candidate B: Mission 28 Drawdown Governor,tcs_ns,2012-10-04,2012-10-18,-0.7936623484153473,-131.14108003017,0
Candidate B: Mission 28 Drawdown Governor,hdfcbank_ns,2012-10-30,2012-11-15,1.9374812771908168,345.0964624378512,1
Candidate B: Mission 28 Drawdown Governor,hdfcbank_ns,2012-11-15,2012-11-29,8.239853090621976,1470.493418273758,1
Candidate B: Mission 28 Drawdown Governor,infy_ns,2012-11-16,2012-11-30,3.9380191224294308,632.5049759010215,1
Candidate B: Mission 28 Drawdown Governor,tcs_ns,2012-11-19,2012-12-03,4.261232959014023,1231.952344379857,1
Candidate B: Mission 28 Drawdown Governor,icicibank_ns,2012-11-27,2012-12-11,8.508714973104928,1967.9433552869248,1
Candidate B: Mission 28 Drawdown Governor,infy_ns,2012-12-07,2012-12-21,-1.0963630444820525,-347.9143893826656,0
Candidate B: Mission 28 Drawdown Governor,tcs_ns,2012-12-10,2012-12-24,2.292830677656021,582.0763763896433,1
Candidate B: Mission 28 Drawdown Governor,reliance_ns,2012-12-10,2012-12-24,-0.9670811839634927,-196.4087856017518,0
Candidate B: Mission 28 Drawdown Governor,infy_ns,2012-12-21,2013-01-04,2.243297296590588,617.8931684276272,1
Candidate B: Mission 28 Drawdown Governor,tcs_ns,2012-12-24,2013-01-07,2.2115463991570183,301.0904628101714,1
Candidate B: Mission 28 Drawdown Governor,icicibank_ns,2012-12-24,2013-01-07,5.355229322119409,763.8876910872306,1
Candidate B: Mission 28 Drawdown Governor,reliance_ns,2012-12-27,2013-01-10,3.904242125899884,1002.4453076593743,1
Candidate B: Mission 28 Drawdown Governor,hdfcbank_ns,2012-12-28,2013-01-11,-1.2815887703242606,-263.24651140623376,0
Candidate B: Mission 28 Drawdown Governor,tcs_ns,2013-01-07,2013-01-21,2.663244782350755,330.8814891738223,1
Candidate B: Mission 28 Drawdown Governor,infy_ns,2013-01-14,2013-01-28,0.09779360030565205,16.996512073705482,1
Candidate B: Mission 28 Drawdown Governor,hdfcbank_ns,2013-01-14,2013-01-28,0.10680006248511853,16.705650382485345,1
Candidate B: Mission 28 Drawdown Governor,tcs_ns,2013-01-23,2013-02-06,4.414407926163998,1355.5123787035955,1
Candidate B: Mission 28 Drawdown Governor,reliance_ns,2013-01-23,2013-02-06,-5.182580519816661,-1273.1133444378677,0
Candidate B: Mission 28 Drawdown Governor,icicibank_ns,2013-01-24,2013-02-07,-1.7365740163528363,-341.2748603317131,0
Candidate B: Mission 28 Drawdown Governor,infy_ns,2013-01-28,2013-02-11,-0.7114325595430745,-68.30161545390345,0
Candidate B: Mission 28 Drawdown Governor,hdfcbank_ns,2013-01-28,2013-02-11,-2.047950904005039,-209.0217845409331,0
Candidate B: Mission 28 Drawdown Governor,icicibank_ns,2013-02-21,2013-03-07,3.4263998566244833,637.4893091817147,1
Candidate B: Mission 28 Drawdown Governor,hdfcbank_ns,2013-02-21,2013-03-07,-3.717960555486339,-622.5613427310647,0
Candidate B: Mission 28 Drawdown Governor,reliance_ns,2013-03-18,2013-04-01,-6.704941635455432,-1247.569385489677,0
Candidate B: Mission 28 Drawdown Governor,infy_ns,2013-03-19,2013-04-02,3.9063558754800747,1308.320113026927,1
Candidate B: Mission 28 Drawdown Governor,icicibank_ns,2013-03-19,2013-04-02,1.3341646019054156,357.4716566338241,1
Candidate B: Mission 28 Drawdown Governor,hdfcbank_ns,2013-03-20,2013-04-03,-0.34561160641799066,-74.08162580339544,0
Candidate B: Mission 28 Drawdown Governor,icicibank_ns,2013-04-04,2013-04-18,11.230041423422367,2093.4065244870544,1
Candidate B: Mission 28 Drawdown Governor,infy_ns,2013-04-09,2013-04-23,-18.263459244883716,-3064.0635213402743,0
Candidate B: Mission 28 Drawdown Governor,reliance_ns,2013-04-15,2013-04-29,-0.16964439569878942,-25.615141016917832,0
Candidate B: Mission 28 Drawdown Governor,tcs_ns,2013-04-17,2013-05-02,-1.6110218390753546,-218.92793025870407,0
Candidate B: Mission 28 Drawdown Governor,infy_ns,2013-04-23,2013-05-07,3.773926347826763,591.5702638987102,1
Candidate B: Mission 28 Drawdown Governor,reliance_ns,2013-04-29,2013-05-13,1.255090083269357,195.98287184694047,1
Candidate B: Mission 28 Drawdown Governor,tcs_ns,2013-05-03,2013-05-17,3.8465385127748277,592.0047926020868,1
Candidate B: Mission 28 Drawdown Governor,infy_ns,2013-05-07,2013-05-21,2.0266198820562153,313.68434349395085,1
Candidate B: Mission 28 Drawdown Governor,reliance_ns,2013-05-27,2013-06-10,-4.750054157350312,-887.7344561635402,0
Candidate B: Mission 28 Drawdown Governor,icicibank_ns,2013-06-03,2013-06-17,-3.864183645359013,-649.9572358472077,0
Candidate B: Mission 28 Drawdown Governor,reliance_ns,2013-06-10,2013-06-24,0.36786146065895403,62.23537546371512,1
Candidate B: Mission 28 Drawdown Governor,hdfcbank_ns,2013-06-11,2013-06-25,-4.6949952275264595,-714.8759514950099,0
Candidate B: Mission 28 Drawdown Governor,tcs_ns,2013-06-13,2013-06-27,3.147653250740009,431.3451565330262,1
Candidate B: Mission 28 Drawdown Governor,reliance_ns,2013-06-24,2013-07-08,9.3189267882161,1458.2613618096282,1
Candidate B: Mission 28 Drawdown Governor,icicibank_ns,2013-07-01,2013-07-15,-0.6911242521242924,-117.13309523560234,0
Candidate B: Mission 28 Drawdown Governor,reliance_ns,2013-07-15,2013-07-29,-1.29262038305954,-219.28065373883462,0
Candidate B: Mission 28 Drawdown Governor,icicibank_ns,2013-07-15,2013-07-29,-12.526676082089452,-2123.3647145841887,0
Candidate B: Mission 28 Drawdown Governor,infy_ns,2013-07-19,2013-08-02,5.613643799640835,856.3989184090159,1
Candidate B: Mission 28 Drawdown Governor,icicibank_ns,2013-08-06,2013-08-20,-4.197526598568339,-776.4804162701348,0
Candidate B: Mission 28 Drawdown Governor,reliance_ns,2013-08-16,2013-08-30,3.2325029821986986,538.1687720243067,1
Candidate B: Mission 28 Drawdown Governor,tcs_ns,2013-08-20,2013-09-03,15.186558251349124,2275.5240460321415,1
Candidate B: Mission 28 Drawdown Governor,hdfcbank_ns,2013-08-22,2013-09-05,3.4814400149462,531.1851451887186,1
Candidate B: Mission 28 Drawdown Governor,infy_ns,2013-09-26,2013-10-10,3.775727747424885,708.1514293652846,1
Candidate B: Mission 28 Drawdown Governor,tcs_ns,2013-10-24,2013-11-07,5.5851559591547275,1051.4713874204951,1
Candidate B: Mission 28 Drawdown Governor,infy_ns,2013-10-24,2013-11-07,1.4256531199825273,241.55639117510486,1
Candidate B: Mission 28 Drawdown Governor,infy_ns,2013-11-07,2013-11-21,-0.444429789576324,-84.24380213842625,0
Candidate B: Mission 28 Drawdown Governor,icicibank_ns,2013-11-13,2013-11-27,2.6828932326231176,457.69977340353034,1
Candidate B: Mission 28 Drawdown Governor,tcs_ns,2013-11-14,2013-11-28,-2.102076626203488,-645.5031347591565,0
Candidate B: Mission 28 Drawdown Governor,tcs_ns,2013-11-28,2013-12-12,2.1810742390611106,412.8397472075079,1
Candidate B: Mission 28 Drawdown Governor,reliance_ns,2013-12-12,2013-12-26,1.9427944361323994,368.5395517153507,1
Candidate B: Mission 28 Drawdown Governor,icicibank_ns,2013-12-19,2014-01-02,1.0871822740013852,185.61032212027436,1
Candidate B: Mission 28 Drawdown Governor,icicibank_ns,2014-01-02,2014-01-16,-1.601844546285721,-304.75052053802,0
Candidate B: Mission 28 Drawdown Governor,icicibank_ns,2014-01-27,2014-02-10,-4.924772194431539,-935.4358398199927,0
Candidate B: Mission 28 Drawdown Governor,tcs_ns,2014-02-04,2014-02-18,0.6306227126180076,107.80526634489988,1
Candidate B: Mission 28 Drawdown Governor,infy_ns,2014-02-07,2014-02-21,5.110668569702385,786.3042002768921,1
Candidate B: Mission 28 Drawdown Governor,icicibank_ns,2014-02-18,2014-03-04,2.9644921816971905,515.0266271193664,1
Candidate B: Mission 28 Drawdown Governor,icicibank_ns,2014-03-04,2014-03-18,12.608524416385045,2400.898793977233,1
Candidate B: Mission 28 Drawdown Governor,tcs_ns,2014-03-10,2014-03-24,0.41415516617834375,70.97659849350558,1
Candidate B: Mission 28 Drawdown Governor,tcs_ns,2014-03-26,2014-04-09,2.189142698475191,760.0769797828096,1
Candidate B: Mission 28 Drawdown Governor,reliance_ns,2014-03-25,2014-04-09,9.367553333550962,1806.9127270382448,1
Candidate B: Mission 28 Drawdown Governor,infy_ns,2014-04-16,2014-04-30,0.693934679528415,135.6347809103151,1
Candidate B: Mission 28 Drawdown Governor,infy_ns,2014-05-07,2014-05-21,2.8745153681199715,562.2356511335561,1
Candidate B: Mission 28 Drawdown Governor,reliance_ns,2014-05-13,2014-05-27,2.2574816263915563,397.39324395046697,1
Candidate B: Mission 28 Drawdown Governor,tcs_ns,2014-05-19,2014-06-02,4.521295411362039,716.3110460953508,1
Candidate B: Mission 28 Drawdown Governor,tcs_ns,2014-06-06,2014-06-20,9.93180771944719,3918.4782773225074,1
Candidate B: Mission 28 Drawdown Governor,reliance_ns,2014-06-24,2014-07-08,-6.161017618813017,-2479.0408860567795,0
Candidate B: Mission 28 Drawdown Governor,reliance_ns,2014-07-11,2014-07-25,5.673988435194246,2254.940307277937,1
Candidate B: Mission 28 Drawdown Governor,icicibank_ns,2014-07-11,2014-07-25,8.721224711644199,2772.7714084340264,1
Candidate B: Mission 28 Drawdown Governor,infy_ns,2014-08-05,2014-08-19,0.9401124054571858,191.53501010521933,1
Candidate B: Mission 28 Drawdown Governor,infy_ns,2014-08-19,2014-09-02,1.8079676218805547,368.69489796163975,1
Candidate B: Mission 28 Drawdown Governor,infy_ns,2014-09-04,2014-09-18,-0.36665992585102797,-74.9073454504685,0
Candidate B: Mission 28 Drawdown Governor,reliance_ns,2014-09-08,2014-09-22,-4.495107274025424,-826.5012800832455,0
Candidate B: Mission 28 Drawdown Governor,infy_ns,2014-09-25,2014-10-09,-1.2469073745946642,-253.61485948549551,0
Candidate B: Mission 28 Drawdown Governor,reliance_ns,2014-09-25,2014-10-09,2.6157662487302176,478.8306515957864,1
Candidate B: Mission 28 Drawdown Governor,tcs_ns,2014-10-17,2014-10-31,6.775342640977304,1379.5974589014534,1
Candidate B: Mission 28 Drawdown Governor,reliance_ns,2014-10-17,2014-10-31,6.626471111361641,1214.3557709222766,1
Candidate B: Mission 28 Drawdown Governor,hdfcbank_ns,2014-10-20,2014-11-03,1.8398606659824739,606.9054982336306,1
Candidate B: Mission 28 Drawdown Governor,tcs_ns,2014-11-07,2014-11-21,1.8651972681985511,385.7623036905713,1
Candidate B: Mission 28 Drawdown Governor,reliance_ns,2014-11-10,2014-11-24,1.599766453046795,595.5580597662324,1
Candidate B: Mission 28 Drawdown Governor,icicibank_ns,2014-11-19,2014-12-03,6.55434405647803,976.0155732437307,1
Candidate B: Mission 28 Drawdown Governor,infy_ns,2014-11-28,2014-12-12,-11.11250818263198,-2143.7292584212223,0
Candidate B: Mission 28 Drawdown Governor,tcs_ns,2014-12-15,2014-12-29,6.910247675454893,1427.8975682010137,1
Candidate B: Mission 28 Drawdown Governor,reliance_ns,2014-12-16,2014-12-30,1.7476230916477715,650.0155108487822,1
Candidate B: Mission 28 Drawdown Governor,hdfcbank_ns,2014-12-19,2015-01-02,2.482056964156943,369.2731077365334,1
Candidate B: Mission 28 Drawdown Governor,infy_ns,2014-12-22,2015-01-05,-0.234942050482143,-62.91717243814537,0
Candidate B: Mission 28 Drawdown Governor,tcs_ns,2014-12-30,2015-01-13,-1.320096274420214,-170.57076287852527,0
Candidate B: Mission 28 Drawdown Governor,reliance_ns,2015-01-06,2015-01-20,7.953414973171946,1559.6485515911704,1
Candidate B: Mission 28 Drawdown Governor,infy_ns,2015-01-08,2015-01-22,11.244357876552392,1984.4962046371415,1
Candidate B: Mission 28 Drawdown Governor,tcs_ns,2015-01-13,2015-01-27,0.11606235531058415,19.91512470837991,1
Candidate B: Mission 28 Drawdown Governor,tcs_ns,2015-01-27,2015-02-10,-2.482792918736462,-527.3763670970743,0
Candidate B: Mission 28 Drawdown Governor,infy_ns,2015-01-28,2015-02-11,6.488896067281742,2480.9812914704066,1
Candidate B: Mission 28 Drawdown Governor,reliance_ns,2015-02-02,2015-02-16,-0.6278711270334427,-96.024747721192,0
Candidate B: Mission 28 Drawdown Governor,icicibank_ns,2015-02-04,2015-02-18,-0.7025053789833453,-96.69517994487546,0
Candidate B: Mission 28 Drawdown Governor,tcs_ns,2015-02-10,2015-02-24,10.742794713444912,1553.331579820579,1
Candidate B: Mission 28 Drawdown Governor,icicibank_ns,2015-02-23,2015-03-09,1.104432116528245,220.57071504048113,1
Candidate B: Mission 28 Drawdown Governor,infy_ns,2015-03-04,2015-03-18,-2.03392409073941,-796.3030403290588,0
Candidate B: Mission 28 Drawdown Governor,icicibank_ns,2015-03-10,2015-03-24,-6.565550591450157,-1160.7648177584629,0
Candidate B: Mission 28 Drawdown Governor,tcs_ns,2015-03-12,2015-03-26,-4.093335339989852,-651.3177570395242,0
Candidate B: Mission 28 Drawdown Governor,reliance_ns,2015-03-16,2015-03-30,-3.770979086197103,-540.0229623610184,0
Candidate B: Mission 28 Drawdown Governor,infy_ns,2015-03-18,2015-04-01,-2.540346436587169,-424.8456161347521,0
Candidate B: Mission 28 Drawdown Governor,hdfcbank_ns,2015-03-23,2015-04-06,-1.5572439803112323,-234.3890746093055,0
Candidate B: Mission 28 Drawdown Governor,icicibank_ns,2015-03-24,2015-04-07,1.7125040939200968,520.5418165559336,1
Candidate B: Mission 28 Drawdown Governor,tcs_ns,2015-03-26,2015-04-09,5.973406164261529,817.4395180246968,1
Candidate B: Mission 28 Drawdown Governor,infy_ns,2015-04-07,2015-04-21,-0.8321927479776858,-139.85707706630706,0
Candidate B: Mission 28 Drawdown Governor,reliance_ns,2015-04-07,2015-04-21,5.182413702007678,783.8538738113916,1
Candidate B: Mission 28 Drawdown Governor,hdfcbank_ns,2015-04-07,2015-04-21,-2.9292181069958847,-489.3096814631357,0
Candidate B: Mission 28 Drawdown Governor,tcs_ns,2015-04-17,2015-05-04,0.2205861337876959,36.361883194433865,1
Candidate B: Mission 28 Drawdown Governor,infy_ns,2015-04-21,2015-05-05,-8.439814450398753,-1392.7710215617158,0
Candidate B: Mission 28 Drawdown Governor,hdfcbank_ns,2015-04-21,2015-05-05,-1.5796411364052374,-285.3554726928197,0
Candidate B: Mission 28 Drawdown Governor,reliance_ns,2015-04-23,2015-05-07,-0.7679602573610671,-124.85588750400449,0
Candidate B: Mission 28 Drawdown Governor,tcs_ns,2015-05-04,2015-05-18,1.5147650792779408,246.66985587404045,1
Candidate B: Mission 28 Drawdown Governor,hdfcbank_ns,2015-05-07,2015-05-21,7.66189575723855,1498.524107448724,1
Candidate B: Mission 28 Drawdown Governor,infy_ns,2015-05-21,2015-06-04,-1.0453722511459753,-201.2908918991256,0
Candidate B: Mission 28 Drawdown Governor,hdfcbank_ns,2015-06-03,2015-06-17,-0.1344861626431091,-26.138126142578507,0
Candidate B: Mission 28 Drawdown Governor,infy_ns,2015-06-12,2015-06-26,1.7439913075778708,338.2891291265904,1
Candidate B: Mission 28 Drawdown Governor,hdfcbank_ns,2015-06-17,2015-07-01,6.679982838228893,1295.8237828520312,1
Candidate B: Mission 28 Drawdown Governor,infy_ns,2015-06-30,2015-07-14,-1.3801595898705263,-268.1970051156237,0
Candidate B: Mission 28 Drawdown Governor,tcs_ns,2015-07-15,2015-07-29,-1.5811990572522832,-339.5615798919812,0
Candidate B: Mission 28 Drawdown Governor,reliance_ns,2015-07-15,2015-07-29,-1.5475483544797841,-299.1015999007732,0
Candidate B: Mission 28 Drawdown Governor,infy_ns,2015-07-23,2015-08-06,-1.0558764848552766,-183.66657849704623,0
Candidate B: Mission 28 Drawdown Governor,hdfcbank_ns,2015-08-05,2015-08-19,-0.997152633274254,-196.15593073110142,0
Candidate B: Mission 28 Drawdown Governor,infy_ns,2015-08-06,2015-08-20,4.327045838782952,1681.1047720922559,1
Candidate B: Mission 28 Drawdown Governor,reliance_ns,2015-08-20,2015-09-03,-6.862041005888947,-1478.1662429307946,0
Candidate B: Mission 28 Drawdown Governor,infy_ns,2015-08-21,2015-09-04,-6.651625932154214,-1289.556272626172,0
Candidate B: Mission 28 Drawdown Governor,hdfcbank_ns,2015-08-21,2015-09-04,-6.195051635176215,-1080.9358492469362,0
Candidate B: Mission 28 Drawdown Governor,tcs_ns,2015-08-24,2015-09-07,-1.5577832922274346,-489.25417077360265,0
Candidate B: Mission 28 Drawdown Governor,hdfcbank_ns,2015-09-04,2015-09-18,5.338601260851963,961.7826776575762,1
Candidate B: Mission 28 Drawdown Governor,tcs_ns,2015-09-07,2015-09-21,0.39470514041582583,76.20118064704202,1
Candidate B: Mission 28 Drawdown Governor,reliance_ns,2015-09-09,2015-09-23,-2.760158732001379,-479.5848833819316,0
Candidate B: Mission 28 Drawdown Governor,infy_ns,2015-09-11,2015-09-28,1.3061905848004527,204.25866339530876,1
Candidate B: Mission 28 Drawdown Governor,infy_ns,2015-09-28,2015-10-12,1.5185676660704943,321.6884904135163,1
Candidate B: Mission 28 Drawdown Governor,reliance_ns,2015-10-09,2015-10-23,7.6432257316359244,1457.2047213910646,1
Candidate B: Mission 28 Drawdown Governor,tcs_ns,2015-10-14,2015-10-28,1.7770099973115727,343.1284788931759,1
Candidate B: Mission 28 Drawdown Governor,infy_ns,2015-10-15,2015-10-29,4.294668908395369,1492.6881569662064,1
Candidate B: Mission 28 Drawdown Governor,tcs_ns,2015-10-28,2015-11-13,-5.254789851411219,-941.66904224678,0
Candidate B: Mission 28 Drawdown Governor,infy_ns,2015-10-29,2015-11-13,-3.9125276725033986,-772.8466384688372,0
Candidate B: Mission 28 Drawdown Governor,reliance_ns,2015-11-10,2015-11-24,4.818871538977004,856.6901204703149,1
Candidate B: Mission 28 Drawdown Governor,tcs_ns,2015-11-13,2015-11-27,-1.8864804195626164,-667.7343818225498,0
Candidate B: Mission 28 Drawdown Governor,hdfcbank_ns,2015-11-23,2015-12-07,-0.4344141850494476,-69.75101247377614,0
Candidate B: Mission 28 Drawdown Governor,infy_ns,2015-12-08,2015-12-22,3.7158272384865096,794.652628893349,1
Candidate B: Mission 28 Drawdown Governor,reliance_ns,2015-12-09,2015-12-23,9.542322492653916,3673.2323927210955,1
Candidate B: Mission 28 Drawdown Governor,infy_ns,2015-12-22,2016-01-05,-0.9445883456783448,-332.7911741057357,0
Candidate B: Mission 28 Drawdown Governor,infy_ns,2016-01-05,2016-01-19,6.054666693110213,2639.729043320734,1
Candidate B: Mission 28 Drawdown Governor,hdfcbank_ns,2016-01-18,2016-02-01,3.252926861454803,1134.5754866079262,1
Candidate B: Mission 28 Drawdown Governor,infy_ns,2016-01-19,2016-02-02,3.0985169686460377,1151.1139351946886,1
Candidate B: Mission 28 Drawdown Governor,hdfcbank_ns,2016-02-02,2016-02-16,-7.6709772140446875,-1709.9888882742403,0
Candidate B: Mission 28 Drawdown Governor,infy_ns,2016-02-03,2016-02-17,-5.2171463350751655,-1046.6901166947614,0
Candidate B: Mission 28 Drawdown Governor,tcs_ns,2016-02-09,2016-02-23,-0.8123039860180422,-293.34331428682657,0
Candidate B: Mission 28 Drawdown Governor,reliance_ns,2016-02-11,2016-02-25,2.063482395213801,596.1401398526104,1
Candidate B: Mission 28 Drawdown Governor,hdfcbank_ns,2016-02-16,2016-03-01,1.048634965002519,285.52588382259114,1
Candidate B: Mission 28 Drawdown Governor,tcs_ns,2016-02-23,2016-03-08,3.9365237987504833,1087.759909077123,1
Candidate B: Mission 28 Drawdown Governor,infy_ns,2016-02-22,2016-03-08,3.2146807790700205,822.5028793781293,1
Candidate B: Mission 28 Drawdown Governor,reliance_ns,2016-02-25,2016-03-10,7.1119725870448764,1991.5819103391311,1
Candidate B: Mission 28 Drawdown Governor,hdfcbank_ns,2016-03-01,2016-03-15,4.271358607876279,1191.937805018483,1
Candidate B: Mission 28 Drawdown Governor,infy_ns,2016-03-11,2016-03-28,5.362867401737137,1055.1164241298322,1
Candidate B: Mission 28 Drawdown Governor,hdfcbank_ns,2016-03-15,2016-03-29,2.588214560788212,1067.2121676245836,1
Candidate B: Mission 28 Drawdown Governor,infy_ns,2016-03-28,2016-04-11,-1.7920117499132013,-665.4230996346072,0
Candidate B: Mission 28 Drawdown Governor,infy_ns,2016-04-12,2016-04-26,4.173067185553284,948.5341097941465,1
Candidate B: Mission 28 Drawdown Governor,reliance_ns,2016-04-18,2016-05-02,-7.3532245660142905,-3008.485417051563,0
Candidate B: Mission 28 Drawdown Governor,tcs_ns,2016-04-20,2016-05-04,1.0778419936404975,352.789108031919,1
Candidate B: Mission 28 Drawdown Governor,infy_ns,2016-04-26,2016-05-10,-1.6196384543222835,-500.80087898263275,0
Candidate B: Mission 28 Drawdown Governor,infy_ns,2016-05-10,2016-05-24,-2.1144395444989956,-951.8828922368843,0
Candidate B: Mission 28 Drawdown Governor,icicibank_ns,2016-05-13,2016-05-27,7.2973199998102904,2628.098433012741,1
Candidate B: Mission 28 Drawdown Governor,reliance_ns,2016-05-23,2016-06-06,2.6153362986842255,753.5217015070785,1
Candidate B: Mission 28 Drawdown Governor,infy_ns,2016-05-24,2016-06-07,5.811098665700313,1851.566593886084,1
Candidate B: Mission 28 Drawdown Governor,hdfcbank_ns,2016-05-26,2016-06-09,-2.0646250241406747,-526.2744198323712,0
Candidate B: Mission 28 Drawdown Governor,icicibank_ns,2016-05-27,2016-06-10,3.8345478062753187,1078.2975394823015,1
Candidate B: Mission 28 Drawdown Governor,reliance_ns,2016-06-08,2016-06-22,2.7156200285373933,477.3020006353319,1
Candidate B: Mission 28 Drawdown Governor,infy_ns,2016-06-10,2016-06-24,1.1310179988057663,207.14518971312455,1
Candidate B: Mission 28 Drawdown Governor,icicibank_ns,2016-06-10,2016-06-24,-8.616579852857072,-1671.903313595703,0
Candidate B: Mission 28 Drawdown Governor,hdfcbank_ns,2016-06-14,2016-06-28,1.2602770254839069,440.1642493525507,1
Candidate B: Mission 28 Drawdown Governor,tcs_ns,2016-06-27,2016-07-11,-1.3194810976267048,-255.9937717453624,0
Candidate B: Mission 28 Drawdown Governor,infy_ns,2016-06-27,2016-07-11,0.7085039425300229,123.7117660752038,1
Candidate B: Mission 28 Drawdown Governor,icicibank_ns,2016-06-27,2016-07-11,7.316320557727033,1149.7514618238542,1
Candidate B: Mission 28 Drawdown Governor,hdfcbank_ns,2016-06-30,2016-07-14,1.9805219425663025,700.313086687539,1
Candidate B: Mission 28 Drawdown Governor,tcs_ns,2016-07-11,2016-07-25,3.795246943523524,1218.921032878569,1
Candidate B: Mission 28 Drawdown Governor,infy_ns,2016-07-11,2016-07-25,-8.06267769823634,-2355.1543112762815,0
Candidate B: Mission 28 Drawdown Governor,hdfcbank_ns,2016-07-14,2016-07-28,3.9551590432762582,1342.9130858563763,1
Candidate B: Mission 28 Drawdown Governor,reliance_ns,2016-07-15,2016-07-29,0.2166179170237815,58.83941095045734,1
Candidate B: Mission 28 Drawdown Governor,icicibank_ns,2016-07-15,2016-07-29,-1.121901417693358,-243.7915366135222,0
Candidate B: Mission 28 Drawdown Governor,icicibank_ns,2016-08-02,2016-08-16,1.2742451997081259,588.9984590998105,1
Candidate B: Mission 28 Drawdown Governor,reliance_ns,2016-08-08,2016-08-22,-1.7397097370352248,-643.3213040186583,0
Candidate B: Mission 28 Drawdown Governor,hdfcbank_ns,2016-08-09,2016-08-23,0.2905929414933569,85.96589469170229,1
Candidate B: Mission 28 Drawdown Governor,tcs_ns,2016-08-17,2016-08-31,-4.362867839976663,-720.5015514663304,0
Candidate B: Mission 28 Drawdown Governor,infy_ns,2016-08-19,2016-09-02,0.9824794795953548,292.05110664203175,1
Candidate B: Mission 28 Drawdown Governor,hdfcbank_ns,2016-08-23,2016-09-06,3.859512974110694,713.6545366538122,1
Candidate B: Mission 28 Drawdown Governor,reliance_ns,2016-08-29,2016-09-12,-1.0849942140841269,-361.12325233077974,0
Candidate B: Mission 28 Drawdown Governor,tcs_ns,2016-08-31,2016-09-14,-7.327452676063323,-2182.5199857570697,0
Candidate B: Mission 28 Drawdown Governor,icicibank_ns,2016-09-02,2016-09-16,2.264188658510633,675.4530372054488,1
Candidate B: Mission 28 Drawdown Governor,tcs_ns,2016-09-14,2016-09-28,4.010761433151475,798.3733498349351,1
Candidate B: Mission 28 Drawdown Governor,icicibank_ns,2016-09-16,2016-09-30,-5.732592328072672,-2403.7847201015365,0
Candidate B: Mission 28 Drawdown Governor,icicibank_ns,2016-09-30,2016-10-14,-4.172466330480705,-1902.309635523406,0
Candidate B: Mission 28 Drawdown Governor,hdfcbank_ns,2016-09-30,2016-10-14,-0.917690773168257,-334.71464825989875,0
Candidate B: Mission 28 Drawdown Governor,tcs_ns,2016-10-06,2016-10-20,0.4688363115678964,136.80109745564113,1
Candidate B: Mission 28 Drawdown Governor,infy_ns,2016-10-07,2016-10-21,2.4918188054831156,581.667484091754,1
Candidate B: Mission 28 Drawdown Governor,icicibank_ns,2016-10-14,2016-10-28,14.461877904120835,3964.3483302774116,1
Candidate B: Mission 28 Drawdown Governor,hdfcbank_ns,2016-10-14,2016-10-28,-0.2678336419112313,-78.09411707505542,0
Candidate B: Mission 28 Drawdown Governor,reliance_ns,2016-10-19,2016-11-02,-5.896157233297852,-1375.3468458535374,0
Candidate B: Mission 28 Drawdown Governor,infy_ns,2016-10-25,2016-11-08,-3.4497971085105097,-1011.1013371130756,0
Candidate B: Mission 28 Drawdown Governor,hdfcbank_ns,2016-10-28,2016-11-11,1.2797028990692194,454.78692834028766,1
Candidate B: Mission 28 Drawdown Governor,tcs_ns,2016-11-08,2016-11-22,-6.537642535217382,-2145.715992998847,0
Candidate B: Mission 28 Drawdown Governor,infy_ns,2016-11-08,2016-11-22,-7.007639435768291,-2236.581794052049,0
Candidate B: Mission 28 Drawdown Governor,icicibank_ns,2016-11-16,2016-11-30,-0.2940563674800652,-48.12485670864116,0
Candidate B: Mission 28 Drawdown Governor,hdfcbank_ns,2016-11-18,2016-12-02,-1.889928871925834,-278.37282095722156,0
Candidate B: Mission 28 Drawdown Governor,tcs_ns,2016-11-22,2016-12-06,2.1666942673265512,353.68836204164967,1
Candidate B: Mission 28 Drawdown Governor,infy_ns,2016-11-22,2016-12-06,5.667986994210874,1000.9358256643874,1
Candidate B: Mission 28 Drawdown Governor,reliance_ns,2016-11-30,2016-12-14,6.961292040277864,1106.3938472034006,1
Candidate B: Mission 28 Drawdown Governor,hdfcbank_ns,2016-12-05,2016-12-19,-1.6874953816127118,-293.3040015550408,0
Candidate B: Mission 28 Drawdown Governor,infy_ns,2016-12-06,2016-12-20,4.670869053477027,1791.4387935870293,1
Candidate B: Mission 28 Drawdown Governor,tcs_ns,2016-12-14,2016-12-28,4.740129557315426,1454.4020615233685,1
Candidate B: Mission 28 Drawdown Governor,hdfcbank_ns,2016-12-19,2017-01-02,1.6784725386143644,526.4315104475979,1
Candidate B: Mission 28 Drawdown Governor,infy_ns,2016-12-21,2017-01-04,-0.42922099199879094,-71.07889972208416,0
Candidate B: Mission 28 Drawdown Governor,reliance_ns,2016-12-21,2017-01-04,0.31661860646251844,47.18877300638384,1
Candidate B: Mission 28 Drawdown Governor,hdfcbank_ns,2017-01-03,2017-01-17,4.032332515461914,799.0596141943316,1
Candidate B: Mission 28 Drawdown Governor,infy_ns,2017-01-04,2017-01-18,-4.753236001095238,-1852.2002366629085,0
Candidate B: Mission 28 Drawdown Governor,reliance_ns,2017-01-10,2017-01-24,-5.786453823707452,-1976.8810493313852,0
Candidate B: Mission 28 Drawdown Governor,tcs_ns,2017-01-13,2017-01-27,4.771310969894822,1304.0545417585136,1
Candidate B: Mission 28 Drawdown Governor,infy_ns,2017-01-19,2017-02-02,-2.365922321438241,-395.23902656995426,0
Candidate B: Mission 28 Drawdown Governor,tcs_ns,2017-01-31,2017-02-14,7.859306768962368,3319.3268270979866,1
Candidate B: Mission 28 Drawdown Governor,icicibank_ns,2017-02-01,2017-02-15,-0.13892620175684703,-46.93965837286815,0
Candidate B: Mission 28 Drawdown Governor,infy_ns,2017-02-06,2017-02-20,7.965236567762631,2412.832063277611,1
Candidate B: Mission 28 Drawdown Governor,reliance_ns,2017-02-13,2017-02-27,20.238927576064526,4904.62604257327,1
Candidate B: Mission 28 Drawdown Governor,infy_ns,2017-02-20,2017-03-06,2.2898366148829963,956.847521028053,1
Candidate B: Mission 28 Drawdown Governor,icicibank_ns,2017-02-21,2017-03-07,-3.1383427297221704,-1049.128288561151,0
Candidate B: Mission 28 Drawdown Governor,hdfcbank_ns,2017-03-02,2017-03-16,2.647730284662383,862.3961659935572,1
Candidate B: Mission 28 Drawdown Governor,infy_ns,2017-03-08,2017-03-22,1.9236072274395364,395.1250873092667,1
Candidate B: Mission 28 Drawdown Governor,tcs_ns,2017-03-24,2017-04-07,0.02618542537169536,12.529049000770648,1
Candidate B: Mission 28 Drawdown Governor,infy_ns,2017-04-03,2017-04-17,-8.362650120137252,-3201.0494889956876,0
Candidate B: Mission 28 Drawdown Governor,reliance_ns,2017-04-06,2017-04-20,-4.840788759045287,-1482.363046246748,0
Candidate B: Mission 28 Drawdown Governor,tcs_ns,2017-04-07,2017-04-21,-4.915724156528607,-1674.7805785874057,0
Candidate B: Mission 28 Drawdown Governor,icicibank_ns,2017-04-12,2017-04-26,-1.4381950252944595,-391.9928815997901,0
Candidate B: Mission 28 Drawdown Governor,infy_ns,2017-04-18,2017-05-02,-0.05542175281929956,-7.986299505419342,0
Candidate B: Mission 28 Drawdown Governor,tcs_ns,2017-04-21,2017-05-05,0.3695560408268875,70.66852806246153,1
Candidate B: Mission 28 Drawdown Governor,infy_ns,2017-05-02,2017-05-16,3.4600612680255827,1476.53880767297,1
Candidate B: Mission 28 Drawdown Governor,infy_ns,2017-05-16,2017-05-30,4.261980335175679,1994.9361311255416,1
Candidate B: Mission 28 Drawdown Governor,infy_ns,2017-05-30,2017-06-13,-3.9027227395655895,-1842.347180820617,0
Candidate B: Mission 28 Drawdown Governor,tcs_ns,2017-06-13,2017-06-27,-4.481710510997855,-1692.534627988478,0
Candidate B: Mission 28 Drawdown Governor,infy_ns,2017-06-13,2017-06-27,-3.258877155116792,-1280.2554543177955,0
Candidate B: Mission 28 Drawdown Governor,hdfcbank_ns,2017-06-23,2017-07-07,-0.7317590348864461,-229.97822895871,0
Candidate B: Mission 28 Drawdown Governor,tcs_ns,2017-06-27,2017-07-11,5.621872747181887,1819.0736745456936,1
Candidate B: Mission 28 Drawdown Governor,infy_ns,2017-06-29,2017-07-13,4.98403031430218,1668.9845073219326,1
Candidate B: Mission 28 Drawdown Governor,reliance_ns,2017-07-07,2017-07-21,6.240657252123551,1671.8293609751074,1
Candidate B: Mission 28 Drawdown Governor,hdfcbank_ns,2017-07-07,2017-07-21,2.0992426617596434,580.8832019107948,1
Candidate B: Mission 28 Drawdown Governor,tcs_ns,2017-07-11,2017-07-25,3.8134824828266827,1104.845856524655,1
Candidate B: Mission 28 Drawdown Governor,reliance_ns,2017-07-21,2017-08-04,2.2926729042622935,823.0932471019072,1
Candidate B: Mission 28 Drawdown Governor,hdfcbank_ns,2017-07-21,2017-08-04,5.067662352686679,1741.8173531576208,1
Candidate B: Mission 28 Drawdown Governor,icicibank_ns,2017-08-03,2017-08-17,-0.9119354738501417,-305.61113794791777,0
Candidate B: Mission 28 Drawdown Governor,infy_ns,2017-08-04,2017-08-18,-6.196861499364676,-1661.371839418271,0
Candidate B: Mission 28 Drawdown Governor,reliance_ns,2017-08-07,2017-08-21,-3.262427863928119,-587.4873365122895,0
Candidate B: Mission 28 Drawdown Governor,reliance_ns,2017-08-23,2017-09-06,3.952295949195149,1880.0638170355662,1
Candidate B: Mission 28 Drawdown Governor,icicibank_ns,2017-09-04,2017-09-18,-1.4293187533749352,-543.9289983894703,0
Candidate B: Mission 28 Drawdown Governor,hdfcbank_ns,2017-09-04,2017-09-18,6.2036495669463525,1888.6451394223056,1
Candidate B: Mission 28 Drawdown Governor,reliance_ns,2017-09-06,2017-09-20,2.9204403712408804,500.05344708587944,1
Candidate B: Mission 28 Drawdown Governor,icicibank_ns,2017-09-18,2017-10-03,-5.030445768076405,-963.903911392913,0
Candidate B: Mission 28 Drawdown Governor,reliance_ns,2017-09-20,2017-10-04,-3.3889416034725985,-753.727540182475,0
Candidate B: Mission 28 Drawdown Governor,reliance_ns,2017-10-04,2017-10-18,11.625176499868791,2788.3185296898305,1
Candidate B: Mission 28 Drawdown Governor,icicibank_ns,2017-10-09,2017-10-23,-3.4337763388878506,-741.2374318252809,0
Candidate B: Mission 28 Drawdown Governor,reliance_ns,2017-10-18,2017-11-01,4.108661244951587,908.233455001737,1
Candidate B: Mission 28 Drawdown Governor,reliance_ns,2017-11-07,2017-11-21,2.7995723805034225,679.7558559001408,1
Candidate B: Mission 28 Drawdown Governor,infy_ns,2017-11-14,2017-11-28,3.699050418088581,808.33990234683,1
Candidate B: Mission 28 Drawdown Governor,reliance_ns,2017-11-21,2017-12-05,-2.070328347243024,-458.855470615035,0
Candidate B: Mission 28 Drawdown Governor,icicibank_ns,2017-11-24,2017-12-08,-2.082404461800595,-415.37875503782476,0
Candidate B: Mission 28 Drawdown Governor,infy_ns,2017-11-29,2017-12-13,2.0909852994526834,422.7651035967511,1
Candidate B: Mission 28 Drawdown Governor,reliance_ns,2017-12-05,2017-12-19,1.2900379182174602,262.74296854599976,1
Candidate B: Mission 28 Drawdown Governor,tcs_ns,2017-12-07,2017-12-21,-0.872973495222502,-160.01923658360698,0
Candidate B: Mission 28 Drawdown Governor,infy_ns,2017-12-13,2017-12-27,2.9870859277708592,612.7893799479427,1
Candidate B: Mission 28 Drawdown Governor,reliance_ns,2017-12-19,2018-01-02,-1.6475640948280554,-338.1813327712382,0
Candidate B: Mission 28 Drawdown Governor,tcs_ns,2018-01-01,2018-01-15,3.7468606853692252,839.4205480528161,1
Candidate B: Mission 28 Drawdown Governor,infy_ns,2018-01-03,2018-01-17,12.750801856620988,2828.353360671631,1
Candidate B: Mission 28 Drawdown Governor,reliance_ns,2018-01-03,2018-01-17,1.0098098232681545,201.59431033876402,1
Candidate B: Mission 28 Drawdown Governor,reliance_ns,2018-01-18,2018-02-01,2.5745410106725464,638.7187983537417,1
Candidate B: Mission 28 Drawdown Governor,infy_ns,2018-01-30,2018-02-14,-6.274197914173826,-2801.822400331479,0
Candidate B: Mission 28 Drawdown Governor,reliance_ns,2018-02-01,2018-02-15,-0.9183441818378821,-374.81815823942895,0
Candidate B: Mission 28 Drawdown Governor,icicibank_ns,2018-02-05,2018-02-19,-3.0663896975177742,-1001.2268268028231,0
Candidate B: Mission 28 Drawdown Governor,tcs_ns,2018-02-14,2018-02-28,4.180660517008304,546.0218532266069,1
Candidate B: Mission 28 Drawdown Governor,infy_ns,2018-02-14,2018-02-28,6.765080901675656,1078.3564751283184,1
Candidate B: Mission 28 Drawdown Governor,reliance_ns,2018-02-16,2018-03-05,0.25376498717382817,46.66740329415266,1
Candidate B: Mission 28 Drawdown Governor,hdfcbank_ns,2018-02-22,2018-03-08,-0.0688754914397302,-27.15905287788047,0
Candidate B: Mission 28 Drawdown Governor,icicibank_ns,2018-02-23,2018-03-09,-9.355952842470106,-2951.3989683131563,0
Candidate B: Mission 28 Drawdown Governor,infy_ns,2018-03-01,2018-03-15,1.8228516045660133,285.8373451087039,1
Candidate B: Mission 28 Drawdown Governor,hdfcbank_ns,2018-03-08,2018-03-22,0.7537657985313088,149.97575208958872,1
Candidate B: Mission 28 Drawdown Governor,tcs_ns,2018-03-13,2018-03-27,-1.403767041236068,-291.51476056014144,0
Candidate B: Mission 28 Drawdown Governor,infy_ns,2018-03-21,2018-04-04,-3.756929233722564,-762.1534487818479,0
Candidate B: Mission 28 Drawdown Governor,icicibank_ns,2018-03-21,2018-04-04,-7.152262252564394,-1305.856166815426,0
Candidate B: Mission 28 Drawdown Governor,tcs_ns,2018-03-27,2018-04-10,3.105360394417816,636.11271228161,1
Candidate B: Mission 28 Drawdown Governor,infy_ns,2018-04-09,2018-04-23,6.826195833186867,1507.4673296377982,1
Candidate B: Mission 28 Drawdown Governor,infy_ns,2018-04-25,2018-05-09,0.8415241794115397,204.88047662653304,1
Candidate B: Mission 28 Drawdown Governor,tcs_ns,2018-04-26,2018-05-10,-2.5351592851592852,-1110.994050646867,0
Candidate B: Mission 28 Drawdown Governor,infy_ns,2018-05-09,2018-05-23,1.1623493463341472,232.28970936440413,1
Candidate B: Mission 28 Drawdown Governor,tcs_ns,2018-05-18,2018-06-01,-1.1102810037954192,-247.11851935417747,0
Candidate B: Mission 28 Drawdown Governor,hdfcbank_ns,2018-05-23,2018-06-06,4.514430628077351,995.5784282276627,1
Candidate B: Mission 28 Drawdown Governor,infy_ns,2018-06-18,2018-07-02,5.257422715691659,1280.3832695169929,1
Candidate B: Mission 28 Drawdown Governor,hdfcbank_ns,2018-07-04,2018-07-18,3.4019538735496555,832.8615307108533,1
Candidate B: Mission 28 Drawdown Governor,infy_ns,2018-07-06,2018-07-20,4.919285621813863,1083.8992869240574,1
Candidate B: Mission 28 Drawdown Governor,tcs_ns,2018-07-10,2018-07-24,6.554345155684732,1299.746655916512,1
Candidate B: Mission 28 Drawdown Governor,infy_ns,2018-07-23,2018-08-06,0.2964525516967949,67.26657800113436,1
Candidate B: Mission 28 Drawdown Governor,hdfcbank_ns,2018-08-02,2018-08-16,-2.6071660524183757,-1175.0215181407925,0
Candidate B: Mission 28 Drawdown Governor,infy_ns,2018-08-06,2018-08-20,1.68359608825953,683.6526130316436,1
Candidate B: Mission 28 Drawdown Governor,hdfcbank_ns,2018-08-16,2018-08-30,-0.512256290146855,-211.37810002454393,0
Candidate B: Mission 28 Drawdown Governor,tcs_ns,2018-08-28,2018-09-11,-1.158567404677254,-478.13349117441646,0
Candidate B: Mission 28 Drawdown Governor,reliance_ns,2018-08-30,2018-09-14,-1.7204782041049445,-568.0244390768767,0
Candidate B: Mission 28 Drawdown Governor,hdfcbank_ns,2018-08-30,2018-09-14,-1.8157359413835648,-628.6613171739002,0
Candidate B: Mission 28 Drawdown Governor,infy_ns,2018-09-06,2018-09-21,-3.0533845657065277,-845.7374089110588,0
Candidate B: Mission 28 Drawdown Governor,hdfcbank_ns,2018-09-17,2018-10-01,2.119881340202408,462.1901675842325,1
Candidate B: Mission 28 Drawdown Governor,icicibank_ns,2018-09-18,2018-10-03,-4.799072795883874,-1883.384504540281,0
Candidate B: Mission 28 Drawdown Governor,infy_ns,2018-09-26,2018-10-10,-2.4726877465617183,-454.55827638300946,0
Candidate B: Mission 28 Drawdown Governor,hdfcbank_ns,2018-10-04,2018-10-19,0.4605350529945091,103.65478654020436,1
Candidate B: Mission 28 Drawdown Governor,tcs_ns,2018-10-10,2018-10-24,-9.59210353923271,-1943.045799726137,0
Candidate B: Mission 28 Drawdown Governor,infy_ns,2018-10-11,2018-10-25,-3.701544737452283,-741.194023520509,0
Candidate B: Mission 28 Drawdown Governor,hdfcbank_ns,2018-10-19,2018-11-02,-0.9795336706243649,-198.6752128585142,0
Candidate B: Mission 28 Drawdown Governor,tcs_ns,2018-10-24,2018-11-07,5.013738133722232,1007.0462434563925,1
Candidate B: Mission 28 Drawdown Governor,hdfcbank_ns,2018-11-02,2018-11-16,2.762212366594293,608.0687482352524,1
Candidate B: Mission 28 Drawdown Governor,tcs_ns,2018-11-09,2018-11-26,-3.353395517029679,-735.1221683579761,0
Candidate B: Mission 28 Drawdown Governor,infy_ns,2018-11-16,2018-11-30,2.499241334432907,493.0891479156665,1
Candidate B: Mission 28 Drawdown Governor,hdfcbank_ns,2018-11-16,2018-11-30,6.14108039562888,1229.3698516052536,1
Candidate B: Mission 28 Drawdown Governor,reliance_ns,2018-11-19,2018-12-03,0.5105905258873433,183.98526081474694,1
Candidate B: Mission 28 Drawdown Governor,tcs_ns,2018-11-26,2018-12-10,6.972112828121412,1152.6427694229342,1
Candidate B: Mission 28 Drawdown Governor,infy_ns,2018-12-18,2019-01-01,-1.7562094613696881,-428.8015841721557,0
Candidate B: Mission 28 Drawdown Governor,tcs_ns,2018-12-21,2019-01-04,-1.049082061279321,-230.53243575347184,0
Candidate B: Mission 28 Drawdown Governor,infy_ns,2019-01-02,2019-01-16,10.071235518347265,2233.3935530377485,1
Candidate B: Mission 28 Drawdown Governor,tcs_ns,2019-01-08,2019-01-22,0.39074887818832976,86.48359879195912,1
Candidate B: Mission 28 Drawdown Governor,hdfcbank_ns,2019-01-10,2019-01-24,-0.346271045767133,-68.97547524849713,0
Candidate B: Mission 28 Drawdown Governor,reliance_ns,2019-01-22,2019-02-05,4.5139635446520945,2039.4462906105941,1
Candidate B: Mission 28 Drawdown Governor,icicibank_ns,2019-01-25,2019-02-08,-0.637613669858254,-127.88863309691868,0
Candidate B: Mission 28 Drawdown Governor,reliance_ns,2019-02-05,2019-02-19,-5.888890922406847,-2682.233756975664,0
Candidate B: Mission 28 Drawdown Governor,hdfcbank_ns,2019-02-12,2019-02-26,-0.9440472479812858,-381.61957676932684,0
Candidate B: Mission 28 Drawdown Governor,infy_ns,2019-02-14,2019-02-28,-0.8265860542933724,-267.3098583804083,0
Candidate B: Mission 28 Drawdown Governor,tcs_ns,2019-02-19,2019-03-05,4.320972000218918,558.9440603043522,1
Candidate B: Mission 28 Drawdown Governor,infy_ns,2019-02-28,2019-03-14,-3.5822126694955796,-828.9221284224274,0
Candidate B: Mission 28 Drawdown Governor,hdfcbank_ns,2019-03-11,2019-03-25,7.127696263109605,1580.5957294794318,1
Candidate B: Mission 28 Drawdown Governor,reliance_ns,2019-03-14,2019-03-28,1.3245828529961101,293.9112886543102,1
Candidate B: Mission 28 Drawdown Governor,icicibank_ns,2019-03-25,2019-04-08,0.8882545242409039,177.38507497204387,1
Candidate B: Mission 28 Drawdown Governor,infy_ns,2019-03-27,2019-04-10,3.1004042230271582,1261.781792478445,1
Candidate B: Mission 28 Drawdown Governor,hdfcbank_ns,2019-04-03,2019-04-18,-0.010769713550185375,-3.9906572195912577,0
Candidate B: Mission 28 Drawdown Governor,icicibank_ns,2019-04-08,2019-04-22,1.8606933048092662,626.5520912999824,1
Candidate B: Mission 28 Drawdown Governor,infy_ns,2019-04-18,2019-05-02,1.8666202125322398,659.4817481830439,1
Candidate B: Mission 28 Drawdown Governor,icicibank_ns,2019-04-25,2019-05-09,-3.588947955488174,-1526.5308921403916,0
Candidate B: Mission 28 Drawdown Governor,hdfcbank_ns,2019-04-26,2019-05-10,0.6313947757041247,214.84705650846843,1
Candidate B: Mission 28 Drawdown Governor,hdfcbank_ns,2019-05-10,2019-05-24,3.2947277425395987,814.9480697951185,1
Candidate B: Mission 28 Drawdown Governor,tcs_ns,2019-05-22,2019-06-06,3.9998581773710526,1780.8506561037798,1
Candidate B: Mission 28 Drawdown Governor,infy_ns,2019-05-27,2019-06-10,6.358321701226824,1294.8165277014928,1
Candidate B: Mission 28 Drawdown Governor,hdfcbank_ns,2019-06-04,2019-06-18,-1.4785578072084553,-541.9716265723312,0
Candidate B: Mission 28 Drawdown Governor,infy_ns,2019-06-14,2019-06-28,-1.1906289501912084,-510.98063239516375,0
Candidate B: Mission 28 Drawdown Governor,hdfcbank_ns,2019-06-18,2019-07-02,3.164856758713414,1315.19367487595,1
Candidate B: Mission 28 Drawdown Governor,reliance_ns,2019-06-26,2019-07-10,-1.2316492769351708,-409.4611446109636,0
Candidate B: Mission 28 Drawdown Governor,infy_ns,2019-06-28,2019-07-12,-0.7668545081967214,-268.9905863985661,0
Candidate B: Mission 28 Drawdown Governor,hdfcbank_ns,2019-07-02,2019-07-16,-4.2082424370224825,-1541.7309795807535,0
Candidate B: Mission 28 Drawdown Governor,icicibank_ns,2019-07-08,2019-07-22,-3.4293834481796974,-1005.1106668960879,0
Candidate B: Mission 28 Drawdown Governor,tcs_ns,2019-07-11,2019-07-25,1.155068987679465,173.34193153891255,1
Candidate B: Mission 28 Drawdown Governor,infy_ns,2019-07-12,2019-07-26,8.236188510491917,2798.1908766134966,1
Candidate B: Mission 28 Drawdown Governor,reliance_ns,2019-07-12,2019-07-26,-5.256305903347635,-1428.636287739223,0
Candidate B: Mission 28 Drawdown Governor,icicibank_ns,2019-07-22,2019-08-05,-2.1995944351066505,-757.1700125589184,0
Candidate B: Mission 28 Drawdown Governor,hdfcbank_ns,2019-07-23,2019-08-06,-3.3352972119539706,-918.4918788869246,0
Candidate B: Mission 28 Drawdown Governor,tcs_ns,2019-08-02,2019-08-16,-1.8719675466674135,-703.3277933268909,0
Candidate B: Mission 28 Drawdown Governor,icicibank_ns,2019-08-05,2019-08-19,5.100782395226326,1876.6014749701333,1
Candidate B: Mission 28 Drawdown Governor,infy_ns,2019-08-06,2019-08-20,2.3117841708010243,680.4128854895508,1
Candidate B: Mission 28 Drawdown Governor,hdfcbank_ns,2019-08-06,2019-08-20,1.3882279747604265,400.7800901050118,1
Candidate B: Mission 28 Drawdown Governor,icicibank_ns,2019-08-19,2019-09-03,-7.427037187118238,-1418.6750279698365,0
Candidate B: Mission 28 Drawdown Governor,hdfcbank_ns,2019-08-20,2019-09-03,-0.4843565246760569,-112.03016743541366,0
Candidate B: Mission 28 Drawdown Governor,infy_ns,2019-08-27,2019-09-11,4.465672604833994,1859.2132932215688,1
Candidate B: Mission 28 Drawdown Governor,hdfcbank_ns,2019-09-03,2019-09-17,-0.03191065288832848,-13.22596071968675,0
Candidate B: Mission 28 Drawdown Governor,icicibank_ns,2019-09-04,2019-09-18,0.41517763533682184,137.6624443473082,1
Candidate B: Mission 28 Drawdown Governor,tcs_ns,2019-09-17,2019-10-01,-3.00237576046303,-1057.5723295784092,0
Candidate B: Mission 28 Drawdown Governor,hdfcbank_ns,2019-09-17,2019-10-01,12.888108502278175,4699.82117869544,1
Candidate B: Mission 28 Drawdown Governor,icicibank_ns,2019-09-19,2019-10-03,10.472408447069725,1876.2418732260398,1
Candidate B: Mission 28 Drawdown Governor,infy_ns,2019-09-20,2019-10-04,-1.4840637017481078,-478.59405531119876,0
Candidate B: Mission 28 Drawdown Governor,tcs_ns,2019-10-01,2019-10-15,-1.1489867680862524,-374.94310595294013,0
Candidate B: Mission 28 Drawdown Governor,hdfcbank_ns,2019-10-03,2019-10-17,-0.3399982560672,-65.10573900548457,0
Candidate B: Mission 28 Drawdown Governor,infy_ns,2019-10-09,2019-10-23,-17.019759415645158,-6947.802776904585,0
Candidate B: Mission 28 Drawdown Governor,tcs_ns,2019-10-15,2019-10-29,7.679410004888086,2501.7658249518495,1
Candidate B: Mission 28 Drawdown Governor,reliance_ns,2019-10-14,2019-10-29,7.976178449837834,2604.827174322036,1
Candidate B: Mission 28 Drawdown Governor,hdfcbank_ns,2019-10-23,2019-11-06,1.1615435002817271,425.74804398719937,1
Candidate B: Mission 28 Drawdown Governor,infy_ns,2019-10-24,2019-11-07,13.282435390727807,3894.7974901445386,1
Candidate B: Mission 28 Drawdown Governor,reliance_ns,2019-10-30,2019-11-13,-0.5095140979034234,-95.60187427612787,0
Candidate B: Mission 28 Drawdown Governor,infy_ns,2019-11-08,2019-11-22,-2.1600807294741653,-516.620436651573,0
Candidate B: Mission 28 Drawdown Governor,reliance_ns,2019-11-13,2019-11-27,6.572381157834975,3074.7992818411212,1
Candidate B: Mission 28 Drawdown Governor,tcs_ns,2019-11-20,2019-12-04,-1.4744396911708872,-551.8372711084476,0
Candidate B: Mission 28 Drawdown Governor,infy_ns,2019-11-22,2019-12-06,3.107676429855488,1075.9257700130456,1
Candidate B: Mission 28 Drawdown Governor,hdfcbank_ns,2019-11-25,2019-12-09,-2.263511914268244,-626.9303395671761,0
Candidate B: Mission 28 Drawdown Governor,reliance_ns,2019-11-27,2019-12-11,-0.5243295665301868,-168.46436698646315,0
Candidate B: Mission 28 Drawdown Governor,tcs_ns,2019-12-04,2019-12-18,4.241815010825115,1403.1330144934527,1
Candidate B: Mission 28 Drawdown Governor,hdfcbank_ns,2019-12-23,2020-01-06,-4.765858956866835,-2492.7819111216077,0
Candidate B: Mission 28 Drawdown Governor,reliance_ns,2020-01-01,2020-01-15,0.8934907553806742,373.8721792525023,1
Candidate B: Mission 28 Drawdown Governor,icicibank_ns,2020-01-13,2020-01-27,-0.3005199887312733,-130.53876906296702,0
Candidate B: Mission 28 Drawdown Governor,hdfcbank_ns,2020-01-16,2020-01-30,-4.831514730771756,-1043.4544714739818,0
Candidate B: Mission 28 Drawdown Governor,icicibank_ns,2020-01-29,2020-02-12,4.258519417548871,2024.3182715324058,1
Candidate B: Mission 28 Drawdown Governor,tcs_ns,2020-01-31,2020-02-14,5.005064809614235,1054.5486509674702,1
Candidate B: Mission 28 Drawdown Governor,infy_ns,2020-02-06,2020-02-20,3.2736792912815984,1241.5538221685931,1
Candidate B: Mission 28 Drawdown Governor,icicibank_ns,2020-02-13,2020-02-27,-4.788853863559236,-963.8113651820374,0
Candidate B: Mission 28 Drawdown Governor,infy_ns,2020-02-20,2020-03-05,-5.36729289860169,-2602.3460728596797,0
Candidate B: Mission 28 Drawdown Governor,tcs_ns,2020-02-28,2020-03-13,-9.736925892216703,-2074.9718072042006,0
Candidate B: Mission 28 Drawdown Governor,icicibank_ns,2020-03-02,2020-03-16,-20.431033581696934,-7837.060121235212,0
Candidate B: Mission 28 Drawdown Governor,hdfcbank_ns,2020-03-04,2020-03-18,-23.70965809048812,-7275.755880526654,0
Candidate B: Mission 28 Drawdown Governor,infy_ns,2020-03-05,2020-03-19,-27.739566599419614,-9355.471920884054,0
Candidate B: Mission 28 Drawdown Governor,hdfcbank_ns,2020-03-18,2020-04-01,-5.435605392308693,-1130.999542383502,0
Candidate B: Mission 28 Drawdown Governor,infy_ns,2020-03-19,2020-04-03,7.305870277662699,1546.1836601708067,1
Candidate B: Mission 28 Drawdown Governor,infy_ns,2020-04-03,2020-04-17,7.296501946778637,1699.050456047737,1
Candidate B: Mission 28 Drawdown Governor,infy_ns,2020-04-17,2020-05-04,7.095532755614749,1664.3087960691876,1
Candidate B: Mission 28 Drawdown Governor,hdfcbank_ns,2020-04-27,2020-05-11,-1.544361000262273,-326.016990832427,0
Candidate B: Mission 28 Drawdown Governor,icicibank_ns,2020-05-04,2020-05-18,-11.743599830354576,-2526.1824938170125,0
Candidate B: Mission 28 Drawdown Governor,infy_ns,2020-05-05,2020-05-19,-0.8066404201306027,-156.1658131934016,0
Candidate B: Mission 28 Drawdown Governor,tcs_ns,2020-05-07,2020-05-21,5.209966194077242,907.7858341748166,1
Candidate B: Mission 28 Drawdown Governor,hdfcbank_ns,2020-05-11,2020-05-26,-6.9694435730372835,-1237.7757305128116,0
Candidate B: Mission 28 Drawdown Governor,infy_ns,2020-05-19,2020-06-02,5.85491346718954,1159.443548841916,1
Candidate B: Mission 28 Drawdown Governor,icicibank_ns,2020-05-20,2020-06-03,16.692814730190758,2975.097550707453,1
Candidate B: Mission 28 Drawdown Governor,tcs_ns,2020-05-26,2020-06-09,6.588472661024753,1177.593456974049,1
Candidate B: Mission 28 Drawdown Governor,hdfcbank_ns,2020-05-26,2020-06-09,15.7679856329662,2796.9906153846437,1
Candidate B: Mission 28 Drawdown Governor,reliance_ns,2020-06-05,2020-06-19,11.179133436308042,2251.542408154528,1
Candidate B: Mission 28 Drawdown Governor,icicibank_ns,2020-06-05,2020-06-19,1.796773620579031,325.692579382144,1
Candidate B: Mission 28 Drawdown Governor,hdfcbank_ns,2020-06-10,2020-06-24,4.046355336184123,820.2983796411155,1
Candidate B: Mission 28 Drawdown Governor,infy_ns,2020-06-15,2020-06-29,6.375410949789782,1163.2110760029236,1
Candidate B: Mission 28 Drawdown Governor,tcs_ns,2020-06-22,2020-07-06,11.544584711724564,2367.237732304708,1
Candidate B: Mission 28 Drawdown Governor,icicibank_ns,2020-06-26,2020-07-10,3.170960986367271,652.0746154740093,1
Candidate B: Mission 28 Drawdown Governor,infy_ns,2020-07-08,2020-07-22,18.425333670535434,4189.117316440871,1
Candidate B: Mission 28 Drawdown Governor,hdfcbank_ns,2020-07-14,2020-07-28,2.5741818429787346,581.3449057555787,1
Candidate B: Mission 28 Drawdown Governor,reliance_ns,2020-07-15,2020-07-29,13.644346077212042,5546.511016997313,1
Candidate B: Mission 28 Drawdown Governor,icicibank_ns,2020-07-15,2020-07-29,1.4674595677376412,477.2251078004346,1
Candidate B: Mission 28 Drawdown Governor,hdfcbank_ns,2020-07-28,2020-08-11,-1.8895987255214848,-680.904639962337,0
Candidate B: Mission 28 Drawdown Governor,icicibank_ns,2020-07-30,2020-08-13,6.643267076705415,1483.6558054597908,1
Candidate B: Mission 28 Drawdown Governor,tcs_ns,2020-08-05,2020-08-19,-0.1782784860623202,-35.83380240517244,0
Candidate B: Mission 28 Drawdown Governor,infy_ns,2020-08-05,2020-08-19,1.4946888334480661,270.38790236666864,1
Candidate B: Mission 28 Drawdown Governor,hdfcbank_ns,2020-08-11,2020-08-25,4.921021476661069,1950.3254031333674,1
Candidate B: Mission 28 Drawdown Governor,tcs_ns,2020-08-19,2020-09-02,0.3286904819348279,133.06118919283242,1
Candidate B: Mission 28 Drawdown Governor,hdfcbank_ns,2020-08-31,2020-09-14,-5.236277337279784,-2323.5668561612943,0
Candidate B: Mission 28 Drawdown Governor,tcs_ns,2020-09-02,2020-09-16,10.44516291886208,4556.449391029374,1
Candidate B: Mission 28 Drawdown Governor,icicibank_ns,2020-09-09,2020-09-23,-4.332406076883209,-1511.925792564432,0
Candidate B: Mission 28 Drawdown Governor,hdfcbank_ns,2020-09-14,2020-09-28,-0.40428188222403716,-146.87001916784277,0
Candidate B: Mission 28 Drawdown Governor,icicibank_ns,2020-09-25,2020-10-09,15.100891158812813,6852.169360619282,1
Candidate B: Mission 28 Drawdown Governor,hdfcbank_ns,2020-09-28,2020-10-12,15.067658469667577,6560.020207735868,1
Candidate B: Mission 28 Drawdown Governor,infy_ns,2020-10-28,2020-11-11,4.216125503991452,2331.2945611090054,1
Candidate B: Mission 28 Drawdown Governor,icicibank_ns,2020-10-30,2020-11-13,23.61365391092552,10445.682013656236,1
Candidate B: Mission 28 Drawdown Governor,reliance_ns,2020-11-17,2020-12-01,-1.97302801838822,-1141.3988756520926,0
Candidate B: Mission 28 Drawdown Governor,infy_ns,2020-12-03,2020-12-17,2.855910286200143,1645.6277716885504,1
Candidate B: Mission 28 Drawdown Governor,icicibank_ns,2020-12-10,2020-12-24,1.2512477442155663,576.7934790090212,1
Candidate B: Mission 28 Drawdown Governor,icicibank_ns,2021-01-27,2021-02-10,20.95988875908458,12170.634885232248,1
Candidate B: Mission 28 Drawdown Governor,reliance_ns,2021-01-28,2021-02-11,9.491998601733243,4409.32299367321,1
Candidate B: Mission 28 Drawdown Governor,tcs_ns,2021-02-26,2021-03-12,5.601386332899567,3438.2600925326,1
Candidate B: Mission 28 Drawdown Governor,icicibank_ns,2021-03-05,2021-03-19,-3.7892054053041746,-1860.7213219263244,0
Candidate B: Mission 28 Drawdown Governor,hdfcbank_ns,2021-03-16,2021-03-30,2.696364522298346,1408.8178088474642,1
Candidate B: Mission 28 Drawdown Governor,icicibank_ns,2021-03-19,2021-04-05,-2.673766089028821,-1370.2531384656925,0
Candidate B: Mission 28 Drawdown Governor,icicibank_ns,2021-04-05,2021-04-19,-2.0621225382932167,-1272.4435707911498,0
Candidate B: Mission 28 Drawdown Governor,hdfcbank_ns,2021-04-06,2021-04-20,-3.4400746813500795,-1698.1729572475701,0
Candidate B: Mission 28 Drawdown Governor,reliance_ns,2021-04-09,2021-04-23,-3.9682216862508057,-1567.1117356812294,0
Candidate B: Mission 28 Drawdown Governor,hdfcbank_ns,2021-04-26,2021-05-10,1.0207859675105984,310.3086288711814,1
Candidate B: Mission 28 Drawdown Governor,tcs_ns,2021-05-12,2021-05-26,2.2451305269866473,1366.3873961360903,1
Candidate B: Mission 28 Drawdown Governor,tcs_ns,2021-05-26,2021-06-09,1.2711690675953777,777.1078553997065,1
Candidate B: Mission 28 Drawdown Governor,icicibank_ns,2021-06-04,2021-06-18,-1.9628423160994248,-959.9605412911724,0
Candidate B: Mission 28 Drawdown Governor,tcs_ns,2021-06-09,2021-06-23,1.85982977556685,957.9501566288728,1
Candidate B: Mission 28 Drawdown Governor,hdfcbank_ns,2021-06-15,2021-06-29,0.7414208222587444,305.5093330115975,1
Candidate B: Mission 28 Drawdown Governor,icicibank_ns,2021-06-22,2021-07-06,3.0316022752273977,1290.070512510256,1
Candidate B: Mission 28 Drawdown Governor,hdfcbank_ns,2021-06-29,2021-07-13,-0.0633133516904062,-33.45390455115958,0
Candidate B: Mission 28 Drawdown Governor,tcs_ns,2021-07-07,2021-07-22,-1.8384411811517578,-469.16771270254355,0
Candidate B: Mission 28 Drawdown Governor,hdfcbank_ns,2021-07-14,2021-07-28,-5.50702893412014,-1555.647334241243,0
Candidate B: Mission 28 Drawdown Governor,tcs_ns,2021-07-28,2021-08-11,4.525855280451366,2528.0183931414044,1
Candidate B: Mission 28 Drawdown Governor,hdfcbank_ns,2021-07-28,2021-08-11,5.425980718179595,2714.311660192282,1
Candidate B: Mission 28 Drawdown Governor,tcs_ns,2021-08-11,2021-08-25,9.358607541347935,4838.0758417531615,1
Candidate B: Mission 28 Drawdown Governor,hdfcbank_ns,2021-08-12,2021-08-26,3.5049036588490123,909.609434522908,1
Candidate B: Mission 28 Drawdown Governor,icicibank_ns,2021-08-18,2021-09-01,4.538731245522456,2120.244005076139,1
Candidate B: Mission 28 Drawdown Governor,hdfcbank_ns,2021-08-27,2021-09-13,0.40830009565702596,110.34496254455739,1
Candidate B: Mission 28 Drawdown Governor,reliance_ns,2021-09-03,2021-09-17,0.035782314665405095,20.90143847200531,1
Candidate B: Mission 28 Drawdown Governor,hdfcbank_ns,2021-09-14,2021-09-28,4.2421925610540745,1106.3080385148291,1
Candidate B: Mission 28 Drawdown Governor,tcs_ns,2021-09-30,2021-10-14,-4.3942159549263735,-2815.170470679993,0
Candidate B: Mission 28 Drawdown Governor,reliance_ns,2021-09-30,2021-10-14,7.137038150758277,3657.8956075394603,1
Candidate B: Mission 28 Drawdown Governor,hdfcbank_ns,2021-10-04,2021-10-18,5.279199041697048,1082.284195658866,1
Candidate B: Mission 28 Drawdown Governor,icicibank_ns,2021-10-06,2021-10-20,8.118498999005732,1497.93004217635,1
Candidate B: Mission 28 Drawdown Governor,tcs_ns,2021-10-14,2021-10-28,-5.302880459887136,-1205.3851311592957,0
Candidate B: Mission 28 Drawdown Governor,infy_ns,2021-10-21,2021-11-04,-2.61194779916693,-786.2459151577967,0
Candidate B: Mission 28 Drawdown Governor,tcs_ns,2021-10-28,2021-11-11,1.893997068728408,553.8851941629799,1
Candidate B: Mission 28 Drawdown Governor,icicibank_ns,2021-11-15,2021-11-29,-7.145889598269011,-2303.20608451333,0
Candidate B: Mission 28 Drawdown Governor,hdfcbank_ns,2021-11-17,2021-12-01,-1.7574045314973772,-509.7893381656626,0
Candidate B: Mission 28 Drawdown Governor,tcs_ns,2021-11-18,2021-12-02,4.758135153897382,2484.438698979838,1
Candidate B: Mission 28 Drawdown Governor,hdfcbank_ns,2021-12-01,2021-12-15,-0.3588890656593293,-95.92547521724585,0
Candidate B: Mission 28 Drawdown Governor,icicibank_ns,2021-12-03,2021-12-17,1.6244381131368397,479.62349480168047,1
Candidate B: Mission 28 Drawdown Governor,hdfcbank_ns,2021-12-15,2021-12-29,-3.125129960123698,-913.6693481098108,0
Candidate B: Mission 28 Drawdown Governor,icicibank_ns,2021-12-21,2022-01-04,7.234480013665233,2120.6500301737365,1
Candidate B: Mission 28 Drawdown Governor,hdfcbank_ns,2021-12-30,2022-01-13,4.497844680123161,1314.002111588568,1
Candidate B: Mission 28 Drawdown Governor,hdfcbank_ns,2022-01-14,2022-01-28,-5.347807533795776,-1737.4392446948698,0
Candidate B: Mission 28 Drawdown Governor,tcs_ns,2022-01-27,2022-02-10,3.2668335303808145,955.2199235162162,1
Candidate B: Mission 28 Drawdown Governor,hdfcbank_ns,2022-01-28,2022-02-11,3.7478592583731105,2203.0723896353134,1
Candidate B: Mission 28 Drawdown Governor,icicibank_ns,2022-01-31,2022-02-14,-4.497569236949886,-2115.014449224239,0
Candidate B: Mission 28 Drawdown Governor,infy_ns,2022-02-09,2022-02-23,0.2692972796020675,50.655597055925796,1
Candidate B: Mission 28 Drawdown Governor,hdfcbank_ns,2022-02-11,2022-02-25,-4.179349574226684,-1088.6076434676263,0
Candidate B: Mission 28 Drawdown Governor,icicibank_ns,2022-02-16,2022-03-02,-6.4861511663622435,-1811.8180626600029,0
Candidate B: Mission 28 Drawdown Governor,tcs_ns,2022-02-22,2022-03-08,0.32762865749746045,82.36674629473399,1
Candidate B: Mission 28 Drawdown Governor,infy_ns,2022-02-24,2022-03-10,8.749935813340771,2144.8142091600066,1
Candidate B: Mission 28 Drawdown Governor,hdfcbank_ns,2022-02-25,2022-03-11,-4.120481271080519,-1011.865639339526,0
Candidate B: Mission 28 Drawdown Governor,icicibank_ns,2022-03-02,2022-03-16,-1.0077604856924913,-249.05249903012808,0
Candidate B: Mission 28 Drawdown Governor,tcs_ns,2022-03-10,2022-03-24,3.5080634404912656,868.7501433244969,1
Candidate B: Mission 28 Drawdown Governor,hdfcbank_ns,2022-03-11,2022-03-25,2.3900719076963894,652.6848596641732,1
Candidate B: Mission 28 Drawdown Governor,icicibank_ns,2022-03-25,2022-04-08,7.818782667010693,2313.35146486613,1
Candidate B: Mission 28 Drawdown Governor,hdfcbank_ns,2022-03-25,2022-04-08,5.800033096077243,1706.6295861552185,1
Candidate B: Mission 28 Drawdown Governor,infy_ns,2022-04-05,2022-04-19,-16.1131040524314,-4267.077390876956,0
Candidate B: Mission 28 Drawdown Governor,hdfcbank_ns,2022-04-08,2022-04-22,-10.545528421835147,-3178.104377998822,0
Candidate B: Mission 28 Drawdown Governor,tcs_ns,2022-04-18,2022-05-02,0.3565327416098092,96.70339877872014,1
Candidate B: Mission 28 Drawdown Governor,infy_ns,2022-04-19,2022-05-04,-1.7424920740261882,-928.1367924289896,0
Candidate B: Mission 28 Drawdown Governor,hdfcbank_ns,2022-04-22,2022-05-06,-2.851785237830452,-684.4812476599074,0
Candidate B: Mission 28 Drawdown Governor,reliance_ns,2022-04-26,2022-05-10,-10.888888222877075,-2352.1812679993127,0
Candidate B: Mission 28 Drawdown Governor,tcs_ns,2022-05-04,2022-05-18,-0.9389855936860135,-208.11205764459825,0
Candidate B: Mission 28 Drawdown Governor,infy_ns,2022-05-04,2022-05-18,-1.7651458285271286,-444.47829434674077,0
Candidate B: Mission 28 Drawdown Governor,icicibank_ns,2022-05-04,2022-05-18,-2.3822850399524294,-539.8911391249877,0
Candidate B: Mission 28 Drawdown Governor,hdfcbank_ns,2022-05-06,2022-05-20,0.20412117943122604,46.39308174754322,1
Candidate B: Mission 28 Drawdown Governor,infy_ns,2022-05-18,2022-06-01,-2.0798554455154044,-562.5906459673446,0
Candidate B: Mission 28 Drawdown Governor,icicibank_ns,2022-05-18,2022-06-01,6.350989660910801,1686.622262358528,1
Candidate B: Mission 28 Drawdown Governor,tcs_ns,2022-05-19,2022-06-02,4.884763752150202,1167.5150736430708,1
Candidate B: Mission 28 Drawdown Governor,hdfcbank_ns,2022-05-20,2022-06-03,4.44073960408538,1056.385409989342,1
Candidate B: Mission 28 Drawdown Governor,hdfcbank_ns,2022-06-03,2022-06-17,-6.606891299145393,-2105.883530636561,0
Candidate B: Mission 28 Drawdown Governor,infy_ns,2022-06-08,2022-06-22,-4.231241666666667,-1213.8010999236808,0
Candidate B: Mission 28 Drawdown Governor,icicibank_ns,2022-06-08,2022-06-22,-5.927803207930838,-1530.4388542825254,0
Candidate B: Mission 28 Drawdown Governor,tcs_ns,2022-06-15,2022-06-29,2.574765303142731,598.2770767060057,1
Candidate B: Mission 28 Drawdown Governor,hdfcbank_ns,2022-06-17,2022-07-01,4.9097208761387865,1172.9017472160715,1
Candidate B: Mission 28 Drawdown Governor,infy_ns,2022-06-22,2022-07-06,3.7331152827869523,905.1954752174478,1
Candidate B: Mission 28 Drawdown Governor,icicibank_ns,2022-06-22,2022-07-06,5.67827891076155,1377.079451916408,1
Candidate B: Mission 28 Drawdown Governor,hdfcbank_ns,2022-07-01,2022-07-15,0.5628087758973915,150.36116348168383,1
Candidate B: Mission 28 Drawdown Governor,icicibank_ns,2022-07-07,2022-07-21,5.8769541778975745,1711.531119367109,1
Candidate B: Mission 28 Drawdown Governor,tcs_ns,2022-07-11,2022-07-25,1.6496427312732154,432.37930847364896,1
Candidate B: Mission 28 Drawdown Governor,infy_ns,2022-07-12,2022-07-26,0.8219431403161184,193.89173176074465,1
Candidate B: Mission 28 Drawdown Governor,hdfcbank_ns,2022-07-15,2022-07-29,5.24450642835211,1254.3363229072122,1
Candidate B: Mission 28 Drawdown Governor,icicibank_ns,2022-08-23,2022-09-06,2.235001092966594,718.9691956010771,1
Candidate B: Mission 28 Drawdown Governor,tcs_ns,2022-08-24,2022-09-07,-3.2968742786251664,-1909.006621969291,0
Candidate B: Mission 28 Drawdown Governor,tcs_ns,2022-09-07,2022-09-21,-4.759358071251915,-1525.3563963789122,0
Candidate B: Mission 28 Drawdown Governor,icicibank_ns,2022-09-07,2022-09-21,4.404515208320954,1270.4675317219808,1
Candidate B: Mission 28 Drawdown Governor,tcs_ns,2022-09-21,2022-10-06,3.3053120964392906,958.9577298710398,1
Candidate B: Mission 28 Drawdown Governor,icicibank_ns,2022-09-27,2022-10-11,2.0661178883804396,601.7128981942993,1
Candidate B: Mission 28 Drawdown Governor,tcs_ns,2022-10-06,2022-10-20,1.7334724440515814,506.3081966299657,1
Candidate B: Mission 28 Drawdown Governor,icicibank_ns,2022-10-11,2022-10-25,6.201181797277184,1814.43034696578,1
Candidate B: Mission 28 Drawdown Governor,icicibank_ns,2022-10-28,2022-11-11,-0.19312252398681368,-62.59540675838899,0
Candidate B: Mission 28 Drawdown Governor,icicibank_ns,2022-11-15,2022-11-29,3.7925427585841693,1229.012055427891,1
Candidate B: Mission 28 Drawdown Governor,tcs_ns,2022-12-08,2022-12-22,-2.76014225378252,-897.8444192545434,0
Candidate B: Mission 28 Drawdown Governor,tcs_ns,2022-12-23,2023-01-06,-0.5701309738959697,-184.94554990368604,0
Candidate C: Volatility Expansion Exposure Governor,reliance_ns,2003-08-13,2003-08-27,9.046431717602008,1809.2863435204017,1
Candidate C: Volatility Expansion Exposure Governor,infy_ns,2003-08-15,2003-08-29,14.846041729816035,2375.3666767705654,1
Candidate C: Volatility Expansion Exposure Governor,reliance_ns,2003-09-03,2003-09-17,-0.30725433291543813,-64.02237212755179,0
Candidate C: Volatility Expansion Exposure Governor,hdfcbank_ns,2003-09-18,2003-10-02,6.813201882550642,1418.789753488854,1
Candidate C: Volatility Expansion Exposure Governor,hdfcbank_ns,2003-10-23,2003-11-06,2.6508989354672217,559.5486743851353,1
Candidate C: Volatility Expansion Exposure Governor,hdfcbank_ns,2003-11-07,2003-11-21,-0.8031025236300348,-170.41669963902135,0
Candidate C: Volatility Expansion Exposure Governor,hdfcbank_ns,2003-11-21,2003-12-05,8.313539354687201,1761.2823779324654,1
Candidate C: Volatility Expansion Exposure Governor,reliance_ns,2003-11-28,2003-12-12,0.8221708410241515,139.34618719323896,1
Candidate C: Volatility Expansion Exposure Governor,reliance_ns,2003-12-12,2003-12-26,7.8638036295816,1695.895008925537,1
Candidate C: Volatility Expansion Exposure Governor,hdfcbank_ns,2004-01-22,2004-02-05,-2.78854569035932,-610.8313570558072,0
Candidate C: Volatility Expansion Exposure Governor,hdfcbank_ns,2004-02-25,2004-03-10,3.535285750800203,770.0859539403867,1
Candidate C: Volatility Expansion Exposure Governor,hdfcbank_ns,2004-03-15,2004-03-29,4.468066679266312,980.1538051123525,1
Candidate C: Volatility Expansion Exposure Governor,reliance_ns,2004-04-30,2004-05-14,-9.419425020051857,-2084.7916254811457,0
Candidate C: Volatility Expansion Exposure Governor,reliance_ns,2004-05-14,2004-05-28,-9.351568889315383,-1218.4685718202966,0
Candidate C: Volatility Expansion Exposure Governor,hdfcbank_ns,2004-05-14,2004-05-28,4.55566433605769,522.353181267814,1
Candidate C: Volatility Expansion Exposure Governor,reliance_ns,2004-05-28,2004-06-11,-0.28098925165428495,-32.3346274831661,0
Candidate C: Volatility Expansion Exposure Governor,reliance_ns,2004-06-11,2004-06-25,-0.07315428685843643,-9.46773689660148,0
Candidate C: Volatility Expansion Exposure Governor,reliance_ns,2004-06-25,2004-07-09,1.6405370652228874,353.8368580420927,1
Candidate C: Volatility Expansion Exposure Governor,reliance_ns,2004-07-14,2004-07-28,12.599180027369483,2726.351983237012,1
Candidate C: Volatility Expansion Exposure Governor,hdfcbank_ns,2004-07-19,2004-08-02,1.4780304217672056,255.8662492585072,1
Candidate C: Volatility Expansion Exposure Governor,reliance_ns,2004-11-25,2004-12-09,1.7073483455716516,379.63856844315296,1
Candidate C: Volatility Expansion Exposure Governor,hdfcbank_ns,2004-12-06,2004-12-20,3.2739752203155765,582.3895370773006,1
Candidate C: Volatility Expansion Exposure Governor,hdfcbank_ns,2005-01-06,2005-01-20,5.3476893030273205,1199.3782399370048,1
Candidate C: Volatility Expansion Exposure Governor,hdfcbank_ns,2005-01-24,2005-02-07,14.270710604330826,3234.862885789614,1
Candidate C: Volatility Expansion Exposure Governor,hdfcbank_ns,2005-03-01,2005-03-15,2.7795053106225596,648.0366561364166,1
Candidate C: Volatility Expansion Exposure Governor,hdfcbank_ns,2005-03-17,2005-03-31,-4.860662974905304,-1139.5545921025173,0
Candidate C: Volatility Expansion Exposure Governor,hdfcbank_ns,2005-03-31,2005-04-15,-1.2057053510641664,-279.9227790170066,0
Candidate C: Volatility Expansion Exposure Governor,hdfcbank_ns,2005-04-28,2005-05-12,-1.994010791102559,-277.09410101347413,0
Candidate C: Volatility Expansion Exposure Governor,reliance_ns,2005-06-10,2005-06-24,15.49248966083854,3579.557226470364,1
Candidate C: Volatility Expansion Exposure Governor,hdfcbank_ns,2005-06-15,2005-06-29,1.7168538276322167,317.3448121009918,1
Candidate C: Volatility Expansion Exposure Governor,hdfcbank_ns,2005-08-12,2005-08-26,-3.9105279525105416,-560.405872164129,0
Candidate C: Volatility Expansion Exposure Governor,reliance_ns,2005-08-16,2005-08-30,1.0640492365602487,134.18738184710438,1
Candidate C: Volatility Expansion Exposure Governor,hdfcbank_ns,2005-08-26,2005-09-09,6.461634718252126,1098.4887388339155,1
Candidate C: Volatility Expansion Exposure Governor,reliance_ns,2005-09-01,2005-09-15,4.64009977164366,946.5439779773334,1
Candidate C: Volatility Expansion Exposure Governor,reliance_ns,2005-09-27,2005-10-11,0.05147247333921885,12.460588191966298,1
Candidate C: Volatility Expansion Exposure Governor,reliance_ns,2005-10-11,2005-10-25,-2.7362831777195344,-662.474632008486,0
Candidate C: Volatility Expansion Exposure Governor,icicibank_ns,2005-10-19,2005-11-02,0.32159990929667737,62.289395571357446,1
Candidate C: Volatility Expansion Exposure Governor,reliance_ns,2005-10-25,2005-11-08,2.9253239265705426,591.0480561565123,1
Candidate C: Volatility Expansion Exposure Governor,hdfcbank_ns,2005-10-25,2005-11-08,1.1148824641934718,180.20544181636456,1
Candidate C: Volatility Expansion Exposure Governor,icicibank_ns,2005-11-04,2005-11-18,7.794710204024708,1310.8425819306074,1
Candidate C: Volatility Expansion Exposure Governor,reliance_ns,2005-11-08,2005-11-22,3.5979957629601538,633.7070647570597,1
Candidate C: Volatility Expansion Exposure Governor,icicibank_ns,2005-11-18,2005-12-02,0.9798418871183163,205.61565087564793,1
Candidate C: Volatility Expansion Exposure Governor,tcs_ns,2005-11-22,2005-12-06,3.5578664121724253,597.2825025628682,1
Candidate C: Volatility Expansion Exposure Governor,icicibank_ns,2005-12-02,2005-12-16,7.728171072680431,1647.4500133654813,1
Candidate C: Volatility Expansion Exposure Governor,tcs_ns,2005-12-06,2005-12-20,8.92234555984556,1831.8430968847774,1
Candidate C: Volatility Expansion Exposure Governor,reliance_ns,2005-12-15,2005-12-29,5.3717158420860915,882.291816002906,1
Candidate C: Volatility Expansion Exposure Governor,icicibank_ns,2005-12-16,2005-12-30,-0.30560545814338624,-54.19239334067881,0
Candidate C: Volatility Expansion Exposure Governor,tcs_ns,2005-12-20,2006-01-03,2.2930824444221467,427.86160807088334,1
Candidate C: Volatility Expansion Exposure Governor,reliance_ns,2005-12-29,2006-01-12,-0.5266978589123616,-96.85157096867502,0
Candidate C: Volatility Expansion Exposure Governor,icicibank_ns,2005-12-30,2006-01-13,-0.22938327856309126,-41.854375321926106,0
Candidate C: Volatility Expansion Exposure Governor,tcs_ns,2006-01-03,2006-01-17,-6.38193110351932,-1175.2017402036993,0
Candidate C: Volatility Expansion Exposure Governor,reliance_ns,2006-01-12,2006-01-27,26.029229711348822,4786.757808305058,1
Candidate C: Volatility Expansion Exposure Governor,icicibank_ns,2006-01-13,2006-01-27,6.034287050017665,1107.4649386371814,1
Candidate C: Volatility Expansion Exposure Governor,tcs_ns,2006-01-17,2006-01-31,2.8437106870474103,515.5692967886654,1
Candidate C: Volatility Expansion Exposure Governor,tcs_ns,2006-01-31,2006-02-14,-3.1518944612131157,-506.08101888026994,0
Candidate C: Volatility Expansion Exposure Governor,icicibank_ns,2006-02-02,2006-02-16,3.026310950327789,570.1424005036092,1
Candidate C: Volatility Expansion Exposure Governor,tcs_ns,2006-02-14,2006-02-28,5.028518390641276,920.8850172996321,1
Candidate C: Volatility Expansion Exposure Governor,icicibank_ns,2006-02-17,2006-03-03,4.190511654247852,968.4625256924198,1
Candidate C: Volatility Expansion Exposure Governor,hdfcbank_ns,2006-02-17,2006-03-03,2.2860047090840516,422.65194839586763,1
Candidate C: Volatility Expansion Exposure Governor,reliance_ns,2006-02-21,2006-03-07,4.927805172362495,728.8686498808657,1
Candidate C: Volatility Expansion Exposure Governor,tcs_ns,2006-02-28,2006-03-14,5.965334102875815,935.3391886810317,1
Candidate C: Volatility Expansion Exposure Governor,hdfcbank_ns,2006-03-03,2006-03-17,0.5486235656597915,115.98883152995758,1
Candidate C: Volatility Expansion Exposure Governor,icicibank_ns,2006-03-07,2006-03-21,-0.49910527511743535,-99.90785917964716,0
Candidate C: Volatility Expansion Exposure Governor,tcs_ns,2006-03-14,2006-03-28,4.630545255870313,895.4037628100247,1
Candidate C: Volatility Expansion Exposure Governor,icicibank_ns,2006-03-21,2006-04-04,2.5481703638228392,604.0328207731527,1
Candidate C: Volatility Expansion Exposure Governor,tcs_ns,2006-03-28,2006-04-12,-5.705145590966537,-1312.760613955347,0
Candidate C: Volatility Expansion Exposure Governor,icicibank_ns,2006-04-04,2006-04-18,-4.48770405506629,-1044.2803527122096,0
Candidate C: Volatility Expansion Exposure Governor,tcs_ns,2006-04-12,2006-04-26,9.01778706915686,2070.0620282858386,1
Candidate C: Volatility Expansion Exposure Governor,icicibank_ns,2006-04-18,2006-05-02,5.99131153725599,1093.2640410427935,1
Candidate C: Volatility Expansion Exposure Governor,tcs_ns,2006-05-03,2006-05-17,-0.7879796593548821,-132.53704457489025,0
Candidate C: Volatility Expansion Exposure Governor,tcs_ns,2006-05-17,2006-05-31,-11.631266978254999,-2606.0166353537384,0
Candidate C: Volatility Expansion Exposure Governor,hdfcbank_ns,2006-05-19,2006-06-02,-5.555797920779054,-784.2186198380284,0
Candidate C: Volatility Expansion Exposure Governor,reliance_ns,2006-05-26,2006-06-09,-3.7779194572726755,-469.27354916447865,0
Candidate C: Volatility Expansion Exposure Governor,tcs_ns,2006-05-31,2006-06-14,-16.825498689981327,-2238.9377447179563,0
Candidate C: Volatility Expansion Exposure Governor,hdfcbank_ns,2006-06-02,2006-06-16,-4.04120699907845,-537.8736611364224,0
Candidate C: Volatility Expansion Exposure Governor,icicibank_ns,2006-06-05,2006-06-19,-6.941180157721602,-812.9899375868333,0
Candidate C: Volatility Expansion Exposure Governor,reliance_ns,2006-06-09,2006-06-23,9.606507246627388,1127.9305927433884,1
Candidate C: Volatility Expansion Exposure Governor,tcs_ns,2006-06-15,2006-06-29,8.345345250755225,973.1094168283419,1
Candidate C: Volatility Expansion Exposure Governor,hdfcbank_ns,2006-06-21,2006-07-05,13.813735638058633,1809.85016926836,1
Candidate C: Volatility Expansion Exposure Governor,tcs_ns,2006-06-30,2006-07-14,7.741314976310597,1129.4533138880045,1
Candidate C: Volatility Expansion Exposure Governor,icicibank_ns,2006-06-30,2006-07-14,-0.45971901162077666,-59.024006024139204,0
Candidate C: Volatility Expansion Exposure Governor,tcs_ns,2006-07-14,2006-07-28,-0.9778836871785341,-244.05007035091901,0
Candidate C: Volatility Expansion Exposure Governor,icicibank_ns,2006-07-17,2006-07-31,15.992258522571156,3601.711744383748,1
Candidate C: Volatility Expansion Exposure Governor,hdfcbank_ns,2006-07-17,2006-07-31,12.319240815690035,2219.591648803775,1
Candidate C: Volatility Expansion Exposure Governor,reliance_ns,2006-07-25,2006-08-08,-1.127617436425447,-162.5327587880424,0
Candidate C: Volatility Expansion Exposure Governor,tcs_ns,2006-07-28,2006-08-11,4.164592911060383,686.0600181791738,1
Candidate C: Volatility Expansion Exposure Governor,tcs_ns,2006-08-11,2006-08-25,0.6524234162051499,187.46175984760657,1
Candidate C: Volatility Expansion Exposure Governor,icicibank_ns,2006-08-21,2006-09-04,4.673107804906069,1074.184636916608,1
Candidate C: Volatility Expansion Exposure Governor,icicibank_ns,2006-09-04,2006-09-18,3.3044065683237394,957.7978838126112,1
Candidate C: Volatility Expansion Exposure Governor,tcs_ns,2006-09-11,2006-09-25,7.513468191718692,1742.251453705859,1
Candidate C: Volatility Expansion Exposure Governor,hdfcbank_ns,2006-09-11,2006-09-25,6.691891264621306,1241.3928679890817,1
Candidate C: Volatility Expansion Exposure Governor,icicibank_ns,2006-09-18,2006-10-03,8.350980823455298,1739.4438815426054,1
Candidate C: Volatility Expansion Exposure Governor,tcs_ns,2006-10-09,2006-10-23,7.724382507433663,2326.7115040493645,1
Candidate C: Volatility Expansion Exposure Governor,icicibank_ns,2006-10-20,2006-11-03,4.162327280892732,1003.0093417825009,1
Candidate C: Volatility Expansion Exposure Governor,tcs_ns,2006-10-23,2006-11-06,-1.9655264942085824,-506.4676043115346,0
Candidate C: Volatility Expansion Exposure Governor,tcs_ns,2006-11-06,2006-11-20,5.464510557860394,1676.8561673938118,1
Candidate C: Volatility Expansion Exposure Governor,tcs_ns,2006-12-08,2006-12-22,-1.9990693966963538,-620.1447594134082,0
Candidate C: Volatility Expansion Exposure Governor,icicibank_ns,2006-12-08,2006-12-22,-2.7010270802569702,-670.3230179495306,0
Candidate C: Volatility Expansion Exposure Governor,hdfcbank_ns,2006-12-11,2006-12-26,-0.22905012668252828,-45.47531516491051,0
Candidate C: Volatility Expansion Exposure Governor,tcs_ns,2006-12-22,2007-01-05,9.39542904075019,2063.5558311711625,1
Candidate C: Volatility Expansion Exposure Governor,hdfcbank_ns,2007-01-09,2007-01-23,1.8230166057283288,568.1831395477134,1
Candidate C: Volatility Expansion Exposure Governor,tcs_ns,2007-01-17,2007-01-31,-2.0993331161364757,-523.4425960289525,0
Candidate C: Volatility Expansion Exposure Governor,tcs_ns,2007-02-01,2007-02-15,-0.03453224033617543,-10.765820649897801,0
Candidate C: Volatility Expansion Exposure Governor,hdfcbank_ns,2007-02-14,2007-02-28,-8.13148055856244,-2028.065609630461,0
Candidate C: Volatility Expansion Exposure Governor,tcs_ns,2007-02-28,2007-03-14,1.6376109426714498,428.82164099611066,1
Candidate C: Volatility Expansion Exposure Governor,hdfcbank_ns,2007-03-05,2007-03-19,-0.4161806628780982,-63.753588832564034,0
Candidate C: Volatility Expansion Exposure Governor,tcs_ns,2007-03-14,2007-03-28,-1.0836428906103988,-180.6891855024627,0
Candidate C: Volatility Expansion Exposure Governor,hdfcbank_ns,2007-03-19,2007-04-02,-2.5686062799907456,-423.92087386154185,0
Candidate C: Volatility Expansion Exposure Governor,tcs_ns,2007-03-28,2007-04-11,-0.9196691254195721,-151.7700568463198,0
Candidate C: Volatility Expansion Exposure Governor,hdfcbank_ns,2007-04-02,2007-04-16,8.11144720219567,1334.4919982322278,1
Candidate C: Volatility Expansion Exposure Governor,tcs_ns,2007-04-11,2007-04-25,2.5357398288073005,694.7856761397287,1
Candidate C: Volatility Expansion Exposure Governor,reliance_ns,2007-05-04,2007-05-18,7.229301575492668,2248.0214417887682,1
Candidate C: Volatility Expansion Exposure Governor,hdfcbank_ns,2007-05-07,2007-05-21,10.619132386649076,2641.697768349503,1
Candidate C: Volatility Expansion Exposure Governor,infy_ns,2007-05-08,2007-05-22,-2.820495692346111,-561.3187145479238,0
Candidate C: Volatility Expansion Exposure Governor,tcs_ns,2007-05-10,2007-05-24,-0.4523319828202184,-72.0163928162175,0
Candidate C: Volatility Expansion Exposure Governor,reliance_ns,2007-05-18,2007-06-01,3.0571681552062837,593.2651111594377,1
Candidate C: Volatility Expansion Exposure Governor,infy_ns,2007-05-22,2007-06-05,-0.23226653672587325,-57.82573005251609,0
Candidate C: Volatility Expansion Exposure Governor,hdfcbank_ns,2007-05-22,2007-06-05,3.938675333656863,784.4669484260654,1
Candidate C: Volatility Expansion Exposure Governor,tcs_ns,2007-05-24,2007-06-07,-1.4985507246376812,-286.2747983330009,0
Candidate C: Volatility Expansion Exposure Governor,infy_ns,2007-06-05,2007-06-19,0.6392406720048768,155.01740231574675,1
Candidate C: Volatility Expansion Exposure Governor,reliance_ns,2007-06-06,2007-06-20,2.4113762430931374,567.6498080878494,1
Candidate C: Volatility Expansion Exposure Governor,tcs_ns,2007-06-07,2007-06-21,-5.134451068919259,-1160.171663389168,0
Candidate C: Volatility Expansion Exposure Governor,icicibank_ns,2007-06-18,2007-07-02,3.3714198166502265,609.4401421555829,1
Candidate C: Volatility Expansion Exposure Governor,infy_ns,2007-06-19,2007-07-03,-0.5199658239306354,-100.57376919409954,0
Candidate C: Volatility Expansion Exposure Governor,hdfcbank_ns,2007-06-20,2007-07-04,4.556576811508766,924.7815381315792,1
Candidate C: Volatility Expansion Exposure Governor,reliance_ns,2007-06-21,2007-07-05,-1.461924859506667,-300.03898450908764,0
Candidate C: Volatility Expansion Exposure Governor,tcs_ns,2007-06-22,2007-07-06,1.5896091062026225,260.9954671144346,1
Candidate C: Volatility Expansion Exposure Governor,infy_ns,2007-07-03,2007-07-17,-0.5042236051787048,-104.47845018411824,0
Candidate C: Volatility Expansion Exposure Governor,hdfcbank_ns,2007-07-04,2007-07-18,4.232020800086985,881.1316773099772,1
Candidate C: Volatility Expansion Exposure Governor,reliance_ns,2007-07-05,2007-07-19,10.644414358800738,2203.518867574699,1
Candidate C: Volatility Expansion Exposure Governor,tcs_ns,2007-07-06,2007-07-20,1.4380571904116677,286.12892218589695,1
Candidate C: Volatility Expansion Exposure Governor,infy_ns,2007-07-17,2007-07-31,1.8705784768108917,374.87819366447184,1
Candidate C: Volatility Expansion Exposure Governor,reliance_ns,2007-07-19,2007-08-02,-4.921293832555245,-1228.0544074545085,0
Candidate C: Volatility Expansion Exposure Governor,tcs_ns,2007-07-25,2007-08-08,0.33301903752625706,79.9236433300294,1
Candidate C: Volatility Expansion Exposure Governor,infy_ns,2007-07-31,2007-08-14,-1.081978130274314,-201.53275913805464,0
Candidate C: Volatility Expansion Exposure Governor,reliance_ns,2007-08-02,2007-08-16,-3.4639142063799486,-505.0970645761597,0
Candidate C: Volatility Expansion Exposure Governor,tcs_ns,2007-08-08,2007-08-22,-11.037038337556087,-1735.1814088278002,0
Candidate C: Volatility Expansion Exposure Governor,infy_ns,2007-08-14,2007-08-28,-3.891283034879934,-832.5188686697388,0
Candidate C: Volatility Expansion Exposure Governor,reliance_ns,2007-08-16,2007-08-30,9.892986445574094,1500.5383439727855,1
Candidate C: Volatility Expansion Exposure Governor,icicibank_ns,2007-08-16,2007-08-30,4.862516366891474,649.0279978885978,1
Candidate C: Volatility Expansion Exposure Governor,tcs_ns,2007-08-22,2007-09-05,4.475463017003577,600.7958538518949,1
Candidate C: Volatility Expansion Exposure Governor,reliance_ns,2007-08-30,2007-09-13,5.985001853485869,974.4140615231155,1
Candidate C: Volatility Expansion Exposure Governor,infy_ns,2007-09-03,2007-09-17,-3.0501370416622797,-488.2297071006983,0
Candidate C: Volatility Expansion Exposure Governor,tcs_ns,2007-09-05,2007-09-19,-4.645079863936022,-732.4824678772519,0
Candidate C: Volatility Expansion Exposure Governor,reliance_ns,2007-09-13,2007-09-27,14.285614603532315,3796.9635423612826,1
Candidate C: Volatility Expansion Exposure Governor,infy_ns,2007-09-17,2007-10-01,5.518464598595785,1344.6765814194987,1
Candidate C: Volatility Expansion Exposure Governor,tcs_ns,2007-09-19,2007-10-03,5.4357425411136395,1223.0850852036294,1
Candidate C: Volatility Expansion Exposure Governor,infy_ns,2007-10-01,2007-10-15,1.127675938440966,329.4857005843513,1
Candidate C: Volatility Expansion Exposure Governor,tcs_ns,2007-10-03,2007-10-17,1.3855310138012304,389.6012162414169,1
Candidate C: Volatility Expansion Exposure Governor,infy_ns,2007-10-16,2007-10-30,-0.7006791095299741,-159.22197075222533,0
Candidate C: Volatility Expansion Exposure Governor,tcs_ns,2007-10-18,2007-11-01,-9.01468300820533,-1598.9481311815637,0
Candidate C: Volatility Expansion Exposure Governor,hdfcbank_ns,2007-10-19,2007-11-02,29.51402288187484,4606.753746654088,1
Candidate C: Volatility Expansion Exposure Governor,infy_ns,2007-10-31,2007-11-14,-7.094287106565801,-1555.3911166465525,0
Candidate C: Volatility Expansion Exposure Governor,tcs_ns,2007-11-01,2007-11-15,-4.236359523891768,-889.5821990908071,0
Candidate C: Volatility Expansion Exposure Governor,tcs_ns,2007-11-15,2007-11-29,-1.4928636222938843,-306.223059258708,0
Candidate C: Volatility Expansion Exposure Governor,infy_ns,2007-11-15,2007-11-29,-4.907040091793196,-885.7680967029721,0
Candidate C: Volatility Expansion Exposure Governor,hdfcbank_ns,2007-11-26,2007-12-10,2.6626061260412044,563.9346284644613,1
Candidate C: Volatility Expansion Exposure Governor,tcs_ns,2007-11-29,2007-12-13,6.525044107622787,1371.8271799424185,1
Candidate C: Volatility Expansion Exposure Governor,infy_ns,2007-11-29,2007-12-13,5.861858426944588,1196.20694402147,1
Candidate C: Volatility Expansion Exposure Governor,reliance_ns,2007-12-11,2007-12-26,0.325815959131187,83.9813234072671,1
Candidate C: Volatility Expansion Exposure Governor,tcs_ns,2007-12-14,2007-12-28,3.9608731277184663,1165.3003917677268,1
Candidate C: Volatility Expansion Exposure Governor,infy_ns,2007-12-17,2007-12-31,8.90603016531177,2096.1439775701224,1
Candidate C: Volatility Expansion Exposure Governor,tcs_ns,2007-12-28,2008-01-11,-8.58429028492247,-2585.4199239372833,0
Candidate C: Volatility Expansion Exposure Governor,infy_ns,2008-01-03,2008-01-17,-12.837261528806964,-3751.164224745977,0
Candidate C: Volatility Expansion Exposure Governor,reliance_ns,2008-01-04,2008-01-18,-6.508516072425051,-1521.4779315528374,0
Candidate C: Volatility Expansion Exposure Governor,tcs_ns,2008-01-11,2008-01-25,-10.668585440955338,-2582.6409453145657,0
Candidate C: Volatility Expansion Exposure Governor,infy_ns,2008-01-17,2008-01-31,0.5300925429570124,129.662077268349,1
Candidate C: Volatility Expansion Exposure Governor,tcs_ns,2008-01-25,2008-02-08,1.509252677412148,255.94800077719236,1
Candidate C: Volatility Expansion Exposure Governor,hdfcbank_ns,2008-01-25,2008-02-08,-10.396401052713662,-1551.5132303549406,0
Candidate C: Volatility Expansion Exposure Governor,infy_ns,2008-02-01,2008-02-15,-1.8802616106315235,-302.41235683509245,0
Candidate C: Volatility Expansion Exposure Governor,tcs_ns,2008-02-08,2008-02-22,0.18919059871111477,30.685291022569167,1
Candidate C: Volatility Expansion Exposure Governor,hdfcbank_ns,2008-02-08,2008-02-22,2.1923577063362356,348.093421205,1
Candidate C: Volatility Expansion Exposure Governor,tcs_ns,2008-02-22,2008-03-07,-6.087728514157371,-1485.6895900473166,0
Candidate C: Volatility Expansion Exposure Governor,infy_ns,2008-02-21,2008-03-07,-12.14803041951145,-3212.3455732574657,0
Candidate C: Volatility Expansion Exposure Governor,hdfcbank_ns,2008-02-25,2008-03-10,-7.800656876500456,-1776.121052338076,0
Candidate C: Volatility Expansion Exposure Governor,tcs_ns,2008-03-07,2008-03-24,-2.701868646634623,-615.9959729214962,0
Candidate C: Volatility Expansion Exposure Governor,icicibank_ns,2008-03-07,2008-03-24,-10.253089485637453,-2346.4512366257695,0
Candidate C: Volatility Expansion Exposure Governor,hdfcbank_ns,2008-03-10,2008-03-24,2.2668041799892635,510.18499793908956,1
Candidate C: Volatility Expansion Exposure Governor,infy_ns,2008-03-11,2008-03-25,4.571383204250975,823.0975224866997,1
Candidate C: Volatility Expansion Exposure Governor,tcs_ns,2008-03-24,2008-04-07,9.705950249642454,1828.6910738905067,1
Candidate C: Volatility Expansion Exposure Governor,icicibank_ns,2008-03-24,2008-04-07,1.083820736305467,207.88238591813337,1
Candidate C: Volatility Expansion Exposure Governor,hdfcbank_ns,2008-03-24,2008-04-07,-2.9176362101894466,-582.0044486099256,0
Candidate C: Volatility Expansion Exposure Governor,infy_ns,2008-03-26,2008-04-09,-1.3531192933451774,-213.51088788560364,0
Candidate C: Volatility Expansion Exposure Governor,reliance_ns,2008-04-02,2008-04-16,12.699914120620793,1683.3096392701232,1
Candidate C: Volatility Expansion Exposure Governor,tcs_ns,2008-04-07,2008-04-21,9.822293022225278,1418.4290699857622,1
Candidate C: Volatility Expansion Exposure Governor,hdfcbank_ns,2008-04-07,2008-04-21,12.016237188833198,2202.701384908779,1
Candidate C: Volatility Expansion Exposure Governor,infy_ns,2008-04-09,2008-04-23,11.296059362820909,2525.880597960893,1
Candidate C: Volatility Expansion Exposure Governor,tcs_ns,2008-04-21,2008-05-05,-6.685497843862809,-1607.7291192724647,0
Candidate C: Volatility Expansion Exposure Governor,infy_ns,2008-04-23,2008-05-07,11.849752966776459,3356.143496610826,1
Candidate C: Volatility Expansion Exposure Governor,hdfcbank_ns,2008-04-24,2008-05-08,4.505472723670681,1020.8491618753641,1
Candidate C: Volatility Expansion Exposure Governor,tcs_ns,2008-05-05,2008-05-20,3.0375667712886476,686.9287425883394,1
Candidate C: Volatility Expansion Exposure Governor,infy_ns,2008-05-07,2008-05-21,1.3862578775778056,338.6250478443859,1
Candidate C: Volatility Expansion Exposure Governor,hdfcbank_ns,2008-05-08,2008-05-22,-8.306555942702989,-2016.6313828046113,0
Candidate C: Volatility Expansion Exposure Governor,tcs_ns,2008-05-20,2008-06-03,1.9414783275715615,467.55348735465674,1
Candidate C: Volatility Expansion Exposure Governor,infy_ns,2008-05-22,2008-06-05,6.165870624007132,1493.3156262911893,1
Candidate C: Volatility Expansion Exposure Governor,reliance_ns,2008-05-22,2008-06-05,-14.48462346812423,-2806.431193243146,0
Candidate C: Volatility Expansion Exposure Governor,icicibank_ns,2008-05-23,2008-06-06,-10.792256072261013,-2153.3126662716863,0
Candidate C: Volatility Expansion Exposure Governor,hdfcbank_ns,2008-05-23,2008-06-06,-10.833597041263786,-1729.2489410214273,0
Candidate C: Volatility Expansion Exposure Governor,tcs_ns,2008-06-03,2008-06-17,-5.569469851331219,-984.6548105277054,0
Candidate C: Volatility Expansion Exposure Governor,hdfcbank_ns,2008-06-06,2008-06-20,-10.93343989331662,-3171.374275026343,0
Candidate C: Volatility Expansion Exposure Governor,reliance_ns,2008-06-09,2008-06-23,-6.381505270205076,-1480.8252002917804,0
Candidate C: Volatility Expansion Exposure Governor,tcs_ns,2008-06-17,2008-07-01,-8.03471470453068,-1759.8380658940275,0
Candidate C: Volatility Expansion Exposure Governor,hdfcbank_ns,2008-06-20,2008-07-04,-8.964273564218418,-2033.931664832779,0
Candidate C: Volatility Expansion Exposure Governor,icicibank_ns,2008-06-24,2008-07-08,-15.515494535732888,-3490.4078347046297,0
Candidate C: Volatility Expansion Exposure Governor,infy_ns,2008-06-25,2008-07-09,4.250125913946213,764.8959047668955,1
Candidate C: Volatility Expansion Exposure Governor,tcs_ns,2008-07-01,2008-07-15,-11.49289977612763,-2117.7084580506844,0
Candidate C: Volatility Expansion Exposure Governor,hdfcbank_ns,2008-07-04,2008-07-18,3.3672630326656767,635.4719501893201,1
Candidate C: Volatility Expansion Exposure Governor,icicibank_ns,2008-07-09,2008-07-23,18.759964253273274,3399.486321771208,1
Candidate C: Volatility Expansion Exposure Governor,infy_ns,2008-07-11,2008-07-25,-7.5722502330426655,-1152.6183645964766,0
Candidate C: Volatility Expansion Exposure Governor,tcs_ns,2008-07-15,2008-07-29,7.712717099031197,1187.4125874779425,1
Candidate C: Volatility Expansion Exposure Governor,reliance_ns,2008-07-15,2008-07-29,5.292733338428595,684.4686263370271,1
Candidate C: Volatility Expansion Exposure Governor,hdfcbank_ns,2008-07-18,2008-08-01,7.0803190893873005,742.5988076059544,1
Candidate C: Volatility Expansion Exposure Governor,tcs_ns,2008-07-29,2008-08-12,1.2226172994280824,189.3872107103566,1
Candidate C: Volatility Expansion Exposure Governor,icicibank_ns,2008-07-29,2008-08-12,21.81663505098374,3330.413428569031,1
Candidate C: Volatility Expansion Exposure Governor,infy_ns,2008-08-01,2008-08-18,3.906666951344765,524.8067871082858,1
Candidate C: Volatility Expansion Exposure Governor,hdfcbank_ns,2008-08-01,2008-08-18,8.539947548343706,1124.6498307771994,1
Candidate C: Volatility Expansion Exposure Governor,reliance_ns,2008-08-05,2008-08-19,-2.528930725418082,-293.0769910158854,0
Candidate C: Volatility Expansion Exposure Governor,tcs_ns,2008-08-12,2008-08-26,1.7556256086752844,353.4617470073199,1
Candidate C: Volatility Expansion Exposure Governor,infy_ns,2008-08-18,2008-09-01,1.0613092074328705,240.03989397967027,1
Candidate C: Volatility Expansion Exposure Governor,hdfcbank_ns,2008-08-18,2008-09-01,7.818605966299827,1638.205701680861,1
Candidate C: Volatility Expansion Exposure Governor,icicibank_ns,2008-08-21,2008-09-04,11.277257054834394,2145.0813545453566,1
Candidate C: Volatility Expansion Exposure Governor,reliance_ns,2008-08-25,2008-09-08,-4.4743093512042025,-680.8575891863101,0
Candidate C: Volatility Expansion Exposure Governor,tcs_ns,2008-08-26,2008-09-09,3.6349859660484847,591.4465916528308,1
Candidate C: Volatility Expansion Exposure Governor,infy_ns,2008-09-01,2008-09-15,-8.468583258354268,-1489.4740856048154,0
Candidate C: Volatility Expansion Exposure Governor,hdfcbank_ns,2008-09-01,2008-09-15,-7.355908000186635,-1367.3719597536285,0
Candidate C: Volatility Expansion Exposure Governor,reliance_ns,2008-09-08,2008-09-22,-4.459013129451242,-981.4966053771891,0
Candidate C: Volatility Expansion Exposure Governor,tcs_ns,2008-09-15,2008-09-29,-18.526160939906127,-3887.1026104138596,0
Candidate C: Volatility Expansion Exposure Governor,hdfcbank_ns,2008-09-15,2008-09-29,-0.3033157626059994,-71.1256809523184,0
Candidate C: Volatility Expansion Exposure Governor,icicibank_ns,2008-09-23,2008-10-07,-19.084121886833127,-4382.766465272378,0
Candidate C: Volatility Expansion Exposure Governor,tcs_ns,2008-09-29,2008-10-13,-7.651040226105721,-1667.2633316184852,0
Candidate C: Volatility Expansion Exposure Governor,infy_ns,2008-09-29,2008-10-13,-5.412278215868806,-943.5258728920334,0
Candidate C: Volatility Expansion Exposure Governor,hdfcbank_ns,2008-09-29,2008-10-13,-2.323202209362249,-432.6290918554074,0
Candidate C: Volatility Expansion Exposure Governor,icicibank_ns,2008-10-07,2008-10-21,-11.17730866391467,-2080.5700666773587,0
Candidate C: Volatility Expansion Exposure Governor,reliance_ns,2008-10-10,2008-10-24,-33.29469488640584,-3966.432930443224,0
Candidate C: Volatility Expansion Exposure Governor,hdfcbank_ns,2008-10-13,2008-10-27,-20.563157484477966,-2895.62715328354,0
Candidate C: Volatility Expansion Exposure Governor,tcs_ns,2008-10-14,2008-10-29,-8.802163545381497,-1090.7493041485445,0
Candidate C: Volatility Expansion Exposure Governor,icicibank_ns,2008-10-23,2008-11-06,18.420815960669362,2374.231584368751,1
Candidate C: Volatility Expansion Exposure Governor,reliance_ns,2008-10-24,2008-11-07,19.68019948214263,2419.8360343202307,1
Candidate C: Volatility Expansion Exposure Governor,hdfcbank_ns,2008-10-27,2008-11-10,18.003819300297067,2189.7352889674717,1
Candidate C: Volatility Expansion Exposure Governor,tcs_ns,2008-10-29,2008-11-12,-1.1404240995423833,-137.5263811883143,0
Candidate C: Volatility Expansion Exposure Governor,infy_ns,2008-10-29,2008-11-12,-3.4906083675277144,-370.42767569489416,0
Candidate C: Volatility Expansion Exposure Governor,hdfcbank_ns,2008-11-10,2008-11-24,-24.71286554916288,-3622.5096886391952,0
Candidate C: Volatility Expansion Exposure Governor,tcs_ns,2008-11-12,2008-11-26,-1.4420895234739444,-206.65132863236585,0
Candidate C: Volatility Expansion Exposure Governor,reliance_ns,2008-11-12,2008-11-26,-2.0538163606132755,-284.23580818194876,0
Candidate C: Volatility Expansion Exposure Governor,icicibank_ns,2008-11-20,2008-12-04,12.55003380299681,1528.4271665279553,1
Candidate C: Volatility Expansion Exposure Governor,hdfcbank_ns,2008-11-24,2008-12-08,8.256059686137526,1325.5418334844521,1
Candidate C: Volatility Expansion Exposure Governor,tcs_ns,2008-11-26,2008-12-10,2.5271495466017786,497.41425434517566,1
Candidate C: Volatility Expansion Exposure Governor,reliance_ns,2008-11-26,2008-12-10,7.699220418624521,1421.0672085883461,1
Candidate C: Volatility Expansion Exposure Governor,infy_ns,2008-12-02,2008-12-16,-6.960924275389662,-1027.8382164816687,0
Candidate C: Volatility Expansion Exposure Governor,icicibank_ns,2008-12-04,2008-12-18,29.605501722676475,4308.809308142468,1
Candidate C: Volatility Expansion Exposure Governor,hdfcbank_ns,2008-12-08,2008-12-22,13.361993335579673,2020.2600343855825,1
Candidate C: Volatility Expansion Exposure Governor,tcs_ns,2008-12-10,2008-12-24,-11.66972928896777,-1882.514903559169,0
Candidate C: Volatility Expansion Exposure Governor,reliance_ns,2008-12-10,2008-12-24,1.155392657085136,195.04133405492698,1
Candidate C: Volatility Expansion Exposure Governor,infy_ns,2008-12-16,2008-12-30,0.22546456824683028,36.643321483447714,1
Candidate C: Volatility Expansion Exposure Governor,hdfcbank_ns,2008-12-22,2009-01-05,2.4622486241808135,497.4336011777425,1
Candidate C: Volatility Expansion Exposure Governor,tcs_ns,2008-12-24,2009-01-07,5.520776793798883,1049.5961576630586,1
Candidate C: Volatility Expansion Exposure Governor,infy_ns,2008-12-30,2009-01-13,8.833755016500975,1933.0375363358824,1
Candidate C: Volatility Expansion Exposure Governor,hdfcbank_ns,2009-01-05,2009-01-19,-9.910025561868606,-2145.113072508197,0
Candidate C: Volatility Expansion Exposure Governor,tcs_ns,2009-01-07,2009-01-21,-2.524990154937167,-538.5546323336407,0
Candidate C: Volatility Expansion Exposure Governor,reliance_ns,2009-01-09,2009-01-23,0.201330352118391,34.35336761237254,1
Candidate C: Volatility Expansion Exposure Governor,icicibank_ns,2009-01-12,2009-01-27,-13.034368707246157,-1779.2626102672145,0
Candidate C: Volatility Expansion Exposure Governor,hdfcbank_ns,2009-01-19,2009-02-02,-5.615166115046826,-1099.6561583408475,0
Candidate C: Volatility Expansion Exposure Governor,tcs_ns,2009-01-21,2009-02-04,1.2392202433149269,245.67577136429986,1
Candidate C: Volatility Expansion Exposure Governor,reliance_ns,2009-01-23,2009-02-06,16.26325973664549,3135.480123145148,1
Candidate C: Volatility Expansion Exposure Governor,infy_ns,2009-01-27,2009-02-10,4.444201733162539,685.4569833219707,1
Candidate C: Volatility Expansion Exposure Governor,icicibank_ns,2009-01-27,2009-02-10,12.43391963508872,1829.422040143336,1
Candidate C: Volatility Expansion Exposure Governor,hdfcbank_ns,2009-02-02,2009-02-16,2.789801194484824,431.5077530390374,1
Candidate C: Volatility Expansion Exposure Governor,tcs_ns,2009-02-04,2009-02-18,-3.6378961432916737,-596.1785952308572,0
Candidate C: Volatility Expansion Exposure Governor,reliance_ns,2009-02-06,2009-02-20,-6.846614367569277,-1204.5526616585607,0
Candidate C: Volatility Expansion Exposure Governor,infy_ns,2009-02-10,2009-02-24,-9.434633774608239,-1631.8653050230482,0
Candidate C: Volatility Expansion Exposure Governor,hdfcbank_ns,2009-02-16,2009-03-02,-7.513848897997175,-1527.2285642259328,0
Candidate C: Volatility Expansion Exposure Governor,icicibank_ns,2009-02-17,2009-03-03,-23.398447668456466,-3804.684190264996,0
Candidate C: Volatility Expansion Exposure Governor,tcs_ns,2009-02-18,2009-03-04,-4.249669724581953,-687.031165008667,0
Candidate C: Volatility Expansion Exposure Governor,reliance_ns,2009-02-20,2009-03-06,-6.708550303496909,-1087.5316149581581,0
Candidate C: Volatility Expansion Exposure Governor,infy_ns,2009-03-02,2009-03-16,5.586817378093414,899.5802174340382,1
Candidate C: Volatility Expansion Exposure Governor,hdfcbank_ns,2009-03-02,2009-03-16,-0.1504571186437161,-25.037760120829006,0
Candidate C: Volatility Expansion Exposure Governor,icicibank_ns,2009-03-03,2009-03-17,9.349900479436227,1477.6626935310223,1
Candidate C: Volatility Expansion Exposure Governor,tcs_ns,2009-03-04,2009-03-18,9.629232934971418,1515.5614091970224,1
Candidate C: Volatility Expansion Exposure Governor,reliance_ns,2009-03-06,2009-03-20,14.414084640287964,2250.911479865447,1
Candidate C: Volatility Expansion Exposure Governor,infy_ns,2009-03-16,2009-03-30,0.9977752359365584,158.57769472377151,1
Candidate C: Volatility Expansion Exposure Governor,hdfcbank_ns,2009-03-16,2009-03-30,11.857403524304342,1901.6571983215,1
Candidate C: Volatility Expansion Exposure Governor,tcs_ns,2009-03-18,2009-04-01,7.73587183523226,1526.8649624395425,1
Candidate C: Volatility Expansion Exposure Governor,reliance_ns,2009-03-20,2009-04-06,24.75837826119985,4794.055170872142,1
Candidate C: Volatility Expansion Exposure Governor,icicibank_ns,2009-03-26,2009-04-09,6.012819762631548,931.427393844786,1
Candidate C: Volatility Expansion Exposure Governor,infy_ns,2009-03-31,2009-04-15,3.4756892767977248,667.0115438449853,1
Candidate C: Volatility Expansion Exposure Governor,tcs_ns,2009-04-06,2009-04-20,-3.180168023348699,-623.4872728515663,0
Candidate C: Volatility Expansion Exposure Governor,hdfcbank_ns,2009-04-06,2009-04-20,0.22707622734025393,46.586663006037746,1
Candidate C: Volatility Expansion Exposure Governor,infy_ns,2009-04-15,2009-04-29,10.060951544604519,2381.294027763943,1
Candidate C: Volatility Expansion Exposure Governor,tcs_ns,2009-04-20,2009-05-04,18.643889461357706,4238.005865444317,1
Candidate C: Volatility Expansion Exposure Governor,hdfcbank_ns,2009-04-28,2009-05-12,11.461712460829817,2555.6825706218324,1
Candidate C: Volatility Expansion Exposure Governor,infy_ns,2009-04-29,2009-05-13,4.234750783255859,976.0272454148627,1
Candidate C: Volatility Expansion Exposure Governor,tcs_ns,2009-05-05,2009-05-19,2.8287442396313365,674.154947537679,1
Candidate C: Volatility Expansion Exposure Governor,hdfcbank_ns,2009-05-12,2009-05-26,11.715224181523553,2815.9290322585,1
Candidate C: Volatility Expansion Exposure Governor,infy_ns,2009-05-13,2009-05-27,0.8517423454283989,204.70782936779702,1
Candidate C: Volatility Expansion Exposure Governor,tcs_ns,2009-05-19,2009-06-02,3.680869727510265,532.8831669072108,1
Candidate C: Volatility Expansion Exposure Governor,infy_ns,2009-05-27,2009-06-10,13.836578472535813,2611.070841381699,1
Candidate C: Volatility Expansion Exposure Governor,tcs_ns,2009-06-02,2009-06-16,11.969893889754916,2203.356763559583,1
Candidate C: Volatility Expansion Exposure Governor,infy_ns,2009-06-11,2009-06-25,0.4152302823620716,77.96534812587221,1
Candidate C: Volatility Expansion Exposure Governor,tcs_ns,2009-06-23,2009-07-07,6.083574355478977,1926.11478050511,1
Candidate C: Volatility Expansion Exposure Governor,infy_ns,2009-06-25,2009-07-09,-4.683571310651844,-1362.900542533572,0
Candidate C: Volatility Expansion Exposure Governor,reliance_ns,2009-08-12,2009-08-26,2.4328084274398205,864.7277587080794,1
Candidate C: Volatility Expansion Exposure Governor,tcs_ns,2009-08-18,2009-09-01,3.495444253708334,993.9484395420649,1
Candidate C: Volatility Expansion Exposure Governor,reliance_ns,2009-08-26,2009-09-09,6.235612907371752,1872.5709101887958,1
Candidate C: Volatility Expansion Exposure Governor,reliance_ns,2009-09-09,2009-09-23,-3.126697918268722,-1134.699751159403,0
Candidate C: Volatility Expansion Exposure Governor,reliance_ns,2009-09-24,2009-10-08,0.8396285523320085,302.8014088374573,1
Candidate C: Volatility Expansion Exposure Governor,tcs_ns,2009-10-07,2009-10-21,6.892610233337491,1988.5861036291042,1
Candidate C: Volatility Expansion Exposure Governor,reliance_ns,2009-10-08,2009-10-22,0.6832460110712406,207.39315664485585,1
Candidate C: Volatility Expansion Exposure Governor,reliance_ns,2009-10-22,2009-11-05,-9.133597918202744,-3339.562186046879,0
Candidate C: Volatility Expansion Exposure Governor,tcs_ns,2009-11-09,2009-11-23,11.401513544463192,4092.6391683739494,1
Candidate C: Volatility Expansion Exposure Governor,reliance_ns,2009-11-11,2009-11-25,3.765497446305213,1081.3176532790847,1
Candidate C: Volatility Expansion Exposure Governor,reliance_ns,2009-12-04,2009-12-18,-7.465440869585005,-2757.0148752683153,0
Candidate C: Volatility Expansion Exposure Governor,reliance_ns,2009-12-18,2010-01-04,6.680122370764889,2430.159460797677,1
Candidate C: Volatility Expansion Exposure Governor,reliance_ns,2010-01-04,2010-01-18,2.1804091612120056,803.8077961450728,1
Candidate C: Volatility Expansion Exposure Governor,tcs_ns,2010-01-07,2010-01-21,7.819803062522587,2306.2162011760543,1
Candidate C: Volatility Expansion Exposure Governor,reliance_ns,2010-01-19,2010-02-02,-5.365315360183647,-1670.0810259304246,0
Candidate C: Volatility Expansion Exposure Governor,reliance_ns,2010-02-02,2010-02-16,-0.9791560004998247,-363.78569871307275,0
Candidate C: Volatility Expansion Exposure Governor,reliance_ns,2010-02-18,2010-03-04,1.572760631063317,583.1832525522931,1
Candidate C: Volatility Expansion Exposure Governor,reliance_ns,2010-03-04,2010-03-18,6.154983524524079,2289.460987384236,1
Candidate C: Volatility Expansion Exposure Governor,tcs_ns,2010-03-09,2010-03-23,7.744983250864017,2304.71284677157,1
Candidate C: Volatility Expansion Exposure Governor,reliance_ns,2010-04-07,2010-04-21,-6.738694604177366,-2568.5006856388372,0
Candidate C: Volatility Expansion Exposure Governor,reliance_ns,2010-04-21,2010-05-05,-3.221734780507316,-1211.4367394912872,0
Candidate C: Volatility Expansion Exposure Governor,reliance_ns,2010-05-05,2010-05-19,-2.204408803191519,-823.5608132465312,0
Candidate C: Volatility Expansion Exposure Governor,infy_ns,2010-05-07,2010-05-21,-1.3906403232207734,-415.63139245932956,0
Candidate C: Volatility Expansion Exposure Governor,icicibank_ns,2010-05-10,2010-05-24,-9.80544729475778,-1875.6029525703836,0
Candidate C: Volatility Expansion Exposure Governor,reliance_ns,2010-05-19,2010-06-02,1.191053407426797,261.00089305394596,1
Candidate C: Volatility Expansion Exposure Governor,icicibank_ns,2010-05-28,2010-06-11,-2.2171709443067313,-430.4069499876969,0
Candidate C: Volatility Expansion Exposure Governor,reliance_ns,2010-06-02,2010-06-16,4.586422271257663,905.5377162612451,1
Candidate C: Volatility Expansion Exposure Governor,reliance_ns,2010-06-16,2010-06-30,2.9637600787656004,1093.152698423461,1
Candidate C: Volatility Expansion Exposure Governor,icicibank_ns,2010-06-16,2010-06-30,-1.765705481574962,-521.0099766533558,0
Candidate C: Volatility Expansion Exposure Governor,hdfcbank_ns,2010-06-23,2010-07-07,-3.1228864391868454,-737.1806941758057,0
Candidate C: Volatility Expansion Exposure Governor,reliance_ns,2010-06-30,2010-07-14,-1.8291757610777966,-484.366196442257,0
Candidate C: Volatility Expansion Exposure Governor,icicibank_ns,2010-06-30,2010-07-14,3.377552513200614,911.3060505506733,1
Candidate C: Volatility Expansion Exposure Governor,tcs_ns,2010-07-01,2010-07-15,6.790836830347613,1465.8023921431322,1
Candidate C: Volatility Expansion Exposure Governor,reliance_ns,2010-07-14,2010-07-28,-4.643899732959968,-1255.749878671152,0
Candidate C: Volatility Expansion Exposure Governor,icicibank_ns,2010-07-14,2010-07-28,1.9237652816985165,523.4794405498723,1
Candidate C: Volatility Expansion Exposure Governor,infy_ns,2010-07-15,2010-07-29,2.6139015503583813,689.5240661004328,1
Candidate C: Volatility Expansion Exposure Governor,icicibank_ns,2010-07-28,2010-08-11,6.878370249076458,2187.820063101432,1
Candidate C: Volatility Expansion Exposure Governor,infy_ns,2010-07-29,2010-08-12,-2.182598989778348,-673.5396464505407,0
Candidate C: Volatility Expansion Exposure Governor,reliance_ns,2010-08-02,2010-08-16,-3.7591489250968126,-928.044354394855,0
Candidate C: Volatility Expansion Exposure Governor,tcs_ns,2010-08-12,2010-08-26,2.649450755117402,703.4055413671299,1
Candidate C: Volatility Expansion Exposure Governor,infy_ns,2010-08-12,2010-08-26,-0.30413942827577645,-82.95853982816823,0
Candidate C: Volatility Expansion Exposure Governor,icicibank_ns,2010-08-17,2010-08-31,1.9095998093455018,507.43989321457013,1
Candidate C: Volatility Expansion Exposure Governor,reliance_ns,2010-08-19,2010-09-02,-4.115710960126507,-874.9376366242673,0
Candidate C: Volatility Expansion Exposure Governor,infy_ns,2010-08-26,2010-09-09,4.6246850531536525,1290.1017954928868,1
Candidate C: Volatility Expansion Exposure Governor,icicibank_ns,2010-09-06,2010-09-20,8.4406323037811,2684.932297152561,1
Candidate C: Volatility Expansion Exposure Governor,reliance_ns,2010-09-07,2010-09-21,7.516618244805217,1912.8056159302741,1
Candidate C: Volatility Expansion Exposure Governor,infy_ns,2010-09-09,2010-09-23,4.365749650866256,1143.6242683677333,1
Candidate C: Volatility Expansion Exposure Governor,icicibank_ns,2010-09-20,2010-10-04,2.46702892551559,687.195953249627,1
Candidate C: Volatility Expansion Exposure Governor,reliance_ns,2010-09-21,2010-10-05,-1.1410845458135037,-316.72242195119964,0
Candidate C: Volatility Expansion Exposure Governor,tcs_ns,2010-09-22,2010-10-06,2.5576262391719293,567.9211622931684,1
Candidate C: Volatility Expansion Exposure Governor,infy_ns,2010-09-23,2010-10-07,0.9601152797033193,223.0521271283246,1
Candidate C: Volatility Expansion Exposure Governor,icicibank_ns,2010-10-04,2010-10-18,-3.508032755327043,-852.2388662954575,0
Candidate C: Volatility Expansion Exposure Governor,reliance_ns,2010-10-05,2010-10-19,1.9561278769777237,487.5266988555207,1
Candidate C: Volatility Expansion Exposure Governor,infy_ns,2010-10-07,2010-10-21,-0.671935853008224,-196.09773782979082,0
Candidate C: Volatility Expansion Exposure Governor,icicibank_ns,2010-10-18,2010-11-01,10.324243947409993,2894.4570024494665,1
Candidate C: Volatility Expansion Exposure Governor,tcs_ns,2010-10-19,2010-11-02,8.388036806643148,1881.3047808993597,1
Candidate C: Volatility Expansion Exposure Governor,reliance_ns,2010-10-19,2010-11-02,2.864091801647471,659.4530500165115,1
Candidate C: Volatility Expansion Exposure Governor,infy_ns,2010-10-21,2010-11-04,1.3564691091644798,328.50244049750603,1
Candidate C: Volatility Expansion Exposure Governor,reliance_ns,2010-11-02,2010-11-16,-4.174094437908217,-1174.048526335778,0
Candidate C: Volatility Expansion Exposure Governor,icicibank_ns,2010-11-04,2010-11-18,-8.07489168781405,-2224.960071940128,0
Candidate C: Volatility Expansion Exposure Governor,infy_ns,2010-11-08,2010-11-22,0.8713219836015597,201.671010156576,1
Candidate C: Volatility Expansion Exposure Governor,reliance_ns,2010-11-16,2010-11-30,-4.40492853686486,-1046.373902929349,0
Candidate C: Volatility Expansion Exposure Governor,icicibank_ns,2010-11-18,2010-12-02,2.2461698804726664,674.0344036898572,1
Candidate C: Volatility Expansion Exposure Governor,tcs_ns,2010-11-19,2010-12-03,8.016670694001087,1539.619783250775,1
Candidate C: Volatility Expansion Exposure Governor,infy_ns,2010-11-22,2010-12-06,3.223979130496163,640.5376837097579,1
Candidate C: Volatility Expansion Exposure Governor,reliance_ns,2010-11-30,2010-12-14,7.013229668122819,1425.2547640625396,1
Candidate C: Volatility Expansion Exposure Governor,icicibank_ns,2010-12-02,2010-12-16,-7.2159549639936,-1982.5787885134341,0
Candidate C: Volatility Expansion Exposure Governor,infy_ns,2010-12-06,2010-12-20,6.517626780473658,1970.3181871835397,1
Candidate C: Volatility Expansion Exposure Governor,reliance_ns,2010-12-14,2010-12-28,-0.7461682608708853,-212.91174082753855,0
Candidate C: Volatility Expansion Exposure Governor,icicibank_ns,2010-12-16,2010-12-30,2.761162141864787,771.0733151915107,1
Candidate C: Volatility Expansion Exposure Governor,infy_ns,2010-12-21,2011-01-04,4.519312944245373,1300.6912343251558,1
Candidate C: Volatility Expansion Exposure Governor,reliance_ns,2010-12-28,2011-01-11,-3.307271848179289,-948.8167268591606,0
Candidate C: Volatility Expansion Exposure Governor,icicibank_ns,2010-12-30,2011-01-13,-9.795749415836408,-2810.4390701263446,0
Candidate C: Volatility Expansion Exposure Governor,infy_ns,2011-01-04,2011-01-18,-4.598987589006718,-1332.2622765722529,0
Candidate C: Volatility Expansion Exposure Governor,tcs_ns,2011-01-11,2011-01-25,8.143447774575414,1887.2341899311423,1
Candidate C: Volatility Expansion Exposure Governor,icicibank_ns,2011-01-13,2011-01-27,-1.184908497794313,-346.7503397613239,0
Candidate C: Volatility Expansion Exposure Governor,reliance_ns,2011-01-20,2011-02-03,-2.724333128200074,-788.3778931685301,0
Candidate C: Volatility Expansion Exposure Governor,hdfcbank_ns,2011-01-24,2011-02-07,-5.155426123663232,-954.8139777622395,0
Candidate C: Volatility Expansion Exposure Governor,icicibank_ns,2011-01-27,2011-02-10,-5.4202108346862055,-1311.3633300142747,0
Candidate C: Volatility Expansion Exposure Governor,tcs_ns,2011-01-31,2011-02-14,-4.11868056889082,-837.036222000521,0
Candidate C: Volatility Expansion Exposure Governor,reliance_ns,2011-02-03,2011-02-17,1.014204080261527,218.81711226859898,1
Candidate C: Volatility Expansion Exposure Governor,hdfcbank_ns,2011-02-10,2011-02-24,2.094422603762373,643.9026969250325,1
Candidate C: Volatility Expansion Exposure Governor,icicibank_ns,2011-02-14,2011-02-28,-6.176978057079555,-1759.9523349902634,0
Candidate C: Volatility Expansion Exposure Governor,infy_ns,2011-02-17,2011-03-03,-2.8510462127484324,-649.8589301013768,0
Candidate C: Volatility Expansion Exposure Governor,reliance_ns,2011-02-17,2011-03-03,2.40696381511204,543.8239792109414,1
Candidate C: Volatility Expansion Exposure Governor,icicibank_ns,2011-03-01,2011-03-15,-2.932987118887691,-871.0670210385991,0
Candidate C: Volatility Expansion Exposure Governor,reliance_ns,2011-03-03,2011-03-17,5.4158571798450055,1777.2387464665137,1
Candidate C: Volatility Expansion Exposure Governor,tcs_ns,2011-03-11,2011-03-25,3.9032680625632836,1024.7004687566414,1
Candidate C: Volatility Expansion Exposure Governor,icicibank_ns,2011-03-16,2011-03-30,7.89287923820203,2112.724786715165,1
Candidate C: Volatility Expansion Exposure Governor,reliance_ns,2011-03-18,2011-04-01,4.318412011134502,1223.51511936726,1
Candidate C: Volatility Expansion Exposure Governor,hdfcbank_ns,2011-03-22,2011-04-05,11.291692402930172,2559.3771678307226,1
Candidate C: Volatility Expansion Exposure Governor,icicibank_ns,2011-03-30,2011-04-13,1.5495999926450736,455.0287363101941,1
Candidate C: Volatility Expansion Exposure Governor,infy_ns,2011-04-05,2011-04-19,-12.10214200540861,-3558.3473543362766,0
Candidate C: Volatility Expansion Exposure Governor,hdfcbank_ns,2011-04-07,2011-04-21,2.322736466674313,663.5402787350633,1
Candidate C: Volatility Expansion Exposure Governor,icicibank_ns,2011-04-13,2011-04-27,-1.8239736995271143,-525.625497684642,0
Candidate C: Volatility Expansion Exposure Governor,tcs_ns,2011-04-25,2011-05-09,-5.248378600289602,-1788.0743843362454,0
Candidate C: Volatility Expansion Exposure Governor,icicibank_ns,2011-04-27,2011-05-11,-2.772581076611694,-912.5579282984978,0
Candidate C: Volatility Expansion Exposure Governor,icicibank_ns,2011-05-11,2011-05-25,-6.357798455536219,-2491.452767871128,0
Candidate C: Volatility Expansion Exposure Governor,reliance_ns,2011-05-17,2011-05-31,3.3372204937306638,1046.2146347355722,1
Candidate C: Volatility Expansion Exposure Governor,hdfcbank_ns,2011-05-25,2011-06-08,4.405022741838012,1428.0680187672235,1
Candidate C: Volatility Expansion Exposure Governor,infy_ns,2011-05-26,2011-06-09,3.008020734476775,780.1382126626837,1
Candidate C: Volatility Expansion Exposure Governor,icicibank_ns,2011-05-27,2011-06-10,-3.0677271054827164,-636.4985755789864,0
Candidate C: Volatility Expansion Exposure Governor,reliance_ns,2011-06-01,2011-06-15,-4.9324277532124015,-1138.2953175329924,0
Candidate C: Volatility Expansion Exposure Governor,hdfcbank_ns,2011-06-08,2011-06-22,-1.4313235170452066,-361.1467171667257,0
Candidate C: Volatility Expansion Exposure Governor,icicibank_ns,2011-06-10,2011-06-24,2.6709097317369723,789.2739639642657,1
Candidate C: Volatility Expansion Exposure Governor,infy_ns,2011-06-16,2011-06-30,3.8815368165154602,1087.9366288560436,1
Candidate C: Volatility Expansion Exposure Governor,tcs_ns,2011-06-17,2011-07-01,7.402103033203082,1659.7588843931003,1
Candidate C: Volatility Expansion Exposure Governor,reliance_ns,2011-06-17,2011-07-01,-0.83234318376954,-149.30772921465018,0
Candidate C: Volatility Expansion Exposure Governor,hdfcbank_ns,2011-06-22,2011-07-06,9.52887979520757,1841.427073048093,1
Candidate C: Volatility Expansion Exposure Governor,icicibank_ns,2011-06-24,2011-07-08,-0.41632378713584023,-89.62519637977164,0
Candidate C: Volatility Expansion Exposure Governor,reliance_ns,2011-07-01,2011-07-15,1.2545290492170342,394.1704760484867,1
Candidate C: Volatility Expansion Exposure Governor,tcs_ns,2011-07-04,2011-07-18,-5.162556286492662,-1297.6517492960031,0
Candidate C: Volatility Expansion Exposure Governor,icicibank_ns,2011-07-08,2011-07-22,0.6900502043939353,197.55807493815644,1
Candidate C: Volatility Expansion Exposure Governor,hdfcbank_ns,2011-07-11,2011-07-25,0.015334063122975796,3.5120551777428304,1
Candidate C: Volatility Expansion Exposure Governor,reliance_ns,2011-07-15,2011-07-29,-5.22949530877403,-1290.9368692363064,0
Candidate C: Volatility Expansion Exposure Governor,icicibank_ns,2011-07-22,2011-08-05,-9.553229156967413,-2892.8709380302403,0
Candidate C: Volatility Expansion Exposure Governor,infy_ns,2011-07-28,2011-08-11,-11.33075093539463,-3264.0163837803893,0
Candidate C: Volatility Expansion Exposure Governor,reliance_ns,2011-07-29,2011-08-12,-8.144268633226758,-2257.942841834634,0
Candidate C: Volatility Expansion Exposure Governor,infy_ns,2011-08-18,2011-09-02,-1.5317847569804763,-347.95115540508317,0
Candidate C: Volatility Expansion Exposure Governor,reliance_ns,2011-08-22,2011-09-05,4.155297537967421,830.6256502834224,1
Candidate C: Volatility Expansion Exposure Governor,infy_ns,2011-09-05,2011-09-19,4.25449099737547,862.5940790014304,1
Candidate C: Volatility Expansion Exposure Governor,reliance_ns,2011-09-05,2011-09-19,4.0932023870068575,832.5712832179646,1
Candidate C: Volatility Expansion Exposure Governor,infy_ns,2011-10-31,2011-11-14,-2.4379906112487695,-933.6182919862046,0
Candidate C: Volatility Expansion Exposure Governor,reliance_ns,2011-11-01,2011-11-15,0.04871609915362489,14.924500881729406,1
Candidate C: Volatility Expansion Exposure Governor,reliance_ns,2011-11-17,2011-12-01,-1.4012619920043827,-534.0327486549438,0
Candidate C: Volatility Expansion Exposure Governor,reliance_ns,2011-12-01,2011-12-15,-6.16083668543375,-2341.3665794038534,0
Candidate C: Volatility Expansion Exposure Governor,reliance_ns,2011-12-15,2011-12-29,-5.146427896714654,-1931.7509516371126,0
Candidate C: Volatility Expansion Exposure Governor,reliance_ns,2011-12-30,2012-01-13,5.553665778575156,2063.1541974048214,1
Candidate C: Volatility Expansion Exposure Governor,infy_ns,2012-01-09,2012-01-23,-8.374615146401315,-2488.8962468866066,0
Candidate C: Volatility Expansion Exposure Governor,icicibank_ns,2012-01-11,2012-01-25,12.74882596613764,3031.1129091552834,1
Candidate C: Volatility Expansion Exposure Governor,reliance_ns,2012-01-16,2012-01-30,11.417709331276962,3067.1406724765043,1
Candidate C: Volatility Expansion Exposure Governor,icicibank_ns,2012-02-09,2012-02-23,0.3913634997765288,149.82926802402986,1
Candidate C: Volatility Expansion Exposure Governor,reliance_ns,2012-02-15,2012-02-29,-1.9494797889219615,-597.0697420042545,0
Candidate C: Volatility Expansion Exposure Governor,infy_ns,2012-02-16,2012-03-01,-1.8470023438406808,-452.54707196653226,0
Candidate C: Volatility Expansion Exposure Governor,icicibank_ns,2012-02-24,2012-03-09,-1.9220857189982021,-524.5009238742244,0
Candidate C: Volatility Expansion Exposure Governor,reliance_ns,2012-03-06,2012-03-20,-2.1093665109866704,-688.6308465802796,0
Candidate C: Volatility Expansion Exposure Governor,icicibank_ns,2012-03-12,2012-03-26,-6.12370909194392,-1927.1183919697462,0
Candidate C: Volatility Expansion Exposure Governor,reliance_ns,2012-03-20,2012-04-03,-1.0816286041594034,-341.44173306691573,0
Candidate C: Volatility Expansion Exposure Governor,infy_ns,2012-03-26,2012-04-09,-0.3324693102534664,-83.96146111370847,0
Candidate C: Volatility Expansion Exposure Governor,reliance_ns,2012-04-03,2012-04-17,-0.8865710566233715,-286.86637005787713,0
Candidate C: Volatility Expansion Exposure Governor,icicibank_ns,2012-04-03,2012-04-17,-2.5537048846211174,-661.0385439294008,0
Candidate C: Volatility Expansion Exposure Governor,infy_ns,2012-04-11,2012-04-25,-16.24678868968284,-4182.307539955829,0
Candidate C: Volatility Expansion Exposure Governor,hdfcbank_ns,2012-04-16,2012-04-30,2.3555922605002357,388.0864910972258,1
Candidate C: Volatility Expansion Exposure Governor,reliance_ns,2012-04-17,2012-05-02,-0.4316399319190251,-81.88334989659164,0
Candidate C: Volatility Expansion Exposure Governor,infy_ns,2012-04-25,2012-05-09,0.6432870547130792,150.66144682473353,1
Candidate C: Volatility Expansion Exposure Governor,infy_ns,2012-05-09,2012-05-23,-0.8124310112503301,-236.94489897361728,0
Candidate C: Volatility Expansion Exposure Governor,reliance_ns,2012-05-09,2012-05-23,-1.236290704938444,-302.8731407182309,0
Candidate C: Volatility Expansion Exposure Governor,reliance_ns,2012-05-24,2012-06-07,3.6803350140664874,1337.735282675889,1
Candidate C: Volatility Expansion Exposure Governor,icicibank_ns,2012-06-05,2012-06-19,4.335151656427677,1260.599440950646,1
Candidate C: Volatility Expansion Exposure Governor,reliance_ns,2012-06-07,2012-06-21,-0.40337526040912264,-124.23969869942447,0
Candidate C: Volatility Expansion Exposure Governor,reliance_ns,2012-06-21,2012-07-05,2.731415121424152,1006.3356075613116,1
Candidate C: Volatility Expansion Exposure Governor,icicibank_ns,2012-06-29,2012-07-13,2.9001625985539436,854.8058089744068,1
Candidate C: Volatility Expansion Exposure Governor,reliance_ns,2012-07-06,2012-07-20,-1.7093707268298741,-532.4586808188855,0
Candidate C: Volatility Expansion Exposure Governor,icicibank_ns,2012-07-13,2012-07-27,0.18744575976654979,58.080745425712294,1
Candidate C: Volatility Expansion Exposure Governor,hdfcbank_ns,2012-07-20,2012-08-03,0.9107340949772444,281.5231779443059,1
Candidate C: Volatility Expansion Exposure Governor,reliance_ns,2012-07-26,2012-08-09,9.8021451634887,2424.0059286816936,1
Candidate C: Volatility Expansion Exposure Governor,icicibank_ns,2012-07-27,2012-08-10,2.8034128163263605,728.6675830645584,1
Candidate C: Volatility Expansion Exposure Governor,icicibank_ns,2012-08-10,2012-08-24,-0.09187259931785423,-34.73446129776282,0
Candidate C: Volatility Expansion Exposure Governor,hdfcbank_ns,2012-08-10,2012-08-24,-1.021039004519328,-308.82104174092456,0
Candidate C: Volatility Expansion Exposure Governor,reliance_ns,2012-08-24,2012-09-07,1.1832396012287953,286.30388039102627,1
Candidate C: Volatility Expansion Exposure Governor,icicibank_ns,2012-08-24,2012-09-07,-1.778069706977539,-478.51025316913933,0
Candidate C: Volatility Expansion Exposure Governor,hdfcbank_ns,2012-08-24,2012-09-07,-1.0389340127345765,-285.88154524449845,0
Candidate C: Volatility Expansion Exposure Governor,icicibank_ns,2012-09-10,2012-09-24,14.568612872850528,5484.044819174822,1
Candidate C: Volatility Expansion Exposure Governor,hdfcbank_ns,2012-09-10,2012-09-24,7.364031766569937,2217.626653143123,1
Candidate C: Volatility Expansion Exposure Governor,tcs_ns,2012-09-20,2012-10-04,-0.4166831012212202,-80.30796871918832,0
Candidate C: Volatility Expansion Exposure Governor,reliance_ns,2012-09-20,2012-10-04,2.399219425932023,388.4203797959557,1
Candidate C: Volatility Expansion Exposure Governor,tcs_ns,2012-10-04,2012-10-18,-0.7936623484153473,-228.12559872884086,0
Candidate C: Volatility Expansion Exposure Governor,hdfcbank_ns,2012-10-30,2012-11-15,1.9374812771908168,759.477301250997,1
Candidate C: Volatility Expansion Exposure Governor,hdfcbank_ns,2012-11-15,2012-11-29,8.23985309062198,3242.473052758151,1
Candidate C: Volatility Expansion Exposure Governor,infy_ns,2012-11-16,2012-11-30,3.938019122429432,1239.723159652584,1
Candidate C: Volatility Expansion Exposure Governor,tcs_ns,2012-11-19,2012-12-03,4.2612329590140225,1073.1789813566115,1
Candidate C: Volatility Expansion Exposure Governor,icicibank_ns,2012-11-27,2012-12-11,8.508714973104928,1714.3158621589823,1
Candidate C: Volatility Expansion Exposure Governor,infy_ns,2012-12-07,2012-12-21,-1.0963630444820525,-399.43383477438607,0
Candidate C: Volatility Expansion Exposure Governor,tcs_ns,2012-12-10,2012-12-24,2.292830677656021,668.2707190278638,1
Candidate C: Volatility Expansion Exposure Governor,reliance_ns,2012-12-10,2012-12-24,-0.9670811839634927,-225.49315811712364,0
Candidate C: Volatility Expansion Exposure Governor,infy_ns,2012-12-21,2013-01-04,2.243297296590588,678.206160836991,1
Candidate C: Volatility Expansion Exposure Governor,tcs_ns,2012-12-24,2013-01-07,2.211546399157019,666.7573696457462,1
Candidate C: Volatility Expansion Exposure Governor,icicibank_ns,2012-12-24,2013-01-07,5.355229322119409,1538.9544150186432,1
Candidate C: Volatility Expansion Exposure Governor,reliance_ns,2012-12-27,2013-01-10,3.9042421258998843,897.5825751682237,1
Candidate C: Volatility Expansion Exposure Governor,hdfcbank_ns,2012-12-28,2013-01-11,-1.2815887703242606,-235.70910034360398,0
Candidate C: Volatility Expansion Exposure Governor,tcs_ns,2013-01-07,2013-01-21,2.6632447823507546,720.6432614740686,1
Candidate C: Volatility Expansion Exposure Governor,infy_ns,2013-01-14,2013-01-28,0.09779360030565205,21.18860633473077,1
Candidate C: Volatility Expansion Exposure Governor,hdfcbank_ns,2013-01-14,2013-01-28,0.10680006248511853,20.36320512421212,1
Candidate C: Volatility Expansion Exposure Governor,tcs_ns,2013-01-23,2013-02-06,4.414407926163998,1183.7793771510517,1
Candidate C: Volatility Expansion Exposure Governor,reliance_ns,2013-01-23,2013-02-06,-5.182580519816661,-1167.4106506728142,0
Candidate C: Volatility Expansion Exposure Governor,icicibank_ns,2013-01-24,2013-02-07,-1.7365740163528365,-328.5868488643753,0
Candidate C: Volatility Expansion Exposure Governor,infy_ns,2013-01-28,2013-02-11,-0.7114325595430745,-137.76296674583878,0
Candidate C: Volatility Expansion Exposure Governor,hdfcbank_ns,2013-01-28,2013-02-11,-2.047950904005039,-395.6604575030362,0
Candidate C: Volatility Expansion Exposure Governor,icicibank_ns,2013-02-21,2013-03-07,3.4263998566244833,1422.1676459148855,1
Candidate C: Volatility Expansion Exposure Governor,hdfcbank_ns,2013-02-21,2013-03-07,-3.7179605554863397,-1234.5466803770996,0
Candidate C: Volatility Expansion Exposure Governor,reliance_ns,2013-03-18,2013-04-01,-6.70494163545543,-2228.384823321937,0
Candidate C: Volatility Expansion Exposure Governor,infy_ns,2013-03-19,2013-04-02,3.9063558754800747,1090.551757402631,1
Candidate C: Volatility Expansion Exposure Governor,icicibank_ns,2013-03-19,2013-04-02,1.3341646019054156,312.86946249323955,1
Candidate C: Volatility Expansion Exposure Governor,hdfcbank_ns,2013-03-20,2013-04-03,-0.34561160641799055,-68.08028529363847,0
Candidate C: Volatility Expansion Exposure Governor,icicibank_ns,2013-04-04,2013-04-18,11.230041423422364,4645.317198905584,1
Candidate C: Volatility Expansion Exposure Governor,infy_ns,2013-04-09,2013-04-23,-18.263459244883713,-6043.757677674857,0
Candidate C: Volatility Expansion Exposure Governor,reliance_ns,2013-04-15,2013-04-29,-0.16964439569878942,-26.94664852431066,0
Candidate C: Volatility Expansion Exposure Governor,tcs_ns,2013-04-17,2013-05-02,-1.6110218390753546,-225.19012428135582,0
Candidate C: Volatility Expansion Exposure Governor,infy_ns,2013-04-23,2013-05-07,3.773926347826763,795.0820828979115,1
Candidate C: Volatility Expansion Exposure Governor,reliance_ns,2013-04-29,2013-05-13,1.2550900832693574,256.5718731518652,1
Candidate C: Volatility Expansion Exposure Governor,tcs_ns,2013-05-03,2013-05-17,3.846538512774828,755.4507055292821,1
Candidate C: Volatility Expansion Exposure Governor,infy_ns,2013-05-07,2013-05-21,2.026619882056215,403.42960840402117,1
Candidate C: Volatility Expansion Exposure Governor,reliance_ns,2013-05-27,2013-06-10,-4.750054157350313,-1970.184022893299,0
Candidate C: Volatility Expansion Exposure Governor,icicibank_ns,2013-06-03,2013-06-17,-3.8641836453590135,-1282.2006027583823,0
Candidate C: Volatility Expansion Exposure Governor,reliance_ns,2013-06-10,2013-06-24,0.3678614606589541,126.71618892362288,1
Candidate C: Volatility Expansion Exposure Governor,hdfcbank_ns,2013-06-11,2013-06-25,-4.6949952275264595,-1293.8172999825379,0
Candidate C: Volatility Expansion Exposure Governor,tcs_ns,2013-06-13,2013-06-27,3.147653250740009,693.9284123275706,1
Candidate C: Volatility Expansion Exposure Governor,reliance_ns,2013-06-24,2013-07-08,9.318926788216102,2882.4650029927234,1
Candidate C: Volatility Expansion Exposure Governor,icicibank_ns,2013-07-01,2013-07-15,-0.6911242521242924,-238.75381053130607,0
Candidate C: Volatility Expansion Exposure Governor,reliance_ns,2013-07-15,2013-07-29,-1.29262038305954,-444.6526752411758,0
Candidate C: Volatility Expansion Exposure Governor,icicibank_ns,2013-07-15,2013-07-29,-12.526676082089452,-4306.7778920079145,0
Candidate C: Volatility Expansion Exposure Governor,infy_ns,2013-07-19,2013-08-02,5.613643799640835,1544.0148273311315,1
Candidate C: Volatility Expansion Exposure Governor,icicibank_ns,2013-08-06,2013-08-20,-4.19752659856834,-1705.0031134807682,0
Candidate C: Volatility Expansion Exposure Governor,reliance_ns,2013-08-16,2013-08-30,3.2325029821986986,1050.4143370268473,1
Candidate C: Volatility Expansion Exposure Governor,tcs_ns,2013-08-20,2013-09-03,15.186558251349124,3947.9446373683004,1
Candidate C: Volatility Expansion Exposure Governor,hdfcbank_ns,2013-08-22,2013-09-05,3.4814400149462,994.9918431090268,1
Candidate C: Volatility Expansion Exposure Governor,infy_ns,2013-09-26,2013-10-10,3.775727747424885,1252.8439374061552,1
Candidate C: Volatility Expansion Exposure Governor,tcs_ns,2013-10-24,2013-11-07,5.585155959154727,2330.5443570466264,1
Candidate C: Volatility Expansion Exposure Governor,infy_ns,2013-10-24,2013-11-07,1.4256531199825275,475.91119863861996,1
Candidate C: Volatility Expansion Exposure Governor,infy_ns,2013-11-07,2013-11-21,-0.4444297895763241,-187.94385836561412,0
Candidate C: Volatility Expansion Exposure Governor,icicibank_ns,2013-11-13,2013-11-27,2.6828932326231176,907.6498786507908,1
Candidate C: Volatility Expansion Exposure Governor,tcs_ns,2013-11-14,2013-11-28,-2.102076626203488,-568.923003416821,0
Candidate C: Volatility Expansion Exposure Governor,tcs_ns,2013-11-28,2013-12-12,2.18107423906111,923.0070436590211,1
Candidate C: Volatility Expansion Exposure Governor,reliance_ns,2013-12-12,2013-12-26,1.942794436132399,825.7560324233558,1
Candidate C: Volatility Expansion Exposure Governor,icicibank_ns,2013-12-19,2014-01-02,1.0871822740013852,369.67259300477224,1
Candidate C: Volatility Expansion Exposure Governor,icicibank_ns,2014-01-02,2014-01-16,-1.6018445462857214,-684.6701075723199,0
Candidate C: Volatility Expansion Exposure Governor,icicibank_ns,2014-01-27,2014-02-10,-4.92477219443154,-2098.2323004390314,0
Candidate C: Volatility Expansion Exposure Governor,tcs_ns,2014-02-04,2014-02-18,0.6306227126180077,214.94483688024786,1
Candidate C: Volatility Expansion Exposure Governor,infy_ns,2014-02-07,2014-02-21,5.110668569702385,1393.5582085247215,1
Candidate C: Volatility Expansion Exposure Governor,icicibank_ns,2014-02-18,2014-03-04,2.964492181697191,1090.2064876834706,1
Candidate C: Volatility Expansion Exposure Governor,icicibank_ns,2014-03-04,2014-03-18,12.608524416385045,5387.088852669191,1
Candidate C: Volatility Expansion Exposure Governor,tcs_ns,2014-03-10,2014-03-24,0.4141551661783436,141.56077937845674,1
Candidate C: Volatility Expansion Exposure Governor,tcs_ns,2014-03-26,2014-04-09,2.189142698475191,644.8068681216122,1
Candidate C: Volatility Expansion Exposure Governor,reliance_ns,2014-03-25,2014-04-09,9.367553333550962,3284.751133713756,1
Candidate C: Volatility Expansion Exposure Governor,infy_ns,2014-04-16,2014-04-30,0.693934679528415,309.61567573868876,1
Candidate C: Volatility Expansion Exposure Governor,infy_ns,2014-05-07,2014-05-21,2.8745153681199724,1284.3142751458088,1
Candidate C: Volatility Expansion Exposure Governor,reliance_ns,2014-05-13,2014-05-27,2.2574816263915567,806.9021751100398,1
Candidate C: Volatility Expansion Exposure Governor,tcs_ns,2014-05-19,2014-06-02,4.521295411362038,1034.2833172235908,1
Candidate C: Volatility Expansion Exposure Governor,tcs_ns,2014-06-06,2014-06-20,9.931807719447194,3599.639284843573,1
Candidate C: Volatility Expansion Exposure Governor,reliance_ns,2014-06-24,2014-07-08,-6.161017618813017,-2835.5689392287713,0
Candidate C: Volatility Expansion Exposure Governor,reliance_ns,2014-07-11,2014-07-25,5.673988435194246,2579.2389028737666,1
Candidate C: Volatility Expansion Exposure Governor,icicibank_ns,2014-07-11,2014-07-25,8.7212247116442,3171.542884007546,1
Candidate C: Volatility Expansion Exposure Governor,infy_ns,2014-08-05,2014-08-19,0.9401124054571858,438.1619750476268,1
Candidate C: Volatility Expansion Exposure Governor,infy_ns,2014-08-19,2014-09-02,1.8079676218805547,844.2311163195967,1
Candidate C: Volatility Expansion Exposure Governor,infy_ns,2014-09-04,2014-09-18,-0.36665992585102797,-171.83107264988243,0
Candidate C: Volatility Expansion Exposure Governor,reliance_ns,2014-09-08,2014-09-22,-4.495107274025424,-1685.2653919662862,0
Candidate C: Volatility Expansion Exposure Governor,infy_ns,2014-09-25,2014-10-09,-1.2469073745946644,-579.7179381599456,0
Candidate C: Volatility Expansion Exposure Governor,reliance_ns,2014-09-25,2014-10-09,2.615766248730217,972.9073047885049,1
Candidate C: Volatility Expansion Exposure Governor,tcs_ns,2014-10-17,2014-10-31,6.7753426409773025,1893.2109556292492,1
Candidate C: Volatility Expansion Exposure Governor,reliance_ns,2014-10-17,2014-10-31,6.626471111361642,1629.418815485217,1
Candidate C: Volatility Expansion Exposure Governor,hdfcbank_ns,2014-10-20,2014-11-03,1.8398606659824734,398.12369393068127,1
Candidate C: Volatility Expansion Exposure Governor,tcs_ns,2014-11-07,2014-11-21,1.865197268198551,706.6150729482515,1
Candidate C: Volatility Expansion Exposure Governor,reliance_ns,2014-11-10,2014-11-24,1.599766453046795,509.08933381065526,1
Candidate C: Volatility Expansion Exposure Governor,icicibank_ns,2014-11-19,2014-12-03,6.5543440564780315,2190.059664690103,1
Candidate C: Volatility Expansion Exposure Governor,infy_ns,2014-11-28,2014-12-12,-11.112508182631977,-4546.751458943769,0
Candidate C: Volatility Expansion Exposure Governor,tcs_ns,2014-12-15,2014-12-29,6.910247675454895,3256.5960952996284,1
Candidate C: Volatility Expansion Exposure Governor,reliance_ns,2014-12-16,2014-12-30,1.7476230916477722,658.8826107094283,1
Candidate C: Volatility Expansion Exposure Governor,hdfcbank_ns,2014-12-19,2015-01-02,2.482056964156943,748.6209951283254,1
Candidate C: Volatility Expansion Exposure Governor,infy_ns,2014-12-22,2015-01-05,-0.23494205048214295,-56.689287689792074,0
Candidate C: Volatility Expansion Exposure Governor,tcs_ns,2014-12-30,2015-01-13,-1.3200962744202136,-387.84390026854555,0
Candidate C: Volatility Expansion Exposure Governor,reliance_ns,2015-01-06,2015-01-20,7.953414973171946,3354.157196431963,1
Candidate C: Volatility Expansion Exposure Governor,infy_ns,2015-01-08,2015-01-22,11.244357876552392,3793.625155293831,1
Candidate C: Volatility Expansion Exposure Governor,tcs_ns,2015-01-13,2015-01-27,0.11606235531058412,38.055513530652775,1
Candidate C: Volatility Expansion Exposure Governor,tcs_ns,2015-01-27,2015-02-10,-2.482792918736462,-981.3613224368975,0
Candidate C: Volatility Expansion Exposure Governor,infy_ns,2015-01-28,2015-02-11,6.488896067281741,2154.46053726725,1
Candidate C: Volatility Expansion Exposure Governor,reliance_ns,2015-02-02,2015-02-16,-0.6278711270334427,-175.1126514266665,0
Candidate C: Volatility Expansion Exposure Governor,icicibank_ns,2015-02-04,2015-02-18,-0.7025053789833454,-164.5795807089594,0
Candidate C: Volatility Expansion Exposure Governor,tcs_ns,2015-02-10,2015-02-24,10.742794713444912,2776.6191669317063,1
Candidate C: Volatility Expansion Exposure Governor,icicibank_ns,2015-02-23,2015-03-09,1.104432116528245,490.4291289789474,1
Candidate C: Volatility Expansion Exposure Governor,infy_ns,2015-03-04,2015-03-18,-2.03392409073941,-838.9739532203173,0
Candidate C: Volatility Expansion Exposure Governor,icicibank_ns,2015-03-10,2015-03-24,-6.565550591450157,-2756.114346069958,0
Candidate C: Volatility Expansion Exposure Governor,tcs_ns,2015-03-12,2015-03-26,-4.093335339989852,-1374.6539726325493,0
Candidate C: Volatility Expansion Exposure Governor,reliance_ns,2015-03-16,2015-03-30,-3.7709790861971024,-1013.1183401295355,0
Candidate C: Volatility Expansion Exposure Governor,infy_ns,2015-03-18,2015-04-01,-2.540346436587169,-751.3064871409618,0
Candidate C: Volatility Expansion Exposure Governor,hdfcbank_ns,2015-03-23,2015-04-06,-1.5572439803112323,-368.4434493244426,0
Candidate C: Volatility Expansion Exposure Governor,icicibank_ns,2015-03-24,2015-04-07,1.7125040939200968,458.4790708258595,1
Candidate C: Volatility Expansion Exposure Governor,tcs_ns,2015-03-26,2015-04-09,5.973406164261529,1664.165000208041,1
Candidate C: Volatility Expansion Exposure Governor,infy_ns,2015-04-07,2015-04-21,-0.8321927479776857,-315.2454530028633,0
Candidate C: Volatility Expansion Exposure Governor,reliance_ns,2015-04-07,2015-04-21,5.182413702007679,1570.5326527853504,1
Candidate C: Volatility Expansion Exposure Governor,hdfcbank_ns,2015-04-07,2015-04-21,-2.929218106995885,-869.691205610674,0
Candidate C: Volatility Expansion Exposure Governor,tcs_ns,2015-04-17,2015-05-04,0.22058613378769584,65.41905213962835,1
Candidate C: Volatility Expansion Exposure Governor,infy_ns,2015-04-21,2015-05-05,-8.439814450398753,-2636.492286191058,0
Candidate C: Volatility Expansion Exposure Governor,hdfcbank_ns,2015-04-21,2015-05-05,-1.5796411364052374,-586.5241925738841,0
Candidate C: Volatility Expansion Exposure Governor,reliance_ns,2015-04-23,2015-05-07,-0.7679602573610672,-228.1162522280532,0
Candidate C: Volatility Expansion Exposure Governor,tcs_ns,2015-05-04,2015-05-18,1.5147650792779406,450.00348670193665,1
Candidate C: Volatility Expansion Exposure Governor,hdfcbank_ns,2015-05-07,2015-05-21,7.661895757238549,3270.912859752281,1
Candidate C: Volatility Expansion Exposure Governor,infy_ns,2015-05-21,2015-06-04,-1.0453722511459753,-420.0732173431578,0
Candidate C: Volatility Expansion Exposure Governor,hdfcbank_ns,2015-06-03,2015-06-17,-0.1344861626431091,-55.59600888908584,0
Candidate C: Volatility Expansion Exposure Governor,infy_ns,2015-06-12,2015-06-26,1.743991307577871,715.4630470779402,1
Candidate C: Volatility Expansion Exposure Governor,hdfcbank_ns,2015-06-17,2015-07-01,6.6799828382288915,2743.894154485048,1
Candidate C: Volatility Expansion Exposure Governor,infy_ns,2015-06-30,2015-07-14,-1.3801595898705263,-568.7510312031711,0
Candidate C: Volatility Expansion Exposure Governor,tcs_ns,2015-07-15,2015-07-29,-1.5811990572522832,-788.3760293432069,0
Candidate C: Volatility Expansion Exposure Governor,reliance_ns,2015-07-15,2015-07-29,-1.5475483544797841,-617.2783983524598,0
Candidate C: Volatility Expansion Exposure Governor,infy_ns,2015-07-23,2015-08-06,-1.0558764848552769,-336.930212767968,0
Candidate C: Volatility Expansion Exposure Governor,hdfcbank_ns,2015-08-05,2015-08-19,-0.997152633274254,-430.7325196975778,0
Candidate C: Volatility Expansion Exposure Governor,infy_ns,2015-08-06,2015-08-20,4.327045838782951,1768.533407084445,1
Candidate C: Volatility Expansion Exposure Governor,reliance_ns,2015-08-20,2015-09-03,-6.862041005888946,-3415.8157409498326,0
Candidate C: Volatility Expansion Exposure Governor,infy_ns,2015-08-21,2015-09-04,-6.651625932154216,-2648.859549800269,0
Candidate C: Volatility Expansion Exposure Governor,hdfcbank_ns,2015-08-21,2015-09-04,-6.195051635176216,-1973.6313319745277,0
Candidate C: Volatility Expansion Exposure Governor,tcs_ns,2015-08-24,2015-09-07,-1.5577832922274348,-238.21515067354903,0
Candidate C: Volatility Expansion Exposure Governor,hdfcbank_ns,2015-09-04,2015-09-18,5.338601260851963,1445.0218789188787,1
Candidate C: Volatility Expansion Exposure Governor,tcs_ns,2015-09-07,2015-09-21,0.39470514041582583,101.14626980867445,1
Candidate C: Volatility Expansion Exposure Governor,reliance_ns,2015-09-09,2015-09-23,-2.760158732001379,-622.4347328852677,0
Candidate C: Volatility Expansion Exposure Governor,infy_ns,2015-09-11,2015-09-28,1.3061905848004527,345.6111287720736,1
Candidate C: Volatility Expansion Exposure Governor,infy_ns,2015-09-28,2015-10-12,1.518567666070494,734.6372781161834,1
Candidate C: Volatility Expansion Exposure Governor,reliance_ns,2015-10-09,2015-10-23,7.643225731635924,2958.049837605818,1
Candidate C: Volatility Expansion Exposure Governor,tcs_ns,2015-10-14,2015-10-28,1.7770099973115727,724.7285834893219,1
Candidate C: Volatility Expansion Exposure Governor,infy_ns,2015-10-15,2015-10-29,4.29466890839537,1401.2163439691815,1
Candidate C: Volatility Expansion Exposure Governor,tcs_ns,2015-10-28,2015-11-13,-5.25478985141122,-2245.6394061441433,0
Candidate C: Volatility Expansion Exposure Governor,infy_ns,2015-10-29,2015-11-13,-3.9125276725033986,-1603.8896309839781,0
Candidate C: Volatility Expansion Exposure Governor,reliance_ns,2015-11-10,2015-11-24,4.818871538977003,1580.3467714698563,1
Candidate C: Volatility Expansion Exposure Governor,tcs_ns,2015-11-13,2015-11-27,-1.886480419562616,-647.7014578946813,0
Candidate C: Volatility Expansion Exposure Governor,hdfcbank_ns,2015-11-23,2015-12-07,-0.4344141850494475,-153.54388996181493,0
Candidate C: Volatility Expansion Exposure Governor,infy_ns,2015-12-08,2015-12-22,3.7158272384865105,1818.0289553734897,1
Candidate C: Volatility Expansion Exposure Governor,reliance_ns,2015-12-09,2015-12-23,9.542322492653915,3734.9892725847258,1
Candidate C: Volatility Expansion Exposure Governor,infy_ns,2015-12-22,2016-01-05,-0.9445883456783448,-391.64496464071914,0
Candidate C: Volatility Expansion Exposure Governor,infy_ns,2016-01-05,2016-01-19,6.054666693110212,3024.8450151633488,1
Candidate C: Volatility Expansion Exposure Governor,hdfcbank_ns,2016-01-18,2016-02-01,3.252926861454804,1300.1012409498014,1
Candidate C: Volatility Expansion Exposure Governor,infy_ns,2016-01-19,2016-02-02,3.0985169686460377,1319.0525207763362,1
Candidate C: Volatility Expansion Exposure Governor,hdfcbank_ns,2016-02-02,2016-02-16,-7.6709772140446875,-3135.1407844036594,0
Candidate C: Volatility Expansion Exposure Governor,infy_ns,2016-02-03,2016-02-17,-5.2171463350751655,-1791.0951563789638,0
Candidate C: Volatility Expansion Exposure Governor,tcs_ns,2016-02-09,2016-02-23,-0.812303986018042,-234.25211002220323,0
Candidate C: Volatility Expansion Exposure Governor,reliance_ns,2016-02-11,2016-02-25,2.0634823952138,374.89206188496127,1
Candidate C: Volatility Expansion Exposure Governor,hdfcbank_ns,2016-02-16,2016-03-01,1.0486349650025188,215.1377601930747,1
Candidate C: Volatility Expansion Exposure Governor,tcs_ns,2016-02-23,2016-03-08,3.9365237987504833,1148.3038250221812,1
Candidate C: Volatility Expansion Exposure Governor,infy_ns,2016-02-22,2016-03-08,3.2146807790700205,941.2090256766974,1
Candidate C: Volatility Expansion Exposure Governor,reliance_ns,2016-02-25,2016-03-10,7.1119725870448764,1953.66419860881,1
Candidate C: Volatility Expansion Exposure Governor,hdfcbank_ns,2016-03-01,2016-03-15,4.271358607876279,845.4676643260761,1
Candidate C: Volatility Expansion Exposure Governor,infy_ns,2016-03-11,2016-03-28,5.3628674017371365,2017.4450519406741,1
Candidate C: Volatility Expansion Exposure Governor,hdfcbank_ns,2016-03-15,2016-03-29,2.588214560788213,1129.1754866530134,1
Candidate C: Volatility Expansion Exposure Governor,infy_ns,2016-03-28,2016-04-11,-1.7920117499132013,-767.5062941319352,0
Candidate C: Volatility Expansion Exposure Governor,infy_ns,2016-04-12,2016-04-26,4.173067185553285,2154.4361628344554,1
Candidate C: Volatility Expansion Exposure Governor,reliance_ns,2016-04-18,2016-05-02,-7.3532245660142905,-3037.0089364115456,0
Candidate C: Volatility Expansion Exposure Governor,tcs_ns,2016-04-20,2016-05-04,1.0778419936404973,356.13390967061235,1
Candidate C: Volatility Expansion Exposure Governor,infy_ns,2016-04-26,2016-05-10,-1.619638454322284,-602.3342555943469,0
Candidate C: Volatility Expansion Exposure Governor,infy_ns,2016-05-10,2016-05-24,-2.1144395444989956,-1086.8516873232902,0
Candidate C: Volatility Expansion Exposure Governor,icicibank_ns,2016-05-13,2016-05-27,7.297319999810292,3000.740153717107,1
Candidate C: Volatility Expansion Exposure Governor,reliance_ns,2016-05-23,2016-06-06,2.615336298684226,860.3645883299246,1
Candidate C: Volatility Expansion Exposure Governor,infy_ns,2016-05-24,2016-06-07,5.811098665700312,2114.1027884507134,1
Candidate C: Volatility Expansion Exposure Governor,hdfcbank_ns,2016-05-26,2016-06-09,-2.0646250241406747,-600.8955995056957,0
Candidate C: Volatility Expansion Exposure Governor,icicibank_ns,2016-05-27,2016-06-10,3.8345478062753187,1231.1908426769392,1
Candidate C: Volatility Expansion Exposure Governor,reliance_ns,2016-06-08,2016-06-22,2.7156200285373937,1089.9586261798172,1
Candidate C: Volatility Expansion Exposure Governor,infy_ns,2016-06-10,2016-06-24,1.1310179988057665,427.6379248432971,1
Candidate C: Volatility Expansion Exposure Governor,icicibank_ns,2016-06-10,2016-06-24,-8.61657985285707,-3180.8802011811053,0
Candidate C: Volatility Expansion Exposure Governor,hdfcbank_ns,2016-06-14,2016-06-28,1.2602770254839069,372.1931724022447,1
Candidate C: Volatility Expansion Exposure Governor,tcs_ns,2016-06-27,2016-07-11,-1.3194810976267048,-610.470484759561,0
Candidate C: Volatility Expansion Exposure Governor,infy_ns,2016-06-27,2016-07-11,0.7085039425300229,262.23687237555436,1
Candidate C: Volatility Expansion Exposure Governor,icicibank_ns,2016-06-27,2016-07-11,7.316320557727031,2166.377805610031,1
Candidate C: Volatility Expansion Exposure Governor,hdfcbank_ns,2016-06-30,2016-07-14,1.980521942566302,587.6037351929887,1
Candidate C: Volatility Expansion Exposure Governor,tcs_ns,2016-07-11,2016-07-25,3.7952469435235248,1247.361210740481,1
Candidate C: Volatility Expansion Exposure Governor,infy_ns,2016-07-11,2016-07-25,-8.06267769823634,-2721.002401529503,0
Candidate C: Volatility Expansion Exposure Governor,hdfcbank_ns,2016-07-14,2016-07-28,3.9551590432762573,1558.5368960825556,1
Candidate C: Volatility Expansion Exposure Governor,reliance_ns,2016-07-15,2016-07-29,0.21661791702378155,54.62953269329265,1
Candidate C: Volatility Expansion Exposure Governor,icicibank_ns,2016-07-15,2016-07-29,-1.121901417693358,-237.6660197625005,0
Candidate C: Volatility Expansion Exposure Governor,icicibank_ns,2016-08-02,2016-08-16,1.2742451997081263,671.6347803643655,1
Candidate C: Volatility Expansion Exposure Governor,reliance_ns,2016-08-08,2016-08-22,-1.7397097370352246,-733.579105433737,0
Candidate C: Volatility Expansion Exposure Governor,hdfcbank_ns,2016-08-09,2016-08-23,0.2905929414933569,98.02688599275864,1
Candidate C: Volatility Expansion Exposure Governor,tcs_ns,2016-08-17,2016-08-31,-4.362867839976663,-1643.1754405974436,0
Candidate C: Volatility Expansion Exposure Governor,infy_ns,2016-08-19,2016-09-02,0.9824794795953548,296.02293004973166,1
Candidate C: Volatility Expansion Exposure Governor,hdfcbank_ns,2016-08-23,2016-09-06,3.8595129741106944,1511.2722846954239,1
Candidate C: Volatility Expansion Exposure Governor,reliance_ns,2016-08-29,2016-09-12,-1.0849942140841269,-339.8815748617728,0
Candidate C: Volatility Expansion Exposure Governor,tcs_ns,2016-08-31,2016-09-14,-7.327452676063322,-2364.1614673343383,0
Candidate C: Volatility Expansion Exposure Governor,icicibank_ns,2016-09-02,2016-09-16,2.2641886585106326,722.2035777421195,1
Candidate C: Volatility Expansion Exposure Governor,tcs_ns,2016-09-14,2016-09-28,4.010761433151476,1838.0643542407654,1
Candidate C: Volatility Expansion Exposure Governor,icicibank_ns,2016-09-16,2016-09-30,-5.732592328072673,-2475.7031656010054,0
Candidate C: Volatility Expansion Exposure Governor,icicibank_ns,2016-09-30,2016-10-14,-4.172466330480706,-2179.053262771787,0
Candidate C: Volatility Expansion Exposure Governor,hdfcbank_ns,2016-09-30,2016-10-14,-0.9176907731682572,-383.4081648793023,0
Candidate C: Volatility Expansion Exposure Governor,tcs_ns,2016-10-06,2016-10-20,0.4688363115678964,156.70260623973394,1
Candidate C: Volatility Expansion Exposure Governor,infy_ns,2016-10-07,2016-10-21,2.4918188054831156,666.2871308590384,1
Candidate C: Volatility Expansion Exposure Governor,icicibank_ns,2016-10-14,2016-10-28,14.461877904120835,4541.072600664221,1
Candidate C: Volatility Expansion Exposure Governor,hdfcbank_ns,2016-10-14,2016-10-28,-0.2678336419112314,-89.45506947866569,0
Candidate C: Volatility Expansion Exposure Governor,reliance_ns,2016-10-19,2016-11-02,-5.896157233297851,-1575.4291393658675,0
Candidate C: Volatility Expansion Exposure Governor,infy_ns,2016-10-25,2016-11-08,-3.4497971085105092,-1158.1940323941842,0
Candidate C: Volatility Expansion Exposure Governor,hdfcbank_ns,2016-10-28,2016-11-11,1.2797028990692194,520.9482838965884,1
Candidate C: Volatility Expansion Exposure Governor,tcs_ns,2016-11-08,2016-11-22,-6.537642535217383,-2457.869816886713,0
Candidate C: Volatility Expansion Exposure Governor,infy_ns,2016-11-08,2016-11-22,-7.007639435768293,-2561.954565532206,0
Candidate C: Volatility Expansion Exposure Governor,icicibank_ns,2016-11-16,2016-11-30,-0.2940563674800652,-110.25190018820044,0
Candidate C: Volatility Expansion Exposure Governor,hdfcbank_ns,2016-11-18,2016-12-02,-1.889928871925834,-566.8797479503412,0
Candidate C: Volatility Expansion Exposure Governor,tcs_ns,2016-11-22,2016-12-06,2.1666942673265517,672.1815994351291,1
Candidate C: Volatility Expansion Exposure Governor,infy_ns,2016-11-22,2016-12-06,5.667986994210874,1792.1152484249383,1
Candidate C: Volatility Expansion Exposure Governor,reliance_ns,2016-11-30,2016-12-14,6.961292040277865,1408.662384227846,1
Candidate C: Volatility Expansion Exposure Governor,hdfcbank_ns,2016-12-05,2016-12-19,-1.6874953816127116,-467.2289468886807,0
Candidate C: Volatility Expansion Exposure Governor,infy_ns,2016-12-06,2016-12-20,4.670869053477027,1966.1217893117357,1
Candidate C: Volatility Expansion Exposure Governor,tcs_ns,2016-12-14,2016-12-28,4.740129557315426,1596.2206433273182,1
Candidate C: Volatility Expansion Exposure Governor,hdfcbank_ns,2016-12-19,2017-01-02,1.6784725386143644,616.2118437529408,1
Candidate C: Volatility Expansion Exposure Governor,infy_ns,2016-12-21,2017-01-04,-0.4292209919987909,-163.8851765261908,0
Candidate C: Volatility Expansion Exposure Governor,reliance_ns,2016-12-21,2017-01-04,0.31661860646251844,96.71306330093482,1
Candidate C: Volatility Expansion Exposure Governor,hdfcbank_ns,2017-01-03,2017-01-17,4.032332515461914,1570.852565414347,1
Candidate C: Volatility Expansion Exposure Governor,infy_ns,2017-01-04,2017-01-18,-4.753236001095238,-1842.770811669428,0
Candidate C: Volatility Expansion Exposure Governor,reliance_ns,2017-01-10,2017-01-24,-5.786453823707452,-2149.289963119095,0
Candidate C: Volatility Expansion Exposure Governor,tcs_ns,2017-01-13,2017-01-27,4.771310969894822,1417.7845141008336,1
Candidate C: Volatility Expansion Exposure Governor,infy_ns,2017-01-19,2017-02-02,-2.365922321438241,-928.9197104598985,0
Candidate C: Volatility Expansion Exposure Governor,tcs_ns,2017-01-31,2017-02-14,7.859306768962368,3508.027606740386,1
Candidate C: Volatility Expansion Exposure Governor,icicibank_ns,2017-02-01,2017-02-15,-0.13892620175684703,-49.608136227714425,0
Candidate C: Volatility Expansion Exposure Governor,infy_ns,2017-02-06,2017-02-20,7.965236567762629,2886.06992962177,1
Candidate C: Volatility Expansion Exposure Governor,reliance_ns,2017-02-13,2017-02-27,20.238927576064523,5866.588874105951,1
Candidate C: Volatility Expansion Exposure Governor,infy_ns,2017-02-20,2017-03-06,2.2898366148829963,1093.9375869365617,1
Candidate C: Volatility Expansion Exposure Governor,icicibank_ns,2017-02-21,2017-03-07,-3.1383427297221704,-1199.4396632207217,0
Candidate C: Volatility Expansion Exposure Governor,hdfcbank_ns,2017-03-02,2017-03-16,2.647730284662384,795.2883489303248,1
Candidate C: Volatility Expansion Exposure Governor,infy_ns,2017-03-08,2017-03-22,1.9236072274395362,749.6810808719318,1
Candidate C: Volatility Expansion Exposure Governor,tcs_ns,2017-03-24,2017-04-07,0.026185425371695364,14.410403044006475,1
Candidate C: Volatility Expansion Exposure Governor,infy_ns,2017-04-03,2017-04-17,-8.362650120137252,-3681.7170479101405,0
Candidate C: Volatility Expansion Exposure Governor,reliance_ns,2017-04-06,2017-04-20,-4.840788759045287,-1704.9537401157036,0
Candidate C: Volatility Expansion Exposure Governor,tcs_ns,2017-04-07,2017-04-21,-4.915724156528607,-1926.2645669463332,0
Candidate C: Volatility Expansion Exposure Governor,icicibank_ns,2017-04-12,2017-04-26,-1.4381950252944595,-450.8542838236991,0
Candidate C: Volatility Expansion Exposure Governor,infy_ns,2017-04-18,2017-05-02,-0.05542175281929955,-18.371034337269087,0
Candidate C: Volatility Expansion Exposure Governor,tcs_ns,2017-04-21,2017-05-05,0.3695560408268873,150.31020731121876,1
Candidate C: Volatility Expansion Exposure Governor,infy_ns,2017-05-02,2017-05-16,3.460061268025582,1568.9289711761671,1
Candidate C: Volatility Expansion Exposure Governor,infy_ns,2017-05-16,2017-05-30,4.2619803351756795,2293.902217728719,1
Candidate C: Volatility Expansion Exposure Governor,infy_ns,2017-05-30,2017-06-13,-3.9027227395655895,-2118.4459081034674,0
Candidate C: Volatility Expansion Exposure Governor,tcs_ns,2017-06-13,2017-06-27,-4.481710510997855,-1946.1820737764237,0
Candidate C: Volatility Expansion Exposure Governor,infy_ns,2017-06-13,2017-06-27,-3.2588771551167928,-1472.1177185065824,0
Candidate C: Volatility Expansion Exposure Governor,hdfcbank_ns,2017-06-23,2017-07-07,-0.7317590348864462,-264.4433379128113,0
Candidate C: Volatility Expansion Exposure Governor,tcs_ns,2017-06-27,2017-07-11,5.621872747181887,2091.6845763367965,1
Candidate C: Volatility Expansion Exposure Governor,infy_ns,2017-06-29,2017-07-13,4.9840303143021805,1919.1026734979357,1
Candidate C: Volatility Expansion Exposure Governor,reliance_ns,2017-07-07,2017-07-21,6.240657252123551,1922.373863989858,1
Candidate C: Volatility Expansion Exposure Governor,hdfcbank_ns,2017-07-07,2017-07-21,2.0992426617596434,667.935802211744,1
Candidate C: Volatility Expansion Exposure Governor,tcs_ns,2017-07-11,2017-07-25,3.8134824828266836,1270.420802444628,1
Candidate C: Volatility Expansion Exposure Governor,reliance_ns,2017-07-21,2017-08-04,2.2926729042622935,946.444046737143,1
Candidate C: Volatility Expansion Exposure Governor,hdfcbank_ns,2017-07-21,2017-08-04,5.067662352686679,2002.8504306212262,1
Candidate C: Volatility Expansion Exposure Governor,icicibank_ns,2017-08-03,2017-08-17,-0.9119354738501417,-351.4107826127739,0
Candidate C: Volatility Expansion Exposure Governor,infy_ns,2017-08-04,2017-08-18,-6.196861499364676,-1910.349152262552,0
Candidate C: Volatility Expansion Exposure Governor,reliance_ns,2017-08-07,2017-08-21,-3.26242786392812,-1351.0592976756031,0
Candidate C: Volatility Expansion Exposure Governor,reliance_ns,2017-08-23,2017-09-06,3.952295949195148,1725.1800535752018,1
Candidate C: Volatility Expansion Exposure Governor,icicibank_ns,2017-09-04,2017-09-18,-1.4293187533749352,-655.0936081157673,0
Candidate C: Volatility Expansion Exposure Governor,hdfcbank_ns,2017-09-04,2017-09-18,6.20364956694635,2274.633936594353,1
Candidate C: Volatility Expansion Exposure Governor,reliance_ns,2017-09-06,2017-09-20,2.920440371240881,1121.679798962475,1
Candidate C: Volatility Expansion Exposure Governor,icicibank_ns,2017-09-18,2017-10-03,-5.030445768076406,-2000.1965919660126,0
Candidate C: Volatility Expansion Exposure Governor,reliance_ns,2017-09-20,2017-10-04,-3.3889416034725985,-1609.8661340266922,0
Candidate C: Volatility Expansion Exposure Governor,reliance_ns,2017-10-04,2017-10-18,11.62517649986879,6362.907634472497,1
Candidate C: Volatility Expansion Exposure Governor,icicibank_ns,2017-10-09,2017-10-23,-3.4337763388878506,-1503.550620983836,0
Candidate C: Volatility Expansion Exposure Governor,reliance_ns,2017-10-18,2017-11-01,4.108661244951587,1941.3022765973994,1
Candidate C: Volatility Expansion Exposure Governor,reliance_ns,2017-11-07,2017-11-21,2.7995723805034225,942.2351136275895,1
Candidate C: Volatility Expansion Exposure Governor,infy_ns,2017-11-14,2017-11-28,3.6990504180885795,1460.7612645614665,1
Candidate C: Volatility Expansion Exposure Governor,reliance_ns,2017-11-21,2017-12-05,-2.070328347243024,-801.3728150664804,0
Candidate C: Volatility Expansion Exposure Governor,icicibank_ns,2017-11-24,2017-12-08,-2.082404461800595,-846.3495388432052,0
Candidate C: Volatility Expansion Exposure Governor,infy_ns,2017-11-29,2017-12-13,2.0909852994526834,851.1252187183119,1
Candidate C: Volatility Expansion Exposure Governor,reliance_ns,2017-12-05,2017-12-19,1.2900379182174602,517.8835819777966,1
Candidate C: Volatility Expansion Exposure Governor,tcs_ns,2017-12-07,2017-12-21,-0.872973495222502,-280.3630090515194,0
Candidate C: Volatility Expansion Exposure Governor,infy_ns,2017-12-13,2017-12-27,2.9870859277708597,1253.4747436242158,1
Candidate C: Volatility Expansion Exposure Governor,reliance_ns,2017-12-19,2018-01-02,-1.6475640948280554,-687.0844343378352,0
Candidate C: Volatility Expansion Exposure Governor,tcs_ns,2018-01-01,2018-01-15,3.7468606853692257,1812.463659467595,1
Candidate C: Volatility Expansion Exposure Governor,infy_ns,2018-01-03,2018-01-17,12.750801856620988,5980.31481776483,1
Candidate C: Volatility Expansion Exposure Governor,reliance_ns,2018-01-03,2018-01-17,1.0098098232681545,378.89260406500466,1
Candidate C: Volatility Expansion Exposure Governor,reliance_ns,2018-01-18,2018-02-01,2.574541010672547,1498.6502707442805,1
Candidate C: Volatility Expansion Exposure Governor,infy_ns,2018-01-30,2018-02-14,-6.274197914173826,-2921.7878802632877,0
Candidate C: Volatility Expansion Exposure Governor,reliance_ns,2018-02-01,2018-02-15,-0.918344181837882,-361.4342231103464,0
Candidate C: Volatility Expansion Exposure Governor,icicibank_ns,2018-02-05,2018-02-19,-3.0663896975177742,-760.311728431118,0
Candidate C: Volatility Expansion Exposure Governor,tcs_ns,2018-02-14,2018-02-28,4.180660517008305,912.2038855968548,1
Candidate C: Volatility Expansion Exposure Governor,infy_ns,2018-02-14,2018-02-28,6.765080901675658,1653.307346552142,1
Candidate C: Volatility Expansion Exposure Governor,reliance_ns,2018-02-16,2018-03-05,0.2537649871738281,66.45005546305198,1
Candidate C: Volatility Expansion Exposure Governor,hdfcbank_ns,2018-02-22,2018-03-08,-0.0688754914397302,-29.762880812926525,0
Candidate C: Volatility Expansion Exposure Governor,icicibank_ns,2018-02-23,2018-03-09,-9.355952842470106,-3234.359317325138,0
Candidate C: Volatility Expansion Exposure Governor,infy_ns,2018-03-01,2018-03-15,1.8228516045660135,682.1265208669874,1
Candidate C: Volatility Expansion Exposure Governor,hdfcbank_ns,2018-03-08,2018-03-22,0.7537657985313087,330.3278070428575,1
Candidate C: Volatility Expansion Exposure Governor,tcs_ns,2018-03-13,2018-03-27,-1.403767041236068,-580.1218171075834,0
Candidate C: Volatility Expansion Exposure Governor,infy_ns,2018-03-21,2018-04-04,-3.756929233722564,-1528.3734621654164,0
Candidate C: Volatility Expansion Exposure Governor,icicibank_ns,2018-03-21,2018-04-04,-7.152262252564394,-2327.7154593482774,0
Candidate C: Volatility Expansion Exposure Governor,tcs_ns,2018-03-27,2018-04-10,3.105360394417815,1335.8055646356847,1
Candidate C: Volatility Expansion Exposure Governor,infy_ns,2018-04-09,2018-04-23,6.826195833186868,3296.1653300190046,1
Candidate C: Volatility Expansion Exposure Governor,infy_ns,2018-04-25,2018-05-09,0.8415241794115397,486.5408405378683,1
Candidate C: Volatility Expansion Exposure Governor,tcs_ns,2018-04-26,2018-05-10,-2.5351592851592852,-1172.594736718141,0
Candidate C: Volatility Expansion Exposure Governor,infy_ns,2018-05-09,2018-05-23,1.1623493463341472,565.6371928389663,1
Candidate C: Volatility Expansion Exposure Governor,tcs_ns,2018-05-18,2018-06-01,-1.1102810037954192,-532.3437213070883,0
Candidate C: Volatility Expansion Exposure Governor,hdfcbank_ns,2018-05-23,2018-06-06,4.51443062807735,2176.0993889956403,1
Candidate C: Volatility Expansion Exposure Governor,infy_ns,2018-06-18,2018-07-02,5.257422715691661,3055.681809062172,1
Candidate C: Volatility Expansion Exposure Governor,hdfcbank_ns,2018-07-04,2018-07-18,3.4019538735496555,1998.0499927872945,1
Candidate C: Volatility Expansion Exposure Governor,infy_ns,2018-07-06,2018-07-20,4.919285621813863,2311.37257388575,1
Candidate C: Volatility Expansion Exposure Governor,tcs_ns,2018-07-10,2018-07-24,6.554345155684733,2463.696527878308,1
Candidate C: Volatility Expansion Exposure Governor,infy_ns,2018-07-23,2018-08-06,0.29645255169679496,154.3822872232804,1
Candidate C: Volatility Expansion Exposure Governor,hdfcbank_ns,2018-08-02,2018-08-16,-2.6071660524183757,-1295.0246554193022,0
Candidate C: Volatility Expansion Exposure Governor,infy_ns,2018-08-06,2018-08-20,1.6835960882595302,844.8887480842715,1
Candidate C: Volatility Expansion Exposure Governor,hdfcbank_ns,2018-08-16,2018-08-30,-0.5122562901468549,-255.21737600085999,0
Candidate C: Volatility Expansion Exposure Governor,tcs_ns,2018-08-28,2018-09-11,-1.158567404677254,-580.0188919653718,0
Candidate C: Volatility Expansion Exposure Governor,reliance_ns,2018-08-30,2018-09-14,-1.7204782041049447,-689.0646897655567,0
Candidate C: Volatility Expansion Exposure Governor,hdfcbank_ns,2018-08-30,2018-09-14,-1.8157359413835648,-761.7740338822173,0
Candidate C: Volatility Expansion Exposure Governor,infy_ns,2018-09-06,2018-09-21,-3.053384565706528,-1024.813806721078,0
Candidate C: Volatility Expansion Exposure Governor,hdfcbank_ns,2018-09-17,2018-10-01,2.1198813402024084,1120.5277502760214,1
Candidate C: Volatility Expansion Exposure Governor,icicibank_ns,2018-09-18,2018-10-03,-4.799072795883874,-2029.3566970570778,0
Candidate C: Volatility Expansion Exposure Governor,infy_ns,2018-09-26,2018-10-10,-2.4726877465617187,-997.4037318151314,0
Candidate C: Volatility Expansion Exposure Governor,hdfcbank_ns,2018-10-04,2018-10-19,0.460535052994509,141.24588641216604,1
Candidate C: Volatility Expansion Exposure Governor,tcs_ns,2018-10-10,2018-10-24,-9.592103539232708,-2588.866448208603,0
Candidate C: Volatility Expansion Exposure Governor,infy_ns,2018-10-11,2018-10-25,-3.7015447374522834,-1053.8868839414636,0
Candidate C: Volatility Expansion Exposure Governor,hdfcbank_ns,2018-10-19,2018-11-02,-0.9795336706243649,-281.6384727226005,0
Candidate C: Volatility Expansion Exposure Governor,tcs_ns,2018-10-24,2018-11-07,5.013738133722232,1415.3837046377166,1
Candidate C: Volatility Expansion Exposure Governor,hdfcbank_ns,2018-11-02,2018-11-16,2.762212366594293,871.4529627069704,1
Candidate C: Volatility Expansion Exposure Governor,tcs_ns,2018-11-09,2018-11-26,-3.353395517029679,-1400.407537509473,0
Candidate C: Volatility Expansion Exposure Governor,infy_ns,2018-11-16,2018-11-30,2.499241334432907,1095.8904800439338,1
Candidate C: Volatility Expansion Exposure Governor,hdfcbank_ns,2018-11-16,2018-11-30,6.141080395628881,2552.4325970477976,1
Candidate C: Volatility Expansion Exposure Governor,reliance_ns,2018-11-19,2018-12-03,0.5105905258873432,169.7744133682096,1
Candidate C: Volatility Expansion Exposure Governor,tcs_ns,2018-11-26,2018-12-10,6.972112828121412,2417.411038508424,1
Candidate C: Volatility Expansion Exposure Governor,infy_ns,2018-12-18,2019-01-01,-1.7562094613696881,-1047.6181373930144,0
Candidate C: Volatility Expansion Exposure Governor,tcs_ns,2018-12-21,2019-01-04,-1.0490820612793212,-500.64068970575516,0
Candidate C: Volatility Expansion Exposure Governor,infy_ns,2019-01-02,2019-01-16,10.071235518347265,5025.380450765588,1
Candidate C: Volatility Expansion Exposure Governor,tcs_ns,2019-01-08,2019-01-22,0.39074887818832976,192.885016095122,1
Candidate C: Volatility Expansion Exposure Governor,hdfcbank_ns,2019-01-10,2019-01-24,-0.346271045767133,-136.74357105409695,0
Candidate C: Volatility Expansion Exposure Governor,reliance_ns,2019-01-22,2019-02-05,4.513963544652094,2369.2967456723236,1
Candidate C: Volatility Expansion Exposure Governor,icicibank_ns,2019-01-25,2019-02-08,-0.637613669858254,-317.92215129630216,0
Candidate C: Volatility Expansion Exposure Governor,reliance_ns,2019-02-05,2019-02-19,-5.888890922406847,-2995.118985756731,0
Candidate C: Volatility Expansion Exposure Governor,hdfcbank_ns,2019-02-12,2019-02-26,-0.9440472479812858,-477.66015768055,0
Candidate C: Volatility Expansion Exposure Governor,infy_ns,2019-02-14,2019-02-28,-0.8265860542933724,-334.5825971101334,0
Candidate C: Volatility Expansion Exposure Governor,tcs_ns,2019-02-19,2019-03-05,4.320972000218917,1399.2222843481914,1
Candidate C: Volatility Expansion Exposure Governor,infy_ns,2019-02-28,2019-03-14,-3.582212669495579,-1917.603690864743,0
Candidate C: Volatility Expansion Exposure Governor,hdfcbank_ns,2019-03-11,2019-03-25,7.127696263109605,3534.0029513061754,1
Candidate C: Volatility Expansion Exposure Governor,reliance_ns,2019-03-14,2019-03-28,1.3245828529961101,662.1292297049052,1
Candidate C: Volatility Expansion Exposure Governor,icicibank_ns,2019-03-25,2019-04-08,0.8882545242409041,355.2147954125776,1
Candidate C: Volatility Expansion Exposure Governor,infy_ns,2019-03-27,2019-04-10,3.1004042230271582,1321.244063729284,1
Candidate C: Volatility Expansion Exposure Governor,hdfcbank_ns,2019-04-03,2019-04-18,-0.010769713550185375,-4.7625991378998584,0
Candidate C: Volatility Expansion Exposure Governor,icicibank_ns,2019-04-08,2019-04-22,1.8606933048092662,808.411803878853,1
Candidate C: Volatility Expansion Exposure Governor,infy_ns,2019-04-18,2019-05-02,1.8666202125322402,812.8148665204664,1
Candidate C: Volatility Expansion Exposure Governor,icicibank_ns,2019-04-25,2019-05-09,-3.5889479554881745,-1885.2855308222515,0
Candidate C: Volatility Expansion Exposure Governor,hdfcbank_ns,2019-04-26,2019-05-10,0.6313947757041244,265.3389126028343,1
Candidate C: Volatility Expansion Exposure Governor,hdfcbank_ns,2019-05-10,2019-05-24,3.2947277425395987,2012.3482860649697,1
Candidate C: Volatility Expansion Exposure Governor,tcs_ns,2019-05-22,2019-06-06,3.9998581773710518,1954.4213365639207,1
Candidate C: Volatility Expansion Exposure Governor,infy_ns,2019-05-27,2019-06-10,6.358321701226824,2630.20109759493,1
Candidate C: Volatility Expansion Exposure Governor,hdfcbank_ns,2019-06-04,2019-06-18,-1.4785578072084555,-642.2055658112141,0
Candidate C: Volatility Expansion Exposure Governor,infy_ns,2019-06-14,2019-06-28,-1.1906289501912084,-639.4904746967883,0
Candidate C: Volatility Expansion Exposure Governor,hdfcbank_ns,2019-06-18,2019-07-02,3.164856758713414,1630.747000090773,1
Candidate C: Volatility Expansion Exposure Governor,reliance_ns,2019-06-26,2019-07-10,-1.2316492769351708,-507.7028166905105,0
Candidate C: Volatility Expansion Exposure Governor,infy_ns,2019-06-28,2019-07-12,-0.7668545081967213,-334.2815938498385,0
Candidate C: Volatility Expansion Exposure Governor,hdfcbank_ns,2019-07-02,2019-07-16,-4.208242437022483,-1914.939995961909,0
Candidate C: Volatility Expansion Exposure Governor,icicibank_ns,2019-07-08,2019-07-22,-3.4293834481796965,-1248.419239088431,0
Candidate C: Volatility Expansion Exposure Governor,tcs_ns,2019-07-11,2019-07-25,1.155068987679465,430.4436202685849,1
Candidate C: Volatility Expansion Exposure Governor,infy_ns,2019-07-12,2019-07-26,8.236188510491916,3167.9587409818446,1
Candidate C: Volatility Expansion Exposure Governor,reliance_ns,2019-07-12,2019-07-26,-5.256305903347636,-1617.4239053001052,0
Candidate C: Volatility Expansion Exposure Governor,icicibank_ns,2019-07-22,2019-08-05,-2.1995944351066505,-887.8848234903899,0
Candidate C: Volatility Expansion Exposure Governor,hdfcbank_ns,2019-07-23,2019-08-06,-3.33529721195397,-1077.0566533753408,0
Candidate C: Volatility Expansion Exposure Governor,tcs_ns,2019-08-02,2019-08-16,-1.871967546667414,-889.754792537149,0
Candidate C: Volatility Expansion Exposure Governor,icicibank_ns,2019-08-05,2019-08-19,5.100782395226328,2342.2772253158732,1
Candidate C: Volatility Expansion Exposure Governor,infy_ns,2019-08-06,2019-08-20,2.3117841708010243,849.2562894948146,1
Candidate C: Volatility Expansion Exposure Governor,hdfcbank_ns,2019-08-06,2019-08-20,1.3882279747604265,494.6519721889391,1
Candidate C: Volatility Expansion Exposure Governor,icicibank_ns,2019-08-19,2019-09-03,-7.427037187118238,-2821.4486425542673,0
Candidate C: Volatility Expansion Exposure Governor,hdfcbank_ns,2019-08-20,2019-09-03,-0.4843565246760569,-211.68582746282902,0
Candidate C: Volatility Expansion Exposure Governor,infy_ns,2019-08-27,2019-09-11,4.465672604833994,1229.5722633935923,1
Candidate C: Volatility Expansion Exposure Governor,hdfcbank_ns,2019-09-03,2019-09-17,-0.03191065288832848,-14.325346015891796,0
Candidate C: Volatility Expansion Exposure Governor,icicibank_ns,2019-09-04,2019-09-18,0.41517763533682195,156.56066882308963,1
Candidate C: Volatility Expansion Exposure Governor,tcs_ns,2019-09-17,2019-10-01,-3.00237576046303,-1361.501594153404,0
Candidate C: Volatility Expansion Exposure Governor,hdfcbank_ns,2019-09-17,2019-10-01,12.888108502278172,5832.323364192406,1
Candidate C: Volatility Expansion Exposure Governor,icicibank_ns,2019-09-19,2019-10-03,10.472408447069725,4584.40112059052,1
Candidate C: Volatility Expansion Exposure Governor,infy_ns,2019-09-20,2019-10-04,-1.4840637017481075,-311.83856122687877,0
Candidate C: Volatility Expansion Exposure Governor,tcs_ns,2019-10-01,2019-10-15,-1.1489867680862524,-273.1060840334386,0
Candidate C: Volatility Expansion Exposure Governor,hdfcbank_ns,2019-10-03,2019-10-17,-0.3399982560672001,-111.69123356448117,0
Candidate C: Volatility Expansion Exposure Governor,infy_ns,2019-10-09,2019-10-23,-17.019759415645154,-5342.935515198158,0
Candidate C: Volatility Expansion Exposure Governor,tcs_ns,2019-10-15,2019-10-29,7.679410004888086,2083.4185041529267,1
Candidate C: Volatility Expansion Exposure Governor,reliance_ns,2019-10-14,2019-10-29,7.976178449837834,2203.4543112812603,1
Candidate C: Volatility Expansion Exposure Governor,hdfcbank_ns,2019-10-23,2019-11-06,1.1615435002817271,359.25322746249384,1
Candidate C: Volatility Expansion Exposure Governor,infy_ns,2019-10-24,2019-11-07,13.282435390727807,4820.191808274432,1
Candidate C: Volatility Expansion Exposure Governor,reliance_ns,2019-10-30,2019-11-13,-0.5095140979034235,-203.45067755345383,0
Candidate C: Volatility Expansion Exposure Governor,infy_ns,2019-11-08,2019-11-22,-2.1600807294741657,-1218.426439854897,0
Candidate C: Volatility Expansion Exposure Governor,reliance_ns,2019-11-13,2019-11-27,6.572381157834974,3488.0017967917624,1
Candidate C: Volatility Expansion Exposure Governor,tcs_ns,2019-11-20,2019-12-04,-1.4744396911708872,-625.9951355297557,0
Candidate C: Volatility Expansion Exposure Governor,infy_ns,2019-11-22,2019-12-06,3.107676429855488,1398.5414169142439,1
Candidate C: Volatility Expansion Exposure Governor,hdfcbank_ns,2019-11-25,2019-12-09,-2.263511914268244,-814.9149967791695,0
Candidate C: Volatility Expansion Exposure Governor,reliance_ns,2019-11-27,2019-12-11,-0.5243295665301868,-210.32700132273862,0
Candidate C: Volatility Expansion Exposure Governor,tcs_ns,2019-12-04,2019-12-18,4.241815010825114,1716.1070884195628,1
Candidate C: Volatility Expansion Exposure Governor,hdfcbank_ns,2019-12-23,2020-01-06,-4.765858956866835,-3102.502558013078,0
Candidate C: Volatility Expansion Exposure Governor,reliance_ns,2020-01-01,2020-01-15,0.8934907553806742,465.31924326220206,1
Candidate C: Volatility Expansion Exposure Governor,icicibank_ns,2020-01-13,2020-01-27,-0.30051998873127334,-162.46782886654876,0
Candidate C: Volatility Expansion Exposure Governor,hdfcbank_ns,2020-01-16,2020-01-30,-4.831514730771758,-2597.3553101254715,0
Candidate C: Volatility Expansion Exposure Governor,icicibank_ns,2020-01-29,2020-02-12,4.2585194175488725,2290.5232095266783,1
Candidate C: Volatility Expansion Exposure Governor,tcs_ns,2020-01-31,2020-02-14,5.005064809614236,2665.783955659508,1
Candidate C: Volatility Expansion Exposure Governor,infy_ns,2020-02-06,2020-02-20,3.2736792912815984,1394.8945018909194,1
Candidate C: Volatility Expansion Exposure Governor,icicibank_ns,2020-02-13,2020-02-27,-4.788853863559236,-2169.4934502737055,0
Candidate C: Volatility Expansion Exposure Governor,infy_ns,2020-02-20,2020-03-05,-5.36729289860169,-3017.961193187972,0
Candidate C: Volatility Expansion Exposure Governor,tcs_ns,2020-02-28,2020-03-13,-9.736925892216702,-4175.9485846249545,0
Candidate C: Volatility Expansion Exposure Governor,icicibank_ns,2020-03-02,2020-03-16,-20.43103358169693,-7360.425173034811,0
Candidate C: Volatility Expansion Exposure Governor,hdfcbank_ns,2020-03-04,2020-03-18,-23.709658090488123,-7174.921297377533,0
Candidate C: Volatility Expansion Exposure Governor,infy_ns,2020-03-05,2020-03-19,-27.739566599419607,-9412.996559240408,0
Candidate C: Volatility Expansion Exposure Governor,hdfcbank_ns,2020-03-18,2020-04-01,-5.435605392308694,-1752.0986798338438,0
Candidate C: Volatility Expansion Exposure Governor,infy_ns,2020-03-19,2020-04-03,7.305870277662699,2287.3323783631654,1
Candidate C: Volatility Expansion Exposure Governor,infy_ns,2020-04-03,2020-04-17,7.296501946778637,2571.317947304448,1
Candidate C: Volatility Expansion Exposure Governor,infy_ns,2020-04-17,2020-05-04,7.095532755614749,2522.389404692574,1
Candidate C: Volatility Expansion Exposure Governor,hdfcbank_ns,2020-04-27,2020-05-11,-1.5443610002622732,-483.124011016583,0
Candidate C: Volatility Expansion Exposure Governor,icicibank_ns,2020-05-04,2020-05-18,-11.74359983035458,-5025.899491872096,0
Candidate C: Volatility Expansion Exposure Governor,infy_ns,2020-05-05,2020-05-19,-0.8066404201306027,-289.9825214096899,0
Candidate C: Volatility Expansion Exposure Governor,tcs_ns,2020-05-07,2020-05-21,5.209966194077243,1966.6000494145949,1
Candidate C: Volatility Expansion Exposure Governor,hdfcbank_ns,2020-05-11,2020-05-26,-6.9694435730372835,-2533.915792149776,0
Candidate C: Volatility Expansion Exposure Governor,infy_ns,2020-05-19,2020-06-02,5.854913467189539,2562.8183191573094,1
Candidate C: Volatility Expansion Exposure Governor,icicibank_ns,2020-05-20,2020-06-03,16.692814730190754,5845.435855347295,1
Candidate C: Volatility Expansion Exposure Governor,tcs_ns,2020-05-26,2020-06-09,6.5884726610247535,2369.006479149827,1
Candidate C: Volatility Expansion Exposure Governor,hdfcbank_ns,2020-05-26,2020-06-09,15.7679856329662,5602.395048041306,1
Candidate C: Volatility Expansion Exposure Governor,reliance_ns,2020-06-05,2020-06-19,11.17913343630804,5127.170504159792,1
Candidate C: Volatility Expansion Exposure Governor,icicibank_ns,2020-06-05,2020-06-19,1.796773620579031,659.2542982027508,1
Candidate C: Volatility Expansion Exposure Governor,hdfcbank_ns,2020-06-10,2020-06-24,4.046355336184123,1830.7528242815144,1
Candidate C: Volatility Expansion Exposure Governor,infy_ns,2020-06-15,2020-06-29,6.375410949789782,2307.617721638835,1
Candidate C: Volatility Expansion Exposure Governor,tcs_ns,2020-06-22,2020-07-06,11.544584711724564,5382.629213523797,1
Candidate C: Volatility Expansion Exposure Governor,icicibank_ns,2020-06-26,2020-07-10,3.170960986367271,1481.3086219715124,1
Candidate C: Volatility Expansion Exposure Governor,infy_ns,2020-07-08,2020-07-22,18.42533367053543,10221.262869081025,1
Candidate C: Volatility Expansion Exposure Governor,hdfcbank_ns,2020-07-14,2020-07-28,2.574181842978734,1390.5317390841528,1
Candidate C: Volatility Expansion Exposure Governor,reliance_ns,2020-07-15,2020-07-29,13.644346077212044,5896.365505385453,1
Candidate C: Volatility Expansion Exposure Governor,icicibank_ns,2020-07-15,2020-07-29,1.4674595677376414,507.3267961273572,1
Candidate C: Volatility Expansion Exposure Governor,hdfcbank_ns,2020-07-28,2020-08-11,-1.8895987255214846,-980.2907412744723,0
Candidate C: Volatility Expansion Exposure Governor,icicibank_ns,2020-07-30,2020-08-13,6.643267076705414,3875.7242686965506,1
Candidate C: Volatility Expansion Exposure Governor,tcs_ns,2020-08-05,2020-08-19,-0.17827848606232016,-83.2070422026001,0
Candidate C: Volatility Expansion Exposure Governor,infy_ns,2020-08-05,2020-08-19,1.4946888334480664,558.0870225743034,1
Candidate C: Volatility Expansion Exposure Governor,hdfcbank_ns,2020-08-11,2020-08-25,4.921021476661071,1970.8689744882017,1
Candidate C: Volatility Expansion Exposure Governor,tcs_ns,2020-08-19,2020-09-02,0.3286904819348279,176.83919469624306,1
Candidate C: Volatility Expansion Exposure Governor,hdfcbank_ns,2020-08-31,2020-09-14,-5.236277337279783,-3090.6758556923337,0
Candidate C: Volatility Expansion Exposure Governor,tcs_ns,2020-09-02,2020-09-16,10.445162918862081,6059.764508495212,1
Candidate C: Volatility Expansion Exposure Governor,icicibank_ns,2020-09-09,2020-09-23,-4.332406076883209,-2010.757383873985,0
Candidate C: Volatility Expansion Exposure Governor,hdfcbank_ns,2020-09-14,2020-09-28,-0.40428188222403716,-195.33422481257654,0
Candidate C: Volatility Expansion Exposure Governor,icicibank_ns,2020-09-25,2020-10-09,15.100891158812813,9113.129252272476,1
Candidate C: Volatility Expansion Exposure Governor,hdfcbank_ns,2020-09-28,2020-10-12,15.067658469667574,8724.60099474359,1
Candidate C: Volatility Expansion Exposure Governor,infy_ns,2020-10-28,2020-11-11,4.216125503991451,3100.540203631349,1
Candidate C: Volatility Expansion Exposure Governor,icicibank_ns,2020-10-30,2020-11-13,23.613653910925517,13892.391625656817,1
Candidate C: Volatility Expansion Exposure Governor,reliance_ns,2020-11-17,2020-12-01,-1.9730280183882196,-1214.4164573198982,0
Candidate C: Volatility Expansion Exposure Governor,infy_ns,2020-12-03,2020-12-17,2.8559102862001424,2190.3614946583316,1
Candidate C: Volatility Expansion Exposure Governor,icicibank_ns,2020-12-10,2020-12-24,1.2512477442155663,767.7229617333452,1
Candidate C: Volatility Expansion Exposure Governor,icicibank_ns,2021-01-27,2021-02-10,20.95988875908458,16199.34378647775,1
Candidate C: Volatility Expansion Exposure Governor,reliance_ns,2021-01-28,2021-02-11,9.491998601733245,5868.891780395443,1
Candidate C: Volatility Expansion Exposure Governor,tcs_ns,2021-02-26,2021-03-12,5.601386332899566,3661.1110458236067,1
Candidate C: Volatility Expansion Exposure Governor,icicibank_ns,2021-03-05,2021-03-19,-3.7892054053041746,-2600.487805476189,0
Candidate C: Volatility Expansion Exposure Governor,hdfcbank_ns,2021-03-16,2021-03-30,2.696364522298346,1852.603483325482,1
Candidate C: Volatility Expansion Exposure Governor,icicibank_ns,2021-03-19,2021-04-05,-2.673766089028821,-1822.750090489837,0
Candidate C: Volatility Expansion Exposure Governor,icicibank_ns,2021-04-05,2021-04-19,-2.0621225382932167,-1689.2721865925037,0
Candidate C: Volatility Expansion Exposure Governor,hdfcbank_ns,2021-04-06,2021-04-20,-3.4400746813500795,-2254.4625243524506,0
Candidate C: Volatility Expansion Exposure Governor,reliance_ns,2021-04-09,2021-04-23,-3.968221686250805,-2080.4681080851724,0
Candidate C: Volatility Expansion Exposure Governor,hdfcbank_ns,2021-04-26,2021-05-10,1.0207859675105981,823.9198154552668,1
Candidate C: Volatility Expansion Exposure Governor,tcs_ns,2021-05-12,2021-05-26,2.2451305269866473,1815.8400522741629,1
Candidate C: Volatility Expansion Exposure Governor,tcs_ns,2021-05-26,2021-06-09,1.2711690675953775,1032.7258380471199,1
Candidate C: Volatility Expansion Exposure Governor,icicibank_ns,2021-06-04,2021-06-18,-1.962842316099425,-1275.7251745797591,0
Candidate C: Volatility Expansion Exposure Governor,tcs_ns,2021-06-09,2021-06-23,1.85982977556685,1273.0535040120967,1
Candidate C: Volatility Expansion Exposure Governor,hdfcbank_ns,2021-06-15,2021-06-29,0.7414208222587444,406.00204948814593,1
Candidate C: Volatility Expansion Exposure Governor,icicibank_ns,2021-06-22,2021-07-06,3.0316022752273986,1714.4198735280665,1
Candidate C: Volatility Expansion Exposure Governor,hdfcbank_ns,2021-06-29,2021-07-13,-0.0633133516904062,-44.45806508515405,0
Candidate C: Volatility Expansion Exposure Governor,tcs_ns,2021-07-07,2021-07-22,-1.8384411811517571,-1246.9868009149648,0
Candidate C: Volatility Expansion Exposure Governor,hdfcbank_ns,2021-07-14,2021-07-28,-5.507028934120141,-3761.174991733949,0
Candidate C: Volatility Expansion Exposure Governor,tcs_ns,2021-07-28,2021-08-11,4.525855280451366,3075.52108603386,1
Candidate C: Volatility Expansion Exposure Governor,hdfcbank_ns,2021-07-28,2021-08-11,5.425980718179596,3650.105320196661,1
Candidate C: Volatility Expansion Exposure Governor,tcs_ns,2021-08-11,2021-08-25,9.358607541347931,6365.9782605282635,1
Candidate C: Volatility Expansion Exposure Governor,hdfcbank_ns,2021-08-12,2021-08-26,3.5049036588490114,2404.4467852998705,1
Candidate C: Volatility Expansion Exposure Governor,icicibank_ns,2021-08-18,2021-09-01,4.538731245522455,2490.941564133115,1
Candidate C: Volatility Expansion Exposure Governor,hdfcbank_ns,2021-08-27,2021-09-13,0.40830009565702596,297.99624384111803,1
Candidate C: Volatility Expansion Exposure Governor,reliance_ns,2021-09-03,2021-09-17,0.035782314665405095,24.998332587125915,1
Candidate C: Volatility Expansion Exposure Governor,hdfcbank_ns,2021-09-14,2021-09-28,4.242192561054074,2992.711049091437,1
Candidate C: Volatility Expansion Exposure Governor,tcs_ns,2021-09-30,2021-10-14,-4.3942159549263735,-3740.4585911482627,0
Candidate C: Volatility Expansion Exposure Governor,reliance_ns,2021-09-30,2021-10-14,7.1370381507582765,4860.169994408752,1
Candidate C: Volatility Expansion Exposure Governor,hdfcbank_ns,2021-10-04,2021-10-18,5.279199041697047,2876.017107936172,1
Candidate C: Volatility Expansion Exposure Governor,icicibank_ns,2021-10-06,2021-10-20,8.118498999005732,3538.2552281108824,1
Candidate C: Volatility Expansion Exposure Governor,tcs_ns,2021-10-14,2021-10-28,-5.302880459887136,-2169.6194462734024,0
Candidate C: Volatility Expansion Exposure Governor,infy_ns,2021-10-21,2021-11-04,-2.6119477991669298,-1229.386177986685,0
Candidate C: Volatility Expansion Exposure Governor,tcs_ns,2021-10-28,2021-11-11,1.893997068728408,872.5451481144021,1
Candidate C: Volatility Expansion Exposure Governor,icicibank_ns,2021-11-15,2021-11-29,-7.145889598269011,-4923.450773866927,0
Candidate C: Volatility Expansion Exposure Governor,hdfcbank_ns,2021-11-17,2021-12-01,-1.757404531497377,-1271.3769658334272,0
Candidate C: Volatility Expansion Exposure Governor,tcs_ns,2021-11-18,2021-12-02,4.758135153897382,2753.7807381584985,1
Candidate C: Volatility Expansion Exposure Governor,hdfcbank_ns,2021-12-01,2021-12-15,-0.3588890656593294,-263.1009192564287,0
Candidate C: Volatility Expansion Exposure Governor,icicibank_ns,2021-12-03,2021-12-17,1.6244381131368395,1149.6741820066013,1
Candidate C: Volatility Expansion Exposure Governor,hdfcbank_ns,2021-12-15,2021-12-29,-3.1251299601236973,-2225.9758547883735,0
Candidate C: Volatility Expansion Exposure Governor,icicibank_ns,2021-12-21,2022-01-04,7.234480013665233,5163.05142191785,1
Candidate C: Volatility Expansion Exposure Governor,hdfcbank_ns,2021-12-30,2022-01-13,4.497844680123161,3188.714592753271,1
Candidate C: Volatility Expansion Exposure Governor,hdfcbank_ns,2022-01-14,2022-01-28,-5.347807533795775,-4643.933838713674,0
Candidate C: Volatility Expansion Exposure Governor,tcs_ns,2022-01-27,2022-02-10,3.2668335303808145,2269.4846336643463,1
Candidate C: Volatility Expansion Exposure Governor,hdfcbank_ns,2022-01-28,2022-02-11,3.7478592583731105,2699.028624260636,1
Candidate C: Volatility Expansion Exposure Governor,icicibank_ns,2022-01-31,2022-02-14,-4.497569236949886,-2591.147057190445,0
Candidate C: Volatility Expansion Exposure Governor,infy_ns,2022-02-09,2022-02-23,0.2692972796020675,124.11839672285002,1
Candidate C: Volatility Expansion Exposure Governor,hdfcbank_ns,2022-02-11,2022-02-25,-4.179349574226684,-2765.1673694701017,0
Candidate C: Volatility Expansion Exposure Governor,icicibank_ns,2022-02-16,2022-03-02,-6.4861511663622435,-3317.5004566201014,0
Candidate C: Volatility Expansion Exposure Governor,tcs_ns,2022-02-22,2022-03-08,0.3276286574974605,140.76189131215835,1
Candidate C: Volatility Expansion Exposure Governor,infy_ns,2022-02-24,2022-03-10,8.749935813340773,2853.60684295321,1
Candidate C: Volatility Expansion Exposure Governor,hdfcbank_ns,2022-02-25,2022-03-11,-4.120481271080519,-1496.0246626626333,0
Candidate C: Volatility Expansion Exposure Governor,icicibank_ns,2022-03-02,2022-03-16,-1.0077604856924913,-379.8227674576993,0
Candidate C: Volatility Expansion Exposure Governor,tcs_ns,2022-03-10,2022-03-24,3.5080634404912656,1344.9762657503668,1
Candidate C: Volatility Expansion Exposure Governor,hdfcbank_ns,2022-03-11,2022-03-25,2.39007190769639,1007.9439510176664,1
Candidate C: Volatility Expansion Exposure Governor,icicibank_ns,2022-03-25,2022-04-08,7.818782667010693,3624.0686735668232,1
Candidate C: Volatility Expansion Exposure Governor,hdfcbank_ns,2022-03-25,2022-04-08,5.800033096077242,2666.2935123850516,1
Candidate C: Volatility Expansion Exposure Governor,infy_ns,2022-04-05,2022-04-19,-16.1131040524314,-10863.95899160965,0
Candidate C: Volatility Expansion Exposure Governor,hdfcbank_ns,2022-04-08,2022-04-22,-10.545528421835149,-7767.920594204329,0
Candidate C: Volatility Expansion Exposure Governor,tcs_ns,2022-04-18,2022-05-02,0.35653274160980925,210.09989563534927,1
Candidate C: Volatility Expansion Exposure Governor,infy_ns,2022-04-19,2022-05-04,-1.7424920740261882,-1018.5693166918974,0
Candidate C: Volatility Expansion Exposure Governor,hdfcbank_ns,2022-04-22,2022-05-06,-2.851785237830452,-1709.4277360082585,0
Candidate C: Volatility Expansion Exposure Governor,reliance_ns,2022-04-26,2022-05-10,-10.888888222877075,-5221.646369595634,0
Candidate C: Volatility Expansion Exposure Governor,tcs_ns,2022-05-04,2022-05-18,-0.9389855936860138,-471.28500579949673,0
Candidate C: Volatility Expansion Exposure Governor,infy_ns,2022-05-04,2022-05-18,-1.7651458285271286,-911.5200445987206,0
Candidate C: Volatility Expansion Exposure Governor,icicibank_ns,2022-05-04,2022-05-18,-2.3822850399524294,-984.1682339305617,0
Candidate C: Volatility Expansion Exposure Governor,hdfcbank_ns,2022-05-06,2022-05-20,0.20412117943122607,91.23429479029919,1
Candidate C: Volatility Expansion Exposure Governor,infy_ns,2022-05-18,2022-06-01,-2.079855445515404,-1339.2805468517597,0
Candidate C: Volatility Expansion Exposure Governor,icicibank_ns,2022-05-18,2022-06-01,6.350989660910801,3783.9148955514274,1
Candidate C: Volatility Expansion Exposure Governor,tcs_ns,2022-05-19,2022-06-02,4.884763752150202,2328.2708755485633,1
Candidate C: Volatility Expansion Exposure Governor,hdfcbank_ns,2022-05-20,2022-06-03,4.44073960408538,2091.0833393562507,1
Candidate C: Volatility Expansion Exposure Governor,hdfcbank_ns,2022-06-03,2022-06-17,-6.606891299145393,-5469.76543682692,0
Candidate C: Volatility Expansion Exposure Governor,infy_ns,2022-06-08,2022-06-22,-4.231241666666667,-2802.3950599809564,0
Candidate C: Volatility Expansion Exposure Governor,icicibank_ns,2022-06-08,2022-06-22,-5.927803207930839,-3140.8362339240184,0
Candidate C: Volatility Expansion Exposure Governor,tcs_ns,2022-06-15,2022-06-29,2.5747653031427307,1091.3879390788848,1
Candidate C: Volatility Expansion Exposure Governor,hdfcbank_ns,2022-06-17,2022-07-01,4.9097208761387865,2424.1301993526768,1
Candidate C: Volatility Expansion Exposure Governor,infy_ns,2022-06-22,2022-07-06,3.7331152827869523,1948.1263128823034,1
Candidate C: Volatility Expansion Exposure Governor,icicibank_ns,2022-06-22,2022-07-06,5.678278910761549,2936.624159857605,1
Candidate C: Volatility Expansion Exposure Governor,hdfcbank_ns,2022-07-01,2022-07-15,0.5628087758973914,340.09934825858414,1
Candidate C: Volatility Expansion Exposure Governor,icicibank_ns,2022-07-07,2022-07-21,5.8769541778975745,4119.771826304646,1
Candidate C: Volatility Expansion Exposure Governor,tcs_ns,2022-07-11,2022-07-25,1.6496427312732154,925.1256949835739,1
Candidate C: Volatility Expansion Exposure Governor,infy_ns,2022-07-12,2022-07-26,0.8219431403161184,368.7589825392281,1
Candidate C: Volatility Expansion Exposure Governor,hdfcbank_ns,2022-07-15,2022-07-29,5.24450642835211,2519.7357841154135,1
Candidate C: Volatility Expansion Exposure Governor,icicibank_ns,2022-08-23,2022-09-06,2.235001092966594,1873.8460106871664,1
Candidate C: Volatility Expansion Exposure Governor,tcs_ns,2022-08-24,2022-09-07,-3.2968742786251655,-2211.304409355377,0
Candidate C: Volatility Expansion Exposure Governor,tcs_ns,2022-09-07,2022-09-21,-4.759358071251916,-3987.078555911833,0
Candidate C: Volatility Expansion Exposure Governor,icicibank_ns,2022-09-07,2022-09-21,4.404515208320953,2951.851551974475,1
Candidate C: Volatility Expansion Exposure Governor,tcs_ns,2022-09-21,2022-10-06,3.3053120964392906,2299.5811216310235,1
Candidate C: Volatility Expansion Exposure Governor,icicibank_ns,2022-09-27,2022-10-11,2.0661178883804396,1439.0913969140038,1
Candidate C: Volatility Expansion Exposure Governor,tcs_ns,2022-10-06,2022-10-20,1.733472444051581,1215.0936825703075,1
Candidate C: Volatility Expansion Exposure Governor,icicibank_ns,2022-10-11,2022-10-25,6.201181797277182,4359.117931893213,1
Candidate C: Volatility Expansion Exposure Governor,icicibank_ns,2022-10-28,2022-11-11,-0.19312252398681368,-164.98260927535006,0
Candidate C: Volatility Expansion Exposure Governor,icicibank_ns,2022-11-15,2022-11-29,3.7925427585841693,3238.6793226937048,1
Candidate C: Volatility Expansion Exposure Governor,tcs_ns,2022-12-08,2022-12-22,-2.76014225378252,-2374.929152678827,0
Candidate C: Volatility Expansion Exposure Governor,tcs_ns,2022-12-23,2023-01-06,-0.5701309738959697,-487.85387404352963,0
Candidate D: Correlation Cluster Exposure Cap,reliance_ns,2003-08-13,2003-08-27,9.046431717602008,1809.2863435204017,1
Candidate D: Correlation Cluster Exposure Cap,infy_ns,2003-08-15,2003-08-29,14.846041729816035,2375.3666767705654,1
Candidate D: Correlation Cluster Exposure Cap,reliance_ns,2003-09-03,2003-09-17,-0.30725433291543813,-64.02237212755179,0
Candidate D: Correlation Cluster Exposure Cap,hdfcbank_ns,2003-09-18,2003-10-02,6.813201882550642,1418.789753488854,1
Candidate D: Correlation Cluster Exposure Cap,hdfcbank_ns,2003-10-23,2003-11-06,2.6508989354672217,559.5486743851353,1
Candidate D: Correlation Cluster Exposure Cap,hdfcbank_ns,2003-11-07,2003-11-21,-0.8031025236300348,-170.41669963902135,0
Candidate D: Correlation Cluster Exposure Cap,hdfcbank_ns,2003-11-21,2003-12-05,8.313539354687201,1761.2823779324654,1
Candidate D: Correlation Cluster Exposure Cap,reliance_ns,2003-11-28,2003-12-12,0.8221708410241515,139.34618719323896,1
Candidate D: Correlation Cluster Exposure Cap,reliance_ns,2003-12-12,2003-12-26,7.8638036295816,1695.895008925537,1
Candidate D: Correlation Cluster Exposure Cap,hdfcbank_ns,2004-01-22,2004-02-05,-2.78854569035932,-610.8313570558072,0
Candidate D: Correlation Cluster Exposure Cap,hdfcbank_ns,2004-02-25,2004-03-10,3.535285750800203,770.0859539403867,1
Candidate D: Correlation Cluster Exposure Cap,hdfcbank_ns,2004-03-15,2004-03-29,4.468066679266312,980.1538051123525,1
Candidate D: Correlation Cluster Exposure Cap,reliance_ns,2004-04-30,2004-05-14,-9.419425020051857,-2084.7916254811457,0
Candidate D: Correlation Cluster Exposure Cap,reliance_ns,2004-05-14,2004-05-28,-9.351568889315383,-2030.7809530338275,0
Candidate D: Correlation Cluster Exposure Cap,hdfcbank_ns,2004-05-14,2004-05-28,4.5556643360576885,791.4442140421422,1
Candidate D: Correlation Cluster Exposure Cap,reliance_ns,2004-05-28,2004-06-11,-0.28098925165428495,-50.115085454526245,0
Candidate D: Correlation Cluster Exposure Cap,reliance_ns,2004-06-11,2004-06-25,-0.07315428685843643,-15.697482120187283,0
Candidate D: Correlation Cluster Exposure Cap,reliance_ns,2004-06-25,2004-07-09,1.6405370652228874,351.97572927205334,1
Candidate D: Correlation Cluster Exposure Cap,reliance_ns,2004-07-14,2004-07-28,12.599180027369483,2712.011780971671,1
Candidate D: Correlation Cluster Exposure Cap,hdfcbank_ns,2004-07-19,2004-08-02,1.4780304217672058,254.52043118739942,1
Candidate D: Correlation Cluster Exposure Cap,reliance_ns,2004-11-25,2004-12-09,1.707348345571652,377.641726548683,1
Candidate D: Correlation Cluster Exposure Cap,hdfcbank_ns,2004-12-06,2004-12-20,3.273975220315576,579.3262555163517,1
Candidate D: Correlation Cluster Exposure Cap,hdfcbank_ns,2005-01-06,2005-01-20,5.34768930302732,1193.0696903956782,1
Candidate D: Correlation Cluster Exposure Cap,hdfcbank_ns,2005-01-24,2005-02-07,14.270710604330826,3217.8479924933395,1
Candidate D: Correlation Cluster Exposure Cap,hdfcbank_ns,2005-03-01,2005-03-15,2.7795053106225596,644.6280805814299,1
Candidate D: Correlation Cluster Exposure Cap,hdfcbank_ns,2005-03-17,2005-03-31,-4.8606629749053045,-1133.5607059705644,0
Candidate D: Correlation Cluster Exposure Cap,hdfcbank_ns,2005-03-31,2005-04-15,-1.2057053510641667,-278.45042720973413,0
Candidate D: Correlation Cluster Exposure Cap,hdfcbank_ns,2005-04-28,2005-05-12,-1.994010791102559,-459.39437937996144,0
Candidate D: Correlation Cluster Exposure Cap,reliance_ns,2005-06-10,2005-06-24,15.49248966083854,3555.035562535044,1
Candidate D: Correlation Cluster Exposure Cap,hdfcbank_ns,2005-06-15,2005-06-29,1.7168538276322167,315.1708496968117,1
Candidate D: Correlation Cluster Exposure Cap,hdfcbank_ns,2005-08-12,2005-08-26,-3.9105279525105416,-927.6113771206208,0
Candidate D: Correlation Cluster Exposure Cap,reliance_ns,2005-08-16,2005-08-30,1.0640492365602487,201.92141616400056,1
Candidate D: Correlation Cluster Exposure Cap,hdfcbank_ns,2005-08-26,2005-09-09,6.461634718252128,1275.5274179750593,1
Candidate D: Correlation Cluster Exposure Cap,reliance_ns,2005-09-01,2005-09-15,4.64009977164366,910.7463925557469,1
Candidate D: Correlation Cluster Exposure Cap,reliance_ns,2005-09-27,2005-10-11,0.05147247333921886,12.360079860938166,1
Candidate D: Correlation Cluster Exposure Cap,reliance_ns,2005-10-11,2005-10-25,-2.736283177719535,-657.1310464099682,0
Candidate D: Correlation Cluster Exposure Cap,icicibank_ns,2005-10-19,2005-11-02,0.32159990929667737,61.786963174653664,1
Candidate D: Correlation Cluster Exposure Cap,reliance_ns,2005-10-25,2005-11-08,2.9253239265705426,586.2806043503435,1
Candidate D: Correlation Cluster Exposure Cap,hdfcbank_ns,2005-10-25,2005-11-08,1.1148824641934718,178.75188698250622,1
Candidate D: Correlation Cluster Exposure Cap,icicibank_ns,2005-11-04,2005-11-18,7.7947102040247085,1300.2691966200007,1
Candidate D: Correlation Cluster Exposure Cap,reliance_ns,2005-11-08,2005-11-22,3.5979957629601538,628.59552118799,1
Candidate D: Correlation Cluster Exposure Cap,icicibank_ns,2005-11-18,2005-12-02,0.9798418871183167,203.95713479403162,1
Candidate D: Correlation Cluster Exposure Cap,tcs_ns,2005-11-22,2005-12-06,3.5578664121724253,592.4647630982412,1
Candidate D: Correlation Cluster Exposure Cap,icicibank_ns,2005-12-02,2005-12-16,7.728171072680433,1634.1615193758964,1
Candidate D: Correlation Cluster Exposure Cap,tcs_ns,2005-12-06,2005-12-20,8.92234555984556,1817.067270131109,1
Candidate D: Correlation Cluster Exposure Cap,reliance_ns,2005-12-15,2005-12-29,5.371715842086093,875.1751633585786,1
Candidate D: Correlation Cluster Exposure Cap,icicibank_ns,2005-12-16,2005-12-30,-0.3056054581433862,-53.75527216107001,0
Candidate D: Correlation Cluster Exposure Cap,tcs_ns,2005-12-20,2006-01-03,2.293082444422147,424.41043421972097,1
Candidate D: Correlation Cluster Exposure Cap,reliance_ns,2005-12-29,2006-01-12,-0.5266978589123616,-96.07035666277328,0
Candidate D: Correlation Cluster Exposure Cap,icicibank_ns,2005-12-30,2006-01-13,-0.22938327856309124,-41.51677381026198,0
Candidate D: Correlation Cluster Exposure Cap,tcs_ns,2006-01-03,2006-01-17,-6.381931103519317,-1165.7224472755058,0
Candidate D: Correlation Cluster Exposure Cap,reliance_ns,2006-01-12,2006-01-27,26.029229711348822,4748.147348595072,1
Candidate D: Correlation Cluster Exposure Cap,icicibank_ns,2006-01-13,2006-01-27,6.034287050017665,1098.532017418714,1
Candidate D: Correlation Cluster Exposure Cap,tcs_ns,2006-01-17,2006-01-31,2.8437106870474103,511.4106640859984,1
Candidate D: Correlation Cluster Exposure Cap,tcs_ns,2006-01-31,2006-02-14,-3.1518944612131157,-836.664865935462,0
Candidate D: Correlation Cluster Exposure Cap,icicibank_ns,2006-02-02,2006-02-16,3.0263109503277885,642.6631542886087,1
Candidate D: Correlation Cluster Exposure Cap,tcs_ns,2006-02-14,2006-02-28,5.028518390641276,1112.8272084648045,1
Candidate D: Correlation Cluster Exposure Cap,icicibank_ns,2006-02-17,2006-03-03,4.190511654247853,925.2633210938794,1
Candidate D: Correlation Cluster Exposure Cap,hdfcbank_ns,2006-02-17,2006-03-03,2.286004709084051,403.79915078279436,1
Candidate D: Correlation Cluster Exposure Cap,reliance_ns,2006-02-21,2006-03-07,4.927805172362493,696.3567610918249,1
Candidate D: Correlation Cluster Exposure Cap,tcs_ns,2006-02-28,2006-03-14,5.965334102875816,951.6837067925957,1
Candidate D: Correlation Cluster Exposure Cap,hdfcbank_ns,2006-03-03,2006-03-17,0.5486235656597915,115.08725445619855,1
Candidate D: Correlation Cluster Exposure Cap,icicibank_ns,2006-03-07,2006-03-21,-0.49910527511743547,-98.56066079441374,0
Candidate D: Correlation Cluster Exposure Cap,tcs_ns,2006-03-14,2006-03-28,4.630545255870313,888.0934786037888,1
Candidate D: Correlation Cluster Exposure Cap,icicibank_ns,2006-03-21,2006-04-04,2.5481703638228383,598.6037139619165,1
Candidate D: Correlation Cluster Exposure Cap,tcs_ns,2006-03-28,2006-04-12,-5.705145590966539,-1301.15158652489,0
Candidate D: Correlation Cluster Exposure Cap,icicibank_ns,2006-04-04,2006-04-18,-4.487704055066289,-1035.013944352024,0
Candidate D: Correlation Cluster Exposure Cap,tcs_ns,2006-04-12,2006-04-26,9.01778706915686,2051.7052046758427,1
Candidate D: Correlation Cluster Exposure Cap,icicibank_ns,2006-04-18,2006-05-02,5.9913115372559895,1354.4600166089986,1
Candidate D: Correlation Cluster Exposure Cap,tcs_ns,2006-05-03,2006-05-17,-0.7879796593548821,-219.36294110856022,0
Candidate D: Correlation Cluster Exposure Cap,tcs_ns,2006-05-17,2006-05-31,-11.631266978255002,-3232.8853818547286,0
Candidate D: Correlation Cluster Exposure Cap,hdfcbank_ns,2006-05-19,2006-06-02,-5.555797920779055,-1235.377567462228,0
Candidate D: Correlation Cluster Exposure Cap,reliance_ns,2006-05-26,2006-06-09,-3.7779194572726755,-672.0412823854892,0
Candidate D: Correlation Cluster Exposure Cap,tcs_ns,2006-05-31,2006-06-14,-16.825498689981323,-3220.957071416158,0
Candidate D: Correlation Cluster Exposure Cap,hdfcbank_ns,2006-06-02,2006-06-16,-4.041206999078449,-788.6308885316112,0
Candidate D: Correlation Cluster Exposure Cap,icicibank_ns,2006-06-05,2006-06-19,-6.941180157721602,-1083.6424021813812,0
Candidate D: Correlation Cluster Exposure Cap,reliance_ns,2006-06-09,2006-06-23,9.606507246627388,1528.6599766625127,1
Candidate D: Correlation Cluster Exposure Cap,tcs_ns,2006-06-15,2006-06-29,8.345345250755223,1328.1345198108188,1
Candidate D: Correlation Cluster Exposure Cap,hdfcbank_ns,2006-06-21,2006-07-05,13.813735638058633,2677.459726057847,1
Candidate D: Correlation Cluster Exposure Cap,tcs_ns,2006-06-30,2006-07-14,7.741314976310597,1737.3768719378925,1
Candidate D: Correlation Cluster Exposure Cap,icicibank_ns,2006-06-30,2006-07-14,-0.45971901162077666,-82.5394838808883,0
Candidate D: Correlation Cluster Exposure Cap,tcs_ns,2006-07-14,2006-07-28,-0.9778836871785337,-230.8933522590087,0
Candidate D: Correlation Cluster Exposure Cap,icicibank_ns,2006-07-17,2006-07-31,15.99225852257116,3592.4349125281287,1
Candidate D: Correlation Cluster Exposure Cap,hdfcbank_ns,2006-07-17,2006-07-31,12.319240815690033,2213.874706423198,1
Candidate D: Correlation Cluster Exposure Cap,reliance_ns,2006-07-25,2006-08-08,-1.1276174364254474,-162.11412754231387,0
Candidate D: Correlation Cluster Exposure Cap,tcs_ns,2006-07-28,2006-08-11,4.1645929110603825,673.7263917646494,1
Candidate D: Correlation Cluster Exposure Cap,tcs_ns,2006-08-11,2006-08-25,0.6524234162051499,185.3097789318996,1
Candidate D: Correlation Cluster Exposure Cap,icicibank_ns,2006-08-21,2006-09-04,4.673107804906068,1061.8534561975673,1
Candidate D: Correlation Cluster Exposure Cap,icicibank_ns,2006-09-04,2006-09-18,3.3044065683237402,946.8027732964989,1
Candidate D: Correlation Cluster Exposure Cap,tcs_ns,2006-09-11,2006-09-25,7.51346819171869,1722.251151341335,1
Candidate D: Correlation Cluster Exposure Cap,hdfcbank_ns,2006-09-11,2006-09-25,6.691891264621305,1227.1422082119673,1
Candidate D: Correlation Cluster Exposure Cap,icicibank_ns,2006-09-18,2006-10-03,8.350980823455297,1719.4758089070656,1
Candidate D: Correlation Cluster Exposure Cap,tcs_ns,2006-10-09,2006-10-23,7.724382507433663,2300.001849999703,1
Candidate D: Correlation Cluster Exposure Cap,icicibank_ns,2006-10-20,2006-11-03,4.162327280892732,991.4952230441166,1
Candidate D: Correlation Cluster Exposure Cap,tcs_ns,2006-10-23,2006-11-06,-1.9655264942085822,-500.6535725869401,0
Candidate D: Correlation Cluster Exposure Cap,tcs_ns,2006-11-06,2006-11-20,5.464510557860393,1657.6065749780003,1
Candidate D: Correlation Cluster Exposure Cap,tcs_ns,2006-12-08,2006-12-22,-1.9990693966963533,-613.0257625133563,0
Candidate D: Correlation Cluster Exposure Cap,icicibank_ns,2006-12-08,2006-12-22,-2.7010270802569702,-662.6279960786212,0
Candidate D: Correlation Cluster Exposure Cap,hdfcbank_ns,2006-12-11,2006-12-26,-0.2290501266825283,-44.95327797476462,0
Candidate D: Correlation Cluster Exposure Cap,tcs_ns,2006-12-22,2007-01-05,9.39542904075019,2039.867091820874,1
Candidate D: Correlation Cluster Exposure Cap,hdfcbank_ns,2007-01-09,2007-01-23,1.8230166057283288,561.6606398446958,1
Candidate D: Correlation Cluster Exposure Cap,tcs_ns,2007-01-17,2007-01-31,-2.0993331161364757,-517.4336986514917,0
Candidate D: Correlation Cluster Exposure Cap,tcs_ns,2007-02-01,2007-02-15,-0.03453224033617543,-10.642233628206878,0
Candidate D: Correlation Cluster Exposure Cap,hdfcbank_ns,2007-02-14,2007-02-28,-8.131480558562437,-2004.78428286134,0
Candidate D: Correlation Cluster Exposure Cap,tcs_ns,2007-02-28,2007-03-14,1.6376109426714494,423.8989517584976,1
Candidate D: Correlation Cluster Exposure Cap,hdfcbank_ns,2007-03-05,2007-03-19,-0.4161806628780982,-105.03620811591793,0
Candidate D: Correlation Cluster Exposure Cap,tcs_ns,2007-03-14,2007-03-28,-1.0836428906103988,-275.812290422086,0
Candidate D: Correlation Cluster Exposure Cap,hdfcbank_ns,2007-03-19,2007-04-02,-2.568606279990746,-652.1300113431689,0
Candidate D: Correlation Cluster Exposure Cap,tcs_ns,2007-03-28,2007-04-11,-0.9196691254195724,-233.1001060348354,0
Candidate D: Correlation Cluster Exposure Cap,hdfcbank_ns,2007-04-02,2007-04-16,8.111447202195667,2046.0424989862913,1
Candidate D: Correlation Cluster Exposure Cap,tcs_ns,2007-04-11,2007-04-25,2.535739828807301,639.054762002989,1
Candidate D: Correlation Cluster Exposure Cap,reliance_ns,2007-05-04,2007-05-18,7.229301575492666,2225.4503026916664,1
Candidate D: Correlation Cluster Exposure Cap,hdfcbank_ns,2007-05-07,2007-05-21,10.619132386649072,2615.173943143247,1
Candidate D: Correlation Cluster Exposure Cap,infy_ns,2007-05-08,2007-05-22,-2.820495692346111,-555.682824005089,0
Candidate D: Correlation Cluster Exposure Cap,tcs_ns,2007-05-10,2007-05-24,-0.4523319828202184,-71.29331607446147,0
Candidate D: Correlation Cluster Exposure Cap,reliance_ns,2007-05-18,2007-06-01,3.0571681552062833,587.3084645294206,1
Candidate D: Correlation Cluster Exposure Cap,infy_ns,2007-05-22,2007-06-05,-0.23226653672587327,-57.24513390154334,0
Candidate D: Correlation Cluster Exposure Cap,hdfcbank_ns,2007-05-22,2007-06-05,3.938675333656864,776.5905499714695,1
Candidate D: Correlation Cluster Exposure Cap,tcs_ns,2007-05-24,2007-06-07,-1.4985507246376812,-283.4004715258565,0
Candidate D: Correlation Cluster Exposure Cap,infy_ns,2007-06-05,2007-06-19,0.6392406720048768,153.4609583757121,1
Candidate D: Correlation Cluster Exposure Cap,reliance_ns,2007-06-06,2007-06-20,2.411376243093138,561.9503505388152,1
Candidate D: Correlation Cluster Exposure Cap,tcs_ns,2007-06-07,2007-06-21,-5.134451068919259,-1148.5230218308225,0
Candidate D: Correlation Cluster Exposure Cap,icicibank_ns,2007-06-18,2007-07-02,3.3714198166502265,603.3210909916377,1
Candidate D: Correlation Cluster Exposure Cap,infy_ns,2007-06-19,2007-07-03,-0.5199658239306354,-99.56396364162512,0
Candidate D: Correlation Cluster Exposure Cap,hdfcbank_ns,2007-06-20,2007-07-04,4.556576811508766,915.496318540884,1
Candidate D: Correlation Cluster Exposure Cap,reliance_ns,2007-06-21,2007-07-05,-1.4619248595066665,-297.0264591265365,0
Candidate D: Correlation Cluster Exposure Cap,tcs_ns,2007-06-22,2007-07-06,1.5896091062026223,258.3749560808451,1
Candidate D: Correlation Cluster Exposure Cap,infy_ns,2007-07-03,2007-07-17,-0.5042236051787047,-103.42943989092504,0
Candidate D: Correlation Cluster Exposure Cap,hdfcbank_ns,2007-07-04,2007-07-18,4.232020800086985,872.2847218131465,1
Candidate D: Correlation Cluster Exposure Cap,reliance_ns,2007-07-05,2007-07-19,10.644414358800738,2181.3945541946887,1
Candidate D: Correlation Cluster Exposure Cap,tcs_ns,2007-07-06,2007-07-20,1.4380571904116675,283.2560600404083,1
Candidate D: Correlation Cluster Exposure Cap,infy_ns,2007-07-17,2007-07-31,1.8705784768108917,371.1142492036316,1
Candidate D: Correlation Cluster Exposure Cap,reliance_ns,2007-07-19,2007-08-02,-4.9212938325552456,-1215.7241928336866,0
Candidate D: Correlation Cluster Exposure Cap,tcs_ns,2007-07-25,2007-08-08,0.33301903752625706,79.12117426224603,1
Candidate D: Correlation Cluster Exposure Cap,infy_ns,2007-07-31,2007-08-14,-1.081978130274314,-249.38660030595304,0
Candidate D: Correlation Cluster Exposure Cap,reliance_ns,2007-08-02,2007-08-16,-3.463914206379949,-801.4400169884151,0
Candidate D: Correlation Cluster Exposure Cap,tcs_ns,2007-08-08,2007-08-22,-11.037038337556087,-2569.0959175256003,0
Candidate D: Correlation Cluster Exposure Cap,infy_ns,2007-08-14,2007-08-28,-3.891283034879934,-902.0609804758664,0
Candidate D: Correlation Cluster Exposure Cap,reliance_ns,2007-08-16,2007-08-30,9.892986445574095,2276.6081022909016,1
Candidate D: Correlation Cluster Exposure Cap,icicibank_ns,2007-08-16,2007-08-30,4.862516366891474,895.1832063483514,1
Candidate D: Correlation Cluster Exposure Cap,tcs_ns,2007-08-22,2007-09-05,4.475463017003578,844.4970164074881,1
Candidate D: Correlation Cluster Exposure Cap,reliance_ns,2007-08-30,2007-09-13,5.98500185348587,1472.8662360031938,1
Candidate D: Correlation Cluster Exposure Cap,infy_ns,2007-09-03,2007-09-17,-3.0501370416622793,-718.2597125191289,0
Candidate D: Correlation Cluster Exposure Cap,tcs_ns,2007-09-05,2007-09-19,-4.645079863936022,-1058.22118379464,0
Candidate D: Correlation Cluster Exposure Cap,reliance_ns,2007-09-13,2007-09-27,14.285614603532318,3348.786683260553,1
Candidate D: Correlation Cluster Exposure Cap,infy_ns,2007-09-17,2007-10-01,5.518464598595786,1286.8713149159357,1
Candidate D: Correlation Cluster Exposure Cap,tcs_ns,2007-09-19,2007-10-03,5.435742541113642,1250.229683468484,1
Candidate D: Correlation Cluster Exposure Cap,infy_ns,2007-10-01,2007-10-15,1.127675938440966,323.41149527885364,1
Candidate D: Correlation Cluster Exposure Cap,tcs_ns,2007-10-03,2007-10-17,1.3855310138012304,385.0897180478464,1
Candidate D: Correlation Cluster Exposure Cap,infy_ns,2007-10-16,2007-10-30,-0.7006791095299741,-196.43889873922282,0
Candidate D: Correlation Cluster Exposure Cap,tcs_ns,2007-10-18,2007-11-01,-9.014683008205328,-2529.8941487406105,0
Candidate D: Correlation Cluster Exposure Cap,hdfcbank_ns,2007-10-19,2007-11-02,29.514022881874848,6626.2876888017545,1
Candidate D: Correlation Cluster Exposure Cap,infy_ns,2007-10-31,2007-11-14,-7.094287106565801,-1669.2054722187565,0
Candidate D: Correlation Cluster Exposure Cap,tcs_ns,2007-11-01,2007-11-15,-4.236359523891769,-1013.7585381993908,0
Candidate D: Correlation Cluster Exposure Cap,tcs_ns,2007-11-15,2007-11-29,-1.4928636222938845,-506.29944537773264,0
Candidate D: Correlation Cluster Exposure Cap,infy_ns,2007-11-15,2007-11-29,-4.907040091793196,-1331.364306729478,0
Candidate D: Correlation Cluster Exposure Cap,hdfcbank_ns,2007-11-26,2007-12-10,2.6626061260412044,577.9286401216395,1
Candidate D: Correlation Cluster Exposure Cap,tcs_ns,2007-11-29,2007-12-13,6.525044107622787,1569.0101237062997,1
Candidate D: Correlation Cluster Exposure Cap,infy_ns,2007-11-29,2007-12-13,5.861858426944588,1430.1086049849616,1
Candidate D: Correlation Cluster Exposure Cap,reliance_ns,2007-12-11,2007-12-26,0.32581595913118705,78.1115674400555,1
Candidate D: Correlation Cluster Exposure Cap,tcs_ns,2007-12-14,2007-12-28,3.9608731277184663,1167.1781045845505,1
Candidate D: Correlation Cluster Exposure Cap,infy_ns,2007-12-17,2007-12-31,8.90603016531177,2099.52161001614,1
Candidate D: Correlation Cluster Exposure Cap,tcs_ns,2007-12-28,2008-01-11,-8.58429028492247,-2557.839624569116,0
Candidate D: Correlation Cluster Exposure Cap,infy_ns,2008-01-03,2008-01-17,-12.837261528806964,-3719.228985650443,0
Candidate D: Correlation Cluster Exposure Cap,reliance_ns,2008-01-04,2008-01-18,-6.508516072425051,-1508.5249498619312,0
Candidate D: Correlation Cluster Exposure Cap,tcs_ns,2008-01-11,2008-01-25,-10.668585440955338,-2559.3883078514286,0
Candidate D: Correlation Cluster Exposure Cap,infy_ns,2008-01-17,2008-01-31,0.5300925429570125,128.50790496053855,1
Candidate D: Correlation Cluster Exposure Cap,tcs_ns,2008-01-25,2008-02-08,1.509252677412148,422.8017806525482,1
Candidate D: Correlation Cluster Exposure Cap,hdfcbank_ns,2008-01-25,2008-02-08,-10.396401052713664,-2329.9567756950246,0
Candidate D: Correlation Cluster Exposure Cap,infy_ns,2008-02-01,2008-02-15,-1.8802616106315235,-428.759038642409,0
Candidate D: Correlation Cluster Exposure Cap,tcs_ns,2008-02-08,2008-02-22,0.18919059871111468,45.273090423023376,1
Candidate D: Correlation Cluster Exposure Cap,hdfcbank_ns,2008-02-08,2008-02-22,2.192357706336235,507.7533964216927,1
Candidate D: Correlation Cluster Exposure Cap,tcs_ns,2008-02-22,2008-03-07,-6.087728514157371,-1412.1967531229725,0
Candidate D: Correlation Cluster Exposure Cap,infy_ns,2008-02-21,2008-03-07,-12.14803041951145,-2794.411708352494,0
Candidate D: Correlation Cluster Exposure Cap,hdfcbank_ns,2008-02-25,2008-03-10,-7.800656876500456,-1816.8921637300152,0
Candidate D: Correlation Cluster Exposure Cap,tcs_ns,2008-03-07,2008-03-24,-2.7018686466346233,-621.1668836384013,0
Candidate D: Correlation Cluster Exposure Cap,icicibank_ns,2008-03-07,2008-03-24,-10.253089485637451,-2300.1712985940662,0
Candidate D: Correlation Cluster Exposure Cap,hdfcbank_ns,2008-03-10,2008-03-24,2.2668041799892635,504.1842652634572,1
Candidate D: Correlation Cluster Exposure Cap,infy_ns,2008-03-11,2008-03-25,4.571383204250975,813.4163515028997,1
Candidate D: Correlation Cluster Exposure Cap,tcs_ns,2008-03-24,2008-04-07,9.705950249642454,1815.8617678508972,1
Candidate D: Correlation Cluster Exposure Cap,icicibank_ns,2008-03-24,2008-04-07,1.0838207363054668,205.85821018890206,1
Candidate D: Correlation Cluster Exposure Cap,hdfcbank_ns,2008-03-24,2008-04-07,-2.9176362101894457,-576.0654557743304,0
Candidate D: Correlation Cluster Exposure Cap,infy_ns,2008-03-26,2008-04-09,-1.3531192933451774,-264.08581626285076,0
Candidate D: Correlation Cluster Exposure Cap,reliance_ns,2008-04-02,2008-04-16,12.699914120620793,1982.895198380226,1
Candidate D: Correlation Cluster Exposure Cap,tcs_ns,2008-04-07,2008-04-21,9.822293022225278,1630.0767922621967,1
Candidate D: Correlation Cluster Exposure Cap,hdfcbank_ns,2008-04-07,2008-04-21,12.016237188833196,2517.4145538004777,1
Candidate D: Correlation Cluster Exposure Cap,infy_ns,2008-04-09,2008-04-23,11.296059362820909,2328.18921134867,1
Candidate D: Correlation Cluster Exposure Cap,tcs_ns,2008-04-21,2008-05-05,-6.6854978438628105,-1581.3159633878645,0
Candidate D: Correlation Cluster Exposure Cap,infy_ns,2008-04-23,2008-05-07,11.849752966776459,3342.0581838851913,1
Candidate D: Correlation Cluster Exposure Cap,hdfcbank_ns,2008-04-24,2008-05-08,4.505472723670682,1016.5647861610253,1
Candidate D: Correlation Cluster Exposure Cap,tcs_ns,2008-05-05,2008-05-20,3.0375667712886476,682.3782305735133,1
Candidate D: Correlation Cluster Exposure Cap,infy_ns,2008-05-07,2008-05-21,1.3862578775778056,336.59506061228933,1
Candidate D: Correlation Cluster Exposure Cap,hdfcbank_ns,2008-05-08,2008-05-22,-8.306555942702989,-2005.2493578379635,0
Candidate D: Correlation Cluster Exposure Cap,tcs_ns,2008-05-20,2008-06-03,1.9414783275715615,464.82587839834497,1
Candidate D: Correlation Cluster Exposure Cap,infy_ns,2008-05-22,2008-06-05,6.165870624007132,1484.554764733334,1
Candidate D: Correlation Cluster Exposure Cap,reliance_ns,2008-05-22,2008-06-05,-14.484623468124234,-2789.9666530463005,0
Candidate D: Correlation Cluster Exposure Cap,icicibank_ns,2008-05-23,2008-06-06,-10.792256072261011,-2140.786764889117,0
Candidate D: Correlation Cluster Exposure Cap,hdfcbank_ns,2008-05-23,2008-06-06,-10.833597041263786,-1719.1898343991406,0
Candidate D: Correlation Cluster Exposure Cap,tcs_ns,2008-06-03,2008-06-17,-5.5694698513312195,-978.9224550957069,0
Candidate D: Correlation Cluster Exposure Cap,hdfcbank_ns,2008-06-06,2008-06-20,-10.933439893316619,-3152.873144124556,0
Candidate D: Correlation Cluster Exposure Cap,reliance_ns,2008-06-09,2008-06-23,-6.381505270205076,-1472.186377340795,0
Candidate D: Correlation Cluster Exposure Cap,tcs_ns,2008-06-17,2008-07-01,-8.03471470453068,-1749.574786528316,0
Candidate D: Correlation Cluster Exposure Cap,hdfcbank_ns,2008-06-20,2008-07-04,-8.96427356421842,-2022.069032256639,0
Candidate D: Correlation Cluster Exposure Cap,icicibank_ns,2008-06-24,2008-07-08,-15.515494535732884,-3470.0495407257,0
Candidate D: Correlation Cluster Exposure Cap,infy_ns,2008-06-25,2008-07-09,4.250125913946213,760.4345419606085,1
Candidate D: Correlation Cluster Exposure Cap,tcs_ns,2008-07-01,2008-07-15,-11.49289977612763,-2105.356947861254,0
Candidate D: Correlation Cluster Exposure Cap,hdfcbank_ns,2008-07-04,2008-07-18,3.3672630326656767,631.7655844867945,1
Candidate D: Correlation Cluster Exposure Cap,icicibank_ns,2008-07-09,2008-07-23,18.759964253273274,4224.573432163703,1
Candidate D: Correlation Cluster Exposure Cap,infy_ns,2008-07-11,2008-07-25,-7.5722502330426655,-1364.1615399400714,0
Candidate D: Correlation Cluster Exposure Cap,tcs_ns,2008-07-15,2008-07-29,7.712717099031193,1361.672434829899,1
Candidate D: Correlation Cluster Exposure Cap,reliance_ns,2008-07-15,2008-07-29,5.292733338428595,747.541391632137,1
Candidate D: Correlation Cluster Exposure Cap,hdfcbank_ns,2008-07-18,2008-08-01,7.0803190893873005,1074.6428188803561,1
Candidate D: Correlation Cluster Exposure Cap,tcs_ns,2008-07-29,2008-08-12,1.2226172994280826,301.06436235810617,1
Candidate D: Correlation Cluster Exposure Cap,icicibank_ns,2008-07-29,2008-08-12,21.816635050983745,4946.694087041032,1
Candidate D: Correlation Cluster Exposure Cap,infy_ns,2008-08-01,2008-08-18,3.9066669513447643,708.6367357053759,1
Candidate D: Correlation Cluster Exposure Cap,hdfcbank_ns,2008-08-01,2008-08-18,8.539947548343708,1516.8515928800284,1
Candidate D: Correlation Cluster Exposure Cap,reliance_ns,2008-08-05,2008-08-19,-2.528930725418081,-359.3476496119832,0
Candidate D: Correlation Cluster Exposure Cap,tcs_ns,2008-08-12,2008-08-26,1.7556256086752844,287.09226908174793,1
Candidate D: Correlation Cluster Exposure Cap,infy_ns,2008-08-18,2008-09-01,1.0613092074328705,237.47699596709077,1
Candidate D: Correlation Cluster Exposure Cap,hdfcbank_ns,2008-08-18,2008-09-01,7.818605966299826,1701.0488130226775,1
Candidate D: Correlation Cluster Exposure Cap,icicibank_ns,2008-08-21,2008-09-04,11.277257054834394,2275.204774851654,1
Candidate D: Correlation Cluster Exposure Cap,reliance_ns,2008-08-25,2008-09-08,-4.474309351204203,-722.1592946245172,0
Candidate D: Correlation Cluster Exposure Cap,tcs_ns,2008-08-26,2008-09-09,3.634985966048484,590.323990955862,1
Candidate D: Correlation Cluster Exposure Cap,infy_ns,2008-09-01,2008-09-15,-8.468583258354268,-1483.2483160134095,0
Candidate D: Correlation Cluster Exposure Cap,hdfcbank_ns,2008-09-01,2008-09-15,-7.355908000186637,-1375.795099140468,0
Candidate D: Correlation Cluster Exposure Cap,reliance_ns,2008-09-08,2008-09-22,-4.459013129451242,-1004.8957074452054,0
Candidate D: Correlation Cluster Exposure Cap,tcs_ns,2008-09-15,2008-09-29,-18.526160939906127,-3963.6909755561824,0
Candidate D: Correlation Cluster Exposure Cap,hdfcbank_ns,2008-09-15,2008-09-29,-0.3033157626059993,-72.15235706921976,0
Candidate D: Correlation Cluster Exposure Cap,icicibank_ns,2008-09-23,2008-10-07,-19.08412188683312,-4453.579916323349,0
Candidate D: Correlation Cluster Exposure Cap,tcs_ns,2008-09-29,2008-10-13,-7.651040226105721,-1695.1292812797674,0
Candidate D: Correlation Cluster Exposure Cap,infy_ns,2008-09-29,2008-10-13,-5.412278215868807,-959.2955740421236,0
Candidate D: Correlation Cluster Exposure Cap,hdfcbank_ns,2008-09-29,2008-10-13,-2.323202209362249,-439.6123291850586,0
Candidate D: Correlation Cluster Exposure Cap,icicibank_ns,2008-10-07,2008-10-21,-11.177308663914669,-2114.1599570852404,0
Candidate D: Correlation Cluster Exposure Cap,reliance_ns,2008-10-10,2008-10-24,-33.29469488640584,-5038.086561174516,0
Candidate D: Correlation Cluster Exposure Cap,hdfcbank_ns,2008-10-13,2008-10-27,-20.56315748447797,-4780.351065483985,0
Candidate D: Correlation Cluster Exposure Cap,tcs_ns,2008-10-14,2008-10-29,-8.802163545381497,-1637.002757557665,0
Candidate D: Correlation Cluster Exposure Cap,icicibank_ns,2008-10-23,2008-11-06,18.420815960669362,3359.644282827973,1
Candidate D: Correlation Cluster Exposure Cap,reliance_ns,2008-10-24,2008-11-07,19.680199482142626,3268.760153783228,1
Candidate D: Correlation Cluster Exposure Cap,hdfcbank_ns,2008-10-27,2008-11-10,18.003819300297067,3057.20531616447,1
Candidate D: Correlation Cluster Exposure Cap,tcs_ns,2008-10-29,2008-11-12,-1.1404240995423829,-193.60800343386333,0
Candidate D: Correlation Cluster Exposure Cap,infy_ns,2008-10-29,2008-11-12,-3.4906083675277144,-474.07606842244707,0
Candidate D: Correlation Cluster Exposure Cap,hdfcbank_ns,2008-11-10,2008-11-24,-24.712865549162874,-5725.479917542978,0
Candidate D: Correlation Cluster Exposure Cap,tcs_ns,2008-11-12,2008-11-26,-1.4420895234739446,-315.6886446214698,0
Candidate D: Correlation Cluster Exposure Cap,reliance_ns,2008-11-12,2008-11-26,-2.0538163606132755,-413.5220705897986,0
Candidate D: Correlation Cluster Exposure Cap,icicibank_ns,2008-11-20,2008-12-04,12.55003380299681,2021.4917219327401,1
Candidate D: Correlation Cluster Exposure Cap,hdfcbank_ns,2008-11-24,2008-12-08,8.256059686137524,1351.8864233966906,1
Candidate D: Correlation Cluster Exposure Cap,tcs_ns,2008-11-26,2008-12-10,2.5271495466017786,440.0943416161259,1
Candidate D: Correlation Cluster Exposure Cap,reliance_ns,2008-11-26,2008-12-10,7.699220418624518,1376.30368221343,1
Candidate D: Correlation Cluster Exposure Cap,infy_ns,2008-12-02,2008-12-16,-6.960924275389662,-995.461378261379,0
Candidate D: Correlation Cluster Exposure Cap,icicibank_ns,2008-12-04,2008-12-18,29.60550172267647,4460.470267574667,1
Candidate D: Correlation Cluster Exposure Cap,hdfcbank_ns,2008-12-08,2008-12-22,13.361993335579669,2084.2514258699257,1
Candidate D: Correlation Cluster Exposure Cap,tcs_ns,2008-12-10,2008-12-24,-11.66972928896777,-1872.948982448455,0
Candidate D: Correlation Cluster Exposure Cap,reliance_ns,2008-12-10,2008-12-24,1.1553926570851363,192.83671718855277,1
Candidate D: Correlation Cluster Exposure Cap,infy_ns,2008-12-16,2008-12-30,0.22546456824683037,36.10401472136168,1
Candidate D: Correlation Cluster Exposure Cap,hdfcbank_ns,2008-12-22,2009-01-05,2.462248624180814,498.6649186590792,1
Candidate D: Correlation Cluster Exposure Cap,tcs_ns,2008-12-24,2009-01-07,5.520776793798884,1051.0053382702445,1
Candidate D: Correlation Cluster Exposure Cap,infy_ns,2008-12-30,2009-01-13,8.833755016500975,1927.1957243922498,1
Candidate D: Correlation Cluster Exposure Cap,hdfcbank_ns,2009-01-05,2009-01-19,-9.910025561868608,-2140.885790759393,0
Candidate D: Correlation Cluster Exposure Cap,tcs_ns,2009-01-07,2009-01-21,-2.524990154937167,-537.8289893043691,0
Candidate D: Correlation Cluster Exposure Cap,reliance_ns,2009-01-09,2009-01-23,0.20133035211839095,34.30708023455924,1
Candidate D: Correlation Cluster Exposure Cap,icicibank_ns,2009-01-12,2009-01-27,-13.034368707246157,-1776.8652499385332,0
Candidate D: Correlation Cluster Exposure Cap,hdfcbank_ns,2009-01-19,2009-02-02,-5.615166115046827,-1097.5900900538218,0
Candidate D: Correlation Cluster Exposure Cap,tcs_ns,2009-01-21,2009-02-04,1.2392202433149269,245.24157208363516,1
Candidate D: Correlation Cluster Exposure Cap,reliance_ns,2009-01-23,2009-02-06,16.263259736645495,3130.172137859046,1
Candidate D: Correlation Cluster Exposure Cap,infy_ns,2009-01-27,2009-02-10,4.44420173316254,684.2965882823493,1
Candidate D: Correlation Cluster Exposure Cap,icicibank_ns,2009-01-27,2009-02-10,12.43391963508872,1826.4270445027114,1
Candidate D: Correlation Cluster Exposure Cap,hdfcbank_ns,2009-02-02,2009-02-16,2.7898011944848244,430.77639234948316,1
Candidate D: Correlation Cluster Exposure Cap,tcs_ns,2009-02-04,2009-02-18,-3.6378961432916745,-595.1575516148761,0
Candidate D: Correlation Cluster Exposure Cap,reliance_ns,2009-02-06,2009-02-20,-6.846614367569279,-1202.4957557343278,0
Candidate D: Correlation Cluster Exposure Cap,infy_ns,2009-02-10,2009-02-24,-9.434633774608239,-1629.0831938198442,0
Candidate D: Correlation Cluster Exposure Cap,hdfcbank_ns,2009-02-16,2009-03-02,-7.513848897997175,-1524.6440663579099,0
Candidate D: Correlation Cluster Exposure Cap,icicibank_ns,2009-02-17,2009-03-03,-23.39844766845647,-3798.245600515842,0
Candidate D: Correlation Cluster Exposure Cap,tcs_ns,2009-02-18,2009-03-04,-4.249669724581952,-685.8657823942598,0
Candidate D: Correlation Cluster Exposure Cap,reliance_ns,2009-02-20,2009-03-06,-6.708550303496909,-1085.6843839624353,0
Candidate D: Correlation Cluster Exposure Cap,infy_ns,2009-03-02,2009-03-16,5.586817378093414,898.0511272292817,1
Candidate D: Correlation Cluster Exposure Cap,hdfcbank_ns,2009-03-02,2009-03-16,-0.1504571186437161,-24.995243826228684,0
Candidate D: Correlation Cluster Exposure Cap,icicibank_ns,2009-03-03,2009-03-17,9.349900479436227,1475.1548463777524,1
Candidate D: Correlation Cluster Exposure Cap,tcs_ns,2009-03-04,2009-03-18,9.629232934971418,1512.9895135576135,1
Candidate D: Correlation Cluster Exposure Cap,reliance_ns,2009-03-06,2009-03-20,14.414084640287964,2247.091020090841,1
Candidate D: Correlation Cluster Exposure Cap,infy_ns,2009-03-16,2009-03-30,0.9977752359365584,158.30845727741735,1
Candidate D: Correlation Cluster Exposure Cap,hdfcbank_ns,2009-03-16,2009-03-30,11.857403524304342,1898.4284113700612,1
Candidate D: Correlation Cluster Exposure Cap,tcs_ns,2009-03-18,2009-04-01,7.735871835232261,1524.272954779895,1
Candidate D: Correlation Cluster Exposure Cap,reliance_ns,2009-03-20,2009-04-06,24.75837826119985,4785.917048703913,1
Candidate D: Correlation Cluster Exposure Cap,icicibank_ns,2009-03-26,2009-04-09,6.012819762631548,929.8462543602012,1
Candidate D: Correlation Cluster Exposure Cap,infy_ns,2009-03-31,2009-04-15,3.4756892767977243,665.8791886427509,1
Candidate D: Correlation Cluster Exposure Cap,tcs_ns,2009-04-06,2009-04-20,-3.180168023348699,-622.4288140586207,0
Candidate D: Correlation Cluster Exposure Cap,hdfcbank_ns,2009-04-06,2009-04-20,0.22707622734025393,46.50757656458941,1
Candidate D: Correlation Cluster Exposure Cap,infy_ns,2009-04-15,2009-04-29,10.060951544604515,2377.2515068486796,1
Candidate D: Correlation Cluster Exposure Cap,tcs_ns,2009-04-20,2009-05-04,18.643889461357706,4230.811342638172,1
Candidate D: Correlation Cluster Exposure Cap,hdfcbank_ns,2009-04-28,2009-05-12,11.461712460829819,2551.343993221198,1
Candidate D: Correlation Cluster Exposure Cap,infy_ns,2009-04-29,2009-05-13,4.23475078325586,974.3703232350625,1
Candidate D: Correlation Cluster Exposure Cap,tcs_ns,2009-05-05,2009-05-19,2.8287442396313365,673.0104892785322,1
Candidate D: Correlation Cluster Exposure Cap,hdfcbank_ns,2009-05-12,2009-05-26,11.71522418152355,2811.14865711242,1
Candidate D: Correlation Cluster Exposure Cap,infy_ns,2009-05-13,2009-05-27,0.8517423454283992,204.36031344614884,1
Candidate D: Correlation Cluster Exposure Cap,tcs_ns,2009-05-19,2009-06-02,3.680869727510265,886.6308904546413,1
Candidate D: Correlation Cluster Exposure Cap,infy_ns,2009-05-27,2009-06-10,13.836578472535813,4077.7657761004093,1
Candidate D: Correlation Cluster Exposure Cap,tcs_ns,2009-06-02,2009-06-16,11.969893889754916,3419.985754633879,1
Candidate D: Correlation Cluster Exposure Cap,infy_ns,2009-06-11,2009-06-25,0.4152302823620715,122.77107820118286,1
Candidate D: Correlation Cluster Exposure Cap,tcs_ns,2009-06-23,2009-07-07,6.0835743554789765,1828.2295769549637,1
Candidate D: Correlation Cluster Exposure Cap,infy_ns,2009-06-25,2009-07-09,-4.6835713106518435,-1404.1098549490907,0
Candidate D: Correlation Cluster Exposure Cap,reliance_ns,2009-08-12,2009-08-26,2.4328084274398205,877.6276989619081,1
Candidate D: Correlation Cluster Exposure Cap,tcs_ns,2009-08-18,2009-09-01,3.495444253708334,1008.7760836836558,1
Candidate D: Correlation Cluster Exposure Cap,reliance_ns,2009-08-26,2009-09-09,6.235612907371752,1900.505774797031,1
Candidate D: Correlation Cluster Exposure Cap,reliance_ns,2009-09-09,2009-09-23,-3.126697918268722,-1151.6271122260346,0
Candidate D: Correlation Cluster Exposure Cap,reliance_ns,2009-09-24,2009-10-08,0.8396285523320085,307.31857628518003,1
Candidate D: Correlation Cluster Exposure Cap,tcs_ns,2009-10-07,2009-10-21,6.89261023333749,2018.2516737094898,1
Candidate D: Correlation Cluster Exposure Cap,reliance_ns,2009-10-08,2009-10-22,0.6832460110712405,210.48703133874636,1
Candidate D: Correlation Cluster Exposure Cap,reliance_ns,2009-10-22,2009-11-05,-9.133597918202744,-3389.3815103834927,0
Candidate D: Correlation Cluster Exposure Cap,tcs_ns,2009-11-09,2009-11-23,11.401513544463192,4153.692835520451,1
Candidate D: Correlation Cluster Exposure Cap,reliance_ns,2009-11-11,2009-11-25,3.765497446305214,1097.4486644351862,1
Candidate D: Correlation Cluster Exposure Cap,reliance_ns,2009-12-04,2009-12-18,-7.465440869585003,-2798.1438049363232,0
Candidate D: Correlation Cluster Exposure Cap,reliance_ns,2009-12-18,2010-01-04,6.680122370764888,2466.4123872660057,1
Candidate D: Correlation Cluster Exposure Cap,reliance_ns,2010-01-04,2010-01-18,2.180409161212005,815.7989372197213,1
Candidate D: Correlation Cluster Exposure Cap,tcs_ns,2010-01-07,2010-01-21,7.819803062522586,2340.620151908514,1
Candidate D: Correlation Cluster Exposure Cap,reliance_ns,2010-01-19,2010-02-02,-5.365315360183647,-1694.9951624740959,0
Candidate D: Correlation Cluster Exposure Cap,reliance_ns,2010-02-02,2010-02-16,-0.979156000499825,-369.2126249697333,0
Candidate D: Correlation Cluster Exposure Cap,reliance_ns,2010-02-18,2010-03-04,1.572760631063317,591.8831341499392,1
Candidate D: Correlation Cluster Exposure Cap,reliance_ns,2010-03-04,2010-03-18,6.154983524524079,2323.614985163668,1
Candidate D: Correlation Cluster Exposure Cap,tcs_ns,2010-03-09,2010-03-23,7.744983250864015,2339.094370582027,1
Candidate D: Correlation Cluster Exposure Cap,reliance_ns,2010-04-07,2010-04-21,-6.738694604177366,-2606.8173755484586,0
Candidate D: Correlation Cluster Exposure Cap,reliance_ns,2010-04-21,2010-05-05,-3.221734780507316,-1229.5088568754666,0
Candidate D: Correlation Cluster Exposure Cap,reliance_ns,2010-05-05,2010-05-19,-2.204408803191519,-835.8466282666793,0
Candidate D: Correlation Cluster Exposure Cap,infy_ns,2010-05-07,2010-05-21,-1.3906403232207736,-421.83174867126775,0
Candidate D: Correlation Cluster Exposure Cap,icicibank_ns,2010-05-10,2010-05-24,-9.805447294757782,-2379.4788111835696,0
Candidate D: Correlation Cluster Exposure Cap,reliance_ns,2010-05-19,2010-06-02,1.191053407426797,319.55683156589663,1
Candidate D: Correlation Cluster Exposure Cap,icicibank_ns,2010-05-28,2010-06-11,-2.217170944306732,-705.5849049983798,0
Candidate D: Correlation Cluster Exposure Cap,reliance_ns,2010-06-02,2010-06-16,4.586422271257664,1416.6903906542364,1
Candidate D: Correlation Cluster Exposure Cap,reliance_ns,2010-06-16,2010-06-30,2.9637600787656004,1108.3201251526737,1
Candidate D: Correlation Cluster Exposure Cap,icicibank_ns,2010-06-16,2010-06-30,-1.765705481574962,-528.2389581647908,0
Candidate D: Correlation Cluster Exposure Cap,hdfcbank_ns,2010-06-23,2010-07-07,-3.1228864391868454,-747.4090311512593,0
Candidate D: Correlation Cluster Exposure Cap,reliance_ns,2010-06-30,2010-07-14,-1.8291757610777968,-491.08674774788943,0
Candidate D: Correlation Cluster Exposure Cap,icicibank_ns,2010-06-30,2010-07-14,3.377552513200615,923.9503661797249,1
Candidate D: Correlation Cluster Exposure Cap,tcs_ns,2010-07-01,2010-07-15,6.790836830347613,1486.1403105459315,1
Candidate D: Correlation Cluster Exposure Cap,reliance_ns,2010-07-14,2010-07-28,-4.643899732959969,-1273.1733313163604,0
Candidate D: Correlation Cluster Exposure Cap,icicibank_ns,2010-07-14,2010-07-28,1.923765281698516,530.7426857216037,1
Candidate D: Correlation Cluster Exposure Cap,infy_ns,2010-07-15,2010-07-29,2.6139015503583813,699.0911702805627,1
Candidate D: Correlation Cluster Exposure Cap,icicibank_ns,2010-07-28,2010-08-11,6.878370249076459,2218.1759324613577,1
Candidate D: Correlation Cluster Exposure Cap,infy_ns,2010-07-29,2010-08-12,-2.182598989778348,-682.8849677871586,0
Candidate D: Correlation Cluster Exposure Cap,reliance_ns,2010-08-02,2010-08-16,-3.7591489250968135,-940.9209129644344,0
Candidate D: Correlation Cluster Exposure Cap,tcs_ns,2010-08-12,2010-08-26,2.649450755117402,713.1652501662708,1
Candidate D: Correlation Cluster Exposure Cap,infy_ns,2010-08-12,2010-08-26,-0.30413942827577645,-84.10958448663257,0
Candidate D: Correlation Cluster Exposure Cap,icicibank_ns,2010-08-17,2010-08-31,1.909599809345501,514.4805906495317,1
Candidate D: Correlation Cluster Exposure Cap,reliance_ns,2010-08-19,2010-09-02,-4.115710960126507,-887.0773427378484,0
Candidate D: Correlation Cluster Exposure Cap,infy_ns,2010-08-26,2010-09-09,4.6246850531536525,1308.001878879759,1
Candidate D: Correlation Cluster Exposure Cap,icicibank_ns,2010-09-06,2010-09-20,8.4406323037811,2722.1855683091794,1
Candidate D: Correlation Cluster Exposure Cap,reliance_ns,2010-09-07,2010-09-21,7.516618244805216,1939.3456766817965,1
Candidate D: Correlation Cluster Exposure Cap,infy_ns,2010-09-09,2010-09-23,4.365749650866256,1159.4919850382707,1
Candidate D: Correlation Cluster Exposure Cap,icicibank_ns,2010-09-20,2010-10-04,2.46702892551559,696.730755006561,1
Candidate D: Correlation Cluster Exposure Cap,reliance_ns,2010-09-21,2010-10-05,-1.1410845458135037,-321.11692615484077,0
Candidate D: Correlation Cluster Exposure Cap,tcs_ns,2010-09-22,2010-10-06,2.5576262391719293,575.8010336317964,1
Candidate D: Correlation Cluster Exposure Cap,infy_ns,2010-09-23,2010-10-07,0.9601152797033193,226.14696172910175,1
Candidate D: Correlation Cluster Exposure Cap,icicibank_ns,2010-10-04,2010-10-18,-3.5080327553270436,-864.0636283611468,0
Candidate D: Correlation Cluster Exposure Cap,reliance_ns,2010-10-05,2010-10-19,1.9561278769777237,494.2911019385396,1
Candidate D: Correlation Cluster Exposure Cap,infy_ns,2010-10-07,2010-10-21,-0.6719358530082241,-198.8185819301505,0
Candidate D: Correlation Cluster Exposure Cap,icicibank_ns,2010-10-18,2010-11-01,10.324243947409993,2934.6174160575774,1
Candidate D: Correlation Cluster Exposure Cap,tcs_ns,2010-10-19,2010-11-02,8.388036806643148,1907.4077694944215,1
Candidate D: Correlation Cluster Exposure Cap,reliance_ns,2010-10-19,2010-11-02,2.8640918016474703,668.6029206904864,1
Candidate D: Correlation Cluster Exposure Cap,infy_ns,2010-10-21,2010-11-04,1.3564691091644796,333.0603917368884,1
Candidate D: Correlation Cluster Exposure Cap,reliance_ns,2010-11-02,2010-11-16,-4.174094437908217,-1487.922972152468,0
Candidate D: Correlation Cluster Exposure Cap,icicibank_ns,2010-11-04,2010-11-18,-8.07489168781405,-2704.652079841429,0
Candidate D: Correlation Cluster Exposure Cap,infy_ns,2010-11-08,2010-11-22,0.8713219836015597,233.47659944129632,1
Candidate D: Correlation Cluster Exposure Cap,reliance_ns,2010-11-16,2010-11-30,-4.404928536864859,-1245.1973472648406,0
Candidate D: Correlation Cluster Exposure Cap,icicibank_ns,2010-11-18,2010-12-02,2.2461698804726664,646.2816716407659,1
Candidate D: Correlation Cluster Exposure Cap,tcs_ns,2010-11-19,2010-12-03,8.016670694001087,1845.2842350543162,1
Candidate D: Correlation Cluster Exposure Cap,infy_ns,2010-11-22,2010-12-06,3.2239791304961614,767.9614927635845,1
Candidate D: Correlation Cluster Exposure Cap,reliance_ns,2010-11-30,2010-12-14,7.013229668122819,1715.4959742383269,1
Candidate D: Correlation Cluster Exposure Cap,icicibank_ns,2010-12-02,2010-12-16,-7.2159549639936,-1836.6382295136264,0
Candidate D: Correlation Cluster Exposure Cap,infy_ns,2010-12-06,2010-12-20,6.517626780473658,1971.7317768990658,1
Candidate D: Correlation Cluster Exposure Cap,reliance_ns,2010-12-14,2010-12-28,-0.7461682608708854,-219.6503528919724,0
Candidate D: Correlation Cluster Exposure Cap,icicibank_ns,2010-12-16,2010-12-30,2.761162141864787,780.6592535112555,1
Candidate D: Correlation Cluster Exposure Cap,infy_ns,2010-12-21,2011-01-04,4.519312944245373,1313.45182177916,1
Candidate D: Correlation Cluster Exposure Cap,reliance_ns,2010-12-28,2011-01-11,-3.307271848179289,-962.2163643223819,0
Candidate D: Correlation Cluster Exposure Cap,icicibank_ns,2010-12-30,2011-01-13,-9.79574941583641,-2849.1789794818974,0
Candidate D: Correlation Cluster Exposure Cap,infy_ns,2011-01-04,2011-01-18,-4.598987589006719,-1349.527099526909,0
Candidate D: Correlation Cluster Exposure Cap,tcs_ns,2011-01-11,2011-01-25,8.143447774575415,1911.6909089541912,1
Candidate D: Correlation Cluster Exposure Cap,icicibank_ns,2011-01-13,2011-01-27,-1.184908497794313,-351.3709841910323,0
Candidate D: Correlation Cluster Exposure Cap,reliance_ns,2011-01-20,2011-02-03,-2.724333128200073,-798.828280760069,0
Candidate D: Correlation Cluster Exposure Cap,hdfcbank_ns,2011-01-24,2011-02-07,-5.155426123663231,-1209.338210315666,0
Candidate D: Correlation Cluster Exposure Cap,icicibank_ns,2011-01-27,2011-02-10,-5.4202108346862055,-1610.016097725232,0
Candidate D: Correlation Cluster Exposure Cap,tcs_ns,2011-01-31,2011-02-14,-4.11868056889082,-978.7282774857205,0
Candidate D: Correlation Cluster Exposure Cap,reliance_ns,2011-02-03,2011-02-17,1.014204080261527,250.6620603044741,1
Candidate D: Correlation Cluster Exposure Cap,hdfcbank_ns,2011-02-10,2011-02-24,2.094422603762373,624.9872852804976,1
Candidate D: Correlation Cluster Exposure Cap,icicibank_ns,2011-02-14,2011-02-28,-6.1769780570795545,-1756.0732812059823,0
Candidate D: Correlation Cluster Exposure Cap,infy_ns,2011-02-17,2011-03-03,-2.851046212748432,-648.4265971387498,0
Candidate D: Correlation Cluster Exposure Cap,reliance_ns,2011-02-17,2011-03-03,2.40696381511204,558.1251232333086,1
Candidate D: Correlation Cluster Exposure Cap,icicibank_ns,2011-03-01,2011-03-15,-2.9329871188876906,-879.2539299177593,0
Candidate D: Correlation Cluster Exposure Cap,reliance_ns,2011-03-03,2011-03-17,5.4158571798450055,1795.3946502007195,1
Candidate D: Correlation Cluster Exposure Cap,tcs_ns,2011-03-11,2011-03-25,3.903268062563286,1035.1685969719028,1
Candidate D: Correlation Cluster Exposure Cap,icicibank_ns,2011-03-16,2011-03-30,7.89287923820203,2133.936117445562,1
Candidate D: Correlation Cluster Exposure Cap,reliance_ns,2011-03-18,2011-04-01,4.318412011134503,1235.8515466153412,1
Candidate D: Correlation Cluster Exposure Cap,hdfcbank_ns,2011-03-22,2011-04-05,11.291692402930174,2585.1827910972925,1
Candidate D: Correlation Cluster Exposure Cap,icicibank_ns,2011-03-30,2011-04-13,1.5495999926450736,459.62408691554776,1
Candidate D: Correlation Cluster Exposure Cap,infy_ns,2011-04-05,2011-04-19,-12.102142005408608,-3594.271593143693,0
Candidate D: Correlation Cluster Exposure Cap,hdfcbank_ns,2011-04-07,2011-04-21,2.322736466674313,670.2377032190768,1
Candidate D: Correlation Cluster Exposure Cap,icicibank_ns,2011-04-13,2011-04-27,-1.8239736995271143,-530.931488475468,0
Candidate D: Correlation Cluster Exposure Cap,tcs_ns,2011-04-25,2011-05-09,-5.248378600289602,-1806.1242764238214,0
Candidate D: Correlation Cluster Exposure Cap,icicibank_ns,2011-04-27,2011-05-11,-2.7725810766116945,-921.7698375179833,0
Candidate D: Correlation Cluster Exposure Cap,icicibank_ns,2011-05-11,2011-05-25,-6.35779845553622,-2516.602990618501,0
Candidate D: Correlation Cluster Exposure Cap,reliance_ns,2011-05-17,2011-05-31,3.337220493730663,1056.7757545145528,1
Candidate D: Correlation Cluster Exposure Cap,hdfcbank_ns,2011-05-25,2011-06-08,4.405022741838011,1442.4837962740485,1
Candidate D: Correlation Cluster Exposure Cap,infy_ns,2011-05-26,2011-06-09,3.0080207344767738,788.0133970030105,1
Candidate D: Correlation Cluster Exposure Cap,icicibank_ns,2011-05-27,2011-06-10,-3.0677271054827164,-642.923775029135,0
Candidate D: Correlation Cluster Exposure Cap,reliance_ns,2011-06-01,2011-06-15,-4.9324277532124015,-1149.7859551069516,0
Candidate D: Correlation Cluster Exposure Cap,hdfcbank_ns,2011-06-08,2011-06-22,-1.4313235170452066,-364.79234934500954,0
Candidate D: Correlation Cluster Exposure Cap,icicibank_ns,2011-06-10,2011-06-24,2.6709097317369723,797.2413700730172,1
Candidate D: Correlation Cluster Exposure Cap,infy_ns,2011-06-16,2011-06-30,3.881536816515459,1098.9189155377744,1
Candidate D: Correlation Cluster Exposure Cap,tcs_ns,2011-06-17,2011-07-01,7.402103033203082,1676.513488850275,1
Candidate D: Correlation Cluster Exposure Cap,reliance_ns,2011-06-17,2011-07-01,-0.83234318376954,-150.81493123592753,0
Candidate D: Correlation Cluster Exposure Cap,hdfcbank_ns,2011-06-22,2011-07-06,9.528879795207569,1860.0155454676485,1
Candidate D: Correlation Cluster Exposure Cap,icicibank_ns,2011-06-24,2011-07-08,-0.41632378713584023,-90.52992701797442,0
Candidate D: Correlation Cluster Exposure Cap,reliance_ns,2011-07-01,2011-07-15,1.2545290492170342,398.1494699113835,1
Candidate D: Correlation Cluster Exposure Cap,tcs_ns,2011-07-04,2011-07-18,-5.162556286492662,-1310.7510265386525,0
Candidate D: Correlation Cluster Exposure Cap,icicibank_ns,2011-07-08,2011-07-22,0.6900502043939353,199.55234496980628,1
Candidate D: Correlation Cluster Exposure Cap,hdfcbank_ns,2011-07-11,2011-07-25,0.015334063122975798,3.5475079750666847,1
Candidate D: Correlation Cluster Exposure Cap,reliance_ns,2011-07-15,2011-07-29,-5.229495308774031,-1303.9683624409033,0
Candidate D: Correlation Cluster Exposure Cap,icicibank_ns,2011-07-22,2011-08-05,-9.553229156967415,-2922.073317224057,0
Candidate D: Correlation Cluster Exposure Cap,infy_ns,2011-07-28,2011-08-11,-11.330750935394631,-3296.965328332644,0
Candidate D: Correlation Cluster Exposure Cap,reliance_ns,2011-07-29,2011-08-12,-8.14426863322676,-2280.735874941778,0
Candidate D: Correlation Cluster Exposure Cap,infy_ns,2011-08-18,2011-09-02,-1.531784756980476,-585.7726394105766,0
Candidate D: Correlation Cluster Exposure Cap,reliance_ns,2011-08-22,2011-09-05,4.155297537967421,1271.2280078564438,1
Candidate D: Correlation Cluster Exposure Cap,infy_ns,2011-09-05,2011-09-19,4.254490997375469,1361.6685928564661,1
Candidate D: Correlation Cluster Exposure Cap,reliance_ns,2011-09-05,2011-09-19,4.0932023870068575,1308.8910110356042,1
Candidate D: Correlation Cluster Exposure Cap,infy_ns,2011-10-31,2011-11-14,-2.437990611248769,-948.6803606525929,0
Candidate D: Correlation Cluster Exposure Cap,reliance_ns,2011-11-01,2011-11-15,0.04871609915362489,15.165277930574447,1
Candidate D: Correlation Cluster Exposure Cap,reliance_ns,2011-11-17,2011-12-01,-1.4012619920043827,-542.648301712745,0
Candidate D: Correlation Cluster Exposure Cap,reliance_ns,2011-12-01,2011-12-15,-6.1608366854337495,-2379.1398583711525,0
Candidate D: Correlation Cluster Exposure Cap,reliance_ns,2011-12-15,2011-12-29,-5.146427896714654,-1962.9158995924702,0
Candidate D: Correlation Cluster Exposure Cap,reliance_ns,2011-12-30,2012-01-13,5.553665778575156,2096.4390745943506,1
Candidate D: Correlation Cluster Exposure Cap,infy_ns,2012-01-09,2012-01-23,-8.374615146401316,-2529.0496227318577,0
Candidate D: Correlation Cluster Exposure Cap,icicibank_ns,2012-01-11,2012-01-25,12.748825966137634,3080.0138691784055,1
Candidate D: Correlation Cluster Exposure Cap,reliance_ns,2012-01-16,2012-01-30,11.417709331276962,3116.622868589042,1
Candidate D: Correlation Cluster Exposure Cap,icicibank_ns,2012-02-09,2012-02-23,0.3913634997765289,152.24646436924246,1
Candidate D: Correlation Cluster Exposure Cap,reliance_ns,2012-02-15,2012-02-29,-1.9494797889219613,-606.7022711972704,0
Candidate D: Correlation Cluster Exposure Cap,infy_ns,2012-02-16,2012-03-01,-1.8470023438406808,-459.84801618671423,0
Candidate D: Correlation Cluster Exposure Cap,icicibank_ns,2012-02-24,2012-03-09,-1.9220857189982021,-532.9626999542228,0
Candidate D: Correlation Cluster Exposure Cap,reliance_ns,2012-03-06,2012-03-20,-2.1093665109866704,-699.7405315404139,0
Candidate D: Correlation Cluster Exposure Cap,icicibank_ns,2012-03-12,2012-03-26,-6.123709091943919,-1958.208602816362,0
Candidate D: Correlation Cluster Exposure Cap,reliance_ns,2012-03-20,2012-04-03,-1.0816286041594037,-346.9502142879548,0
Candidate D: Correlation Cluster Exposure Cap,infy_ns,2012-03-26,2012-04-09,-0.33246931025346643,-85.31601179408833,0
Candidate D: Correlation Cluster Exposure Cap,reliance_ns,2012-04-03,2012-04-17,-0.8865710566233715,-291.49438666913824,0
Candidate D: Correlation Cluster Exposure Cap,icicibank_ns,2012-04-03,2012-04-17,-2.5537048846211174,-671.7030821301383,0
Candidate D: Correlation Cluster Exposure Cap,infy_ns,2012-04-11,2012-04-25,-16.24678868968284,-4249.780728829146,0
Candidate D: Correlation Cluster Exposure Cap,hdfcbank_ns,2012-04-16,2012-04-30,2.355592260500236,492.93436554684024,1
Candidate D: Correlation Cluster Exposure Cap,reliance_ns,2012-04-17,2012-05-02,-0.4316399319190251,-100.39244617627612,0
Candidate D: Correlation Cluster Exposure Cap,infy_ns,2012-04-25,2012-05-09,0.6432870547130795,180.85729306720862,1
Candidate D: Correlation Cluster Exposure Cap,infy_ns,2012-05-09,2012-05-23,-0.8124310112503301,-301.1367917761306,0
Candidate D: Correlation Cluster Exposure Cap,reliance_ns,2012-05-09,2012-05-23,-1.2362907049384442,-366.5961652693255,0
Candidate D: Correlation Cluster Exposure Cap,reliance_ns,2012-05-24,2012-06-07,3.6803350140664874,1359.2430569327942,1
Candidate D: Correlation Cluster Exposure Cap,icicibank_ns,2012-06-05,2012-06-19,4.3351516564276755,1280.8670443812089,1
Candidate D: Correlation Cluster Exposure Cap,reliance_ns,2012-06-07,2012-06-21,-0.40337526040912264,-126.23719359096086,0
Candidate D: Correlation Cluster Exposure Cap,reliance_ns,2012-06-21,2012-07-05,2.731415121424152,1022.5152204895279,1
Candidate D: Correlation Cluster Exposure Cap,icicibank_ns,2012-06-29,2012-07-13,2.900162598553943,868.5491635909768,1
Candidate D: Correlation Cluster Exposure Cap,reliance_ns,2012-07-06,2012-07-20,-1.7093707268298741,-541.0194186991589,0
Candidate D: Correlation Cluster Exposure Cap,icicibank_ns,2012-07-13,2012-07-27,0.18744575976654984,59.014553165903024,1
Candidate D: Correlation Cluster Exposure Cap,hdfcbank_ns,2012-07-20,2012-08-03,0.9107340949772443,286.04943739019626,1
Candidate D: Correlation Cluster Exposure Cap,reliance_ns,2012-07-26,2012-08-09,9.8021451634887,2462.978491479917,1
Candidate D: Correlation Cluster Exposure Cap,icicibank_ns,2012-07-27,2012-08-10,2.803412816326361,740.3829187425769,1
Candidate D: Correlation Cluster Exposure Cap,icicibank_ns,2012-08-10,2012-08-24,-0.09187259931785423,-35.29291330407689,0
Candidate D: Correlation Cluster Exposure Cap,hdfcbank_ns,2012-08-10,2012-08-24,-1.021039004519328,-313.7861894331195,0
Candidate D: Correlation Cluster Exposure Cap,reliance_ns,2012-08-24,2012-09-07,1.1832396012287951,290.907002778595,1
Candidate D: Correlation Cluster Exposure Cap,icicibank_ns,2012-08-24,2012-09-07,-1.778069706977539,-486.20362168386487,0
Candidate D: Correlation Cluster Exposure Cap,hdfcbank_ns,2012-08-24,2012-09-07,-1.0389340127345765,-290.4778774329076,0
Candidate D: Correlation Cluster Exposure Cap,icicibank_ns,2012-09-10,2012-09-24,14.568612872850526,5572.215924110936,1
Candidate D: Correlation Cluster Exposure Cap,hdfcbank_ns,2012-09-10,2012-09-24,7.364031766569938,2253.281101418189,1
Candidate D: Correlation Cluster Exposure Cap,tcs_ns,2012-09-20,2012-10-04,-0.4166831012212202,-101.99892526530216,0
Candidate D: Correlation Cluster Exposure Cap,reliance_ns,2012-09-20,2012-10-04,2.399219425932023,469.8396497548943,1
Candidate D: Correlation Cluster Exposure Cap,tcs_ns,2012-10-04,2012-10-18,-0.7936623484153473,-284.73576231329935,0
Candidate D: Correlation Cluster Exposure Cap,hdfcbank_ns,2012-10-30,2012-11-15,1.9374812771908168,771.6950873752754,1
Candidate D: Correlation Cluster Exposure Cap,hdfcbank_ns,2012-11-15,2012-11-29,8.239853090621978,3294.6350360156894,1
Candidate D: Correlation Cluster Exposure Cap,infy_ns,2012-11-16,2012-11-30,3.9380191224294316,1259.6667081865564,1
Candidate D: Correlation Cluster Exposure Cap,tcs_ns,2012-11-19,2012-12-03,4.2612329590140225,1090.4433172961956,1
Candidate D: Correlation Cluster Exposure Cap,icicibank_ns,2012-11-27,2012-12-11,8.508714973104928,1741.8942302271466,1
Candidate D: Correlation Cluster Exposure Cap,infy_ns,2012-12-07,2012-12-21,-1.0963630444820527,-405.85956620314,0
Candidate D: Correlation Cluster Exposure Cap,tcs_ns,2012-12-10,2012-12-24,2.292830677656021,679.0212558836081,1
Candidate D: Correlation Cluster Exposure Cap,reliance_ns,2012-12-10,2012-12-24,-0.9670811839634927,-229.1206887540828,0
Candidate D: Correlation Cluster Exposure Cap,infy_ns,2012-12-21,2013-01-04,2.2432972965905877,689.1165301233742,1
Candidate D: Correlation Cluster Exposure Cap,tcs_ns,2012-12-24,2013-01-07,2.2115463991570183,677.483561100974,1
Candidate D: Correlation Cluster Exposure Cap,icicibank_ns,2012-12-24,2013-01-07,5.355229322119408,1563.7117262203603,1
Candidate D: Correlation Cluster Exposure Cap,reliance_ns,2012-12-27,2013-01-10,3.904242125899884,912.0220744320203,1
Candidate D: Correlation Cluster Exposure Cap,hdfcbank_ns,2012-12-28,2013-01-11,-1.2815887703242606,-239.50097584903452,0
Candidate D: Correlation Cluster Exposure Cap,tcs_ns,2013-01-07,2013-01-21,2.6632447823507546,732.2363205768088,1
Candidate D: Correlation Cluster Exposure Cap,infy_ns,2013-01-14,2013-01-28,0.09779360030565205,35.88244921848897,1
Candidate D: Correlation Cluster Exposure Cap,hdfcbank_ns,2013-01-14,2013-01-28,0.10680006248511853,31.349681833380483,1
Candidate D: Correlation Cluster Exposure Cap,tcs_ns,2013-01-23,2013-02-06,4.414407926163997,1285.8362365264443,1
Candidate D: Correlation Cluster Exposure Cap,reliance_ns,2013-01-23,2013-02-06,-5.182580519816661,-1207.6726831880467,0
Candidate D: Correlation Cluster Exposure Cap,icicibank_ns,2013-01-24,2013-02-07,-1.7365740163528365,-323.7326260714095,0
Candidate D: Correlation Cluster Exposure Cap,infy_ns,2013-01-28,2013-02-11,-0.7114325595430744,-158.35922335915123,0
Candidate D: Correlation Cluster Exposure Cap,hdfcbank_ns,2013-01-28,2013-02-11,-2.047950904005039,-485.0439926433562,0
Candidate D: Correlation Cluster Exposure Cap,icicibank_ns,2013-02-21,2013-03-07,3.4263998566244833,1445.0138862429533,1
Candidate D: Correlation Cluster Exposure Cap,hdfcbank_ns,2013-02-21,2013-03-07,-3.717960555486339,-1254.3789063717848,0
Candidate D: Correlation Cluster Exposure Cap,reliance_ns,2013-03-18,2013-04-01,-6.70494163545543,-2830.2280526162763,0
Candidate D: Correlation Cluster Exposure Cap,infy_ns,2013-03-19,2013-04-02,3.9063558754800747,1319.1318980404703,1
Candidate D: Correlation Cluster Exposure Cap,icicibank_ns,2013-03-19,2013-04-02,1.334164601905416,360.42575529933976,1
Candidate D: Correlation Cluster Exposure Cap,hdfcbank_ns,2013-03-20,2013-04-03,-0.34561160641799055,-74.69382659711935,0
Candidate D: Correlation Cluster Exposure Cap,icicibank_ns,2013-04-04,2013-04-18,11.230041423422366,4712.799610260441,1
Candidate D: Correlation Cluster Exposure Cap,infy_ns,2013-04-09,2013-04-23,-18.26345924488371,-6131.5552002703025,0
Candidate D: Correlation Cluster Exposure Cap,reliance_ns,2013-04-15,2013-04-29,-0.16964439569878942,-45.563503066814484,0
Candidate D: Correlation Cluster Exposure Cap,tcs_ns,2013-04-17,2013-05-02,-1.6110218390753546,-346.15372091983033,0
Candidate D: Correlation Cluster Exposure Cap,infy_ns,2013-04-23,2013-05-07,3.7739263478267624,1208.1578126993893,1
Candidate D: Correlation Cluster Exposure Cap,reliance_ns,2013-04-29,2013-05-13,1.2550900832693574,388.7411112120206,1
Candidate D: Correlation Cluster Exposure Cap,tcs_ns,2013-05-03,2013-05-17,3.846538512774828,1115.7507838691672,1
Candidate D: Correlation Cluster Exposure Cap,infy_ns,2013-05-07,2013-05-21,2.0266198820562153,604.9376062705269,1
Candidate D: Correlation Cluster Exposure Cap,reliance_ns,2013-05-27,2013-06-10,-4.750054157350313,-2007.7256590696506,0
Candidate D: Correlation Cluster Exposure Cap,icicibank_ns,2013-06-03,2013-06-17,-3.864183645359013,-1306.6327918201755,0
Candidate D: Correlation Cluster Exposure Cap,reliance_ns,2013-06-10,2013-06-24,0.36786146065895403,129.13075172940503,1
Candidate D: Correlation Cluster Exposure Cap,hdfcbank_ns,2013-06-11,2013-06-25,-4.6949952275264595,-1318.4708439105225,0
Candidate D: Correlation Cluster Exposure Cap,tcs_ns,2013-06-13,2013-06-27,3.147653250740009,707.1511406033677,1
Candidate D: Correlation Cluster Exposure Cap,reliance_ns,2013-06-24,2013-07-08,9.318926788216102,2937.3900511993893,1
Candidate D: Correlation Cluster Exposure Cap,icicibank_ns,2013-07-01,2013-07-15,-0.6911242521242924,-243.30323768457313,0
Candidate D: Correlation Cluster Exposure Cap,reliance_ns,2013-07-15,2013-07-29,-1.29262038305954,-453.12548223015494,0
Candidate D: Correlation Cluster Exposure Cap,icicibank_ns,2013-07-15,2013-07-29,-12.526676082089452,-4388.843062994669,0
Candidate D: Correlation Cluster Exposure Cap,infy_ns,2013-07-19,2013-08-02,5.613643799640834,1573.4358571562705,1
Candidate D: Correlation Cluster Exposure Cap,icicibank_ns,2013-08-06,2013-08-20,-4.19752659856834,-1737.4917570907398,0
Candidate D: Correlation Cluster Exposure Cap,reliance_ns,2013-08-16,2013-08-30,3.2325029821986977,1070.4298647221603,1
Candidate D: Correlation Cluster Exposure Cap,tcs_ns,2013-08-20,2013-09-03,15.186558251349123,4023.172280826092,1
Candidate D: Correlation Cluster Exposure Cap,hdfcbank_ns,2013-08-22,2013-09-05,3.4814400149461995,1013.9513013821581,1
Candidate D: Correlation Cluster Exposure Cap,infy_ns,2013-09-26,2013-10-10,3.775727747424885,1595.8959231167812,1
Candidate D: Correlation Cluster Exposure Cap,tcs_ns,2013-10-24,2013-11-07,5.5851559591547275,2378.5179501313337,1
Candidate D: Correlation Cluster Exposure Cap,infy_ns,2013-10-24,2013-11-07,1.4256531199825275,485.70769537506357,1
Candidate D: Correlation Cluster Exposure Cap,infy_ns,2013-11-07,2013-11-21,-0.4444297895763241,-191.8126292631686,0
Candidate D: Correlation Cluster Exposure Cap,icicibank_ns,2013-11-13,2013-11-27,2.6828932326231176,926.3335933846984,1
Candidate D: Correlation Cluster Exposure Cap,tcs_ns,2013-11-14,2013-11-28,-2.1020766262034876,-580.6341217141079,0
Candidate D: Correlation Cluster Exposure Cap,tcs_ns,2013-11-28,2013-12-12,2.18107423906111,942.0068812690333,1
Candidate D: Correlation Cluster Exposure Cap,reliance_ns,2013-12-12,2013-12-26,1.942794436132399,842.7539856126791,1
Candidate D: Correlation Cluster Exposure Cap,icicibank_ns,2013-12-19,2014-01-02,1.0871822740013852,377.2821982447487,1
Candidate D: Correlation Cluster Exposure Cap,icicibank_ns,2014-01-02,2014-01-16,-1.601844546285721,-698.7638471051564,0
Candidate D: Correlation Cluster Exposure Cap,icicibank_ns,2014-01-27,2014-02-10,-4.92477219443154,-2141.4238158779444,0
Candidate D: Correlation Cluster Exposure Cap,tcs_ns,2014-02-04,2014-02-18,0.6306227126180077,219.36941524494338,1
Candidate D: Correlation Cluster Exposure Cap,infy_ns,2014-02-07,2014-02-21,5.110668569702385,1422.2442080996616,1
Candidate D: Correlation Cluster Exposure Cap,icicibank_ns,2014-02-18,2014-03-04,2.9644921816971905,1112.6480783188501,1
Candidate D: Correlation Cluster Exposure Cap,icicibank_ns,2014-03-04,2014-03-18,12.608524416385045,5497.980545310741,1
Candidate D: Correlation Cluster Exposure Cap,tcs_ns,2014-03-10,2014-03-24,0.41415516617834364,144.47476778040345,1
Candidate D: Correlation Cluster Exposure Cap,tcs_ns,2014-03-26,2014-04-09,2.189142698475191,783.4286121455957,1
Candidate D: Correlation Cluster Exposure Cap,reliance_ns,2014-03-25,2014-04-09,9.367553333550962,4190.458502554104,1
Candidate D: Correlation Cluster Exposure Cap,infy_ns,2014-04-16,2014-04-30,0.6939346795284149,317.3261556509027,1
Candidate D: Correlation Cluster Exposure Cap,infy_ns,2014-05-07,2014-05-21,2.874515368119972,1316.2980543774488,1
Candidate D: Correlation Cluster Exposure Cap,reliance_ns,2014-05-13,2014-05-27,2.2574816263915563,826.9967746404545,1
Candidate D: Correlation Cluster Exposure Cap,tcs_ns,2014-05-19,2014-06-02,4.521295411362039,1325.050597508448,1
Candidate D: Correlation Cluster Exposure Cap,tcs_ns,2014-06-06,2014-06-20,9.931807719447193,4616.867191210641,1
Candidate D: Correlation Cluster Exposure Cap,reliance_ns,2014-06-24,2014-07-08,-6.161017618813019,-2920.879413506903,0
Candidate D: Correlation Cluster Exposure Cap,reliance_ns,2014-07-11,2014-07-25,5.673988435194246,2656.8374726128663,1
Candidate D: Correlation Cluster Exposure Cap,icicibank_ns,2014-07-11,2014-07-25,8.7212247116442,3266.9614167347745,1
Candidate D: Correlation Cluster Exposure Cap,infy_ns,2014-08-05,2014-08-19,0.9401124054571858,451.3444462564285,1
Candidate D: Correlation Cluster Exposure Cap,infy_ns,2014-08-19,2014-09-02,1.8079676218805547,869.6305188653059,1
Candidate D: Correlation Cluster Exposure Cap,infy_ns,2014-09-04,2014-09-18,-0.366659925851028,-177.00075486098348,0
Candidate D: Correlation Cluster Exposure Cap,reliance_ns,2014-09-08,2014-09-22,-4.4951072740254245,-1735.9680174197404,0
Candidate D: Correlation Cluster Exposure Cap,infy_ns,2014-09-25,2014-10-09,-1.2469073745946644,-597.159239469099,0
Candidate D: Correlation Cluster Exposure Cap,reliance_ns,2014-09-25,2014-10-09,2.615766248730217,1002.1780385914857,1
Candidate D: Correlation Cluster Exposure Cap,tcs_ns,2014-10-17,2014-10-31,6.7753426409773025,3250.2829968385063,1
Candidate D: Correlation Cluster Exposure Cap,reliance_ns,2014-10-17,2014-10-31,6.626471111361641,2543.092802662283,1
Candidate D: Correlation Cluster Exposure Cap,hdfcbank_ns,2014-10-20,2014-11-03,1.8398606659824739,564.8782091015574,1
Candidate D: Correlation Cluster Exposure Cap,tcs_ns,2014-11-07,2014-11-21,1.8651972681985511,918.4955309815706,1
Candidate D: Correlation Cluster Exposure Cap,reliance_ns,2014-11-10,2014-11-24,1.599766453046795,630.2296760950665,1
Candidate D: Correlation Cluster Exposure Cap,icicibank_ns,2014-11-19,2014-12-03,6.554344056478029,2065.6725855765612,1
Candidate D: Correlation Cluster Exposure Cap,infy_ns,2014-11-28,2014-12-12,-11.112508182631979,-4806.205310128784,0
Candidate D: Correlation Cluster Exposure Cap,tcs_ns,2014-12-15,2014-12-29,6.9102476754548965,3386.40280080372,1
Candidate D: Correlation Cluster Exposure Cap,reliance_ns,2014-12-16,2014-12-30,1.7476230916477722,685.1454257799156,1
Candidate D: Correlation Cluster Exposure Cap,hdfcbank_ns,2014-12-19,2015-01-02,2.4820569641569437,778.4607487253589,1
Candidate D: Correlation Cluster Exposure Cap,infy_ns,2014-12-22,2015-01-05,-0.2349420504821429,-58.94890154949256,0
Candidate D: Correlation Cluster Exposure Cap,tcs_ns,2014-12-30,2015-01-13,-1.3200962744202136,-403.3032134503004,0
Candidate D: Correlation Cluster Exposure Cap,reliance_ns,2015-01-06,2015-01-20,7.953414973171946,3487.8526510325773,1
Candidate D: Correlation Cluster Exposure Cap,infy_ns,2015-01-08,2015-01-22,11.244357876552392,3944.8376387936705,1
Candidate D: Correlation Cluster Exposure Cap,tcs_ns,2015-01-13,2015-01-27,0.11606235531058416,39.572392103592875,1
Candidate D: Correlation Cluster Exposure Cap,tcs_ns,2015-01-27,2015-02-10,-2.4827929187364624,-1275.5975233225026,0
Candidate D: Correlation Cluster Exposure Cap,infy_ns,2015-01-28,2015-02-11,6.488896067281742,2667.0672983018308,1
Candidate D: Correlation Cluster Exposure Cap,reliance_ns,2015-02-02,2015-02-16,-0.6278711270334427,-206.45416824009067,0
Candidate D: Correlation Cluster Exposure Cap,icicibank_ns,2015-02-04,2015-02-18,-0.7025053789833454,-184.796092647173,0
Candidate D: Correlation Cluster Exposure Cap,tcs_ns,2015-02-11,2015-02-25,8.57611924174379,2664.138769011321,1
Candidate D: Correlation Cluster Exposure Cap,icicibank_ns,2015-02-23,2015-03-09,1.104432116528245,501.0216970349726,1
Candidate D: Correlation Cluster Exposure Cap,infy_ns,2015-03-04,2015-03-18,-2.03392409073941,-875.3494031725005,0
Candidate D: Correlation Cluster Exposure Cap,icicibank_ns,2015-03-10,2015-03-24,-6.565550591450159,-2862.784015438477,0
Candidate D: Correlation Cluster Exposure Cap,tcs_ns,2015-03-12,2015-03-26,-4.093335339989852,-1427.8570935284317,0
Candidate D: Correlation Cluster Exposure Cap,reliance_ns,2015-03-16,2015-03-30,-3.7709790861971024,-1052.3289768460054,0
Candidate D: Correlation Cluster Exposure Cap,infy_ns,2015-03-18,2015-04-01,-2.5403464365871695,-781.3397892506712,0
Candidate D: Correlation Cluster Exposure Cap,hdfcbank_ns,2015-03-23,2015-04-06,-1.5572439803112323,-383.17189053092477,0
Candidate D: Correlation Cluster Exposure Cap,icicibank_ns,2015-03-24,2015-04-07,1.7125040939200968,476.63580907614795,1
Candidate D: Correlation Cluster Exposure Cap,tcs_ns,2015-03-26,2015-04-09,5.973406164261529,1729.7234502895396,1
Candidate D: Correlation Cluster Exposure Cap,infy_ns,2015-04-07,2015-04-21,-0.8321927479776857,-327.6849083688408,0
Candidate D: Correlation Cluster Exposure Cap,reliance_ns,2015-04-07,2015-04-21,5.182413702007679,1632.505222568795,1
Candidate D: Correlation Cluster Exposure Cap,hdfcbank_ns,2015-04-07,2015-04-21,-2.9292181069958847,-904.0315980289746,0
Candidate D: Correlation Cluster Exposure Cap,tcs_ns,2015-04-17,2015-05-04,0.2205861337876959,68.00097901345256,1
Candidate D: Correlation Cluster Exposure Cap,infy_ns,2015-04-21,2015-05-05,-8.439814450398755,-2740.5430410968024,0
Candidate D: Correlation Cluster Exposure Cap,hdfcbank_ns,2015-04-21,2015-05-05,-1.5796411364052378,-609.6729498610779,0
Candidate D: Correlation Cluster Exposure Cap,reliance_ns,2015-04-23,2015-05-07,-0.7679602573610672,-237.11947464061592,0
Candidate D: Correlation Cluster Exposure Cap,tcs_ns,2015-05-04,2015-05-18,1.5147650792779406,467.7640696997419,1
Candidate D: Correlation Cluster Exposure Cap,hdfcbank_ns,2015-05-07,2015-05-21,7.661895757238549,3400.007262069773,1
Candidate D: Correlation Cluster Exposure Cap,infy_ns,2015-05-21,2015-06-04,-1.0453722511459753,-436.6524286018614,0
Candidate D: Correlation Cluster Exposure Cap,hdfcbank_ns,2015-06-03,2015-06-17,-0.1344861626431091,-57.7902401156875,0
Candidate D: Correlation Cluster Exposure Cap,infy_ns,2015-06-12,2015-06-26,1.743991307577871,743.7005313617459,1
Candidate D: Correlation Cluster Exposure Cap,hdfcbank_ns,2015-06-17,2015-07-01,6.679982838228893,2852.188590804048,1
Candidate D: Correlation Cluster Exposure Cap,infy_ns,2015-06-30,2015-07-14,-1.3801595898705263,-591.198169821018,0
Candidate D: Correlation Cluster Exposure Cap,tcs_ns,2015-07-15,2015-07-29,-1.5811990572522832,-819.4912010743978,0
Candidate D: Correlation Cluster Exposure Cap,reliance_ns,2015-07-15,2015-07-29,-1.5475483544797846,-641.640787181928,0
Candidate D: Correlation Cluster Exposure Cap,infy_ns,2015-07-23,2015-08-06,-1.0558764848552766,-350.2279806369833,0
Candidate D: Correlation Cluster Exposure Cap,hdfcbank_ns,2015-08-05,2015-08-19,-0.997152633274254,-447.73242307079954,0
Candidate D: Correlation Cluster Exposure Cap,infy_ns,2015-08-06,2015-08-20,4.327045838782951,1838.332866511978,1
Candidate D: Correlation Cluster Exposure Cap,reliance_ns,2015-08-20,2015-09-03,-6.862041005888947,-3550.629192178562,0
Candidate D: Correlation Cluster Exposure Cap,infy_ns,2015-08-21,2015-09-04,-6.651625932154214,-2753.4032151530882,0
Candidate D: Correlation Cluster Exposure Cap,hdfcbank_ns,2015-08-21,2015-09-04,-6.195051635176216,-2051.525478349839,0
Candidate D: Correlation Cluster Exposure Cap,tcs_ns,2015-08-24,2015-09-07,-1.557783292227435,-412.69481540473026,0
Candidate D: Correlation Cluster Exposure Cap,hdfcbank_ns,2015-09-04,2015-09-18,5.338601260851963,2390.2758903503413,1
Candidate D: Correlation Cluster Exposure Cap,tcs_ns,2015-09-07,2015-09-21,0.3947051404158259,161.96610201225096,1
Candidate D: Correlation Cluster Exposure Cap,reliance_ns,2015-09-09,2015-09-23,-2.760158732001379,-906.0984618267026,0
Candidate D: Correlation Cluster Exposure Cap,infy_ns,2015-09-11,2015-09-28,1.306190584800453,343.034555518344,1
Candidate D: Correlation Cluster Exposure Cap,infy_ns,2015-09-28,2015-10-12,1.5185676660704943,765.1642339205217,1
Candidate D: Correlation Cluster Exposure Cap,reliance_ns,2015-10-09,2015-10-23,7.643225731635924,3080.96798966472,1
Candidate D: Correlation Cluster Exposure Cap,tcs_ns,2015-10-14,2015-10-28,1.7770099973115727,754.8437955774568,1
Candidate D: Correlation Cluster Exposure Cap,infy_ns,2015-10-15,2015-10-29,4.294668908395371,1459.442179601087,1
Candidate D: Correlation Cluster Exposure Cap,tcs_ns,2015-10-28,2015-11-13,-5.25478985141122,-2338.9542118937648,0
Candidate D: Correlation Cluster Exposure Cap,infy_ns,2015-10-29,2015-11-13,-3.9125276725033973,-1670.5373077880133,0
Candidate D: Correlation Cluster Exposure Cap,reliance_ns,2015-11-10,2015-11-24,4.818871538977005,1646.0161534700428,1
Candidate D: Correlation Cluster Exposure Cap,tcs_ns,2015-11-13,2015-11-27,-1.8864804195626164,-674.6159017550015,0
Candidate D: Correlation Cluster Exposure Cap,hdfcbank_ns,2015-11-23,2015-12-07,-0.4344141850494476,-159.92421897929935,0
Candidate D: Correlation Cluster Exposure Cap,infy_ns,2015-12-08,2015-12-22,3.715827238486511,1893.574930543724,1
Candidate D: Correlation Cluster Exposure Cap,reliance_ns,2015-12-09,2015-12-23,9.542322492653915,3890.1921949660186,1
Candidate D: Correlation Cluster Exposure Cap,infy_ns,2015-12-22,2016-01-05,-0.944588345678345,-407.9192933233537,0
Candidate D: Correlation Cluster Exposure Cap,infy_ns,2016-01-05,2016-01-19,6.054666693110213,3150.5387593327814,1
Candidate D: Correlation Cluster Exposure Cap,hdfcbank_ns,2016-01-18,2016-02-01,3.252926861454803,1354.125361840332,1
Candidate D: Correlation Cluster Exposure Cap,infy_ns,2016-01-19,2016-02-02,3.0985169686460377,1373.8641389787163,1
Candidate D: Correlation Cluster Exposure Cap,hdfcbank_ns,2016-02-02,2016-02-16,-7.670977214044688,-4081.7721683731065,0
Candidate D: Correlation Cluster Exposure Cap,infy_ns,2016-02-03,2016-02-17,-5.217146335075166,-2220.8594409432444,0
Candidate D: Correlation Cluster Exposure Cap,tcs_ns,2016-02-09,2016-02-23,-0.812303986018042,-276.6283114024259,0
Candidate D: Correlation Cluster Exposure Cap,reliance_ns,2016-02-11,2016-02-25,2.063482395213801,562.1714633161469,1
Candidate D: Correlation Cluster Exposure Cap,hdfcbank_ns,2016-02-16,2016-03-01,1.048634965002519,331.58698214333066,1
Candidate D: Correlation Cluster Exposure Cap,tcs_ns,2016-02-23,2016-03-08,3.9365237987504833,1316.7110325022768,1
Candidate D: Correlation Cluster Exposure Cap,infy_ns,2016-02-22,2016-03-08,3.21468077907002,1072.616141060157,1
Candidate D: Correlation Cluster Exposure Cap,reliance_ns,2016-02-25,2016-03-10,7.111972587044875,2298.5935896609826,1
Candidate D: Correlation Cluster Exposure Cap,hdfcbank_ns,2016-03-01,2016-03-15,4.271358607876279,1377.3648105695813,1
Candidate D: Correlation Cluster Exposure Cap,infy_ns,2016-03-11,2016-03-28,5.362867401737136,2497.0458551955517,1
Candidate D: Correlation Cluster Exposure Cap,hdfcbank_ns,2016-03-15,2016-03-29,2.5882145607882125,1138.14645181431,1
Candidate D: Correlation Cluster Exposure Cap,infy_ns,2016-03-28,2016-04-11,-1.7920117499132016,-806.2460966386955,0
Candidate D: Correlation Cluster Exposure Cap,infy_ns,2016-04-12,2016-04-26,4.173067185553284,2247.294128951396,1
Candidate D: Correlation Cluster Exposure Cap,reliance_ns,2016-04-18,2016-05-02,-7.3532245660142905,-3167.9065131320967,0
Candidate D: Correlation Cluster Exposure Cap,tcs_ns,2016-04-20,2016-05-04,1.0778419936404975,371.4835733495676,1
Candidate D: Correlation Cluster Exposure Cap,infy_ns,2016-04-26,2016-05-10,-1.6196384543222833,-628.2953561653043,0
Candidate D: Correlation Cluster Exposure Cap,infy_ns,2016-05-10,2016-05-24,-2.114439544498995,-1133.6958866997195,0
Candidate D: Correlation Cluster Exposure Cap,icicibank_ns,2016-05-13,2016-05-27,7.297319999810294,3130.07451614863,1
Candidate D: Correlation Cluster Exposure Cap,reliance_ns,2016-05-23,2016-06-06,2.6153362986842255,897.4470079297923,1
Candidate D: Correlation Cluster Exposure Cap,infy_ns,2016-05-24,2016-06-07,5.811098665700314,2205.222353042228,1
Candidate D: Correlation Cluster Exposure Cap,hdfcbank_ns,2016-05-26,2016-06-09,-2.0646250241406747,-626.7946928189593,0
Candidate D: Correlation Cluster Exposure Cap,icicibank_ns,2016-05-27,2016-06-10,3.8345478062753187,1284.25617806491,1
Candidate D: Correlation Cluster Exposure Cap,reliance_ns,2016-06-08,2016-06-22,2.7156200285373933,1136.9367371698945,1
Candidate D: Correlation Cluster Exposure Cap,infy_ns,2016-06-10,2016-06-24,1.1310179988057665,446.06947023806754,1
Candidate D: Correlation Cluster Exposure Cap,icicibank_ns,2016-06-10,2016-06-24,-8.61657985285707,-3317.978747445166,0
Candidate D: Correlation Cluster Exposure Cap,hdfcbank_ns,2016-06-14,2016-06-28,1.2602770254839069,388.2350034799476,1
Candidate D: Correlation Cluster Exposure Cap,tcs_ns,2016-06-27,2016-07-11,-1.319481097626705,-636.7822634824993,0
Candidate D: Correlation Cluster Exposure Cap,infy_ns,2016-06-27,2016-07-11,0.7085039425300229,273.5394967139915,1
Candidate D: Correlation Cluster Exposure Cap,icicibank_ns,2016-06-27,2016-07-11,7.316320557727031,2259.7504663275195,1
Candidate D: Correlation Cluster Exposure Cap,hdfcbank_ns,2016-06-30,2016-07-14,1.9805219425663025,612.929938249733,1
Candidate D: Correlation Cluster Exposure Cap,tcs_ns,2016-07-11,2016-07-25,3.7952469435235248,1301.123502258156,1
Candidate D: Correlation Cluster Exposure Cap,infy_ns,2016-07-11,2016-07-25,-8.06267769823634,-2838.2798373449723,0
Candidate D: Correlation Cluster Exposure Cap,hdfcbank_ns,2016-07-14,2016-07-28,3.9551590432762573,1625.7111149269117,1
Candidate D: Correlation Cluster Exposure Cap,reliance_ns,2016-07-15,2016-07-29,0.21661791702378155,71.23013796303206,1
Candidate D: Correlation Cluster Exposure Cap,icicibank_ns,2016-07-15,2016-07-29,-1.121901417693358,-295.13050023261303,0
Candidate D: Correlation Cluster Exposure Cap,icicibank_ns,2016-08-02,2016-08-16,1.274245199708126,700.498754312163,1
Candidate D: Correlation Cluster Exposure Cap,reliance_ns,2016-08-08,2016-08-22,-1.7397097370352246,-765.1051800310071,0
Candidate D: Correlation Cluster Exposure Cap,hdfcbank_ns,2016-08-09,2016-08-23,0.2905929414933569,102.23965990828415,1
Candidate D: Correlation Cluster Exposure Cap,tcs_ns,2016-08-17,2016-08-31,-4.362867839976663,-1713.7920532203566,0
Candidate D: Correlation Cluster Exposure Cap,infy_ns,2016-08-19,2016-09-02,0.9824794795953548,308.74472229561684,1
Candidate D: Correlation Cluster Exposure Cap,hdfcbank_ns,2016-08-23,2016-09-06,3.8595129741106944,1576.220267034594,1
Candidate D: Correlation Cluster Exposure Cap,reliance_ns,2016-08-29,2016-09-12,-1.0849942140841269,-354.4882230118648,0
Candidate D: Correlation Cluster Exposure Cap,tcs_ns,2016-08-31,2016-09-14,-7.327452676063322,-2465.7629581989204,0
Candidate D: Correlation Cluster Exposure Cap,icicibank_ns,2016-09-02,2016-09-16,2.264188658510633,753.2407810889235,1
Candidate D: Correlation Cluster Exposure Cap,tcs_ns,2016-09-14,2016-09-28,4.010761433151476,1917.0564540936034,1
Candidate D: Correlation Cluster Exposure Cap,icicibank_ns,2016-09-16,2016-09-30,-5.732592328072672,-2582.0982388811904,0
Candidate D: Correlation Cluster Exposure Cap,icicibank_ns,2016-09-30,2016-10-14,-4.172466330480706,-2272.699599212832,0
Candidate D: Correlation Cluster Exposure Cap,hdfcbank_ns,2016-09-30,2016-10-14,-0.9176907731682572,-399.88539864680524,0
Candidate D: Correlation Cluster Exposure Cap,tcs_ns,2016-10-06,2016-10-20,0.4688363115678964,163.43701022876184,1
Candidate D: Correlation Cluster Exposure Cap,infy_ns,2016-10-07,2016-10-21,2.4918188054831156,694.9212858330181,1
Candidate D: Correlation Cluster Exposure Cap,icicibank_ns,2016-10-14,2016-10-28,14.461877904120838,4736.228368460407,1
Candidate D: Correlation Cluster Exposure Cap,hdfcbank_ns,2016-10-14,2016-10-28,-0.2678336419112313,-93.29946359049214,0
Candidate D: Correlation Cluster Exposure Cap,reliance_ns,2016-10-19,2016-11-02,-5.89615723329785,-1643.1343073599792,0
Candidate D: Correlation Cluster Exposure Cap,infy_ns,2016-10-25,2016-11-08,-3.4497971085105106,-1207.968230149971,0
Candidate D: Correlation Cluster Exposure Cap,hdfcbank_ns,2016-10-28,2016-11-11,1.2797028990692194,543.3364003761781,1
Candidate D: Correlation Cluster Exposure Cap,tcs_ns,2016-11-08,2016-11-22,-6.537642535217382,-2563.4984895459943,0
Candidate D: Correlation Cluster Exposure Cap,infy_ns,2016-11-08,2016-11-22,-7.007639435768293,-2672.056352987056,0
Candidate D: Correlation Cluster Exposure Cap,icicibank_ns,2016-11-16,2016-11-30,-0.2940563674800652,-114.99005263021809,0
Candidate D: Correlation Cluster Exposure Cap,hdfcbank_ns,2016-11-18,2016-12-02,-1.889928871925834,-591.2418011892993,0
Candidate D: Correlation Cluster Exposure Cap,tcs_ns,2016-11-22,2016-12-06,2.1666942673265512,701.0690733145474,1
Candidate D: Correlation Cluster Exposure Cap,infy_ns,2016-11-22,2016-12-06,5.667986994210874,1869.1326533513563,1
Candidate D: Correlation Cluster Exposure Cap,reliance_ns,2016-11-30,2016-12-14,6.961292040277865,1836.5007930029356,1
Candidate D: Correlation Cluster Exposure Cap,hdfcbank_ns,2016-12-05,2016-12-19,-1.6874953816127118,-591.3280098480678,0
Candidate D: Correlation Cluster Exposure Cap,infy_ns,2016-12-06,2016-12-20,4.670869053477027,1943.7434533423013,1
Candidate D: Correlation Cluster Exposure Cap,tcs_ns,2016-12-14,2016-12-28,4.740129557315426,1578.052510492459,1
Candidate D: Correlation Cluster Exposure Cap,hdfcbank_ns,2016-12-19,2017-01-02,1.6784725386143642,657.4035968673259,1
Candidate D: Correlation Cluster Exposure Cap,infy_ns,2016-12-21,2017-01-04,-0.4292209919987909,-171.88156599150565,0
Candidate D: Correlation Cluster Exposure Cap,reliance_ns,2016-12-21,2017-01-04,0.31661860646251844,101.43194841873759,1
Candidate D: Correlation Cluster Exposure Cap,hdfcbank_ns,2017-01-03,2017-01-17,4.032332515461915,1635.8171785477125,1
Candidate D: Correlation Cluster Exposure Cap,infy_ns,2017-01-04,2017-01-18,-4.753236001095238,-1921.6685858516187,0
Candidate D: Correlation Cluster Exposure Cap,reliance_ns,2017-01-10,2017-01-24,-5.786453823707451,-2243.4311595249696,0
Candidate D: Correlation Cluster Exposure Cap,tcs_ns,2017-01-13,2017-01-27,4.771310969894823,1479.8849903946314,1
Candidate D: Correlation Cluster Exposure Cap,infy_ns,2017-01-19,2017-02-02,-2.3659223214382408,-968.9662141630012,0
Candidate D: Correlation Cluster Exposure Cap,tcs_ns,2017-01-31,2017-02-14,7.859306768962368,3659.979047117934,1
Candidate D: Correlation Cluster Exposure Cap,icicibank_ns,2017-02-01,2017-02-15,-0.13892620175684703,-51.75692996575775,0
Candidate D: Correlation Cluster Exposure Cap,infy_ns,2017-02-06,2017-02-20,7.965236567762631,3010.956164700673,1
Candidate D: Correlation Cluster Exposure Cap,reliance_ns,2017-02-13,2017-02-27,20.238927576064526,6120.448349139146,1
Candidate D: Correlation Cluster Exposure Cap,infy_ns,2017-02-20,2017-03-06,2.2898366148829963,1141.2911443790802,1
Candidate D: Correlation Cluster Exposure Cap,icicibank_ns,2017-02-21,2017-03-07,-3.1383427297221695,-1251.3601161509591,0
Candidate D: Correlation Cluster Exposure Cap,hdfcbank_ns,2017-03-02,2017-03-16,2.647730284662384,1037.1399480704513,1
Candidate D: Correlation Cluster Exposure Cap,infy_ns,2017-03-08,2017-03-22,1.9236072274395364,947.5244127460109,1
Candidate D: Correlation Cluster Exposure Cap,tcs_ns,2017-03-24,2017-04-07,0.026185425371695353,15.053686919161734,1
Candidate D: Correlation Cluster Exposure Cap,infy_ns,2017-04-03,2017-04-17,-8.362650120137252,-3846.0697868704774,0
Candidate D: Correlation Cluster Exposure Cap,reliance_ns,2017-04-06,2017-04-20,-4.840788759045287,-1781.06328719449,0
Candidate D: Correlation Cluster Exposure Cap,tcs_ns,2017-04-07,2017-04-21,-4.915724156528607,-2012.2534828299108,0
Candidate D: Correlation Cluster Exposure Cap,icicibank_ns,2017-04-12,2017-04-26,-1.4381950252944593,-470.9805280337171,0
Candidate D: Correlation Cluster Exposure Cap,infy_ns,2017-04-18,2017-05-02,-0.05542175281929957,-19.191121750716153,0
Candidate D: Correlation Cluster Exposure Cap,tcs_ns,2017-04-21,2017-05-05,0.3695560408268874,157.02009129845177,1
Candidate D: Correlation Cluster Exposure Cap,infy_ns,2017-05-02,2017-05-16,3.4600612680255827,1638.9663396896976,1
Candidate D: Correlation Cluster Exposure Cap,infy_ns,2017-05-16,2017-05-30,4.261980335175679,2396.302567208294,1
Candidate D: Correlation Cluster Exposure Cap,infy_ns,2017-05-30,2017-06-13,-3.9027227395655903,-2213.0138455102165,0
Candidate D: Correlation Cluster Exposure Cap,tcs_ns,2017-06-13,2017-06-27,-4.481710510997856,-2033.0601119793405,0
Candidate D: Correlation Cluster Exposure Cap,infy_ns,2017-06-13,2017-06-27,-3.258877155116792,-1537.8334092998052,0
Candidate D: Correlation Cluster Exposure Cap,hdfcbank_ns,2017-06-23,2017-07-07,-0.731759034886446,-276.2481524382662,0
Candidate D: Correlation Cluster Exposure Cap,tcs_ns,2017-06-27,2017-07-11,5.621872747181887,2185.0578814247533,1
Candidate D: Correlation Cluster Exposure Cap,infy_ns,2017-06-29,2017-07-13,4.98403031430218,2004.7718807268097,1
Candidate D: Correlation Cluster Exposure Cap,reliance_ns,2017-07-07,2017-07-21,6.240657252123551,2008.1890979530012,1
Candidate D: Correlation Cluster Exposure Cap,hdfcbank_ns,2017-07-07,2017-07-21,2.099242661759643,697.7526178753712,1
Candidate D: Correlation Cluster Exposure Cap,tcs_ns,2017-07-11,2017-07-25,3.8134824828266822,1327.1326941508319,1
Candidate D: Correlation Cluster Exposure Cap,reliance_ns,2017-07-21,2017-08-04,2.292672904262293,988.6935377571688,1
Candidate D: Correlation Cluster Exposure Cap,hdfcbank_ns,2017-07-21,2017-08-04,5.067662352686679,2092.2581579715234,1
Candidate D: Correlation Cluster Exposure Cap,icicibank_ns,2017-08-03,2017-08-17,-0.9119354738501416,-367.09784489133466,0
Candidate D: Correlation Cluster Exposure Cap,infy_ns,2017-08-04,2017-08-18,-6.196861499364676,-1995.6276001875842,0
Candidate D: Correlation Cluster Exposure Cap,reliance_ns,2017-08-07,2017-08-21,-3.262427863928119,-1411.3709113007883,0
Candidate D: Correlation Cluster Exposure Cap,reliance_ns,2017-08-23,2017-09-06,3.952295949195149,2252.7406352198855,1
Candidate D: Correlation Cluster Exposure Cap,icicibank_ns,2017-09-04,2017-09-18,-1.4293187533749347,-651.7496620292815,0
Candidate D: Correlation Cluster Exposure Cap,hdfcbank_ns,2017-09-04,2017-09-18,6.2036495669463525,2263.0229955681693,1
Candidate D: Correlation Cluster Exposure Cap,reliance_ns,2017-09-06,2017-09-20,2.9204403712408813,1198.3537046187694,1
Candidate D: Correlation Cluster Exposure Cap,icicibank_ns,2017-09-18,2017-10-03,-5.030445768076405,-2103.5328246043614,0
Candidate D: Correlation Cluster Exposure Cap,reliance_ns,2017-09-20,2017-10-04,-3.3889416034725985,-1682.5263128178628,0
Candidate D: Correlation Cluster Exposure Cap,reliance_ns,2017-10-04,2017-10-18,11.625176499868793,6655.825051368944,1
Candidate D: Correlation Cluster Exposure Cap,icicibank_ns,2017-10-09,2017-10-23,-3.4337763388878506,-1572.7668016000025,0
Candidate D: Correlation Cluster Exposure Cap,reliance_ns,2017-10-18,2017-11-01,4.108661244951586,2030.6704209965658,1
Candidate D: Correlation Cluster Exposure Cap,reliance_ns,2017-11-07,2017-11-21,2.7995723805034216,1642.6850830442927,1
Candidate D: Correlation Cluster Exposure Cap,infy_ns,2017-11-14,2017-11-28,3.699050418088581,1736.3723075822622,1
Candidate D: Correlation Cluster Exposure Cap,reliance_ns,2017-11-21,2017-12-05,-2.0703283472430236,-1027.2268834857978,0
Candidate D: Correlation Cluster Exposure Cap,icicibank_ns,2017-11-24,2017-12-08,-2.082404461800595,-826.5749143804768,0
Candidate D: Correlation Cluster Exposure Cap,infy_ns,2017-11-29,2017-12-13,2.090985299452684,867.5522037857576,1
Candidate D: Correlation Cluster Exposure Cap,reliance_ns,2017-12-05,2017-12-19,1.2900379182174602,553.5548828116516,1
Candidate D: Correlation Cluster Exposure Cap,tcs_ns,2017-12-07,2017-12-21,-0.8729734952225022,-299.67413144773076,0
Candidate D: Correlation Cluster Exposure Cap,infy_ns,2017-12-13,2017-12-27,2.9870859277708592,1305.5733499666821,1
Candidate D: Correlation Cluster Exposure Cap,reliance_ns,2017-12-19,2018-01-02,-1.6475640948280554,-719.3019561539238,0
Candidate D: Correlation Cluster Exposure Cap,tcs_ns,2018-01-01,2018-01-15,3.7468606853692266,1900.971103878312,1
Candidate D: Correlation Cluster Exposure Cap,infy_ns,2018-01-03,2018-01-17,12.750801856620988,6270.317792349065,1
Candidate D: Correlation Cluster Exposure Cap,reliance_ns,2018-01-03,2018-01-17,1.0098098232681545,397.26621575187005,1
Candidate D: Correlation Cluster Exposure Cap,reliance_ns,2018-01-18,2018-02-01,2.574541010672547,1571.4120029828348,1
Candidate D: Correlation Cluster Exposure Cap,infy_ns,2018-01-30,2018-02-14,-6.274197914173826,-3063.64509108272,0
Candidate D: Correlation Cluster Exposure Cap,reliance_ns,2018-02-01,2018-02-15,-0.9183441818378818,-473.7280000976353,0
Candidate D: Correlation Cluster Exposure Cap,icicibank_ns,2018-02-05,2018-02-19,-3.0663896975177742,-1265.4381114652947,0
Candidate D: Correlation Cluster Exposure Cap,tcs_ns,2018-02-14,2018-02-28,4.180660517008303,1380.220434109346,1
Candidate D: Correlation Cluster Exposure Cap,infy_ns,2018-02-14,2018-02-28,6.765080901675656,2405.9775969125135,1
Candidate D: Correlation Cluster Exposure Cap,reliance_ns,2018-02-16,2018-03-05,0.2537649871738281,98.14102224359249,1
Candidate D: Correlation Cluster Exposure Cap,hdfcbank_ns,2018-02-22,2018-03-08,-0.0688754914397302,-26.819909495244392,0
Candidate D: Correlation Cluster Exposure Cap,icicibank_ns,2018-02-23,2018-03-09,-9.355952842470106,-2914.5439485846314,0
Candidate D: Correlation Cluster Exposure Cap,infy_ns,2018-03-01,2018-03-15,1.8228516045660128,718.1025511182036,1
Candidate D: Correlation Cluster Exposure Cap,hdfcbank_ns,2018-03-08,2018-03-22,0.7537657985313087,354.6661687796259,1
Candidate D: Correlation Cluster Exposure Cap,tcs_ns,2018-03-13,2018-03-27,-1.403767041236068,-607.6837047294307,0
Candidate D: Correlation Cluster Exposure Cap,infy_ns,2018-03-21,2018-04-04,-3.756929233722565,-1602.4847630953186,0
Candidate D: Correlation Cluster Exposure Cap,icicibank_ns,2018-03-21,2018-04-04,-7.152262252564394,-2440.587100447391,0
Candidate D: Correlation Cluster Exposure Cap,tcs_ns,2018-03-27,2018-04-10,3.105360394417815,1407.2388043398387,1
Candidate D: Correlation Cluster Exposure Cap,infy_ns,2018-04-09,2018-04-23,6.826195833186867,3467.7087251440403,1
Candidate D: Correlation Cluster Exposure Cap,infy_ns,2018-04-25,2018-05-09,0.8415241794115399,511.9689699710327,1
Candidate D: Correlation Cluster Exposure Cap,tcs_ns,2018-04-26,2018-05-10,-2.5351592851592852,-1233.8781650629303,0
Candidate D: Correlation Cluster Exposure Cap,infy_ns,2018-05-09,2018-05-23,1.1623493463341472,595.1991423267431,1
Candidate D: Correlation Cluster Exposure Cap,tcs_ns,2018-05-18,2018-06-01,-1.1102810037954194,-560.1656509797639,0
Candidate D: Correlation Cluster Exposure Cap,hdfcbank_ns,2018-05-23,2018-06-06,4.514430628077352,2289.8290747947594,1
Candidate D: Correlation Cluster Exposure Cap,infy_ns,2018-06-18,2018-07-02,5.25742271569166,3215.3811931087425,1
Candidate D: Correlation Cluster Exposure Cap,hdfcbank_ns,2018-07-04,2018-07-18,3.4019538735496555,2102.4742663474785,1
Candidate D: Correlation Cluster Exposure Cap,infy_ns,2018-07-06,2018-07-20,4.919285621813863,2432.172054792756,1
Candidate D: Correlation Cluster Exposure Cap,tcs_ns,2018-07-10,2018-07-24,6.554345155684732,2592.456929832788,1
Candidate D: Correlation Cluster Exposure Cap,infy_ns,2018-07-23,2018-08-06,0.2964525516967949,162.45078313281536,1
Candidate D: Correlation Cluster Exposure Cap,hdfcbank_ns,2018-08-02,2018-08-16,-2.6071660524183757,-1362.7066500504968,0
Candidate D: Correlation Cluster Exposure Cap,infy_ns,2018-08-06,2018-08-20,1.6835960882595307,889.0452477095869,1
Candidate D: Correlation Cluster Exposure Cap,hdfcbank_ns,2018-08-16,2018-08-30,-0.512256290146855,-268.55582558171756,0
Candidate D: Correlation Cluster Exposure Cap,tcs_ns,2018-08-28,2018-09-11,-1.158567404677254,-610.332473539061,0
Candidate D: Correlation Cluster Exposure Cap,reliance_ns,2018-08-30,2018-09-14,-1.720478204104944,-725.0773420637923,0
Candidate D: Correlation Cluster Exposure Cap,hdfcbank_ns,2018-08-30,2018-09-14,-1.8157359413835652,-801.586701429235,0
Candidate D: Correlation Cluster Exposure Cap,infy_ns,2018-09-06,2018-09-21,-3.0533845657065286,-1078.373746506172,0
Candidate D: Correlation Cluster Exposure Cap,hdfcbank_ns,2018-09-17,2018-10-01,2.119881340202408,1179.089996840918,1
Candidate D: Correlation Cluster Exposure Cap,icicibank_ns,2018-09-18,2018-10-03,-4.799072795883875,-2135.4171558292114,0
Candidate D: Correlation Cluster Exposure Cap,infy_ns,2018-09-26,2018-10-10,-2.4726877465617187,-1049.5311362929929,0
Candidate D: Correlation Cluster Exposure Cap,hdfcbank_ns,2018-10-04,2018-10-19,0.4605350529945091,247.7130556300951,1
Candidate D: Correlation Cluster Exposure Cap,tcs_ns,2018-10-10,2018-10-24,-9.592103539232708,-4127.528208198153,0
Candidate D: Correlation Cluster Exposure Cap,infy_ns,2018-10-11,2018-10-25,-3.701544737452282,-1580.6879856642552,0
Candidate D: Correlation Cluster Exposure Cap,hdfcbank_ns,2018-10-19,2018-11-02,-0.9795336706243647,-440.4956778133663,0
Candidate D: Correlation Cluster Exposure Cap,tcs_ns,2018-10-24,2018-11-07,5.013738133722232,2193.8383445327554,1
Candidate D: Correlation Cluster Exposure Cap,hdfcbank_ns,2018-11-02,2018-11-16,2.7622123665942926,1440.0981065940737,1
Candidate D: Correlation Cluster Exposure Cap,tcs_ns,2018-11-09,2018-11-26,-3.353395517029678,-1706.8319408114469,0
Candidate D: Correlation Cluster Exposure Cap,infy_ns,2018-11-16,2018-11-30,2.499241334432907,1017.6634198365705,1
Candidate D: Correlation Cluster Exposure Cap,hdfcbank_ns,2018-11-16,2018-11-30,6.1410803956288795,2658.4902733957883,1
Candidate D: Correlation Cluster Exposure Cap,reliance_ns,2018-11-19,2018-12-03,0.5105905258873433,176.82881308321157,1
Candidate D: Correlation Cluster Exposure Cap,tcs_ns,2018-11-26,2018-12-10,6.972112828121412,2617.6190830212854,1
Candidate D: Correlation Cluster Exposure Cap,infy_ns,2018-12-18,2019-01-01,-1.7562094613696881,-1098.7992470693196,0
Candidate D: Correlation Cluster Exposure Cap,tcs_ns,2018-12-21,2019-01-04,-1.049082061279321,-525.0993594573257,0
Candidate D: Correlation Cluster Exposure Cap,infy_ns,2019-01-02,2019-01-16,10.071235518347267,5270.894096277534,1
Candidate D: Correlation Cluster Exposure Cap,tcs_ns,2019-01-08,2019-01-22,0.39074887818832976,202.3083630297664,1
Candidate D: Correlation Cluster Exposure Cap,hdfcbank_ns,2019-01-10,2019-01-24,-0.346271045767133,-143.42414239764543,0
Candidate D: Correlation Cluster Exposure Cap,reliance_ns,2019-01-22,2019-02-05,4.5139635446520945,2485.0481175393006,1
Candidate D: Correlation Cluster Exposure Cap,icicibank_ns,2019-01-25,2019-02-08,-0.637613669858254,-333.4541547174292,0
Candidate D: Correlation Cluster Exposure Cap,reliance_ns,2019-02-05,2019-02-19,-5.888890922406847,-3141.444739227427,0
Candidate D: Correlation Cluster Exposure Cap,hdfcbank_ns,2019-02-12,2019-02-26,-0.9440472479812858,-500.99611955983374,0
Candidate D: Correlation Cluster Exposure Cap,infy_ns,2019-02-14,2019-02-28,-0.8265860542933724,-350.92854224725227,0
Candidate D: Correlation Cluster Exposure Cap,tcs_ns,2019-02-19,2019-03-05,4.320972000218915,1467.5809225204598,1
Candidate D: Correlation Cluster Exposure Cap,infy_ns,2019-02-28,2019-03-14,-3.582212669495579,-2011.287716861152,0
Candidate D: Correlation Cluster Exposure Cap,hdfcbank_ns,2019-03-11,2019-03-25,7.127696263109605,3706.6557397518695,1
Candidate D: Correlation Cluster Exposure Cap,reliance_ns,2019-03-14,2019-03-28,1.3245828529961101,694.4773797758323,1
Candidate D: Correlation Cluster Exposure Cap,icicibank_ns,2019-03-25,2019-04-08,0.8882545242409041,372.56872119310947,1
Candidate D: Correlation Cluster Exposure Cap,infy_ns,2019-03-27,2019-04-10,3.100404223027158,1385.7930963597942,1
Candidate D: Correlation Cluster Exposure Cap,hdfcbank_ns,2019-04-03,2019-04-18,-0.010769713550185364,-4.995274671207927,0
Candidate D: Correlation Cluster Exposure Cap,icicibank_ns,2019-04-08,2019-04-22,1.8606933048092658,847.9065507919844,1
Candidate D: Correlation Cluster Exposure Cap,infy_ns,2019-04-18,2019-05-02,1.8666202125322402,852.5247239055615,1
Candidate D: Correlation Cluster Exposure Cap,icicibank_ns,2019-04-25,2019-05-09,-3.5889479554881745,-1977.3906615756025,0
Candidate D: Correlation Cluster Exposure Cap,hdfcbank_ns,2019-04-26,2019-05-10,0.6313947757041246,278.3019756718948,1
Candidate D: Correlation Cluster Exposure Cap,hdfcbank_ns,2019-05-10,2019-05-24,3.2947277425395978,2110.6610344413166,1
Candidate D: Correlation Cluster Exposure Cap,tcs_ns,2019-05-22,2019-06-06,3.9998581773710518,2049.9040789964947,1
Candidate D: Correlation Cluster Exposure Cap,infy_ns,2019-05-27,2019-06-10,6.3583217012268225,3448.3736040382237,1
Candidate D: Correlation Cluster Exposure Cap,hdfcbank_ns,2019-06-04,2019-06-18,-1.4785578072084549,-641.505095715872,0
Candidate D: Correlation Cluster Exposure Cap,infy_ns,2019-06-14,2019-06-28,-1.1906289501912084,-677.5407154545859,0
Candidate D: Correlation Cluster Exposure Cap,hdfcbank_ns,2019-06-18,2019-07-02,3.1648567587134133,1711.3658129101104,1
Candidate D: Correlation Cluster Exposure Cap,reliance_ns,2019-06-26,2019-07-10,-1.231649276935171,-532.801988017727,0
Candidate D: Correlation Cluster Exposure Cap,infy_ns,2019-06-28,2019-07-12,-0.7668545081967213,-351.6265576161832,0
Candidate D: Correlation Cluster Exposure Cap,hdfcbank_ns,2019-07-02,2019-07-16,-4.208242437022482,-2013.2046585907894,0
Candidate D: Correlation Cluster Exposure Cap,icicibank_ns,2019-07-08,2019-07-22,-3.4293834481796974,-1312.4815572848856,0
Candidate D: Correlation Cluster Exposure Cap,tcs_ns,2019-07-11,2019-07-25,1.155068987679465,452.3550913384802,1
Candidate D: Correlation Cluster Exposure Cap,infy_ns,2019-07-12,2019-07-26,8.236188510491917,3329.922110877612,1
Candidate D: Correlation Cluster Exposure Cap,reliance_ns,2019-07-12,2019-07-26,-5.256305903347635,-1700.1154577068723,0
Candidate D: Correlation Cluster Exposure Cap,icicibank_ns,2019-07-22,2019-08-05,-2.199594435106651,-933.3439189852976,0
Candidate D: Correlation Cluster Exposure Cap,hdfcbank_ns,2019-07-23,2019-08-06,-3.33529721195397,-1132.201217133891,0
Candidate D: Correlation Cluster Exposure Cap,tcs_ns,2019-08-02,2019-08-16,-1.8719675466674135,-935.2484350167229,0
Candidate D: Correlation Cluster Exposure Cap,icicibank_ns,2019-08-05,2019-08-19,5.100782395226328,2462.0668220855127,1
Candidate D: Correlation Cluster Exposure Cap,infy_ns,2019-08-06,2019-08-20,2.3117841708010247,892.6892646239414,1
Candidate D: Correlation Cluster Exposure Cap,hdfcbank_ns,2019-08-06,2019-08-20,1.3882279747604265,519.9545797543072,1
Candidate D: Correlation Cluster Exposure Cap,icicibank_ns,2019-08-19,2019-09-03,-7.427037187118238,-3707.193181255896,0
Candidate D: Correlation Cluster Exposure Cap,hdfcbank_ns,2019-08-20,2019-09-03,-0.4843565246760569,-268.4703543716846,0
Candidate D: Correlation Cluster Exposure Cap,infy_ns,2019-08-27,2019-09-11,4.465672604833994,1980.1954067277934,1
Candidate D: Correlation Cluster Exposure Cap,hdfcbank_ns,2019-09-03,2019-09-17,-0.03191065288832848,-17.789412081014582,0
Candidate D: Correlation Cluster Exposure Cap,icicibank_ns,2019-09-04,2019-09-18,0.41517763533682184,185.1611389506685,1
Candidate D: Correlation Cluster Exposure Cap,tcs_ns,2019-09-17,2019-10-01,-3.0023757604630306,-1349.3577746267058,0
Candidate D: Correlation Cluster Exposure Cap,hdfcbank_ns,2019-09-17,2019-10-01,12.888108502278175,6070.3450079139575,1
Candidate D: Correlation Cluster Exposure Cap,icicibank_ns,2019-09-19,2019-10-03,10.472408447069723,4884.009547801236,1
Candidate D: Correlation Cluster Exposure Cap,infy_ns,2019-09-20,2019-10-04,-1.4840637017481073,-553.6973715658396,0
Candidate D: Correlation Cluster Exposure Cap,tcs_ns,2019-10-01,2019-10-15,-1.1489867680862524,-443.1224005330143,0
Candidate D: Correlation Cluster Exposure Cap,hdfcbank_ns,2019-10-03,2019-10-17,-0.3399982560672,-176.08991650726833,0
Candidate D: Correlation Cluster Exposure Cap,infy_ns,2019-10-09,2019-10-23,-17.019759415645158,-8302.971002491047,0
Candidate D: Correlation Cluster Exposure Cap,tcs_ns,2019-10-15,2019-10-29,7.6794100048880845,2983.189833689289,1
Candidate D: Correlation Cluster Exposure Cap,reliance_ns,2019-10-14,2019-10-29,7.976178449837834,3112.898449966116,1
Candidate D: Correlation Cluster Exposure Cap,hdfcbank_ns,2019-10-23,2019-11-06,1.161543500281727,574.924696464266,1
Candidate D: Correlation Cluster Exposure Cap,infy_ns,2019-10-24,2019-11-07,13.282435390727803,5259.484562372902,1
Candidate D: Correlation Cluster Exposure Cap,reliance_ns,2019-10-30,2019-11-13,-0.5095140979034234,-246.97095578529976,0
Candidate D: Correlation Cluster Exposure Cap,infy_ns,2019-11-08,2019-11-22,-2.1600807294741666,-1247.7306718970533,0
Candidate D: Correlation Cluster Exposure Cap,reliance_ns,2019-11-13,2019-11-27,6.572381157834972,3671.036202196542,1
Candidate D: Correlation Cluster Exposure Cap,tcs_ns,2019-11-20,2019-12-04,-1.4744396911708872,-658.8445014685467,0
Candidate D: Correlation Cluster Exposure Cap,infy_ns,2019-11-22,2019-12-06,3.107676429855489,1462.180479407297,1
Candidate D: Correlation Cluster Exposure Cap,hdfcbank_ns,2019-11-25,2019-12-09,-2.263511914268244,-851.9967919833337,0
Candidate D: Correlation Cluster Exposure Cap,reliance_ns,2019-11-27,2019-12-11,-0.5243295665301868,-220.31118376082682,0
Candidate D: Correlation Cluster Exposure Cap,tcs_ns,2019-12-04,2019-12-18,4.241815010825115,1799.346730727645,1
Candidate D: Correlation Cluster Exposure Cap,hdfcbank_ns,2019-12-23,2020-01-06,-4.765858956866835,-3250.2616535569873,0
Candidate D: Correlation Cluster Exposure Cap,reliance_ns,2020-01-01,2020-01-15,0.8934907553806742,487.48043386171344,1
Candidate D: Correlation Cluster Exposure Cap,icicibank_ns,2020-01-13,2020-01-27,-0.3005199887312733,-170.20548548388223,0
Candidate D: Correlation Cluster Exposure Cap,hdfcbank_ns,2020-01-16,2020-01-30,-4.831514730771758,-2721.0563753958554,0
Candidate D: Correlation Cluster Exposure Cap,icicibank_ns,2020-01-29,2020-02-12,4.258519417548872,2399.6111575407294,1
Candidate D: Correlation Cluster Exposure Cap,tcs_ns,2020-01-31,2020-02-14,5.005064809614235,2792.7439883551688,1
Candidate D: Correlation Cluster Exposure Cap,infy_ns,2020-02-06,2020-02-20,3.2736792912815984,1461.3274366345966,1
Candidate D: Correlation Cluster Exposure Cap,icicibank_ns,2020-02-13,2020-02-27,-4.788853863559236,-2272.8172619408174,0
Candidate D: Correlation Cluster Exposure Cap,infy_ns,2020-02-20,2020-03-05,-5.36729289860169,-3161.693940527802,0
Candidate D: Correlation Cluster Exposure Cap,tcs_ns,2020-02-28,2020-03-13,-9.736925892216703,-5468.539226815541,0
Candidate D: Correlation Cluster Exposure Cap,icicibank_ns,2020-03-02,2020-03-16,-20.43103358169693,-9179.727550372421,0
Candidate D: Correlation Cluster Exposure Cap,hdfcbank_ns,2020-03-04,2020-03-18,-23.709658090488126,-8522.25907075572,0
Candidate D: Correlation Cluster Exposure Cap,infy_ns,2020-03-05,2020-03-19,-27.739566599419607,-11069.306998844047,0
Candidate D: Correlation Cluster Exposure Cap,hdfcbank_ns,2020-03-18,2020-04-01,-5.435605392308693,-2973.1078970552435,0
Candidate D: Correlation Cluster Exposure Cap,infy_ns,2020-03-19,2020-04-03,7.305870277662698,3618.1987834729225,1
Candidate D: Correlation Cluster Exposure Cap,infy_ns,2020-04-03,2020-04-17,7.296501946778637,4421.165116453667,1
Candidate D: Correlation Cluster Exposure Cap,infy_ns,2020-04-17,2020-05-04,7.095532755614749,4362.13301691585,1
Candidate D: Correlation Cluster Exposure Cap,hdfcbank_ns,2020-04-27,2020-05-11,-1.5443610002622736,-759.5435991977282,0
Candidate D: Correlation Cluster Exposure Cap,icicibank_ns,2020-05-04,2020-05-18,-11.743599830354578,-6166.946260376164,0
Candidate D: Correlation Cluster Exposure Cap,infy_ns,2020-05-05,2020-05-19,-0.8066404201306027,-338.8744980587427,0
Candidate D: Correlation Cluster Exposure Cap,tcs_ns,2020-05-07,2020-05-21,5.209966194077243,1750.9905379004817,1
Candidate D: Correlation Cluster Exposure Cap,hdfcbank_ns,2020-05-11,2020-05-26,-6.9694435730372835,-2548.810857078427,0
Candidate D: Correlation Cluster Exposure Cap,infy_ns,2020-05-19,2020-06-02,5.85491346718954,2743.6467871567693,1
Candidate D: Correlation Cluster Exposure Cap,icicibank_ns,2020-05-20,2020-06-03,16.692814730190758,6257.880702728878,1
Candidate D: Correlation Cluster Exposure Cap,tcs_ns,2020-05-26,2020-06-09,6.588472661024753,2441.863866575753,1
Candidate D: Correlation Cluster Exposure Cap,hdfcbank_ns,2020-05-26,2020-06-09,15.7679856329662,5748.15901793157,1
Candidate D: Correlation Cluster Exposure Cap,reliance_ns,2020-06-05,2020-06-19,11.17913343630804,5347.40561235308,1
Candidate D: Correlation Cluster Exposure Cap,icicibank_ns,2020-06-05,2020-06-19,1.7967736205790306,687.5722450262035,1
Candidate D: Correlation Cluster Exposure Cap,hdfcbank_ns,2020-06-10,2020-06-24,4.046355336184123,1899.970258853769,1
Candidate D: Correlation Cluster Exposure Cap,infy_ns,2020-06-15,2020-06-29,6.375410949789783,2394.8645506737694,1
Candidate D: Correlation Cluster Exposure Cap,tcs_ns,2020-06-22,2020-07-06,11.544584711724564,5596.633732347449,1
Candidate D: Correlation Cluster Exposure Cap,icicibank_ns,2020-06-26,2020-07-10,3.1709609863672714,1539.620804344897,1
Candidate D: Correlation Cluster Exposure Cap,infy_ns,2020-07-08,2020-07-22,18.425333670535434,10622.170017390323,1
Candidate D: Correlation Cluster Exposure Cap,hdfcbank_ns,2020-07-14,2020-07-28,2.5741818429787346,1445.1077170603753,1
Candidate D: Correlation Cluster Exposure Cap,reliance_ns,2020-07-15,2020-07-29,13.644346077212042,6127.787705193434,1
Candidate D: Correlation Cluster Exposure Cap,icicibank_ns,2020-07-15,2020-07-29,1.4674595677376412,527.2384998835262,1
Candidate D: Correlation Cluster Exposure Cap,hdfcbank_ns,2020-07-28,2020-08-11,-1.8895987255214848,-1018.7591547050775,0
Candidate D: Correlation Cluster Exposure Cap,icicibank_ns,2020-07-30,2020-08-13,6.643267076705414,4027.822026065199,1
Candidate D: Correlation Cluster Exposure Cap,tcs_ns,2020-08-05,2020-08-19,-0.1782784860623202,-86.47239433781542,0
Candidate D: Correlation Cluster Exposure Cap,infy_ns,2020-08-05,2020-08-19,1.4946888334480661,579.9884218135854,1
Candidate D: Correlation Cluster Exposure Cap,hdfcbank_ns,2020-08-11,2020-08-25,4.921021476661069,2048.2122328478963,1
Candidate D: Correlation Cluster Exposure Cap,tcs_ns,2020-08-19,2020-09-02,0.32869048193482786,183.77896912054942,1
Candidate D: Correlation Cluster Exposure Cap,hdfcbank_ns,2020-08-31,2020-09-14,-5.236277337279783,-3211.9645675499123,0
Candidate D: Correlation Cluster Exposure Cap,tcs_ns,2020-09-02,2020-09-16,10.44516291886208,6297.570423653266,1
Candidate D: Correlation Cluster Exposure Cap,icicibank_ns,2020-09-09,2020-09-23,-4.332406076883209,-2089.6663908432524,0
Candidate D: Correlation Cluster Exposure Cap,hdfcbank_ns,2020-09-14,2020-09-28,-0.40428188222403716,-202.99980892609392,0
Candidate D: Correlation Cluster Exposure Cap,icicibank_ns,2020-09-25,2020-10-09,15.100891158812816,9470.75966057307,1
Candidate D: Correlation Cluster Exposure Cap,hdfcbank_ns,2020-09-28,2020-10-12,15.067658469667577,9066.98422354033,1
Candidate D: Correlation Cluster Exposure Cap,infy_ns,2020-10-28,2020-11-11,4.21612550399145,3222.2160219817442,1
Candidate D: Correlation Cluster Exposure Cap,icicibank_ns,2020-10-30,2020-11-13,23.61365391092552,14437.57666080528,1
Candidate D: Correlation Cluster Exposure Cap,reliance_ns,2020-11-17,2020-12-01,-1.97302801838822,-1577.592898792061,0
Candidate D: Correlation Cluster Exposure Cap,infy_ns,2020-12-03,2020-12-17,2.8559102862001433,2274.5165971778843,1
Candidate D: Correlation Cluster Exposure Cap,icicibank_ns,2020-12-10,2020-12-24,1.251247744215566,797.2193734940722,1
Candidate D: Correlation Cluster Exposure Cap,icicibank_ns,2021-01-27,2021-02-10,20.95988875908458,16821.733031552183,1
Candidate D: Correlation Cluster Exposure Cap,reliance_ns,2021-01-28,2021-02-11,9.491998601733245,6094.378391011915,1
Candidate D: Correlation Cluster Exposure Cap,tcs_ns,2021-02-26,2021-03-12,5.601386332899567,4752.216619348499,1
Candidate D: Correlation Cluster Exposure Cap,icicibank_ns,2021-03-05,2021-03-19,-3.7892054053041746,-2571.809738663784,0
Candidate D: Correlation Cluster Exposure Cap,hdfcbank_ns,2021-03-16,2021-03-30,2.6963645222983468,1947.2079553782555,1
Candidate D: Correlation Cluster Exposure Cap,icicibank_ns,2021-03-19,2021-04-05,-2.6737660890288204,-1893.9055109512083,0
Candidate D: Correlation Cluster Exposure Cap,icicibank_ns,2021-04-05,2021-04-19,-2.0621225382932167,-1758.7172935025749,0
Candidate D: Correlation Cluster Exposure Cap,hdfcbank_ns,2021-04-06,2021-04-20,-3.4400746813500795,-2347.1423140695892,0
Candidate D: Correlation Cluster Exposure Cap,reliance_ns,2021-04-09,2021-04-23,-3.9682216862508057,-2165.995077235361,0
Candidate D: Correlation Cluster Exposure Cap,hdfcbank_ns,2021-04-26,2021-05-10,1.0207859675105984,857.7907334303222,1
Candidate D: Correlation Cluster Exposure Cap,tcs_ns,2021-05-12,2021-05-26,2.2451305269866473,1890.488298757243,1
Candidate D: Correlation Cluster Exposure Cap,tcs_ns,2021-05-26,2021-06-09,1.2711690675953777,1075.180663741397,1
Candidate D: Correlation Cluster Exposure Cap,icicibank_ns,2021-06-04,2021-06-18,-1.962842316099425,-1328.1695774650425,0
Candidate D: Correlation Cluster Exposure Cap,tcs_ns,2021-06-09,2021-06-23,1.8598297755668503,1325.3880759005333,1
Candidate D: Correlation Cluster Exposure Cap,hdfcbank_ns,2021-06-15,2021-06-29,0.7414208222587444,422.6925840012877,1
Candidate D: Correlation Cluster Exposure Cap,icicibank_ns,2021-06-22,2021-07-06,3.031602275227398,1784.8987888567228,1
Candidate D: Correlation Cluster Exposure Cap,hdfcbank_ns,2021-06-29,2021-07-13,-0.0633133516904062,-46.28571317369634,0
Candidate D: Correlation Cluster Exposure Cap,tcs_ns,2021-07-07,2021-07-22,-1.8384411811517571,-1298.249784105179,0
Candidate D: Correlation Cluster Exposure Cap,hdfcbank_ns,2021-07-14,2021-07-28,-5.50702893412014,-3915.794952615041,0
Candidate D: Correlation Cluster Exposure Cap,tcs_ns,2021-07-28,2021-08-11,4.525855280451366,3201.9541690615397,1
Candidate D: Correlation Cluster Exposure Cap,hdfcbank_ns,2021-07-28,2021-08-11,5.425980718179596,3800.159264259629,1
Candidate D: Correlation Cluster Exposure Cap,tcs_ns,2021-08-11,2021-08-25,9.358607541347933,6627.680338143908,1
Candidate D: Correlation Cluster Exposure Cap,hdfcbank_ns,2021-08-12,2021-08-26,3.5049036588490123,2503.2923505024473,1
Candidate D: Correlation Cluster Exposure Cap,icicibank_ns,2021-08-18,2021-09-01,4.538731245522456,2593.3428850101836,1
Candidate D: Correlation Cluster Exposure Cap,hdfcbank_ns,2021-08-27,2021-09-13,0.40830009565702596,310.24671548008445,1
Candidate D: Correlation Cluster Exposure Cap,reliance_ns,2021-09-03,2021-09-17,0.03578231466540508,26.02600112560357,1
Candidate D: Correlation Cluster Exposure Cap,hdfcbank_ns,2021-09-14,2021-09-28,4.242192561054073,3115.739854280214,1
Candidate D: Correlation Cluster Exposure Cap,tcs_ns,2021-09-30,2021-10-14,-4.3942159549263735,-3894.226911503405,0
Candidate D: Correlation Cluster Exposure Cap,reliance_ns,2021-09-30,2021-10-14,7.1370381507582765,5059.96907210721,1
Candidate D: Correlation Cluster Exposure Cap,hdfcbank_ns,2021-10-04,2021-10-18,5.279199041697047,2994.2486854883346,1
Candidate D: Correlation Cluster Exposure Cap,icicibank_ns,2021-10-06,2021-10-20,8.118498999005732,3683.711072670143,1
Candidate D: Correlation Cluster Exposure Cap,tcs_ns,2021-10-14,2021-10-28,-5.302880459887136,-2823.5142261009796,0
Candidate D: Correlation Cluster Exposure Cap,infy_ns,2021-10-21,2021-11-04,-2.6119477991669307,-2077.580171703702,0
Candidate D: Correlation Cluster Exposure Cap,tcs_ns,2021-10-28,2021-11-11,1.893997068728408,1396.2055889289948,1
Candidate D: Correlation Cluster Exposure Cap,icicibank_ns,2021-11-15,2021-11-29,-7.145889598269009,-6394.814998367086,0
Candidate D: Correlation Cluster Exposure Cap,hdfcbank_ns,2021-11-17,2021-12-01,-1.757404531497377,-1258.1528669505358,0
Candidate D: Correlation Cluster Exposure Cap,tcs_ns,2021-11-18,2021-12-02,4.758135153897382,2725.13756641491,1
Candidate D: Correlation Cluster Exposure Cap,hdfcbank_ns,2021-12-01,2021-12-15,-0.3588890656593294,-274.56513231171255,0
Candidate D: Correlation Cluster Exposure Cap,icicibank_ns,2021-12-03,2021-12-17,1.6244381131368397,1189.1376917615894,1
Candidate D: Correlation Cluster Exposure Cap,hdfcbank_ns,2021-12-15,2021-12-29,-3.125129960123698,-2306.6064063579415,0
Candidate D: Correlation Cluster Exposure Cap,icicibank_ns,2021-12-21,2022-01-04,7.234480013665231,5348.096523222006,1
Candidate D: Correlation Cluster Exposure Cap,hdfcbank_ns,2021-12-30,2022-01-13,4.497844680123161,3303.2362553949206,1
Candidate D: Correlation Cluster Exposure Cap,hdfcbank_ns,2022-01-14,2022-01-28,-5.347807533795777,-4810.658318280681,0
Candidate D: Correlation Cluster Exposure Cap,tcs_ns,2022-01-27,2022-02-10,3.2668335303808145,2350.9626774036196,1
Candidate D: Correlation Cluster Exposure Cap,hdfcbank_ns,2022-01-28,2022-02-11,3.7478592583731096,2795.9279682962842,1
Candidate D: Correlation Cluster Exposure Cap,icicibank_ns,2022-01-31,2022-02-14,-4.497569236949885,-2684.1732844356025,0
Candidate D: Correlation Cluster Exposure Cap,infy_ns,2022-02-09,2022-02-23,0.2692972796020675,128.57444106305968,1
Candidate D: Correlation Cluster Exposure Cap,hdfcbank_ns,2022-02-11,2022-02-25,-4.179349574226684,-2864.441197780771,0
Candidate D: Correlation Cluster Exposure Cap,icicibank_ns,2022-02-16,2022-03-02,-6.4861511663622435,-4295.75488201831,0
Candidate D: Correlation Cluster Exposure Cap,tcs_ns,2022-02-22,2022-03-08,0.3276286574974605,173.58983703405335,1
Candidate D: Correlation Cluster Exposure Cap,infy_ns,2022-02-24,2022-03-10,8.749935813340771,4546.604271450625,1
Candidate D: Correlation Cluster Exposure Cap,hdfcbank_ns,2022-02-25,2022-03-11,-4.120481271080519,-2254.066561156728,0
Candidate D: Correlation Cluster Exposure Cap,icicibank_ns,2022-03-02,2022-03-16,-1.0077604856924915,-565.8569948425219,0
Candidate D: Correlation Cluster Exposure Cap,tcs_ns,2022-03-10,2022-03-24,3.5080634404912656,1948.7790568442183,1
Candidate D: Correlation Cluster Exposure Cap,hdfcbank_ns,2022-03-11,2022-03-25,2.3900719076963894,1583.010370361424,1
Candidate D: Correlation Cluster Exposure Cap,icicibank_ns,2022-03-25,2022-04-08,7.81878266701069,5911.238855184037,1
Candidate D: Correlation Cluster Exposure Cap,hdfcbank_ns,2022-03-25,2022-04-08,5.800033096077242,4294.669262798897,1
Candidate D: Correlation Cluster Exposure Cap,infy_ns,2022-04-05,2022-04-19,-16.1131040524314,-9544.835562963954,0
Candidate D: Correlation Cluster Exposure Cap,hdfcbank_ns,2022-04-08,2022-04-22,-10.545528421835147,-8368.941558375098,0
Candidate D: Correlation Cluster Exposure Cap,tcs_ns,2022-04-18,2022-05-02,0.3565327416098091,226.35578294979337,1
Candidate D: Correlation Cluster Exposure Cap,infy_ns,2022-04-19,2022-05-04,-1.7424920740261882,-1058.1943643861641,0
Candidate D: Correlation Cluster Exposure Cap,hdfcbank_ns,2022-04-22,2022-05-06,-2.8517852378304513,-1790.3868071416287,0
Candidate D: Correlation Cluster Exposure Cap,reliance_ns,2022-04-26,2022-05-10,-10.888888222877075,-5468.945293653431,0
Candidate D: Correlation Cluster Exposure Cap,tcs_ns,2022-05-04,2022-05-18,-0.9389855936860138,-496.9383629409575,0
Candidate D: Correlation Cluster Exposure Cap,infy_ns,2022-05-04,2022-05-18,-1.7651458285271286,-957.9876318206897,0
Candidate D: Correlation Cluster Exposure Cap,icicibank_ns,2022-05-04,2022-05-18,-2.3822850399524294,-1034.3392899838516,0
Candidate D: Correlation Cluster Exposure Cap,hdfcbank_ns,2022-05-06,2022-05-20,0.20412117943122607,95.79924213434744,1
Candidate D: Correlation Cluster Exposure Cap,infy_ns,2022-05-18,2022-06-01,-2.079855445515404,-1406.9249000763928,0
Candidate D: Correlation Cluster Exposure Cap,icicibank_ns,2022-05-18,2022-06-01,6.350989660910801,3975.2736196758037,1
Candidate D: Correlation Cluster Exposure Cap,tcs_ns,2022-05-19,2022-06-02,4.884763752150203,2446.015316546619,1
Candidate D: Correlation Cluster Exposure Cap,hdfcbank_ns,2022-05-20,2022-06-03,4.44073960408538,2196.6195354824576,1
Candidate D: Correlation Cluster Exposure Cap,hdfcbank_ns,2022-06-03,2022-06-17,-6.606891299145393,-5746.007190409536,0
Candidate D: Correlation Cluster Exposure Cap,infy_ns,2022-06-08,2022-06-22,-4.231241666666666,-2943.9255395858527,0
Candidate D: Correlation Cluster Exposure Cap,icicibank_ns,2022-06-08,2022-06-22,-5.927803207930838,-3299.459143625665,0
Candidate D: Correlation Cluster Exposure Cap,tcs_ns,2022-06-15,2022-06-29,2.5747653031427316,1146.5067410845818,1
Candidate D: Correlation Cluster Exposure Cap,hdfcbank_ns,2022-06-17,2022-07-01,4.9097208761387865,2546.5570172694293,1
Candidate D: Correlation Cluster Exposure Cap,infy_ns,2022-06-22,2022-07-06,3.7331152827869523,2046.5133159606712,1
Candidate D: Correlation Cluster Exposure Cap,icicibank_ns,2022-06-22,2022-07-06,5.67827891076155,3084.9336654298845,1
Candidate D: Correlation Cluster Exposure Cap,hdfcbank_ns,2022-07-01,2022-07-15,0.5628087758973914,357.27552179661376,1
Candidate D: Correlation Cluster Exposure Cap,icicibank_ns,2022-07-07,2022-07-21,5.876954177897574,4327.834312128324,1
Candidate D: Correlation Cluster Exposure Cap,tcs_ns,2022-07-11,2022-07-25,1.6496427312732158,971.8476883154947,1
Candidate D: Correlation Cluster Exposure Cap,infy_ns,2022-07-12,2022-07-26,0.8219431403161186,387.382565060725,1
Candidate D: Correlation Cluster Exposure Cap,hdfcbank_ns,2022-07-15,2022-07-29,5.24450642835211,2646.9910091534916,1
Candidate D: Correlation Cluster Exposure Cap,icicibank_ns,2022-08-23,2022-09-06,2.235001092966594,1968.4816059269315,1
Candidate D: Correlation Cluster Exposure Cap,tcs_ns,2022-08-24,2022-09-07,-3.2968742786251664,-2322.982801198751,0
Candidate D: Correlation Cluster Exposure Cap,tcs_ns,2022-09-07,2022-09-21,-4.759358071251916,-4188.439580379394,0
Candidate D: Correlation Cluster Exposure Cap,icicibank_ns,2022-09-07,2022-09-21,4.404515208320954,3100.930092626856,1
Candidate D: Correlation Cluster Exposure Cap,tcs_ns,2022-09-21,2022-10-06,3.305312096439291,2415.717787614518,1
Candidate D: Correlation Cluster Exposure Cap,icicibank_ns,2022-09-27,2022-10-11,2.0661178883804396,1511.7704058478487,1
Candidate D: Correlation Cluster Exposure Cap,tcs_ns,2022-10-06,2022-10-20,1.7334724440515814,1276.460045263019,1
Candidate D: Correlation Cluster Exposure Cap,icicibank_ns,2022-10-11,2022-10-25,6.201181797277184,4579.268209905529,1
Candidate D: Correlation Cluster Exposure Cap,icicibank_ns,2022-10-28,2022-11-11,-0.19312252398681368,-173.3147920395339,0
Candidate D: Correlation Cluster Exposure Cap,icicibank_ns,2022-11-15,2022-11-29,3.7925427585841684,3402.243641077285,1
Candidate D: Correlation Cluster Exposure Cap,tcs_ns,2022-12-08,2022-12-22,-2.7601422537825204,-2494.8711504386174,0
Candidate D: Correlation Cluster Exposure Cap,tcs_ns,2022-12-23,2023-01-06,-0.5701309738959697,-512.4921535482603,0
Candidate E: Drawdown Governor 2.0 with Hysteresis,reliance_ns,2003-08-13,2003-08-27,9.046431717602008,1809.2863435204017,1
Candidate E: Drawdown Governor 2.0 with Hysteresis,infy_ns,2003-08-15,2003-08-29,14.846041729816035,2375.3666767705654,1
Candidate E: Drawdown Governor 2.0 with Hysteresis,reliance_ns,2003-09-03,2003-09-17,-0.30725433291543813,-32.011186063775895,0
Candidate E: Drawdown Governor 2.0 with Hysteresis,hdfcbank_ns,2003-09-18,2003-10-02,6.813201882550642,709.6129754175795,1
Candidate E: Drawdown Governor 2.0 with Hysteresis,hdfcbank_ns,2003-10-23,2003-11-06,2.6508989354672226,277.97923964558,1
Candidate E: Drawdown Governor 2.0 with Hysteresis,hdfcbank_ns,2003-11-07,2003-11-21,-0.8031025236300348,-84.4383873000376,0
Candidate E: Drawdown Governor 2.0 with Hysteresis,hdfcbank_ns,2003-11-21,2003-12-05,8.313539354687203,1746.7709833478673,1
Candidate E: Drawdown Governor 2.0 with Hysteresis,reliance_ns,2003-11-28,2003-12-12,0.8221708410241515,138.19809899820797,1
Candidate E: Drawdown Governor 2.0 with Hysteresis,reliance_ns,2003-12-12,2003-12-26,7.8638036295816,840.9611739467446,1
Candidate E: Drawdown Governor 2.0 with Hysteresis,hdfcbank_ns,2004-01-22,2004-02-05,-2.78854569035932,-300.5542673089179,0
Candidate E: Drawdown Governor 2.0 with Hysteresis,hdfcbank_ns,2004-02-25,2004-03-10,3.5352857508002042,379.976654617,1
Candidate E: Drawdown Governor 2.0 with Hysteresis,hdfcbank_ns,2004-03-15,2004-03-29,4.468066679266312,481.9308027316141,1
Candidate E: Drawdown Governor 2.0 with Hysteresis,reliance_ns,2004-04-30,2004-05-14,-9.419425020051857,-1020.5295101023937,0
Candidate E: Drawdown Governor 2.0 with Hysteresis,reliance_ns,2004-05-14,2004-05-28,-9.351568889315383,-2007.2684318894508,0
Candidate E: Drawdown Governor 2.0 with Hysteresis,hdfcbank_ns,2004-05-14,2004-05-28,4.555664336057689,782.2808186550325,1
Candidate E: Drawdown Governor 2.0 with Hysteresis,reliance_ns,2004-05-28,2004-06-11,-0.28098925165428495,-24.767424779130536,0
Candidate E: Drawdown Governor 2.0 with Hysteresis,reliance_ns,2004-06-11,2004-06-25,-0.07315428685843643,-7.759679641133371,0
Candidate E: Drawdown Governor 2.0 with Hysteresis,reliance_ns,2004-06-25,2004-07-09,1.6405370652228874,174.00362104572653,1
Candidate E: Drawdown Governor 2.0 with Hysteresis,reliance_ns,2004-07-14,2004-07-28,12.599180027369487,1338.5247720164411,1
Candidate E: Drawdown Governor 2.0 with Hysteresis,hdfcbank_ns,2004-07-19,2004-08-02,1.4780304217672056,141.3220777962113,1
Candidate E: Drawdown Governor 2.0 with Hysteresis,reliance_ns,2004-11-25,2004-12-09,1.7073483455716516,183.9136606915764,1
Candidate E: Drawdown Governor 2.0 with Hysteresis,hdfcbank_ns,2004-12-06,2004-12-20,3.273975220315576,317.40206526051935,1
Candidate E: Drawdown Governor 2.0 with Hysteresis,hdfcbank_ns,2005-01-06,2005-01-20,5.347689303027319,578.7280116729503,1
Candidate E: Drawdown Governor 2.0 with Hysteresis,hdfcbank_ns,2005-01-24,2005-02-07,14.270710604330826,1552.6380310909315,1
Candidate E: Drawdown Governor 2.0 with Hysteresis,hdfcbank_ns,2005-03-01,2005-03-15,2.77950531062256,306.72276684595124,1
Candidate E: Drawdown Governor 2.0 with Hysteresis,hdfcbank_ns,2005-03-17,2005-03-31,-4.860662974905304,-537.8726525200109,0
Candidate E: Drawdown Governor 2.0 with Hysteresis,hdfcbank_ns,2005-03-31,2005-04-15,-1.2057053510641662,-132.7727763210143,0
Candidate E: Drawdown Governor 2.0 with Hysteresis,hdfcbank_ns,2005-04-28,2005-05-12,-1.9940107911025586,-219.31654993749268,0
Candidate E: Drawdown Governor 2.0 with Hysteresis,reliance_ns,2005-06-10,2005-06-24,15.49248966083854,1700.5846852054394,1
Candidate E: Drawdown Governor 2.0 with Hysteresis,hdfcbank_ns,2005-06-15,2005-06-29,1.7168538276322167,169.61055652979488,1
Candidate E: Drawdown Governor 2.0 with Hysteresis,hdfcbank_ns,2005-08-12,2005-08-26,-3.910527952510541,-436.5655653548462,0
Candidate E: Drawdown Governor 2.0 with Hysteresis,reliance_ns,2005-08-16,2005-08-30,1.0640492365602487,213.8199935911384,1
Candidate E: Drawdown Governor 2.0 with Hysteresis,hdfcbank_ns,2005-08-26,2005-09-09,6.461634718252126,1177.400611183524,1
Candidate E: Drawdown Governor 2.0 with Hysteresis,reliance_ns,2005-09-01,2005-09-15,4.64009977164366,432.4311883869832,1
Candidate E: Drawdown Governor 2.0 with Hysteresis,reliance_ns,2005-09-27,2005-10-11,0.05147247333921884,5.817707665345178,1
Candidate E: Drawdown Governor 2.0 with Hysteresis,reliance_ns,2005-10-11,2005-10-25,-2.736283177719535,-618.571984974906,0
Candidate E: Drawdown Governor 2.0 with Hysteresis,icicibank_ns,2005-10-19,2005-11-02,0.3215999092966773,58.161434717349486,1
Candidate E: Drawdown Governor 2.0 with Hysteresis,reliance_ns,2005-10-25,2005-11-08,2.925323926570543,551.8788971644884,1
Candidate E: Drawdown Governor 2.0 with Hysteresis,hdfcbank_ns,2005-10-25,2005-11-08,1.1148824641934718,168.2631039164088,1
Candidate E: Drawdown Governor 2.0 with Hysteresis,icicibank_ns,2005-11-04,2005-11-18,7.7947102040247085,611.9860736675424,1
Candidate E: Drawdown Governor 2.0 with Hysteresis,reliance_ns,2005-11-08,2005-11-22,3.5979957629601538,324.10437577957543,1
Candidate E: Drawdown Governor 2.0 with Hysteresis,icicibank_ns,2005-11-18,2005-12-02,0.9798418871183165,102.68275620240766,1
Candidate E: Drawdown Governor 2.0 with Hysteresis,tcs_ns,2005-11-22,2005-12-06,3.5578664121724244,335.56268698477237,1
Candidate E: Drawdown Governor 2.0 with Hysteresis,icicibank_ns,2005-12-02,2005-12-16,7.728171072680433,809.8996620707517,1
Candidate E: Drawdown Governor 2.0 with Hysteresis,tcs_ns,2005-12-06,2005-12-20,8.92234555984556,928.6882114196446,1
Candidate E: Drawdown Governor 2.0 with Hysteresis,reliance_ns,2005-12-15,2005-12-29,5.371715842086093,503.2067217933519,1
Candidate E: Drawdown Governor 2.0 with Hysteresis,icicibank_ns,2005-12-16,2005-12-30,-0.30560545814338624,-58.43122512555721,0
Candidate E: Drawdown Governor 2.0 with Hysteresis,tcs_ns,2005-12-20,2006-01-03,2.2930824444221476,402.74117483512595,1
Candidate E: Drawdown Governor 2.0 with Hysteresis,reliance_ns,2005-12-29,2006-01-12,-0.5266978589123618,-84.40244216336792,0
Candidate E: Drawdown Governor 2.0 with Hysteresis,icicibank_ns,2005-12-30,2006-01-13,-0.22938327856309126,-38.15135576859764,0
Candidate E: Drawdown Governor 2.0 with Hysteresis,tcs_ns,2006-01-03,2006-01-17,-6.381931103519318,-1078.4777446669343,0
Candidate E: Drawdown Governor 2.0 with Hysteresis,reliance_ns,2006-01-12,2006-01-27,26.02922971134883,4348.76214293173,1
Candidate E: Drawdown Governor 2.0 with Hysteresis,icicibank_ns,2006-01-13,2006-01-27,6.034287050017665,1006.795385368616,1
Candidate E: Drawdown Governor 2.0 with Hysteresis,tcs_ns,2006-01-17,2006-01-31,2.8437106870474107,469.54647249033803,1
Candidate E: Drawdown Governor 2.0 with Hysteresis,tcs_ns,2006-01-31,2006-02-14,-3.1518944612131166,-383.824064297211,0
Candidate E: Drawdown Governor 2.0 with Hysteresis,icicibank_ns,2006-02-02,2006-02-16,3.0263109503277885,331.67794314451953,1
Candidate E: Drawdown Governor 2.0 with Hysteresis,tcs_ns,2006-02-14,2006-02-28,5.028518390641277,1110.6190573262224,1
Candidate E: Drawdown Governor 2.0 with Hysteresis,icicibank_ns,2006-02-17,2006-03-03,4.190511654247853,835.0610077050871,1
Candidate E: Drawdown Governor 2.0 with Hysteresis,hdfcbank_ns,2006-02-17,2006-03-03,2.286004709084051,364.4334732349407,1
Candidate E: Drawdown Governor 2.0 with Hysteresis,reliance_ns,2006-02-21,2006-03-07,4.927805172362494,314.2350752389706,1
Candidate E: Drawdown Governor 2.0 with Hysteresis,tcs_ns,2006-02-28,2006-03-14,5.965334102875815,480.73438267471994,1
Candidate E: Drawdown Governor 2.0 with Hysteresis,hdfcbank_ns,2006-03-03,2006-03-17,0.5486235656597915,60.12807992879197,1
Candidate E: Drawdown Governor 2.0 with Hysteresis,icicibank_ns,2006-03-07,2006-03-21,-0.49910527511743535,-52.570392794437495,0
Candidate E: Drawdown Governor 2.0 with Hysteresis,tcs_ns,2006-03-14,2006-03-28,4.630545255870314,478.5014473097278,1
Candidate E: Drawdown Governor 2.0 with Hysteresis,icicibank_ns,2006-03-21,2006-04-04,2.5481703638228392,291.77207701402176,1
Candidate E: Drawdown Governor 2.0 with Hysteresis,tcs_ns,2006-03-28,2006-04-12,-5.705145590966539,-649.6130343717276,0
Candidate E: Drawdown Governor 2.0 with Hysteresis,icicibank_ns,2006-04-04,2006-04-18,-4.48770405506629,-512.5855507028625,0
Candidate E: Drawdown Governor 2.0 with Hysteresis,tcs_ns,2006-04-12,2006-04-26,9.01778706915686,1023.8328914673965,1
Candidate E: Drawdown Governor 2.0 with Hysteresis,icicibank_ns,2006-04-18,2006-05-02,5.99131153725599,677.5619647839212,1
Candidate E: Drawdown Governor 2.0 with Hysteresis,tcs_ns,2006-05-03,2006-05-17,-0.7879796593548821,-99.4001951186884,0
Candidate E: Drawdown Governor 2.0 with Hysteresis,tcs_ns,2006-05-17,2006-05-31,-11.631266978255002,-1466.0774178048337,0
Candidate E: Drawdown Governor 2.0 with Hysteresis,hdfcbank_ns,2006-05-19,2006-06-02,-5.555797920779056,-630.2586722746605,0
Candidate E: Drawdown Governor 2.0 with Hysteresis,reliance_ns,2006-05-26,2006-06-09,-3.7779194572726755,-385.71594603474347,0
Candidate E: Drawdown Governor 2.0 with Hysteresis,tcs_ns,2006-05-31,2006-06-14,-16.825498689981327,-1733.4680662108913,0
Candidate E: Drawdown Governor 2.0 with Hysteresis,hdfcbank_ns,2006-06-02,2006-06-16,-4.041206999078448,-418.012467101142,0
Candidate E: Drawdown Governor 2.0 with Hysteresis,icicibank_ns,2006-06-05,2006-06-19,-6.941180157721602,-646.1806729241832,0
Candidate E: Drawdown Governor 2.0 with Hysteresis,reliance_ns,2006-06-09,2006-06-23,9.606507246627388,899.2500401533543,1
Candidate E: Drawdown Governor 2.0 with Hysteresis,tcs_ns,2006-06-15,2006-06-29,8.345345250755223,774.5877583471299,1
Candidate E: Drawdown Governor 2.0 with Hysteresis,hdfcbank_ns,2006-06-21,2006-07-05,13.813735638058633,1410.7140122744554,1
Candidate E: Drawdown Governor 2.0 with Hysteresis,tcs_ns,2006-06-30,2006-07-14,7.741314976310598,868.7919845302794,1
Candidate E: Drawdown Governor 2.0 with Hysteresis,icicibank_ns,2006-06-30,2006-07-14,-0.45971901162077655,-46.43399400348329,0
Candidate E: Drawdown Governor 2.0 with Hysteresis,tcs_ns,2006-07-14,2006-07-28,-0.9778836871785341,-112.08439238700792,0
Candidate E: Drawdown Governor 2.0 with Hysteresis,icicibank_ns,2006-07-17,2006-07-31,15.99225852257116,1810.507530555275,1
Candidate E: Drawdown Governor 2.0 with Hysteresis,hdfcbank_ns,2006-07-17,2006-07-31,12.319240815690032,1255.2117271269758,1
Candidate E: Drawdown Governor 2.0 with Hysteresis,reliance_ns,2006-07-25,2006-08-08,-1.127617436425447,-103.40399915717681,0
Candidate E: Drawdown Governor 2.0 with Hysteresis,tcs_ns,2006-07-28,2006-08-11,4.1645929110603825,390.9762804612186,1
Candidate E: Drawdown Governor 2.0 with Hysteresis,tcs_ns,2006-08-11,2006-08-25,0.6524234162051499,83.45450595485444,1
Candidate E: Drawdown Governor 2.0 with Hysteresis,icicibank_ns,2006-08-21,2006-09-04,4.67310780490607,537.9830093477549,1
Candidate E: Drawdown Governor 2.0 with Hysteresis,icicibank_ns,2006-09-04,2006-09-18,3.3044065683237394,424.7354564955517,1
Candidate E: Drawdown Governor 2.0 with Hysteresis,tcs_ns,2006-09-11,2006-09-25,7.513468191718692,869.1765521771033,1
Candidate E: Drawdown Governor 2.0 with Hysteresis,hdfcbank_ns,2006-09-11,2006-09-25,6.691891264621305,696.7210542003254,1
Candidate E: Drawdown Governor 2.0 with Hysteresis,icicibank_ns,2006-09-18,2006-10-03,8.350980823455298,1786.7949496085946,1
Candidate E: Drawdown Governor 2.0 with Hysteresis,tcs_ns,2006-10-09,2006-10-23,7.724382507433663,1022.0401221901469,1
Candidate E: Drawdown Governor 2.0 with Hysteresis,icicibank_ns,2006-10-20,2006-11-03,4.162327280892732,991.3177993965288,1
Candidate E: Drawdown Governor 2.0 with Hysteresis,tcs_ns,2006-10-23,2006-11-06,-1.9655264942085824,-430.52544069729873,0
Candidate E: Drawdown Governor 2.0 with Hysteresis,tcs_ns,2006-11-06,2006-11-20,5.464510557860393,731.6779488829117,1
Candidate E: Drawdown Governor 2.0 with Hysteresis,tcs_ns,2006-12-08,2006-12-22,-1.9990693966963538,-269.13074523965406,0
Candidate E: Drawdown Governor 2.0 with Hysteresis,icicibank_ns,2006-12-08,2006-12-22,-2.70102708025697,-327.2705234750863,0
Candidate E: Drawdown Governor 2.0 with Hysteresis,hdfcbank_ns,2006-12-11,2006-12-26,-0.2290501266825283,-49.95523359866855,0
Candidate E: Drawdown Governor 2.0 with Hysteresis,tcs_ns,2006-12-22,2007-01-05,9.39542904075019,1887.215196880076,1
Candidate E: Drawdown Governor 2.0 with Hysteresis,hdfcbank_ns,2007-01-09,2007-01-23,1.8230166057283292,247.69121341660616,1
Candidate E: Drawdown Governor 2.0 with Hysteresis,tcs_ns,2007-01-17,2007-01-31,-2.099333116136476,-513.4212477723295,0
Candidate E: Drawdown Governor 2.0 with Hysteresis,tcs_ns,2007-02-01,2007-02-15,-0.03453224033617542,-4.682680356114565,0
Candidate E: Drawdown Governor 2.0 with Hysteresis,hdfcbank_ns,2007-02-14,2007-02-28,-8.131480558562437,-1984.7777912073054,0
Candidate E: Drawdown Governor 2.0 with Hysteresis,tcs_ns,2007-02-28,2007-03-14,1.6376109426714498,182.08578931072904,1
Candidate E: Drawdown Governor 2.0 with Hysteresis,hdfcbank_ns,2007-03-05,2007-03-19,-0.4161806628780982,-50.9799229118128,0
Candidate E: Drawdown Governor 2.0 with Hysteresis,tcs_ns,2007-03-14,2007-03-28,-1.083642890610399,-263.4255674126685,0
Candidate E: Drawdown Governor 2.0 with Hysteresis,hdfcbank_ns,2007-03-19,2007-04-02,-2.5686062799907456,-562.1935758536225,0
Candidate E: Drawdown Governor 2.0 with Hysteresis,tcs_ns,2007-03-28,2007-04-11,-0.9196691254195721,-205.25958708637376,0
Candidate E: Drawdown Governor 2.0 with Hysteresis,hdfcbank_ns,2007-04-02,2007-04-16,8.111447202195667,1794.2572896453444,1
Candidate E: Drawdown Governor 2.0 with Hysteresis,tcs_ns,2007-04-11,2007-04-25,2.535739828807301,560.8744446259237,1
Candidate E: Drawdown Governor 2.0 with Hysteresis,reliance_ns,2007-05-04,2007-05-18,7.229301575492666,976.4548404202108,1
Candidate E: Drawdown Governor 2.0 with Hysteresis,hdfcbank_ns,2007-05-07,2007-05-21,10.619132386649074,2581.768875057585,1
Candidate E: Drawdown Governor 2.0 with Hysteresis,infy_ns,2007-05-08,2007-05-22,-2.8204956923461104,-548.5847789138272,0
Candidate E: Drawdown Governor 2.0 with Hysteresis,tcs_ns,2007-05-10,2007-05-24,-0.4523319828202184,-70.38264698349553,0
Candidate E: Drawdown Governor 2.0 with Hysteresis,reliance_ns,2007-05-18,2007-06-01,3.0571681552062833,469.11128724185124,1
Candidate E: Drawdown Governor 2.0 with Hysteresis,infy_ns,2007-05-22,2007-06-05,-0.23226653672587327,-24.892955366975706,0
Candidate E: Drawdown Governor 2.0 with Hysteresis,hdfcbank_ns,2007-05-22,2007-06-05,3.938675333656864,379.91156023176734,1
Candidate E: Drawdown Governor 2.0 with Hysteresis,tcs_ns,2007-05-24,2007-06-07,-1.4985507246376812,-153.30261760389484,0
Candidate E: Drawdown Governor 2.0 with Hysteresis,infy_ns,2007-06-05,2007-06-19,0.6392406720048769,75.7991068997642,1
Candidate E: Drawdown Governor 2.0 with Hysteresis,reliance_ns,2007-06-06,2007-06-20,2.4113762430931374,281.5153740966848,1
Candidate E: Drawdown Governor 2.0 with Hysteresis,tcs_ns,2007-06-07,2007-06-21,-5.134451068919259,-1182.4330464596653,0
Candidate E: Drawdown Governor 2.0 with Hysteresis,icicibank_ns,2007-06-18,2007-07-02,3.3714198166502265,621.1340844325654,1
Candidate E: Drawdown Governor 2.0 with Hysteresis,infy_ns,2007-06-19,2007-07-03,-0.5199658239306354,-89.04679282282986,0
Candidate E: Drawdown Governor 2.0 with Hysteresis,hdfcbank_ns,2007-06-20,2007-07-04,4.556576811508766,733.2262926039779,1
Candidate E: Drawdown Governor 2.0 with Hysteresis,reliance_ns,2007-06-21,2007-07-05,-1.4619248595066667,-252.0749615492246,0
Candidate E: Drawdown Governor 2.0 with Hysteresis,tcs_ns,2007-06-22,2007-07-06,1.5896091062026223,219.27291363499575,1
Candidate E: Drawdown Governor 2.0 with Hysteresis,infy_ns,2007-07-03,2007-07-17,-0.5042236051787047,-46.01427366130861,0
Candidate E: Drawdown Governor 2.0 with Hysteresis,hdfcbank_ns,2007-07-04,2007-07-18,4.232020800086985,418.78697057068666,1
Candidate E: Drawdown Governor 2.0 with Hysteresis,reliance_ns,2007-07-05,2007-07-19,10.644414358800738,1128.8578576644481,1
Candidate E: Drawdown Governor 2.0 with Hysteresis,tcs_ns,2007-07-06,2007-07-20,1.4380571904116675,157.40961242337488,1
Candidate E: Drawdown Governor 2.0 with Hysteresis,infy_ns,2007-07-17,2007-07-31,1.870578476810892,201.26240951419248,1
Candidate E: Drawdown Governor 2.0 with Hysteresis,reliance_ns,2007-07-19,2007-08-02,-4.921293832555245,-585.0571459093456,0
Candidate E: Drawdown Governor 2.0 with Hysteresis,tcs_ns,2007-07-25,2007-08-08,0.33301903752625706,39.32885318574083,1
Candidate E: Drawdown Governor 2.0 with Hysteresis,infy_ns,2007-07-31,2007-08-14,-1.0819781302743139,-253.72116892711549,0
Candidate E: Drawdown Governor 2.0 with Hysteresis,reliance_ns,2007-08-02,2007-08-16,-3.4639142063799486,-728.1301654144314,0
Candidate E: Drawdown Governor 2.0 with Hysteresis,tcs_ns,2007-08-08,2007-08-22,-11.037038337556087,-2117.586005889912,0
Candidate E: Drawdown Governor 2.0 with Hysteresis,infy_ns,2007-08-14,2007-08-28,-3.891283034879934,-777.7954722934114,0
Candidate E: Drawdown Governor 2.0 with Hysteresis,reliance_ns,2007-08-16,2007-08-30,9.892986445574095,1983.4431228353747,1
Candidate E: Drawdown Governor 2.0 with Hysteresis,icicibank_ns,2007-08-16,2007-08-30,4.862516366891474,779.9080450090049,1
Candidate E: Drawdown Governor 2.0 with Hysteresis,tcs_ns,2007-08-22,2007-09-05,4.475463017003577,727.0419900082292,1
Candidate E: Drawdown Governor 2.0 with Hysteresis,reliance_ns,2007-08-30,2007-09-13,5.985001853485868,635.7451504668556,1
Candidate E: Drawdown Governor 2.0 with Hysteresis,infy_ns,2007-09-03,2007-09-17,-3.0501370416622797,-342.89591502371434,0
Candidate E: Drawdown Governor 2.0 with Hysteresis,tcs_ns,2007-09-05,2007-09-19,-4.645079863936022,-1097.6320429395482,0
Candidate E: Drawdown Governor 2.0 with Hysteresis,reliance_ns,2007-09-13,2007-09-27,14.285614603532318,3022.208106379452,1
Candidate E: Drawdown Governor 2.0 with Hysteresis,infy_ns,2007-09-17,2007-10-01,5.518464598595785,1054.264092281039,1
Candidate E: Drawdown Governor 2.0 with Hysteresis,tcs_ns,2007-09-19,2007-10-03,5.435742541113642,1075.7287222172945,1
Candidate E: Drawdown Governor 2.0 with Hysteresis,infy_ns,2007-10-01,2007-10-15,1.127675938440966,139.26350132914945,1
Candidate E: Drawdown Governor 2.0 with Hysteresis,tcs_ns,2007-10-03,2007-10-17,1.3855310138012304,182.90681525710508,1
Candidate E: Drawdown Governor 2.0 with Hysteresis,infy_ns,2007-10-16,2007-10-30,-0.7006791095299743,-183.99795332144873,0
Candidate E: Drawdown Governor 2.0 with Hysteresis,tcs_ns,2007-10-18,2007-11-01,-9.01468300820533,-1067.5538854149238,0
Candidate E: Drawdown Governor 2.0 with Hysteresis,hdfcbank_ns,2007-10-19,2007-11-02,29.514022881874848,6291.298051364052,1
Candidate E: Drawdown Governor 2.0 with Hysteresis,infy_ns,2007-10-31,2007-11-14,-7.094287106565801,-789.8861061827936,0
Candidate E: Drawdown Governor 2.0 with Hysteresis,tcs_ns,2007-11-01,2007-11-15,-4.236359523891769,-940.3182330885579,0
Candidate E: Drawdown Governor 2.0 with Hysteresis,tcs_ns,2007-11-15,2007-11-29,-1.4928636222938843,-220.93393899135935,0
Candidate E: Drawdown Governor 2.0 with Hysteresis,infy_ns,2007-11-15,2007-11-29,-4.9070400917931964,-653.588520793545,0
Candidate E: Drawdown Governor 2.0 with Hysteresis,hdfcbank_ns,2007-11-26,2007-12-10,2.6626061260412044,638.3579062486286,1
Candidate E: Drawdown Governor 2.0 with Hysteresis,tcs_ns,2007-11-29,2007-12-13,6.525044107622789,1441.7491744198487,1
Candidate E: Drawdown Governor 2.0 with Hysteresis,infy_ns,2007-11-29,2007-12-13,5.861858426944588,1184.6617717793063,1
Candidate E: Drawdown Governor 2.0 with Hysteresis,reliance_ns,2007-12-11,2007-12-26,0.325815959131187,34.35792297257855,1
Candidate E: Drawdown Governor 2.0 with Hysteresis,tcs_ns,2007-12-14,2007-12-28,3.9608731277184663,553.8823065067327,1
Candidate E: Drawdown Governor 2.0 with Hysteresis,infy_ns,2007-12-17,2007-12-31,8.90603016531177,2241.7296053916116,1
Candidate E: Drawdown Governor 2.0 with Hysteresis,tcs_ns,2007-12-28,2008-01-11,-8.584290284922469,-2159.823776463952,0
Candidate E: Drawdown Governor 2.0 with Hysteresis,infy_ns,2008-01-03,2008-01-17,-12.837261528806964,-1643.8551093941094,0
Candidate E: Drawdown Governor 2.0 with Hysteresis,reliance_ns,2008-01-04,2008-01-18,-6.508516072425049,-1500.1878147607588,0
Candidate E: Drawdown Governor 2.0 with Hysteresis,tcs_ns,2008-01-11,2008-01-25,-10.668585440955338,-2458.0169404178587,0
Candidate E: Drawdown Governor 2.0 with Hysteresis,infy_ns,2008-01-17,2008-01-31,0.5300925429570124,109.53889884353578,1
Candidate E: Drawdown Governor 2.0 with Hysteresis,tcs_ns,2008-01-25,2008-02-08,1.509252677412148,188.3360311109298,1
Candidate E: Drawdown Governor 2.0 with Hysteresis,hdfcbank_ns,2008-01-25,2008-02-08,-10.396401052713665,-1167.6078149595348,0
Candidate E: Drawdown Governor 2.0 with Hysteresis,infy_ns,2008-02-01,2008-02-15,-1.8802616106315235,-229.11290409320068,0
Candidate E: Drawdown Governor 2.0 with Hysteresis,tcs_ns,2008-02-08,2008-02-22,0.1891905987111147,46.2887134777362,1
Candidate E: Drawdown Governor 2.0 with Hysteresis,hdfcbank_ns,2008-02-08,2008-02-22,2.1923577063362356,473.24283163455306,1
Candidate E: Drawdown Governor 2.0 with Hysteresis,tcs_ns,2008-02-22,2008-03-07,-6.087728514157371,-687.8105779264218,0
Candidate E: Drawdown Governor 2.0 with Hysteresis,infy_ns,2008-02-21,2008-03-07,-12.148030419511448,-1194.1530761485396,0
Candidate E: Drawdown Governor 2.0 with Hysteresis,hdfcbank_ns,2008-02-25,2008-03-10,-7.800656876500457,-965.2850771761143,0
Candidate E: Drawdown Governor 2.0 with Hysteresis,tcs_ns,2008-03-07,2008-03-24,-2.7018686466346233,-329.5743970317147,0
Candidate E: Drawdown Governor 2.0 with Hysteresis,icicibank_ns,2008-03-07,2008-03-24,-10.253089485637451,-1214.1504928971272,0
Candidate E: Drawdown Governor 2.0 with Hysteresis,hdfcbank_ns,2008-03-10,2008-03-24,2.2668041799892635,267.4496505581745,1
Candidate E: Drawdown Governor 2.0 with Hysteresis,infy_ns,2008-03-11,2008-03-25,4.571383204250975,485.420560895207,1
Candidate E: Drawdown Governor 2.0 with Hysteresis,tcs_ns,2008-03-24,2008-04-07,9.705950249642454,1042.7739448005136,1
Candidate E: Drawdown Governor 2.0 with Hysteresis,icicibank_ns,2008-03-24,2008-04-07,1.0838207363054666,116.31624668975569,1
Candidate E: Drawdown Governor 2.0 with Hysteresis,hdfcbank_ns,2008-03-24,2008-04-07,-2.9176362101894457,-317.0142620639359,0
Candidate E: Drawdown Governor 2.0 with Hysteresis,infy_ns,2008-03-26,2008-04-09,-1.3531192933451774,-147.34540580323755,0
Candidate E: Drawdown Governor 2.0 with Hysteresis,reliance_ns,2008-04-02,2008-04-16,12.699914120620795,1244.6401496712695,1
Candidate E: Drawdown Governor 2.0 with Hysteresis,tcs_ns,2008-04-07,2008-04-21,9.822293022225276,982.1298224183298,1
Candidate E: Drawdown Governor 2.0 with Hysteresis,hdfcbank_ns,2008-04-07,2008-04-21,12.016237188833198,1338.4609178765575,1
Candidate E: Drawdown Governor 2.0 with Hysteresis,infy_ns,2008-04-09,2008-04-23,11.296059362820907,1253.7596878378733,1
Candidate E: Drawdown Governor 2.0 with Hysteresis,tcs_ns,2008-04-21,2008-05-05,-6.6854978438628105,-815.0821319391217,0
Candidate E: Drawdown Governor 2.0 with Hysteresis,infy_ns,2008-04-23,2008-05-07,11.849752966776459,1594.4580348577306,1
Candidate E: Drawdown Governor 2.0 with Hysteresis,hdfcbank_ns,2008-04-24,2008-05-08,4.505472723670682,545.6154642807688,1
Candidate E: Drawdown Governor 2.0 with Hysteresis,tcs_ns,2008-05-05,2008-05-20,3.037566771288647,731.2471470668567,1
Candidate E: Drawdown Governor 2.0 with Hysteresis,infy_ns,2008-05-07,2008-05-21,1.3862578775778056,308.70267386884456,1
Candidate E: Drawdown Governor 2.0 with Hysteresis,hdfcbank_ns,2008-05-08,2008-05-22,-8.306555942702989,-1690.0648857506321,0
Candidate E: Drawdown Governor 2.0 with Hysteresis,tcs_ns,2008-05-20,2008-06-03,1.941478327571562,412.32854534398336,1
Candidate E: Drawdown Governor 2.0 with Hysteresis,infy_ns,2008-05-22,2008-06-05,6.165870624007133,663.009528578389,1
Candidate E: Drawdown Governor 2.0 with Hysteresis,reliance_ns,2008-05-22,2008-06-05,-14.484623468124234,-1401.7645790134677,0
Candidate E: Drawdown Governor 2.0 with Hysteresis,icicibank_ns,2008-05-23,2008-06-06,-10.792256072261011,-1141.3299975115933,0
Candidate E: Drawdown Governor 2.0 with Hysteresis,hdfcbank_ns,2008-05-23,2008-06-06,-10.833597041263788,-1031.1317931322105,0
Candidate E: Drawdown Governor 2.0 with Hysteresis,tcs_ns,2008-06-03,2008-06-17,-5.569469851331219,-1195.3348238484753,0
Candidate E: Drawdown Governor 2.0 with Hysteresis,hdfcbank_ns,2008-06-06,2008-06-20,-10.93343989331662,-1349.8614568908579,0
Candidate E: Drawdown Governor 2.0 with Hysteresis,reliance_ns,2008-06-09,2008-06-23,-6.381505270205076,-709.084540338967,0
Candidate E: Drawdown Governor 2.0 with Hysteresis,tcs_ns,2008-06-17,2008-07-01,-8.03471470453068,-966.342717329596,0
Candidate E: Drawdown Governor 2.0 with Hysteresis,hdfcbank_ns,2008-06-20,2008-07-04,-8.964273564218418,-1068.9014236828411,0
Candidate E: Drawdown Governor 2.0 with Hysteresis,icicibank_ns,2008-06-24,2008-07-08,-15.515494535732884,-1826.4625519654958,0
Candidate E: Drawdown Governor 2.0 with Hysteresis,infy_ns,2008-06-25,2008-07-09,4.250125913946213,450.2870485097811,1
Candidate E: Drawdown Governor 2.0 with Hysteresis,tcs_ns,2008-07-01,2008-07-15,-11.49289977612763,-1222.9920019595374,0
Candidate E: Drawdown Governor 2.0 with Hysteresis,hdfcbank_ns,2008-07-04,2008-07-18,3.3672630326656767,359.0400193145605,1
Candidate E: Drawdown Governor 2.0 with Hysteresis,icicibank_ns,2008-07-09,2008-07-23,18.75996425327327,2194.0595752447275,1
Candidate E: Drawdown Governor 2.0 with Hysteresis,infy_ns,2008-07-11,2008-07-25,-7.5722502330426655,-797.0468981225159,0
Candidate E: Drawdown Governor 2.0 with Hysteresis,tcs_ns,2008-07-15,2008-07-29,7.712717099031195,803.289674957728,1
Candidate E: Drawdown Governor 2.0 with Hysteresis,reliance_ns,2008-07-15,2008-07-29,5.292733338428595,496.1206523753422,1
Candidate E: Drawdown Governor 2.0 with Hysteresis,hdfcbank_ns,2008-07-18,2008-08-01,7.0803190893873005,675.351112690045,1
Candidate E: Drawdown Governor 2.0 with Hysteresis,tcs_ns,2008-07-29,2008-08-12,1.2226172994280828,147.54864818904235,1
Candidate E: Drawdown Governor 2.0 with Hysteresis,icicibank_ns,2008-07-29,2008-08-12,21.81663505098374,2584.9241427227716,1
Candidate E: Drawdown Governor 2.0 with Hysteresis,infy_ns,2008-08-01,2008-08-18,3.906666951344765,416.59008948254876,1
Candidate E: Drawdown Governor 2.0 with Hysteresis,hdfcbank_ns,2008-08-01,2008-08-18,8.539947548343706,906.8219424622696,1
Candidate E: Drawdown Governor 2.0 with Hysteresis,reliance_ns,2008-08-05,2008-08-19,-2.528930725418082,-241.68308690594077,0
Candidate E: Drawdown Governor 2.0 with Hysteresis,tcs_ns,2008-08-12,2008-08-26,1.755625608675284,172.4487512609257,1
Candidate E: Drawdown Governor 2.0 with Hysteresis,infy_ns,2008-08-18,2008-09-01,1.0613092074328705,120.90141022406648,1
Candidate E: Drawdown Governor 2.0 with Hysteresis,hdfcbank_ns,2008-08-18,2008-09-01,7.818605966299827,891.7192226169603,1
Candidate E: Drawdown Governor 2.0 with Hysteresis,icicibank_ns,2008-08-21,2008-09-04,11.277257054834394,1262.61159369235,1
Candidate E: Drawdown Governor 2.0 with Hysteresis,reliance_ns,2008-08-25,2008-09-08,-4.4743093512042025,-450.8528403506835,0
Candidate E: Drawdown Governor 2.0 with Hysteresis,tcs_ns,2008-08-26,2008-09-09,3.634985966048485,365.9827371491537,1
Candidate E: Drawdown Governor 2.0 with Hysteresis,infy_ns,2008-09-01,2008-09-15,-8.468583258354268,-864.876783924536,0
Candidate E: Drawdown Governor 2.0 with Hysteresis,hdfcbank_ns,2008-09-01,2008-09-15,-7.355908000186637,-766.5718682304407,0
Candidate E: Drawdown Governor 2.0 with Hysteresis,reliance_ns,2008-09-08,2008-09-22,-4.459013129451242,-516.6876057268336,0
Candidate E: Drawdown Governor 2.0 with Hysteresis,tcs_ns,2008-09-15,2008-09-29,-18.52616093990613,-2125.3529251886152,0
Candidate E: Drawdown Governor 2.0 with Hysteresis,hdfcbank_ns,2008-09-15,2008-09-29,-0.3033157626059994,-37.08096899567366,0
Candidate E: Drawdown Governor 2.0 with Hysteresis,icicibank_ns,2008-09-23,2008-10-07,-19.084121886833127,-2311.041951842993,0
Candidate E: Drawdown Governor 2.0 with Hysteresis,tcs_ns,2008-09-29,2008-10-13,-7.651040226105721,-905.3834457039811,0
Candidate E: Drawdown Governor 2.0 with Hysteresis,infy_ns,2008-09-29,2008-10-13,-5.412278215868807,-576.4142207911805,0
Candidate E: Drawdown Governor 2.0 with Hysteresis,hdfcbank_ns,2008-09-29,2008-10-13,-2.323202209362249,-250.99695095413304,0
Candidate E: Drawdown Governor 2.0 with Hysteresis,icicibank_ns,2008-10-07,2008-10-21,-11.177308663914667,-1196.3522538594405,0
Candidate E: Drawdown Governor 2.0 with Hysteresis,reliance_ns,2008-10-10,2008-10-24,-33.29469488640584,-3207.298466916195,0
Candidate E: Drawdown Governor 2.0 with Hysteresis,hdfcbank_ns,2008-10-13,2008-10-27,-20.563157484477966,-2431.640092274803,0
Candidate E: Drawdown Governor 2.0 with Hysteresis,tcs_ns,2008-10-14,2008-10-29,-8.802163545381497,-936.788254074273,0
Candidate E: Drawdown Governor 2.0 with Hysteresis,icicibank_ns,2008-10-23,2008-11-06,18.420815960669362,1939.5533146702223,1
Candidate E: Drawdown Governor 2.0 with Hysteresis,reliance_ns,2008-10-24,2008-11-07,19.68019948214263,1991.4003006239138,1
Candidate E: Drawdown Governor 2.0 with Hysteresis,hdfcbank_ns,2008-10-27,2008-11-10,18.003819300297067,1808.7140922803364,1
Candidate E: Drawdown Governor 2.0 with Hysteresis,tcs_ns,2008-10-29,2008-11-12,-1.140424099542383,-114.18203887476963,0
Candidate E: Drawdown Governor 2.0 with Hysteresis,infy_ns,2008-10-29,2008-11-12,-3.4906083675277144,-314.5393914683315,0
Candidate E: Drawdown Governor 2.0 with Hysteresis,hdfcbank_ns,2008-11-10,2008-11-24,-24.712865549162874,-2904.5787387922323,0
Candidate E: Drawdown Governor 2.0 with Hysteresis,tcs_ns,2008-11-12,2008-11-26,-1.4420895234739444,-166.81776745906555,0
Candidate E: Drawdown Governor 2.0 with Hysteresis,reliance_ns,2008-11-12,2008-11-26,-2.0538163606132755,-231.68386570289553,0
Candidate E: Drawdown Governor 2.0 with Hysteresis,icicibank_ns,2008-11-20,2008-12-04,12.55003380299681,1274.1530166703292,1
Candidate E: Drawdown Governor 2.0 with Hysteresis,hdfcbank_ns,2008-11-24,2008-12-08,8.256059686137526,827.4388500035401,1
Candidate E: Drawdown Governor 2.0 with Hysteresis,tcs_ns,2008-11-26,2008-12-10,2.527149546601778,256.76033436870745,1
Candidate E: Drawdown Governor 2.0 with Hysteresis,reliance_ns,2008-11-26,2008-12-10,7.6992204186245194,789.0904727064036,1
Candidate E: Drawdown Governor 2.0 with Hysteresis,infy_ns,2008-12-02,2008-12-16,-6.960924275389662,-642.0804776920266,0
Candidate E: Drawdown Governor 2.0 with Hysteresis,icicibank_ns,2008-12-04,2008-12-18,29.60550172267647,2796.0431421401618,1
Candidate E: Drawdown Governor 2.0 with Hysteresis,hdfcbank_ns,2008-12-08,2008-12-22,13.361993335579673,1280.7292345877675,1
Candidate E: Drawdown Governor 2.0 with Hysteresis,tcs_ns,2008-12-10,2008-12-24,-11.66972928896777,-1128.2368542900838,0
Candidate E: Drawdown Governor 2.0 with Hysteresis,reliance_ns,2008-12-10,2008-12-24,1.155392657085136,113.2869768855373,1
Candidate E: Drawdown Governor 2.0 with Hysteresis,infy_ns,2008-12-16,2008-12-30,0.22546456824683037,21.831182880886463,1
Candidate E: Drawdown Governor 2.0 with Hysteresis,hdfcbank_ns,2008-12-22,2009-01-05,2.462248624180814,271.46481842940665,1
Candidate E: Drawdown Governor 2.0 with Hysteresis,tcs_ns,2008-12-24,2009-01-07,5.520776793798884,594.9494043792006,1
Candidate E: Drawdown Governor 2.0 with Hysteresis,infy_ns,2008-12-30,2009-01-13,8.833755016500975,1030.1210292169987,1
Candidate E: Drawdown Governor 2.0 with Hysteresis,hdfcbank_ns,2009-01-05,2009-01-19,-9.910025561868608,-1152.0133150285226,0
Candidate E: Drawdown Governor 2.0 with Hysteresis,tcs_ns,2009-01-07,2009-01-21,-2.5249901549371674,-292.8837977479105,0
Candidate E: Drawdown Governor 2.0 with Hysteresis,reliance_ns,2009-01-09,2009-01-23,0.20133035211839104,21.017808015430933,1
Candidate E: Drawdown Governor 2.0 with Hysteresis,icicibank_ns,2009-01-12,2009-01-27,-13.034368707246157,-1224.6463118344384,0
Candidate E: Drawdown Governor 2.0 with Hysteresis,hdfcbank_ns,2009-01-19,2009-02-02,-5.615166115046826,-604.8863375514763,0
Candidate E: Drawdown Governor 2.0 with Hysteresis,tcs_ns,2009-01-21,2009-02-04,1.2392202433149269,134.1552926019024,1
Candidate E: Drawdown Governor 2.0 with Hysteresis,reliance_ns,2009-01-23,2009-02-06,16.26325973664549,1754.684184970195,1
Candidate E: Drawdown Governor 2.0 with Hysteresis,infy_ns,2009-01-27,2009-02-10,4.444201733162538,431.5465386427702,1
Candidate E: Drawdown Governor 2.0 with Hysteresis,icicibank_ns,2009-01-27,2009-02-10,12.43391963508872,1188.2328227580172,1
Candidate E: Drawdown Governor 2.0 with Hysteresis,hdfcbank_ns,2009-02-02,2009-02-16,2.7898011944848244,268.30889765478196,1
Candidate E: Drawdown Governor 2.0 with Hysteresis,tcs_ns,2009-02-04,2009-02-18,-3.6378961432916737,-354.7580395920206,0
Candidate E: Drawdown Governor 2.0 with Hysteresis,reliance_ns,2009-02-06,2009-02-20,-6.846614367569277,-686.7809004298994,0
Candidate E: Drawdown Governor 2.0 with Hysteresis,infy_ns,2009-02-10,2009-02-24,-9.434633774608239,-947.4304647394415,0
Candidate E: Drawdown Governor 2.0 with Hysteresis,hdfcbank_ns,2009-02-16,2009-03-02,-7.513848897997173,-834.1037124906958,0
Candidate E: Drawdown Governor 2.0 with Hysteresis,icicibank_ns,2009-02-17,2009-03-03,-23.39844766845647,-2337.6912549815734,0
Candidate E: Drawdown Governor 2.0 with Hysteresis,tcs_ns,2009-02-18,2009-03-04,-4.249669724581953,-422.0523169665033,0
Candidate E: Drawdown Governor 2.0 with Hysteresis,reliance_ns,2009-02-20,2009-03-06,-6.708550303496909,-662.3144175125618,0
Candidate E: Drawdown Governor 2.0 with Hysteresis,infy_ns,2009-03-02,2009-03-16,5.586817378093413,547.2222444711397,1
Candidate E: Drawdown Governor 2.0 with Hysteresis,hdfcbank_ns,2009-03-02,2009-03-16,-0.1504571186437161,-14.808099624625148,0
Candidate E: Drawdown Governor 2.0 with Hysteresis,icicibank_ns,2009-03-03,2009-03-17,9.349900479436227,899.7574082562442,1
Candidate E: Drawdown Governor 2.0 with Hysteresis,tcs_ns,2009-03-04,2009-03-18,9.629232934971416,925.5421205745333,1
Candidate E: Drawdown Governor 2.0 with Hysteresis,reliance_ns,2009-03-06,2009-03-20,14.41408464028796,1379.6661700295722,1
Candidate E: Drawdown Governor 2.0 with Hysteresis,infy_ns,2009-03-16,2009-03-30,0.9977752359365581,96.27232213057562,1
Candidate E: Drawdown Governor 2.0 with Hysteresis,hdfcbank_ns,2009-03-16,2009-03-30,11.857403524304344,1146.2024288436385,1
Candidate E: Drawdown Governor 2.0 with Hysteresis,tcs_ns,2009-03-18,2009-04-01,7.735871835232262,835.9326278379042,1
Candidate E: Drawdown Governor 2.0 with Hysteresis,reliance_ns,2009-03-20,2009-04-06,24.758378261199848,2678.971854284455,1
Candidate E: Drawdown Governor 2.0 with Hysteresis,icicibank_ns,2009-03-26,2009-04-09,6.0128197626315485,585.5535958426364,1
Candidate E: Drawdown Governor 2.0 with Hysteresis,infy_ns,2009-03-31,2009-04-15,3.4756892767977248,376.0817482980686,1
Candidate E: Drawdown Governor 2.0 with Hysteresis,tcs_ns,2009-04-06,2009-04-20,-3.1801680233486986,-346.71785089896184,0
Candidate E: Drawdown Governor 2.0 with Hysteresis,hdfcbank_ns,2009-04-06,2009-04-20,0.22707622734025393,25.34669055897038,1
Candidate E: Drawdown Governor 2.0 with Hysteresis,infy_ns,2009-04-15,2009-04-29,10.060951544604515,1227.2364465754583,1
Candidate E: Drawdown Governor 2.0 with Hysteresis,tcs_ns,2009-04-20,2009-05-04,18.643889461357702,2243.5669576337573,1
Candidate E: Drawdown Governor 2.0 with Hysteresis,hdfcbank_ns,2009-04-28,2009-05-12,11.461712460829819,1369.5791995356183,1
Candidate E: Drawdown Governor 2.0 with Hysteresis,infy_ns,2009-04-29,2009-05-13,4.23475078325586,512.2683079019022,1
Candidate E: Drawdown Governor 2.0 with Hysteresis,tcs_ns,2009-05-05,2009-05-19,2.828744239631337,348.3551618481983,1
Candidate E: Drawdown Governor 2.0 with Hysteresis,hdfcbank_ns,2009-05-12,2009-05-26,11.71522418152355,2908.942974981069,1
Candidate E: Drawdown Governor 2.0 with Hysteresis,infy_ns,2009-05-13,2009-05-27,0.8517423454283989,190.67248473362528,1
Candidate E: Drawdown Governor 2.0 with Hysteresis,tcs_ns,2009-05-19,2009-06-02,3.680869727510265,752.4276880152196,1
Candidate E: Drawdown Governor 2.0 with Hysteresis,infy_ns,2009-05-27,2009-06-10,13.836578472535816,1827.5702828441708,1
Candidate E: Drawdown Governor 2.0 with Hysteresis,tcs_ns,2009-06-02,2009-06-16,11.969893889754914,1676.6024198268126,1
Candidate E: Drawdown Governor 2.0 with Hysteresis,infy_ns,2009-06-11,2009-06-25,0.4152302823620716,58.5878605228289,1
Candidate E: Drawdown Governor 2.0 with Hysteresis,tcs_ns,2009-06-23,2009-07-07,6.083574355478976,1735.8989806130892,1
Candidate E: Drawdown Governor 2.0 with Hysteresis,infy_ns,2009-06-25,2009-07-09,-4.683571310651844,-1201.8521322474278,0
Candidate E: Drawdown Governor 2.0 with Hysteresis,reliance_ns,2009-08-12,2009-08-26,2.432808427439821,382.85918274763924,1
Candidate E: Drawdown Governor 2.0 with Hysteresis,tcs_ns,2009-08-18,2009-09-01,3.4954442537083343,990.1615134988082,1
Candidate E: Drawdown Governor 2.0 with Hysteresis,reliance_ns,2009-08-26,2009-09-09,6.235612907371751,1614.1382395543294,1
Candidate E: Drawdown Governor 2.0 with Hysteresis,reliance_ns,2009-09-09,2009-09-23,-3.126697918268722,-501.39883169353476,0
Candidate E: Drawdown Governor 2.0 with Hysteresis,reliance_ns,2009-09-24,2009-10-08,0.8396285523320083,134.2222630516093,1
Candidate E: Drawdown Governor 2.0 with Hysteresis,tcs_ns,2009-10-07,2009-10-21,6.892610233337488,1983.323618887307,1
Candidate E: Drawdown Governor 2.0 with Hysteresis,reliance_ns,2009-10-08,2009-10-22,0.6832460110712406,179.30928298816298,1
Candidate E: Drawdown Governor 2.0 with Hysteresis,reliance_ns,2009-10-22,2009-11-05,-9.133597918202746,-1481.0672764772844,0
Candidate E: Drawdown Governor 2.0 with Hysteresis,tcs_ns,2009-11-09,2009-11-23,11.401513544463192,1831.9368879942608,1
Candidate E: Drawdown Governor 2.0 with Hysteresis,reliance_ns,2009-11-11,2009-11-25,3.765497446305214,1089.0375706646655,1
Candidate E: Drawdown Governor 2.0 with Hysteresis,reliance_ns,2009-12-04,2009-12-18,-7.465440869585003,-1221.3152221148878,0
Candidate E: Drawdown Governor 2.0 with Hysteresis,reliance_ns,2009-12-18,2010-01-04,6.680122370764889,2169.3636629949615,1
Candidate E: Drawdown Governor 2.0 with Hysteresis,reliance_ns,2010-01-04,2010-01-18,2.1804091612120056,717.546092393794,1
Candidate E: Drawdown Governor 2.0 with Hysteresis,tcs_ns,2010-01-07,2010-01-21,7.819803062522586,2058.7215392850862,1
Candidate E: Drawdown Governor 2.0 with Hysteresis,reliance_ns,2010-01-19,2010-02-02,-5.365315360183646,-745.4270286283166,0
Candidate E: Drawdown Governor 2.0 with Hysteresis,reliance_ns,2010-02-02,2010-02-16,-0.979156000499825,-163.1026654222107,0
Candidate E: Drawdown Governor 2.0 with Hysteresis,reliance_ns,2010-02-18,2010-03-04,1.572760631063317,261.72568655937044,1
Candidate E: Drawdown Governor 2.0 with Hysteresis,reliance_ns,2010-03-04,2010-03-18,6.154983524524078,2051.743722652119,1
Candidate E: Drawdown Governor 2.0 with Hysteresis,tcs_ns,2010-03-09,2010-03-23,7.744983250864017,2065.411964622247,1
Candidate E: Drawdown Governor 2.0 with Hysteresis,reliance_ns,2010-04-07,2010-04-21,-6.738694604177367,-1150.9052103150582,0
Candidate E: Drawdown Governor 2.0 with Hysteresis,reliance_ns,2010-04-21,2010-05-05,-3.221734780507316,-1093.0677465875306,0
Candidate E: Drawdown Governor 2.0 with Hysteresis,reliance_ns,2010-05-05,2010-05-19,-2.204408803191519,-743.0910199167312,0
Candidate E: Drawdown Governor 2.0 with Hysteresis,infy_ns,2010-05-07,2010-05-21,-1.3906403232207736,-375.0202175289274,0
Candidate E: Drawdown Governor 2.0 with Hysteresis,icicibank_ns,2010-05-10,2010-05-24,-9.805447294757782,-2115.4231851594072,0
Candidate E: Drawdown Governor 2.0 with Hysteresis,reliance_ns,2010-05-19,2010-06-02,1.191053407426797,284.0949569684678,1
Candidate E: Drawdown Governor 2.0 with Hysteresis,icicibank_ns,2010-05-28,2010-06-11,-2.217170944306732,-313.6423531314479,0
Candidate E: Drawdown Governor 2.0 with Hysteresis,reliance_ns,2010-06-02,2010-06-16,4.586422271257664,1389.236981043405,1
Candidate E: Drawdown Governor 2.0 with Hysteresis,reliance_ns,2010-06-16,2010-06-30,2.9637600787656,493.97792509441047,1
Candidate E: Drawdown Governor 2.0 with Hysteresis,icicibank_ns,2010-06-16,2010-06-30,-1.765705481574962,-264.86542643207264,0
Candidate E: Drawdown Governor 2.0 with Hysteresis,hdfcbank_ns,2010-06-23,2010-07-07,-3.1228864391868454,-421.6049569652652,0
Candidate E: Drawdown Governor 2.0 with Hysteresis,reliance_ns,2010-06-30,2010-07-14,-1.8291757610777966,-507.28770926547577,0
Candidate E: Drawdown Governor 2.0 with Hysteresis,icicibank_ns,2010-06-30,2010-07-14,3.377552513200614,848.901905244315,1
Candidate E: Drawdown Governor 2.0 with Hysteresis,tcs_ns,2010-07-01,2010-07-15,6.790836830347614,1365.4276108998454,1
Candidate E: Drawdown Governor 2.0 with Hysteresis,reliance_ns,2010-07-14,2010-07-28,-4.643899732959969,-560.6690548043225,0
Candidate E: Drawdown Governor 2.0 with Hysteresis,icicibank_ns,2010-07-14,2010-07-28,1.923765281698516,259.0189932272896,1
Candidate E: Drawdown Governor 2.0 with Hysteresis,infy_ns,2010-07-15,2010-07-29,2.6139015503583813,372.87267387497633,1
Candidate E: Drawdown Governor 2.0 with Hysteresis,icicibank_ns,2010-07-28,2010-08-11,6.878370249076458,1056.6595314278295,1
Candidate E: Drawdown Governor 2.0 with Hysteresis,infy_ns,2010-07-29,2010-08-12,-2.182598989778348,-333.7115715408581,0
Candidate E: Drawdown Governor 2.0 with Hysteresis,reliance_ns,2010-08-02,2010-08-16,-3.7591489250968126,-517.2843711523129,0
Candidate E: Drawdown Governor 2.0 with Hysteresis,tcs_ns,2010-08-12,2010-08-26,2.649450755117402,371.62473868954345,1
Candidate E: Drawdown Governor 2.0 with Hysteresis,infy_ns,2010-08-12,2010-08-26,-0.30413942827577656,-42.94274463197054,0
Candidate E: Drawdown Governor 2.0 with Hysteresis,icicibank_ns,2010-08-17,2010-08-31,1.9095998093455013,267.95167795201223,1
Candidate E: Drawdown Governor 2.0 with Hysteresis,reliance_ns,2010-08-19,2010-09-02,-4.115710960126506,-1039.5167480650591,0
Candidate E: Drawdown Governor 2.0 with Hysteresis,infy_ns,2010-08-26,2010-09-09,4.6246850531536525,1197.8278513298333,1
Candidate E: Drawdown Governor 2.0 with Hysteresis,icicibank_ns,2010-09-06,2010-09-20,8.4406323037811,1199.5870393191008,1
Candidate E: Drawdown Governor 2.0 with Hysteresis,reliance_ns,2010-09-07,2010-09-21,7.516618244805216,1922.878227913031,1
Candidate E: Drawdown Governor 2.0 with Hysteresis,infy_ns,2010-09-09,2010-09-23,4.365749650866256,1130.0773136835367,1
Candidate E: Drawdown Governor 2.0 with Hysteresis,icicibank_ns,2010-09-20,2010-10-04,2.46702892551559,586.9156314393282,1
Candidate E: Drawdown Governor 2.0 with Hysteresis,reliance_ns,2010-09-21,2010-10-05,-1.1410845458135037,-279.94479061753543,0
Candidate E: Drawdown Governor 2.0 with Hysteresis,tcs_ns,2010-09-22,2010-10-06,2.5576262391719293,501.9744730605935,1
Candidate E: Drawdown Governor 2.0 with Hysteresis,infy_ns,2010-09-23,2010-10-07,0.9601152797033194,202.625518384443,1
Candidate E: Drawdown Governor 2.0 with Hysteresis,icicibank_ns,2010-10-04,2010-10-18,-3.5080327553270436,-763.3090651821753,0
Candidate E: Drawdown Governor 2.0 with Hysteresis,reliance_ns,2010-10-05,2010-10-19,1.9561278769777237,435.3904231037077,1
Candidate E: Drawdown Governor 2.0 with Hysteresis,infy_ns,2010-10-07,2010-10-21,-0.6719358530082239,-87.665147816001,0
Candidate E: Drawdown Governor 2.0 with Hysteresis,icicibank_ns,2010-10-18,2010-11-01,10.324243947409991,1429.0350965988712,1
Candidate E: Drawdown Governor 2.0 with Hysteresis,tcs_ns,2010-10-19,2010-11-02,8.388036806643147,1044.9306645971822,1
Candidate E: Drawdown Governor 2.0 with Hysteresis,reliance_ns,2010-10-19,2010-11-02,2.8640918016474712,386.1073321982767,1
Candidate E: Drawdown Governor 2.0 with Hysteresis,infy_ns,2010-10-21,2010-11-04,1.3564691091644798,364.314264760452,1
Candidate E: Drawdown Governor 2.0 with Hysteresis,reliance_ns,2010-11-02,2010-11-16,-4.174094437908217,-1252.8139657762572,0
Candidate E: Drawdown Governor 2.0 with Hysteresis,icicibank_ns,2010-11-04,2010-11-18,-8.07489168781405,-2378.507431355732,0
Candidate E: Drawdown Governor 2.0 with Hysteresis,infy_ns,2010-11-08,2010-11-22,0.8713219836015597,205.3224630841787,1
Candidate E: Drawdown Governor 2.0 with Hysteresis,reliance_ns,2010-11-16,2010-11-30,-4.404928536864859,-1083.780880379795,0
Candidate E: Drawdown Governor 2.0 with Hysteresis,icicibank_ns,2010-11-18,2010-12-02,2.246169880472666,563.7544330400219,1
Candidate E: Drawdown Governor 2.0 with Hysteresis,tcs_ns,2010-11-19,2010-12-03,8.016670694001087,1609.6498065459264,1
Candidate E: Drawdown Governor 2.0 with Hysteresis,infy_ns,2010-11-22,2010-12-06,3.2239791304961622,671.1352556426413,1
Candidate E: Drawdown Governor 2.0 with Hysteresis,reliance_ns,2010-11-30,2010-12-14,7.013229668122819,1497.85731421387,1
Candidate E: Drawdown Governor 2.0 with Hysteresis,icicibank_ns,2010-12-02,2010-12-16,-7.2159549639936,-1603.2786664036933,0
Candidate E: Drawdown Governor 2.0 with Hysteresis,infy_ns,2010-12-06,2010-12-20,6.517626780473658,860.6568319305896,1
Candidate E: Drawdown Governor 2.0 with Hysteresis,reliance_ns,2010-12-14,2010-12-28,-0.7461682608708854,-105.73281575696,0
Candidate E: Drawdown Governor 2.0 with Hysteresis,icicibank_ns,2010-12-16,2010-12-30,2.7611621418647876,409.05561722609303,1
Candidate E: Drawdown Governor 2.0 with Hysteresis,infy_ns,2010-12-21,2011-01-04,4.519312944245373,666.1344418159221,1
Candidate E: Drawdown Governor 2.0 with Hysteresis,reliance_ns,2010-12-28,2011-01-11,-3.307271848179289,-970.4985779978643,0
Candidate E: Drawdown Governor 2.0 with Hysteresis,icicibank_ns,2010-12-30,2011-01-13,-9.795749415836408,-2597.8565025610164,0
Candidate E: Drawdown Governor 2.0 with Hysteresis,infy_ns,2011-01-04,2011-01-18,-4.598987589006718,-1117.432871598289,0
Candidate E: Drawdown Governor 2.0 with Hysteresis,tcs_ns,2011-01-11,2011-01-25,8.143447774575414,1582.9146837806277,1
Candidate E: Drawdown Governor 2.0 with Hysteresis,icicibank_ns,2011-01-13,2011-01-27,-1.184908497794313,-308.18959376714093,0
Candidate E: Drawdown Governor 2.0 with Hysteresis,reliance_ns,2011-01-20,2011-02-03,-2.724333128200074,-346.58478351865125,0
Candidate E: Drawdown Governor 2.0 with Hysteresis,hdfcbank_ns,2011-01-24,2011-02-07,-5.155426123663231,-1180.5553481464688,0
Candidate E: Drawdown Governor 2.0 with Hysteresis,icicibank_ns,2011-01-27,2011-02-10,-5.420210834686206,-749.7197599878524,0
Candidate E: Drawdown Governor 2.0 with Hysteresis,tcs_ns,2011-01-31,2011-02-14,-4.11868056889082,-512.7237060657255,0
Candidate E: Drawdown Governor 2.0 with Hysteresis,reliance_ns,2011-02-03,2011-02-17,1.0142040802615273,252.36210498198642,1
Candidate E: Drawdown Governor 2.0 with Hysteresis,hdfcbank_ns,2011-02-10,2011-02-24,2.0944226037623737,281.34803342770886,1
Candidate E: Drawdown Governor 2.0 with Hysteresis,icicibank_ns,2011-02-14,2011-02-28,-6.176978057079556,-820.5178752830199,0
Candidate E: Drawdown Governor 2.0 with Hysteresis,infy_ns,2011-02-17,2011-03-03,-2.851046212748432,-340.8464338517761,0
Candidate E: Drawdown Governor 2.0 with Hysteresis,reliance_ns,2011-02-17,2011-03-03,2.40696381511204,319.4795659960439,1
Candidate E: Drawdown Governor 2.0 with Hysteresis,icicibank_ns,2011-03-01,2011-03-15,-2.932987118887691,-427.14773508005027,0
Candidate E: Drawdown Governor 2.0 with Hysteresis,reliance_ns,2011-03-03,2011-03-17,5.4158571798450055,1692.7701975241212,1
Candidate E: Drawdown Governor 2.0 with Hysteresis,tcs_ns,2011-03-11,2011-03-25,3.903268062563285,975.9985361274153,1
Candidate E: Drawdown Governor 2.0 with Hysteresis,icicibank_ns,2011-03-16,2011-03-30,7.89287923820203,901.0118478516754,1
Candidate E: Drawdown Governor 2.0 with Hysteresis,reliance_ns,2011-03-18,2011-04-01,4.318412011134502,585.9571562009007,1
Candidate E: Drawdown Governor 2.0 with Hysteresis,hdfcbank_ns,2011-03-22,2011-04-05,11.291692402930174,2757.8670848686575,1
Candidate E: Drawdown Governor 2.0 with Hysteresis,icicibank_ns,2011-03-30,2011-04-13,1.5495999926450736,210.73413432558473,1
Candidate E: Drawdown Governor 2.0 with Hysteresis,infy_ns,2011-04-05,2011-04-19,-12.102142005408608,-1652.5246099216681,0
Candidate E: Drawdown Governor 2.0 with Hysteresis,hdfcbank_ns,2011-04-07,2011-04-21,2.322736466674313,348.5847332463945,1
Candidate E: Drawdown Governor 2.0 with Hysteresis,icicibank_ns,2011-04-13,2011-04-27,-1.8239736995271139,-543.097350058564,0
Candidate E: Drawdown Governor 2.0 with Hysteresis,tcs_ns,2011-04-25,2011-05-09,-5.248378600289602,-768.6795607496854,0
Candidate E: Drawdown Governor 2.0 with Hysteresis,icicibank_ns,2011-04-27,2011-05-11,-2.772581076611694,-893.0303666966993,0
Candidate E: Drawdown Governor 2.0 with Hysteresis,icicibank_ns,2011-05-11,2011-05-25,-6.35779845553622,-1106.4545509845443,0
Candidate E: Drawdown Governor 2.0 with Hysteresis,reliance_ns,2011-05-17,2011-05-31,3.337220493730663,522.7020871887922,1
Candidate E: Drawdown Governor 2.0 with Hysteresis,hdfcbank_ns,2011-05-25,2011-06-08,4.405022741838013,1385.4838841140968,1
Candidate E: Drawdown Governor 2.0 with Hysteresis,infy_ns,2011-05-26,2011-06-09,3.0080207344767746,756.8749575099242,1
Candidate E: Drawdown Governor 2.0 with Hysteresis,icicibank_ns,2011-05-27,2011-06-10,-3.067727105482716,-617.5185685395617,0
Candidate E: Drawdown Governor 2.0 with Hysteresis,reliance_ns,2011-06-01,2011-06-15,-4.932427753212402,-476.98330858937936,0
Candidate E: Drawdown Governor 2.0 with Hysteresis,hdfcbank_ns,2011-06-08,2011-06-22,-1.4313235170452063,-343.14850983705827,0
Candidate E: Drawdown Governor 2.0 with Hysteresis,icicibank_ns,2011-06-10,2011-06-24,2.6709097317369728,377.4732751908282,1
Candidate E: Drawdown Governor 2.0 with Hysteresis,infy_ns,2011-06-16,2011-06-30,3.8815368165154593,529.3958847396049,1
Candidate E: Drawdown Governor 2.0 with Hysteresis,tcs_ns,2011-06-17,2011-07-01,7.402103033203082,1817.2073395107968,1
Candidate E: Drawdown Governor 2.0 with Hysteresis,reliance_ns,2011-06-17,2011-07-01,-0.8323431837695399,-163.47139571044596,0
Candidate E: Drawdown Governor 2.0 with Hysteresis,hdfcbank_ns,2011-06-22,2011-07-06,9.52887979520757,973.7626547976349,1
Candidate E: Drawdown Governor 2.0 with Hysteresis,icicibank_ns,2011-06-24,2011-07-08,-0.41632378713584034,-44.330923278781476,0
Candidate E: Drawdown Governor 2.0 with Hysteresis,reliance_ns,2011-07-01,2011-07-15,1.2545290492170342,195.51257217870065,1
Candidate E: Drawdown Governor 2.0 with Hysteresis,tcs_ns,2011-07-04,2011-07-18,-5.162556286492663,-724.1045500680119,0
Candidate E: Drawdown Governor 2.0 with Hysteresis,icicibank_ns,2011-07-08,2011-07-22,0.6900502043939353,102.14913321152939,1
Candidate E: Drawdown Governor 2.0 with Hysteresis,hdfcbank_ns,2011-07-11,2011-07-25,0.015334063122975802,2.0429312562826043,1
Candidate E: Drawdown Governor 2.0 with Hysteresis,reliance_ns,2011-07-15,2011-07-29,-5.2294953087740295,-709.5668288284096,0
Candidate E: Drawdown Governor 2.0 with Hysteresis,icicibank_ns,2011-07-22,2011-08-05,-9.553229156967415,-1436.0820049708645,0
Candidate E: Drawdown Governor 2.0 with Hysteresis,infy_ns,2011-07-28,2011-08-11,-11.330750935394631,-1683.938792729663,0
Candidate E: Drawdown Governor 2.0 with Hysteresis,reliance_ns,2011-07-29,2011-08-12,-8.14426863322676,-1194.0639181335366,0
Candidate E: Drawdown Governor 2.0 with Hysteresis,infy_ns,2011-08-18,2011-09-02,-1.531784756980476,-263.76418183556626,0
Candidate E: Drawdown Governor 2.0 with Hysteresis,reliance_ns,2011-08-22,2011-09-05,4.155297537967421,643.9656651181577,1
Candidate E: Drawdown Governor 2.0 with Hysteresis,infy_ns,2011-09-05,2011-09-19,4.254490997375469,665.5419309213133,1
Candidate E: Drawdown Governor 2.0 with Hysteresis,reliance_ns,2011-09-05,2011-09-19,4.0932023870068575,642.3501231343968,1
Candidate E: Drawdown Governor 2.0 with Hysteresis,infy_ns,2011-10-31,2011-11-14,-2.437990611248769,-423.92297102157863,0
Candidate E: Drawdown Governor 2.0 with Hysteresis,reliance_ns,2011-11-01,2011-11-15,0.048716099153624896,7.62377264910282,1
Candidate E: Drawdown Governor 2.0 with Hysteresis,reliance_ns,2011-11-17,2011-12-01,-1.4012619920043825,-243.0710587259487,0
Candidate E: Drawdown Governor 2.0 with Hysteresis,reliance_ns,2011-12-01,2011-12-15,-6.16083668543375,-1067.197058726508,0
Candidate E: Drawdown Governor 2.0 with Hysteresis,reliance_ns,2011-12-15,2011-12-29,-5.146427896714654,-885.9861283483385,0
Candidate E: Drawdown Governor 2.0 with Hysteresis,reliance_ns,2011-12-30,2012-01-13,5.553665778575156,951.1739192970641,1
Candidate E: Drawdown Governor 2.0 with Hysteresis,infy_ns,2012-01-09,2012-01-23,-8.374615146401315,-1290.8850201111125,0
Candidate E: Drawdown Governor 2.0 with Hysteresis,icicibank_ns,2012-01-11,2012-01-25,12.748825966137634,1768.6235556372171,1
Candidate E: Drawdown Governor 2.0 with Hysteresis,reliance_ns,2012-01-16,2012-01-30,11.417709331276962,1631.9747882136446,1
Candidate E: Drawdown Governor 2.0 with Hysteresis,icicibank_ns,2012-02-09,2012-02-23,0.3913634997765288,68.22657571332454,1
Candidate E: Drawdown Governor 2.0 with Hysteresis,reliance_ns,2012-02-15,2012-02-29,-1.949479788921962,-305.86832304694974,0
Candidate E: Drawdown Governor 2.0 with Hysteresis,infy_ns,2012-02-16,2012-03-01,-1.8470023438406808,-260.8108899133883,0
Candidate E: Drawdown Governor 2.0 with Hysteresis,icicibank_ns,2012-02-24,2012-03-09,-1.9220857189982024,-277.9108587573399,0
Candidate E: Drawdown Governor 2.0 with Hysteresis,reliance_ns,2012-03-06,2012-03-20,-2.109366510986671,-336.17645286512897,0
Candidate E: Drawdown Governor 2.0 with Hysteresis,icicibank_ns,2012-03-12,2012-03-26,-6.123709091943919,-965.1992478026076,0
Candidate E: Drawdown Governor 2.0 with Hysteresis,reliance_ns,2012-03-20,2012-04-03,-1.0816286041594034,-170.30916745539517,0
Candidate E: Drawdown Governor 2.0 with Hysteresis,infy_ns,2012-03-26,2012-04-09,-0.3324693102534664,-47.114429199075985,0
Candidate E: Drawdown Governor 2.0 with Hysteresis,reliance_ns,2012-04-03,2012-04-17,-0.8865710566233713,-139.9996255527154,0
Candidate E: Drawdown Governor 2.0 with Hysteresis,icicibank_ns,2012-04-03,2012-04-17,-2.553704884621117,-362.9330694402287,0
Candidate E: Drawdown Governor 2.0 with Hysteresis,infy_ns,2012-04-11,2012-04-25,-16.246788689682838,-2307.5660670384905,0
Candidate E: Drawdown Governor 2.0 with Hysteresis,hdfcbank_ns,2012-04-16,2012-04-30,2.355592260500236,301.11281587632044,1
Candidate E: Drawdown Governor 2.0 with Hysteresis,reliance_ns,2012-04-17,2012-05-02,-0.4316399319190251,-56.41411457367014,0
Candidate E: Drawdown Governor 2.0 with Hysteresis,infy_ns,2012-04-25,2012-05-09,0.6432870547130795,92.22946857743084,1
Candidate E: Drawdown Governor 2.0 with Hysteresis,infy_ns,2012-05-09,2012-05-23,-0.8124310112503302,-137.75719831778542,0
Candidate E: Drawdown Governor 2.0 with Hysteresis,reliance_ns,2012-05-09,2012-05-23,-1.236290704938444,-188.66481869135282,0
Candidate E: Drawdown Governor 2.0 with Hysteresis,reliance_ns,2012-05-24,2012-06-07,3.6803350140664874,622.8425867525856,1
Candidate E: Drawdown Governor 2.0 with Hysteresis,icicibank_ns,2012-06-05,2012-06-19,4.335151656427676,660.2946077465034,1
Candidate E: Drawdown Governor 2.0 with Hysteresis,reliance_ns,2012-06-07,2012-06-21,-0.40337526040912264,-62.37269116799936,0
Candidate E: Drawdown Governor 2.0 with Hysteresis,reliance_ns,2012-06-21,2012-07-05,2.731415121424152,465.58626213816433,1
Candidate E: Drawdown Governor 2.0 with Hysteresis,icicibank_ns,2012-06-29,2012-07-13,2.9001625985539436,444.9152631309464,1
Candidate E: Drawdown Governor 2.0 with Hysteresis,reliance_ns,2012-07-06,2012-07-20,-1.7093707268298741,-265.9449260951679,0
Candidate E: Drawdown Governor 2.0 with Hysteresis,icicibank_ns,2012-07-13,2012-07-27,0.1874457597665498,29.205643074791897,1
Candidate E: Drawdown Governor 2.0 with Hysteresis,hdfcbank_ns,2012-07-20,2012-08-03,0.9107340949772443,141.6371544556726,1
Candidate E: Drawdown Governor 2.0 with Hysteresis,reliance_ns,2012-07-26,2012-08-09,9.8021451634887,1371.9846007273902,1
Candidate E: Drawdown Governor 2.0 with Hysteresis,icicibank_ns,2012-07-27,2012-08-10,2.8034128163263614,396.9101786660209,1
Candidate E: Drawdown Governor 2.0 with Hysteresis,icicibank_ns,2012-08-10,2012-08-24,-0.09187259931785423,-15.89766720293277,0
Candidate E: Drawdown Governor 2.0 with Hysteresis,hdfcbank_ns,2012-08-10,2012-08-24,-1.021039004519328,-159.0128566517742,0
Candidate E: Drawdown Governor 2.0 with Hysteresis,reliance_ns,2012-08-24,2012-09-07,1.1832396012287951,165.84604254675335,1
Candidate E: Drawdown Governor 2.0 with Hysteresis,icicibank_ns,2012-08-24,2012-09-07,-1.778069706977539,-255.03664010891382,0
Candidate E: Drawdown Governor 2.0 with Hysteresis,hdfcbank_ns,2012-08-24,2012-09-07,-1.0389340127345765,-150.13190762412407,0
Candidate E: Drawdown Governor 2.0 with Hysteresis,icicibank_ns,2012-09-10,2012-09-24,14.568612872850522,2514.923143085006,1
Candidate E: Drawdown Governor 2.0 with Hysteresis,hdfcbank_ns,2012-09-10,2012-09-24,7.364031766569935,1144.1018214991261,1
Candidate E: Drawdown Governor 2.0 with Hysteresis,tcs_ns,2012-09-20,2012-10-04,-0.41668310122122026,-58.263614170344695,0
Candidate E: Drawdown Governor 2.0 with Hysteresis,reliance_ns,2012-09-20,2012-10-04,2.399219425932023,301.9284321335044,1
Candidate E: Drawdown Governor 2.0 with Hysteresis,tcs_ns,2012-10-04,2012-10-18,-0.7936623484153473,-129.8768424783268,0
Candidate E: Drawdown Governor 2.0 with Hysteresis,hdfcbank_ns,2012-10-30,2012-11-15,1.9374812771908163,341.76963375288216,1
Candidate E: Drawdown Governor 2.0 with Hysteresis,hdfcbank_ns,2012-11-15,2012-11-29,8.239853090621976,1456.3174407791983,1
Candidate E: Drawdown Governor 2.0 with Hysteresis,infy_ns,2012-11-16,2012-11-30,3.9380191224294316,626.4074468729108,1
Candidate E: Drawdown Governor 2.0 with Hysteresis,tcs_ns,2012-11-19,2012-12-03,4.2612329590140225,610.0379855611163,1
Candidate E: Drawdown Governor 2.0 with Hysteresis,icicibank_ns,2012-11-27,2012-12-11,8.508714973104928,1096.2966476249396,1
Candidate E: Drawdown Governor 2.0 with Hysteresis,infy_ns,2012-12-07,2012-12-21,-1.0963630444820525,-182.59824552731928,0
Candidate E: Drawdown Governor 2.0 with Hysteresis,tcs_ns,2012-12-10,2012-12-24,2.292830677656021,687.363870981428,1
Candidate E: Drawdown Governor 2.0 with Hysteresis,reliance_ns,2012-12-10,2012-12-24,-0.9670811839634927,-231.93571950703816,0
Candidate E: Drawdown Governor 2.0 with Hysteresis,infy_ns,2012-12-21,2013-01-04,2.2432972965905877,283.5197281006078,1
Candidate E: Drawdown Governor 2.0 with Hysteresis,tcs_ns,2012-12-24,2013-01-07,2.2115463991570192,319.3759106145572,1
Candidate E: Drawdown Governor 2.0 with Hysteresis,icicibank_ns,2012-12-24,2013-01-07,5.355229322119409,823.220704610275,1
Candidate E: Drawdown Governor 2.0 with Hysteresis,reliance_ns,2012-12-27,2013-01-10,3.904242125899883,540.1538355265748,1
Candidate E: Drawdown Governor 2.0 with Hysteresis,hdfcbank_ns,2012-12-28,2013-01-11,-1.2815887703242603,-159.57759810528935,0
Candidate E: Drawdown Governor 2.0 with Hysteresis,tcs_ns,2013-01-07,2013-01-21,2.6632447823507546,372.17945121606755,1
Candidate E: Drawdown Governor 2.0 with Hysteresis,infy_ns,2013-01-14,2013-01-28,0.09779360030565203,16.49138709314815,1
Candidate E: Drawdown Governor 2.0 with Hysteresis,hdfcbank_ns,2013-01-14,2013-01-28,0.10680006248511853,16.20916961701669,1
Candidate E: Drawdown Governor 2.0 with Hysteresis,tcs_ns,2013-01-23,2013-02-06,4.414407926163997,666.3146493667715,1
Candidate E: Drawdown Governor 2.0 with Hysteresis,reliance_ns,2013-01-23,2013-02-06,-5.182580519816661,-704.0369720407141,0
Candidate E: Drawdown Governor 2.0 with Hysteresis,icicibank_ns,2013-01-24,2013-02-07,-1.7365740163528365,-424.6344371381982,0
Candidate E: Drawdown Governor 2.0 with Hysteresis,infy_ns,2013-01-28,2013-02-11,-0.7114325595430745,-81.59395043305703,0
Candidate E: Drawdown Governor 2.0 with Hysteresis,hdfcbank_ns,2013-01-28,2013-02-11,-2.047950904005039,-242.5060775213951,0
Candidate E: Drawdown Governor 2.0 with Hysteresis,icicibank_ns,2013-02-21,2013-03-07,3.4263998566244824,624.3849987194013,1
Candidate E: Drawdown Governor 2.0 with Hysteresis,hdfcbank_ns,2013-02-21,2013-03-07,-3.717960555486339,-609.7638934256724,0
Candidate E: Drawdown Governor 2.0 with Hysteresis,reliance_ns,2013-03-18,2013-04-01,-6.70494163545543,-1221.9241922052288,0
Candidate E: Drawdown Governor 2.0 with Hysteresis,infy_ns,2013-03-19,2013-04-02,3.9063558754800756,640.7130600711228,1
Candidate E: Drawdown Governor 2.0 with Hysteresis,icicibank_ns,2013-03-19,2013-04-02,1.3341646019054159,196.94442615479906,1
Candidate E: Drawdown Governor 2.0 with Hysteresis,hdfcbank_ns,2013-03-20,2013-04-03,-0.34561160641799055,-91.832224391349,0
Candidate E: Drawdown Governor 2.0 with Hysteresis,icicibank_ns,2013-04-04,2013-04-18,11.230041423422366,2041.242314417385,1
Candidate E: Drawdown Governor 2.0 with Hysteresis,infy_ns,2013-04-09,2013-04-23,-18.263459244883713,-2987.7121527339455,0
Candidate E: Drawdown Governor 2.0 with Hysteresis,reliance_ns,2013-04-15,2013-04-29,-0.16964439569878942,-24.976854290789422,0
Candidate E: Drawdown Governor 2.0 with Hysteresis,tcs_ns,2013-04-17,2013-05-02,-1.6110218390753543,-213.47261022862477,0
Candidate E: Drawdown Governor 2.0 with Hysteresis,infy_ns,2013-04-23,2013-05-07,3.773926347826763,576.8293164735354,1
Candidate E: Drawdown Governor 2.0 with Hysteresis,reliance_ns,2013-04-29,2013-05-13,1.2550900832693572,191.09930452377773,1
Candidate E: Drawdown Governor 2.0 with Hysteresis,tcs_ns,2013-05-03,2013-05-17,3.846538512774828,577.2530174440761,1
Candidate E: Drawdown Governor 2.0 with Hysteresis,infy_ns,2013-05-07,2013-05-21,2.0266198820562153,305.8678511890967,1
Candidate E: Drawdown Governor 2.0 with Hysteresis,reliance_ns,2013-05-27,2013-06-10,-4.750054157350314,-865.6135894729464,0
Candidate E: Drawdown Governor 2.0 with Hysteresis,icicibank_ns,2013-06-03,2013-06-17,-3.864183645359013,-633.7613821558937,0
Candidate E: Drawdown Governor 2.0 with Hysteresis,reliance_ns,2013-06-10,2013-06-24,0.36786146065895403,60.684573380374225,1
Candidate E: Drawdown Governor 2.0 with Hysteresis,hdfcbank_ns,2013-06-11,2013-06-25,-4.6949952275264595,-697.0624313443178,0
Candidate E: Drawdown Governor 2.0 with Hysteresis,tcs_ns,2013-06-13,2013-06-27,3.147653250740009,420.59675239139096,1
Candidate E: Drawdown Governor 2.0 with Hysteresis,reliance_ns,2013-06-24,2013-07-08,9.318926788216102,1421.9239131945974,1
Candidate E: Drawdown Governor 2.0 with Hysteresis,icicibank_ns,2013-07-01,2013-07-15,-0.6911242521242923,-114.21433324909441,0
Candidate E: Drawdown Governor 2.0 with Hysteresis,reliance_ns,2013-07-15,2013-07-29,-1.29262038305954,-213.81654442607243,0
Candidate E: Drawdown Governor 2.0 with Hysteresis,icicibank_ns,2013-07-15,2013-07-29,-12.526676082089452,-2070.4539962261133,0
Candidate E: Drawdown Governor 2.0 with Hysteresis,infy_ns,2013-07-19,2013-08-02,5.613643799640836,835.0588812204574,1
Candidate E: Drawdown Governor 2.0 with Hysteresis,icicibank_ns,2013-08-06,2013-08-20,-4.197526598568339,-757.1318152815028,0
Candidate E: Drawdown Governor 2.0 with Hysteresis,reliance_ns,2013-08-16,2013-08-30,3.2325029821986977,524.7585009907383,1
Candidate E: Drawdown Governor 2.0 with Hysteresis,tcs_ns,2013-08-20,2013-09-03,15.186558251349124,2218.8217701161493,1
Candidate E: Drawdown Governor 2.0 with Hysteresis,hdfcbank_ns,2013-08-22,2013-09-05,3.4814400149462,517.9488945248388,1
Candidate E: Drawdown Governor 2.0 with Hysteresis,infy_ns,2013-09-26,2013-10-10,3.7757277474248854,690.5054731258016,1
Candidate E: Drawdown Governor 2.0 with Hysteresis,tcs_ns,2013-10-24,2013-11-07,5.5851559591547275,1025.2704686337877,1
Candidate E: Drawdown Governor 2.0 with Hysteresis,infy_ns,2013-10-24,2013-11-07,1.4256531199825273,235.53720752131514,1
Candidate E: Drawdown Governor 2.0 with Hysteresis,infy_ns,2013-11-07,2013-11-21,-0.4444297895763241,-82.1445866538021,0
Candidate E: Drawdown Governor 2.0 with Hysteresis,icicibank_ns,2013-11-13,2013-11-27,2.682893232623117,446.294656026956,1
Candidate E: Drawdown Governor 2.0 with Hysteresis,tcs_ns,2013-11-14,2013-11-28,-2.1020766262034876,-314.7091349307597,0
Candidate E: Drawdown Governor 2.0 with Hysteresis,tcs_ns,2013-11-28,2013-12-12,2.18107423906111,403.2388710859637,1
Candidate E: Drawdown Governor 2.0 with Hysteresis,reliance_ns,2013-12-12,2013-12-26,1.942794436132399,359.96890752267785,1
Candidate E: Drawdown Governor 2.0 with Hysteresis,icicibank_ns,2013-12-19,2014-01-02,1.0871822740013855,181.29382468607517,1
Candidate E: Drawdown Governor 2.0 with Hysteresis,icicibank_ns,2014-01-02,2014-01-16,-1.6018445462857214,-297.6633347342001,0
Candidate E: Drawdown Governor 2.0 with Hysteresis,icicibank_ns,2014-01-27,2014-02-10,-4.92477219443154,-913.6816272507989,0
Candidate E: Drawdown Governor 2.0 with Hysteresis,tcs_ns,2014-02-04,2014-02-18,0.6306227126180077,105.29817972247925,1
Candidate E: Drawdown Governor 2.0 with Hysteresis,infy_ns,2014-02-07,2014-02-21,5.110668569702384,768.0181479484231,1
Candidate E: Drawdown Governor 2.0 with Hysteresis,icicibank_ns,2014-02-18,2014-03-04,2.964492181697191,503.0493238686103,1
Candidate E: Drawdown Governor 2.0 with Hysteresis,icicibank_ns,2014-03-04,2014-03-18,12.608524416385045,2345.064218800646,1
Candidate E: Drawdown Governor 2.0 with Hysteresis,tcs_ns,2014-03-10,2014-03-24,0.41415516617834364,69.32598821609393,1
Candidate E: Drawdown Governor 2.0 with Hysteresis,tcs_ns,2014-03-26,2014-04-09,2.189142698475191,371.20042987526944,1
Candidate E: Drawdown Governor 2.0 with Hysteresis,reliance_ns,2014-03-25,2014-04-09,9.367553333550962,1764.8917119298906,1
Candidate E: Drawdown Governor 2.0 with Hysteresis,infy_ns,2014-04-16,2014-04-30,0.693934679528415,132.22291067472457,1
Candidate E: Drawdown Governor 2.0 with Hysteresis,infy_ns,2014-05-07,2014-05-21,2.8745153681199715,548.0927073353953,1
Candidate E: Drawdown Governor 2.0 with Hysteresis,reliance_ns,2014-05-13,2014-05-27,2.2574816263915563,387.3968833432574,1
Candidate E: Drawdown Governor 2.0 with Hysteresis,tcs_ns,2014-05-19,2014-06-02,4.52129541136204,698.2923614984152,1
Candidate E: Drawdown Governor 2.0 with Hysteresis,tcs_ns,2014-06-06,2014-06-20,9.931807719447194,1909.9548057140698,1
Candidate E: Drawdown Governor 2.0 with Hysteresis,reliance_ns,2014-06-24,2014-07-08,-6.161017618813017,-1196.5732483233555,0
Candidate E: Drawdown Governor 2.0 with Hysteresis,reliance_ns,2014-07-11,2014-07-25,5.673988435194246,1095.1946463847028,1
Candidate E: Drawdown Governor 2.0 with Hysteresis,icicibank_ns,2014-07-11,2014-07-25,8.721224711644199,1515.0356492408573,1
Candidate E: Drawdown Governor 2.0 with Hysteresis,infy_ns,2014-08-05,2014-08-19,0.940112405457186,183.91463811864608,1
Candidate E: Drawdown Governor 2.0 with Hysteresis,infy_ns,2014-08-19,2014-09-02,1.8079676218805547,708.0521592115795,1
Candidate E: Drawdown Governor 2.0 with Hysteresis,infy_ns,2014-09-04,2014-09-18,-0.36665992585102797,-72.05690459490995,0
Candidate E: Drawdown Governor 2.0 with Hysteresis,reliance_ns,2014-09-08,2014-09-22,-4.4951072740254245,-1590.1010382462273,0
Candidate E: Drawdown Governor 2.0 with Hysteresis,infy_ns,2014-09-25,2014-10-09,-1.2469073745946644,-242.97272718953357,0
Candidate E: Drawdown Governor 2.0 with Hysteresis,reliance_ns,2014-09-25,2014-10-09,2.615766248730217,458.7380625732749,1
Candidate E: Drawdown Governor 2.0 with Hysteresis,tcs_ns,2014-10-17,2014-10-31,6.7753426409773025,1321.707086458028,1
Candidate E: Drawdown Governor 2.0 with Hysteresis,reliance_ns,2014-10-17,2014-10-31,6.626471111361641,1163.3992347211363,1
Candidate E: Drawdown Governor 2.0 with Hysteresis,hdfcbank_ns,2014-10-20,2014-11-03,1.8398606659824739,581.4386599874339,1
Candidate E: Drawdown Governor 2.0 with Hysteresis,tcs_ns,2014-11-07,2014-11-21,1.865197268198551,369.5750287059802,1
Candidate E: Drawdown Governor 2.0 with Hysteresis,reliance_ns,2014-11-10,2014-11-24,1.599766453046794,570.5673802973064,1
Candidate E: Drawdown Governor 2.0 with Hysteresis,icicibank_ns,2014-11-19,2014-12-03,6.55434405647803,1870.1204345169508,1
Candidate E: Drawdown Governor 2.0 with Hysteresis,infy_ns,2014-11-28,2014-12-12,-11.11250818263198,-1895.2405436587708,0
Candidate E: Drawdown Governor 2.0 with Hysteresis,tcs_ns,2014-12-15,2014-12-29,6.910247675454895,1375.5374438900226,1
Candidate E: Drawdown Governor 2.0 with Hysteresis,reliance_ns,2014-12-16,2014-12-30,1.7476230916477722,626.1798424436637,1
Candidate E: Drawdown Governor 2.0 with Hysteresis,hdfcbank_ns,2014-12-19,2015-01-02,2.4820569641569437,711.4641806599521,1
Candidate E: Drawdown Governor 2.0 with Hysteresis,infy_ns,2014-12-22,2015-01-05,-0.23494205048214295,-53.87558975887474,0
Candidate E: Drawdown Governor 2.0 with Hysteresis,tcs_ns,2014-12-30,2015-01-13,-1.3200962744202138,-149.18018537972696,0
Candidate E: Drawdown Governor 2.0 with Hysteresis,reliance_ns,2015-01-06,2015-01-20,7.953414973171948,1514.4592086381226,1
Candidate E: Drawdown Governor 2.0 with Hysteresis,infy_ns,2015-01-08,2015-01-22,11.244357876552392,3853.9946048152206,1
Candidate E: Drawdown Governor 2.0 with Hysteresis,tcs_ns,2015-01-13,2015-01-27,0.11606235531058412,34.412767500380646,1
Candidate E: Drawdown Governor 2.0 with Hysteresis,tcs_ns,2015-01-27,2015-02-10,-2.4827929187364624,-513.8651662272176,0
Candidate E: Drawdown Governor 2.0 with Hysteresis,infy_ns,2015-01-28,2015-02-11,6.488896067281742,1208.7097026793656,1
Candidate E: Drawdown Governor 2.0 with Hysteresis,reliance_ns,2015-02-02,2015-02-16,-0.6278711270334428,-210.5204102108297,0
Candidate E: Drawdown Governor 2.0 with Hysteresis,icicibank_ns,2015-02-04,2015-02-18,-0.7025053789833453,-188.43576548282454,0
Candidate E: Drawdown Governor 2.0 with Hysteresis,tcs_ns,2015-02-10,2015-02-24,10.742794713444912,2738.9133352031513,1
Candidate E: Drawdown Governor 2.0 with Hysteresis,icicibank_ns,2015-02-23,2015-03-09,1.104432116528245,200.75389240570755,1
Candidate E: Drawdown Governor 2.0 with Hysteresis,infy_ns,2015-03-04,2015-03-18,-2.03392409073941,-390.1641956740174,0
Candidate E: Drawdown Governor 2.0 with Hysteresis,icicibank_ns,2015-03-10,2015-03-24,-6.565550591450156,-1254.1733790851408,0
Candidate E: Drawdown Governor 2.0 with Hysteresis,tcs_ns,2015-03-12,2015-03-26,-4.093335339989852,-1407.460632347304,0
Candidate E: Drawdown Governor 2.0 with Hysteresis,reliance_ns,2015-03-16,2015-03-30,-3.7709790861971024,-1037.296809254937,0
Candidate E: Drawdown Governor 2.0 with Hysteresis,infy_ns,2015-03-18,2015-04-01,-2.5403464365871695,-654.5055625098432,0
Candidate E: Drawdown Governor 2.0 with Hysteresis,hdfcbank_ns,2015-03-23,2015-04-06,-1.5572439803112323,-320.9719218195921,0
Candidate E: Drawdown Governor 2.0 with Hysteresis,icicibank_ns,2015-03-24,2015-04-07,1.7125040939200964,343.5088292974869,1
Candidate E: Drawdown Governor 2.0 with Hysteresis,tcs_ns,2015-03-26,2015-04-09,5.973406164261529,1352.5247521382128,1
Candidate E: Drawdown Governor 2.0 with Hysteresis,infy_ns,2015-04-07,2015-04-21,-0.8321927479776857,-135.18163499971087,0
Candidate E: Drawdown Governor 2.0 with Hysteresis,reliance_ns,2015-04-07,2015-04-21,5.182413702007679,757.6495268269011,1
Candidate E: Drawdown Governor 2.0 with Hysteresis,hdfcbank_ns,2015-04-07,2015-04-21,-2.9292181069958847,-445.17966534046224,0
Candidate E: Drawdown Governor 2.0 with Hysteresis,tcs_ns,2015-04-17,2015-05-04,0.22058613378769584,35.46497176520974,1
Candidate E: Drawdown Governor 2.0 with Hysteresis,infy_ns,2015-04-21,2015-05-05,-8.439814450398755,-2714.3677363600736,0
Candidate E: Drawdown Governor 2.0 with Hysteresis,hdfcbank_ns,2015-04-21,2015-05-05,-1.5796411364052374,-501.6177161598805,0
Candidate E: Drawdown Governor 2.0 with Hysteresis,reliance_ns,2015-04-23,2015-05-07,-0.7679602573610673,-195.09366350165175,0
Candidate E: Drawdown Governor 2.0 with Hysteresis,tcs_ns,2015-05-04,2015-05-18,1.5147650792779408,356.6654148260306,1
Candidate E: Drawdown Governor 2.0 with Hysteresis,hdfcbank_ns,2015-05-07,2015-05-21,7.66189575723855,1379.856693223571,1
Candidate E: Drawdown Governor 2.0 with Hysteresis,infy_ns,2015-05-21,2015-06-04,-1.045372251145975,-194.42526087901382,0
Candidate E: Drawdown Governor 2.0 with Hysteresis,hdfcbank_ns,2015-06-03,2015-06-17,-0.1344861626431091,-25.118943586584074,0
Candidate E: Drawdown Governor 2.0 with Hysteresis,infy_ns,2015-06-12,2015-06-26,1.7439913075778715,325.26080038594773,1
Candidate E: Drawdown Governor 2.0 with Hysteresis,hdfcbank_ns,2015-06-17,2015-07-01,6.679982838228894,2491.7125691929928,1
Candidate E: Drawdown Governor 2.0 with Hysteresis,infy_ns,2015-06-30,2015-07-14,-1.3801595898705261,-232.1157336391961,0
Candidate E: Drawdown Governor 2.0 with Hysteresis,tcs_ns,2015-07-15,2015-07-29,-1.5811990572522832,-328.4800897043525,0
Candidate E: Drawdown Governor 2.0 with Hysteresis,reliance_ns,2015-07-15,2015-07-29,-1.5475483544797848,-289.3405090098107,0
Candidate E: Drawdown Governor 2.0 with Hysteresis,infy_ns,2015-07-23,2015-08-06,-1.0558764848552769,-355.34534972768853,0
Candidate E: Drawdown Governor 2.0 with Hysteresis,hdfcbank_ns,2015-08-05,2015-08-19,-0.997152633274254,-172.97532148656876,0
Candidate E: Drawdown Governor 2.0 with Hysteresis,infy_ns,2015-08-06,2015-08-20,4.327045838782952,1639.2670949136423,1
Candidate E: Drawdown Governor 2.0 with Hysteresis,reliance_ns,2015-08-20,2015-09-03,-6.862041005888946,-1428.9120491532356,0
Candidate E: Drawdown Governor 2.0 with Hysteresis,infy_ns,2015-08-21,2015-09-04,-6.651625932154214,-1246.5867792807808,0
Candidate E: Drawdown Governor 2.0 with Hysteresis,hdfcbank_ns,2015-08-21,2015-09-04,-6.195051635176216,-1044.9178275700526,0
Candidate E: Drawdown Governor 2.0 with Hysteresis,tcs_ns,2015-08-24,2015-09-07,-1.5577832922274348,-472.95166092465456,0
Candidate E: Drawdown Governor 2.0 with Hysteresis,hdfcbank_ns,2015-09-04,2015-09-18,5.338601260851963,929.7349762547079,1
Candidate E: Drawdown Governor 2.0 with Hysteresis,tcs_ns,2015-09-07,2015-09-21,0.3947051404158259,73.66206995119325,1
Candidate E: Drawdown Governor 2.0 with Hysteresis,reliance_ns,2015-09-09,2015-09-23,-2.760158732001379,-463.60456527370144,0
Candidate E: Drawdown Governor 2.0 with Hysteresis,infy_ns,2015-09-11,2015-09-28,1.306190584800453,197.45253056976787,1
Candidate E: Drawdown Governor 2.0 with Hysteresis,infy_ns,2015-09-28,2015-10-12,1.5185676660704943,310.9694611307054,1
Candidate E: Drawdown Governor 2.0 with Hysteresis,reliance_ns,2015-10-09,2015-10-23,7.643225731635924,1408.6489895414027,1
Candidate E: Drawdown Governor 2.0 with Hysteresis,tcs_ns,2015-10-14,2015-10-28,1.7770099973115727,331.69504461551674,1
Candidate E: Drawdown Governor 2.0 with Hysteresis,infy_ns,2015-10-15,2015-10-29,4.294668908395369,1442.9500763651306,1
Candidate E: Drawdown Governor 2.0 with Hysteresis,tcs_ns,2015-10-28,2015-11-13,-5.25478985141122,-910.2915502339804,0
Candidate E: Drawdown Governor 2.0 with Hysteresis,infy_ns,2015-10-29,2015-11-13,-3.9125276725033977,-747.0945024871595,0
Candidate E: Drawdown Governor 2.0 with Hysteresis,reliance_ns,2015-11-10,2015-11-24,4.818871538977004,828.1442235505591,1
Candidate E: Drawdown Governor 2.0 with Hysteresis,tcs_ns,2015-11-13,2015-11-27,-1.8864804195626164,-645.4847067325429,0
Candidate E: Drawdown Governor 2.0 with Hysteresis,hdfcbank_ns,2015-11-23,2015-12-07,-0.4344141850494476,-134.85365755180848,0
Candidate E: Drawdown Governor 2.0 with Hysteresis,infy_ns,2015-12-08,2015-12-22,3.7158272384865105,767.9233458654675,1
Candidate E: Drawdown Governor 2.0 with Hysteresis,reliance_ns,2015-12-09,2015-12-23,9.542322492653915,3549.677943037897,1
Candidate E: Drawdown Governor 2.0 with Hysteresis,infy_ns,2015-12-22,2016-01-05,-0.9445883456783448,-321.59726476922344,0
Candidate E: Drawdown Governor 2.0 with Hysteresis,infy_ns,2016-01-05,2016-01-19,6.054666693110213,1275.468981929944,1
Candidate E: Drawdown Governor 2.0 with Hysteresis,hdfcbank_ns,2016-01-18,2016-02-01,3.252926861454803,616.7319805224365,1
Candidate E: Drawdown Governor 2.0 with Hysteresis,infy_ns,2016-01-19,2016-02-02,3.0985169686460368,1195.8726322537223,1
Candidate E: Drawdown Governor 2.0 with Hysteresis,hdfcbank_ns,2016-02-02,2016-02-16,-7.6709772140446875,-1639.6476021131764,0
Candidate E: Drawdown Governor 2.0 with Hysteresis,infy_ns,2016-02-03,2016-02-17,-5.217146335075166,-1003.6339719880621,0
Candidate E: Drawdown Governor 2.0 with Hysteresis,tcs_ns,2016-02-09,2016-02-23,-0.812303986018042,-281.2764838207472,0
Candidate E: Drawdown Governor 2.0 with Hysteresis,reliance_ns,2016-02-11,2016-02-25,2.0634823952138004,571.6176037957887,1
Candidate E: Drawdown Governor 2.0 with Hysteresis,hdfcbank_ns,2016-02-16,2016-03-01,1.048634965002519,273.78062744222655,1
Candidate E: Drawdown Governor 2.0 with Hysteresis,tcs_ns,2016-02-23,2016-03-08,3.9365237987504837,1139.5904417417,1
Candidate E: Drawdown Governor 2.0 with Hysteresis,infy_ns,2016-02-22,2016-03-08,3.2146807790700205,394.33439689324115,1
Candidate E: Drawdown Governor 2.0 with Hysteresis,reliance_ns,2016-02-25,2016-03-10,7.111972587044875,2049.2415417731713,1
Candidate E: Drawdown Governor 2.0 with Hysteresis,hdfcbank_ns,2016-03-01,2016-03-15,4.27135860787628,1209.9728837104865,1
Candidate E: Drawdown Governor 2.0 with Hysteresis,infy_ns,2016-03-11,2016-03-28,5.3628674017371365,1002.444971625233,1
Candidate E: Drawdown Governor 2.0 with Hysteresis,hdfcbank_ns,2016-03-15,2016-03-29,2.588214560788212,1023.7348708243385,1
Candidate E: Drawdown Governor 2.0 with Hysteresis,infy_ns,2016-03-28,2016-04-11,-1.7920117499132016,-637.632241606312,0
Candidate E: Drawdown Governor 2.0 with Hysteresis,infy_ns,2016-04-12,2016-04-26,4.173067185553285,909.1002968014665,1
Candidate E: Drawdown Governor 2.0 with Hysteresis,reliance_ns,2016-04-18,2016-05-02,-7.3532245660142905,-2883.412370018006,0
Candidate E: Drawdown Governor 2.0 with Hysteresis,tcs_ns,2016-04-20,2016-05-04,1.0778419936404973,338.12245601768166,1
Candidate E: Drawdown Governor 2.0 with Hysteresis,infy_ns,2016-04-26,2016-05-10,-1.6196384543222835,-479.9808705038056,0
Candidate E: Drawdown Governor 2.0 with Hysteresis,infy_ns,2016-05-10,2016-05-24,-2.1144395444989956,-456.1549294419112,0
Candidate E: Drawdown Governor 2.0 with Hysteresis,icicibank_ns,2016-05-13,2016-05-27,7.297319999810294,1416.8471491463274,1
Candidate E: Drawdown Governor 2.0 with Hysteresis,reliance_ns,2016-05-23,2016-06-06,2.615336298684226,914.028328496321,1
Candidate E: Drawdown Governor 2.0 with Hysteresis,infy_ns,2016-05-24,2016-06-07,5.811098665700313,1870.154750363954,1
Candidate E: Drawdown Governor 2.0 with Hysteresis,hdfcbank_ns,2016-05-26,2016-06-09,-2.0646250241406747,-531.5577681593751,0
Candidate E: Drawdown Governor 2.0 with Hysteresis,icicibank_ns,2016-05-27,2016-06-10,3.8345478062753195,949.5623090188791,1
Candidate E: Drawdown Governor 2.0 with Hysteresis,reliance_ns,2016-06-08,2016-06-22,2.7156200285373933,458.8550999116583,1
Candidate E: Drawdown Governor 2.0 with Hysteresis,infy_ns,2016-06-10,2016-06-24,1.1310179988057663,200.5140501816425,1
Candidate E: Drawdown Governor 2.0 with Hysteresis,icicibank_ns,2016-06-10,2016-06-24,-8.61657985285707,-1596.3990950863904,0
Candidate E: Drawdown Governor 2.0 with Hysteresis,hdfcbank_ns,2016-06-14,2016-06-28,1.260277025483907,210.14307575136274,1
Candidate E: Drawdown Governor 2.0 with Hysteresis,tcs_ns,2016-06-27,2016-07-11,-1.319481097626705,-266.91090522060995,0
Candidate E: Drawdown Governor 2.0 with Hysteresis,infy_ns,2016-06-27,2016-07-11,0.708503942530023,128.98758920751428,1
Candidate E: Drawdown Governor 2.0 with Hysteresis,icicibank_ns,2016-06-27,2016-07-11,7.31632055772703,1198.7838663488258,1
Candidate E: Drawdown Governor 2.0 with Hysteresis,hdfcbank_ns,2016-06-30,2016-07-14,1.980521942566302,325.49894437004804,1
Candidate E: Drawdown Governor 2.0 with Hysteresis,tcs_ns,2016-07-11,2016-07-25,3.7952469435235234,637.133298439285,1
Candidate E: Drawdown Governor 2.0 with Hysteresis,infy_ns,2016-07-11,2016-07-25,-8.06267769823634,-1366.0077978664028,0
Candidate E: Drawdown Governor 2.0 with Hysteresis,hdfcbank_ns,2016-07-14,2016-07-28,3.9551590432762582,738.9249082103208,1
Candidate E: Drawdown Governor 2.0 with Hysteresis,reliance_ns,2016-07-15,2016-07-29,0.21661791702378147,36.422792467234714,1
Candidate E: Drawdown Governor 2.0 with Hysteresis,icicibank_ns,2016-07-15,2016-07-29,-1.121901417693358,-169.77591124546683,0
Candidate E: Drawdown Governor 2.0 with Hysteresis,icicibank_ns,2016-08-02,2016-08-16,1.274245199708126,280.8848086089526,1
Candidate E: Drawdown Governor 2.0 with Hysteresis,reliance_ns,2016-08-08,2016-08-22,-1.7397097370352248,-345.1394072120346,0
Candidate E: Drawdown Governor 2.0 with Hysteresis,hdfcbank_ns,2016-08-09,2016-08-23,0.29059294149335685,51.88541863549341,1
Candidate E: Drawdown Governor 2.0 with Hysteresis,tcs_ns,2016-08-17,2016-08-31,-4.362867839976663,-798.4888741828905,0
Candidate E: Drawdown Governor 2.0 with Hysteresis,infy_ns,2016-08-19,2016-09-02,0.9824794795953545,161.83140679701978,1
Candidate E: Drawdown Governor 2.0 with Hysteresis,hdfcbank_ns,2016-08-23,2016-09-06,3.8595129741106944,716.5042136567439,1
Candidate E: Drawdown Governor 2.0 with Hysteresis,reliance_ns,2016-08-29,2016-09-12,-1.084994214084127,-181.2826225120369,0
Candidate E: Drawdown Governor 2.0 with Hysteresis,tcs_ns,2016-08-31,2016-09-14,-7.327452676063322,-1230.1102012398114,0
Candidate E: Drawdown Governor 2.0 with Hysteresis,icicibank_ns,2016-09-02,2016-09-16,2.264188658510633,379.7560507202603,1
Candidate E: Drawdown Governor 2.0 with Hysteresis,tcs_ns,2016-09-14,2016-09-28,4.010761433151477,811.4416587926386,1
Candidate E: Drawdown Governor 2.0 with Hysteresis,icicibank_ns,2016-09-16,2016-09-30,-5.732592328072672,-1142.1418392127812,0
Candidate E: Drawdown Governor 2.0 with Hysteresis,icicibank_ns,2016-09-30,2016-10-14,-4.172466330480705,-914.3436204504311,0
Candidate E: Drawdown Governor 2.0 with Hysteresis,hdfcbank_ns,2016-09-30,2016-10-14,-0.9176907731682572,-180.99037206762907,0
Candidate E: Drawdown Governor 2.0 with Hysteresis,tcs_ns,2016-10-06,2016-10-20,0.4688363115678964,83.21906992578793,1
Candidate E: Drawdown Governor 2.0 with Hysteresis,infy_ns,2016-10-07,2016-10-21,2.4918188054831156,398.0710420022061,1
Candidate E: Drawdown Governor 2.0 with Hysteresis,icicibank_ns,2016-10-14,2016-10-28,14.461877904120835,2382.962877037134,1
Candidate E: Drawdown Governor 2.0 with Hysteresis,hdfcbank_ns,2016-10-14,2016-10-28,-0.2678336419112314,-44.9530142185221,0
Candidate E: Drawdown Governor 2.0 with Hysteresis,reliance_ns,2016-10-19,2016-11-02,-5.896157233297852,-890.6462767206581,0
Candidate E: Drawdown Governor 2.0 with Hysteresis,infy_ns,2016-10-25,2016-11-08,-3.4497971085105097,-587.0050086085616,0
Candidate E: Drawdown Governor 2.0 with Hysteresis,hdfcbank_ns,2016-10-28,2016-11-11,1.2797028990692192,241.53142788308506,1
Candidate E: Drawdown Governor 2.0 with Hysteresis,tcs_ns,2016-11-08,2016-11-22,-6.537642535217382,-1203.4564600660776,0
Candidate E: Drawdown Governor 2.0 with Hysteresis,infy_ns,2016-11-08,2016-11-22,-7.007639435768291,-1276.1025485254186,0
Candidate E: Drawdown Governor 2.0 with Hysteresis,icicibank_ns,2016-11-16,2016-11-30,-0.29405636748006525,-53.81437956371616,0
Candidate E: Drawdown Governor 2.0 with Hysteresis,hdfcbank_ns,2016-11-18,2016-12-02,-1.8899288719258345,-311.28322600334036,0
Candidate E: Drawdown Governor 2.0 with Hysteresis,tcs_ns,2016-11-22,2016-12-06,2.1666942673265512,358.4586369528067,1
Candidate E: Drawdown Governor 2.0 with Hysteresis,infy_ns,2016-11-22,2016-12-06,5.6679869942108745,939.9243606894593,1
Candidate E: Drawdown Governor 2.0 with Hysteresis,reliance_ns,2016-11-30,2016-12-14,6.961292040277865,1038.9542494526454,1
Candidate E: Drawdown Governor 2.0 with Hysteresis,hdfcbank_ns,2016-12-05,2016-12-19,-1.6874953816127118,-284.72912660487646,0
Candidate E: Drawdown Governor 2.0 with Hysteresis,infy_ns,2016-12-06,2016-12-20,4.670869053477027,870.0960427233051,1
Candidate E: Drawdown Governor 2.0 with Hysteresis,tcs_ns,2016-12-14,2016-12-28,4.740129557315426,794.6981879252522,1
Candidate E: Drawdown Governor 2.0 with Hysteresis,hdfcbank_ns,2016-12-19,2017-01-02,1.6784725386143644,307.8986302547072,1
Candidate E: Drawdown Governor 2.0 with Hysteresis,infy_ns,2016-12-21,2017-01-04,-0.4292209919987909,-79.23163559252104,0
Candidate E: Drawdown Governor 2.0 with Hysteresis,reliance_ns,2016-12-21,2017-01-04,0.31661860646251855,52.60131602372488,1
Candidate E: Drawdown Governor 2.0 with Hysteresis,hdfcbank_ns,2017-01-03,2017-01-17,4.032332515461913,748.9375004321479,1
Candidate E: Drawdown Governor 2.0 with Hysteresis,infy_ns,2017-01-04,2017-01-18,-4.753236001095238,-881.9151021559654,0
Candidate E: Drawdown Governor 2.0 with Hysteresis,reliance_ns,2017-01-10,2017-01-24,-5.786453823707451,-1062.6938568964881,0
Candidate E: Drawdown Governor 2.0 with Hysteresis,tcs_ns,2017-01-13,2017-01-27,4.771310969894823,788.6347511576998,1
Candidate E: Drawdown Governor 2.0 with Hysteresis,infy_ns,2017-01-19,2017-02-02,-2.3659223214382408,-439.4758642720231,0
Candidate E: Drawdown Governor 2.0 with Hysteresis,tcs_ns,2017-01-31,2017-02-14,7.859306768962368,1585.9847314011279,1
Candidate E: Drawdown Governor 2.0 with Hysteresis,icicibank_ns,2017-02-01,2017-02-15,-0.13892620175684703,-25.23140489734334,0
Candidate E: Drawdown Governor 2.0 with Hysteresis,infy_ns,2017-02-06,2017-02-20,7.965236567762631,1446.4181406424423,1
Candidate E: Drawdown Governor 2.0 with Hysteresis,reliance_ns,2017-02-13,2017-02-27,20.238927576064523,3307.6929441722787,1
Candidate E: Drawdown Governor 2.0 with Hysteresis,infy_ns,2017-02-20,2017-03-06,2.289836614882996,473.0727887782806,1
Candidate E: Drawdown Governor 2.0 with Hysteresis,icicibank_ns,2017-02-21,2017-03-07,-3.1383427297221704,-583.5342503817958,0
Candidate E: Drawdown Governor 2.0 with Hysteresis,hdfcbank_ns,2017-03-02,2017-03-16,2.647730284662384,495.1104127256134,1
Candidate E: Drawdown Governor 2.0 with Hysteresis,infy_ns,2017-03-08,2017-03-22,1.9236072274395368,399.028793654946,1
Candidate E: Drawdown Governor 2.0 with Hysteresis,tcs_ns,2017-03-24,2017-04-07,0.026185425371695353,5.944912132556338,1
Candidate E: Drawdown Governor 2.0 with Hysteresis,infy_ns,2017-04-03,2017-04-17,-8.362650120137252,-3417.4505480395796,0
Candidate E: Drawdown Governor 2.0 with Hysteresis,reliance_ns,2017-04-06,2017-04-20,-4.840788759045288,-1582.5754716397619,0
Candidate E: Drawdown Governor 2.0 with Hysteresis,tcs_ns,2017-04-07,2017-04-21,-4.915724156528607,-1508.9221213129476,0
Candidate E: Drawdown Governor 2.0 with Hysteresis,icicibank_ns,2017-04-12,2017-04-26,-1.4381950252944595,-353.17267109821654,0
Candidate E: Drawdown Governor 2.0 with Hysteresis,infy_ns,2017-04-18,2017-05-02,-0.05542175281929956,-7.519337031017135,0
Candidate E: Drawdown Governor 2.0 with Hysteresis,tcs_ns,2017-04-21,2017-05-05,0.3695560408268874,67.40857026513011,1
Candidate E: Drawdown Governor 2.0 with Hysteresis,infy_ns,2017-05-02,2017-05-16,3.4600612680255827,698.6805625293462,1
Candidate E: Drawdown Governor 2.0 with Hysteresis,infy_ns,2017-05-16,2017-05-30,4.2619803351756795,941.6152165373765,1
Candidate E: Drawdown Governor 2.0 with Hysteresis,infy_ns,2017-05-30,2017-06-13,-3.9027227395655886,-865.9179586971333,0
Candidate E: Drawdown Governor 2.0 with Hysteresis,tcs_ns,2017-06-13,2017-06-27,-4.481710510997855,-894.942963800715,0
Candidate E: Drawdown Governor 2.0 with Hysteresis,infy_ns,2017-06-13,2017-06-27,-3.258877155116792,-655.1667718270951,0
Candidate E: Drawdown Governor 2.0 with Hysteresis,hdfcbank_ns,2017-06-23,2017-07-07,-0.7317590348864462,-132.40197885342315,0
Candidate E: Drawdown Governor 2.0 with Hysteresis,tcs_ns,2017-06-27,2017-07-11,5.621872747181887,1022.7128880903757,1
Candidate E: Drawdown Governor 2.0 with Hysteresis,infy_ns,2017-06-29,2017-07-13,4.98403031430218,912.9446889375797,1
Candidate E: Drawdown Governor 2.0 with Hysteresis,reliance_ns,2017-07-07,2017-07-21,6.240657252123551,1028.8134463610932,1
Candidate E: Drawdown Governor 2.0 with Hysteresis,hdfcbank_ns,2017-07-07,2017-07-21,2.0992426617596434,349.1716151548917,1
Candidate E: Drawdown Governor 2.0 with Hysteresis,tcs_ns,2017-07-11,2017-07-25,3.8134824828266827,644.1481168357977,1
Candidate E: Drawdown Governor 2.0 with Hysteresis,reliance_ns,2017-07-21,2017-08-04,2.292672904262293,432.7806049575509,1
Candidate E: Drawdown Governor 2.0 with Hysteresis,hdfcbank_ns,2017-07-21,2017-08-04,5.06766235268668,947.0069373099265,1
Candidate E: Drawdown Governor 2.0 with Hysteresis,icicibank_ns,2017-08-03,2017-08-17,-0.9119354738501416,-169.36535821821002,0
Candidate E: Drawdown Governor 2.0 with Hysteresis,infy_ns,2017-08-04,2017-08-18,-6.196861499364676,-1035.7972992471855,0
Candidate E: Drawdown Governor 2.0 with Hysteresis,reliance_ns,2017-08-07,2017-08-21,-3.262427863928119,-617.8305910050983,0
Candidate E: Drawdown Governor 2.0 with Hysteresis,reliance_ns,2017-08-23,2017-09-06,3.952295949195149,880.7355637214025,1
Candidate E: Drawdown Governor 2.0 with Hysteresis,icicibank_ns,2017-09-04,2017-09-18,-1.4293187533749352,-286.6603834216515,0
Candidate E: Drawdown Governor 2.0 with Hysteresis,hdfcbank_ns,2017-09-04,2017-09-18,6.203649566946352,1119.7687733039365,1
Candidate E: Drawdown Governor 2.0 with Hysteresis,reliance_ns,2017-09-06,2017-09-20,2.9204403712408813,1084.16290762762,1
Candidate E: Drawdown Governor 2.0 with Hysteresis,icicibank_ns,2017-09-18,2017-10-03,-5.030445768076405,-1692.8672106388574,0
Candidate E: Drawdown Governor 2.0 with Hysteresis,reliance_ns,2017-09-20,2017-10-04,-3.388941603472599,-1301.2659984896388,0
Candidate E: Drawdown Governor 2.0 with Hysteresis,reliance_ns,2017-10-04,2017-10-18,11.625176499868793,2588.291783112079,1
Candidate E: Drawdown Governor 2.0 with Hysteresis,icicibank_ns,2017-10-09,2017-10-23,-3.4337763388878506,-688.0629790678507,0
Candidate E: Drawdown Governor 2.0 with Hysteresis,reliance_ns,2017-10-18,2017-11-01,4.108661244951587,843.0791402408345,1
Candidate E: Drawdown Governor 2.0 with Hysteresis,reliance_ns,2017-11-07,2017-11-21,2.799572380503422,630.9919320962109,1
Candidate E: Drawdown Governor 2.0 with Hysteresis,infy_ns,2017-11-14,2017-11-28,3.69905041808858,1500.7033844434238,1
Candidate E: Drawdown Governor 2.0 with Hysteresis,reliance_ns,2017-11-21,2017-12-05,-2.0703283472430236,-767.8835918039576,0
Candidate E: Drawdown Governor 2.0 with Hysteresis,icicibank_ns,2017-11-24,2017-12-08,-2.0824044618005946,-617.8900925915112,0
Candidate E: Drawdown Governor 2.0 with Hysteresis,infy_ns,2017-11-29,2017-12-13,2.0909852994526834,336.14362277642323,1
Candidate E: Drawdown Governor 2.0 with Hysteresis,reliance_ns,2017-12-05,2017-12-19,1.2900379182174604,233.50291694429987,1
Candidate E: Drawdown Governor 2.0 with Hysteresis,tcs_ns,2017-12-07,2017-12-21,-0.8729734952225022,-142.21106930566856,0
Candidate E: Drawdown Governor 2.0 with Hysteresis,infy_ns,2017-12-13,2017-12-27,2.9870859277708597,573.7590371003697,1
Candidate E: Drawdown Governor 2.0 with Hysteresis,reliance_ns,2017-12-19,2018-01-02,-1.6475640948280554,-315.0238820750343,0
Candidate E: Drawdown Governor 2.0 with Hysteresis,tcs_ns,2018-01-01,2018-01-15,3.7468606853692257,779.4040307342283,1
Candidate E: Drawdown Governor 2.0 with Hysteresis,infy_ns,2018-01-03,2018-01-17,12.750801856620985,2626.910684743719,1
Candidate E: Drawdown Governor 2.0 with Hysteresis,reliance_ns,2018-01-03,2018-01-17,1.0098098232681545,187.23623970616129,1
Candidate E: Drawdown Governor 2.0 with Hysteresis,reliance_ns,2018-01-18,2018-02-01,2.574541010672547,593.2111325492048,1
Candidate E: Drawdown Governor 2.0 with Hysteresis,infy_ns,2018-01-30,2018-02-14,-6.274197914173826,-2602.197154031252,0
Candidate E: Drawdown Governor 2.0 with Hysteresis,reliance_ns,2018-02-01,2018-02-15,-0.9183441818378818,-348.1129798000348,0
Candidate E: Drawdown Governor 2.0 with Hysteresis,icicibank_ns,2018-02-05,2018-02-19,-3.0663896975177742,-929.8910590970391,0
Candidate E: Drawdown Governor 2.0 with Hysteresis,tcs_ns,2018-02-14,2018-02-28,4.180660517008304,1014.2373851654888,1
Candidate E: Drawdown Governor 2.0 with Hysteresis,infy_ns,2018-02-14,2018-02-28,6.765080901675658,1838.9283509040529,1
Candidate E: Drawdown Governor 2.0 with Hysteresis,reliance_ns,2018-02-16,2018-03-05,0.25376498717382817,37.12304750403524,1
Candidate E: Drawdown Governor 2.0 with Hysteresis,hdfcbank_ns,2018-02-22,2018-03-08,-0.0688754914397302,-11.092780696760574,0
Candidate E: Drawdown Governor 2.0 with Hysteresis,icicibank_ns,2018-02-23,2018-03-09,-9.355952842470105,-1356.1453839267886,0
Candidate E: Drawdown Governor 2.0 with Hysteresis,infy_ns,2018-03-01,2018-03-15,1.8228516045660135,336.77372534756296,1
Candidate E: Drawdown Governor 2.0 with Hysteresis,hdfcbank_ns,2018-03-08,2018-03-22,0.7537657985313087,148.5193207106365,1
Candidate E: Drawdown Governor 2.0 with Hysteresis,tcs_ns,2018-03-13,2018-03-27,-1.4037670412360677,-267.37781092306744,0
Candidate E: Drawdown Governor 2.0 with Hysteresis,infy_ns,2018-03-21,2018-04-04,-3.756929233722565,-714.7045186942047,0
Candidate E: Drawdown Governor 2.0 with Hysteresis,icicibank_ns,2018-03-21,2018-04-04,-7.152262252564394,-1224.5582627479757,0
Candidate E: Drawdown Governor 2.0 with Hysteresis,tcs_ns,2018-03-27,2018-04-10,3.105360394417815,598.4755975982295,1
Candidate E: Drawdown Governor 2.0 with Hysteresis,infy_ns,2018-04-09,2018-04-23,6.826195833186867,1417.505299175497,1
Candidate E: Drawdown Governor 2.0 with Hysteresis,infy_ns,2018-04-25,2018-05-09,0.8415241794115397,192.66277027594444,1
Candidate E: Drawdown Governor 2.0 with Hysteresis,tcs_ns,2018-04-26,2018-05-10,-2.5351592851592852,-1044.7417688699293,0
Candidate E: Drawdown Governor 2.0 with Hysteresis,infy_ns,2018-05-09,2018-05-23,1.1623493463341472,436.8749980440477,1
Candidate E: Drawdown Governor 2.0 with Hysteresis,tcs_ns,2018-05-18,2018-06-01,-1.1102810037954194,-211.51677545495033,0
Candidate E: Drawdown Governor 2.0 with Hysteresis,hdfcbank_ns,2018-05-23,2018-06-06,4.514430628077351,1891.3574924122352,1
Candidate E: Drawdown Governor 2.0 with Hysteresis,infy_ns,2018-06-18,2018-07-02,5.25742271569166,1210.309479779981,1
Candidate E: Drawdown Governor 2.0 with Hysteresis,hdfcbank_ns,2018-07-04,2018-07-18,3.4019538735496555,787.2800511862931,1
Candidate E: Drawdown Governor 2.0 with Hysteresis,infy_ns,2018-07-06,2018-07-20,4.919285621813862,2049.157644157326,1
Candidate E: Drawdown Governor 2.0 with Hysteresis,tcs_ns,2018-07-10,2018-07-24,6.554345155684733,2184.2011236199965,1
Candidate E: Drawdown Governor 2.0 with Hysteresis,infy_ns,2018-07-23,2018-08-06,0.29645255169679496,59.56678305536798,1
Candidate E: Drawdown Governor 2.0 with Hysteresis,hdfcbank_ns,2018-08-02,2018-08-16,-2.6071660524183753,-564.0536289964523,0
Candidate E: Drawdown Governor 2.0 with Hysteresis,infy_ns,2018-08-06,2018-08-20,1.6835960882595302,723.4931975588431,1
Candidate E: Drawdown Governor 2.0 with Hysteresis,hdfcbank_ns,2018-08-16,2018-08-30,-0.5122562901468549,-197.69305405862215,0
Candidate E: Drawdown Governor 2.0 with Hysteresis,tcs_ns,2018-08-28,2018-09-11,-1.158567404677254,-229.47397610328636,0
Candidate E: Drawdown Governor 2.0 with Hysteresis,reliance_ns,2018-08-30,2018-09-14,-1.7204782041049445,-613.385937548427,0
Candidate E: Drawdown Governor 2.0 with Hysteresis,hdfcbank_ns,2018-08-30,2018-09-14,-1.8157359413835652,-657.307875693226,0
Candidate E: Drawdown Governor 2.0 with Hysteresis,infy_ns,2018-09-06,2018-09-21,-3.053384565706528,-884.2755939631732,0
Candidate E: Drawdown Governor 2.0 with Hysteresis,hdfcbank_ns,2018-09-17,2018-10-01,2.119881340202408,436.69819663467865,1
Candidate E: Drawdown Governor 2.0 with Hysteresis,icicibank_ns,2018-09-18,2018-10-03,-4.799072795883874,-1779.506952736172,0
Candidate E: Drawdown Governor 2.0 with Hysteresis,infy_ns,2018-09-26,2018-10-10,-2.4726877465617187,-436.1750129371369,0
Candidate E: Drawdown Governor 2.0 with Hysteresis,hdfcbank_ns,2018-10-04,2018-10-19,0.460535052994509,99.05876592909765,1
Candidate E: Drawdown Governor 2.0 with Hysteresis,tcs_ns,2018-10-10,2018-10-24,-9.59210353923271,-3713.7835210327244,0
Candidate E: Drawdown Governor 2.0 with Hysteresis,infy_ns,2018-10-11,2018-10-25,-3.7015447374522834,-1273.8637038959903,0
Candidate E: Drawdown Governor 2.0 with Hysteresis,hdfcbank_ns,2018-10-19,2018-11-02,-0.9795336706243649,-312.01297121175963,0
Candidate E: Drawdown Governor 2.0 with Hysteresis,tcs_ns,2018-10-24,2018-11-07,5.013738133722232,1628.6242925587326,1
Candidate E: Drawdown Governor 2.0 with Hysteresis,hdfcbank_ns,2018-11-02,2018-11-16,2.762212366594293,537.5670092681291,1
Candidate E: Drawdown Governor 2.0 with Hysteresis,tcs_ns,2018-11-09,2018-11-26,-3.353395517029679,-701.7484760402177,0
Candidate E: Drawdown Governor 2.0 with Hysteresis,infy_ns,2018-11-16,2018-11-30,2.499241334432907,941.4069470240431,1
Candidate E: Drawdown Governor 2.0 with Hysteresis,hdfcbank_ns,2018-11-16,2018-11-30,6.1410803956288795,2096.194756499351,1
Candidate E: Drawdown Governor 2.0 with Hysteresis,reliance_ns,2018-11-19,2018-12-03,0.5105905258873433,139.427867949114,1
Candidate E: Drawdown Governor 2.0 with Hysteresis,tcs_ns,2018-11-26,2018-12-10,6.972112828121414,1805.1284210242818,1
Candidate E: Drawdown Governor 2.0 with Hysteresis,infy_ns,2018-12-18,2019-01-01,-1.7562094613696881,-410.15304434862367,0
Candidate E: Drawdown Governor 2.0 with Hysteresis,tcs_ns,2018-12-21,2019-01-04,-1.049082061279321,-441.0132044075122,0
Candidate E: Drawdown Governor 2.0 with Hysteresis,infy_ns,2019-01-02,2019-01-16,10.071235518347265,1924.5761399843227,1
Candidate E: Drawdown Governor 2.0 with Hysteresis,tcs_ns,2019-01-08,2019-01-22,0.39074887818832965,83.45758788674823,1
Candidate E: Drawdown Governor 2.0 with Hysteresis,hdfcbank_ns,2019-01-10,2019-01-24,-0.3462710457671331,-133.12412684003377,0
Candidate E: Drawdown Governor 2.0 with Hysteresis,reliance_ns,2019-01-22,2019-02-05,4.513963544652094,885.8937554766643,1
Candidate E: Drawdown Governor 2.0 with Hysteresis,icicibank_ns,2019-01-25,2019-02-08,-0.6376136698582539,-137.05034302341656,0
Candidate E: Drawdown Governor 2.0 with Hysteresis,reliance_ns,2019-02-05,2019-02-19,-5.888890922406847,-2519.97264186596,0
Candidate E: Drawdown Governor 2.0 with Hysteresis,hdfcbank_ns,2019-02-12,2019-02-26,-0.9440472479812858,-181.752794652915,0
Candidate E: Drawdown Governor 2.0 with Hysteresis,infy_ns,2019-02-14,2019-02-28,-0.8265860542933724,-286.44941900774916,0
Candidate E: Drawdown Governor 2.0 with Hysteresis,tcs_ns,2019-02-19,2019-03-05,4.320972000218917,1197.9296409200354,1
Candidate E: Drawdown Governor 2.0 with Hysteresis,infy_ns,2019-02-28,2019-03-14,-3.5822126694955796,-732.9396538419388,0
Candidate E: Drawdown Governor 2.0 with Hysteresis,hdfcbank_ns,2019-03-11,2019-03-25,7.127696263109605,1518.671895640113,1
Candidate E: Drawdown Governor 2.0 with Hysteresis,reliance_ns,2019-03-14,2019-03-28,1.3245828529961101,560.2648025794662,1
Candidate E: Drawdown Governor 2.0 with Hysteresis,icicibank_ns,2019-03-25,2019-04-08,0.8882545242409041,300.5672281132023,1
Candidate E: Drawdown Governor 2.0 with Hysteresis,infy_ns,2019-03-27,2019-04-10,3.1004042230271582,980.8262085161776,1
Candidate E: Drawdown Governor 2.0 with Hysteresis,hdfcbank_ns,2019-04-03,2019-04-18,-0.010769713550185361,-1.82438341605725,0
Candidate E: Drawdown Governor 2.0 with Hysteresis,icicibank_ns,2019-04-08,2019-04-22,1.8606933048092658,694.403383552726,1
Candidate E: Drawdown Governor 2.0 with Hysteresis,infy_ns,2019-04-18,2019-05-02,1.8666202125322404,339.52827597670637,1
Candidate E: Drawdown Governor 2.0 with Hysteresis,icicibank_ns,2019-04-25,2019-05-09,-3.588947955488174,-784.7497930873826,0
Candidate E: Drawdown Governor 2.0 with Hysteresis,hdfcbank_ns,2019-04-26,2019-05-10,0.6313947757041246,248.50637744652516,1
Candidate E: Drawdown Governor 2.0 with Hysteresis,hdfcbank_ns,2019-05-10,2019-05-24,3.2947277425395978,779.697605812605,1
Candidate E: Drawdown Governor 2.0 with Hysteresis,tcs_ns,2019-05-22,2019-06-06,3.999858177371051,851.9101058936212,1
Candidate E: Drawdown Governor 2.0 with Hysteresis,infy_ns,2019-05-27,2019-06-10,6.3583217012268225,1374.2321855044954,1
Candidate E: Drawdown Governor 2.0 with Hysteresis,hdfcbank_ns,2019-06-04,2019-06-18,-1.478557807208455,-575.2126551767542,0
Candidate E: Drawdown Governor 2.0 with Hysteresis,infy_ns,2019-06-14,2019-06-28,-1.1906289501912082,-239.02149638532217,0
Candidate E: Drawdown Governor 2.0 with Hysteresis,hdfcbank_ns,2019-06-18,2019-07-02,3.164856758713414,1386.24197390942,1
Candidate E: Drawdown Governor 2.0 with Hysteresis,reliance_ns,2019-06-26,2019-07-10,-1.231649276935171,-431.5807140710667,0
Candidate E: Drawdown Governor 2.0 with Hysteresis,infy_ns,2019-06-28,2019-07-12,-0.7668545081967213,-245.39301025418357,0
Candidate E: Drawdown Governor 2.0 with Hysteresis,hdfcbank_ns,2019-07-02,2019-07-16,-4.208242437022483,-1457.6267193939557,0
Candidate E: Drawdown Governor 2.0 with Hysteresis,icicibank_ns,2019-07-08,2019-07-22,-3.4293834481796974,-950.2800316135679,0
Candidate E: Drawdown Governor 2.0 with Hysteresis,tcs_ns,2019-07-11,2019-07-25,1.155068987679465,168.00368609776874,1
Candidate E: Drawdown Governor 2.0 with Hysteresis,infy_ns,2019-07-12,2019-07-26,8.236188510491917,1339.6876744745812,1
Candidate E: Drawdown Governor 2.0 with Hysteresis,reliance_ns,2019-07-12,2019-07-26,-5.256305903347634,-769.4854726444335,0
Candidate E: Drawdown Governor 2.0 with Hysteresis,icicibank_ns,2019-07-22,2019-08-05,-2.1995944351066505,-421.6468493244517,0
Candidate E: Drawdown Governor 2.0 with Hysteresis,hdfcbank_ns,2019-07-23,2019-08-06,-3.3352972119539706,-575.4178064291879,0
Candidate E: Drawdown Governor 2.0 with Hysteresis,tcs_ns,2019-08-02,2019-08-16,-1.8719675466674135,-377.12581515426297,0
Candidate E: Drawdown Governor 2.0 with Hysteresis,icicibank_ns,2019-08-05,2019-08-19,5.100782395226328,2040.9381526846116,1
Candidate E: Drawdown Governor 2.0 with Hysteresis,infy_ns,2019-08-06,2019-08-20,2.3117841708010243,739.9976159541018,1
Candidate E: Drawdown Governor 2.0 with Hysteresis,hdfcbank_ns,2019-08-06,2019-08-20,1.3882279747604265,401.7980817318718,1
Candidate E: Drawdown Governor 2.0 with Hysteresis,icicibank_ns,2019-08-19,2019-09-03,-7.427037187118238,-1319.0044260152247,0
Candidate E: Drawdown Governor 2.0 with Hysteresis,hdfcbank_ns,2019-08-20,2019-09-03,-0.4843565246760569,-107.4933919536134,0
Candidate E: Drawdown Governor 2.0 with Hysteresis,infy_ns,2019-08-27,2019-09-11,4.465672604833994,891.9612807365103,1
Candidate E: Drawdown Governor 2.0 with Hysteresis,hdfcbank_ns,2019-09-03,2019-09-17,-0.03191065288832848,-13.931525891280923,0
Candidate E: Drawdown Governor 2.0 with Hysteresis,icicibank_ns,2019-09-04,2019-09-18,0.41517763533682195,145.00632115342972,1
Candidate E: Drawdown Governor 2.0 with Hysteresis,tcs_ns,2019-09-17,2019-10-01,-3.00237576046303,-482.09453419735104,0
Candidate E: Drawdown Governor 2.0 with Hysteresis,hdfcbank_ns,2019-09-17,2019-10-01,12.888108502278172,2424.9994411461057,1
Candidate E: Drawdown Governor 2.0 with Hysteresis,icicibank_ns,2019-09-19,2019-10-03,10.472408447069725,2140.701135144133,1
Candidate E: Drawdown Governor 2.0 with Hysteresis,infy_ns,2019-09-20,2019-10-04,-1.4840637017481075,-546.0526449696645,0
Candidate E: Drawdown Governor 2.0 with Hysteresis,tcs_ns,2019-10-01,2019-10-15,-1.1489867680862524,-374.00137677454677,0
Candidate E: Drawdown Governor 2.0 with Hysteresis,hdfcbank_ns,2019-10-03,2019-10-17,-0.33999825606720013,-118.3363851203294,0
Candidate E: Drawdown Governor 2.0 with Hysteresis,infy_ns,2019-10-09,2019-10-23,-17.019759415645154,-2986.4292546373076,0
Candidate E: Drawdown Governor 2.0 with Hysteresis,tcs_ns,2019-10-15,2019-10-29,7.679410004888086,2434.5842362729113,1
Candidate E: Drawdown Governor 2.0 with Hysteresis,reliance_ns,2019-10-14,2019-10-29,7.976178449837834,2519.2204981248124,1
Candidate E: Drawdown Governor 2.0 with Hysteresis,hdfcbank_ns,2019-10-23,2019-11-06,1.1615435002817271,204.49910937612273,1
Candidate E: Drawdown Governor 2.0 with Hysteresis,infy_ns,2019-10-24,2019-11-07,13.282435390727803,2104.631971494674,1
Candidate E: Drawdown Governor 2.0 with Hysteresis,reliance_ns,2019-10-30,2019-11-13,-0.5095140979034235,-107.42997697349482,0
Candidate E: Drawdown Governor 2.0 with Hysteresis,infy_ns,2019-11-08,2019-11-22,-2.160080729474166,-974.2969553384611,0
Candidate E: Drawdown Governor 2.0 with Hysteresis,reliance_ns,2019-11-13,2019-11-27,6.572381157834975,2647.3022740380798,1
Candidate E: Drawdown Governor 2.0 with Hysteresis,tcs_ns,2019-11-20,2019-12-04,-1.4744396911708872,-475.1139599036263,0
Candidate E: Drawdown Governor 2.0 with Hysteresis,infy_ns,2019-11-22,2019-12-06,3.107676429855489,1075.403872505427,1
Candidate E: Drawdown Governor 2.0 with Hysteresis,hdfcbank_ns,2019-11-25,2019-12-09,-2.2635119142682436,-626.6262355194898,0
Candidate E: Drawdown Governor 2.0 with Hysteresis,reliance_ns,2019-11-27,2019-12-11,-0.5243295665301868,-161.13876608265787,0
Candidate E: Drawdown Governor 2.0 with Hysteresis,tcs_ns,2019-12-04,2019-12-18,4.241815010825114,1312.2276894016156,1
Candidate E: Drawdown Governor 2.0 with Hysteresis,hdfcbank_ns,2019-12-23,2020-01-06,-4.765858956866835,-1188.1209724133087,0
Candidate E: Drawdown Governor 2.0 with Hysteresis,reliance_ns,2020-01-01,2020-01-15,0.8934907553806745,400.94245476403233,1
Candidate E: Drawdown Governor 2.0 with Hysteresis,icicibank_ns,2020-01-13,2020-01-27,-0.3005199887312733,-61.07664875641387,0
Candidate E: Drawdown Governor 2.0 with Hysteresis,hdfcbank_ns,2020-01-16,2020-01-30,-4.831514730771758,-1102.4915432374519,0
Candidate E: Drawdown Governor 2.0 with Hysteresis,icicibank_ns,2020-01-29,2020-02-12,4.258519417548872,960.8556159309591,1
Candidate E: Drawdown Governor 2.0 with Hysteresis,tcs_ns,2020-01-31,2020-02-14,5.005064809614234,1125.0610246993165,1
Candidate E: Drawdown Governor 2.0 with Hysteresis,infy_ns,2020-02-06,2020-02-20,3.273679291281599,1324.57029280429,1
Candidate E: Drawdown Governor 2.0 with Hysteresis,icicibank_ns,2020-02-13,2020-02-27,-4.788853863559236,-887.7042788059332,0
Candidate E: Drawdown Governor 2.0 with Hysteresis,infy_ns,2020-02-20,2020-03-05,-5.36729289860169,-1246.3994549705371,0
Candidate E: Drawdown Governor 2.0 with Hysteresis,tcs_ns,2020-02-28,2020-03-13,-9.736925892216702,-2206.8577272259267,0
Candidate E: Drawdown Governor 2.0 with Hysteresis,icicibank_ns,2020-03-02,2020-03-16,-20.431033581696934,-8335.186351560891,0
Candidate E: Drawdown Governor 2.0 with Hysteresis,hdfcbank_ns,2020-03-04,2020-03-18,-23.70965809048812,-7738.205420720484,0
Candidate E: Drawdown Governor 2.0 with Hysteresis,infy_ns,2020-03-05,2020-03-19,-27.739566599419607,-8461.962985883916,0
Candidate E: Drawdown Governor 2.0 with Hysteresis,hdfcbank_ns,2020-03-18,2020-04-01,-5.435605392308694,-1086.2445817783305,0
Candidate E: Drawdown Governor 2.0 with Hysteresis,infy_ns,2020-03-19,2020-04-03,7.3058702776627005,1475.0401639056329,1
Candidate E: Drawdown Governor 2.0 with Hysteresis,infy_ns,2020-04-03,2020-04-17,7.296501946778637,1621.797947042829,1
Candidate E: Drawdown Governor 2.0 with Hysteresis,infy_ns,2020-04-17,2020-05-04,7.095532755614749,1588.6359225546705,1
Candidate E: Drawdown Governor 2.0 with Hysteresis,hdfcbank_ns,2020-04-27,2020-05-11,-1.5443610002622736,-311.1936343921358,0
Candidate E: Drawdown Governor 2.0 with Hysteresis,icicibank_ns,2020-05-04,2020-05-18,-11.74359983035458,-2411.3219049763497,0
Candidate E: Drawdown Governor 2.0 with Hysteresis,infy_ns,2020-05-05,2020-05-19,-0.8066404201306029,-149.06525838230712,0
Candidate E: Drawdown Governor 2.0 with Hysteresis,tcs_ns,2020-05-07,2020-05-21,5.209966194077243,866.510583590294,1
Candidate E: Drawdown Governor 2.0 with Hysteresis,hdfcbank_ns,2020-05-11,2020-05-26,-6.9694435730372835,-1181.4964832266965,0
Candidate E: Drawdown Governor 2.0 with Hysteresis,infy_ns,2020-05-19,2020-06-02,5.854913467189539,1106.7259130125792,1
Candidate E: Drawdown Governor 2.0 with Hysteresis,icicibank_ns,2020-05-20,2020-06-03,16.692814730190758,2839.8256701647542,1
Candidate E: Drawdown Governor 2.0 with Hysteresis,tcs_ns,2020-05-26,2020-06-09,6.5884726610247535,1124.0505802365192,1
Candidate E: Drawdown Governor 2.0 with Hysteresis,hdfcbank_ns,2020-05-26,2020-06-09,15.767985632966203,2669.8169096641745,1
Candidate E: Drawdown Governor 2.0 with Hysteresis,reliance_ns,2020-06-05,2020-06-19,11.179133436308044,2149.1691681240372,1
Candidate E: Drawdown Governor 2.0 with Hysteresis,icicibank_ns,2020-06-05,2020-06-19,1.796773620579031,310.88397329749694,1
Candidate E: Drawdown Governor 2.0 with Hysteresis,hdfcbank_ns,2020-06-10,2020-06-24,4.046355336184123,783.001012906436,1
Candidate E: Drawdown Governor 2.0 with Hysteresis,infy_ns,2020-06-15,2020-06-29,6.375410949789782,1110.3221380648731,1
Candidate E: Drawdown Governor 2.0 with Hysteresis,tcs_ns,2020-06-22,2020-07-06,11.544584711724566,2259.604051632844,1
Candidate E: Drawdown Governor 2.0 with Hysteresis,icicibank_ns,2020-06-26,2020-07-10,3.170960986367271,622.4260550534101,1
Candidate E: Drawdown Governor 2.0 with Hysteresis,infy_ns,2020-07-08,2020-07-22,18.42533367053543,3998.6463259773177,1
Candidate E: Drawdown Governor 2.0 with Hysteresis,hdfcbank_ns,2020-07-14,2020-07-28,2.5741818429787355,554.9122872262217,1
Candidate E: Drawdown Governor 2.0 with Hysteresis,reliance_ns,2020-07-15,2020-07-29,13.644346077212042,2647.1609917757332,1
Candidate E: Drawdown Governor 2.0 with Hysteresis,icicibank_ns,2020-07-15,2020-07-29,1.4674595677376412,256.23371999409267,1
Candidate E: Drawdown Governor 2.0 with Hysteresis,hdfcbank_ns,2020-07-28,2020-08-11,-1.8895987255214852,-387.2952996212191,0
Candidate E: Drawdown Governor 2.0 with Hysteresis,icicibank_ns,2020-07-30,2020-08-13,6.643267076705414,1489.627022426011,1
Candidate E: Drawdown Governor 2.0 with Hysteresis,tcs_ns,2020-08-05,2020-08-19,-0.1782784860623202,-71.95604288081722,0
Candidate E: Drawdown Governor 2.0 with Hysteresis,infy_ns,2020-08-05,2020-08-19,1.4946888334480661,482.6242186304911,1
Candidate E: Drawdown Governor 2.0 with Hysteresis,hdfcbank_ns,2020-08-11,2020-08-25,4.921021476661071,734.541090228921,1
Candidate E: Drawdown Governor 2.0 with Hysteresis,tcs_ns,2020-08-19,2020-09-02,0.3286904819348279,65.25878605920704,1
Candidate E: Drawdown Governor 2.0 with Hysteresis,hdfcbank_ns,2020-08-31,2020-09-14,-5.236277337279782,-1189.2665675736337,0
Candidate E: Drawdown Governor 2.0 with Hysteresis,tcs_ns,2020-09-02,2020-09-16,10.445162918862081,2343.142451597687,1
Candidate E: Drawdown Governor 2.0 with Hysteresis,icicibank_ns,2020-09-09,2020-09-23,-4.332406076883209,-874.6919705939525,0
Candidate E: Drawdown Governor 2.0 with Hysteresis,hdfcbank_ns,2020-09-14,2020-09-28,-0.40428188222403705,-82.16158891867711,0
Candidate E: Drawdown Governor 2.0 with Hysteresis,icicibank_ns,2020-09-25,2020-10-09,15.100891158812813,3427.8478344495506,1
Candidate E: Drawdown Governor 2.0 with Hysteresis,hdfcbank_ns,2020-09-28,2020-10-12,15.067658469667574,3383.2534574745646,1
Candidate E: Drawdown Governor 2.0 with Hysteresis,infy_ns,2020-10-28,2020-11-11,4.216125503991451,1071.0990131368837,1
Candidate E: Drawdown Governor 2.0 with Hysteresis,icicibank_ns,2020-10-30,2020-11-13,23.613653910925517,5399.105230369245,1
Candidate E: Drawdown Governor 2.0 with Hysteresis,reliance_ns,2020-11-17,2020-12-01,-1.97302801838822,-514.0100724454596,0
Candidate E: Drawdown Governor 2.0 with Hysteresis,infy_ns,2020-12-03,2020-12-17,2.8559102862001424,742.5491681398695,1
Candidate E: Drawdown Governor 2.0 with Hysteresis,icicibank_ns,2020-12-10,2020-12-24,1.2512477442155663,585.59379717514,1
Candidate E: Drawdown Governor 2.0 with Hysteresis,icicibank_ns,2021-01-27,2021-02-10,20.959888759084578,5477.500499228467,1
Candidate E: Drawdown Governor 2.0 with Hysteresis,reliance_ns,2021-01-28,2021-02-11,9.491998601733243,4465.022205942897,1
Candidate E: Drawdown Governor 2.0 with Hysteresis,tcs_ns,2021-02-26,2021-03-12,5.601386332899566,1519.5163035431126,1
Candidate E: Drawdown Governor 2.0 with Hysteresis,icicibank_ns,2021-03-05,2021-03-19,-3.7892054053041755,-1850.2503286780372,0
Candidate E: Drawdown Governor 2.0 with Hysteresis,hdfcbank_ns,2021-03-16,2021-03-30,2.6963645222983463,603.8914134390268,1
Candidate E: Drawdown Governor 2.0 with Hysteresis,icicibank_ns,2021-03-19,2021-04-05,-2.6737660890288204,-1329.117365757314,0
Candidate E: Drawdown Governor 2.0 with Hysteresis,icicibank_ns,2021-04-05,2021-04-19,-2.0621225382932167,-557.2248559388077,0
Candidate E: Drawdown Governor 2.0 with Hysteresis,hdfcbank_ns,2021-04-06,2021-04-20,-3.4400746813500804,-836.6164351651757,0
Candidate E: Drawdown Governor 2.0 with Hysteresis,reliance_ns,2021-04-09,2021-04-23,-3.968221686250805,-1737.1085280125628,0
Candidate E: Drawdown Governor 2.0 with Hysteresis,hdfcbank_ns,2021-04-26,2021-05-10,1.0207859675105981,272.63981577030853,1
Candidate E: Drawdown Governor 2.0 with Hysteresis,tcs_ns,2021-05-12,2021-05-26,2.2451305269866473,600.2598273025542,1
Candidate E: Drawdown Governor 2.0 with Hysteresis,tcs_ns,2021-05-26,2021-06-09,1.2711690675953775,681.247545845272,1
Candidate E: Drawdown Governor 2.0 with Hysteresis,icicibank_ns,2021-06-04,2021-06-18,-1.9628423160994255,-841.5443986556276,0
Candidate E: Drawdown Governor 2.0 with Hysteresis,tcs_ns,2021-06-09,2021-06-23,1.8598297755668507,839.7820054332708,1
Candidate E: Drawdown Governor 2.0 with Hysteresis,hdfcbank_ns,2021-06-15,2021-06-29,0.7414208222587443,267.8231623844879,1
Candidate E: Drawdown Governor 2.0 with Hysteresis,icicibank_ns,2021-06-22,2021-07-06,3.0316022752273986,565.4667910691259,1
Candidate E: Drawdown Governor 2.0 with Hysteresis,hdfcbank_ns,2021-06-29,2021-07-13,-0.0633133516904062,-15.844541813390407,0
Candidate E: Drawdown Governor 2.0 with Hysteresis,tcs_ns,2021-07-07,2021-07-22,-1.8384411811517576,-449.4036598749215,0
Candidate E: Drawdown Governor 2.0 with Hysteresis,hdfcbank_ns,2021-07-14,2021-07-28,-5.507028934120139,-1349.2944487869856,0
Candidate E: Drawdown Governor 2.0 with Hysteresis,tcs_ns,2021-07-28,2021-08-11,4.525855280451366,1106.6043975531309,1
Candidate E: Drawdown Governor 2.0 with Hysteresis,hdfcbank_ns,2021-07-28,2021-08-11,5.425980718179596,1319.6448395773407,1
Candidate E: Drawdown Governor 2.0 with Hysteresis,tcs_ns,2021-08-11,2021-08-25,9.358607541347935,4575.329888466775,1
Candidate E: Drawdown Governor 2.0 with Hysteresis,hdfcbank_ns,2021-08-12,2021-08-26,3.5049036588490114,1550.5449092337553,1
Candidate E: Drawdown Governor 2.0 with Hysteresis,icicibank_ns,2021-08-18,2021-09-01,4.538731245522456,1606.3224127389788,1
Candidate E: Drawdown Governor 2.0 with Hysteresis,hdfcbank_ns,2021-08-27,2021-09-13,0.40830009565702596,98.32680666879398,1
Candidate E: Drawdown Governor 2.0 with Hysteresis,reliance_ns,2021-09-03,2021-09-17,0.03578231466540509,9.079251181321643,1
Candidate E: Drawdown Governor 2.0 with Hysteresis,hdfcbank_ns,2021-09-14,2021-09-28,4.242192561054072,1071.3337640815496,1
Candidate E: Drawdown Governor 2.0 with Hysteresis,tcs_ns,2021-09-30,2021-10-14,-4.3942159549263735,-1225.9706472739142,0
Candidate E: Drawdown Governor 2.0 with Hysteresis,reliance_ns,2021-09-30,2021-10-14,7.137038150758277,1792.08746997172,1
Candidate E: Drawdown Governor 2.0 with Hysteresis,hdfcbank_ns,2021-10-04,2021-10-18,5.279199041697049,2386.0620130764314,1
Candidate E: Drawdown Governor 2.0 with Hysteresis,icicibank_ns,2021-10-06,2021-10-20,8.118498999005734,2935.481979251086,1
Candidate E: Drawdown Governor 2.0 with Hysteresis,tcs_ns,2021-10-14,2021-10-28,-5.302880459887136,-1816.8244706182784,0
Candidate E: Drawdown Governor 2.0 with Hysteresis,infy_ns,2021-10-21,2021-11-04,-2.6119477991669307,-654.6142535397126,0
Candidate E: Drawdown Governor 2.0 with Hysteresis,tcs_ns,2021-10-28,2021-11-11,1.893997068728408,977.3213629289577,1
Candidate E: Drawdown Governor 2.0 with Hysteresis,icicibank_ns,2021-11-15,2021-11-29,-7.145889598269011,-2025.073598858024,0
Candidate E: Drawdown Governor 2.0 with Hysteresis,hdfcbank_ns,2021-11-17,2021-12-01,-1.7574045314973776,-896.4555422462145,0
Candidate E: Drawdown Governor 2.0 with Hysteresis,tcs_ns,2021-11-18,2021-12-02,4.758135153897382,1941.707354462557,1
Candidate E: Drawdown Governor 2.0 with Hysteresis,hdfcbank_ns,2021-12-01,2021-12-15,-0.3588890656593294,-86.01146270125881,0
Candidate E: Drawdown Governor 2.0 with Hysteresis,icicibank_ns,2021-12-03,2021-12-17,1.6244381131368402,419.8265114040543,1
Candidate E: Drawdown Governor 2.0 with Hysteresis,hdfcbank_ns,2021-12-15,2021-12-29,-3.1251299601236973,-1603.0650712902705,0
Candidate E: Drawdown Governor 2.0 with Hysteresis,icicibank_ns,2021-12-21,2022-01-04,7.234480013665231,1674.406195169713,1
Candidate E: Drawdown Governor 2.0 with Hysteresis,hdfcbank_ns,2021-12-30,2022-01-13,4.497844680123161,1160.4264619634494,1
Candidate E: Drawdown Governor 2.0 with Hysteresis,hdfcbank_ns,2022-01-14,2022-01-28,-5.347807533795776,-1518.6476725696102,0
Candidate E: Drawdown Governor 2.0 with Hysteresis,tcs_ns,2022-01-27,2022-02-10,3.2668335303808154,1669.862722474403,1
Candidate E: Drawdown Governor 2.0 with Hysteresis,hdfcbank_ns,2022-01-28,2022-02-11,3.7478592583731096,1734.0705402261194,1
Candidate E: Drawdown Governor 2.0 with Hysteresis,icicibank_ns,2022-01-31,2022-02-14,-4.497569236949886,-1664.7588457860159,0
Candidate E: Drawdown Governor 2.0 with Hysteresis,infy_ns,2022-02-09,2022-02-23,0.2692972796020675,79.74352451195355,1
Candidate E: Drawdown Governor 2.0 with Hysteresis,hdfcbank_ns,2022-02-11,2022-02-25,-4.179349574226683,-916.258431174303,0
Candidate E: Drawdown Governor 2.0 with Hysteresis,icicibank_ns,2022-02-16,2022-03-02,-6.4861511663622435,-1509.0750798909553,0
Candidate E: Drawdown Governor 2.0 with Hysteresis,tcs_ns,2022-02-22,2022-03-08,0.3276286574974605,137.2076002626858,1
Candidate E: Drawdown Governor 2.0 with Hysteresis,infy_ns,2022-02-24,2022-03-10,8.749935813340773,1725.5524884661052,1
Candidate E: Drawdown Governor 2.0 with Hysteresis,hdfcbank_ns,2022-02-25,2022-03-11,-4.12048127108052,-817.89044642517,0
Candidate E: Drawdown Governor 2.0 with Hysteresis,icicibank_ns,2022-03-02,2022-03-16,-1.0077604856924915,-201.95676926853818,0
Candidate E: Drawdown Governor 2.0 with Hysteresis,tcs_ns,2022-03-10,2022-03-24,3.508063440491265,780.1147505931095,1
Candidate E: Drawdown Governor 2.0 with Hysteresis,hdfcbank_ns,2022-03-11,2022-03-25,2.3900719076963903,575.0934700371108,1
Candidate E: Drawdown Governor 2.0 with Hysteresis,icicibank_ns,2022-03-25,2022-04-08,7.818782667010693,2028.2856838825476,1
Candidate E: Drawdown Governor 2.0 with Hysteresis,hdfcbank_ns,2022-03-25,2022-04-08,5.800033096077243,1497.0327137559916,1
Candidate E: Drawdown Governor 2.0 with Hysteresis,infy_ns,2022-04-05,2022-04-19,-16.1131040524314,-7486.04676503057,0
Candidate E: Drawdown Governor 2.0 with Hysteresis,hdfcbank_ns,2022-04-08,2022-04-22,-10.545528421835147,-5085.3650804953495,0
Candidate E: Drawdown Governor 2.0 with Hysteresis,tcs_ns,2022-04-18,2022-05-02,0.3565327416098092,137.54448950944285,1
Candidate E: Drawdown Governor 2.0 with Hysteresis,infy_ns,2022-04-19,2022-05-04,-1.7424920740261882,-673.6013281069634,0
Candidate E: Drawdown Governor 2.0 with Hysteresis,hdfcbank_ns,2022-04-22,2022-05-06,-2.8517852378304513,-1127.9780355741152,0
Candidate E: Drawdown Governor 2.0 with Hysteresis,reliance_ns,2022-04-26,2022-05-10,-10.888888222877076,-3445.540452147395,0
Candidate E: Drawdown Governor 2.0 with Hysteresis,tcs_ns,2022-05-04,2022-05-18,-0.9389855936860135,-155.20191216443263,0
Candidate E: Drawdown Governor 2.0 with Hysteresis,infy_ns,2022-05-04,2022-05-18,-1.7651458285271286,-329.62661735034493,0
Candidate E: Drawdown Governor 2.0 with Hysteresis,icicibank_ns,2022-05-04,2022-05-18,-2.3822850399524294,-400.3851080934096,0
Candidate E: Drawdown Governor 2.0 with Hysteresis,hdfcbank_ns,2022-05-06,2022-05-20,0.20412117943122607,38.718997406166,1
Candidate E: Drawdown Governor 2.0 with Hysteresis,infy_ns,2022-05-18,2022-06-01,-2.079855445515404,-485.92268691859795,0
Candidate E: Drawdown Governor 2.0 with Hysteresis,icicibank_ns,2022-05-18,2022-06-01,6.350989660910801,1439.6169599783852,1
Candidate E: Drawdown Governor 2.0 with Hysteresis,tcs_ns,2022-05-19,2022-06-02,4.884763752150204,996.5328565606787,1
Candidate E: Drawdown Governor 2.0 with Hysteresis,hdfcbank_ns,2022-05-20,2022-06-03,4.44073960408538,899.7600797278968,1
Candidate E: Drawdown Governor 2.0 with Hysteresis,hdfcbank_ns,2022-06-03,2022-06-17,-6.606891299145394,-1796.3915112699353,0
Candidate E: Drawdown Governor 2.0 with Hysteresis,infy_ns,2022-06-08,2022-06-22,-4.2312416666666675,-1035.4143334859104,0
Candidate E: Drawdown Governor 2.0 with Hysteresis,icicibank_ns,2022-06-08,2022-06-22,-5.927803207930838,-1305.5172930289134,0
Candidate E: Drawdown Governor 2.0 with Hysteresis,tcs_ns,2022-06-15,2022-06-29,2.5747653031427307,1020.7020913993194,1
Candidate E: Drawdown Governor 2.0 with Hysteresis,hdfcbank_ns,2022-06-17,2022-07-01,4.9097208761387865,903.2088935799472,1
Candidate E: Drawdown Governor 2.0 with Hysteresis,infy_ns,2022-06-22,2022-07-06,3.7331152827869523,705.567498932525,1
Candidate E: Drawdown Governor 2.0 with Hysteresis,icicibank_ns,2022-06-22,2022-07-06,5.6782789107615494,1083.5303747825164,1
Candidate E: Drawdown Governor 2.0 with Hysteresis,hdfcbank_ns,2022-07-01,2022-07-15,0.5628087758973913,130.4033383930967,1
Candidate E: Drawdown Governor 2.0 with Hysteresis,icicibank_ns,2022-07-07,2022-07-21,5.876954177897575,1459.26079133233,1
Candidate E: Drawdown Governor 2.0 with Hysteresis,tcs_ns,2022-07-11,2022-07-25,1.6496427312732158,368.64896273244347,1
Candidate E: Drawdown Governor 2.0 with Hysteresis,infy_ns,2022-07-12,2022-07-26,0.8219431403161184,165.31315073406626,1
Candidate E: Drawdown Governor 2.0 with Hysteresis,hdfcbank_ns,2022-07-15,2022-07-29,5.244506428352111,1071.5199047098122,1
Candidate E: Drawdown Governor 2.0 with Hysteresis,icicibank_ns,2022-08-23,2022-09-06,2.235001092966594,613.8820883908138,1
Candidate E: Drawdown Governor 2.0 with Hysteresis,tcs_ns,2022-08-24,2022-09-07,-3.2968742786251655,-1629.979391351611,0
Candidate E: Drawdown Governor 2.0 with Hysteresis,tcs_ns,2022-09-07,2022-09-21,-4.759358071251915,-1302.4048538915865,0
Candidate E: Drawdown Governor 2.0 with Hysteresis,icicibank_ns,2022-09-07,2022-09-21,4.404515208320954,1084.7714566605048,1
Candidate E: Drawdown Governor 2.0 with Hysteresis,tcs_ns,2022-09-21,2022-10-06,3.3053120964392906,818.7930407777623,1
Candidate E: Drawdown Governor 2.0 with Hysteresis,icicibank_ns,2022-09-27,2022-10-11,2.066117888380439,513.7643904846208,1
Candidate E: Drawdown Governor 2.0 with Hysteresis,tcs_ns,2022-10-06,2022-10-20,1.7334724440515814,432.3043810753836,1
Candidate E: Drawdown Governor 2.0 with Hysteresis,icicibank_ns,2022-10-11,2022-10-25,6.201181797277186,1549.226722716287,1
Candidate E: Drawdown Governor 2.0 with Hysteresis,icicibank_ns,2022-10-28,2022-11-11,-0.19312252398681365,-53.44623839187848,0
Candidate E: Drawdown Governor 2.0 with Hysteresis,icicibank_ns,2022-11-15,2022-11-29,3.79254275858417,1049.3752609425842,1
Candidate E: Drawdown Governor 2.0 with Hysteresis,tcs_ns,2022-12-08,2022-12-22,-2.7601422537825204,-766.612270058696,0
Candidate E: Drawdown Governor 2.0 with Hysteresis,tcs_ns,2022-12-23,2023-01-06,-0.5701309738959696,-157.913247338148,0
Candidate F: Combined Adaptive Portfolio Overlay,reliance_ns,2003-08-13,2003-08-27,9.046431717602008,904.6431717602009,1
Candidate F: Combined Adaptive Portfolio Overlay,infy_ns,2003-08-15,2003-08-29,14.846041729816035,2242.8759485095534,1
Candidate F: Combined Adaptive Portfolio Overlay,reliance_ns,2003-09-03,2003-09-17,-0.30725433291543813,-15.846261089590442,0
Candidate F: Combined Adaptive Portfolio Overlay,hdfcbank_ns,2003-09-18,2003-10-02,6.813201882550643,702.6569076747633,1
Candidate F: Combined Adaptive Portfolio Overlay,hdfcbank_ns,2003-10-23,2003-11-06,2.6508989354672217,275.2543142439082,1
Candidate F: Combined Adaptive Portfolio Overlay,hdfcbank_ns,2003-11-07,2003-11-21,-0.8031025236300348,-99.23197398912751,0
Candidate F: Combined Adaptive Portfolio Overlay,hdfcbank_ns,2003-11-21,2003-12-05,8.313539354687203,864.6941555373296,1
Candidate F: Combined Adaptive Portfolio Overlay,reliance_ns,2003-11-28,2003-12-12,0.8221708410241515,76.96285080040846,1
Candidate F: Combined Adaptive Portfolio Overlay,reliance_ns,2003-12-12,2003-12-26,7.8638036295816,825.3219901982092,1
Candidate F: Combined Adaptive Portfolio Overlay,hdfcbank_ns,2004-01-22,2004-02-05,-2.78854569035932,-294.96492078678193,0
Candidate F: Combined Adaptive Portfolio Overlay,hdfcbank_ns,2004-02-25,2004-03-10,3.5352857508002042,372.9103061269503,1
Candidate F: Combined Adaptive Portfolio Overlay,hdfcbank_ns,2004-03-15,2004-03-29,4.468066679266312,472.9684337049602,1
Candidate F: Combined Adaptive Portfolio Overlay,reliance_ns,2004-04-30,2004-05-14,-9.41942502005186,-1001.5509305629955,0
Candidate F: Combined Adaptive Portfolio Overlay,reliance_ns,2004-05-14,2004-05-28,-9.351568889315386,-590.9819008507342,0
Candidate F: Combined Adaptive Portfolio Overlay,hdfcbank_ns,2004-05-14,2004-05-28,4.5556643360576885,270.6258477885061,1
Candidate F: Combined Adaptive Portfolio Overlay,reliance_ns,2004-05-28,2004-06-11,-0.28098925165428495,-16.656248180813492,0
Candidate F: Combined Adaptive Portfolio Overlay,reliance_ns,2004-06-11,2004-06-25,-0.07315428685843643,-4.608267174954547,0
Candidate F: Combined Adaptive Portfolio Overlay,reliance_ns,2004-06-25,2004-07-09,1.640537065222887,222.29901131081584,1
Candidate F: Combined Adaptive Portfolio Overlay,reliance_ns,2004-07-14,2004-07-28,12.599180027369483,899.0725821513389,1
Candidate F: Combined Adaptive Portfolio Overlay,hdfcbank_ns,2004-07-19,2004-08-02,1.4780304217672051,144.95252950010766,1
Candidate F: Combined Adaptive Portfolio Overlay,reliance_ns,2004-11-25,2004-12-09,1.707348345571652,181.40814781598638,1
Candidate F: Combined Adaptive Portfolio Overlay,hdfcbank_ns,2004-12-06,2004-12-20,3.273975220315576,313.077998422533,1
Candidate F: Combined Adaptive Portfolio Overlay,hdfcbank_ns,2005-01-06,2005-01-20,5.3476893030273205,570.8438203667763,1
Candidate F: Combined Adaptive Portfolio Overlay,hdfcbank_ns,2005-01-24,2005-02-07,14.27071060433083,1531.4859613458088,1
Candidate F: Combined Adaptive Portfolio Overlay,hdfcbank_ns,2005-03-01,2005-03-15,2.779505310622559,302.544187404493,1
Candidate F: Combined Adaptive Portfolio Overlay,hdfcbank_ns,2005-03-17,2005-03-31,-4.860662974905304,-530.5450464506791,0
Candidate F: Combined Adaptive Portfolio Overlay,hdfcbank_ns,2005-03-31,2005-04-15,-1.2057053510641667,-130.96397158432865,0
Candidate F: Combined Adaptive Portfolio Overlay,hdfcbank_ns,2005-04-28,2005-05-12,-1.9940107911025584,-129.79723950883792,0
Candidate F: Combined Adaptive Portfolio Overlay,reliance_ns,2005-06-10,2005-06-24,15.492489660838544,1678.7576805381016,1
Candidate F: Combined Adaptive Portfolio Overlay,hdfcbank_ns,2005-06-15,2005-06-29,1.7168538276322167,167.43360501352365,1
Candidate F: Combined Adaptive Portfolio Overlay,hdfcbank_ns,2005-08-12,2005-08-26,-3.9105279525105416,-258.5773477582635,0
Candidate F: Combined Adaptive Portfolio Overlay,reliance_ns,2005-08-16,2005-08-30,1.064049236560249,66.13702570249555,1
Candidate F: Combined Adaptive Portfolio Overlay,hdfcbank_ns,2005-08-26,2005-09-09,6.461634718252126,536.2198793227452,1
Candidate F: Combined Adaptive Portfolio Overlay,reliance_ns,2005-09-01,2005-09-15,4.64009977164366,1069.9439259773997,1
Candidate F: Combined Adaptive Portfolio Overlay,reliance_ns,2005-09-27,2005-10-11,0.05147247333921886,4.057498748284928,1
Candidate F: Combined Adaptive Portfolio Overlay,reliance_ns,2005-10-11,2005-10-25,-2.736283177719535,-230.52966915100234,0
Candidate F: Combined Adaptive Portfolio Overlay,icicibank_ns,2005-10-19,2005-11-02,0.32159990929667737,16.594314707566603,1
Candidate F: Combined Adaptive Portfolio Overlay,reliance_ns,2005-10-25,2005-11-08,2.9253239265705426,354.29487320782465,1
Candidate F: Combined Adaptive Portfolio Overlay,hdfcbank_ns,2005-10-25,2005-11-08,1.1148824641934718,64.89454206228771,1
Candidate F: Combined Adaptive Portfolio Overlay,icicibank_ns,2005-11-04,2005-11-18,7.7947102040247085,402.74059056348807,1
Candidate F: Combined Adaptive Portfolio Overlay,reliance_ns,2005-11-08,2005-11-22,3.5979957629601538,279.2995521363368,1
Candidate F: Combined Adaptive Portfolio Overlay,icicibank_ns,2005-11-18,2005-12-02,0.9798418871183167,70.46859458644913,1
Candidate F: Combined Adaptive Portfolio Overlay,tcs_ns,2005-11-22,2005-12-06,3.5578664121724253,173.0491831467878,1
Candidate F: Combined Adaptive Portfolio Overlay,icicibank_ns,2005-12-02,2005-12-16,7.728171072680433,682.1824221624104,1
Candidate F: Combined Adaptive Portfolio Overlay,tcs_ns,2005-12-06,2005-12-20,8.92234555984556,479.69563281821564,1
Candidate F: Combined Adaptive Portfolio Overlay,reliance_ns,2005-12-15,2005-12-29,5.371715842086093,264.69312119606496,1
Candidate F: Combined Adaptive Portfolio Overlay,icicibank_ns,2005-12-16,2005-12-30,-0.30560545814338624,-24.41207537007432,0
Candidate F: Combined Adaptive Portfolio Overlay,tcs_ns,2005-12-20,2006-01-03,2.293082444422147,115.80121135515985,1
Candidate F: Combined Adaptive Portfolio Overlay,reliance_ns,2005-12-29,2006-01-12,-0.5266978589123616,-33.19015264663425,0
Candidate F: Combined Adaptive Portfolio Overlay,icicibank_ns,2005-12-30,2006-01-13,-0.22938327856309124,-14.890529255416178,0
Candidate F: Combined Adaptive Portfolio Overlay,tcs_ns,2006-01-03,2006-01-17,-6.381931103519318,-323.8162864210851,0
Candidate F: Combined Adaptive Portfolio Overlay,reliance_ns,2006-01-12,2006-01-27,26.02922971134883,1336.2560797149922,1
Candidate F: Combined Adaptive Portfolio Overlay,icicibank_ns,2006-01-13,2006-01-27,6.034287050017665,433.101592594716,1
Candidate F: Combined Adaptive Portfolio Overlay,tcs_ns,2006-01-17,2006-01-31,2.8437106870474107,144.4452592416932,1
Candidate F: Combined Adaptive Portfolio Overlay,tcs_ns,2006-01-31,2006-02-14,-3.1518944612131166,-198.30425015127514,0
Candidate F: Combined Adaptive Portfolio Overlay,icicibank_ns,2006-02-02,2006-02-16,3.026310950327789,152.03046906956905,1
Candidate F: Combined Adaptive Portfolio Overlay,tcs_ns,2006-02-14,2006-02-28,5.028518390641276,1112.229563107838,1
Candidate F: Combined Adaptive Portfolio Overlay,icicibank_ns,2006-02-17,2006-03-03,4.190511654247852,392.4388741140209,1
Candidate F: Combined Adaptive Portfolio Overlay,hdfcbank_ns,2006-02-17,2006-03-03,2.2860047090840516,192.67465871586637,1
Candidate F: Combined Adaptive Portfolio Overlay,reliance_ns,2006-02-21,2006-03-07,4.927805172362494,373.8036314742706,1
Candidate F: Combined Adaptive Portfolio Overlay,tcs_ns,2006-02-28,2006-03-14,5.965334102875816,701.6812276458869,1
Candidate F: Combined Adaptive Portfolio Overlay,hdfcbank_ns,2006-03-03,2006-03-17,0.5486235656597915,26.91462801963932,1
Candidate F: Combined Adaptive Portfolio Overlay,icicibank_ns,2006-03-07,2006-03-21,-0.49910527511743547,-41.403849544809475,0
Candidate F: Combined Adaptive Portfolio Overlay,tcs_ns,2006-03-14,2006-03-28,4.630545255870313,243.8889559161799,1
Candidate F: Combined Adaptive Portfolio Overlay,icicibank_ns,2006-03-21,2006-04-04,2.548170363822839,257.96123717726573,1
Candidate F: Combined Adaptive Portfolio Overlay,tcs_ns,2006-03-28,2006-04-12,-5.705145590966538,-619.8450435770743,0
Candidate F: Combined Adaptive Portfolio Overlay,icicibank_ns,2006-04-04,2006-04-18,-4.487704055066289,-846.112631708083,0
Candidate F: Combined Adaptive Portfolio Overlay,tcs_ns,2006-04-12,2006-04-26,9.017787069156862,2244.395356317091,1
Candidate F: Combined Adaptive Portfolio Overlay,icicibank_ns,2006-04-18,2006-05-02,5.9913115372559895,718.2710782987436,1
Candidate F: Combined Adaptive Portfolio Overlay,tcs_ns,2006-05-03,2006-05-17,-0.7879796593548821,-28.491309721849095,0
Candidate F: Combined Adaptive Portfolio Overlay,tcs_ns,2006-05-17,2006-05-31,-11.631266978254999,-1121.219098896886,0
Candidate F: Combined Adaptive Portfolio Overlay,hdfcbank_ns,2006-05-19,2006-06-02,-5.555797920779054,-369.5379065345219,0
Candidate F: Combined Adaptive Portfolio Overlay,reliance_ns,2006-05-26,2006-06-09,-3.777919457272675,-236.20718376934207,0
Candidate F: Combined Adaptive Portfolio Overlay,tcs_ns,2006-05-31,2006-06-14,-16.825498689981323,-1074.859779222128,0
Candidate F: Combined Adaptive Portfolio Overlay,hdfcbank_ns,2006-06-02,2006-06-16,-4.04120699907845,-257.90552280712376,0
Candidate F: Combined Adaptive Portfolio Overlay,icicibank_ns,2006-06-05,2006-06-19,-6.941180157721603,-416.39999535060196,0
Candidate F: Combined Adaptive Portfolio Overlay,reliance_ns,2006-06-09,2006-06-23,9.606507246627388,576.3911164160521,1
Candidate F: Combined Adaptive Portfolio Overlay,tcs_ns,2006-06-15,2006-06-29,8.345345250755223,497.2834188621318,1
Candidate F: Combined Adaptive Portfolio Overlay,hdfcbank_ns,2006-06-21,2006-07-05,13.813735638058636,870.7732994048782,1
Candidate F: Combined Adaptive Portfolio Overlay,tcs_ns,2006-06-30,2006-07-14,7.741314976310598,519.2414363704783,1
Candidate F: Combined Adaptive Portfolio Overlay,icicibank_ns,2006-06-30,2006-07-14,-0.45971901162077655,-28.98510795803829,0
Candidate F: Combined Adaptive Portfolio Overlay,tcs_ns,2006-07-14,2006-07-28,-0.9778836871785341,-110.67573406760376,0
Candidate F: Combined Adaptive Portfolio Overlay,icicibank_ns,2006-07-17,2006-07-31,15.99225852257116,1729.3536755818302,1
Candidate F: Combined Adaptive Portfolio Overlay,hdfcbank_ns,2006-07-17,2006-07-31,12.319240815690033,1198.9483486294625,1
Candidate F: Combined Adaptive Portfolio Overlay,reliance_ns,2006-07-25,2006-08-08,-1.1276174364254472,-166.69628826267552,0
Candidate F: Combined Adaptive Portfolio Overlay,tcs_ns,2006-07-28,2006-08-11,4.164592911060383,349.8885403441554,1
Candidate F: Combined Adaptive Portfolio Overlay,tcs_ns,2006-08-11,2006-08-25,0.6524234162051499,39.94645949267722,1
Candidate F: Combined Adaptive Portfolio Overlay,icicibank_ns,2006-08-21,2006-09-04,4.673107804906068,313.89993789081257,1
Candidate F: Combined Adaptive Portfolio Overlay,icicibank_ns,2006-09-04,2006-09-18,3.3044065683237402,947.0033836868731,1
Candidate F: Combined Adaptive Portfolio Overlay,tcs_ns,2006-09-11,2006-09-25,7.513468191718693,1768.4951735982313,1
Candidate F: Combined Adaptive Portfolio Overlay,hdfcbank_ns,2006-09-11,2006-09-25,6.691891264621306,1105.9795676618162,1
Candidate F: Combined Adaptive Portfolio Overlay,icicibank_ns,2006-09-18,2006-10-03,8.350980823455298,873.6342050965279,1
Candidate F: Combined Adaptive Portfolio Overlay,tcs_ns,2006-10-09,2006-10-23,7.724382507433663,492.44709867320836,1
Candidate F: Combined Adaptive Portfolio Overlay,icicibank_ns,2006-10-20,2006-11-03,4.162327280892732,444.54615980702306,1
Candidate F: Combined Adaptive Portfolio Overlay,tcs_ns,2006-10-23,2006-11-06,-1.9655264942085824,-115.29464203930898,0
Candidate F: Combined Adaptive Portfolio Overlay,tcs_ns,2006-11-06,2006-11-20,5.464510557860393,350.62016985292456,1
Candidate F: Combined Adaptive Portfolio Overlay,tcs_ns,2006-12-08,2006-12-22,-1.9990693966963533,-128.61703167972473,0
Candidate F: Combined Adaptive Portfolio Overlay,icicibank_ns,2006-12-08,2006-12-22,-2.7010270802569702,-165.09090770792992,0
Candidate F: Combined Adaptive Portfolio Overlay,hdfcbank_ns,2006-12-11,2006-12-26,-0.22905012668252828,-13.299899479343802,0
Candidate F: Combined Adaptive Portfolio Overlay,tcs_ns,2006-12-22,2007-01-05,9.39542904075019,547.8925178623457,1
Candidate F: Combined Adaptive Portfolio Overlay,hdfcbank_ns,2007-01-09,2007-01-23,1.8230166057283292,117.50963591291263,1
Candidate F: Combined Adaptive Portfolio Overlay,tcs_ns,2007-01-17,2007-01-31,-2.099333116136475,-128.55465819338028,0
Candidate F: Combined Adaptive Portfolio Overlay,tcs_ns,2007-02-01,2007-02-15,-0.03453224033617543,-2.225719348145006,0
Candidate F: Combined Adaptive Portfolio Overlay,hdfcbank_ns,2007-02-14,2007-02-28,-8.131480558562439,-497.89627781064934,0
Candidate F: Combined Adaptive Portfolio Overlay,tcs_ns,2007-02-28,2007-03-14,1.6376109426714494,251.33530516098344,1
Candidate F: Combined Adaptive Portfolio Overlay,hdfcbank_ns,2007-03-05,2007-03-19,-0.4161806628780981,-14.115883604604184,0
Candidate F: Combined Adaptive Portfolio Overlay,tcs_ns,2007-03-14,2007-03-28,-1.0836428906103988,-40.72314485733828,0
Candidate F: Combined Adaptive Portfolio Overlay,hdfcbank_ns,2007-03-19,2007-04-02,-2.568606279990746,-96.23477869303106,0
Candidate F: Combined Adaptive Portfolio Overlay,tcs_ns,2007-03-28,2007-04-11,-0.9196691254195724,-34.44801244724438,0
Candidate F: Combined Adaptive Portfolio Overlay,hdfcbank_ns,2007-04-02,2007-04-16,8.111447202195668,303.5981370689337,1
Candidate F: Combined Adaptive Portfolio Overlay,tcs_ns,2007-04-11,2007-04-25,2.5357398288073014,258.22716598255306,1
Candidate F: Combined Adaptive Portfolio Overlay,reliance_ns,2007-05-04,2007-05-18,7.2293015754926655,466.41379571628676,1
Candidate F: Combined Adaptive Portfolio Overlay,hdfcbank_ns,2007-05-07,2007-05-21,10.619132386649076,698.873921753495,1
Candidate F: Combined Adaptive Portfolio Overlay,infy_ns,2007-05-08,2007-05-22,-2.8204956923461104,-163.59055136419622,0
Candidate F: Combined Adaptive Portfolio Overlay,tcs_ns,2007-05-10,2007-05-24,-0.45233198282021836,-24.923766675667125,0
Candidate F: Combined Adaptive Portfolio Overlay,reliance_ns,2007-05-18,2007-06-01,3.0571681552062824,170.60416767762047,1
Candidate F: Combined Adaptive Portfolio Overlay,infy_ns,2007-05-22,2007-06-05,-0.23226653672587325,-13.813522033196788,0
Candidate F: Combined Adaptive Portfolio Overlay,hdfcbank_ns,2007-05-22,2007-06-05,3.938675333656863,222.53153771748768,1
Candidate F: Combined Adaptive Portfolio Overlay,tcs_ns,2007-05-24,2007-06-07,-1.4985507246376812,-84.54328013909692,0
Candidate F: Combined Adaptive Portfolio Overlay,infy_ns,2007-06-05,2007-06-19,0.6392406720048767,46.73357628851322,1
Candidate F: Combined Adaptive Portfolio Overlay,reliance_ns,2007-06-06,2007-06-20,2.4113762430931374,141.59347204875172,1
Candidate F: Combined Adaptive Portfolio Overlay,tcs_ns,2007-06-07,2007-06-21,-5.13445106891926,-300.6814751023964,0
Candidate F: Combined Adaptive Portfolio Overlay,icicibank_ns,2007-06-18,2007-07-02,3.3714198166502256,187.56383039785328,1
Candidate F: Combined Adaptive Portfolio Overlay,infy_ns,2007-06-19,2007-07-03,-0.5199658239306354,-29.393966577629282,0
Candidate F: Combined Adaptive Portfolio Overlay,hdfcbank_ns,2007-06-20,2007-07-04,4.556576811508765,258.4070684647976,1
Candidate F: Combined Adaptive Portfolio Overlay,reliance_ns,2007-06-21,2007-07-05,-1.4619248595066667,-82.82241065440361,0
Candidate F: Combined Adaptive Portfolio Overlay,tcs_ns,2007-06-22,2007-07-06,1.5896091062026219,213.88324860178636,1
Candidate F: Combined Adaptive Portfolio Overlay,infy_ns,2007-07-03,2007-07-17,-0.5042236051787048,-58.64447346286503,0
Candidate F: Combined Adaptive Portfolio Overlay,hdfcbank_ns,2007-07-04,2007-07-18,4.2320208000869854,211.30269333400375,1
Candidate F: Combined Adaptive Portfolio Overlay,reliance_ns,2007-07-05,2007-07-19,10.644414358800738,818.7737366324994,1
Candidate F: Combined Adaptive Portfolio Overlay,tcs_ns,2007-07-06,2007-07-20,1.4380571904116677,76.52294062308405,1
Candidate F: Combined Adaptive Portfolio Overlay,infy_ns,2007-07-17,2007-07-31,1.8705784768108917,188.25568061506578,1
Candidate F: Combined Adaptive Portfolio Overlay,reliance_ns,2007-07-19,2007-08-02,-4.9212938325552456,-286.24021876823605,0
Candidate F: Combined Adaptive Portfolio Overlay,tcs_ns,2007-07-25,2007-08-08,0.33301903752625706,19.299894488850555,1
Candidate F: Combined Adaptive Portfolio Overlay,infy_ns,2007-07-31,2007-08-14,-1.081978130274314,-97.2289813852244,0
Candidate F: Combined Adaptive Portfolio Overlay,reliance_ns,2007-08-02,2007-08-16,-3.463914206379949,-170.29060136879716,0
Candidate F: Combined Adaptive Portfolio Overlay,tcs_ns,2007-08-08,2007-08-22,-11.037038337556087,-390.0754606228548,0
Candidate F: Combined Adaptive Portfolio Overlay,infy_ns,2007-08-14,2007-08-28,-3.891283034879934,-278.78463262387777,0
Candidate F: Combined Adaptive Portfolio Overlay,reliance_ns,2007-08-16,2007-08-30,9.892986445574095,895.8910745122914,1
Candidate F: Combined Adaptive Portfolio Overlay,icicibank_ns,2007-08-16,2007-08-30,4.862516366891474,162.92607531523078,1
Candidate F: Combined Adaptive Portfolio Overlay,tcs_ns,2007-08-22,2007-09-05,4.475463017003578,149.6800189855461,1
Candidate F: Combined Adaptive Portfolio Overlay,reliance_ns,2007-08-30,2007-09-13,5.985001853485869,275.19926550926925,1
Candidate F: Combined Adaptive Portfolio Overlay,infy_ns,2007-09-03,2007-09-17,-3.0501370416622793,-140.98268638028318,0
Candidate F: Combined Adaptive Portfolio Overlay,tcs_ns,2007-09-05,2007-09-19,-4.645079863936022,-171.07201297342763,0
Candidate F: Combined Adaptive Portfolio Overlay,reliance_ns,2007-09-13,2007-09-27,14.285614603532318,885.3698509737042,1
Candidate F: Combined Adaptive Portfolio Overlay,infy_ns,2007-09-17,2007-10-01,5.518464598595786,594.7430429498307,1
Candidate F: Combined Adaptive Portfolio Overlay,tcs_ns,2007-09-19,2007-10-03,5.43574254111364,312.47547886345467,1
Candidate F: Combined Adaptive Portfolio Overlay,infy_ns,2007-10-01,2007-10-15,1.127675938440966,84.0873264155511,1
Candidate F: Combined Adaptive Portfolio Overlay,tcs_ns,2007-10-03,2007-10-17,1.3855310138012304,87.48348509363541,1
Candidate F: Combined Adaptive Portfolio Overlay,infy_ns,2007-10-16,2007-10-30,-0.7006791095299743,-35.73694096444389,0
Candidate F: Combined Adaptive Portfolio Overlay,tcs_ns,2007-10-18,2007-11-01,-9.014683008205328,-348.35293425287676,0
Candidate F: Combined Adaptive Portfolio Overlay,hdfcbank_ns,2007-10-19,2007-11-02,29.514022881874848,1106.2904340901332,1
Candidate F: Combined Adaptive Portfolio Overlay,infy_ns,2007-10-31,2007-11-14,-7.094287106565801,-358.46195189356575,0
Candidate F: Combined Adaptive Portfolio Overlay,tcs_ns,2007-11-01,2007-11-15,-4.236359523891769,-211.35116011389192,0
Candidate F: Combined Adaptive Portfolio Overlay,tcs_ns,2007-11-15,2007-11-29,-1.492863622293884,-79.27340432210626,0
Candidate F: Combined Adaptive Portfolio Overlay,infy_ns,2007-11-15,2007-11-29,-4.9070400917931964,-189.5373959575394,0
Candidate F: Combined Adaptive Portfolio Overlay,hdfcbank_ns,2007-11-26,2007-12-10,2.6626061260412044,133.0125749903517,1
Candidate F: Combined Adaptive Portfolio Overlay,tcs_ns,2007-11-29,2007-12-13,6.525044107622789,326.5778415504951,1
Candidate F: Combined Adaptive Portfolio Overlay,infy_ns,2007-11-29,2007-12-13,5.861858426944588,290.2623391592586,1
Candidate F: Combined Adaptive Portfolio Overlay,reliance_ns,2007-12-11,2007-12-26,0.325815959131187,20.195649386940712,1
Candidate F: Combined Adaptive Portfolio Overlay,tcs_ns,2007-12-14,2007-12-28,3.9608731277184663,254.17860491779692,1
Candidate F: Combined Adaptive Portfolio Overlay,infy_ns,2007-12-17,2007-12-31,8.906030165311769,855.1319970476965,1
Candidate F: Combined Adaptive Portfolio Overlay,tcs_ns,2007-12-28,2008-01-11,-8.584290284922469,-537.4447029045991,0
Candidate F: Combined Adaptive Portfolio Overlay,infy_ns,2008-01-03,2008-01-17,-12.837261528806964,-1281.028214897359,0
Candidate F: Combined Adaptive Portfolio Overlay,reliance_ns,2008-01-04,2008-01-18,-6.508516072425049,-388.6656285063469,0
Candidate F: Combined Adaptive Portfolio Overlay,tcs_ns,2008-01-11,2008-01-25,-10.668585440955338,-635.7658049875826,0
Candidate F: Combined Adaptive Portfolio Overlay,infy_ns,2008-01-17,2008-01-31,0.5300925429570124,32.31533509477451,1
Candidate F: Combined Adaptive Portfolio Overlay,tcs_ns,2008-01-25,2008-02-08,1.509252677412148,57.38193088097431,1
Candidate F: Combined Adaptive Portfolio Overlay,hdfcbank_ns,2008-01-25,2008-02-08,-10.396401052713664,-383.41399573422757,0
Candidate F: Combined Adaptive Portfolio Overlay,infy_ns,2008-02-01,2008-02-15,-1.880261610631524,-70.71974725439905,0
Candidate F: Combined Adaptive Portfolio Overlay,tcs_ns,2008-02-08,2008-02-22,0.18919059871111477,7.121346190991542,1
Candidate F: Combined Adaptive Portfolio Overlay,hdfcbank_ns,2008-02-08,2008-02-22,2.1923577063362356,82.2205343492754,1
Candidate F: Combined Adaptive Portfolio Overlay,tcs_ns,2008-02-22,2008-03-07,-6.08772851415737,-372.7961574755615,0
Candidate F: Combined Adaptive Portfolio Overlay,infy_ns,2008-02-21,2008-03-07,-12.14803041951145,-758.9539513728431,0
Candidate F: Combined Adaptive Portfolio Overlay,hdfcbank_ns,2008-02-25,2008-03-10,-7.800656876500457,-468.7549144560993,0
Candidate F: Combined Adaptive Portfolio Overlay,tcs_ns,2008-03-07,2008-03-24,-2.7018686466346233,-349.1412913220599,0
Candidate F: Combined Adaptive Portfolio Overlay,icicibank_ns,2008-03-07,2008-03-24,-10.253089485637448,-576.693156671718,0
Candidate F: Combined Adaptive Portfolio Overlay,hdfcbank_ns,2008-03-10,2008-03-24,2.266804179989264,147.8640279365261,1
Candidate F: Combined Adaptive Portfolio Overlay,infy_ns,2008-03-11,2008-03-25,4.571383204250975,242.01910286537225,1
Candidate F: Combined Adaptive Portfolio Overlay,tcs_ns,2008-03-24,2008-04-07,9.705950249642456,549.1784964296079,1
Candidate F: Combined Adaptive Portfolio Overlay,icicibank_ns,2008-03-24,2008-04-07,1.0838207363054668,60.993629698492036,1
Candidate F: Combined Adaptive Portfolio Overlay,hdfcbank_ns,2008-03-24,2008-04-07,-2.917636210189446,-165.71621849718878,0
Candidate F: Combined Adaptive Portfolio Overlay,infy_ns,2008-03-26,2008-04-09,-1.3531192933451774,-61.40598565862551,0
Candidate F: Combined Adaptive Portfolio Overlay,reliance_ns,2008-04-02,2008-04-16,12.699914120620795,553.2821224738617,1
Candidate F: Combined Adaptive Portfolio Overlay,tcs_ns,2008-04-07,2008-04-21,9.822293022225278,435.18769384449104,1
Candidate F: Combined Adaptive Portfolio Overlay,hdfcbank_ns,2008-04-07,2008-04-21,12.016237188833196,564.943034169579,1
Candidate F: Combined Adaptive Portfolio Overlay,infy_ns,2008-04-09,2008-04-23,11.296059362820909,670.2593339865897,1
Candidate F: Combined Adaptive Portfolio Overlay,tcs_ns,2008-04-21,2008-05-05,-6.685497843862809,-404.9898236610389,0
Candidate F: Combined Adaptive Portfolio Overlay,infy_ns,2008-04-23,2008-05-07,11.84975296677646,752.2653039604326,1
Candidate F: Combined Adaptive Portfolio Overlay,hdfcbank_ns,2008-04-24,2008-05-08,4.505472723670682,282.06732736236404,1
Candidate F: Combined Adaptive Portfolio Overlay,tcs_ns,2008-05-05,2008-05-20,3.0375667712886476,182.2708491963673,1
Candidate F: Combined Adaptive Portfolio Overlay,infy_ns,2008-05-07,2008-05-21,1.3862578775778058,83.9456521049301,1
Candidate F: Combined Adaptive Portfolio Overlay,hdfcbank_ns,2008-05-08,2008-05-22,-8.306555942702989,-505.0312146025171,0
Candidate F: Combined Adaptive Portfolio Overlay,tcs_ns,2008-05-20,2008-06-03,1.941478327571562,118.14005873660916,1
Candidate F: Combined Adaptive Portfolio Overlay,infy_ns,2008-05-22,2008-06-05,6.165870624007132,375.36458554773196,1
Candidate F: Combined Adaptive Portfolio Overlay,reliance_ns,2008-05-22,2008-06-05,-14.484623468124235,-837.7022914769257,0
Candidate F: Combined Adaptive Portfolio Overlay,icicibank_ns,2008-05-23,2008-06-06,-10.79225607226101,-623.0331296447622,0
Candidate F: Combined Adaptive Portfolio Overlay,hdfcbank_ns,2008-05-23,2008-06-06,-10.833597041263788,-652.8725014331663,0
Candidate F: Combined Adaptive Portfolio Overlay,tcs_ns,2008-06-03,2008-06-17,-5.5694698513312195,-305.93976974221624,0
Candidate F: Combined Adaptive Portfolio Overlay,hdfcbank_ns,2008-06-06,2008-06-20,-10.933439893316619,-1030.3756727027233,0
Candidate F: Combined Adaptive Portfolio Overlay,reliance_ns,2008-06-09,2008-06-23,-6.381505270205076,-372.92936850461683,0
Candidate F: Combined Adaptive Portfolio Overlay,tcs_ns,2008-06-17,2008-07-01,-8.03471470453068,-466.90326279501204,0
Candidate F: Combined Adaptive Portfolio Overlay,hdfcbank_ns,2008-06-20,2008-07-04,-8.96427356421842,-673.7157182294353,0
Candidate F: Combined Adaptive Portfolio Overlay,icicibank_ns,2008-06-24,2008-07-08,-15.515494535732884,-905.7909461193353,0
Candidate F: Combined Adaptive Portfolio Overlay,infy_ns,2008-06-25,2008-07-09,4.250125913946213,235.7152900064432,1
Candidate F: Combined Adaptive Portfolio Overlay,tcs_ns,2008-07-01,2008-07-15,-11.492899776127627,-636.244918072637,0
Candidate F: Combined Adaptive Portfolio Overlay,hdfcbank_ns,2008-07-04,2008-07-18,3.3672630326656767,207.4615655665231,1
Candidate F: Combined Adaptive Portfolio Overlay,icicibank_ns,2008-07-09,2008-07-23,18.759964253273274,874.8023529795366,1
Candidate F: Combined Adaptive Portfolio Overlay,infy_ns,2008-07-11,2008-07-25,-7.572250233042667,-338.9800397544666,0
Candidate F: Combined Adaptive Portfolio Overlay,tcs_ns,2008-07-15,2008-07-29,7.7127170990311935,866.4339509548292,1
Candidate F: Combined Adaptive Portfolio Overlay,reliance_ns,2008-07-15,2008-07-29,5.292733338428595,214.04770427827333,1
Candidate F: Combined Adaptive Portfolio Overlay,hdfcbank_ns,2008-07-18,2008-08-01,7.080319089387302,219.69295583053255,1
Candidate F: Combined Adaptive Portfolio Overlay,tcs_ns,2008-07-29,2008-08-12,1.2226172994280824,44.78516886851245,1
Candidate F: Combined Adaptive Portfolio Overlay,icicibank_ns,2008-07-29,2008-08-12,21.81663505098374,803.051174271327,1
Candidate F: Combined Adaptive Portfolio Overlay,infy_ns,2008-08-01,2008-08-18,3.9066669513447656,139.48694980549936,1
Candidate F: Combined Adaptive Portfolio Overlay,hdfcbank_ns,2008-08-01,2008-08-18,8.539947548343704,304.28235242921625,1
Candidate F: Combined Adaptive Portfolio Overlay,reliance_ns,2008-08-05,2008-08-19,-2.5289307254180815,-87.40378278994027,0
Candidate F: Combined Adaptive Portfolio Overlay,tcs_ns,2008-08-12,2008-08-26,1.755625608675284,101.34952383246575,1
Candidate F: Combined Adaptive Portfolio Overlay,infy_ns,2008-08-18,2008-09-01,1.0613092074328707,62.5524858674223,1
Candidate F: Combined Adaptive Portfolio Overlay,hdfcbank_ns,2008-08-18,2008-09-01,7.818605966299826,452.89821617156633,1
Candidate F: Combined Adaptive Portfolio Overlay,icicibank_ns,2008-08-21,2008-09-04,11.277257054834394,639.5759888457969,1
Candidate F: Combined Adaptive Portfolio Overlay,reliance_ns,2008-08-25,2008-09-08,-4.474309351204203,-241.06728906636826,0
Candidate F: Combined Adaptive Portfolio Overlay,tcs_ns,2008-08-26,2008-09-09,3.6349859660484847,196.7301374886042,1
Candidate F: Combined Adaptive Portfolio Overlay,infy_ns,2008-09-01,2008-09-15,-8.468583258354268,-560.9959785367179,0
Candidate F: Combined Adaptive Portfolio Overlay,hdfcbank_ns,2008-09-01,2008-09-15,-7.355908000186635,-440.32116911118055,0
Candidate F: Combined Adaptive Portfolio Overlay,reliance_ns,2008-09-08,2008-09-22,-4.459013129451242,-253.8954986174892,0
Candidate F: Combined Adaptive Portfolio Overlay,tcs_ns,2008-09-15,2008-09-29,-18.52616093990613,-2635.220352313716,0
Candidate F: Combined Adaptive Portfolio Overlay,hdfcbank_ns,2008-09-15,2008-09-29,-0.3033157626059993,-18.940598261570393,0
Candidate F: Combined Adaptive Portfolio Overlay,icicibank_ns,2008-09-23,2008-10-07,-19.084121886833127,-1053.2038687157224,0
Candidate F: Combined Adaptive Portfolio Overlay,tcs_ns,2008-09-29,2008-10-13,-7.651040226105721,-445.4636038711597,0
Candidate F: Combined Adaptive Portfolio Overlay,infy_ns,2008-09-29,2008-10-13,-5.412278215868808,-299.36116443611627,0
Candidate F: Combined Adaptive Portfolio Overlay,hdfcbank_ns,2008-09-29,2008-10-13,-2.3232022093622495,-136.52698627291616,0
Candidate F: Combined Adaptive Portfolio Overlay,icicibank_ns,2008-10-07,2008-10-21,-11.177308663914667,-614.2281540514938,0
Candidate F: Combined Adaptive Portfolio Overlay,reliance_ns,2008-10-10,2008-10-24,-33.29469488640584,-1390.53238055546,0
Candidate F: Combined Adaptive Portfolio Overlay,hdfcbank_ns,2008-10-13,2008-10-27,-20.56315748447797,-719.1959199975764,0
Candidate F: Combined Adaptive Portfolio Overlay,tcs_ns,2008-10-14,2008-10-29,-8.802163545381497,-298.619786886098,0
Candidate F: Combined Adaptive Portfolio Overlay,icicibank_ns,2008-10-23,2008-11-06,18.420815960669366,633.1654373105064,1
Candidate F: Combined Adaptive Portfolio Overlay,reliance_ns,2008-10-24,2008-11-07,19.68019948214263,672.6078754006691,1
Candidate F: Combined Adaptive Portfolio Overlay,hdfcbank_ns,2008-10-27,2008-11-10,18.003819300297064,611.8610051671684,1
Candidate F: Combined Adaptive Portfolio Overlay,tcs_ns,2008-10-29,2008-11-12,-1.140424099542383,-38.653193246278136,0
Candidate F: Combined Adaptive Portfolio Overlay,infy_ns,2008-10-29,2008-11-12,-3.4906083675277153,-114.76034664325908,0
Candidate F: Combined Adaptive Portfolio Overlay,hdfcbank_ns,2008-11-10,2008-11-24,-24.712865549162878,-878.342203311676,0
Candidate F: Combined Adaptive Portfolio Overlay,tcs_ns,2008-11-12,2008-11-26,-1.4420895234739444,-51.166574112435356,0
Candidate F: Combined Adaptive Portfolio Overlay,reliance_ns,2008-11-12,2008-11-26,-2.0538163606132755,-72.6400161712461,0
Candidate F: Combined Adaptive Portfolio Overlay,icicibank_ns,2008-11-20,2008-12-04,12.55003380299681,430.5572959713604,1
Candidate F: Combined Adaptive Portfolio Overlay,hdfcbank_ns,2008-11-24,2008-12-08,8.256059686137524,403.7759920660656,1
Candidate F: Combined Adaptive Portfolio Overlay,tcs_ns,2008-11-26,2008-12-10,2.5271495466017786,141.78435837350762,1
Candidate F: Combined Adaptive Portfolio Overlay,reliance_ns,2008-11-26,2008-12-10,7.6992204186245194,423.6983526516729,1
Candidate F: Combined Adaptive Portfolio Overlay,infy_ns,2008-12-02,2008-12-16,-6.96092427538966,-363.915486068837,0
Candidate F: Combined Adaptive Portfolio Overlay,icicibank_ns,2008-12-04,2008-12-18,29.60550172267647,1527.5378596175165,1
Candidate F: Combined Adaptive Portfolio Overlay,hdfcbank_ns,2008-12-08,2008-12-22,13.361993335579673,690.3315754077355,1
Candidate F: Combined Adaptive Portfolio Overlay,tcs_ns,2008-12-10,2008-12-24,-11.669729288967769,-606.3211030029644,0
Candidate F: Combined Adaptive Portfolio Overlay,reliance_ns,2008-12-10,2008-12-24,1.1553926570851363,60.4528240707137,1
Candidate F: Combined Adaptive Portfolio Overlay,infy_ns,2008-12-16,2008-12-30,0.22546456824683028,11.75532448550557,1
Candidate F: Combined Adaptive Portfolio Overlay,hdfcbank_ns,2008-12-22,2009-01-05,2.462248624180814,151.37289415600202,1
Candidate F: Combined Adaptive Portfolio Overlay,tcs_ns,2008-12-24,2009-01-07,5.520776793798885,303.7756114275343,1
Candidate F: Combined Adaptive Portfolio Overlay,infy_ns,2008-12-30,2009-01-13,8.833755016500975,508.2235824584695,1
Candidate F: Combined Adaptive Portfolio Overlay,hdfcbank_ns,2009-01-05,2009-01-19,-9.91002556186861,-710.3728093505174,0
Candidate F: Combined Adaptive Portfolio Overlay,tcs_ns,2009-01-07,2009-01-21,-2.524990154937168,-144.23738554125916,0
Candidate F: Combined Adaptive Portfolio Overlay,reliance_ns,2009-01-09,2009-01-23,0.20133035211839095,10.925743763686642,1
Candidate F: Combined Adaptive Portfolio Overlay,icicibank_ns,2009-01-12,2009-01-27,-13.034368707246161,-671.9784799581114,0
Candidate F: Combined Adaptive Portfolio Overlay,hdfcbank_ns,2009-01-19,2009-02-02,-5.615166115046826,-352.49631071196603,0
Candidate F: Combined Adaptive Portfolio Overlay,tcs_ns,2009-01-21,2009-02-04,1.2392202433149269,68.13426892931001,1
Candidate F: Combined Adaptive Portfolio Overlay,reliance_ns,2009-01-23,2009-02-06,16.26325973664549,893.6878697562571,1
Candidate F: Combined Adaptive Portfolio Overlay,infy_ns,2009-01-27,2009-02-10,4.444201733162539,232.00408662178208,1
Candidate F: Combined Adaptive Portfolio Overlay,icicibank_ns,2009-01-27,2009-02-10,12.43391963508872,644.5160833401567,1
Candidate F: Combined Adaptive Portfolio Overlay,hdfcbank_ns,2009-02-02,2009-02-16,2.7898011944848244,234.82189778995792,1
Candidate F: Combined Adaptive Portfolio Overlay,tcs_ns,2009-02-04,2009-02-18,-3.6378961432916745,-184.73473947007756,0
Candidate F: Combined Adaptive Portfolio Overlay,reliance_ns,2009-02-06,2009-02-20,-6.846614367569279,-352.162665855732,0
Candidate F: Combined Adaptive Portfolio Overlay,infy_ns,2009-02-10,2009-02-24,-9.434633774608239,-630.830881199377,0
Candidate F: Combined Adaptive Portfolio Overlay,hdfcbank_ns,2009-02-16,2009-03-02,-7.513848897997175,-795.9806931367217,0
Candidate F: Combined Adaptive Portfolio Overlay,icicibank_ns,2009-02-17,2009-03-03,-23.398447668456463,-1174.379989836966,0
Candidate F: Combined Adaptive Portfolio Overlay,tcs_ns,2009-02-18,2009-03-04,-4.249669724581952,-392.36076560962874,0
Candidate F: Combined Adaptive Portfolio Overlay,reliance_ns,2009-02-20,2009-03-06,-6.708550303496909,-321.38652541288553,0
Candidate F: Combined Adaptive Portfolio Overlay,infy_ns,2009-03-02,2009-03-16,5.586817378093414,271.18076967608374,1
Candidate F: Combined Adaptive Portfolio Overlay,hdfcbank_ns,2009-03-02,2009-03-16,-0.1504571186437161,-13.479716337800333,0
Candidate F: Combined Adaptive Portfolio Overlay,icicibank_ns,2009-03-03,2009-03-17,9.349900479436227,453.0395739763911,1
Candidate F: Combined Adaptive Portfolio Overlay,tcs_ns,2009-03-04,2009-03-18,9.629232934971418,485.80863084849545,1
Candidate F: Combined Adaptive Portfolio Overlay,reliance_ns,2009-03-06,2009-03-20,14.414084640287964,723.0612397105829,1
Candidate F: Combined Adaptive Portfolio Overlay,infy_ns,2009-03-16,2009-03-30,0.9977752359365584,50.106182541531574,1
Candidate F: Combined Adaptive Portfolio Overlay,hdfcbank_ns,2009-03-16,2009-03-30,11.857403524304342,839.2487105053244,1
Candidate F: Combined Adaptive Portfolio Overlay,tcs_ns,2009-03-18,2009-04-01,7.735871835232261,418.1674121507381,1
Candidate F: Combined Adaptive Portfolio Overlay,reliance_ns,2009-03-20,2009-04-06,24.758378261199848,1735.628435430403,1
Candidate F: Combined Adaptive Portfolio Overlay,icicibank_ns,2009-03-26,2009-04-09,6.012819762631548,304.95470522594644,1
Candidate F: Combined Adaptive Portfolio Overlay,infy_ns,2009-03-31,2009-04-15,3.4756892767977257,200.10894518613804,1
Candidate F: Combined Adaptive Portfolio Overlay,tcs_ns,2009-04-06,2009-04-20,-3.1801680233486986,-173.98449682141444,0
Candidate F: Combined Adaptive Portfolio Overlay,hdfcbank_ns,2009-04-06,2009-04-20,0.22707622734025398,14.311921383860103,1
Candidate F: Combined Adaptive Portfolio Overlay,infy_ns,2009-04-15,2009-04-29,10.060951544604515,592.2122780894068,1
Candidate F: Combined Adaptive Portfolio Overlay,tcs_ns,2009-04-20,2009-05-04,18.643889461357706,1091.9315515452781,1
Candidate F: Combined Adaptive Portfolio Overlay,hdfcbank_ns,2009-04-28,2009-05-12,11.46171246082982,768.9289036732778,1
Candidate F: Combined Adaptive Portfolio Overlay,infy_ns,2009-04-29,2009-05-13,4.23475078325586,248.50704694690015,1
Candidate F: Combined Adaptive Portfolio Overlay,tcs_ns,2009-05-05,2009-05-19,2.8287442396313365,167.5267731268729,1
Candidate F: Combined Adaptive Portfolio Overlay,hdfcbank_ns,2009-05-12,2009-05-26,11.71522418152355,702.9212903817818,1
Candidate F: Combined Adaptive Portfolio Overlay,infy_ns,2009-05-13,2009-05-27,0.851742345428399,51.1548185633092,1
Candidate F: Combined Adaptive Portfolio Overlay,tcs_ns,2009-05-19,2009-06-02,3.6808697275102644,132.7343537832445,1
Candidate F: Combined Adaptive Portfolio Overlay,infy_ns,2009-05-27,2009-06-10,13.836578472535816,536.9532128151538,1
Candidate F: Combined Adaptive Portfolio Overlay,tcs_ns,2009-06-02,2009-06-16,11.969893889754916,464.00366844819206,1
Candidate F: Combined Adaptive Portfolio Overlay,infy_ns,2009-06-11,2009-06-25,0.4152302823620716,16.163498392133604,1
Candidate F: Combined Adaptive Portfolio Overlay,tcs_ns,2009-06-23,2009-07-07,6.0835743554789765,396.0500070492485,1
Candidate F: Combined Adaptive Portfolio Overlay,infy_ns,2009-06-25,2009-07-09,-4.683571310651844,-298.8159057337229,0
Candidate F: Combined Adaptive Portfolio Overlay,reliance_ns,2009-08-12,2009-08-26,2.4328084274398205,163.25253824064723,1
Candidate F: Combined Adaptive Portfolio Overlay,tcs_ns,2009-08-18,2009-09-01,3.495444253708334,222.83223506103698,1
Candidate F: Combined Adaptive Portfolio Overlay,reliance_ns,2009-08-26,2009-09-09,6.235612907371752,399.0712403561952,1
Candidate F: Combined Adaptive Portfolio Overlay,reliance_ns,2009-09-09,2009-09-23,-3.126697918268722,-228.80134683985278,0
Candidate F: Combined Adaptive Portfolio Overlay,reliance_ns,2009-09-24,2009-10-08,0.8396285523320083,56.576469907097504,1
Candidate F: Combined Adaptive Portfolio Overlay,tcs_ns,2009-10-07,2009-10-21,6.89261023333749,441.22079537010944,1
Candidate F: Combined Adaptive Portfolio Overlay,reliance_ns,2009-10-08,2009-10-22,0.6832460110712405,50.019414178457374,1
Candidate F: Combined Adaptive Portfolio Overlay,reliance_ns,2009-10-22,2009-11-05,-9.133597918202746,-618.0512760689973,0
Candidate F: Combined Adaptive Portfolio Overlay,tcs_ns,2009-11-09,2009-11-23,11.40151354446319,767.8647980480887,1
Candidate F: Combined Adaptive Portfolio Overlay,reliance_ns,2009-11-11,2009-11-25,3.765497446305214,240.91742544863908,1
Candidate F: Combined Adaptive Portfolio Overlay,reliance_ns,2009-12-04,2009-12-18,-7.465440869585003,-506.5451745001078,0
Candidate F: Combined Adaptive Portfolio Overlay,reliance_ns,2009-12-18,2010-01-04,6.680122370764888,451.56784336175895,1
Candidate F: Combined Adaptive Portfolio Overlay,reliance_ns,2010-01-04,2010-01-18,2.1804091612120056,369.71302353474005,1
Candidate F: Combined Adaptive Portfolio Overlay,tcs_ns,2010-01-07,2010-01-21,7.819803062522587,464.07760515441134,1
Candidate F: Combined Adaptive Portfolio Overlay,reliance_ns,2010-01-19,2010-02-02,-5.365315360183647,-348.97114105008455,0
Candidate F: Combined Adaptive Portfolio Overlay,reliance_ns,2010-02-02,2010-02-16,-0.9791560004998248,-66.64814478292477,0
Candidate F: Combined Adaptive Portfolio Overlay,reliance_ns,2010-02-18,2010-03-04,1.5727606310633173,119.35881086576367,1
Candidate F: Combined Adaptive Portfolio Overlay,reliance_ns,2010-03-04,2010-03-18,6.154983524524078,419.11306090816055,1
Candidate F: Combined Adaptive Portfolio Overlay,tcs_ns,2010-03-09,2010-03-23,7.744983250864015,501.0123004907464,1
Candidate F: Combined Adaptive Portfolio Overlay,reliance_ns,2010-04-07,2010-04-21,-6.738694604177367,-461.96008900665674,0
Candidate F: Combined Adaptive Portfolio Overlay,reliance_ns,2010-04-21,2010-05-05,-3.2217347805073153,-220.11655522013479,0
Candidate F: Combined Adaptive Portfolio Overlay,reliance_ns,2010-05-05,2010-05-19,-2.204408803191519,-150.36782010780675,0
Candidate F: Combined Adaptive Portfolio Overlay,infy_ns,2010-05-07,2010-05-21,-1.3906403232207734,-90.11585145698967,0
Candidate F: Combined Adaptive Portfolio Overlay,icicibank_ns,2010-05-10,2010-05-24,-9.805447294757782,-482.9113071281363,0
Candidate F: Combined Adaptive Portfolio Overlay,reliance_ns,2010-05-19,2010-06-02,1.191053407426797,59.49033388651055,1
Candidate F: Combined Adaptive Portfolio Overlay,icicibank_ns,2010-05-28,2010-06-11,-2.217170944306732,-86.93957085772881,0
Candidate F: Combined Adaptive Portfolio Overlay,reliance_ns,2010-06-02,2010-06-16,4.586422271257664,181.40151960646236,1
Candidate F: Combined Adaptive Portfolio Overlay,reliance_ns,2010-06-16,2010-06-30,2.9637600787656004,282.22849688226876,1
Candidate F: Combined Adaptive Portfolio Overlay,icicibank_ns,2010-06-16,2010-06-30,-1.765705481574962,-111.53302081780502,0
Candidate F: Combined Adaptive Portfolio Overlay,hdfcbank_ns,2010-06-23,2010-07-07,-3.122886439186846,-470.93058806626465,0
Candidate F: Combined Adaptive Portfolio Overlay,reliance_ns,2010-06-30,2010-07-14,-1.8291757610777966,-524.7027455824605,0
Candidate F: Combined Adaptive Portfolio Overlay,icicibank_ns,2010-06-30,2010-07-14,3.377552513200614,311.6153483883633,1
Candidate F: Combined Adaptive Portfolio Overlay,tcs_ns,2010-07-01,2010-07-15,6.790836830347614,563.8746041164658,1
Candidate F: Combined Adaptive Portfolio Overlay,reliance_ns,2010-07-14,2010-07-28,-4.643899732959969,-610.7589284079436,0
Candidate F: Combined Adaptive Portfolio Overlay,icicibank_ns,2010-07-14,2010-07-28,1.923765281698516,241.82304714779391,1
Candidate F: Combined Adaptive Portfolio Overlay,infy_ns,2010-07-15,2010-07-29,2.6139015503583813,144.00451430263408,1
Candidate F: Combined Adaptive Portfolio Overlay,icicibank_ns,2010-07-28,2010-08-11,6.878370249076459,986.793199880126,1
Candidate F: Combined Adaptive Portfolio Overlay,infy_ns,2010-07-29,2010-08-12,-2.1825989897783478,-132.41225494776995,0
Candidate F: Combined Adaptive Portfolio Overlay,reliance_ns,2010-08-02,2010-08-16,-3.7591489250968126,-216.6543276058919,0
Candidate F: Combined Adaptive Portfolio Overlay,tcs_ns,2010-08-12,2010-08-26,2.649450755117402,165.37538144132932,1
Candidate F: Combined Adaptive Portfolio Overlay,infy_ns,2010-08-12,2010-08-26,-0.30413942827577656,-18.937229374854226,0
Candidate F: Combined Adaptive Portfolio Overlay,icicibank_ns,2010-08-17,2010-08-31,1.909599809345501,118.25211870567608,1
Candidate F: Combined Adaptive Portfolio Overlay,reliance_ns,2010-08-19,2010-09-02,-4.115710960126507,-242.1224393203328,0
Candidate F: Combined Adaptive Portfolio Overlay,infy_ns,2010-08-26,2010-09-09,4.6246850531536525,287.63130545062825,1
Candidate F: Combined Adaptive Portfolio Overlay,icicibank_ns,2010-09-06,2010-09-20,8.4406323037811,911.9188174373902,1
Candidate F: Combined Adaptive Portfolio Overlay,reliance_ns,2010-09-07,2010-09-21,7.516618244805217,896.8656076392622,1
Candidate F: Combined Adaptive Portfolio Overlay,infy_ns,2010-09-09,2010-09-23,4.365749650866257,725.0865938504389,1
Candidate F: Combined Adaptive Portfolio Overlay,icicibank_ns,2010-09-20,2010-10-04,2.46702892551559,292.22797416668277,1
Candidate F: Combined Adaptive Portfolio Overlay,reliance_ns,2010-09-21,2010-10-05,-1.141084545813504,-125.5006394169169,0
Candidate F: Combined Adaptive Portfolio Overlay,tcs_ns,2010-09-22,2010-10-06,2.5576262391719293,253.167354360279,1
Candidate F: Combined Adaptive Portfolio Overlay,infy_ns,2010-09-23,2010-10-07,0.9601152797033193,107.19495351834942,1
Candidate F: Combined Adaptive Portfolio Overlay,icicibank_ns,2010-10-04,2010-10-18,-3.508032755327043,-564.4334825228016,0
Candidate F: Combined Adaptive Portfolio Overlay,reliance_ns,2010-10-05,2010-10-19,1.9561278769777237,199.86981686198925,1
Candidate F: Combined Adaptive Portfolio Overlay,infy_ns,2010-10-07,2010-10-21,-0.6719358530082239,-104.53936311436672,0
Candidate F: Combined Adaptive Portfolio Overlay,icicibank_ns,2010-10-18,2010-11-01,10.324243947409991,1170.2498596601636,1
Candidate F: Combined Adaptive Portfolio Overlay,tcs_ns,2010-10-19,2010-11-02,8.388036806643148,855.7032409559507,1
Candidate F: Combined Adaptive Portfolio Overlay,reliance_ns,2010-10-19,2010-11-02,2.864091801647471,303.1353865215348,1
Candidate F: Combined Adaptive Portfolio Overlay,infy_ns,2010-10-21,2010-11-04,1.3564691091644796,145.27804021850292,1
Candidate F: Combined Adaptive Portfolio Overlay,reliance_ns,2010-11-02,2010-11-16,-4.174094437908217,-379.4200020111578,0
Candidate F: Combined Adaptive Portfolio Overlay,icicibank_ns,2010-11-04,2010-11-18,-8.07489168781405,-428.3086479255592,0
Candidate F: Combined Adaptive Portfolio Overlay,infy_ns,2010-11-08,2010-11-22,0.8713219836015594,44.36801940225387,1
Candidate F: Combined Adaptive Portfolio Overlay,reliance_ns,2010-11-16,2010-11-30,-4.40492853686486,-461.35210445305927,0
Candidate F: Combined Adaptive Portfolio Overlay,icicibank_ns,2010-11-18,2010-12-02,2.2461698804726664,281.4937023255374,1
Candidate F: Combined Adaptive Portfolio Overlay,tcs_ns,2010-11-19,2010-12-03,8.016670694001087,723.3568930783518,1
Candidate F: Combined Adaptive Portfolio Overlay,infy_ns,2010-11-22,2010-12-06,3.2239791304961622,574.5776590627794,1
Candidate F: Combined Adaptive Portfolio Overlay,reliance_ns,2010-11-30,2010-12-14,7.013229668122818,618.7430800166077,1
Candidate F: Combined Adaptive Portfolio Overlay,icicibank_ns,2010-12-02,2010-12-16,-7.2159549639936,-771.6712763683056,0
Candidate F: Combined Adaptive Portfolio Overlay,infy_ns,2010-12-06,2010-12-20,6.517626780473658,1126.0126302542046,1
Candidate F: Combined Adaptive Portfolio Overlay,reliance_ns,2010-12-14,2010-12-28,-0.7461682608708854,-128.96015084555415,0
Candidate F: Combined Adaptive Portfolio Overlay,icicibank_ns,2010-12-16,2010-12-30,2.761162141864787,316.56012215092835,1
Candidate F: Combined Adaptive Portfolio Overlay,infy_ns,2010-12-21,2011-01-04,4.519312944245373,258.2222964645389,1
Candidate F: Combined Adaptive Portfolio Overlay,reliance_ns,2010-12-28,2011-01-11,-3.307271848179289,-778.3427896761781,0
Candidate F: Combined Adaptive Portfolio Overlay,icicibank_ns,2010-12-30,2011-01-13,-9.795749415836411,-2110.6834195911833,0
Candidate F: Combined Adaptive Portfolio Overlay,infy_ns,2011-01-04,2011-01-18,-4.598987589006718,-452.48223171489934,0
Candidate F: Combined Adaptive Portfolio Overlay,tcs_ns,2011-01-11,2011-01-25,8.143447774575415,721.0910698109755,1
Candidate F: Combined Adaptive Portfolio Overlay,icicibank_ns,2011-01-13,2011-01-27,-1.184908497794313,-72.21184857310357,0
Candidate F: Combined Adaptive Portfolio Overlay,reliance_ns,2011-01-20,2011-02-03,-2.7243331282000733,-170.51315717203317,0
Candidate F: Combined Adaptive Portfolio Overlay,hdfcbank_ns,2011-01-24,2011-02-07,-5.155426123663231,-490.4625367715394,0
Candidate F: Combined Adaptive Portfolio Overlay,icicibank_ns,2011-01-27,2011-02-10,-5.4202108346862055,-542.0363815421798,0
Candidate F: Combined Adaptive Portfolio Overlay,tcs_ns,2011-01-31,2011-02-14,-4.11868056889082,-378.92930698615504,0
Candidate F: Combined Adaptive Portfolio Overlay,reliance_ns,2011-02-03,2011-02-17,1.0142040802615273,90.7845457567024,1
Candidate F: Combined Adaptive Portfolio Overlay,hdfcbank_ns,2011-02-10,2011-02-24,2.0944226037623737,319.81213139072116,1
Candidate F: Combined Adaptive Portfolio Overlay,icicibank_ns,2011-02-14,2011-02-28,-6.176978057079555,-1067.1610850869351,0
Candidate F: Combined Adaptive Portfolio Overlay,infy_ns,2011-02-17,2011-03-03,-2.851046212748432,-377.73908687625635,0
Candidate F: Combined Adaptive Portfolio Overlay,reliance_ns,2011-02-17,2011-03-03,2.40696381511204,225.02588501490627,1
Candidate F: Combined Adaptive Portfolio Overlay,icicibank_ns,2011-03-01,2011-03-15,-2.932987118887691,-170.02430592680975,0
Candidate F: Combined Adaptive Portfolio Overlay,reliance_ns,2011-03-03,2011-03-17,5.4158571798450055,359.0381798402935,1
Candidate F: Combined Adaptive Portfolio Overlay,tcs_ns,2011-03-11,2011-03-25,3.9032680625632845,245.82464111784398,1
Candidate F: Combined Adaptive Portfolio Overlay,icicibank_ns,2011-03-16,2011-03-30,7.89287923820203,700.647448328262,1
Candidate F: Combined Adaptive Portfolio Overlay,reliance_ns,2011-03-18,2011-04-01,4.318412011134502,532.8871367972887,1
Candidate F: Combined Adaptive Portfolio Overlay,hdfcbank_ns,2011-03-22,2011-04-05,11.291692402930172,1254.0438144416717,1
Candidate F: Combined Adaptive Portfolio Overlay,icicibank_ns,2011-03-30,2011-04-13,1.5495999926450736,288.3742273272415,1
Candidate F: Combined Adaptive Portfolio Overlay,infy_ns,2011-04-05,2011-04-19,-12.10214200540861,-685.5547272672105,0
Candidate F: Combined Adaptive Portfolio Overlay,hdfcbank_ns,2011-04-07,2011-04-21,2.3227364666743133,135.91818992665466,1
Candidate F: Combined Adaptive Portfolio Overlay,icicibank_ns,2011-04-13,2011-04-27,-1.8239736995271145,-427.0054236537293,0
Candidate F: Combined Adaptive Portfolio Overlay,tcs_ns,2011-04-25,2011-05-09,-5.248378600289602,-617.3938409890496,0
Candidate F: Combined Adaptive Portfolio Overlay,icicibank_ns,2011-04-27,2011-05-11,-2.7725810766116945,-610.580850131189,0
Candidate F: Combined Adaptive Portfolio Overlay,icicibank_ns,2011-05-11,2011-05-25,-6.35779845553622,-678.7190089762912,0
Candidate F: Combined Adaptive Portfolio Overlay,reliance_ns,2011-05-17,2011-05-31,3.337220493730663,226.40892446146384,1
Candidate F: Combined Adaptive Portfolio Overlay,hdfcbank_ns,2011-05-25,2011-06-08,4.405022741838012,581.1450667796469,1
Candidate F: Combined Adaptive Portfolio Overlay,infy_ns,2011-05-26,2011-06-09,3.0080207344767738,357.1574681347504,1
Candidate F: Combined Adaptive Portfolio Overlay,icicibank_ns,2011-05-27,2011-06-10,-3.0677271054827164,-449.3178827811659,0
Candidate F: Combined Adaptive Portfolio Overlay,reliance_ns,2011-06-01,2011-06-15,-4.932427753212402,-489.42358416729127,0
Candidate F: Combined Adaptive Portfolio Overlay,hdfcbank_ns,2011-06-08,2011-06-22,-1.4313235170452066,-150.09408368782226,0
Candidate F: Combined Adaptive Portfolio Overlay,icicibank_ns,2011-06-10,2011-06-24,2.6709097317369723,158.94399542448994,1
Candidate F: Combined Adaptive Portfolio Overlay,infy_ns,2011-06-16,2011-06-30,3.881536816515459,237.74575117345378,1
Candidate F: Combined Adaptive Portfolio Overlay,tcs_ns,2011-06-17,2011-07-01,7.402103033203083,430.7128072273177,1
Candidate F: Combined Adaptive Portfolio Overlay,reliance_ns,2011-06-17,2011-07-01,-0.8323431837695399,-46.01068429705856,0
Candidate F: Combined Adaptive Portfolio Overlay,hdfcbank_ns,2011-06-22,2011-07-06,9.52887979520757,1689.5824708268071,1
Candidate F: Combined Adaptive Portfolio Overlay,icicibank_ns,2011-06-24,2011-07-08,-0.41632378713584023,-107.97788584408066,0
Candidate F: Combined Adaptive Portfolio Overlay,reliance_ns,2011-07-01,2011-07-15,1.2545290492170342,129.78892656353028,1
Candidate F: Combined Adaptive Portfolio Overlay,tcs_ns,2011-07-04,2011-07-18,-5.162556286492662,-441.6907994397034,0
Candidate F: Combined Adaptive Portfolio Overlay,icicibank_ns,2011-07-08,2011-07-22,0.6900502043939353,42.17923690401208,1
Candidate F: Combined Adaptive Portfolio Overlay,hdfcbank_ns,2011-07-11,2011-07-25,0.015334063122975807,0.8904281502915796,1
Candidate F: Combined Adaptive Portfolio Overlay,reliance_ns,2011-07-15,2011-07-29,-5.229495308774031,-812.1871310111585,0
Candidate F: Combined Adaptive Portfolio Overlay,icicibank_ns,2011-07-22,2011-08-05,-9.553229156967413,-1142.0271872131273,0
Candidate F: Combined Adaptive Portfolio Overlay,infy_ns,2011-07-28,2011-08-11,-11.33075093539463,-1284.8728651323993,0
Candidate F: Combined Adaptive Portfolio Overlay,reliance_ns,2011-07-29,2011-08-12,-8.144268633226758,-1704.677608668756,0
Candidate F: Combined Adaptive Portfolio Overlay,infy_ns,2011-08-18,2011-09-02,-1.531784756980476,-62.46853640743151,0
Candidate F: Combined Adaptive Portfolio Overlay,reliance_ns,2011-08-22,2011-09-05,4.155297537967421,164.37563679934877,1
Candidate F: Combined Adaptive Portfolio Overlay,infy_ns,2011-09-05,2011-09-19,4.254490997375469,168.3759633264931,1
Candidate F: Combined Adaptive Portfolio Overlay,reliance_ns,2011-09-05,2011-09-19,4.0932023870068575,162.19243771431366,1
Candidate F: Combined Adaptive Portfolio Overlay,infy_ns,2011-10-31,2011-11-14,-2.437990611248769,-166.2355252468194,0
Candidate F: Combined Adaptive Portfolio Overlay,reliance_ns,2011-11-01,2011-11-15,0.04871609915362487,3.155643413367923,1
Candidate F: Combined Adaptive Portfolio Overlay,reliance_ns,2011-11-17,2011-12-01,-1.4012619920043827,-95.43144269927227,0
Candidate F: Combined Adaptive Portfolio Overlay,reliance_ns,2011-12-01,2011-12-15,-6.16083668543375,-419.28319558979877,0
Candidate F: Combined Adaptive Portfolio Overlay,reliance_ns,2011-12-15,2011-12-29,-5.146427896714654,-399.33274275087194,0
Candidate F: Combined Adaptive Portfolio Overlay,reliance_ns,2011-12-30,2012-01-13,5.553665778575157,375.68828515094543,1
Candidate F: Combined Adaptive Portfolio Overlay,infy_ns,2012-01-09,2012-01-23,-8.374615146401316,-538.190932289042,0
Candidate F: Combined Adaptive Portfolio Overlay,icicibank_ns,2012-01-11,2012-01-25,12.748825966137634,1076.5654185338383,1
Candidate F: Combined Adaptive Portfolio Overlay,reliance_ns,2012-01-16,2012-01-30,11.417709331276962,689.6217017281202,1
Candidate F: Combined Adaptive Portfolio Overlay,icicibank_ns,2012-02-09,2012-02-23,0.3913634997765289,26.788340134042215,1
Candidate F: Combined Adaptive Portfolio Overlay,reliance_ns,2012-02-15,2012-02-29,-1.949479788921962,-126.76747145532755,0
Candidate F: Combined Adaptive Portfolio Overlay,infy_ns,2012-02-16,2012-03-01,-1.8470023438406808,-114.09855455783509,0
Candidate F: Combined Adaptive Portfolio Overlay,icicibank_ns,2012-02-24,2012-03-09,-1.9220857189982021,-226.97753751545991,0
Candidate F: Combined Adaptive Portfolio Overlay,reliance_ns,2012-03-06,2012-03-20,-2.1093665109866704,-263.4060723169585,0
Candidate F: Combined Adaptive Portfolio Overlay,icicibank_ns,2012-03-12,2012-03-26,-6.123709091943919,-429.15960066077537,0
Candidate F: Combined Adaptive Portfolio Overlay,reliance_ns,2012-03-20,2012-04-03,-1.0816286041594034,-69.86502149600393,0
Candidate F: Combined Adaptive Portfolio Overlay,infy_ns,2012-03-26,2012-04-09,-0.3324693102534664,-20.401251083210997,0
Candidate F: Combined Adaptive Portfolio Overlay,reliance_ns,2012-04-03,2012-04-17,-0.8865710566233713,-57.431063128570315,0
Candidate F: Combined Adaptive Portfolio Overlay,icicibank_ns,2012-04-03,2012-04-17,-2.553704884621118,-157.15478875325172,0
Candidate F: Combined Adaptive Portfolio Overlay,infy_ns,2012-04-11,2012-04-25,-16.246788689682838,-999.5164417516289,0
Candidate F: Combined Adaptive Portfolio Overlay,hdfcbank_ns,2012-04-16,2012-04-30,2.3555922605002357,110.13773010449084,1
Candidate F: Combined Adaptive Portfolio Overlay,reliance_ns,2012-04-17,2012-05-02,-0.4316399319190251,-20.482956202303985,0
Candidate F: Combined Adaptive Portfolio Overlay,infy_ns,2012-04-25,2012-05-09,0.6432870547130795,32.17426795330652,1
Candidate F: Combined Adaptive Portfolio Overlay,infy_ns,2012-05-09,2012-05-23,-0.8124310112503301,-55.398869366855585,0
Candidate F: Combined Adaptive Portfolio Overlay,reliance_ns,2012-05-09,2012-05-23,-1.236290704938444,-71.51682756444742,0
Candidate F: Combined Adaptive Portfolio Overlay,reliance_ns,2012-05-24,2012-06-07,3.6803350140664874,398.9955485328415,1
Candidate F: Combined Adaptive Portfolio Overlay,icicibank_ns,2012-06-05,2012-06-19,4.335151656427677,267.94083077806454,1
Candidate F: Combined Adaptive Portfolio Overlay,reliance_ns,2012-06-07,2012-06-21,-0.40337526040912264,-34.529070367800806,0
Candidate F: Combined Adaptive Portfolio Overlay,reliance_ns,2012-06-21,2012-07-05,2.731415121424152,184.48909120770531,1
Candidate F: Combined Adaptive Portfolio Overlay,icicibank_ns,2012-06-29,2012-07-13,2.900162598553943,186.09252766700664,1
Candidate F: Combined Adaptive Portfolio Overlay,reliance_ns,2012-07-06,2012-07-20,-1.7093707268298741,-110.13021326717796,0
Candidate F: Combined Adaptive Portfolio Overlay,icicibank_ns,2012-07-13,2012-07-27,0.18744575976654987,24.938778420411243,1
Candidate F: Combined Adaptive Portfolio Overlay,hdfcbank_ns,2012-07-20,2012-08-03,0.9107340949772443,89.45730256901885,1
Candidate F: Combined Adaptive Portfolio Overlay,reliance_ns,2012-07-26,2012-08-09,9.8021451634887,1075.4542769629727,1
Candidate F: Combined Adaptive Portfolio Overlay,icicibank_ns,2012-07-27,2012-08-10,2.803412816326361,801.0824770268281,1
Candidate F: Combined Adaptive Portfolio Overlay,icicibank_ns,2012-08-10,2012-08-24,-0.09187259931785423,-12.130391025040183,0
Candidate F: Combined Adaptive Portfolio Overlay,hdfcbank_ns,2012-08-10,2012-08-24,-1.021039004519328,-70.84151333216447,0
Candidate F: Combined Adaptive Portfolio Overlay,reliance_ns,2012-08-24,2012-09-07,1.1832396012287951,69.33578973820141,1
Candidate F: Combined Adaptive Portfolio Overlay,icicibank_ns,2012-08-24,2012-09-07,-1.7780697069775395,-202.11221586281934,0
Candidate F: Combined Adaptive Portfolio Overlay,hdfcbank_ns,2012-08-24,2012-09-07,-1.0389340127345768,-155.8770618974603,0
Candidate F: Combined Adaptive Portfolio Overlay,icicibank_ns,2012-09-10,2012-09-24,14.568612872850526,1122.6889020042665,1
Candidate F: Combined Adaptive Portfolio Overlay,hdfcbank_ns,2012-09-10,2012-09-24,7.364031766569935,1189.8467632909174,1
Candidate F: Combined Adaptive Portfolio Overlay,tcs_ns,2012-09-20,2012-10-04,-0.4166831012212202,-37.70242590095894,0
Candidate F: Combined Adaptive Portfolio Overlay,reliance_ns,2012-09-20,2012-10-04,2.3992194259320225,199.7198373832151,1
Candidate F: Combined Adaptive Portfolio Overlay,tcs_ns,2012-10-04,2012-10-18,-0.7936623484153473,-41.56157163414619,0
Candidate F: Combined Adaptive Portfolio Overlay,hdfcbank_ns,2012-10-30,2012-11-15,1.9374812771908172,135.04202864879608,1
Candidate F: Combined Adaptive Portfolio Overlay,hdfcbank_ns,2012-11-15,2012-11-29,8.239853090621978,2600.8873642729036,1
Candidate F: Combined Adaptive Portfolio Overlay,infy_ns,2012-11-16,2012-11-30,3.9380191224294308,425.18746160894045,1
Candidate F: Combined Adaptive Portfolio Overlay,tcs_ns,2012-11-19,2012-12-03,4.2612329590140225,559.194044654107,1
Candidate F: Combined Adaptive Portfolio Overlay,icicibank_ns,2012-11-27,2012-12-11,8.508714973104928,715.1581019386632,1
Candidate F: Combined Adaptive Portfolio Overlay,infy_ns,2012-12-07,2012-12-21,-1.0963630444820522,-73.84820466570339,0
Candidate F: Combined Adaptive Portfolio Overlay,tcs_ns,2012-12-10,2012-12-24,2.292830677656021,293.4344759239305,1
Candidate F: Combined Adaptive Portfolio Overlay,reliance_ns,2012-12-10,2012-12-24,-0.9670811839634927,-111.3895879193724,0
Candidate F: Combined Adaptive Portfolio Overlay,infy_ns,2012-12-21,2013-01-04,2.2432972965905877,133.975498045541,1
Candidate F: Combined Adaptive Portfolio Overlay,tcs_ns,2012-12-24,2013-01-07,2.211546399157019,242.21216851636623,1
Candidate F: Combined Adaptive Portfolio Overlay,icicibank_ns,2012-12-24,2013-01-07,5.355229322119409,340.10744120015886,1
Candidate F: Combined Adaptive Portfolio Overlay,reliance_ns,2012-12-27,2013-01-10,3.904242125899884,235.55829889337954,1
Candidate F: Combined Adaptive Portfolio Overlay,hdfcbank_ns,2012-12-28,2013-01-11,-1.2815887703242606,-183.64282864591544,0
Candidate F: Combined Adaptive Portfolio Overlay,tcs_ns,2013-01-07,2013-01-21,2.6632447823507546,313.2129773500496,1
Candidate F: Combined Adaptive Portfolio Overlay,infy_ns,2013-01-14,2013-01-28,0.09779360030565207,3.9005232298845796,1
Candidate F: Combined Adaptive Portfolio Overlay,hdfcbank_ns,2013-01-14,2013-01-28,0.1068000624851185,10.329889677675702,1
Candidate F: Combined Adaptive Portfolio Overlay,tcs_ns,2013-01-23,2013-02-06,4.414407926163997,231.9576384139284,1
Candidate F: Combined Adaptive Portfolio Overlay,reliance_ns,2013-01-23,2013-02-06,-5.182580519816661,-261.4288466401146,0
Candidate F: Combined Adaptive Portfolio Overlay,icicibank_ns,2013-01-24,2013-02-07,-1.7365740163528363,-247.4960217615657,0
Candidate F: Combined Adaptive Portfolio Overlay,infy_ns,2013-01-28,2013-02-11,-0.7114325595430744,-134.13090434723816,0
Candidate F: Combined Adaptive Portfolio Overlay,hdfcbank_ns,2013-01-28,2013-02-11,-2.047950904005039,-257.7181125251995,0
Candidate F: Combined Adaptive Portfolio Overlay,icicibank_ns,2013-02-21,2013-03-07,3.4263998566244824,247.33479974019917,1
Candidate F: Combined Adaptive Portfolio Overlay,hdfcbank_ns,2013-02-21,2013-03-07,-3.7179605554863397,-637.4051588524636,0
Candidate F: Combined Adaptive Portfolio Overlay,reliance_ns,2013-03-18,2013-04-01,-6.704941635455432,-386.15100735838894,0
Candidate F: Combined Adaptive Portfolio Overlay,infy_ns,2013-03-19,2013-04-02,3.9063558754800747,215.97585853735032,1
Candidate F: Combined Adaptive Portfolio Overlay,icicibank_ns,2013-03-19,2013-04-02,1.3341646019054159,70.81317225855726,1
Candidate F: Combined Adaptive Portfolio Overlay,hdfcbank_ns,2013-03-20,2013-04-03,-0.3456116064179906,-35.22039187291548,0
Candidate F: Combined Adaptive Portfolio Overlay,icicibank_ns,2013-04-04,2013-04-18,11.230041423422364,807.6950174778838,1
Candidate F: Combined Adaptive Portfolio Overlay,infy_ns,2013-04-09,2013-04-23,-18.263459244883716,-2678.505496217612,0
Candidate F: Combined Adaptive Portfolio Overlay,reliance_ns,2013-04-15,2013-04-29,-0.16964439569878942,-12.4166692778987,0
Candidate F: Combined Adaptive Portfolio Overlay,tcs_ns,2013-04-17,2013-05-02,-1.6110218390753546,-110.83958167495626,0
Candidate F: Combined Adaptive Portfolio Overlay,infy_ns,2013-04-23,2013-05-07,3.773926347826763,144.66436865181007,1
Candidate F: Combined Adaptive Portfolio Overlay,reliance_ns,2013-04-29,2013-05-13,1.2550900832693572,49.418741054405466,1
Candidate F: Combined Adaptive Portfolio Overlay,tcs_ns,2013-05-03,2013-05-17,3.846538512774828,154.72389161687073,1
Candidate F: Combined Adaptive Portfolio Overlay,infy_ns,2013-05-07,2013-05-21,2.0266198820562153,81.49208820036614,1
Candidate F: Combined Adaptive Portfolio Overlay,reliance_ns,2013-05-27,2013-06-10,-4.750054157350314,-337.9227792229099,0
Candidate F: Combined Adaptive Portfolio Overlay,icicibank_ns,2013-06-03,2013-06-17,-3.8641836453590135,-261.15615778916583,0
Candidate F: Combined Adaptive Portfolio Overlay,reliance_ns,2013-06-10,2013-06-24,0.3678614606589541,24.86474050914625,1
Candidate F: Combined Adaptive Portfolio Overlay,hdfcbank_ns,2013-06-11,2013-06-25,-4.69499522752646,-301.4799265034663,0
Candidate F: Combined Adaptive Portfolio Overlay,tcs_ns,2013-06-13,2013-06-27,3.1476532507400083,192.01437136111315,1
Candidate F: Combined Adaptive Portfolio Overlay,reliance_ns,2013-06-24,2013-07-08,9.3189267882161,601.9369525749731,1
Candidate F: Combined Adaptive Portfolio Overlay,icicibank_ns,2013-07-01,2013-07-15,-0.6911242521242923,-46.69880912099052,0
Candidate F: Combined Adaptive Portfolio Overlay,reliance_ns,2013-07-15,2013-07-29,-1.2926203830595402,-87.53817608161684,0
Candidate F: Combined Adaptive Portfolio Overlay,icicibank_ns,2013-07-15,2013-07-29,-12.526676082089452,-847.9373606609131,0
Candidate F: Combined Adaptive Portfolio Overlay,infy_ns,2013-07-19,2013-08-02,5.613643799640834,360.9910052887531,1
Candidate F: Combined Adaptive Portfolio Overlay,icicibank_ns,2013-08-06,2013-08-20,-4.197526598568339,-297.14023637924964,0
Candidate F: Combined Adaptive Portfolio Overlay,reliance_ns,2013-08-16,2013-08-30,3.2325029821986986,217.38548733128113,1
Candidate F: Combined Adaptive Portfolio Overlay,tcs_ns,2013-08-20,2013-09-03,15.186558251349128,970.229730740559,1
Candidate F: Combined Adaptive Portfolio Overlay,hdfcbank_ns,2013-08-22,2013-09-05,3.4814400149462,223.10435344460862,1
Candidate F: Combined Adaptive Portfolio Overlay,infy_ns,2013-09-26,2013-10-10,3.775727747424885,215.50692028781611,1
Candidate F: Combined Adaptive Portfolio Overlay,tcs_ns,2013-10-24,2013-11-07,5.585155959154727,399.08121266249424,1
Candidate F: Combined Adaptive Portfolio Overlay,infy_ns,2013-10-24,2013-11-07,1.4256531199825275,96.77506073484152,1
Candidate F: Combined Adaptive Portfolio Overlay,infy_ns,2013-11-07,2013-11-21,-0.4444297895763241,-63.73286271388341,0
Candidate F: Combined Adaptive Portfolio Overlay,icicibank_ns,2013-11-13,2013-11-27,2.682893232623117,346.263061282192,1
Candidate F: Combined Adaptive Portfolio Overlay,tcs_ns,2013-11-14,2013-11-28,-2.1020766262034876,-244.17085663695107,0
Candidate F: Combined Adaptive Portfolio Overlay,tcs_ns,2013-11-28,2013-12-12,2.18107423906111,156.4288570842394,1
Candidate F: Combined Adaptive Portfolio Overlay,reliance_ns,2013-12-12,2013-12-26,1.9427944361323994,139.49114244441256,1
Candidate F: Combined Adaptive Portfolio Overlay,icicibank_ns,2013-12-19,2014-01-02,1.0871822740013852,74.15590650974102,1
Candidate F: Combined Adaptive Portfolio Overlay,icicibank_ns,2014-01-02,2014-01-16,-1.601844546285721,-115.1823179366636,0
Candidate F: Combined Adaptive Portfolio Overlay,icicibank_ns,2014-01-27,2014-02-10,-4.924772194431539,-353.83730430096824,0
Candidate F: Combined Adaptive Portfolio Overlay,tcs_ns,2014-02-04,2014-02-18,0.6306227126180076,43.043807969477605,1
Candidate F: Combined Adaptive Portfolio Overlay,infy_ns,2014-02-07,2014-02-21,5.110668569702385,331.392289720792,1
Candidate F: Combined Adaptive Portfolio Overlay,icicibank_ns,2014-02-18,2014-03-04,2.9644921816971905,202.9221659199108,1
Candidate F: Combined Adaptive Portfolio Overlay,icicibank_ns,2014-03-04,2014-03-18,12.608524416385045,907.312213005007,1
Candidate F: Combined Adaptive Portfolio Overlay,tcs_ns,2014-03-10,2014-03-24,0.4141551661783436,28.312562719170387,1
Candidate F: Combined Adaptive Portfolio Overlay,tcs_ns,2014-03-26,2014-04-09,2.189142698475191,134.55997775870532,1
Candidate F: Combined Adaptive Portfolio Overlay,reliance_ns,2014-03-25,2014-04-09,9.36755333355096,542.7787781411807,1
Candidate F: Combined Adaptive Portfolio Overlay,infy_ns,2014-04-16,2014-04-30,0.693934679528415,50.495339087977236,1
Candidate F: Combined Adaptive Portfolio Overlay,infy_ns,2014-05-07,2014-05-21,2.8745153681199715,418.4831647435995,1
Candidate F: Combined Adaptive Portfolio Overlay,reliance_ns,2014-05-13,2014-05-27,2.2574816263915563,295.78768625010656,1
Candidate F: Combined Adaptive Portfolio Overlay,tcs_ns,2014-05-19,2014-06-02,4.521295411362039,784.4192160865971,1
Candidate F: Combined Adaptive Portfolio Overlay,tcs_ns,2014-06-06,2014-06-20,9.931807719447194,584.3184108268382,1
Candidate F: Combined Adaptive Portfolio Overlay,reliance_ns,2014-06-24,2014-07-08,-6.161017618813018,-909.778439514283,0
Candidate F: Combined Adaptive Portfolio Overlay,reliance_ns,2014-07-11,2014-07-25,5.673988435194246,416.3491360635091,1
Candidate F: Combined Adaptive Portfolio Overlay,icicibank_ns,2014-07-11,2014-07-25,8.7212247116442,607.9534166842652,1
Candidate F: Combined Adaptive Portfolio Overlay,infy_ns,2014-08-05,2014-08-19,0.9401124054571858,69.4655801565477,1
Candidate F: Combined Adaptive Portfolio Overlay,infy_ns,2014-08-19,2014-09-02,1.8079676218805543,267.309641063515,1
Candidate F: Combined Adaptive Portfolio Overlay,infy_ns,2014-09-04,2014-09-18,-0.36665992585102797,-67.88626495812252,0
Candidate F: Combined Adaptive Portfolio Overlay,reliance_ns,2014-09-08,2014-09-22,-4.4951072740254245,-582.5813385468256,0
Candidate F: Combined Adaptive Portfolio Overlay,infy_ns,2014-09-25,2014-10-09,-1.2469073745946642,-109.29209425193771,0
Candidate F: Combined Adaptive Portfolio Overlay,reliance_ns,2014-09-25,2014-10-09,2.6157662487302176,181.40690680735963,1
Candidate F: Combined Adaptive Portfolio Overlay,tcs_ns,2014-10-17,2014-10-31,6.7753426409773025,392.9124611260886,1
Candidate F: Combined Adaptive Portfolio Overlay,reliance_ns,2014-10-17,2014-10-31,6.626471111361641,281.7722056375169,1
Candidate F: Combined Adaptive Portfolio Overlay,hdfcbank_ns,2014-10-20,2014-11-03,1.8398606659824739,151.77579182977001,1
Candidate F: Combined Adaptive Portfolio Overlay,tcs_ns,2014-11-07,2014-11-21,1.865197268198551,221.38596061285952,1
Candidate F: Combined Adaptive Portfolio Overlay,reliance_ns,2014-11-10,2014-11-24,1.599766453046795,174.69067314341967,1
Candidate F: Combined Adaptive Portfolio Overlay,icicibank_ns,2014-11-19,2014-12-03,6.55434405647803,823.0765115857577,1
Candidate F: Combined Adaptive Portfolio Overlay,infy_ns,2014-11-28,2014-12-12,-11.112508182631977,-1513.575502670554,0
Candidate F: Combined Adaptive Portfolio Overlay,tcs_ns,2014-12-15,2014-12-29,6.910247675454895,2211.768023473283,1
Candidate F: Combined Adaptive Portfolio Overlay,reliance_ns,2014-12-16,2014-12-30,1.747623091647772,202.83756379519454,1
Candidate F: Combined Adaptive Portfolio Overlay,hdfcbank_ns,2014-12-19,2015-01-02,2.482056964156944,259.2715507107551,1
Candidate F: Combined Adaptive Portfolio Overlay,infy_ns,2014-12-22,2015-01-05,-0.23494205048214295,-22.08749096889633,0
Candidate F: Combined Adaptive Portfolio Overlay,tcs_ns,2014-12-30,2015-01-13,-1.3200962744202138,-78.4335839382564,0
Candidate F: Combined Adaptive Portfolio Overlay,reliance_ns,2015-01-06,2015-01-20,7.953414973171944,575.7563803935703,1
Candidate F: Combined Adaptive Portfolio Overlay,infy_ns,2015-01-08,2015-01-22,11.244357876552392,773.2917585787949,1
Candidate F: Combined Adaptive Portfolio Overlay,tcs_ns,2015-01-13,2015-01-27,0.11606235531058415,10.540935257369648,1
Candidate F: Combined Adaptive Portfolio Overlay,tcs_ns,2015-01-27,2015-02-10,-2.482792918736462,-248.2584136935134,0
Candidate F: Combined Adaptive Portfolio Overlay,infy_ns,2015-01-28,2015-02-11,6.488896067281742,368.5840434309939,1
Candidate F: Combined Adaptive Portfolio Overlay,reliance_ns,2015-02-02,2015-02-16,-0.6278711270334427,-34.237926652199654,0
Candidate F: Combined Adaptive Portfolio Overlay,icicibank_ns,2015-02-04,2015-02-18,-0.7025053789833453,-46.52648644631567,0
Candidate F: Combined Adaptive Portfolio Overlay,tcs_ns,2015-02-10,2015-02-24,10.742794713444912,712.1857212477277,1
Candidate F: Combined Adaptive Portfolio Overlay,icicibank_ns,2015-02-23,2015-03-09,1.1044321165282451,80.30048429005814,1
Candidate F: Combined Adaptive Portfolio Overlay,infy_ns,2015-03-04,2015-03-18,-2.03392409073941,-147.95357622877887,0
Candidate F: Combined Adaptive Portfolio Overlay,icicibank_ns,2015-03-10,2015-03-24,-6.565550591450157,-477.84929452812145,0
Candidate F: Combined Adaptive Portfolio Overlay,tcs_ns,2015-03-12,2015-03-26,-4.093335339989854,-283.0223464696041,0
Candidate F: Combined Adaptive Portfolio Overlay,reliance_ns,2015-03-16,2015-03-30,-3.770979086197103,-247.6972194495688,0
Candidate F: Combined Adaptive Portfolio Overlay,infy_ns,2015-03-18,2015-04-01,-2.5403464365871695,-167.5715002576153,0
Candidate F: Combined Adaptive Portfolio Overlay,hdfcbank_ns,2015-03-23,2015-04-06,-1.557243980311232,-97.58599101882469,0
Candidate F: Combined Adaptive Portfolio Overlay,icicibank_ns,2015-03-24,2015-04-07,1.7125040939200968,107.7724746910594,1
Candidate F: Combined Adaptive Portfolio Overlay,tcs_ns,2015-03-26,2015-04-09,5.973406164261527,637.5253692961977,1
Candidate F: Combined Adaptive Portfolio Overlay,infy_ns,2015-04-07,2015-04-21,-0.8321927479776857,-55.94382975282134,0
Candidate F: Combined Adaptive Portfolio Overlay,reliance_ns,2015-04-07,2015-04-21,5.182413702007679,330.96643419500344,1
Candidate F: Combined Adaptive Portfolio Overlay,hdfcbank_ns,2015-04-07,2015-04-21,-2.929218106995885,-187.09129118880193,0
Candidate F: Combined Adaptive Portfolio Overlay,tcs_ns,2015-04-17,2015-05-04,0.22058613378769584,14.631989466167674,1
Candidate F: Combined Adaptive Portfolio Overlay,infy_ns,2015-04-21,2015-05-05,-8.439814450398755,-559.9729116736486,0
Candidate F: Combined Adaptive Portfolio Overlay,hdfcbank_ns,2015-04-21,2015-05-05,-1.5796411364052372,-112.90065231984734,0
Candidate F: Combined Adaptive Portfolio Overlay,reliance_ns,2015-04-23,2015-05-07,-0.7679602573610672,-50.621281213163456,0
Candidate F: Combined Adaptive Portfolio Overlay,tcs_ns,2015-05-04,2015-05-18,1.5147650792779406,249.7266045611398,1
Candidate F: Combined Adaptive Portfolio Overlay,hdfcbank_ns,2015-05-07,2015-05-21,7.661895757238549,517.3825890138363,1
Candidate F: Combined Adaptive Portfolio Overlay,infy_ns,2015-05-21,2015-06-04,-1.0453722511459753,-75.80863438476753,0
Candidate F: Combined Adaptive Portfolio Overlay,hdfcbank_ns,2015-06-03,2015-06-17,-0.1344861626431091,-9.753935216665125,0
Candidate F: Combined Adaptive Portfolio Overlay,infy_ns,2015-06-12,2015-06-26,1.743991307577871,126.4203013383205,1
Candidate F: Combined Adaptive Portfolio Overlay,hdfcbank_ns,2015-06-17,2015-07-01,6.679982838228893,484.20595224188446,1
Candidate F: Combined Adaptive Portfolio Overlay,infy_ns,2015-06-30,2015-07-14,-1.3801595898705261,-100.12984030101232,0
Candidate F: Combined Adaptive Portfolio Overlay,tcs_ns,2015-07-15,2015-07-29,-1.5811990572522832,-169.66480500546228,0
Candidate F: Combined Adaptive Portfolio Overlay,reliance_ns,2015-07-15,2015-07-29,-1.5475483544797841,-187.654528030584,0
Candidate F: Combined Adaptive Portfolio Overlay,infy_ns,2015-07-23,2015-08-06,-1.0558764848552764,-146.0709795632016,0
Candidate F: Combined Adaptive Portfolio Overlay,hdfcbank_ns,2015-08-05,2015-08-19,-0.997152633274254,-69.0728630751535,0
Candidate F: Combined Adaptive Portfolio Overlay,infy_ns,2015-08-06,2015-08-20,4.327045838782951,337.97958479849905,1
Candidate F: Combined Adaptive Portfolio Overlay,reliance_ns,2015-08-20,2015-09-03,-6.862041005888947,-523.2207929913667,0
Candidate F: Combined Adaptive Portfolio Overlay,infy_ns,2015-08-21,2015-09-04,-6.651625932154214,-481.8180978984362,0
Candidate F: Combined Adaptive Portfolio Overlay,hdfcbank_ns,2015-08-21,2015-09-04,-6.195051635176217,-636.3083872728528,0
Candidate F: Combined Adaptive Portfolio Overlay,tcs_ns,2015-08-24,2015-09-07,-1.5577832922274346,-154.14032873925387,0
Candidate F: Combined Adaptive Portfolio Overlay,hdfcbank_ns,2015-09-04,2015-09-18,5.338601260851963,451.5205385540113,1
Candidate F: Combined Adaptive Portfolio Overlay,tcs_ns,2015-09-07,2015-09-21,0.3947051404158259,36.03055683264828,1
Candidate F: Combined Adaptive Portfolio Overlay,reliance_ns,2015-09-09,2015-09-23,-2.760158732001379,-110.22598609940722,0
Candidate F: Combined Adaptive Portfolio Overlay,infy_ns,2015-09-11,2015-09-28,1.3061905848004527,67.46320263729905,1
Candidate F: Combined Adaptive Portfolio Overlay,infy_ns,2015-09-28,2015-10-12,1.5185676660704943,114.76304420327875,1
Candidate F: Combined Adaptive Portfolio Overlay,reliance_ns,2015-10-09,2015-10-23,7.6432257316359244,548.742001090335,1
Candidate F: Combined Adaptive Portfolio Overlay,tcs_ns,2015-10-14,2015-10-28,1.7770099973115732,149.38296736738045,1
Candidate F: Combined Adaptive Portfolio Overlay,infy_ns,2015-10-15,2015-10-29,4.29466890839537,291.3402882283605,1
Candidate F: Combined Adaptive Portfolio Overlay,tcs_ns,2015-10-28,2015-11-13,-5.2547898514112195,-921.0737529464733,0
Candidate F: Combined Adaptive Portfolio Overlay,infy_ns,2015-10-29,2015-11-13,-3.9125276725033977,-442.2452785016914,0
Candidate F: Combined Adaptive Portfolio Overlay,reliance_ns,2015-11-10,2015-11-24,4.818871538977004,297.37034391250023,1
Candidate F: Combined Adaptive Portfolio Overlay,tcs_ns,2015-11-13,2015-11-27,-1.8864804195626164,-315.6443036543066,0
Candidate F: Combined Adaptive Portfolio Overlay,hdfcbank_ns,2015-11-23,2015-12-07,-0.4344141850494475,-27.799135642657998,0
Candidate F: Combined Adaptive Portfolio Overlay,infy_ns,2015-12-08,2015-12-22,3.7158272384865105,280.25005129202816,1
Candidate F: Combined Adaptive Portfolio Overlay,reliance_ns,2015-12-09,2015-12-23,9.542322492653915,683.7036241344593,1
Candidate F: Combined Adaptive Portfolio Overlay,infy_ns,2015-12-22,2016-01-05,-0.9445883456783448,-68.81066674803404,0
Candidate F: Combined Adaptive Portfolio Overlay,infy_ns,2016-01-05,2016-01-19,6.054666693110213,459.3567052935976,1
Candidate F: Combined Adaptive Portfolio Overlay,hdfcbank_ns,2016-01-18,2016-02-01,3.252926861454803,234.45404170180228,1
Candidate F: Combined Adaptive Portfolio Overlay,infy_ns,2016-01-19,2016-02-02,3.0985169686460377,224.62433968275027,1
Candidate F: Combined Adaptive Portfolio Overlay,hdfcbank_ns,2016-02-02,2016-02-16,-7.670977214044688,-468.4047468782123,0
Candidate F: Combined Adaptive Portfolio Overlay,infy_ns,2016-02-03,2016-02-17,-5.2171463350751655,-305.82631113438083,0
Candidate F: Combined Adaptive Portfolio Overlay,tcs_ns,2016-02-09,2016-02-23,-0.812303986018042,-45.71214970485765,0
Candidate F: Combined Adaptive Portfolio Overlay,reliance_ns,2016-02-11,2016-02-25,2.0634823952138004,83.60770943712272,1
Candidate F: Combined Adaptive Portfolio Overlay,hdfcbank_ns,2016-02-16,2016-03-01,1.0486349650025188,42.9872968263149,1
Candidate F: Combined Adaptive Portfolio Overlay,tcs_ns,2016-02-23,2016-03-08,3.9365237987504833,278.4541831135953,1
Candidate F: Combined Adaptive Portfolio Overlay,infy_ns,2016-02-22,2016-03-08,3.2146807790700205,193.10249136214608,1
Candidate F: Combined Adaptive Portfolio Overlay,reliance_ns,2016-02-25,2016-03-10,7.111972587044875,383.3030484183025,1
Candidate F: Combined Adaptive Portfolio Overlay,hdfcbank_ns,2016-03-01,2016-03-15,4.271358607876278,194.54845065578277,1
Candidate F: Combined Adaptive Portfolio Overlay,infy_ns,2016-03-11,2016-03-28,5.362867401737136,318.04300594616717,1
Candidate F: Combined Adaptive Portfolio Overlay,hdfcbank_ns,2016-03-15,2016-03-29,2.5882145607882125,190.33787239813608,1
Candidate F: Combined Adaptive Portfolio Overlay,infy_ns,2016-03-28,2016-04-11,-1.7920117499132013,-130.79439458350888,0
Candidate F: Combined Adaptive Portfolio Overlay,infy_ns,2016-04-12,2016-04-26,4.173067185553284,320.050248215751,1
Candidate F: Combined Adaptive Portfolio Overlay,reliance_ns,2016-04-18,2016-05-02,-7.3532245660142905,-1026.2616010671607,0
Candidate F: Combined Adaptive Portfolio Overlay,tcs_ns,2016-04-20,2016-05-04,1.0778419936404975,142.01910252194472,1
Candidate F: Combined Adaptive Portfolio Overlay,infy_ns,2016-04-26,2016-05-10,-1.6196384543222835,-205.00683971561816,0
Candidate F: Combined Adaptive Portfolio Overlay,infy_ns,2016-05-10,2016-05-24,-2.1144395444989956,-161.35213759356614,0
Candidate F: Combined Adaptive Portfolio Overlay,icicibank_ns,2016-05-13,2016-05-27,7.297319999810294,529.0131252747766,1
Candidate F: Combined Adaptive Portfolio Overlay,reliance_ns,2016-05-23,2016-06-06,2.615336298684226,190.38015312978064,1
Candidate F: Combined Adaptive Portfolio Overlay,infy_ns,2016-05-24,2016-06-07,5.811098665700314,437.101399267237,1
Candidate F: Combined Adaptive Portfolio Overlay,hdfcbank_ns,2016-05-26,2016-06-09,-2.0646250241406743,-134.6211022944238,0
Candidate F: Combined Adaptive Portfolio Overlay,icicibank_ns,2016-05-27,2016-06-10,3.8345478062753195,252.43859386057596,1
Candidate F: Combined Adaptive Portfolio Overlay,reliance_ns,2016-06-08,2016-06-22,2.7156200285373937,192.70560426233646,1
Candidate F: Combined Adaptive Portfolio Overlay,infy_ns,2016-06-10,2016-06-24,1.1310179988057665,79.0583600027019,1
Candidate F: Combined Adaptive Portfolio Overlay,icicibank_ns,2016-06-10,2016-06-24,-8.61657985285707,-601.6356560932236,0
Candidate F: Combined Adaptive Portfolio Overlay,hdfcbank_ns,2016-06-14,2016-06-28,1.260277025483907,84.77697861822664,1
Candidate F: Combined Adaptive Portfolio Overlay,tcs_ns,2016-06-27,2016-07-11,-1.3194810976267048,-96.76779591461518,0
Candidate F: Combined Adaptive Portfolio Overlay,infy_ns,2016-06-27,2016-07-11,0.7085039425300231,49.36209149704687,1
Candidate F: Combined Adaptive Portfolio Overlay,icicibank_ns,2016-06-27,2016-07-11,7.31632055772703,484.2477507287769,1
Candidate F: Combined Adaptive Portfolio Overlay,hdfcbank_ns,2016-06-30,2016-07-14,1.9805219425663025,262.55296898580207,1
Candidate F: Combined Adaptive Portfolio Overlay,tcs_ns,2016-07-11,2016-07-25,3.795246943523524,480.2802127281342,1
Candidate F: Combined Adaptive Portfolio Overlay,infy_ns,2016-07-11,2016-07-25,-8.06267769823634,-974.8542038377261,0
Candidate F: Combined Adaptive Portfolio Overlay,hdfcbank_ns,2016-07-14,2016-07-28,3.9551590432762582,641.5005893482777,1
Candidate F: Combined Adaptive Portfolio Overlay,reliance_ns,2016-07-15,2016-07-29,0.21661791702378155,29.32188476615535,1
Candidate F: Combined Adaptive Portfolio Overlay,icicibank_ns,2016-07-15,2016-07-29,-1.121901417693358,-89.46963290112869,0
Candidate F: Combined Adaptive Portfolio Overlay,icicibank_ns,2016-08-02,2016-08-16,1.274245199708126,98.29102854244464,1
Candidate F: Combined Adaptive Portfolio Overlay,reliance_ns,2016-08-08,2016-08-22,-1.7397097370352246,-127.48564129163127,0
Candidate F: Combined Adaptive Portfolio Overlay,hdfcbank_ns,2016-08-09,2016-08-23,0.29059294149335685,20.229872476327003,1
Candidate F: Combined Adaptive Portfolio Overlay,tcs_ns,2016-08-17,2016-08-31,-4.362867839976663,-305.57975452411455,0
Candidate F: Combined Adaptive Portfolio Overlay,infy_ns,2016-08-19,2016-09-02,0.9824794795953548,65.37318038294453,1
Candidate F: Combined Adaptive Portfolio Overlay,hdfcbank_ns,2016-08-23,2016-09-06,3.8595129741106944,345.3714046562662,1
Candidate F: Combined Adaptive Portfolio Overlay,reliance_ns,2016-08-29,2016-09-12,-1.0849942140841269,-120.55359180449668,0
Candidate F: Combined Adaptive Portfolio Overlay,tcs_ns,2016-08-31,2016-09-14,-7.327452676063322,-932.3841262761606,0
Candidate F: Combined Adaptive Portfolio Overlay,icicibank_ns,2016-09-02,2016-09-16,2.264188658510633,274.51038475692377,1
Candidate F: Combined Adaptive Portfolio Overlay,tcs_ns,2016-09-14,2016-09-28,4.010761433151476,438.9311537082166,1
Candidate F: Combined Adaptive Portfolio Overlay,icicibank_ns,2016-09-16,2016-09-30,-5.7325923280726725,-408.86932900462597,0
Candidate F: Combined Adaptive Portfolio Overlay,icicibank_ns,2016-09-30,2016-10-14,-4.172466330480704,-320.4895797125653,0
Candidate F: Combined Adaptive Portfolio Overlay,hdfcbank_ns,2016-09-30,2016-10-14,-0.9176907731682572,-66.9639468742374,0
Candidate F: Combined Adaptive Portfolio Overlay,tcs_ns,2016-10-06,2016-10-20,0.4688363115678963,32.50046120061652,1
Candidate F: Combined Adaptive Portfolio Overlay,infy_ns,2016-10-07,2016-10-21,2.4918188054831156,164.099911819864,1
Candidate F: Combined Adaptive Portfolio Overlay,icicibank_ns,2016-10-14,2016-10-28,14.461877904120838,957.9979755903553,1
Candidate F: Combined Adaptive Portfolio Overlay,hdfcbank_ns,2016-10-14,2016-10-28,-0.2678336419112314,-17.823219372972297,0
Candidate F: Combined Adaptive Portfolio Overlay,reliance_ns,2016-10-19,2016-11-02,-5.896157233297852,-372.7465971894709,0
Candidate F: Combined Adaptive Portfolio Overlay,infy_ns,2016-10-25,2016-11-08,-3.4497971085105097,-230.842442190829,0
Candidate F: Combined Adaptive Portfolio Overlay,hdfcbank_ns,2016-10-28,2016-11-11,1.2797028990692194,209.026542518217,1
Candidate F: Combined Adaptive Portfolio Overlay,tcs_ns,2016-11-08,2016-11-22,-6.537642535217382,-537.0971358269717,0
Candidate F: Combined Adaptive Portfolio Overlay,infy_ns,2016-11-08,2016-11-22,-7.007639435768291,-452.7546729872181,0
Candidate F: Combined Adaptive Portfolio Overlay,icicibank_ns,2016-11-16,2016-11-30,-0.2940563674800652,-20.48096724385317,0
Candidate F: Combined Adaptive Portfolio Overlay,hdfcbank_ns,2016-11-18,2016-12-02,-1.8899288719258338,-125.05150991386702,0
Candidate F: Combined Adaptive Portfolio Overlay,tcs_ns,2016-11-22,2016-12-06,2.1666942673265517,144.51444299779402,1
Candidate F: Combined Adaptive Portfolio Overlay,infy_ns,2016-11-22,2016-12-06,5.667986994210874,376.16886242777525,1
Candidate F: Combined Adaptive Portfolio Overlay,reliance_ns,2016-11-30,2016-12-14,6.961292040277865,351.12151738792164,1
Candidate F: Combined Adaptive Portfolio Overlay,hdfcbank_ns,2016-12-05,2016-12-19,-1.6874953816127116,-90.78056342368451,0
Candidate F: Combined Adaptive Portfolio Overlay,infy_ns,2016-12-06,2016-12-20,4.670869053477027,333.8216663786467,1
Candidate F: Combined Adaptive Portfolio Overlay,tcs_ns,2016-12-14,2016-12-28,4.740129557315427,321.8330535665531,1
Candidate F: Combined Adaptive Portfolio Overlay,hdfcbank_ns,2016-12-19,2017-01-02,1.6784725386143642,248.9494582373042,1
Candidate F: Combined Adaptive Portfolio Overlay,infy_ns,2016-12-21,2017-01-04,-0.42922099199879094,-56.800506758819225,0
Candidate F: Combined Adaptive Portfolio Overlay,reliance_ns,2016-12-21,2017-01-04,0.31661860646251844,37.70945006984555,1
Candidate F: Combined Adaptive Portfolio Overlay,hdfcbank_ns,2017-01-03,2017-01-17,4.032332515461915,260.85708219587474,1
Candidate F: Combined Adaptive Portfolio Overlay,infy_ns,2017-01-04,2017-01-18,-4.753236001095237,-323.4343752339664,0
Candidate F: Combined Adaptive Portfolio Overlay,reliance_ns,2017-01-10,2017-01-24,-5.786453823707452,-952.6903934926621,0
Candidate F: Combined Adaptive Portfolio Overlay,tcs_ns,2017-01-13,2017-01-27,4.771310969894823,595.3130709769828,1
Candidate F: Combined Adaptive Portfolio Overlay,infy_ns,2017-01-19,2017-02-02,-2.3659223214382403,-296.93135908260007,0
Candidate F: Combined Adaptive Portfolio Overlay,tcs_ns,2017-01-31,2017-02-14,7.859306768962368,556.190505751886,1
Candidate F: Combined Adaptive Portfolio Overlay,icicibank_ns,2017-02-01,2017-02-15,-0.13892620175684703,-9.340004768150095,0
Candidate F: Combined Adaptive Portfolio Overlay,infy_ns,2017-02-06,2017-02-20,7.965236567762631,557.5281660607602,1
Candidate F: Combined Adaptive Portfolio Overlay,reliance_ns,2017-02-13,2017-02-27,20.238927576064526,1926.7742548229558,1
Candidate F: Combined Adaptive Portfolio Overlay,infy_ns,2017-02-20,2017-03-06,2.2898366148829963,332.8837036886666,1
Candidate F: Combined Adaptive Portfolio Overlay,icicibank_ns,2017-02-21,2017-03-07,-3.1383427297221704,-410.6113205072178,0
Candidate F: Combined Adaptive Portfolio Overlay,hdfcbank_ns,2017-03-02,2017-03-16,2.647730284662384,273.6698396762607,1
Candidate F: Combined Adaptive Portfolio Overlay,infy_ns,2017-03-08,2017-03-22,1.9236072274395362,120.78502862784762,1
Candidate F: Combined Adaptive Portfolio Overlay,tcs_ns,2017-03-24,2017-04-07,0.02618542537169536,6.133533364138033,1
Candidate F: Combined Adaptive Portfolio Overlay,infy_ns,2017-04-03,2017-04-17,-8.362650120137252,-1118.2085296011148,0
Candidate F: Combined Adaptive Portfolio Overlay,reliance_ns,2017-04-06,2017-04-20,-4.840788759045287,-582.555778651363,0
Candidate F: Combined Adaptive Portfolio Overlay,tcs_ns,2017-04-07,2017-04-21,-4.915724156528606,-849.2573967505591,0
Candidate F: Combined Adaptive Portfolio Overlay,icicibank_ns,2017-04-12,2017-04-26,-1.4381950252944595,-164.61880801044444,0
Candidate F: Combined Adaptive Portfolio Overlay,infy_ns,2017-04-18,2017-05-02,-0.05542175281929956,-3.1942087143088727,0
Candidate F: Combined Adaptive Portfolio Overlay,tcs_ns,2017-04-21,2017-05-05,0.3695560408268875,25.385640115198825,1
Candidate F: Combined Adaptive Portfolio Overlay,infy_ns,2017-05-02,2017-05-16,3.460061268025582,335.39818441275514,1
Candidate F: Combined Adaptive Portfolio Overlay,infy_ns,2017-05-16,2017-05-30,4.261980335175679,824.6247848717336,1
Candidate F: Combined Adaptive Portfolio Overlay,infy_ns,2017-05-30,2017-06-13,-3.9027227395655895,-607.309647214688,0
Candidate F: Combined Adaptive Portfolio Overlay,tcs_ns,2017-06-13,2017-06-27,-4.481710510997855,-627.6662704176326,0
Candidate F: Combined Adaptive Portfolio Overlay,infy_ns,2017-06-13,2017-06-27,-3.258877155116792,-459.4997679269361,0
Candidate F: Combined Adaptive Portfolio Overlay,hdfcbank_ns,2017-06-23,2017-07-07,-0.7317590348864463,-92.8598353462757,0
Candidate F: Combined Adaptive Portfolio Overlay,tcs_ns,2017-06-27,2017-07-11,5.621872747181888,1039.8184521771066,1
Candidate F: Combined Adaptive Portfolio Overlay,infy_ns,2017-06-29,2017-07-13,4.9840303143021805,611.6971008177003,1
Candidate F: Combined Adaptive Portfolio Overlay,reliance_ns,2017-07-07,2017-07-21,6.240657252123549,689.3322345231095,1
Candidate F: Combined Adaptive Portfolio Overlay,hdfcbank_ns,2017-07-07,2017-07-21,2.099242661759643,244.86493573001152,1
Candidate F: Combined Adaptive Portfolio Overlay,tcs_ns,2017-07-11,2017-07-25,3.8134824828266827,457.1635440782597,1
Candidate F: Combined Adaptive Portfolio Overlay,reliance_ns,2017-07-21,2017-08-04,2.292672904262293,217.13389300917265,1
Candidate F: Combined Adaptive Portfolio Overlay,hdfcbank_ns,2017-07-21,2017-08-04,5.067662352686679,341.94381220579373,1
Candidate F: Combined Adaptive Portfolio Overlay,icicibank_ns,2017-08-03,2017-08-17,-0.9119354738501416,-64.13139916449788,0
Candidate F: Combined Adaptive Portfolio Overlay,infy_ns,2017-08-04,2017-08-18,-6.196861499364676,-828.0031631399467,0
Candidate F: Combined Adaptive Portfolio Overlay,reliance_ns,2017-08-07,2017-08-21,-3.26242786392812,-1117.644980428323,0
Candidate F: Combined Adaptive Portfolio Overlay,reliance_ns,2017-08-23,2017-09-06,3.952295949195148,309.9715986847366,1
Candidate F: Combined Adaptive Portfolio Overlay,icicibank_ns,2017-09-04,2017-09-18,-1.4293187533749352,-105.46499930656077,0
Candidate F: Combined Adaptive Portfolio Overlay,hdfcbank_ns,2017-09-04,2017-09-18,6.203649566946353,434.86066417634936,1
Candidate F: Combined Adaptive Portfolio Overlay,reliance_ns,2017-09-06,2017-09-20,2.920440371240881,434.6247877016551,1
Candidate F: Combined Adaptive Portfolio Overlay,icicibank_ns,2017-09-18,2017-10-03,-5.0304457680764045,-840.8969088703917,0
Candidate F: Combined Adaptive Portfolio Overlay,reliance_ns,2017-09-20,2017-10-04,-3.388941603472599,-566.5715380764218,0
Candidate F: Combined Adaptive Portfolio Overlay,reliance_ns,2017-10-04,2017-10-18,11.62517649986879,901.4344740737674,1
Candidate F: Combined Adaptive Portfolio Overlay,icicibank_ns,2017-10-09,2017-10-23,-3.4337763388878515,-252.9473982402667,0
Candidate F: Combined Adaptive Portfolio Overlay,reliance_ns,2017-10-18,2017-11-01,4.108661244951587,305.3107782786463,1
Candidate F: Combined Adaptive Portfolio Overlay,reliance_ns,2017-11-07,2017-11-21,2.799572380503422,131.05101577602932,1
Candidate F: Combined Adaptive Portfolio Overlay,infy_ns,2017-11-14,2017-11-28,3.69905041808858,223.9491471535764,1
Candidate F: Combined Adaptive Portfolio Overlay,reliance_ns,2017-11-21,2017-12-05,-2.070328347243024,-244.31665475311658,0
Candidate F: Combined Adaptive Portfolio Overlay,icicibank_ns,2017-11-24,2017-12-08,-2.0824044618005946,-144.01169659417025,0
Candidate F: Combined Adaptive Portfolio Overlay,infy_ns,2017-11-29,2017-12-13,2.0909852994526834,143.93865474977454,1
Candidate F: Combined Adaptive Portfolio Overlay,reliance_ns,2017-12-05,2017-12-19,1.2900379182174602,188.43775266467878,1
Candidate F: Combined Adaptive Portfolio Overlay,tcs_ns,2017-12-07,2017-12-21,-0.872973495222502,-55.757281022328954,0
Candidate F: Combined Adaptive Portfolio Overlay,infy_ns,2017-12-13,2017-12-27,2.9870859277708592,211.87621641784295,1
Candidate F: Combined Adaptive Portfolio Overlay,reliance_ns,2017-12-19,2018-01-02,-1.6475640948280554,-136.56214614808286,0
Candidate F: Combined Adaptive Portfolio Overlay,tcs_ns,2018-01-01,2018-01-15,3.7468606853692257,277.6487107052815,1
Candidate F: Combined Adaptive Portfolio Overlay,infy_ns,2018-01-03,2018-01-17,12.750801856620988,949.5865148010339,1
Candidate F: Combined Adaptive Portfolio Overlay,reliance_ns,2018-01-03,2018-01-17,1.0098098232681545,157.81399117082753,1
Candidate F: Combined Adaptive Portfolio Overlay,reliance_ns,2018-01-18,2018-02-01,2.5745410106725464,303.251418563785,1
Candidate F: Combined Adaptive Portfolio Overlay,infy_ns,2018-01-30,2018-02-14,-6.274197914173826,-457.8964371405723,0
Candidate F: Combined Adaptive Portfolio Overlay,reliance_ns,2018-02-01,2018-02-15,-0.918344181837882,-55.37459760209407,0
Candidate F: Combined Adaptive Portfolio Overlay,icicibank_ns,2018-02-05,2018-02-19,-3.0663896975177742,-133.12663295915,0
Candidate F: Combined Adaptive Portfolio Overlay,tcs_ns,2018-02-14,2018-02-28,4.180660517008304,176.05738137796112,1
Candidate F: Combined Adaptive Portfolio Overlay,infy_ns,2018-02-14,2018-02-28,6.765080901675658,290.22889398407364,1
Candidate F: Combined Adaptive Portfolio Overlay,reliance_ns,2018-02-16,2018-03-05,0.25376498717382817,12.655000192436008,1
Candidate F: Combined Adaptive Portfolio Overlay,hdfcbank_ns,2018-02-22,2018-03-08,-0.06887549143973018,-5.9550554512998835,0
Candidate F: Combined Adaptive Portfolio Overlay,icicibank_ns,2018-02-23,2018-03-09,-9.355952842470106,-632.7576004802775,0
Candidate F: Combined Adaptive Portfolio Overlay,infy_ns,2018-03-01,2018-03-15,1.8228516045660133,125.29148924140418,1
Candidate F: Combined Adaptive Portfolio Overlay,hdfcbank_ns,2018-03-08,2018-03-22,0.7537657985313087,135.8982305740523,1
Candidate F: Combined Adaptive Portfolio Overlay,tcs_ns,2018-03-13,2018-03-27,-1.403767041236068,-92.88380077791177,0
Candidate F: Combined Adaptive Portfolio Overlay,infy_ns,2018-03-21,2018-04-04,-3.756929233722564,-249.30415276031448,0
Candidate F: Combined Adaptive Portfolio Overlay,icicibank_ns,2018-03-21,2018-04-04,-7.1522622525643955,-450.8826602136842,0
Candidate F: Combined Adaptive Portfolio Overlay,tcs_ns,2018-03-27,2018-04-10,3.105360394417815,224.3096232122863,1
Candidate F: Combined Adaptive Portfolio Overlay,infy_ns,2018-04-09,2018-04-23,6.826195833186868,510.19839506783694,1
Candidate F: Combined Adaptive Portfolio Overlay,infy_ns,2018-04-25,2018-05-09,0.8415241794115397,66.24491295415766,1
Candidate F: Combined Adaptive Portfolio Overlay,tcs_ns,2018-04-26,2018-05-10,-2.535159285159285,-189.5897227496806,0
Candidate F: Combined Adaptive Portfolio Overlay,infy_ns,2018-05-09,2018-05-23,1.1623493463341472,92.03187342076275,1
Candidate F: Combined Adaptive Portfolio Overlay,tcs_ns,2018-05-18,2018-06-01,-1.1102810037954194,-82.93755613916318,0
Candidate F: Combined Adaptive Portfolio Overlay,hdfcbank_ns,2018-05-23,2018-06-06,4.51443062807735,338.4446839983948,1
Candidate F: Combined Adaptive Portfolio Overlay,infy_ns,2018-06-18,2018-07-02,5.25742271569166,414.45446736595864,1
Candidate F: Combined Adaptive Portfolio Overlay,hdfcbank_ns,2018-07-04,2018-07-18,3.4019538735496555,268.8886592888945,1
Candidate F: Combined Adaptive Portfolio Overlay,infy_ns,2018-07-06,2018-07-20,4.919285621813863,369.3768805930549,1
Candidate F: Combined Adaptive Portfolio Overlay,tcs_ns,2018-07-10,2018-07-24,6.554345155684732,486.0245795000888,1
Candidate F: Combined Adaptive Portfolio Overlay,infy_ns,2018-07-23,2018-08-06,0.29645255169679496,22.426919936077763,1
Candidate F: Combined Adaptive Portfolio Overlay,hdfcbank_ns,2018-08-02,2018-08-16,-2.6071660524183757,-197.6729194298333,0
Candidate F: Combined Adaptive Portfolio Overlay,infy_ns,2018-08-06,2018-08-20,1.6835960882595307,127.65342567124856,1
Candidate F: Combined Adaptive Portfolio Overlay,hdfcbank_ns,2018-08-16,2018-08-30,-0.5122562901468549,-42.23086547012554,0
Candidate F: Combined Adaptive Portfolio Overlay,tcs_ns,2018-08-28,2018-09-11,-1.158567404677254,-117.18030916549274,0
Candidate F: Combined Adaptive Portfolio Overlay,reliance_ns,2018-08-30,2018-09-14,-1.7204782041049445,-237.55851184260956,0
Candidate F: Combined Adaptive Portfolio Overlay,hdfcbank_ns,2018-08-30,2018-09-14,-1.8157359413835652,-181.4569448130795,0
Candidate F: Combined Adaptive Portfolio Overlay,infy_ns,2018-09-06,2018-09-21,-3.0533845657065277,-382.2773454760242,0
Candidate F: Combined Adaptive Portfolio Overlay,hdfcbank_ns,2018-09-17,2018-10-01,2.119881340202408,306.6487460659534,1
Candidate F: Combined Adaptive Portfolio Overlay,icicibank_ns,2018-09-18,2018-10-03,-4.799072795883874,-631.5198944919265,0
Candidate F: Combined Adaptive Portfolio Overlay,infy_ns,2018-09-26,2018-10-10,-2.4726877465617183,-161.4298776982827,0
Candidate F: Combined Adaptive Portfolio Overlay,hdfcbank_ns,2018-10-04,2018-10-19,0.4605350529945091,27.159241406387256,1
Candidate F: Combined Adaptive Portfolio Overlay,tcs_ns,2018-10-10,2018-10-24,-9.592103539232708,-418.534854303479,0
Candidate F: Combined Adaptive Portfolio Overlay,infy_ns,2018-10-11,2018-10-25,-3.701544737452282,-163.73560897323298,0
Candidate F: Combined Adaptive Portfolio Overlay,hdfcbank_ns,2018-10-19,2018-11-02,-0.9795336706243649,-47.361722900828994,0
Candidate F: Combined Adaptive Portfolio Overlay,tcs_ns,2018-10-24,2018-11-07,5.013738133722232,222.69827090270618,1
Candidate F: Combined Adaptive Portfolio Overlay,hdfcbank_ns,2018-11-02,2018-11-16,2.7622123665942926,126.50746054550578,1
Candidate F: Combined Adaptive Portfolio Overlay,tcs_ns,2018-11-09,2018-11-26,-3.353395517029678,-204.89104689646672,0
Candidate F: Combined Adaptive Portfolio Overlay,infy_ns,2018-11-16,2018-11-30,2.499241334432907,183.24310539275368,1
Candidate F: Combined Adaptive Portfolio Overlay,hdfcbank_ns,2018-11-16,2018-11-30,6.14108039562888,442.1991639850582,1
Candidate F: Combined Adaptive Portfolio Overlay,reliance_ns,2018-11-19,2018-12-03,0.5105905258873433,34.9276600668579,1
Candidate F: Combined Adaptive Portfolio Overlay,tcs_ns,2018-11-26,2018-12-10,6.972112828121414,473.67568153483944,1
Candidate F: Combined Adaptive Portfolio Overlay,infy_ns,2018-12-18,2019-01-01,-1.7562094613696881,-139.078210722386,0
Candidate F: Combined Adaptive Portfolio Overlay,tcs_ns,2018-12-21,2019-01-04,-1.0490820612793208,-118.98255652445715,0
Candidate F: Combined Adaptive Portfolio Overlay,infy_ns,2019-01-02,2019-01-16,10.071235518347267,739.7517420095219,1
Candidate F: Combined Adaptive Portfolio Overlay,tcs_ns,2019-01-08,2019-01-22,0.39074887818832976,29.458808421608257,1
Candidate F: Combined Adaptive Portfolio Overlay,hdfcbank_ns,2019-01-10,2019-01-24,-0.346271045767133,-24.80031631613049,0
Candidate F: Combined Adaptive Portfolio Overlay,reliance_ns,2019-01-22,2019-02-05,4.5139635446520945,342.45991377011603,1
Candidate F: Combined Adaptive Portfolio Overlay,icicibank_ns,2019-01-25,2019-02-08,-0.6376136698582539,-48.23043925575631,0
Candidate F: Combined Adaptive Portfolio Overlay,reliance_ns,2019-02-05,2019-02-19,-5.888890922406847,-446.5226086338843,0
Candidate F: Combined Adaptive Portfolio Overlay,hdfcbank_ns,2019-02-12,2019-02-26,-0.9440472479812859,-71.55059585401293,0
Candidate F: Combined Adaptive Portfolio Overlay,infy_ns,2019-02-14,2019-02-28,-0.8265860542933722,-59.515653050192064,0
Candidate F: Combined Adaptive Portfolio Overlay,tcs_ns,2019-02-19,2019-03-05,4.320972000218918,295.5617211486159,1
Candidate F: Combined Adaptive Portfolio Overlay,infy_ns,2019-02-28,2019-03-14,-3.5822126694955796,-271.795656096986,0
Candidate F: Combined Adaptive Portfolio Overlay,hdfcbank_ns,2019-03-11,2019-03-25,7.127696263109605,539.1949701033212,1
Candidate F: Combined Adaptive Portfolio Overlay,reliance_ns,2019-03-14,2019-03-28,1.3245828529961101,100.03680631172607,1
Candidate F: Combined Adaptive Portfolio Overlay,icicibank_ns,2019-03-25,2019-04-08,0.8882545242409043,63.7296778500571,1
Candidate F: Combined Adaptive Portfolio Overlay,infy_ns,2019-03-27,2019-04-10,3.1004042230271582,223.8855420644906,1
Candidate F: Combined Adaptive Portfolio Overlay,hdfcbank_ns,2019-04-03,2019-04-18,-0.010769713550185371,-0.7800215038881508,0
Candidate F: Combined Adaptive Portfolio Overlay,icicibank_ns,2019-04-08,2019-04-22,1.8606933048092658,134.76103753356767,1
Candidate F: Combined Adaptive Portfolio Overlay,infy_ns,2019-04-18,2019-05-02,1.8666202125322404,135.37932817797403,1
Candidate F: Combined Adaptive Portfolio Overlay,icicibank_ns,2019-04-25,2019-05-09,-3.588947955488174,-273.5127835797956,0
Candidate F: Combined Adaptive Portfolio Overlay,hdfcbank_ns,2019-04-26,2019-05-10,0.6313947757041247,45.712508942256704,1
Candidate F: Combined Adaptive Portfolio Overlay,hdfcbank_ns,2019-05-10,2019-05-24,3.2947277425395987,262.8858318127084,1
Candidate F: Combined Adaptive Portfolio Overlay,tcs_ns,2019-05-22,2019-06-06,3.9998581773710526,303.1906791535126,1
Candidate F: Combined Adaptive Portfolio Overlay,infy_ns,2019-05-27,2019-06-10,6.3583217012268225,387.25370977104217,1
Candidate F: Combined Adaptive Portfolio Overlay,hdfcbank_ns,2019-06-04,2019-06-18,-1.478557807208455,-108.06191121319341,0
Candidate F: Combined Adaptive Portfolio Overlay,infy_ns,2019-06-14,2019-06-28,-1.190628950191208,-91.21671962607003,0
Candidate F: Combined Adaptive Portfolio Overlay,hdfcbank_ns,2019-06-18,2019-07-02,3.164856758713414,241.73768795297124,1
Candidate F: Combined Adaptive Portfolio Overlay,reliance_ns,2019-06-26,2019-07-10,-1.231649276935171,-187.10961677962155,0
Candidate F: Combined Adaptive Portfolio Overlay,infy_ns,2019-06-28,2019-07-12,-0.7668545081967212,-105.44538611935154,0
Candidate F: Combined Adaptive Portfolio Overlay,hdfcbank_ns,2019-07-02,2019-07-16,-4.208242437022483,-553.9449160004938,0
Candidate F: Combined Adaptive Portfolio Overlay,icicibank_ns,2019-07-08,2019-07-22,-3.4293834481796974,-411.4999399845866,0
Candidate F: Combined Adaptive Portfolio Overlay,tcs_ns,2019-07-11,2019-07-25,1.155068987679465,70.15625142838577,1
Candidate F: Combined Adaptive Portfolio Overlay,infy_ns,2019-07-12,2019-07-26,8.236188510491917,531.4260245589097,1
Candidate F: Combined Adaptive Portfolio Overlay,reliance_ns,2019-07-12,2019-07-26,-5.256305903347635,-322.19646978660404,0
Candidate F: Combined Adaptive Portfolio Overlay,icicibank_ns,2019-07-22,2019-08-05,-2.1995944351066505,-175.93883242186476,0
Candidate F: Combined Adaptive Portfolio Overlay,hdfcbank_ns,2019-07-23,2019-08-06,-3.3352972119539714,-221.23523488908322,0
Candidate F: Combined Adaptive Portfolio Overlay,tcs_ns,2019-08-02,2019-08-16,-1.8719675466674135,-135.6849173298855,0
Candidate F: Combined Adaptive Portfolio Overlay,icicibank_ns,2019-08-05,2019-08-19,5.100782395226328,412.35010533655515,1
Candidate F: Combined Adaptive Portfolio Overlay,infy_ns,2019-08-06,2019-08-20,2.3117841708010243,193.91977627642336,1
Candidate F: Combined Adaptive Portfolio Overlay,hdfcbank_ns,2019-08-06,2019-08-20,1.3882279747604267,133.35698357521218,1
Candidate F: Combined Adaptive Portfolio Overlay,icicibank_ns,2019-08-19,2019-09-03,-7.427037187118238,-420.3161626626741,0
Candidate F: Combined Adaptive Portfolio Overlay,hdfcbank_ns,2019-08-20,2019-09-03,-0.48435652467605694,-34.54429925737497,0
Candidate F: Combined Adaptive Portfolio Overlay,infy_ns,2019-08-27,2019-09-11,4.465672604833993,196.9527385716302,1
Candidate F: Combined Adaptive Portfolio Overlay,hdfcbank_ns,2019-09-03,2019-09-17,-0.03191065288832848,-2.767365507259772,0
Candidate F: Combined Adaptive Portfolio Overlay,icicibank_ns,2019-09-04,2019-09-18,0.41517763533682195,24.290578727041474,1
Candidate F: Combined Adaptive Portfolio Overlay,tcs_ns,2019-09-17,2019-10-01,-3.00237576046303,-217.7065551584981,0
Candidate F: Combined Adaptive Portfolio Overlay,hdfcbank_ns,2019-09-17,2019-10-01,12.888108502278175,1113.7128826855926,1
Candidate F: Combined Adaptive Portfolio Overlay,icicibank_ns,2019-09-19,2019-10-03,10.472408447069723,752.3101567550207,1
Candidate F: Combined Adaptive Portfolio Overlay,infy_ns,2019-09-20,2019-10-04,-1.4840637017481073,-60.76839296247124,0
Candidate F: Combined Adaptive Portfolio Overlay,tcs_ns,2019-10-01,2019-10-15,-1.1489867680862524,-48.06085978417002,0
Candidate F: Combined Adaptive Portfolio Overlay,hdfcbank_ns,2019-10-03,2019-10-17,-0.3399982560672001,-15.599591365604406,0
Candidate F: Combined Adaptive Portfolio Overlay,infy_ns,2019-10-09,2019-10-23,-17.019759415645158,-778.0605674527503,0
Candidate F: Combined Adaptive Portfolio Overlay,tcs_ns,2019-10-15,2019-10-29,7.679410004888086,339.8432102996632,1
Candidate F: Combined Adaptive Portfolio Overlay,reliance_ns,2019-10-14,2019-10-29,7.976178449837834,353.69309787822755,1
Candidate F: Combined Adaptive Portfolio Overlay,hdfcbank_ns,2019-10-23,2019-11-06,1.1615435002817271,52.77589128582833,1
Candidate F: Combined Adaptive Portfolio Overlay,infy_ns,2019-10-24,2019-11-07,13.282435390727807,780.5276284431363,1
Candidate F: Combined Adaptive Portfolio Overlay,reliance_ns,2019-10-30,2019-11-13,-0.5095140979034234,-38.5641050559829,0
Candidate F: Combined Adaptive Portfolio Overlay,infy_ns,2019-11-08,2019-11-22,-2.1600807294741657,-166.61904185833154,0
Candidate F: Combined Adaptive Portfolio Overlay,reliance_ns,2019-11-13,2019-11-27,6.572381157834975,629.3193494400683,1
Candidate F: Combined Adaptive Portfolio Overlay,tcs_ns,2019-11-20,2019-12-04,-1.4744396911708872,-106.53755225674959,0
Candidate F: Combined Adaptive Portfolio Overlay,infy_ns,2019-11-22,2019-12-06,3.107676429855489,225.04845100797183,1
Candidate F: Combined Adaptive Portfolio Overlay,hdfcbank_ns,2019-11-25,2019-12-09,-2.2635119142682445,-155.72079930453154,0
Candidate F: Combined Adaptive Portfolio Overlay,reliance_ns,2019-11-27,2019-12-11,-0.5243295665301868,-43.28191802928127,0
Candidate F: Combined Adaptive Portfolio Overlay,tcs_ns,2019-12-04,2019-12-18,4.241815010825115,305.4446046791055,1
Candidate F: Combined Adaptive Portfolio Overlay,hdfcbank_ns,2019-12-23,2020-01-06,-4.765858956866834,-387.1998617341611,0
Candidate F: Combined Adaptive Portfolio Overlay,reliance_ns,2020-01-01,2020-01-15,0.8934907553806742,68.9616551961515,1
Candidate F: Combined Adaptive Portfolio Overlay,icicibank_ns,2020-01-13,2020-01-27,-0.3005199887312733,-23.19767677963026,0
Candidate F: Combined Adaptive Portfolio Overlay,hdfcbank_ns,2020-01-16,2020-01-30,-4.831514730771758,-401.0051697710658,0
Candidate F: Combined Adaptive Portfolio Overlay,icicibank_ns,2020-01-29,2020-02-12,4.258519417548872,354.96023677319675,1
Candidate F: Combined Adaptive Portfolio Overlay,tcs_ns,2020-01-31,2020-02-14,5.005064809614234,383.91668995299597,1
Candidate F: Combined Adaptive Portfolio Overlay,infy_ns,2020-02-06,2020-02-20,3.2736792912815975,238.55417602368703,1
Candidate F: Combined Adaptive Portfolio Overlay,icicibank_ns,2020-02-13,2020-02-27,-4.788853863559236,-352.3253981827245,0
Candidate F: Combined Adaptive Portfolio Overlay,infy_ns,2020-02-20,2020-03-05,-5.36729289860169,-416.9495812926889,0
Candidate F: Combined Adaptive Portfolio Overlay,tcs_ns,2020-02-28,2020-03-13,-9.736925892216702,-639.6851987107271,0
Candidate F: Combined Adaptive Portfolio Overlay,icicibank_ns,2020-03-02,2020-03-16,-20.431033581696926,-1209.792231252164,0
Candidate F: Combined Adaptive Portfolio Overlay,hdfcbank_ns,2020-03-04,2020-03-18,-23.709658090488116,-1347.7737015539558,0
Candidate F: Combined Adaptive Portfolio Overlay,infy_ns,2020-03-05,2020-03-19,-27.7395665994196,-1595.3491587613523,0
Candidate F: Combined Adaptive Portfolio Overlay,hdfcbank_ns,2020-03-18,2020-04-01,-5.435605392308694,-249.50457677174836,0
Candidate F: Combined Adaptive Portfolio Overlay,infy_ns,2020-03-19,2020-04-03,7.305870277662699,334.4012396927838,1
Candidate F: Combined Adaptive Portfolio Overlay,infy_ns,2020-04-03,2020-04-17,7.296501946778636,344.2059685039531,1
Candidate F: Combined Adaptive Portfolio Overlay,infy_ns,2020-04-17,2020-05-04,7.095532755614749,335.45812365745513,1
Candidate F: Combined Adaptive Portfolio Overlay,hdfcbank_ns,2020-04-27,2020-05-11,-1.5443610002622734,-70.82292583289788,0
Candidate F: Combined Adaptive Portfolio Overlay,icicibank_ns,2020-05-04,2020-05-18,-11.743599830354578,-720.3091259537306,0
Candidate F: Combined Adaptive Portfolio Overlay,infy_ns,2020-05-05,2020-05-19,-0.8066404201306029,-47.4972960422353,0
Candidate F: Combined Adaptive Portfolio Overlay,tcs_ns,2020-05-07,2020-05-21,5.209966194077243,368.13326064179915,1
Candidate F: Combined Adaptive Portfolio Overlay,hdfcbank_ns,2020-05-11,2020-05-26,-6.9694435730372835,-591.6302110648758,0
Candidate F: Combined Adaptive Portfolio Overlay,infy_ns,2020-05-19,2020-06-02,5.854913467189539,414.3323221843739,1
Candidate F: Combined Adaptive Portfolio Overlay,icicibank_ns,2020-05-20,2020-06-03,16.692814730190754,1122.2290633715832,1
Candidate F: Combined Adaptive Portfolio Overlay,tcs_ns,2020-05-26,2020-06-09,6.588472661024753,445.27464616294026,1
Candidate F: Combined Adaptive Portfolio Overlay,hdfcbank_ns,2020-05-26,2020-06-09,15.7679856329662,1074.6409393008312,1
Candidate F: Combined Adaptive Portfolio Overlay,reliance_ns,2020-06-05,2020-06-19,11.179133436308042,809.5224199863545,1
Candidate F: Combined Adaptive Portfolio Overlay,icicibank_ns,2020-06-05,2020-06-19,1.7967736205790306,123.60547540616783,1
Candidate F: Combined Adaptive Portfolio Overlay,hdfcbank_ns,2020-06-10,2020-06-24,4.046355336184123,294.98005008905756,1
Candidate F: Combined Adaptive Portfolio Overlay,infy_ns,2020-06-15,2020-06-29,6.375410949789783,441.5302020723607,1
Candidate F: Combined Adaptive Portfolio Overlay,tcs_ns,2020-06-22,2020-07-06,11.544584711724564,846.4410562767254,1
Candidate F: Combined Adaptive Portfolio Overlay,icicibank_ns,2020-06-26,2020-07-10,3.170960986367271,232.89392364417532,1
Candidate F: Combined Adaptive Portfolio Overlay,infy_ns,2020-07-08,2020-07-22,18.425333670535434,1428.8158499145147,1
Candidate F: Combined Adaptive Portfolio Overlay,hdfcbank_ns,2020-07-14,2020-07-28,2.5741818429787346,199.39018788867364,1
Candidate F: Combined Adaptive Portfolio Overlay,reliance_ns,2020-07-15,2020-07-29,13.644346077212044,1004.0165960323252,1
Candidate F: Combined Adaptive Portfolio Overlay,icicibank_ns,2020-07-15,2020-07-29,1.4674595677376412,102.58359499924543,1
Candidate F: Combined Adaptive Portfolio Overlay,hdfcbank_ns,2020-07-28,2020-08-11,-1.8895987255214852,-283.34378286527254,0
Candidate F: Combined Adaptive Portfolio Overlay,icicibank_ns,2020-07-30,2020-08-13,6.643267076705414,499.60657342071886,1
Candidate F: Combined Adaptive Portfolio Overlay,tcs_ns,2020-08-05,2020-08-19,-0.17827848606232022,-25.474107056789006,0
Candidate F: Combined Adaptive Portfolio Overlay,infy_ns,2020-08-05,2020-08-19,1.4946888334480661,192.217680219024,1
Candidate F: Combined Adaptive Portfolio Overlay,hdfcbank_ns,2020-08-11,2020-08-25,4.921021476661069,641.9570623085782,1
Candidate F: Combined Adaptive Portfolio Overlay,tcs_ns,2020-08-19,2020-09-02,0.32869048193482786,45.91489255595495,1
Candidate F: Combined Adaptive Portfolio Overlay,hdfcbank_ns,2020-08-31,2020-09-14,-5.236277337279783,-399.16337688927814,0
Candidate F: Combined Adaptive Portfolio Overlay,tcs_ns,2020-09-02,2020-09-16,10.44516291886208,1659.241920957149,1
Candidate F: Combined Adaptive Portfolio Overlay,icicibank_ns,2020-09-09,2020-09-23,-4.332406076883209,-619.392809235524,0
Candidate F: Combined Adaptive Portfolio Overlay,hdfcbank_ns,2020-09-14,2020-09-28,-0.40428188222403705,-66.9737249772237,0
Candidate F: Combined Adaptive Portfolio Overlay,icicibank_ns,2020-09-25,2020-10-09,15.100891158812816,1136.7217542543592,1
Candidate F: Combined Adaptive Portfolio Overlay,hdfcbank_ns,2020-09-28,2020-10-12,15.067658469667574,2544.406461346279,1
Candidate F: Combined Adaptive Portfolio Overlay,infy_ns,2020-10-28,2020-11-11,4.216125503991452,359.91068832526463,1
Candidate F: Combined Adaptive Portfolio Overlay,icicibank_ns,2020-10-30,2020-11-13,23.613653910925517,3829.993250278899,1
Candidate F: Combined Adaptive Portfolio Overlay,reliance_ns,2020-11-17,2020-12-01,-1.9730280183882205,-407.2212803812118,0
Candidate F: Combined Adaptive Portfolio Overlay,infy_ns,2020-12-03,2020-12-17,2.855910286200143,249.19705134315925,1
Candidate F: Combined Adaptive Portfolio Overlay,icicibank_ns,2020-12-10,2020-12-24,1.2512477442155663,207.44131030425845,1
Candidate F: Combined Adaptive Portfolio Overlay,icicibank_ns,2021-01-27,2021-02-10,20.95988875908458,4895.38953600237,1
Candidate F: Combined Adaptive Portfolio Overlay,reliance_ns,2021-01-28,2021-02-11,9.491998601733245,1439.1186345604513,1
Candidate F: Combined Adaptive Portfolio Overlay,tcs_ns,2021-02-26,2021-03-12,5.601386332899566,812.4446447267321,1
Candidate F: Combined Adaptive Portfolio Overlay,icicibank_ns,2021-03-05,2021-03-19,-3.7892054053041746,-632.0395300019711,0
Candidate F: Combined Adaptive Portfolio Overlay,hdfcbank_ns,2021-03-16,2021-03-30,2.6963645222983463,446.0779459371568,1
Candidate F: Combined Adaptive Portfolio Overlay,icicibank_ns,2021-03-19,2021-04-05,-2.673766089028821,-441.0138972266787,0
Candidate F: Combined Adaptive Portfolio Overlay,icicibank_ns,2021-04-05,2021-04-19,-2.0621225382932167,-374.2542825439814,0
Candidate F: Combined Adaptive Portfolio Overlay,hdfcbank_ns,2021-04-06,2021-04-20,-3.4400746813500804,-561.9047326590011,0
Candidate F: Combined Adaptive Portfolio Overlay,reliance_ns,2021-04-09,2021-04-23,-3.968221686250805,-583.3554434296151,0
Candidate F: Combined Adaptive Portfolio Overlay,hdfcbank_ns,2021-04-26,2021-05-10,1.0207859675105981,183.71117942015437,1
Candidate F: Combined Adaptive Portfolio Overlay,tcs_ns,2021-05-12,2021-05-26,2.2451305269866473,404.4693197900101,1
Candidate F: Combined Adaptive Portfolio Overlay,tcs_ns,2021-05-26,2021-06-09,1.2711690675953777,229.52038346034968,1
Candidate F: Combined Adaptive Portfolio Overlay,icicibank_ns,2021-06-04,2021-06-18,-1.962842316099425,-318.9670825801341,0
Candidate F: Combined Adaptive Portfolio Overlay,tcs_ns,2021-06-09,2021-06-23,1.8598297755668507,369.82743553499506,1
Candidate F: Combined Adaptive Portfolio Overlay,hdfcbank_ns,2021-06-15,2021-06-29,0.7414208222587444,107.24855527840391,1
Candidate F: Combined Adaptive Portfolio Overlay,icicibank_ns,2021-06-22,2021-07-06,3.0316022752273977,898.896396274203,1
Candidate F: Combined Adaptive Portfolio Overlay,hdfcbank_ns,2021-06-29,2021-07-13,-0.0633133516904062,-4.789505119837822,0
Candidate F: Combined Adaptive Portfolio Overlay,tcs_ns,2021-07-07,2021-07-22,-1.8384411811517578,-226.04787664059714,0
Candidate F: Combined Adaptive Portfolio Overlay,hdfcbank_ns,2021-07-14,2021-07-28,-5.5070289341201395,-1034.342891282339,0
Candidate F: Combined Adaptive Portfolio Overlay,tcs_ns,2021-07-28,2021-08-11,4.525855280451366,736.9538861536238,1
Candidate F: Combined Adaptive Portfolio Overlay,hdfcbank_ns,2021-07-28,2021-08-11,5.425980718179596,919.5970760229673,1
Candidate F: Combined Adaptive Portfolio Overlay,tcs_ns,2021-08-11,2021-08-25,9.358607541347935,1538.2627880219034,1
Candidate F: Combined Adaptive Portfolio Overlay,hdfcbank_ns,2021-08-12,2021-08-26,3.504903658849011,290.555676115177,1
Candidate F: Combined Adaptive Portfolio Overlay,icicibank_ns,2021-08-18,2021-09-01,4.538731245522456,714.8934985972659,1
Candidate F: Combined Adaptive Portfolio Overlay,hdfcbank_ns,2021-08-27,2021-09-13,0.40830009565702596,34.36136481637644,1
Candidate F: Combined Adaptive Portfolio Overlay,reliance_ns,2021-09-03,2021-09-17,0.03578231466540509,7.888407974388386,1
Candidate F: Combined Adaptive Portfolio Overlay,hdfcbank_ns,2021-09-14,2021-09-28,4.242192561054074,690.4971127268565,1
Candidate F: Combined Adaptive Portfolio Overlay,tcs_ns,2021-09-30,2021-10-14,-4.394215954926374,-407.5917799605069,0
Candidate F: Combined Adaptive Portfolio Overlay,reliance_ns,2021-09-30,2021-10-14,7.1370381507582765,628.9058634543678,1
Candidate F: Combined Adaptive Portfolio Overlay,hdfcbank_ns,2021-10-04,2021-10-18,5.279199041697048,883.8717696212807,1
Candidate F: Combined Adaptive Portfolio Overlay,icicibank_ns,2021-10-06,2021-10-20,8.118498999005734,2589.385236003888,1
Candidate F: Combined Adaptive Portfolio Overlay,tcs_ns,2021-10-14,2021-10-28,-5.3028804598871355,-541.5555781436838,0
Candidate F: Combined Adaptive Portfolio Overlay,infy_ns,2021-10-21,2021-11-04,-2.61194779916693,-140.25763932051197,0
Candidate F: Combined Adaptive Portfolio Overlay,tcs_ns,2021-10-28,2021-11-11,1.8939970687284078,156.68412154025066,1
Candidate F: Combined Adaptive Portfolio Overlay,icicibank_ns,2021-11-15,2021-11-29,-7.145889598269011,-539.3211536040003,0
Candidate F: Combined Adaptive Portfolio Overlay,hdfcbank_ns,2021-11-17,2021-12-01,-1.7574045314973772,-318.3274836506812,0
Candidate F: Combined Adaptive Portfolio Overlay,tcs_ns,2021-11-18,2021-12-02,4.758135153897382,775.6783637103276,1
Candidate F: Combined Adaptive Portfolio Overlay,hdfcbank_ns,2021-12-01,2021-12-15,-0.3588890656593293,-61.557549952211716,0
Candidate F: Combined Adaptive Portfolio Overlay,icicibank_ns,2021-12-03,2021-12-17,1.6244381131368397,139.25339741686355,1
Candidate F: Combined Adaptive Portfolio Overlay,hdfcbank_ns,2021-12-15,2021-12-29,-3.1251299601236973,-562.4182886644685,0
Candidate F: Combined Adaptive Portfolio Overlay,icicibank_ns,2021-12-21,2022-01-04,7.234480013665233,1234.791094791144,1
Candidate F: Combined Adaptive Portfolio Overlay,hdfcbank_ns,2021-12-30,2022-01-13,4.497844680123161,384.6724726494218,1
Candidate F: Combined Adaptive Portfolio Overlay,hdfcbank_ns,2022-01-14,2022-01-28,-5.347807533795776,-507.3333203148719,0
Candidate F: Combined Adaptive Portfolio Overlay,tcs_ns,2022-01-27,2022-02-10,3.2668335303808154,588.8412463760814,1
Candidate F: Combined Adaptive Portfolio Overlay,hdfcbank_ns,2022-01-28,2022-02-11,3.7478592583731096,641.6443951230906,1
Candidate F: Combined Adaptive Portfolio Overlay,icicibank_ns,2022-01-31,2022-02-14,-4.497569236949885,-692.9972296872394,0
Candidate F: Combined Adaptive Portfolio Overlay,infy_ns,2022-02-09,2022-02-23,0.2692972796020675,37.34462617584823,1
Candidate F: Combined Adaptive Portfolio Overlay,hdfcbank_ns,2022-02-11,2022-02-25,-4.179349574226684,-336.8190610626861,0
Candidate F: Combined Adaptive Portfolio Overlay,icicibank_ns,2022-02-16,2022-03-02,-6.4861511663622435,-435.4507788797315,0
Candidate F: Combined Adaptive Portfolio Overlay,tcs_ns,2022-02-22,2022-03-08,0.32762865749746056,49.16466814542004,1
Candidate F: Combined Adaptive Portfolio Overlay,infy_ns,2022-02-24,2022-03-10,8.749935813340773,840.1181587767609,1
Candidate F: Combined Adaptive Portfolio Overlay,hdfcbank_ns,2022-02-25,2022-03-11,-4.120481271080519,-390.9790352138098,0
Candidate F: Combined Adaptive Portfolio Overlay,icicibank_ns,2022-03-02,2022-03-16,-1.0077604856924915,-93.68181091160186,0
Candidate F: Combined Adaptive Portfolio Overlay,tcs_ns,2022-03-10,2022-03-24,3.508063440491265,169.11672002436265,1
Candidate F: Combined Adaptive Portfolio Overlay,hdfcbank_ns,2022-03-11,2022-03-25,2.39007190769639,125.7740196463537,1
Candidate F: Combined Adaptive Portfolio Overlay,icicibank_ns,2022-03-25,2022-04-08,7.818782667010692,432.39827460214275,1
Candidate F: Combined Adaptive Portfolio Overlay,hdfcbank_ns,2022-03-25,2022-04-08,5.800033096077242,320.50906803392706,1
Candidate F: Combined Adaptive Portfolio Overlay,infy_ns,2022-04-05,2022-04-19,-16.1131040524314,-1439.492959525006,0
Candidate F: Combined Adaptive Portfolio Overlay,hdfcbank_ns,2022-04-08,2022-04-22,-10.545528421835149,-2661.3094912947095,0
Candidate F: Combined Adaptive Portfolio Overlay,tcs_ns,2022-04-18,2022-05-02,0.35653274160980913,67.80192703187645,1
Candidate F: Combined Adaptive Portfolio Overlay,infy_ns,2022-04-19,2022-05-04,-1.7424920740261882,-252.29511753659017,0
Candidate F: Combined Adaptive Portfolio Overlay,hdfcbank_ns,2022-04-22,2022-05-06,-2.8517852378304513,-486.1526617736323,0
Candidate F: Combined Adaptive Portfolio Overlay,reliance_ns,2022-04-26,2022-05-10,-10.888888222877075,-1479.1313261012117,0
Candidate F: Combined Adaptive Portfolio Overlay,tcs_ns,2022-05-04,2022-05-18,-0.9389855936860139,-75.59096103287118,0
Candidate F: Combined Adaptive Portfolio Overlay,infy_ns,2022-05-04,2022-05-18,-1.7651458285271286,-130.1936050672373,0
Candidate F: Combined Adaptive Portfolio Overlay,icicibank_ns,2022-05-04,2022-05-18,-2.3822850399524294,-209.34395059504178,0
Candidate F: Combined Adaptive Portfolio Overlay,hdfcbank_ns,2022-05-06,2022-05-20,0.20412117943122612,15.096170379329408,1
Candidate F: Combined Adaptive Portfolio Overlay,infy_ns,2022-05-18,2022-06-01,-2.079855445515404,-174.54473302311993,0
Candidate F: Combined Adaptive Portfolio Overlay,icicibank_ns,2022-05-18,2022-06-01,6.3509896609108,533.5757455407154,1
Candidate F: Combined Adaptive Portfolio Overlay,tcs_ns,2022-05-19,2022-06-02,4.884763752150204,439.83855920518306,1
Candidate F: Combined Adaptive Portfolio Overlay,hdfcbank_ns,2022-05-20,2022-06-03,4.44073960408538,409.8773169458698,1
Candidate F: Combined Adaptive Portfolio Overlay,hdfcbank_ns,2022-06-03,2022-06-17,-6.606891299145394,-1091.459473081846,0
Candidate F: Combined Adaptive Portfolio Overlay,infy_ns,2022-06-08,2022-06-22,-4.231241666666667,-356.526199909776,0
Candidate F: Combined Adaptive Portfolio Overlay,icicibank_ns,2022-06-08,2022-06-22,-5.92780320793084,-474.5052285187524,0
Candidate F: Combined Adaptive Portfolio Overlay,tcs_ns,2022-06-15,2022-06-29,2.5747653031427307,391.5962044993525,1
Candidate F: Combined Adaptive Portfolio Overlay,hdfcbank_ns,2022-06-17,2022-07-01,4.909720876138787,1389.3805206658808,1
Candidate F: Combined Adaptive Portfolio Overlay,infy_ns,2022-06-22,2022-07-06,3.7331152827869523,493.0719565844795,1
Candidate F: Combined Adaptive Portfolio Overlay,icicibank_ns,2022-06-22,2022-07-06,5.6782789107615494,717.7500045560728,1
Candidate F: Combined Adaptive Portfolio Overlay,hdfcbank_ns,2022-07-01,2022-07-15,0.5628087758973914,62.646251521934346,1
Candidate F: Combined Adaptive Portfolio Overlay,icicibank_ns,2022-07-07,2022-07-21,5.876954177897573,514.1722590916186,1
Candidate F: Combined Adaptive Portfolio Overlay,tcs_ns,2022-07-11,2022-07-25,1.6496427312732154,137.11022392715685,1
Candidate F: Combined Adaptive Portfolio Overlay,infy_ns,2022-07-12,2022-07-26,0.8219431403161184,64.90009357377342,1
Candidate F: Combined Adaptive Portfolio Overlay,hdfcbank_ns,2022-07-15,2022-07-29,5.24450642835211,985.3312217287979,1
Candidate F: Combined Adaptive Portfolio Overlay,icicibank_ns,2022-08-23,2022-09-06,2.235001092966594,209.94965908100238,1
Candidate F: Combined Adaptive Portfolio Overlay,tcs_ns,2022-08-24,2022-09-07,-3.2968742786251655,-588.4281232417221,0
Candidate F: Combined Adaptive Portfolio Overlay,tcs_ns,2022-09-07,2022-09-21,-4.759358071251916,-1032.8154953206117,0
Candidate F: Combined Adaptive Portfolio Overlay,icicibank_ns,2022-09-07,2022-09-21,4.404515208320955,730.2471005671974,1
Candidate F: Combined Adaptive Portfolio Overlay,tcs_ns,2022-09-21,2022-10-06,3.3053120964392906,1068.7617621546672,1
Candidate F: Combined Adaptive Portfolio Overlay,icicibank_ns,2022-09-27,2022-10-11,2.0661178883804396,319.9561369588014,1
Candidate F: Combined Adaptive Portfolio Overlay,tcs_ns,2022-10-06,2022-10-20,1.7334724440515814,299.5027429764503,1
Candidate F: Combined Adaptive Portfolio Overlay,icicibank_ns,2022-10-11,2022-10-25,6.201181797277186,531.1447912418414,1
Candidate F: Combined Adaptive Portfolio Overlay,icicibank_ns,2022-10-28,2022-11-11,-0.1931225239868137,-18.289923747533493,0
Candidate F: Combined Adaptive Portfolio Overlay,icicibank_ns,2022-11-15,2022-11-29,3.7925427585841693,718.2861784249366,1
Candidate F: Combined Adaptive Portfolio Overlay,tcs_ns,2022-12-08,2022-12-22,-2.76014225378252,-262.3689628910808,0
Candidate F: Combined Adaptive Portfolio Overlay,tcs_ns,2022-12-23,2023-01-06,-0.5701309738959695,-108.23951891692958,0
