fold,date,equity_interp_a,equity_interp_b1,equity_interp_b2,equity_buy_hold
1,2005-11-22,1.0350967124779633,1.0350967124779633,1.0035096712477962,1.0360967124779632
1,2005-11-23,1.0879096463358955,1.0350967124779633,1.008629800531806,1.0899967652699893
1,2005-11-24,1.152699023264067,1.0350967124779633,1.0146365949882883,1.1560004352556552
1,2005-11-25,1.2635318233177983,1.0350967124779633,1.0243923952960825,1.2683066687672908
1,2005-11-28,1.3459833486896267,1.0350967124779633,1.0310770481091536,1.3523380824265367
1,2005-11-29,1.4511064035967844,1.0350967124779633,1.0391298943235894,1.4593097884085486
1,2005-11-30,1.6049640850125815,1.0350967124779633,1.0501475644154714,1.6154965668066987
1,2005-12-01,1.74075596950938,1.0350967124779633,1.0590325929406164,1.7537950740734425
1,2005-12-02,1.9236476805632685,1.0350967124779633,1.0701592693029176,1.9398105276185629
1,2005-12-05,2.176977763763549,1.0350967124779633,1.0842524704368528,2.197208948015166
1,2005-12-06,2.3702244655654323,1.1269805291442987,1.0938771996058927,2.394448747402628
1,2005-12-07,2.5023524226062928,1.1269805291442987,1.0999750085576296,2.5303215336786598
1,2005-12-08,2.60532714439603,1.1269805291442987,1.1045015340565405,2.6369775385554384
1,2005-12-09,2.5857834877033654,1.1269805291442987,1.1036730009164872,2.619833436458506
1,2005-12-12,2.603098104563481,1.1269805291442987,1.1044120293479316,2.6399958879855028
1,2005-12-13,2.648198791398581,1.1269805291442987,1.1063255085589232,2.6883758533280595
1,2005-12-14,2.64831848598957,1.1269805291442987,1.1063305089833504,2.691185739714975
1,2005-12-15,2.6885708007908415,1.1269805291442987,1.108012042535959,2.734780788096884
1,2005-12-16,2.667784813038586,1.1269805291442987,1.1071554117662308,2.7163723206023747
1,2005-12-19,2.5928915692991836,1.1269805291442987,1.1040472727699537,2.642831442600705
1,2005-12-20,2.651082656882612,1.1522728411918788,1.1065250359092496,2.7047861395164086
1,2005-12-21,2.738053609472955,1.1522728411918788,1.1101550825314568,2.7962236652769192
1,2005-12-22,2.812774885355672,1.1522728411918788,1.1131846873539277,2.8753286212475344
1,2005-12-23,2.8668986357039916,1.1522728411918788,1.1153266906270511,2.933531366675584
1,2005-12-26,2.9089599921459794,1.1522728411918788,1.116963028685868,2.9795038485342067
1,2005-12-27,2.862095214490355,1.1522728411918788,1.1151635462546814,2.9344820784695087
1,2005-12-28,2.8389260017981544,1.1522728411918788,1.1142607998590006,2.913661362232671
1,2005-12-29,2.739301279477383,1.1522728411918788,1.1103505914665113,2.814327658230208
1,2005-12-30,2.585188297602474,1.1522728411918788,1.104103763420999,2.658808022905865
1,2006-01-02,2.484256958038451,1.1522728411918788,1.0997931036534645,2.5576612181444576
1,2006-01-03,2.3188886128036565,1.0755700458589224,1.092472163480053,2.389964267838953
1,2006-01-04,2.193195442555788,1.0755700458589224,1.0865505211520357,2.262808473011187
1,2006-01-05,2.0791370927480926,1.0755700458589224,1.0808998546851716,2.147392667278359
1,2006-01-06,1.9753441425234792,1.0755700458589224,1.0755038764590872,2.0423397117795985
1,2006-01-09,1.919147900532761,1.0755700458589224,1.072444193095446,1.9862798635233612
1,2006-01-10,1.892787530515791,1.0755700458589224,1.0709711421781771,1.9609836852995233
1,2006-01-12,1.892787530515791,1.0755700458589224,1.0709711421781771,1.9439480511720768
1,2006-01-13,1.8990766402429646,1.0755700458589224,1.0713269906249365,1.9523510985149772
1,2006-01-16,1.969941127597662,1.0755700458589224,1.0753246722545822,2.027155885792657
1,2006-01-17,2.0204657479681396,1.0755700458589224,1.078082641519731,2.0811750936878193
1,2006-01-18,2.039952857428037,1.0859437684704132,1.0791224371442418,2.103328911387149
1,2006-01-19,2.013735544021239,1.0859437684704132,1.0777355574898468,2.078400422839313
1,2006-01-20,2.0546668730548956,1.0859437684704132,1.0799261702962732,2.12272453513008
1,2006-01-23,2.118400583867894,1.0859437684704132,1.08327599323544,2.190692051067569
1,2006-01-24,2.1419465105483058,1.0859437684704132,1.0844800496025697,2.217232186187434
1,2006-01-25,2.1636731864052265,1.0859437684704132,1.0855800839122491,2.2419397489078303
1,2006-01-27,2.150868196654401,1.0859437684704132,1.0849376189625728,2.2309135039386807
1,2006-01-30,2.0964140261127593,1.0859437684704132,1.0821908500893371,2.1766637160234947
1,2006-01-31,2.0302604687556642,1.0859437684704132,1.07877593425778,2.110154496993319
1,2006-02-01,1.982549165952555,1.0859437684704132,1.07624080115303,2.0626758318699925
1,2006-02-02,1.9662739871039798,1.07702901903828,1.0753572915874812,2.047805551562947
1,2006-02-03,1.9872884932614552,1.07702901903828,1.0765065771180717,2.0717392299149804
1,2006-02-06,1.9698436849303287,1.07702901903828,1.0755615985219242,2.0556248356768605
1,2006-02-07,1.9698436849303287,1.07702901903828,1.0755615985219242,2.0405953701245316
1,2006-02-08,1.977423949829499,1.07702901903828,1.0759754913548705,2.0504884938835324
1,2006-02-10,1.9759914343438894,1.07702901903828,1.0758975439044194,2.051053536365292
1,2006-02-13,2.0211232526676244,1.07702901903828,1.0783549033667377,2.0999508332439163
1,2006-02-14,2.1217965927308673,1.07702901903828,1.0837262526771876,2.2066505723741985
1,2006-02-15,2.278007612845096,1.07702901903828,1.0917048677826717,2.3713153672037315
1,2006-02-16,2.433230897614079,1.07702901903828,1.0991437373729218,2.5352679514152547
1,2006-02-17,2.551725513518516,1.1294786817702527,1.1044963989354344,2.661266883424345
1,2006-02-20,2.6952377701677643,1.1294786817702527,1.1107082257887713,2.813601151562325
1,2006-02-21,2.7875067133732516,1.1294786817702527,1.1145106314739956,2.912735755532217
1,2006-02-22,2.8865339582973646,1.1294786817702527,1.1184699732306993,3.019124545956424
1,2006-02-23,2.977471397750371,1.1294786817702527,1.121993603887401,3.1172582472111685
1,2006-02-24,3.1413689130952713,1.1294786817702527,1.1281697157401953,3.2919677101030076
1,2006-02-27,3.3951330623156646,1.1294786817702527,1.1372832275884084,3.5611894072800556
1,2006-02-28,3.596068691569994,1.1294786817702527,1.144014060129623,3.7755140104657667
1,2006-03-01,3.7892005923228895,1.1294786817702527,1.1501581477116767,3.982058787162951
1,2006-03-02,4.044725040211178,1.1294786817702527,1.1579142302551473,4.254570671240983
1,2006-03-03,4.520234969958211,1.2622635616520512,1.1715270150256285,4.759005249421452
1,2006-03-06,4.95859021128928,1.2622635616520512,1.1828880396363066,5.225274532006137
1,2006-03-07,5.438536832532811,1.2622635616520512,1.1943373244882851,5.736259054599528
1,2006-03-08,5.911861945741434,1.2622635616520512,1.204731845417905,6.241231698368992
1,2006-03-09,6.4769622611274125,1.2622635616520512,1.2162475802582897,6.844056888474218
1,2006-03-10,6.937988562236503,1.2622635616520512,1.224904757813957,7.338056822556926
1,2006-03-13,7.154905616131428,1.2622635616520512,1.2287344373959197,7.57482011595691
1,2006-03-14,7.524708950853464,1.2622635616520512,1.2350851863339958,7.973901671323834
1,2006-03-16,8.061222869492582,1.2622635616520512,1.2438913793376205,8.55041706216993
1,2006-03-17,8.289237222328273,1.2622635616520512,1.2474097672106432,8.800818851470444
1,2006-03-20,8.466717306162726,1.2892897688571885,1.250080584610634,8.99805318062892
1,2006-03-21,8.60572897547171,1.2892897688571885,1.252133042281696,9.15478669584745
1,2006-03-22,8.77302341562933,1.2892897688571885,1.2545671753680205,9.341909545377893
1,2006-03-23,8.834745670266134,1.2892897688571885,1.2554498210762162,9.416976085126192
1,2006-03-24,8.838242064808407,1.2892897688571885,1.2554995061273353,9.430119876336235
1,2006-03-27,8.314522498351106,1.2892897688571885,1.2480599083858968,8.880758071635176
1,2006-03-28,7.9078370618361875,1.2892897688571885,1.2419553150224254,8.455257303448077
1,2006-03-29,7.934924179459801,1.2892897688571885,1.242380728311018,8.492674784849658
1,2006-03-30,8.093904584190687,1.2892897688571885,1.2448699038412396,8.671322692880242
1,2006-03-31,8.49678078605412,1.2892897688571885,1.2510662761045508,9.111611353694869
1,2006-04-03,8.658763266051496,1.313868766415594,1.253451306660795,9.294426564212403
1,2006-04-04,8.874509977488222,1.313868766415594,1.2565744778233374,9.535306253510491
1,2006-04-05,9.082438478239416,1.313868766415594,1.2595186138704972,9.76825242284549
1,2006-04-07,9.254594982723646,1.313868766415594,1.2619060159147422,9.96317669873778
1,2006-04-10,9.481139368787307,1.313868766415594,1.2649950514066153,10.217029721796392
1,2006-04-12,10.350452153201111,1.313868766415594,1.2765936191275813,11.16403232236772
1,2006-04-13,11.38196609353387,1.313868766415594,1.2893160016358922,12.287790741910772
1,2006-04-17,12.006974941473022,1.313868766415594,1.2963959200101858,12.974828208781311
1,2006-04-18,12.006974941473022,1.313868766415594,1.2963959200101858,13.11726437226952
1,2006-04-19,12.179537959651963,1.313868766415594,1.2982590869927293,13.318901621181064
1,2006-04-20,12.269941050286768,1.3236210080495534,1.2992227248113204,13.431080584194104
1,2006-04-21,12.382882754636217,1.3236210080495534,1.3004186264726922,13.568141364889877
1,2006-04-24,12.655787882809362,1.3236210080495534,1.3032846062204484,13.880736431699109
1,2006-04-25,13.265360498594234,1.3236210080495534,1.3095619444145017,14.56319006884957
1,2006-04-26,13.773459444760718,1.3236210080495534,1.3145779184920041,15.135562564409122
1,2006-04-27,14.115726855583656,1.3236210080495534,1.3178446154485077,15.526813498064234
1,2006-04-28,13.979154606611573,1.3236210080495534,1.3165695765874634,15.392115540249021
1,2006-05-02,13.698113004200904,1.3236210080495534,1.3139227010509822,15.098059413913772
1,2006-05-03,13.583275033581447,1.3236210080495534,1.31282117548689,14.986583068308972
1,2006-05-04,12.785149655619978,1.3236210080495534,1.3051073075552544,14.120988771863768
1,2006-05-05,12.044117964437138,1.246903477124998,1.297542860510494,13.316652372756064
1,2006-05-08,10.606909686757225,1.246903477124998,1.2820594573648547,11.740910940707666
1,2006-05-09,9.576606888415464,1.246903477124998,1.2696061652602497,10.612197774586203
1,2006-05-10,8.472615425710387,1.246903477124998,1.2549701424624407,9.39943556844188
1,2006-05-11,7.869250822001492,1.246903477124998,1.2460330607630212,8.739468293510214
1,2006-05-12,7.349684551177631,1.246903477124998,1.2378061435462788,8.171185494633496
1,2006-05-15,6.928767661735759,1.246903477124998,1.230717220095951,7.711392380775638
1,2006-05-16,6.520646268759172,1.246903477124998,1.223467994104442,7.264883866547108
1,2006-05-17,5.758574393783437,1.246903477124998,1.209169249627119,6.423097377057368
1,2006-05-18,5.105983096869994,1.246903477124998,1.1954663211791707,5.701622011922553
1,2006-05-19,4.835481297701609,1.180845750815957,1.1891330493177263,5.405266423179399
1,2006-05-22,4.79561193446395,1.180845750815957,1.1881525889547901,5.366104351388595
1,2006-05-23,4.577788834040499,1.180845750815957,1.1827558411728782,5.12773482763064
1,2006-05-24,4.351563932062282,1.180845750815957,1.1769109052456497,4.879460461399109
1,2006-05-25,3.8161573755889817,1.180845750815957,1.1624304604011955,4.28398217373311
1,2006-05-26,3.4132147157027624,1.180845750815957,1.1501565215787817,3.8359265372550446
1,2006-05-29,3.0191527132919065,1.180845750815957,1.1368777501058325,3.396897593493499
1,2006-05-30,2.545496536696812,1.180845750815957,1.1190419789638015,2.867376258983095
1,2006-05-31,2.115717685315599,1.180845750815957,1.1001481965746682,2.3861189635728453
1,2006-06-01,1.9170513192311835,1.180845750815957,1.0898177802868632,2.164447975660452
1,2006-06-02,1.7986579057067131,1.1079189815205819,1.0830872746486746,2.032940266994349
1,2006-06-05,1.6958755436469342,1.1079189815205819,1.0768980894761033,1.918803032874559
1,2006-06-06,1.5569309475691648,1.1079189815205819,1.068074967365538,1.763512591777276
1,2006-06-07,1.4981208190280473,1.1079189815205819,1.0640405157271795,1.6986627440474364
1,2006-06-08,1.5228595719583193,1.1079189815205819,1.0657975859909419,1.7284117465258395
1,2006-06-09,1.542933505487478,1.1079189815205819,1.067202492279787,1.7529236263935657
1,2006-06-12,1.5364381413281971,1.1079189815205819,1.0667532267220428,1.7472971799717107
1,2006-06-13,1.607498957117228,1.1079189815205819,1.071686998703967,1.8298575991998813
1,2006-06-14,1.838772120639113,1.1079189815205819,1.0871055121280766,2.094951674724578
1,2006-06-15,1.991381840666835,1.1079189815205819,1.096127993271025,2.270918083858752
1,2006-06-16,1.991381840666835,1.1079189815205819,1.096127993271025,2.343371839565091
1,2006-06-19,2.146756804287506,1.1943629110237088,1.1046803885776457,2.5285537343271147
1,2006-06-20,2.422063288588211,1.1943629110237088,1.118847138786512,2.8553515474264106
1,2006-06-21,2.716699135548092,1.1943629110237088,1.1324575376521484,3.2055508042747443
1,2006-06-22,2.920623763645351,1.1943629110237088,1.140958147056401,3.449375843286246
1,2006-06-23,3.0070350241611976,1.1943629110237088,1.1443338516887536,3.554880443880306
1,2006-06-26,3.3075111541415363,1.1943629110237088,1.1557685374971387,3.9136545717680704
1,2006-06-27,3.5564057888213827,1.1943629110237088,1.16446585020475,4.212075963277811
1,2006-06-28,3.954217132941319,1.1943629110237088,1.1774912964715336,4.687441135930353
1,2006-06-29,4.389160152773449,1.1943629110237088,1.1904430794185776,5.207722368303128
1,2006-06-30,4.726915357120221,1.1943629110237088,1.199603791982191,5.613675397624067
1,2006-07-03,4.876583987449097,1.2321801020464462,1.2034021053201451,5.79703524455144
1,2006-07-04,4.923828966839003,1.2321801020464462,1.2045679769181725,5.858994710578744
1,2006-07-05,4.691659934262213,1.2321801020464462,1.1988881821130006,5.588589614276255
1,2006-07-06,4.6918047308574,1.2321801020464462,1.1988918821877976,5.594350682023938
1,2006-07-07,4.743145188921583,1.2321801020464462,1.2002037794625529,5.661161673862785
1,2006-07-10,4.79036066624495,1.2321801020464462,1.2013985182292468,5.723176676709481
1,2006-07-11,4.994889681797216,1.2321801020464462,1.2065280037385706,5.973256337808615
1,2006-07-12,4.994889681797216,1.2321801020464462,1.2065280037385706,5.968516410667277
1,2006-07-13,5.076399034924895,1.2321801020464462,1.2084968824001665,6.071882455903925
1,2006-07-14,5.024195994027883,1.2321801020464462,1.2072541272159933,6.015514264995483
1,2006-07-17,5.055116957820106,1.239763444011243,1.2079971209447418,6.05855172247301
1,2006-07-18,5.131351538466916,1.239763444011243,1.2098188622556982,6.155977329348428
1,2006-07-19,5.484862296775679,1.239763444011243,1.2181535861623753,6.586232922055073
1,2006-07-20,5.732156742724342,1.239763444011243,1.223645841024407,6.889770788987323
1,2006-07-21,6.146519566646364,1.239763444011243,1.2324912611502765,7.394704316853233
1,2006-07-24,6.323409854634345,1.239763444011243,1.2360382397576593,7.614910737135683
1,2006-07-25,6.530342526840262,1.239763444011243,1.2400831570061324,7.871722499519268
1,2006-07-26,6.673863127033349,1.239763444011243,1.2428085497133503,8.052595000008768
1,2006-07-27,6.778906471237382,1.239763444011243,1.244764669636434,8.187391505128131
1,2006-07-28,7.05797379946768,1.239763444011243,1.249888993922435,8.53262934602447
1,2006-07-31,7.265787638987589,1.2762668384296005,1.2535691468697339,8.792395334402139
1,2006-08-01,7.571917507765981,1.2762668384296005,1.2588508173162616,9.17163825261245
1,2006-08-02,7.72501336812387,1.2762668384296005,1.261396075485564,9.366250348679731
1,2006-08-03,7.921718683651279,1.2762668384296005,1.2646080221995628,9.614113432930097
1,2006-08-04,8.087088478120481,1.2762668384296005,1.267247953975313,9.824426918039581
1,2006-08-07,8.418519582524018,1.2762668384296005,1.272441484256025,10.23688335181486
1,2006-08-08,8.418519582524018,1.2762668384296005,1.272441484256025,10.32587162993006
1,2006-08-09,8.418519582524018,1.2762668384296005,1.272441484256025,10.371831420141957
1,2006-08-10,8.485504013932015,1.2762668384296005,1.273453939812935,10.464729784110654
1,2006-08-11,8.59540865778752,1.2762668384296005,1.275103323296718,10.610734182260773
1,2006-08-14,8.813582258725598,1.308661776586004,1.2783398638113996,10.890672667723734
1,2006-08-16,8.909929484677289,1.308661776586004,1.2797373035366573,11.020616645787715
1,2006-08-17,9.252720844148971,1.308661776586004,1.284660831728439,11.455633004343985
1,2006-08-18,9.52542933249781,1.308661776586004,1.2884471549015102,11.804724281210776
1,2006-08-21,9.986132055576073,1.308661776586004,1.2946788017080264,12.387471104971695
1,2006-08-22,9.986132055576073,1.308661776586004,1.2946788017080264,12.773547236325717
1,2006-08-23,9.986132055576073,1.308661776586004,1.2946788017080264,13.178067224472235
1,2006-08-24,10.143884821407633,1.308661776586004,1.2967240296370812,13.399421644803704
1,2006-08-25,10.143884821407633,1.308661776586004,1.2967240296370812,13.627695522673504
1,2006-08-28,10.143884821407633,1.308661776586004,1.2967240296370812,13.243631419608198
1,2006-08-29,10.008748609987027,1.2912278646644515,1.294996541838192,13.080444205547403
1,2006-08-30,10.008748609987027,1.2912278646644515,1.294996541838192,13.295172296508538
1,2006-08-31,10.008748609987027,1.2912278646644515,1.294996541838192,13.499652416874504
1,2006-09-01,10.008748609987027,1.2912278646644515,1.294996541838192,13.54626133919514
1,2006-09-04,10.008748609987027,1.2912278646644515,1.294996541838192,13.266586285078153
1,2006-09-05,10.008748609987027,1.2912278646644515,1.294996541838192,13.322644141904442
1,2006-09-06,10.008748609987027,1.2912278646644515,1.294996541838192,13.811383440097005
1,2006-09-07,10.008748609987027,1.2912278646644515,1.294996541838192,14.739420880204293
1,2006-09-08,10.008748609987027,1.2912278646644515,1.294996541838192,15.461519370045064
1,2006-09-11,10.008748609987027,1.2912278646644515,1.294996541838192,16.631531475607627
1,2006-09-12,10.008748609987027,1.2912278646644515,1.294996541838192,17.76082288419031
1,2006-09-13,10.008748609987027,1.2912278646644515,1.294996541838192,18.51924815015734
1,2006-09-14,10.008748609987027,1.2912278646644515,1.294996541838192,18.64808224355403
1,2006-09-15,10.008748609987027,1.2912278646644515,1.294996541838192,19.00795053092254
1,2006-09-18,10.181100365606104,1.3134629509925393,1.2972265401746848,19.354277487293626
1,2006-09-19,10.181100365606104,1.3134629509925393,1.2972265401746848,18.920265624900292
1,2006-09-20,10.181100365606104,1.3134629509925393,1.2972265401746848,18.363705317051373
1,2006-09-21,10.181100365606104,1.3134629509925393,1.2972265401746848,17.33826785411092
1,2006-09-22,10.181100365606104,1.3134629509925393,1.2972265401746848,16.714486784818206
1,2006-09-25,10.181100365606104,1.3134629509925393,1.2972265401746848,16.48469557849259
1,2006-09-26,10.181100365606104,1.3134629509925393,1.2972265401746848,16.4917982384052
1,2006-09-27,10.181100365606104,1.3134629509925393,1.2972265401746848,17.122904685378092
1,2006-09-28,10.181100365606104,1.3134629509925393,1.2972265401746848,18.5181409835779
1,2006-09-29,10.181100365606104,1.3134629509925393,1.2972265401746848,20.468610356443246
1,2006-10-03,10.181100365606104,1.3134629509925393,1.2972265401746848,22.539082797957885
1,2006-10-04,10.181100365606104,1.3134629509925393,1.2972265401746848,25.252035374454266
1,2006-10-05,10.181100365606104,1.3134629509925393,1.2972265401746848,27.592222115087385
1,2006-10-06,11.147862123931125,1.4381848087875952,1.3095445506636274,30.239875451440227
1,2006-10-09,11.147862123931125,1.4381848087875952,1.3095445506636274,32.592015108635316
1,2006-10-10,11.883395091165903,1.4381848087875952,1.3181848906531939,34.77501958081529
1,2006-10-11,11.883395091165903,1.4381848087875952,1.3181848906531939,35.77025665615951
1,2006-10-12,11.883395091165903,1.4381848087875952,1.3181848906531939,35.664517950299704
1,2006-10-13,11.883395091165903,1.4381848087875952,1.3181848906531939,35.13129526164614
1,2006-10-16,11.883395091165903,1.4381848087875952,1.3181848906531939,33.68524294662926
1,2006-10-17,11.883395091165903,1.4381848087875952,1.3181848906531939,32.5738629188234
1,2006-10-18,11.883395091165903,1.4381848087875952,1.3181848906531939,31.416661198389132
1,2006-10-19,11.883395091165903,1.4381848087875952,1.3181848906531939,30.467604262855897
1,2006-10-20,11.604855642251993,1.404474644225798,1.3150951466011582,29.783930021627828
1,2006-10-23,11.604855642251993,1.404474644225798,1.3150951466011582,29.320669347400226
1,2006-10-26,11.424970708664024,1.404474644225798,1.3130566395279044,28.895495206910564
1,2006-10-27,11.350288481209413,1.404474644225798,1.3121983266524093,28.7355079469241
1,2006-10-30,11.350288481209413,1.404474644225798,1.3121983266524093,28.63966588512919
1,2006-10-31,11.350288481209413,1.404474644225798,1.3121983266524093,29.14417357828336
1,2006-11-01,11.481446537197806,1.404474644225798,1.3137146350870352,29.510092729541206
1,2006-11-02,11.54756678966171,1.404474644225798,1.3144711873477286,29.70954785273262
1,2006-11-03,11.84122775573701,1.404474644225798,1.3178139597757716,30.4947875207406
1,2006-11-06,12.482698938957174,1.404474644225798,1.324952912741454,32.17726703792753
1,2006-11-07,13.44759724025347,1.513038922276103,1.3351946466890054,34.6967101163964
1,2006-11-08,14.506617628224781,1.513038922276103,1.3457095240123775,37.46382978299492
1,2006-11-09,15.59074657387843,1.513038922276103,1.3557664696410061,40.301093216219755
1,2006-11-10,15.59074657387843,1.513038922276103,1.3557664696410061,43.366949860746296
1,2006-11-13,16.807778423051968,1.513038922276103,1.3663497407228362,46.79559146258996
1,2006-11-14,16.807778423051968,1.513038922276103,1.3663497407228362,48.63991837359419
1,2006-11-15,16.807778423051968,1.513038922276103,1.3663497407228362,51.644435444259834
1,2006-11-16,16.807778423051968,1.513038922276103,1.3663497407228362,56.937833376891945
1,2006-11-17,18.236701249078564,1.513038922276103,1.377965840624395,61.83537344388435
1,2006-11-20,18.236701249078564,1.513038922276103,1.377965840624395,65.95920956700151
1,2006-11-21,18.236701249078564,1.513038922276103,1.377965840624395,68.4487224335193
1,2006-11-22,18.236701249078564,1.513038922276103,1.377965840624395,71.45948853089561
1,2006-11-23,18.236701249078564,1.513038922276103,1.377965840624395,74.59167838185165
1,2006-11-24,18.236701249078564,1.513038922276103,1.377965840624395,76.33647661624966
1,2006-11-27,18.236701249078564,1.513038922276103,1.377965840624395,77.16835888179261
1,2006-11-28,18.236701249078564,1.513038922276103,1.377965840624395,75.19863283293712
1,2006-11-29,18.236701249078564,1.513038922276103,1.377965840624395,72.37678265499194
1,2006-11-30,18.236701249078564,1.513038922276103,1.377965840624395,69.40635984666753
1,2006-12-01,18.236701249078564,1.513038922276103,1.377965840624395,67.70526502550285
1,2006-12-04,18.236701249078564,1.513038922276103,1.377965840624395,67.0721592367254
1,2006-12-05,18.236701249078564,1.513038922276103,1.377965840624395,64.25567733720017
1,2006-12-06,18.236701249078564,1.513038922276103,1.377965840624395,60.5110940027418
1,2006-12-07,18.236701249078564,1.513038922276103,1.377965840624395,57.60536093026229
1,2006-12-08,17.862840772929303,1.4820209522941092,1.3751409494433802,56.48203080445117
1,2006-12-11,17.862840772929303,1.4820209522941092,1.3751409494433802,57.34602725252711
1,2006-12-12,17.862840772929303,1.4820209522941092,1.3751409494433802,61.210038905865616
1,2006-12-13,17.862840772929303,1.4820209522941092,1.3751409494433802,66.18231633151935
1,2006-12-14,17.862840772929303,1.4820209522941092,1.3751409494433802,70.35037602179464
1,2006-12-15,19.204476103885753,1.4820209522941092,1.3854693048615967,75.7045752109318
1,2006-12-18,19.204476103885753,1.4820209522941092,1.3854693048615967,82.04293232129572
1,2006-12-19,19.204476103885753,1.4820209522941092,1.3854693048615967,90.46386141237491
1,2006-12-20,19.204476103885753,1.4820209522941092,1.3854693048615967,101.2233505770361
1,2006-12-21,19.204476103885753,1.4820209522941092,1.3854693048615967,110.73628022103775
1,2006-12-22,20.890284901037674,1.6121158294168108,1.3976312421604073,120.56767716133965
1,2006-12-26,20.890284901037674,1.6121158294168108,1.3976312421604073,125.0204031025767
1,2006-12-27,20.890284901037674,1.6121158294168108,1.3976312421604073,133.5554524049022
1,2006-12-28,20.890284901037674,1.6121158294168108,1.3976312421604073,145.90373061152337
1,2006-12-29,20.890284901037674,1.6121158294168108,1.3976312421604073,158.36285559287333
1,2007-01-02,20.890284901037674,1.6121158294168108,1.3976312421604073,167.95214515357864
1,2007-01-03,20.890284901037674,1.6121158294168108,1.3976312421604073,171.1664774410354
1,2007-01-04,20.890284901037674,1.6121158294168108,1.3976312421604073,178.83398249469346
1,2007-01-05,20.890284901037674,1.6121158294168108,1.3976312421604073,183.81103621658775
1,2007-01-08,20.890284901037674,1.6121158294168108,1.3976312421604073,194.10402561970838
1,2007-01-09,20.890284901037674,1.6121158294168108,1.3976312421604073,201.25700396653724
1,2007-01-10,20.890284901037674,1.6121158294168108,1.3976312421604073,212.9456794961074
1,2007-01-11,20.890284901037674,1.6121158294168108,1.3976312421604073,219.2457858902954
1,2007-01-12,20.890284901037674,1.6121158294168108,1.3976312421604073,214.90708042799247
1,2007-01-15,20.890284901037674,1.6121158294168108,1.3976312421604073,207.0567862033278
1,2007-01-16,20.890284901037674,1.6121158294168108,1.3976312421604073,202.0449631122594
1,2007-01-17,20.890284901037674,1.6121158294168108,1.3976312421604073,201.40226850913714
1,2007-01-18,20.716147273621978,1.598677524147935,1.3964662020967373,199.92481798265266
1,2007-01-19,20.716147273621978,1.598677524147935,1.3964662020967373,199.96331985343465
1,2007-01-22,20.716147273621978,1.598677524147935,1.3964662020967373,198.87479858316587
1,2007-01-23,20.72405634936276,1.598677524147935,1.3965195168217968,199.14960042668417
1,2007-01-24,20.390208240490512,1.598677524147935,1.3942698346561309,196.14060793541287
1,2007-01-25,19.44521126235318,1.598677524147935,1.3878080037374958,187.24648915988033
1,2007-01-29,19.44521126235318,1.598677524147935,1.3878080037374958,180.77528864562632
1,2007-01-31,19.44521126235318,1.598677524147935,1.3878080037374958,178.34919853333196
1,2007-02-01,19.428775294256592,1.598677524147935,1.387690699956293,178.37679895893623
1,2007-02-02,19.548284280521163,1.598677524147935,1.3885442870007092,179.6523952220064
1,2007-02-05,19.435171306253913,1.589427036122714,1.3877408283853618,178.79251819018577
1,2007-02-06,19.197942938573853,1.589427036122714,1.386046932888928,176.7889446990773
1,2007-02-07,19.002387875026155,1.589427036122714,1.3846350707070867,175.16491709661943
1,2007-02-08,18.58789656823013,1.589427036122714,1.3816148229168221,171.51928139277854
1,2007-02-09,18.58789656823013,1.589427036122714,1.3816148229168221,171.34607692132687
1,2007-02-12,18.58789656823013,1.589427036122714,1.3816148229168221,172.48537896258287
1,2007-02-13,18.58789656823013,1.589427036122714,1.3816148229168221,164.29407890009523
1,2007-02-14,18.58789656823013,1.589427036122714,1.3816148229168221,163.49916327827913
1,2007-02-15,18.58789656823013,1.589427036122714,1.3816148229168221,152.9092062397538
1,2007-02-19,16.380285203373926,1.589427036122714,1.3652059270865213,134.90169044863393
1,2007-02-20,16.380285203373926,1.589427036122714,1.3652059270865213,124.28228449936981
1,2007-02-21,16.380285203373926,1.589427036122714,1.3652059270865213,115.37144958640468
1,2007-02-22,16.380285203373926,1.589427036122714,1.3652059270865213,108.6058654792092
1,2007-02-23,16.380285203373926,1.589427036122714,1.3652059270865213,103.06228129197386
1,2007-02-26,16.380285203373926,1.589427036122714,1.3652059270865213,98.9673585349374
1,2007-02-27,16.380285203373926,1.589427036122714,1.3652059270865213,99.06521812104627
1,2007-02-28,16.380285203373926,1.589427036122714,1.3652059270865213,100.73788991833703
1,2007-03-01,16.380285203373926,1.589427036122714,1.3652059270865213,99.10395729925914
1,2007-03-02,16.75831630392249,1.6261085007154887,1.3683566066545771,101.49022400014972
1,2007-03-05,18.269391607001893,1.6261085007154887,1.3806948979042613,110.74295401515008
1,2007-03-06,19.10183725577105,1.6261085007154887,1.3869860404051297,115.89970464062063
1,2007-03-07,20.288019165851527,1.6261085007154887,1.3955989174212695,123.21272005657009
1,2007-03-08,21.677269297777066,1.6261085007154887,1.4051554737528311,131.77309395013395
1,2007-03-09,23.015617362968896,1.6261085007154887,1.413830861246327,140.040498101202
1,2007-03-12,23.015617362968896,1.6261085007154887,1.413830861246327,143.02840393602725
1,2007-03-13,23.015617362968896,1.6261085007154887,1.413830861246327,135.7492570040919
1,2007-03-14,23.652600728994038,1.6261085007154887,1.4177437988259896,139.64202121742758
1,2007-03-15,23.652600728994038,1.6261085007154887,1.4177437988259896,139.59110236889103
1,2007-03-16,23.652600728994038,1.6261085007154887,1.4177437988259896,134.1265534250712
1,2007-03-19,23.652600728994038,1.6261085007154887,1.4177437988259896,127.93028759452605
1,2007-03-20,22.59827660205036,1.5536240646496087,1.4114241492024506,122.35567420317483
1,2007-03-21,21.277212942606365,1.5536240646496087,1.4031731609328237,115.32528820760318
1,2007-03-22,21.277212942606365,1.5536240646496087,1.4031731609328237,107.727201500372
1,2007-03-23,21.277212942606365,1.5536240646496087,1.4031731609328237,100.12976787421255
1,2007-03-26,21.277212942606365,1.5536240646496087,1.4031731609328237,94.50945601074432
1,2007-03-28,21.255049052250317,1.5536240646496087,1.4030269962251933,94.50551755319222
1,2007-03-29,21.255049052250317,1.5536240646496087,1.4030269962251933,95.53888371419943
1,2007-03-30,21.255049052250317,1.5536240646496087,1.4030269962251933,99.13170830758321
1,2007-04-02,22.32496608170796,1.5536240646496087,1.4100894239446493,104.22084039729576
1,2007-04-03,23.13519768935543,1.5536240646496087,1.4152070085210733,108.10750904775536
1,2007-04-04,23.971138156054252,1.6097609191133708,1.4203205537912003,112.12184821215688
1,2007-04-05,25.220798347565985,1.6097609191133708,1.4277249500434928,118.07909136405087
1,2007-04-09,25.82962201468285,1.6097609191133708,1.4311714418148511,121.0475697339543
1,2007-04-10,26.397031311853993,1.6097609191133708,1.4343153514758982,123.82771608678215
1,2007-04-11,27.05353428279661,1.6097609191133708,1.4378825415829526,127.03118039289356
1,2007-04-12,27.915163834661513,1.6097609191133708,1.442462061866653,131.20403486168397
1,2007-04-13,27.915163834661513,1.6097609191133708,1.442462061866653,128.3449928975823
1,2007-04-16,27.915163834661513,1.6097609191133708,1.442462061866653,126.91643117230166
1,2007-04-17,27.915163834661513,1.6097609191133708,1.442462061866653,130.97186426827614
1,2007-04-18,28.458979171043858,1.6097609191133708,1.4452721223629443,133.65429915979118
1,2007-04-19,28.458979171043858,1.6097609191133708,1.4452721223629443,136.88032610969327
1,2007-04-20,28.631916132321024,1.6195429692726913,1.446150372308446,137.84898847245884
1,2007-04-23,28.412831986150543,1.6195429692726913,1.445043814793793,136.93205203195816
1,2007-04-24,28.412831986150543,1.6195429692726913,1.445043814793793,137.4742548506908
1,2007-04-25,29.110240955209242,1.6195429692726913,1.4485907562518328,140.98611214466501
1,2007-04-26,29.110240955209242,1.6195429692726913,1.4485907562518328,142.10567820016973
1,2007-04-27,29.110240955209242,1.6195429692726913,1.4485907562518328,142.51433117413848
1,2007-04-30,29.110240955209242,1.6195429692726913,1.4485907562518328,137.80887619642397
1,2007-05-03,29.110240955209242,1.6195429692726913,1.4485907562518328,133.51503779632532
1,2007-05-04,29.110240955209242,1.6195429692726913,1.4485907562518328,131.39649301098723
1,2007-05-07,28.261269446653383,1.6195429692726913,1.4443660839741026,127.6958401897336
1,2007-05-08,28.261269446653383,1.6195429692726913,1.4443660839741026,124.07633554826502
1,2007-05-09,28.261269446653383,1.6195429692726913,1.4443660839741026,123.46571625206737
1,2007-05-10,28.119247170968727,1.6114042273630482,1.443640241992535,122.96872569248745
1,2007-05-11,28.119247170968727,1.6114042273630482,1.443640241992535,120.74996787764809
1,2007-05-14,28.119247170968727,1.6114042273630482,1.443640241992535,118.3595965879286
1,2007-05-15,27.934410921792555,1.6114042273630482,1.4426912939432956,117.6999430409106
1,2007-05-16,27.711379976864748,1.6114042273630482,1.4415394357443592,116.87791564952312
1,2007-05-17,26.76032487482086,1.6114042273630482,1.4365920695853778,112.98354121730922
1,2007-05-18,26.76032487482086,1.6114042273630482,1.4365920695853778,109.9038502996845
1,2007-05-21,26.107305842107426,1.6114042273630482,1.4330864246872954,107.33182460129957
1,2007-05-22,25.601757214247588,1.6114042273630482,1.4303113590409708,105.36075519288802
1,2007-05-23,24.890133639887154,1.6114042273630482,1.4263356816167563,102.53752020442812
1,2007-05-24,24.50451693175615,1.5864391386811483,1.4241258948868312,101.05146918697264
1,2007-05-25,24.28376955689914,1.5864391386811483,1.4228429801750755,100.2422049535244
1,2007-05-28,24.28376955689914,1.5864391386811483,1.4228429801750755,99.90274546933298
1,2007-05-29,23.987287274593452,1.5864391386811483,1.4211058209867686,98.78292843793855
1,2007-05-30,23.718621879427193,1.5864391386811483,1.4195141363890156,97.77531053827748
1,2007-05-31,23.62031474614041,1.5864391386811483,1.4189257870063328,97.46783420586173
1,2007-06-01,22.931908103135168,1.5864391386811483,1.4147903724354232,94.72463267271243
1,2007-06-04,22.045304446188073,1.5864391386811483,1.4093204468087663,91.15707131710687
1,2007-06-05,21.146409746224062,1.5864391386811483,1.4035739592368681,87.5313095102473
1,2007-06-06,20.185403739995916,1.5864391386811483,1.3971953681606553,83.6409497648761
1,2007-06-07,19.13838794483632,1.5041506267616496,1.3899481233780828,79.3861391952168
1,2007-06-08,19.13838794483632,1.5041506267616496,1.3899481233780828,74.17115589716441
1,2007-06-11,19.13838794483632,1.5041506267616496,1.3899481233780828,68.36548116454085
1,2007-06-12,19.13838794483632,1.5041506267616496,1.3899481233780828,62.99665670047892
1,2007-06-13,18.00426885654889,1.5041506267616496,1.3817114489883902,59.32654317735467
1,2007-06-14,18.00426885654889,1.5041506267616496,1.3817114489883902,55.99217668737763
1,2007-06-15,17.45346275593882,1.5041506267616496,1.3774843676142485,54.33519552693188
1,2007-06-18,17.013408731504743,1.5041506267616496,1.3740113173202178,53.01957784867146
1,2007-06-19,16.52119285874981,1.5041506267616496,1.3700361575482811,51.538685075636764
1,2007-06-20,16.081919610917325,1.5041506267616496,1.366393440961655,50.21988895645519
1,2007-06-21,15.589248657458523,1.4580708464020182,1.362207483217522,48.731618343445966
1,2007-06-22,15.829390014680262,1.4580708464020182,1.364305867565769,49.53102609928293
1,2007-06-25,16.530681558042172,1.4580708464020182,1.3703501697567921,51.77493667539968
1,2007-06-26,17.41897303048001,1.4580708464020182,1.3777138732179874,54.60888575131328
1,2007-06-27,17.643665710204356,1.4580708464020182,1.3794910286307955,55.367911416099304
1,2007-06-28,18.02488162205558,1.4580708464020182,1.3824716106652077,56.6195799820658
1,2007-06-29,17.79749341794232,1.4580708464020182,1.380727589576037,55.96192998293366
1,2007-07-02,17.68321494149748,1.4580708464020182,1.3798410184077452,55.658557935531036
1,2007-07-03,18.10698520571521,1.4580708464020182,1.383147745125051,57.048048711213745
1,2007-07-04,18.88272446548693,1.4580708464020182,1.3890734251638217,59.549148631392214
1,2007-07-05,20.062217847503543,1.5491480062147291,1.3977501546003526,63.328384885760315
1,2007-07-06,20.34084224820114,1.5491480062147291,1.3996913522391718,64.27121888762538
1,2007-07-09,20.565956232143098,1.5491480062147291,1.4012404036144634,65.04678563498987
1,2007-07-10,20.565956232143098,1.5491480062147291,1.4012404036144634,64.42828728457481
1,2007-07-11,20.532858571365587,1.5491480062147291,1.4010148960862792,64.38902841173172
1,2007-07-12,20.981248226493996,1.5491480062147291,1.4040743852650628,65.85952337241011
1,2007-07-13,21.27424692531891,1.5491480062147291,1.4060351454805422,66.8450972256944
1,2007-07-16,21.40664016698251,1.5491480062147291,1.406910144964456,67.32793068396971
1,2007-07-17,21.39542145442785,1.5491480062147291,1.406836412139578,67.35997364254449
1,2007-07-18,20.429557527556444,1.5491480062147291,1.400485462033785,64.38646953248944
1,2007-07-19,18.904821118463342,1.4335291356168938,1.3900331006868092,59.645446280507876
1,2007-07-20,17.61584159936808,1.4335291356168938,1.3805554960777928,55.63831118540652
1,2007-07-23,17.61584159936808,1.4335291356168938,1.3805554960777928,51.363651726832856
1,2007-07-24,16.657231448465282,1.4335291356168938,1.3730428574964362,48.61993359634474
1,2007-07-25,16.704406500731107,1.4335291356168938,1.3734317178467652,48.806250356431406
1,2007-07-26,16.704406500731107,1.4335291356168938,1.3734317178467652,47.024909425880786
1,2007-07-27,16.564555992533744,1.4335291356168938,1.3722818708066633,46.67823836766744
1,2007-07-30,16.519569529060004,1.4335291356168938,1.3719091828319023,46.598146599866986
1,2007-07-31,16.130883934555204,1.4335291356168938,1.3686812455942063,45.54834642433565
1,2007-08-01,15.7220221327572,1.4335291356168938,1.3652121146871143,44.43940261375674
1,2007-08-02,15.146414387656405,1.381045398708172,1.3602138602623095,42.85684619381438
1,2007-08-03,14.560291720917363,1.381045398708172,1.3549502239012043,41.24126637399339
1,2007-08-06,13.430650337380705,1.381045398708172,1.3444380179997788,38.08285737933632
1,2007-08-07,12.407468928249445,1.381045398708172,1.334195744162018,35.21969043135937
1,2007-08-08,10.837400357366409,1.381045398708172,1.3173125360119233,30.79813256769943
1,2007-08-09,9.62240800323889,1.381045398708172,1.302544006600136,27.3761196609734
1,2007-08-10,9.62240800323889,1.381045398708172,1.302544006600136,24.553592688500828
1,2007-08-13,8.715853337551637,1.381045398708172,1.2902723658003605,22.264881867161943
1,2007-08-14,7.94640389028455,1.381045398708172,1.2788816353665236,20.32156743250435
1,2007-08-16,7.631702924453134,1.381045398708172,1.2738168879488145,19.537095160293703
1,2007-08-17,7.683323780248726,1.3903867929002143,1.274678497979154,19.688781211187433
1,2007-08-20,7.717130265913083,1.3903867929002143,1.275239354212746,19.79510027361568
1,2007-08-21,8.095934569397654,1.3903867929002143,1.2814990147174081,20.786560865228136
1,2007-08-22,8.454400440550016,1.3903867929002143,1.2871731423521346,21.727719569042883
1,2007-08-23,9.033954027132614,1.3903867929002143,1.2959967817863989,23.23889386652686
1,2007-08-24,9.538091722148588,1.3903867929002143,1.3032290615650608,24.55897380623057
1,2007-08-27,9.721359673519068,1.3903867929002143,1.3057331276533002,25.05541677406231
1,2007-08-28,9.660609803930715,1.3903867929002143,1.3049171603412564,24.923898074393342
1,2007-08-29,9.501114218825338,1.3903867929002143,1.3027627567349955,24.537331208720637
1,2007-08-30,9.353547643607897,1.3903867929002143,1.300739370488872,24.18076692931272
1,2007-08-31,8.9759756408323,1.3342614438849845,1.295488712792803,23.22884954118641
1,2007-09-03,8.429075677802158,1.3342614438849845,1.287595390022303,21.83676071790361
1,2007-09-04,7.9174007804412,1.3342614438849845,1.2797792276788194,20.53302837399787
1,2007-09-05,7.545490494208866,1.3342614438849845,1.273767620181874,19.58904733120663
1,2007-09-06,7.006330815270129,1.3342614438849845,1.2646659701080065,18.20890968377689
1,2007-09-07,6.6188179834754965,1.3342614438849845,1.2576712348568142,17.220002837511164
1,2007-09-10,6.359391603459059,1.3342614438849845,1.2527417580752458,16.562280122304244
1,2007-09-11,6.218493101471412,1.3342614438849845,1.2499661869499488,16.211888988602634
1,2007-09-12,6.366267575168168,1.3342614438849845,1.25293657048823,16.613355524308478
1,2007-09-13,6.555681635222352,1.3342614438849845,1.256664403162625,17.12426213468388
1,2007-09-14,6.790848555888052,1.382124377532579,1.2611723386367055,17.755671869933863
1,2007-09-17,7.083558864197832,1.382124377532579,1.266608450796121,18.538761674132413
1,2007-09-18,7.618809290929698,1.382124377532579,1.276179243201297,19.958133023972444
1,2007-09-19,8.030093265220772,1.382124377532579,1.2830684046307144,21.055485268869205
1,2007-09-20,8.589030484518153,1.382124377532579,1.2919992434462322,22.542114564857087
1,2007-09-21,9.091411877720452,1.382124377532579,1.2995562824055047,23.883168581461614
1,2007-09-24,9.873897907152722,1.382124377532579,1.3107413947854116,25.962645095161136
1,2007-09-25,11.08433790110752,1.382124377532579,1.3268097582716396,29.17136537736657
1,2007-09-26,11.406076584498376,1.382124377532579,1.3306610124335487,30.047277141039597
1,2007-09-27,11.405405638816934,1.382124377532579,1.3306531850158285,30.075556931289988
1,2007-09-28,11.405405638816934,1.382124377532579,1.3306531850158285,30.47272505593421
1,2007-10-01,11.686895729446139,1.4162357742345413,1.3339372916711094,31.255277137862844
1,2007-10-03,11.843061772933114,1.4162357742345413,1.335719764227745,31.704180786450685
1,2007-10-04,12.32006102627476,1.4162357742345413,1.3410996004763953,33.01282422947322
1,2007-10-05,12.721739173147654,1.4162357742345413,1.3454720658492736,34.12217344775585
1,2007-10-08,12.633513707780939,1.4162357742345413,1.3445389788119444,33.91965780063688
1,2007-10-09,12.259164714859105,1.4162357742345413,1.3405549184443808,32.948489718666345
1,2007-10-10,11.4027604898141,1.4162357742345413,1.3311900316616045,30.679713216492516
1,2007-10-11,11.153090832533668,1.4162357742345413,1.32827531851581,30.038643883408685
1,2007-10-12,11.223738073697632,1.4162357742345413,1.3291166905459346,30.2589568961226
1,2007-10-15,11.14825304846534,1.4162357742345413,1.3282227957823207,30.085709845500663
1,2007-10-16,10.9294573761272,1.388440723560155,1.3256160250321891,29.525333257370004
1,2007-10-17,10.9294573761272,1.388440723560155,1.3256160250321891,27.996069505933722
1,2007-10-18,9.938246569789873,1.388440723560155,1.3135937911385296,25.48505511277335
1,2007-10-19,9.142731403824541,1.388440723560155,1.3030790209984415,23.470567854329186
1,2007-10-22,8.616301158932854,1.388440723560155,1.295576009285219,22.1426242509072
1,2007-10-23,8.127291321412866,1.388440723560155,1.2882230929687029,20.908083654890614
1,2007-10-24,7.724044190362364,1.388440723560155,1.28183139066779,19.891607397789176
1,2007-10-25,7.275146286766062,1.388440723560155,1.2743817773583184,18.755459417639067
1,2007-10-26,6.5381829432130445,1.388440723560155,1.2614724471732548,16.87430997652715
1,2007-10-29,5.793038082627265,1.388440723560155,1.2470956743153239,14.968049760573537
1,2007-10-30,5.445795657047673,1.3052157356098153,1.239620416588679,14.085812953241163
1,2007-10-31,5.445795657047673,1.3052157356098153,1.239620416588679,13.301458601842917
1,2007-11-01,5.226627659339519,1.3052157356098153,1.2346315198005615,12.7794380924618
1,2007-11-02,5.079628951544363,1.3052157356098153,1.231159123260327,12.432796311293837
1,2007-11-05,4.823405793824961,1.3052157356098153,1.2249489948980792,11.81810252797704
1,2007-11-06,4.532818524423734,1.3052157356098153,1.2175692595243954,11.117936134507373
1,2007-11-07,4.3152949433450525,1.3052157356098153,1.211726316019907,10.595519963959424
1,2007-11-08,4.185835390840283,1.3052157356098153,1.208091117297926,10.288248155942725
1,2007-11-12,4.273934666523168,1.3052157356098153,1.210633786620895,10.5150731586418
1,2007-11-13,4.488918014447186,1.3052157356098153,1.2167234001705893,11.05450732104561
1,2007-11-14,4.438024902678541,1.2904178511082949,1.215343939913193,10.940231342305962
1,2007-11-15,4.369520197566666,1.2904178511082949,1.2134679527333325,10.782299758281024
1,2007-11-16,4.4954049100171805,1.2904178511082949,1.2169639215672292,11.103717240680716
1,2007-11-19,4.74610925012585,1.2904178511082949,1.2237508104682204,11.734064420812814
1,2007-11-20,5.079065942314656,1.2904178511082949,1.2323358640446014,12.56898545156412
1,2007-11-21,5.549208350865047,1.2904178511082949,1.2437429486905809,13.744999283045821
1,2007-11-22,6.042106974423089,1.2904178511082949,1.2547902756011668,14.979619549404292
1,2007-11-23,6.675203162760139,1.2904178511082949,1.2679380557382662,16.5641741664855
1,2007-11-26,7.01072445545952,1.2904178511082949,1.2743111983251074,17.4133172140325
1,2007-11-27,7.32294321732229,1.2904178511082949,1.279986273234935,18.206223046325356
1,2007-11-28,7.8923069225380225,1.3907486972147596,1.2899382516338715,19.63997521913671
1,2007-11-29,8.403596868007522,1.3907486972147596,1.298294901531172,20.93195824403358
1,2007-11-30,8.403596868007522,1.3907486972147596,1.298294901531172,21.51512507952072
1,2007-12-03,8.09503623216225,1.3907486972147596,1.2935278630044165,20.746654585454102
1,2007-12-04,7.891975365902626,1.3907486972147596,1.2902830981774347,20.246979399878597
1,2007-12-05,7.817629844681328,1.3907486972147596,1.2890676005990782,20.076491846179906
1,2007-12-06,7.883794346346623,1.3907486972147596,1.2901586028222718,20.266485704872714
1,2007-12-07,8.225361455227262,1.3907486972147596,1.2957482430970424,21.164802102241254
1,2007-12-10,8.731023213454096,1.3907486972147596,1.303713976133703,22.48709283075989
1,2007-12-11,9.304611509765595,1.3907486972147596,1.3122787807409764,23.98687908434862
1,2007-12-12,9.549253713051622,1.4273150627364901,1.3157290996705633,24.641542799643872
1,2007-12-13,9.98303663161864,1.4273150627364901,1.3217059102784812,25.785547245014023
1,2007-12-14,10.108828497667785,1.4273150627364901,1.323371333926187,26.136245163588562
1,2007-12-17,10.4741559547774,1.4273150627364901,1.328153924553247,27.106930817836517
1,2007-12-18,10.52778337508081,1.4273150627364901,1.3288339360887556,27.272824566263328
1,2007-12-19,10.31892851447188,1.4273150627364901,1.3261977360777337,26.7590469369723
1,2007-12-20,9.620088726251085,1.4273150627364901,1.3172161858739537,24.97357454261208
1,2007-12-24,8.554140235247838,1.4273150627364901,1.3026208464169906,22.231365312903325
1,2007-12-26,7.737051089023485,1.4273150627364901,1.2901782475586372,20.130062716489498
1,2007-12-27,6.8300539823863335,1.4273150627364901,1.2750537779885447,17.79039077839165
1,2007-12-28,6.240035700816397,1.3040156008659944,1.2640391499791888,16.271347664984926
1,2007-12-31,5.5605042842151455,1.3040156008659944,1.2502739352367087,14.5156913412502
1,2008-01-01,4.950936376039892,1.3040156008659944,1.2365678606004251,12.938930566584295
1,2008-01-02,4.4506561007431324,1.3040156008659944,1.2240726382275793,11.64442152079977
1,2008-01-03,4.057287623971215,1.3040156008659944,1.2132537481974697,10.626880974341956
1,2008-01-04,3.641527856622414,1.3040156008659944,1.2008212528253048,9.548546467557617
1,2008-01-07,3.0983385423829715,1.3040156008659944,1.1829091758475025,8.133783952319662
1,2008-01-08,2.5068429276618343,1.3040156008659944,1.1603265697004979,6.589118559205307
1,2008-01-09,2.191452555002256,1.3040156008659944,1.1457282945079639,5.766718938599982
1,2008-01-10,1.8802944854539858,1.3040156008659944,1.1294604267171615,4.953685757688423
1,2008-01-11,1.67865363421065,1.1641743058840952,1.1173482089953761,4.427411265785891
1,2008-01-14,1.4903608228138316,1.1641743058840952,1.1048150317339531,3.9352206151387583
1,2008-01-15,1.3742395372074445,1.1641743058840952,1.0962068786022847,3.6325435912694273
1,2008-01-16,1.2636474149915684,1.1641743058840952,1.0873851381553012,3.3438466726939247
1,2008-01-17,1.1953462087049054,1.1641743058840952,1.081507729967457,3.166452792471365
1,2008-01-18,1.2289577604948958,1.1641743058840952,1.0845487864256074,3.25865570286052
1,2008-01-21,1.4415635175934665,1.1641743058840952,1.1033111331278649,3.825651360029765
1,2008-01-22,1.718977330428585,1.1641743058840952,1.1245432012572938,4.565683579752054
1,2008-01-23,1.7845821813698257,1.1641743058840952,1.1288350256920625,4.744498792625961
1,2008-01-24,1.8585616315733824,1.1641743058840952,1.133514585728189,4.945925414457879
1,2008-01-25,1.885697239028015,1.1811716313623453,1.1351695540822049,5.0230834679323575
1,2008-01-28,1.9981497079585007,1.1811716313623453,1.1419390723468157,5.327655241360751
1,2008-01-29,1.989128010789368,1.1811716313623453,1.1414234839274255,5.308928396572579
1,2008-01-30,1.9850808929919361,1.1811716313623453,1.1411912477278872,5.303435677974832
1,2008-01-31,1.9832093798388069,1.1811716313623453,1.1410836574307917,5.303739090901521
1,2008-02-01,1.9832093798388069,1.1811716313623453,1.1410836574307917,4.979637621702707
1,2008-02-04,1.9832093798388069,1.1811716313623453,1.1410836574307917,4.354662812800012
1,2008-02-05,1.8159328138444324,1.1811716313623453,1.131459027895062,3.991717356526145
1,2008-02-06,1.77403448697313,1.1811716313623453,1.1288484555307754,3.903609698120242
1,2008-02-07,1.8441058464686897,1.1811716313623453,1.133307215860653,4.0616992836243
1,2008-02-08,1.8466748750044475,1.182817124560259,1.133465097176571,4.071419346490079
1,2008-02-11,1.8339246952595205,1.182817124560259,1.1326825076737184,4.04738006308788
1,2008-02-12,1.903674598375927,1.182817124560259,1.136990454198246,4.205361990193918
1,2008-02-13,1.9206115415802028,1.182817124560259,1.1380020316371102,4.246982348025365
1,2008-02-14,1.9342968037747363,1.182817124560259,1.138812911705448,4.281491080711755
1,2008-02-15,1.9427798536681058,1.182817124560259,1.1393123493682904,4.304549474274453
1,2008-02-18,1.930362556297169,1.182817124560259,1.138584156711064,4.281341451611922
1,2008-02-19,1.8917189796884637,1.182817124560259,1.1363048458146838,4.199915397924897
1,2008-02-20,1.866770560052788,1.182817124560259,1.1348062611712022,4.148725874982978
1,2008-02-21,1.7250975467218637,1.182817124560259,1.1261939857257195,3.838019358992462
1,2008-02-22,1.5952185829099572,1.0937653124996662,1.1177151082155632,3.552900977953566
1,2008-02-25,1.4568144433947194,1.0937653124996662,1.1080176034702536,3.2481975635245757
1,2008-02-26,1.3339833953415796,1.0937653124996662,1.0986753729540295,2.9775745671138956
1,2008-02-27,1.1839054720203745,1.0937653124996662,1.0863148803907117,2.645564308153993
1,2008-02-28,1.0791684142054083,1.0937653124996662,1.07670453335527,2.4141636344432658
1,2008-02-29,0.9728659634113133,1.0937653124996662,1.0660985584981342,2.1787729220442897
1,2008-03-03,0.9364682524009325,1.0937653124996662,1.0621099774705138,2.099437539721617
1,2008-03-04,0.883899565333364,1.0937653124996662,1.0561478183803534,1.9836849574405102
1,2008-03-05,0.8309087348555512,1.0937653124996662,1.0498160865639454,1.8667443692974517
1,2008-03-07,0.8598811223322286,1.0937653124996662,1.053476618360433,1.9337013443003144
1,2008-03-10,0.9051276924259005,1.1513187668002043,1.059019966436898,2.037385568063116
1,2008-03-11,0.9360971282797418,1.1513187668002043,1.0626434608005055,2.1091332079827643
1,2008-03-12,0.9891524272444283,1.1513187668002043,1.0686662189954002,2.230781958956174
1,2008-03-13,1.0271737104482785,1.1513187668002043,1.0727739843755049,2.318760084086289
1,2008-03-14,1.0625643406028331,1.1513187668002043,1.0764701602933924,2.4009702780323536
1,2008-03-17,1.1412092331281813,1.1513187668002043,1.0844375724140538,2.5810772396156114
1,2008-03-18,1.234552404303737,1.1513187668002043,1.093307535871463,2.7947729202083442
1,2008-03-19,1.326808836154085,1.1513187668002043,1.1014776752533941,3.006417294450914
1,2008-03-24,1.454989591062856,1.1513187668002043,1.1121188645552675,3.2998685956447895
1,2008-03-25,1.454989591062856,1.1513187668002043,1.1121188645552675,3.3407168485820944
1,2008-03-26,1.4500559850843027,1.1474148535447446,1.1117417652060533,3.33272980012015
1,2008-03-27,1.5286353911488813,1.1474148535447446,1.1177663607048263,3.5166651624813428
1,2008-03-28,1.5919515949226644,1.1474148535447446,1.1223961581748871,3.665842388246498
1,2008-03-31,1.911912473973232,1.1474148535447446,1.1449548127569733,4.406293291653614
1,2008-04-01,2.230547791539417,1.1474148535447446,1.1640363892061083,5.145043170955816
1,2008-04-02,2.62044826455329,1.1474148535447446,1.1843837828140074,6.0495434189968655
1,2008-04-03,2.937466854879281,1.1474148535447446,1.1987123113452383,6.787459243749676
1,2008-04-04,2.982651439796849,1.1474148535447446,1.2005561897921984,6.898652486522289
1,2008-04-07,2.930348475790085,1.1474148535447446,1.1984509271274104,6.784578246272032
1,2008-04-08,2.9386462296792253,1.1474148535447446,1.1987902878185936,6.8105744510515605
1,2008-04-09,2.9794728301544446,1.1633558835781954,1.2004557666925064,6.912004309481606
1,2008-04-10,2.917370998368224,1.1633558835781954,1.1979536293568196,6.774847831410999
1,2008-04-11,2.922646645468314,1.1633558835781954,1.198170262092056,6.793874020033596
1,2008-04-15,2.922646645468314,1.1633558835781954,1.198170262092056,6.423197470240309
1,2008-04-16,2.835072725690909,1.1633558835781954,1.1945800755542884,6.237156559589424
1,2008-04-17,2.6241887757242344,1.1633558835781954,1.1856943153195845,5.779449281874853
1,2008-04-21,2.4727090101631726,1.1633558835781954,1.1788499640833772,5.45161339433751
1,2008-04-22,2.6919495212472206,1.1633558835781954,1.1893021308185157,5.940427385550953
1,2008-04-23,2.8644014842342713,1.1633558835781954,1.1969210510629529,6.326924118147479
1,2008-04-24,2.9459497001636206,1.1633558835781954,1.200328631210488,6.513375712984832
1,2008-04-25,3.067559938623261,1.2113797810695586,1.2052836462626233,6.7887644104961895
1,2008-04-28,3.1457302698988596,1.2113797810695586,1.2083550588444325,6.968550597463539
1,2008-04-29,3.1457302698988596,1.2113797810695586,1.2083550588444325,7.432330101130121
1,2008-04-30,3.360326455705022,1.2113797810695586,1.2165982445113313,7.9467829175764235
1,2008-05-02,3.489776869146734,1.2113797810695586,1.2212849661087843,8.260864936987256
1,2008-05-05,3.5940901848277544,1.2113797810695586,1.2249355228344165,8.516052251459946
1,2008-05-06,3.698082869227594,1.2113797810695586,1.2284797948667103,8.77097479007537
1,2008-05-07,3.6729633498107086,1.2113797810695586,1.2276453402816823,8.720168227169452
1,2008-05-08,3.6126640134563788,1.2113797810695586,1.2256299049983086,8.585728688392322
1,2008-05-09,3.7605311481531736,1.2113797810695586,1.2306464352257462,8.945730185529666
1,2008-05-12,3.9271690462447606,1.265058841966904,1.236099716349628,9.351082065879176
1,2008-05-13,4.376251710728165,1.265058841966904,1.2502348591878585,10.429755298455373
1,2008-05-14,4.477772501304144,1.265058841966904,1.253135168395376,10.682135716878962
1,2008-05-15,4.720657951338065,1.265058841966904,1.2599324833380263,11.272243301334452
1,2008-05-16,4.729410393435648,1.265058841966904,1.260166083955164,11.304415100973443
1,2008-05-20,4.818913282198979,1.265058841966904,1.262550916216541,11.529652696565853
1,2008-05-21,4.772401477739695,1.265058841966904,1.2613323111515384,11.42989897056227
1,2008-05-22,4.870410614057806,1.265058841966904,1.2639226651065172,11.676060698263768
1,2008-05-23,5.042095131577034,1.265058841966904,1.268378058504234,12.099323995923251
1,2008-05-26,4.818840868698295,1.265058841966904,1.2627619247123598,11.57568855301167
1,2008-05-27,4.366902716417211,1.1464144685286481,1.2509190291576957,10.501630696366798
1,2008-05-28,3.8473064638997907,1.1464144685286481,1.2360349595559268,9.2625949983198
1,2008-05-29,3.4319038448741046,1.1464144685286481,1.2226892028759044,8.271753687538784
1,2008-05-30,3.0006190802957042,1.1464144685286481,1.207323759994907,7.240520401739545
1,2008-06-02,2.7748251567215934,1.1464144685286481,1.1982387558174812,6.702918185866324
1,2008-06-03,2.6188180774854297,1.1464144685286481,1.1915019807788867,6.332767562126165
1,2008-06-04,2.4633265907990363,1.1464144685286481,1.1844274758343132,5.963094278890039
1,2008-06-05,2.225406579220577,1.1464144685286481,1.1729877016761923,5.393112849541324
1,2008-06-06,1.9874427727216886,1.1464144685286481,1.1604448872047346,4.821817785705235
1,2008-06-09,1.8644607774124802,1.1464144685286481,1.1532641104984263,4.528267856418504
1,2008-06-10,1.7892057621647492,1.100141873602262,1.1486092038749323,4.350022171232308
1,2008-06-11,1.7601871332530112,1.100141873602262,1.146746306663405,4.283820397844769
1,2008-06-12,1.7447536174479152,1.100141873602262,1.1457408267962947,4.2505432063664825
1,2008-06-13,1.6584182811588215,1.100141873602262,1.1400713776206404,4.044464867911179
1,2008-06-16,1.5609838832231098,1.100141873602262,1.1333732985205605,3.8108913543389904
1,2008-06-17,1.4347204384503722,1.100141873602262,1.1242057716535203,3.5064503314839692
1,2008-06-18,1.3944276729715612,1.100141873602262,1.121048546155563,3.4114814432873546
1,2008-06-19,1.3438043336949703,1.100141873602262,1.116978688536012,3.291042411802065
1,2008-06-20,1.3123597227580948,1.100141873602262,1.1143649925234964,3.217324067042652
1,2008-06-23,1.3015690635590547,1.100141873602262,1.113448724472204,3.1940874799310084
1,2008-06-24,1.278379412950664,1.0805409884992185,1.1114649275601705,3.140373505636871
1,2008-06-25,1.2770281510487538,1.0805409884992185,1.1113474444251397,3.1401944678371105
1,2008-06-26,1.2569873483934886,1.0805409884992185,1.1096033720805427,3.094054607219712
1,2008-06-27,1.158569778381095,1.0805409884992185,1.10091557838896,2.854895359661721
1,2008-06-30,1.035438684230887,1.0805409884992185,1.089215209342267,2.5543361699321805
1,2008-07-01,0.9158597629255505,1.0805409884992185,1.0766362723384537,2.261899823888442
1,2008-07-02,0.7598798858460143,1.0805409884992185,1.0583001033946093,1.8789380565328133
1,2008-07-03,0.6940115012227733,1.0805409884992185,1.049126480094974,1.7179457080923273
1,2008-07-04,0.6516932156178518,1.0805409884992185,1.0427292901432048,1.614909601453002
1,2008-07-07,0.6208751330665182,1.0805409884992185,1.0377983016700687,1.5401566492786718
1,2008-07-08,0.6214882030278511,1.0816079457451402,1.0379007768588453,1.5432176008948169
1,2008-07-09,0.6214882030278511,1.0816079457451402,1.0379007768588453,1.5147030369112393
1,2008-07-10,0.5737397920030797,1.0816079457451402,1.0299266733030672,1.3998443915329333
1,2008-07-11,0.5735971377316189,1.0816079457451402,1.0299010652763474,1.4008961795675323
1,2008-07-14,0.6017090192590688,1.0816079457451402,1.0349485898938062,1.4709547186147078
1,2008-07-15,0.6478396453317924,1.0816079457451402,1.0428831271662693,1.5851978936631421
1,2008-07-16,0.7458225580798171,1.0816079457451402,1.0586562783143727,1.8265373394210276
1,2008-07-17,0.7931636032945184,1.0816079457451402,1.0653760931276361,1.9443032323552911
1,2008-07-18,0.8391300246310317,1.0816079457451402,1.0715502955462977,2.0589262581275687
1,2008-07-21,0.8409234873126739,1.0816079457451402,1.0717793167242027,2.0653857031370406
1,2008-07-22,0.8379091494414623,1.077730860800014,1.0713951313574333,2.0600475968012995
1,2008-07-23,0.8370712402920208,1.077730860800014,1.0712879918442975,2.0600475968012995
1,2008-07-24,0.8892192907705885,1.077730860800014,1.0779619256251656,2.190444948196484
1,2008-07-25,0.9394000567885943,1.077730860800014,1.084045121944404,2.316247427388243
1,2008-07-28,0.9707352527508195,1.077730860800014,1.087661128360685,2.3958258236836345
1,2008-07-29,0.9821244422185827,1.077730860800014,1.0889372310501173,2.4263307700531827
1,2008-07-30,0.9686747700856988,1.077730860800014,1.0874459894007567,2.3955297907794844
1,2008-07-31,0.9670671036527597,1.077730860800014,1.0872655108264424,2.3939495663205674
1,2008-08-01,0.9671353365585716,1.077730860800014,1.087273182195359,2.396512424677871
1,2008-08-04,0.9968897681302216,1.077730860800014,1.0906182358064118,2.472638912893138
1,2008-08-05,1.0101907589924655,1.0921104730597986,1.0920733919984413,2.508102709542263
1,2008-08-06,0.9590554641113568,1.0921104730597986,1.0865453771720783,2.383652046788076
1,2008-08-07,0.9194914602435555,1.0921104730597986,1.0820630414664152,2.287702680226813
1,2008-08-08,0.8893040864944508,1.0921104730597986,1.0785105732962175,2.2148839367671886
1,2008-08-11,0.888521393950402,1.0921104730597986,1.0784156516381236,2.215149461458262
1,2008-08-12,0.8867652420786343,1.0921104730597986,1.078202504078812,2.21298639459373
1,2008-08-13,0.8473909460538483,1.0921104730597986,1.073415051599196,2.1169379953759293
1,2008-08-14,0.8251858863530932,1.0921104730597986,1.0706022713334349,2.063582621814259
1,2008-08-18,0.7982779665243181,1.0921104730597986,1.0671112179160214,1.9983562559939936
1,2008-08-19,0.8046440141478735,1.0921104730597986,1.0679622098158057,2.0162909547622045
1,2008-08-20,0.8063252351104585,1.094392325641168,1.0681853495425446,2.0225200784233737
1,2008-08-21,0.8257793775008413,1.094392325641168,1.070762551518181,2.073339773487479
1,2008-08-22,0.862965677014789,1.094392325641168,1.0755843838421584,2.1687792542808877
1,2008-08-25,0.9112522822011583,1.094392325641168,1.0816027365843985,2.2923004701119187
1,2008-08-26,0.9287507590129839,1.094392325641168,1.083679702620633,2.338611059924581
1,2008-08-27,0.9485315214791957,1.094392325641168,1.0859877503480744,2.390757985463178
1,2008-08-28,0.9693704396978509,1.094392325641168,1.0883736288775168,2.4456728915781314
1,2008-08-29,0.9068158077018348,1.094392325641168,1.081350223888004,2.2902963724055607
1,2008-09-01,0.8323577835993466,1.094392325641168,1.0724713313555132,2.104532004258393
1,2008-09-02,0.8323577835993466,1.094392325641168,1.0724713313555132,1.8102247726512102
1,2008-09-04,0.8323577835993466,1.094392325641168,1.0724713313555132,1.546367709210853
1,2008-09-05,0.7604910289589188,0.9999011989923433,1.0632114871457161,1.4143988615505756
1,2008-09-08,0.7604910289589188,0.9999011989923433,1.0632114871457161,1.2659752705936391
1,2008-09-09,0.6332751699551687,0.9999011989923433,1.0454259568121027,1.055467371625968
1,2008-09-10,0.5300481671264761,0.9999011989923433,1.0283849936856515,0.8844764071690104
1,2008-09-11,0.43557030544468733,0.9999011989923433,1.0100546567059414,0.7277083439771131
1,2008-09-12,0.36293825030331905,0.9999011989923433,0.9932118314250113,0.6070895052633928
1,2008-09-15,0.29548471151422584,0.9999011989923433,0.9747525886362386,0.49486655974889115
1,2008-09-16,0.26234005402372906,0.9999011989923433,0.9638187435236573,0.43985201418940156
1,2008-09-17,0.24111135832065445,0.9999011989923433,0.9560194713555831,0.404698808946819
1,2008-09-18,0.2195893160546677,0.9999011989923433,0.9474858661314535,0.3689793494754885
1,2008-09-19,0.17703253426128596,0.8061186511662725,0.9291234293873857,0.2978395052445716
1,2008-09-22,0.13278207339452575,0.8061186511662725,0.9058993705306021,0.22369037698541538
1,2008-09-23,0.1005311264920673,0.8061186511662725,0.8838963156369303,0.1695827386949198
1,2008-09-24,0.07388970077737356,0.8061186511662725,0.8604724678653738,0.12481175334208416
1,2008-09-25,0.06141319888902652,0.8061186511662725,0.845943127162616,0.10386171894126162
1,2008-09-26,0.05376822754955635,0.8061186511662725,0.8354124740148029,0.09103644036238434
1,2008-09-29,0.04704546252964914,0.8061186511662725,0.8249671199210223,0.0797449815132929
1,2008-09-30,0.03494019132586712,0.8061186511662725,0.8037398852763353,0.05930553980914832
1,2008-10-01,0.023571470000714023,0.8061186511662725,0.7775880686237102,0.04006820931053856
1,2008-10-03,0.017591397242880946,0.8061186511662725,0.7578606896106412,0.02994298842477572
1,2008-10-06,0.01587150354462663,0.727305219291373,0.7504511597920621,0.027045434729017992
1,2008-10-07,0.015049517335404383,0.727305219291373,0.7465645683150194,0.025671795325844404
1,2008-10-08,0.015053741228817641,0.727305219291373,0.7465855218718176,0.025704672330797096
1,2008-10-10,0.014294319502962116,0.727305219291373,0.7428191939078873,0.024433643764042112
1,2008-10-13,0.014294319502962116,0.727305219291373,0.7428191939078873,0.02118776827628066
1,2008-10-14,0.013028337118828226,0.727305219291373,0.7362403846550996,0.01933245248722959
1,2008-10-15,0.012880971876773839,0.727305219291373,0.7354076134310719,0.019133113016024605
1,2008-10-16,0.01423165300756335,0.727305219291373,0.7431189972956027,0.021158518246644165
1,2008-10-17,0.015931114732413376,0.727305219291373,0.7519928947426641,0.023706304690375157
1,2008-10-20,0.016403151622713774,0.727305219291373,0.7542210400640967,0.024432425768577404
1,2008-10-21,0.014658712212702762,0.6499578950197562,0.7462000637516825,0.021858522985771955
1,2008-10-22,0.014067519523544014,0.6499578950197562,0.7431906041488292,0.020998817098631828
1,2008-10-23,0.014031604665419306,0.6499578950197562,0.7430008650476114,0.02096620521800785
1,2008-10-24,0.014861409297301176,0.6499578950197562,0.747394842600501,0.02222707623937037
1,2008-10-27,0.0159878928855266,0.6499578950197562,0.7530600389979025,0.02393409888896314
1,2008-10-29,0.01567774868168237,0.6499578950197562,0.7515992010506246,0.023493742784146288
1,2008-10-31,0.01512246469930556,0.6499578950197562,0.7489371415548104,0.022685120939482717
1,2008-11-03,0.013332371874545723,0.6499578950197562,0.7400717414368324,0.020022498272965872
1,2008-11-04,0.012641277665244699,0.6499578950197562,0.7362355200968713,0.019004638484246605
1,2008-11-05,0.011794871375826244,0.6499578950197562,0.731305999591072,0.0177511732057527
1,2008-11-06,0.011930453442275057,0.6574291621242115,0.7321466359615048,0.01797297414503385
1,2008-11-07,0.011799252537228355,0.6574291621242115,0.7313414838209777,0.01779329574862376
1,2008-11-10,0.010870849015224282,0.6574291621242115,0.7255870514344785,0.016411054729574825
1,2008-11-11,0.010831201024823933,0.6574291621242115,0.725322416460618,0.016367611642326474
1,2008-11-12,0.010669514381344891,0.6574291621242115,0.724239665372453,0.016139645852515816
1,2008-11-14,0.011232670185922222,0.6574291621242115,0.7280623301806352,0.017007664498743247
1,2008-11-17,0.012198615421573522,0.6574291621242115,0.7343232487997587,0.01848723379998496
1,2008-11-18,0.013441246508620663,0.6574291621242115,0.7418035477137345,0.0203889520923477
1,2008-11-19,0.014880122536016338,0.6574291621242115,0.7497445027520776,0.022591964089898275
1,2008-11-20,0.017268713290934712,0.6574291621242115,0.7617795702287723,0.026241068969453996
1,2008-11-21,0.017774841400681085,0.6766977302863103,0.764012267288638,0.02703640860480061
1,2008-11-24,0.017837409781773284,0.6766977302863103,0.7642812036443623,0.027158614600509723
1,2008-11-25,0.0191308339090408,0.6766977302863103,0.7698231503782476,0.029155095432697786
1,2008-11-26,0.018393548078585176,0.6766977302863103,0.7668563183863479,0.028060638308699204
1,2008-11-27,0.016765783645603216,0.6766977302863103,0.7600699091794689,0.025605430965728537
1,2008-12-01,0.014228874817358017,0.6766977302863103,0.7485689372986429,0.021756559352192006
1,2008-12-02,0.012731275653290353,0.6766977302863103,0.7406901961533637,0.019488422612385925
1,2008-12-03,0.01214006672239143,0.6766977302863103,0.7372506142063499,0.018602916923540325
1,2008-12-04,0.011335750068046102,0.6766977302863103,0.7323661027700269,0.017389019538516903
1,2008-12-05,0.011080015714588054,0.6766977302863103,0.7307138859280693,0.017014112535096326
1,2008-12-08,0.010609611098406746,0.647968372468971,0.7276116233148869,0.01630878858576379
1,2008-12-10,0.009365576686660826,0.647968372468971,0.7190799826223649,0.014412803509249672
1,2008-12-11,0.008692051226642183,0.647968372468971,0.713908718830614,0.013390719529004835
1,2008-12-12,0.008602091293612224,0.647968372468971,0.7131698462807302,0.013265520610640347
1,2008-12-15,0.008829764996264533,0.647968372468971,0.7150574107575604,0.013629887984503597
1,2008-12-16,0.008794225589322302,0.647968372468971,0.7147696033660987,0.013588658186430513
1,2008-12-17,0.009172355189626558,0.647968372468971,0.7178429330377704,0.01418652499810702
1,2008-12-18,0.00924852796107889,0.647968372468971,0.7184390731189876,0.014318524985846515
1,2008-12-19,0.009110515106284911,0.647968372468971,0.7173669692350622,0.014119172695535975
1,2008-12-22,0.00899879865030384,0.647968372468971,0.7164873077175089,0.01396015742780432
1,2008-12-23,0.009643228501023504,0.6943712510940181,0.7216182793804807,0.014973844606229525
1,2008-12-24,0.010327357113601776,0.6943712510940181,0.7267377236851685,0.0160511219661299
1,2008-12-26,0.011499426886811936,0.6943712510940181,0.734985596878796,0.017888842918592385
1,2008-12-29,0.012986857158038823,0.6943712510940181,0.7444925039314162,0.020220621552388462
1,2008-12-30,0.013724743041399146,0.6943712510940181,0.7487225536057406,0.02138973532142907
1,2008-12-31,0.014431861860835227,0.6943712510940181,0.7525800816235247,0.02251315548041055
1,2009-01-02,0.014488387732459085,0.6943712510940181,0.7528748477839186,0.0226238468452451
1,2009-01-05,0.013945259825056455,0.6943712510940181,0.7500525369225325,0.021798367865098367
1,2009-01-06,0.0135430281295712,0.6943712510940181,0.7478891143157533,0.021191422518240022
1,2009-01-07,0.013309491865768686,0.6943712510940181,0.7465994527435788,0.02084718860218393
1,2009-01-09,0.013309491865768686,0.6943712510940181,0.7465994527435788,0.018874868016210966
1,2009-01-12,0.012946923909062602,0.6754556705261275,0.7445656182381807,0.01837956680607522
1,2009-01-13,0.012485705012844406,0.6754556705261275,0.7419131910283052,0.017743195980061577
1,2009-01-14,0.01189520931538679,0.6754556705261275,0.7384044060078476,0.016921797063153776
1,2009-01-15,0.01191011284793253,0.6754556705261275,0.7384969208497896,0.016959920215029234
1,2009-01-16,0.011621168012007188,0.6754556705261275,0.7367052932275261,0.01656542464137889
1,2009-01-19,0.011588660213379454,0.6754556705261275,0.7364992152558844,0.01653565173859317
1,2009-01-20,0.01162842584795476,0.6754556705261275,0.7367519395408285,0.01660892826221816
1,2009-01-21,0.011394763835458677,0.6754556705261275,0.7352715075102646,0.01629179678108217
1,2009-01-22,0.011525631105991252,0.6754556705261275,0.7361159565631606,0.01649519758754514
1,2009-01-23,0.012198080651125931,0.6754556705261275,0.7404107395178218,0.017474085908133596
1,2009-01-27,0.012809105733255777,0.7092905309736354,0.7441195978690898,0.018366870223784693
1,2009-01-28,0.012980563674999557,0.7092905309736354,0.7451156487825479,0.018631089211277763
1,2009-01-29,0.01286404149596554,0.7092905309736354,0.7444467833834608,0.018482475243415175
1,2009-01-30,0.01284111971791535,0.7092905309736354,0.7443141342160572,0.018468024740676547
1,2009-02-02,0.013075273796856801,0.7092905309736354,0.7456713693666437,0.018823251818990028
1,2009-02-03,0.012680285799426372,0.7092905309736354,0.7434187875430941,0.018273447701575685
1,2009-02-04,0.012212422436932546,0.7092905309736354,0.7406758019418022,0.017617487396091702
1,2009-02-05,0.012367122550509757,0.7092905309736354,0.741614048479506,0.017858273326537888
1,2009-02-06,0.011647605901389357,0.7092905309736354,0.7372993531821701,0.01683714092677069
1,2009-02-09,0.010593327803943509,0.7092905309736354,0.73062571942514,0.01532997141319803
1,2009-02-10,0.00969726519059888,0.6492934518151621,0.724445542585137,0.014048578154551739
1,2009-02-11,0.009074365664933914,0.6492934518151621,0.71979209879478,0.013160222550007372
1,2009-02-12,0.008588348973400772,0.6492934518151621,0.7159369425517406,0.012468530437995784
1,2009-02-13,0.007717061560123306,0.6492934518151621,0.7086737671884937,0.011216067412166186
1,2009-02-16,0.006868674276092279,0.6492934518151621,0.7008828508154036,0.00999422749121004
1,2009-02-17,0.006512178938311575,0.6492934518151621,0.6972451551174752,0.009485505098561386
1,2009-02-18,0.006267936835560484,0.6492934518151621,0.6946301068451214,0.00913923261038696
1,2009-02-19,0.006161791818429796,0.6492934518151621,0.6934537783892846,0.008993602574027149
1,2009-02-20,0.00601200018560355,0.6492934518151621,0.6917680094309148,0.008783963925747651
1,2009-02-24,0.006114970915728879,0.6492934518151621,0.6929528373552226,0.008943195519564573
1,2009-02-25,0.0064408388428336405,0.6838944195289183,0.6966455957967955,0.009428723252576598
1,2009-02-26,0.006936628151466451,0.6838944195289183,0.7020080873406802,0.010163936349069091
1,2009-02-27,0.0071371726835486315,0.6838944195289183,0.7040376596389137,0.010467949373869967
1,2009-03-02,0.007833120932523752,0.6838944195289183,0.7109027559195137,0.011499150792940838
1,2009-03-03,0.009032206344487093,0.6838944195289183,0.7217851759828657,0.01327092711608413
1,2009-03-04,0.009989054442683942,0.6838944195289183,0.729431577610608,0.014690085031165867
1,2009-03-05,0.011196427716319457,0.6838944195289183,0.7382481898015434,0.01648036019843202
1,2009-03-06,0.012113812174230909,0.6838944195289183,0.7442970603213614,0.01784716645630824
1,2009-03-09,0.01375001405747045,0.6838944195289183,0.7543502148054472,0.020275614591831803
1,2009-03-12,0.01607065638814742,0.6838944195289183,0.7670816711757172,0.02371788303534983
1,2009-03-13,0.01821065583296655,0.7749631128516242,0.7772962779148523,0.02689991973885153
1,2009-03-16,0.018313312792364922,0.7749631128516242,0.7777344547338217,0.027078459665066723
1,2009-03-17,0.01980408568780978,0.7749631128516242,0.7840655072206997,0.029309827112571685
1,2009-03-18,0.021326973677952332,0.7749631128516242,0.790094788063321,0.03159299427026352
1,2009-03-19,0.023947962711769244,0.7749631128516242,0.7998046972443442,0.03550722400325701
1,2009-03-20,0.02720053581446058,0.7749631128516242,0.8106675137476649,0.04036526428087461
1,2009-03-23,0.03159639920308943,0.7749631128516242,0.8237686661232722,0.04692903734252285
1,2009-03-24,0.03646492246036748,0.7749631128516242,0.8364616849823514,0.05420701534450201
1,2009-03-25,0.04102123531927471,0.7749631128516242,0.8469133214431461,0.061034419843690735
1,2009-03-26,0.04102123531927471,0.7749631128516242,0.8469133214431461,0.06313830122306019
1,2009-03-27,0.040780407242127836,0.7704134479067444,0.8464161143134102,0.06283076624836847
1,2009-03-30,0.0446247721868297,0.7704134479067444,0.8543952706253554,0.06881664711511848
1,2009-03-31,0.04647352352046319,0.7704134479067444,0.8579349287986354,0.07173645575380294
1,2009-04-01,0.04696049264524915,0.7704134479067444,0.8588339090991424,0.07255987696309818
1,2009-04-02,0.04696049264524915,0.7704134479067444,0.8588339090991424,0.06807150943041873
1,2009-04-06,0.045985746413044204,0.7704134479067444,0.8570512508052692,0.06672663904762832
1,2009-04-08,0.04439840284616714,0.7704134479067444,0.8540928671852008,0.06449008457256233
1,2009-04-09,0.0443061124235441,0.7704134479067444,0.853915327934645,0.06442051989888564
1,2009-04-13,0.04472936764948643,0.7704134479067444,0.8547310711928336,0.06510034809537024
1,2009-04-15,0.04823851796625922,0.7704134479067444,0.8614366875850348,0.0702727620306165
1,2009-04-16,0.052410779906088445,0.8370483040787831,0.8688874544342519,0.07642108989857099
1,2009-04-17,0.06089078673684223,0.8370483040787831,0.8829459583564626,0.08886235969926393
1,2009-04-20,0.07054812318161263,0.8370483040787831,0.8969495648778403,0.10304487646682725
1,2009-04-21,0.08131437850608991,0.8370483040787831,0.9106377929881673,0.1188734630003715
1,2009-04-22,0.09452462123259364,0.8370483040787831,0.9254319124321231,0.1383043859289821
1,2009-04-23,0.1048875445278763,0.8370483040787831,0.9355776075943841,0.15360527678279534
1,2009-04-24,0.11041413809780376,0.8370483040787831,0.9405072274206211,0.16185244492060136
1,2009-04-27,0.1174946670508481,0.8370483040787831,0.9465384194119948,0.1723934113279586
1,2009-04-28,0.12193168818971334,0.8370483040787831,0.9501128888590732,0.17907599987803446
2,2009-04-29,0.9929063695610343,0.9929063695610343,0.9992906369561034,0.9939063695610343
2,2009-04-30,1.0269469108487832,0.9929063695610343,1.0027165787395975,1.0289751009557957
2,2009-05-05,1.0554979279600767,0.9929063695610343,1.0055043156610426,1.0586114805916194
2,2009-05-06,1.1230536169964886,0.9929063695610343,1.0119399073447561,1.1274250597502982
2,2009-05-07,1.149931345595557,0.9929063695610343,1.0143617548662414,1.1555348339278038
2,2009-05-08,1.1544312423312402,0.9929063695610343,1.01475869361976,1.1612121929967836
2,2009-05-11,1.1834861809664814,0.9929063695610343,1.017312657034087,1.1915990080432544
2,2009-05-12,1.1515664565653776,0.9929063695610343,1.0145688700626359,1.1606520721490077
2,2009-05-13,1.2001487338232442,0.9929063695610343,1.018849132470556,1.2107783053628989
2,2009-05-14,1.2829861542638064,0.9929063695610343,1.025881497007833,1.2955601850784557
2,2009-05-15,1.4023223707360837,1.0852609823219408,1.0354236745282193,1.4173615279530614
2,2009-05-18,1.4023223707360837,1.0852609823219408,1.0354236745282193,1.3293302910994944
2,2009-05-19,1.4532650416738988,1.0852609823219408,1.0391850954848734,1.3789506827045521
2,2009-05-20,1.4951959217920894,1.0852609823219408,1.042183443646417,1.420116330312673
2,2009-05-21,1.6316850561547953,1.0852609823219408,1.051697027384657,1.5511719317280448
2,2009-05-22,1.8547140259787334,1.0852609823219408,1.0660722834244014,1.7647470335524622
2,2009-05-25,2.178209096256635,1.0852609823219408,1.0846664776461068,2.0743150093562908
2,2009-05-26,2.726120717177472,1.0852609823219408,1.1119504224678831,2.598167192720908
2,2009-05-27,3.2834988172622497,1.0852609823219408,1.134685175553407,3.1319822955601007
2,2009-05-28,3.8342312874489646,1.0852609823219408,1.1537169463684736,3.6604332873057883
2,2009-05-29,3.8342312874489646,1.0852609823219408,1.1537169463684736,3.97187669897284
2,2009-06-01,4.2719943894320345,1.2091677522754396,1.1668892010236882,4.429326974361075
2,2009-06-02,4.781468460661426,1.2091677522754396,1.1808054129314054,4.961993710077427
2,2009-06-03,5.192839950562204,1.2091677522754396,1.1909644192282556,5.393858602381649
2,2009-06-04,5.5224793658152755,1.2091677522754396,1.1985246140056647,5.741652460324341
2,2009-06-05,5.80978955144103,1.2091677522754396,1.2047600076851515,6.046106905517902
2,2009-06-08,5.80978955144103,1.2091677522754396,1.2047600076851515,6.02329458091559
2,2009-06-09,5.80978955144103,1.2091677522754396,1.2047600076851515,5.6471031193378876
2,2009-06-10,5.80978955144103,1.2091677522754396,1.2047600076851515,5.514918519999053
2,2009-06-11,5.80978955144103,1.2091677522754396,1.2047600076851515,5.414595698505428
2,2009-06-12,5.80978955144103,1.2091677522754396,1.2047600076851515,5.628828283025647
2,2009-06-15,5.80978955144103,1.2091677522754396,1.2047600076851515,5.58831247202002
2,2009-06-16,5.80978955144103,1.2091677522754396,1.2047600076851515,5.5983648605809195
2,2009-06-17,5.80978955144103,1.2091677522754396,1.2047600076851515,5.808257532157589
2,2009-06-18,6.013897866674333,1.251647981647976,1.208992545426008,6.0181202823409965
2,2009-06-19,6.013897866674333,1.251647981647976,1.208992545426008,6.194797981739566
2,2009-06-22,6.187658573546647,1.251647981647976,1.2124857108231244,6.379980268385378
2,2009-06-23,6.561185411693114,1.251647981647976,1.2198050538101106,6.771496860307644
2,2009-06-24,6.561185411693114,1.251647981647976,1.2198050538101106,6.760853927901301
2,2009-06-25,6.561185411693114,1.251647981647976,1.2198050538101106,6.896781631668627
2,2009-06-26,6.561185411693114,1.251647981647976,1.2198050538101106,6.857733421025482
2,2009-06-29,6.561185411693114,1.251647981647976,1.2198050538101106,7.058386713349772
2,2009-06-30,6.561185411693114,1.251647981647976,1.2198050538101106,7.3679890065127625
2,2009-07-01,6.561185411693114,1.251647981647976,1.2198050538101106,7.934252210921427
2,2009-07-02,6.561185411693114,1.251647981647976,1.2198050538101106,8.540510208438848
2,2009-07-03,7.278796375221869,1.3885434140661015,1.2331463240998042,9.483144693309626
2,2009-07-06,7.278796375221869,1.3885434140661015,1.2331463240998042,12.468578429920576
2,2009-07-07,7.278796375221869,1.3885434140661015,1.2331463240998042,15.30256514873873
2,2009-07-08,7.278796375221869,1.3885434140661015,1.2331463240998042,18.721201774427723
2,2009-07-09,7.278796375221869,1.3885434140661015,1.2331463240998042,22.941490789038117
2,2009-07-10,7.278796375221869,1.3885434140661015,1.2331463240998042,28.13184677586762
2,2009-07-13,7.278796375221869,1.3885434140661015,1.2331463240998042,33.99176267432172
2,2009-07-14,7.278796375221869,1.3885434140661015,1.2331463240998042,40.14778236112113
2,2009-07-15,7.278796375221869,1.3885434140661015,1.2331463240998042,47.42020896474794
2,2009-07-16,7.278796375221869,1.3885434140661015,1.2331463240998042,60.21846826221036
2,2009-07-17,7.278796375221869,1.3885434140661015,1.2331463240998042,72.95992552933936
2,2009-07-20,7.278796375221869,1.3885434140661015,1.2331463240998042,77.4930519126592
2,2009-07-21,7.278796375221869,1.3885434140661015,1.2331463240998042,86.01956205694042
2,2009-07-22,7.278796375221869,1.3885434140661015,1.2331463240998042,97.58599510906448
2,2009-07-23,7.278796375221869,1.3885434140661015,1.2331463240998042,106.15157552780059
2,2009-07-24,7.278796375221869,1.3885434140661015,1.2331463240998042,111.5298093293756
2,2009-07-27,7.278796375221869,1.3885434140661015,1.2331463240998042,125.17206721951152
2,2009-07-28,7.278796375221869,1.3885434140661015,1.2331463240998042,141.12295255083347
2,2009-07-29,7.278796375221869,1.3885434140661015,1.2331463240998042,146.72778617354118
2,2009-07-30,7.278796375221869,1.3885434140661015,1.2331463240998042,144.98005047170292
2,2009-07-31,7.278796375221869,1.3885434140661015,1.2331463240998042,143.75338828061788
2,2009-08-03,7.278796375221869,1.3885434140661015,1.2331463240998042,137.93997326489426
2,2009-08-04,7.278796375221869,1.3885434140661015,1.2331463240998042,132.39791192188878
2,2009-08-05,7.278796375221869,1.3885434140661015,1.2331463240998042,124.65175504066401
2,2009-08-06,7.278796375221869,1.3885434140661015,1.2331463240998042,120.70066936331463
2,2009-08-07,7.273662098620655,1.3875639710932386,1.233059341115375,120.73623087085542
2,2009-08-10,7.273662098620655,1.3875639710932386,1.233059341115375,116.81658688961586
2,2009-08-11,7.273662098620655,1.3875639710932386,1.233059341115375,113.88484710723115
2,2009-08-12,7.273662098620655,1.3875639710932386,1.233059341115375,120.20751602725387
2,2009-08-13,7.273662098620655,1.3875639710932386,1.233059341115375,124.99984224760952
2,2009-08-14,7.273662098620655,1.3875639710932386,1.233059341115375,129.62591210283844
2,2009-08-17,7.507346677318801,1.3875639710932386,1.2370208525071813,133.92009449933713
2,2009-08-18,7.76614127298962,1.3875639710932386,1.2412851328864019,138.67053201308153
2,2009-08-19,8.328302600210485,1.3875639710932386,1.2502703222260534,148.8470331204954
2,2009-08-20,8.862727357938763,1.3875639710932386,1.2582932705520862,158.54735101539552
2,2009-08-21,9.248054107326022,1.4478913954801922,1.2637639799188072,165.59909646710616
2,2009-08-24,9.760123324624491,1.4478913954801922,1.2707615020411571,174.93399742201183
2,2009-08-25,10.237169207305362,1.4478913954801922,1.2769726073956216,183.65918641472993
2,2009-08-26,10.237169207305362,1.4478913954801922,1.2769726073956216,187.66051644132875
2,2009-08-27,10.237169207305362,1.4478913954801922,1.2769726073956216,190.67541421203782
2,2009-08-28,10.237169207305362,1.4478913954801922,1.2769726073956216,197.5683544938554
2,2009-08-31,10.237169207305362,1.4478913954801922,1.2769726073956216,209.5825153826937
2,2009-09-01,10.237169207305362,1.4478913954801922,1.2769726073956216,227.4819512438121
2,2009-09-02,10.914389279506167,1.4478913954801922,1.28542017198957,242.75806044015198
2,2009-09-03,11.911774775227443,1.4478913954801922,1.2971666783915108,265.1846862601074
2,2009-09-04,11.911774775227443,1.4478913954801922,1.2971666783915108,291.1597098467971
2,2009-09-07,11.911774775227443,1.4478913954801922,1.2971666783915108,318.48153618268367
2,2009-09-08,11.911774775227443,1.4478913954801922,1.2971666783915108,339.29638370535076
2,2009-09-09,11.911774775227443,1.4478913954801922,1.2971666783915108,364.7837048923748
2,2009-09-10,11.911774775227443,1.4478913954801922,1.2971666783915108,385.0039742330225
2,2009-09-11,11.911774775227443,1.4478913954801922,1.2971666783915108,419.39224682861885
2,2009-09-14,11.911774775227443,1.4478913954801922,1.2971666783915108,465.82471231129665
2,2009-09-15,11.911774775227443,1.4478913954801922,1.2971666783915108,513.0261779184183
2,2009-09-16,11.911774775227443,1.4478913954801922,1.2971666783915108,553.3128852071449
2,2009-09-17,11.911774775227443,1.4478913954801922,1.2971666783915108,582.9741379743589
2,2009-09-18,11.911774775227443,1.4478913954801922,1.2971666783915108,590.6606242394035
2,2009-09-22,11.911774775227443,1.4478913954801922,1.2971666783915108,560.0323262891502
2,2009-09-23,11.911774775227443,1.4478913954801922,1.2971666783915108,532.4050538073445
2,2009-09-24,11.911774775227443,1.4478913954801922,1.2971666783915108,512.347628754895
2,2009-09-25,11.911774775227443,1.4478913954801922,1.2971666783915108,506.7653386693792
2,2009-09-29,11.911774775227443,1.4478913954801922,1.2971666783915108,492.2780172536082
2,2009-09-30,11.911774775227443,1.4478913954801922,1.2971666783915108,461.2034531866282
2,2009-10-01,11.911774775227443,1.4478913954801922,1.2971666783915108,438.1011845796053
2,2009-10-05,11.911774775227443,1.4478913954801922,1.2971666783915108,442.19525553898967
2,2009-10-06,11.911774775227443,1.4478913954801922,1.2971666783915108,455.58636721886086
2,2009-10-07,12.58735102472061,1.530008549060546,1.3045235585885553,481.88053222727615
2,2009-10-08,14.081544059313138,1.530008549060546,1.3200090249974665,539.5644827856486
2,2009-10-09,16.14303292240519,1.530008549060546,1.3393334960409213,619.0944028357976
2,2009-10-12,16.14303292240519,1.530008549060546,1.3393334960409213,686.2515205258195
2,2009-10-13,17.84538591725171,1.530008549060546,1.3534573499600882,759.3059779962746
2,2009-10-15,17.84538591725171,1.530008549060546,1.3534573499600882,819.9930332001858
2,2009-10-16,18.058698384719808,1.530008549060546,1.3550751873566653,830.6147048314084
2,2009-10-20,18.058698384719808,1.530008549060546,1.3550751873566653,836.8338155826559
2,2009-10-21,18.058698384719808,1.530008549060546,1.3550751873566653,825.8576610503144
2,2009-10-22,18.058698384719808,1.530008549060546,1.3550751873566653,820.9752880535842
2,2009-10-23,18.058698384719808,1.530008549060546,1.3550751873566653,799.0971716004591
2,2009-10-26,18.058698384719808,1.530008549060546,1.3550751873566653,776.9052386569584
2,2009-10-27,18.058698384719808,1.530008549060546,1.3550751873566653,779.9270404409217
2,2009-10-28,18.391784958765484,1.5582290384341537,1.3575745776344985,795.092457530073
2,2009-10-29,18.391784958765484,1.5582290384341537,1.3575745776344985,840.3615489055045
2,2009-10-30,18.391784958765484,1.5582290384341537,1.3575745776344985,890.4515550749794
2,2009-11-03,18.391784958765484,1.5582290384341537,1.3575745776344985,1014.4580471162619
2,2009-11-04,18.391784958765484,1.5582290384341537,1.3575745776344985,1113.6826653930693
2,2009-11-05,18.391784958765484,1.5582290384341537,1.3575745776344985,1212.4785770860944
2,2009-11-06,18.391784958765484,1.5582290384341537,1.3575745776344985,1350.8470984956823
2,2009-11-09,20.48058451509894,1.5582290384341537,1.372992880870482,1505.6169218565838
2,2009-11-10,22.826326720183534,1.5582290384341537,1.3887184444917946,1679.568259538255
2,2009-11-11,22.826326720183534,1.5582290384341537,1.3887184444917946,1829.3693177852665
2,2009-11-12,22.826326720183534,1.5582290384341537,1.3887184444917946,1920.2307854542703
2,2009-11-13,22.826326720183534,1.5582290384341537,1.3887184444917946,1921.0903628240135
2,2009-11-16,22.826326720183534,1.5582290384341537,1.3887184444917946,1986.4493468564342
2,2009-11-17,22.826326720183534,1.5582290384341537,1.3887184444917946,1972.9272438601133
2,2009-11-18,22.826326720183534,1.5582290384341537,1.3887184444917946,1965.4593694934388
2,2009-11-19,22.826326720183534,1.5582290384341537,1.3887184444917946,1994.8009490003358
2,2009-11-20,22.826326720183534,1.5582290384341537,1.3887184444917946,2000.7005630100298
2,2009-11-23,22.826326720183534,1.5582290384341537,1.3887184444917946,2015.97762834267
2,2009-11-24,22.826326720183534,1.5582290384341537,1.3887184444917946,2013.8147168947626
2,2009-11-25,22.826326720183534,1.5582290384341537,1.3887184444917946,2024.9899113991792
2,2009-11-26,22.826326720183534,1.5582290384341537,1.3887184444917946,2077.24106658405
2,2009-11-27,22.826326720183534,1.5582290384341537,1.3887184444917946,2187.6945927300294
2,2009-11-30,22.826326720183534,1.5582290384341537,1.3887184444917946,2240.766050577032
2,2009-12-01,22.826326720183534,1.5582290384341537,1.3887184444917946,2290.433817725223
2,2009-12-02,22.826326720183534,1.5582290384341537,1.3887184444917946,2386.99833723177
2,2009-12-03,22.826326720183534,1.5582290384341537,1.3887184444917946,2500.1131494141314
2,2009-12-04,22.826326720183534,1.5582290384341537,1.3887184444917946,2616.2719854169545
2,2009-12-07,22.826326720183534,1.5582290384341537,1.3887184444917946,2745.888407091951
2,2009-12-08,23.64522733506397,1.6141309245913331,1.3937005092893013,2847.1437811699193
2,2009-12-09,23.64522733506397,1.6141309245913331,1.3937005092893013,3007.690842454017
2,2009-12-10,25.084224028727167,1.6141309245913331,1.4021822650212497,3193.7400036330346
2,2009-12-11,25.084224028727167,1.6141309245913331,1.4021822650212497,3353.404614836326
2,2009-12-14,25.084224028727167,1.6141309245913331,1.4021822650212497,3532.465414709279
2,2009-12-15,25.084224028727167,1.6141309245913331,1.4021822650212497,3780.914660434971
2,2009-12-16,25.084224028727167,1.6141309245913331,1.4021822650212497,3985.03049783727
2,2009-12-17,25.084224028727167,1.6141309245913331,1.4021822650212497,4145.479187143781
2,2009-12-18,25.084224028727167,1.6141309245913331,1.4021822650212497,4187.361208886075
2,2009-12-21,25.084224028727167,1.6141309245913331,1.4021822650212497,4075.268714127978
2,2009-12-22,25.084224028727167,1.6141309245913331,1.4021822650212497,3938.7791512749486
2,2009-12-23,25.084224028727167,1.6141309245913331,1.4021822650212497,3768.101485391067
2,2009-12-24,25.084224028727167,1.6141309245913331,1.4021822650212497,3771.8731071181237
2,2009-12-29,25.084224028727167,1.6141309245913331,1.4021822650212497,4011.748576519481
2,2009-12-30,25.084224028727167,1.6141309245913331,1.4021822650212497,4212.133328112604
2,2009-12-31,25.084224028727167,1.6141309245913331,1.4021822650212497,4443.162170881175
2,2010-01-04,25.084224028727167,1.6141309245913331,1.4021822650212497,4741.973833496778
2,2010-01-05,25.084224028727167,1.6141309245913331,1.4021822650212497,4923.933164739734
2,2010-01-06,25.084224028727167,1.6141309245913331,1.4021822650212497,5222.445065404451
2,2010-01-07,25.084224028727167,1.6141309245913331,1.4021822650212497,5633.646807971494
2,2010-01-08,27.139932779925665,1.7464125954719012,1.4136734650267926,6100.970520656943
2,2010-01-11,28.708812389674748,1.7464125954719012,1.4218454951202655,6459.7506347537665
2,2010-01-12,28.708812389674748,1.7464125954719012,1.4218454951202655,6401.616753686864
2,2010-01-13,28.708812389674748,1.7464125954719012,1.4218454951202655,6021.684484882534
2,2010-01-14,28.708812389674748,1.7464125954719012,1.4218454951202655,5684.637212364558
2,2010-01-15,28.708812389674748,1.7464125954719012,1.4218454951202655,5359.605842735849
2,2010-01-18,28.708812389674748,1.7464125954719012,1.4218454951202655,4933.349569813451
2,2010-01-19,28.708812389674748,1.7464125954719012,1.4218454951202655,4757.993545192282
2,2010-01-20,28.708812389674748,1.7464125954719012,1.4218454951202655,4509.532691581347
2,2010-01-21,26.923636747739344,1.7464125954719012,1.4130041543151086,4233.629791732955
2,2010-01-22,26.923636747739344,1.7464125954719012,1.4130041543151086,4045.369421135348
2,2010-01-25,26.923636747739344,1.7464125954719012,1.4130041543151086,3932.7603553348645
2,2010-01-27,26.923636747739344,1.7464125954719012,1.4130041543151086,3874.5599455149563
2,2010-01-28,26.923636747739344,1.7464125954719012,1.4130041543151086,3879.5223711908757
2,2010-01-29,26.923636747739344,1.7464125954719012,1.4130041543151086,3931.9555337971606
2,2010-02-01,26.923636747739344,1.7464125954719012,1.4130041543151086,3995.1914312195563
2,2010-02-02,26.923636747739344,1.7464125954719012,1.4130041543151086,4104.756198022475
2,2010-02-03,27.10589382034209,1.7582347742581306,1.4139606744284718,4136.647722234383
2,2010-02-04,27.10589382034209,1.7582347742581306,1.4139606744284718,4203.006424963581
2,2010-02-05,27.10589382034209,1.7582347742581306,1.4139606744284718,4399.069267869621
2,2010-02-08,27.10589382034209,1.7582347742581306,1.4139606744284718,4629.607772722161
2,2010-02-09,28.192297608435734,1.7582347742581306,1.4196278265360394,4819.791985519512
2,2010-02-10,28.192297608435734,1.7582347742581306,1.4196278265360394,5043.241390778822
2,2010-02-11,28.192297608435734,1.7582347742581306,1.4196278265360394,5172.938153744559
2,2010-02-15,28.192297608435734,1.7582347742581306,1.4196278265360394,5291.142977827205
2,2010-02-16,28.192297608435734,1.7582347742581306,1.4196278265360394,5365.120402585608
2,2010-02-17,28.192297608435734,1.7582347742581306,1.4196278265360394,5402.248038790891
2,2010-02-18,28.192297608435734,1.7582347742581306,1.4196278265360394,5429.301909286729
2,2010-02-19,28.192297608435734,1.7582347742581306,1.4196278265360394,5517.192325410946
2,2010-02-22,28.192297608435734,1.7582347742581306,1.4196278265360394,5600.615130923649
2,2010-02-23,28.192297608435734,1.7582347742581306,1.4196278265360394,5732.528414203406
2,2010-02-24,28.192297608435734,1.7582347742581306,1.4196278265360394,5929.142872520512
2,2010-02-25,28.192297608435734,1.7582347742581306,1.4196278265360394,6166.695575376775
2,2010-02-26,28.192297608435734,1.7582347742581306,1.4196278265360394,6621.62911720745
2,2010-03-02,28.192297608435734,1.7582347742581306,1.4196278265360394,7192.518933917286
2,2010-03-03,28.192297608435734,1.7582347742581306,1.4196278265360394,7865.692039731467
2,2010-03-04,28.192297608435734,1.7582347742581306,1.4196278265360394,8503.575561424152
2,2010-03-05,30.31937987123622,1.8908919295601667,1.430338784584025,9153.665892287021
2,2010-03-08,30.31937987123622,1.8908919295601667,1.430338784584025,9932.573158163545
2,2010-03-09,32.65363336052827,1.8908919295601667,1.441350795096656,10707.202887086669
2,2010-03-10,32.65363336052827,1.8908919295601667,1.441350795096656,11390.08648681559
2,2010-03-11,32.65363336052827,1.8908919295601667,1.441350795096656,11871.388335948555
2,2010-03-12,32.65363336052827,1.8908919295601667,1.441350795096656,12094.828730341784
2,2010-03-15,32.65363336052827,1.8908919295601667,1.441350795096656,11828.68335485749
2,2010-03-16,32.65363336052827,1.8908919295601667,1.441350795096656,11138.796079319318
2,2010-03-17,32.65363336052827,1.8908919295601667,1.441350795096656,10702.889504284532
2,2010-03-18,32.65363336052827,1.8908919295601667,1.441350795096656,10411.292941996637
2,2010-03-19,32.65363336052827,1.8908919295601667,1.441350795096656,10096.125439027905
2,2010-03-22,32.65363336052827,1.8908919295601667,1.441350795096656,9735.636806499451
2,2010-03-23,32.65363336052827,1.8908919295601667,1.441350795096656,9392.571935664479
2,2010-03-25,32.65363336052827,1.8908919295601667,1.441350795096656,8960.182964977581
2,2010-03-26,32.65363336052827,1.8908919295601667,1.441350795096656,8667.501256164596
2,2010-03-29,32.65363336052827,1.8908919295601667,1.441350795096656,8762.507651394282
2,2010-03-30,32.65363336052827,1.8908919295601667,1.441350795096656,9000.190805143608
2,2010-03-31,32.65363336052827,1.8908919295601667,1.441350795096656,9397.367675800182
2,2010-04-01,32.65363336052827,1.8908919295601667,1.441350795096656,9445.646093566744
2,2010-04-05,32.65363336052827,1.8908919295601667,1.441350795096656,9282.800544596772
2,2010-04-06,32.65363336052827,1.8908919295601667,1.441350795096656,9153.94578135917
2,2010-04-07,32.65363336052827,1.8908919295601667,1.441350795096656,9015.154324478433
2,2010-04-08,32.65363336052827,1.8908919295601667,1.441350795096656,8798.077936841493
2,2010-04-09,32.65363336052827,1.8908919295601667,1.441350795096656,8725.835000569117
2,2010-04-12,32.179106713162355,1.8634132536664734,1.4392562062558865,8607.755919786765
2,2010-04-13,32.179106713162355,1.8634132536664734,1.4392562062558865,8077.66885197699
2,2010-04-15,32.179106713162355,1.8634132536664734,1.4392562062558865,7468.6732616760255
2,2010-04-16,32.179106713162355,1.8634132536664734,1.4392562062558865,7013.277963501524
2,2010-04-19,32.179106713162355,1.8634132536664734,1.4392562062558865,6623.291306054488
2,2010-04-20,32.179106713162355,1.8634132536664734,1.4392562062558865,6384.198459667467
2,2010-04-21,32.179106713162355,1.8634132536664734,1.4392562062558865,6227.643274510016
2,2010-04-22,32.179106713162355,1.8634132536664734,1.4392562062558865,6078.280971609894
2,2010-04-23,32.179106713162355,1.8634132536664734,1.4392562062558865,5776.003063623759
2,2010-04-26,32.179106713162355,1.8634132536664734,1.4392562062558865,5666.751366838138
2,2010-04-27,32.179106713162355,1.8634132536664734,1.4392562062558865,5443.622578452869
2,2010-04-28,32.179106713162355,1.8634132536664734,1.4392562062558865,5366.947032547049
2,2010-04-29,32.179106713162355,1.8634132536664734,1.4392562062558865,5408.271822427168
2,2010-04-30,32.08176013184788,1.857776151572949,1.4388208098585795,5397.319268033207
2,2010-05-03,32.08176013184788,1.857776151572949,1.4388208098585795,5249.153505754231
2,2010-05-04,32.08176013184788,1.857776151572949,1.4388208098585795,5070.502777827561
2,2010-05-05,32.08176013184788,1.857776151572949,1.4388208098585795,4777.496250999132
2,2010-05-06,32.08176013184788,1.857776151572949,1.4388208098585795,4546.437718975858
2,2010-05-07,31.067406558073262,1.857776151572949,1.43427157993945,4407.235954313356
2,2010-05-10,31.067406558073262,1.857776151572949,1.43427157993945,4105.981711414126
2,2010-05-11,31.067406558073262,1.857776151572949,1.43427157993945,3797.883779530333
2,2010-05-12,30.158866981918578,1.857776151572949,1.4300771761005167,3690.6158196614956
2,2010-05-13,29.193137172327397,1.857776151572949,1.425497865611816,3576.127668522413
2,2010-05-14,29.193137172327397,1.857776151572949,1.425497865611816,3515.0313486796103
2,2010-05-17,29.193137172327397,1.857776151572949,1.425497865611816,3502.3050629946856
2,2010-05-18,29.193137172327397,1.857776151572949,1.425497865611816,3521.839248130625
2,2010-05-19,29.193137172327397,1.857776151572949,1.425497865611816,3681.7009742238724
2,2010-05-20,30.58161125312842,1.9461350702860234,1.4322777701727942,3860.490487208633
2,2010-05-21,32.53604567192293,1.9461350702860234,1.441431287128228,4111.070335259367
2,2010-05-24,32.53604567192293,1.9461350702860234,1.441431287128228,4315.3063480884575
2,2010-05-25,34.859240505210956,1.9461350702860234,1.4517236433431253,4627.750598962385
2,2010-05-26,34.859240505210956,1.9461350702860234,1.4517236433431253,4596.710731813388
2,2010-05-27,34.859240505210956,1.9461350702860234,1.4517236433431253,4650.308711678742
2,2010-05-28,34.859240505210956,1.9461350702860234,1.4517236433431253,4701.717217496557
2,2010-05-31,34.859240505210956,1.9461350702860234,1.4517236433431253,4941.849414158027
2,2010-06-01,34.859240505210956,1.9461350702860234,1.4517236433431253,5121.686489468691
2,2010-06-02,34.859240505210956,1.9461350702860234,1.4517236433431253,5261.229870095797
2,2010-06-03,34.859240505210956,1.9461350702860234,1.4517236433431253,5328.932508995792
2,2010-06-04,35.63739327156595,1.9895780818575795,1.4549642841393053,5453.217664115956
2,2010-06-07,35.63739327156595,1.9895780818575795,1.4549642841393053,5702.621467762014
2,2010-06-08,35.63739327156595,1.9895780818575795,1.4549642841393053,5918.88332823921
2,2010-06-09,35.63739327156595,1.9895780818575795,1.4549642841393053,6348.841097118884
2,2010-06-10,35.63739327156595,1.9895780818575795,1.4549642841393053,6542.9863078842145
2,2010-06-11,35.63739327156595,1.9895780818575795,1.4549642841393053,6537.814878335921
2,2010-06-14,35.63739327156595,1.9895780818575795,1.4549642841393053,6401.7847992412235
2,2010-06-15,35.63739327156595,1.9895780818575795,1.4549642841393053,6299.002032770495
2,2010-06-16,35.63739327156595,1.9895780818575795,1.4549642841393053,6105.5118755044095
2,2010-06-17,35.63739327156595,1.9895780818575795,1.4549642841393053,5764.523104910282
2,2010-06-18,35.63739327156595,1.9895780818575795,1.4549642841393053,5474.530322059233
2,2010-06-21,35.63739327156595,1.9895780818575795,1.4549642841393053,5136.0642951703385
2,2010-06-22,35.63739327156595,1.9895780818575795,1.4549642841393053,5007.440072970914
2,2010-06-23,35.63739327156595,1.9895780818575795,1.4549642841393053,4869.246619586229
2,2010-06-24,35.63739327156595,1.9895780818575795,1.4549642841393053,4890.336356531189
2,2010-06-25,35.63739327156595,1.9895780818575795,1.4549642841393053,4993.17211735276
2,2010-06-28,35.63739327156595,1.9895780818575795,1.4549642841393053,5169.132953592662
2,2010-06-29,35.63739327156595,1.9895780818575795,1.4549642841393053,5312.110683928352
2,2010-06-30,35.63739327156595,1.9895780818575795,1.4549642841393053,5479.39636617217
2,2010-07-01,35.63739327156595,1.9895780818575795,1.4549642841393053,5854.420442908372
2,2010-07-02,35.63739327156595,1.9895780818575795,1.4549642841393053,6561.626546462398
2,2010-07-05,35.63739327156595,1.9895780818575795,1.4549642841393053,7340.320360024959
2,2010-07-06,35.63739327156595,1.9895780818575795,1.4549642841393053,7998.787884538944
2,2010-07-07,35.63739327156595,1.9895780818575795,1.4549642841393053,8818.962074251926
2,2010-07-08,35.63739327156595,1.9895780818575795,1.4549642841393053,9578.473901421761
2,2010-07-09,35.63739327156595,1.9895780818575795,1.4549642841393053,10380.544776064198
2,2010-07-12,35.63739327156595,1.9895780818575795,1.4549642841393053,11135.12380339234
2,2010-07-13,35.63739327156595,1.9895780818575795,1.4549642841393053,12206.016073718163
2,2010-07-14,35.63739327156595,1.9895780818575795,1.4549642841393053,13463.409610135133
2,2010-07-15,35.63739327156595,1.9895780818575795,1.4549642841393053,14632.27020310449
2,2010-07-16,35.63739327156595,1.9895780818575795,1.4549642841393053,14740.214692115454
2,2010-07-19,35.63739327156595,1.9895780818575795,1.4549642841393053,14947.044410314606
2,2010-07-20,35.63739327156595,1.9895780818575795,1.4549642841393053,15033.772280620404
2,2010-07-21,35.63739327156595,1.9895780818575795,1.4549642841393053,15493.880396067947
2,2010-07-22,35.63739327156595,1.9895780818575795,1.4549642841393053,16121.01734103345
2,2010-07-23,35.63739327156595,1.9895780818575795,1.4549642841393053,16608.893237610708
2,2010-07-26,35.63739327156595,1.9895780818575795,1.4549642841393053,17207.340959224286
2,2010-07-27,35.63739327156595,1.9895780818575795,1.4549642841393053,17518.395844732007
2,2010-07-28,35.63739327156595,1.9895780818575795,1.4549642841393053,17594.255494269248
2,2010-07-29,35.74640228042812,1.9956638786807226,1.4554093341274885,17665.667725126725
2,2010-07-30,35.74640228042812,1.9956638786807226,1.4554093341274885,17972.787753076173
2,2010-08-02,35.74640228042812,1.9956638786807226,1.4554093341274885,18311.53263109036
2,2010-08-03,35.74640228042812,1.9956638786807226,1.4554093341274885,18710.97349304478
2,2010-08-04,35.74640228042812,1.9956638786807226,1.4554093341274885,18760.507345753373
2,2010-08-05,35.74640228042812,1.9956638786807226,1.4554093341274885,18636.555968386594
2,2010-08-06,35.74640228042812,1.9956638786807226,1.4554093341274885,18728.154628901797
2,2010-08-09,35.74640228042812,1.9956638786807226,1.4554093341274885,18527.00653355226
2,2010-08-10,35.74640228042812,1.9956638786807226,1.4554093341274885,18659.878328425333
2,2010-08-11,35.74640228042812,1.9956638786807226,1.4554093341274885,18943.64128067893
2,2010-08-12,36.67609512405697,2.0475671279012437,1.459194564405697,19455.27136331827
2,2010-08-13,36.67609512405697,2.0475671279012437,1.459194564405697,19492.842154936836
2,2010-08-16,36.67609512405697,2.0475671279012437,1.459194564405697,19299.991705201974
2,2010-08-17,36.67609512405697,2.0475671279012437,1.459194564405697,19153.573003359095
2,2010-08-18,36.67609512405697,2.0475671279012437,1.459194564405697,18874.32900298361
2,2010-08-19,36.67609512405697,2.0475671279012437,1.459194564405697,18269.389224969236
2,2010-08-20,36.67609512405697,2.0475671279012437,1.459194564405697,17603.95783435143
2,2010-08-23,36.67609512405697,2.0475671279012437,1.459194564405697,17299.568567871807
2,2010-08-24,36.67609512405697,2.0475671279012437,1.459194564405697,17312.482414067228
2,2010-08-25,36.67609512405697,2.0475671279012437,1.459194564405697,17468.477090809844
2,2010-08-26,36.67609512405697,2.0475671279012437,1.459194564405697,17432.603678915704
2,2010-08-27,36.67609512405697,2.0475671279012437,1.459194564405697,17915.23077532606
2,2010-08-30,36.67609512405697,2.0475671279012437,1.459194564405697,18968.132175504597
2,2010-08-31,36.67609512405697,2.0475671279012437,1.459194564405697,20565.38913494166
2,2010-09-01,36.67609512405697,2.0475671279012437,1.459194564405697,21451.828296581058
2,2010-09-02,36.67609512405697,2.0475671279012437,1.459194564405697,23223.173797565036
2,2010-09-03,36.67609512405697,2.0475671279012437,1.459194564405697,25301.97134323499
2,2010-09-06,36.67609512405697,2.0475671279012437,1.459194564405697,28218.643316388258
2,2010-09-07,36.67609512405697,2.0475671279012437,1.459194564405697,30288.043726523567
2,2010-09-08,36.67609512405697,2.0475671279012437,1.459194564405697,32090.062200065895
2,2010-09-09,36.67609512405697,2.0475671279012437,1.459194564405697,34190.38920968636
2,2010-09-13,36.67609512405697,2.0475671279012437,1.459194564405697,36050.01897832198
2,2010-09-14,36.67609512405697,2.0475671279012437,1.459194564405697,37028.4265790535
2,2010-09-15,36.67609512405697,2.0475671279012437,1.459194564405697,37253.07384430149
2,2010-09-16,36.67609512405697,2.0475671279012437,1.459194564405697,38565.709530019056
2,2010-09-17,36.67609512405697,2.0475671279012437,1.459194564405697,40583.04425248322
2,2010-09-20,36.67609512405697,2.0475671279012437,1.459194564405697,42520.44198533842
2,2010-09-21,36.67609512405697,2.0475671279012437,1.459194564405697,42355.52123227911
2,2010-09-22,36.67609512405697,2.0475671279012437,1.459194564405697,43460.54743076931
2,2010-09-23,36.67609512405697,2.0475671279012437,1.459194564405697,44274.835403144105
2,2010-09-24,37.05853922297366,2.0689183639734825,1.4607161559176631,44780.791054707355
2,2010-09-27,37.05853922297366,2.0689183639734825,1.4607161559176631,45422.863848223176
2,2010-09-28,37.05853922297366,2.0689183639734825,1.4607161559176631,46956.46829618435
2,2010-09-29,37.05853922297366,2.0689183639734825,1.4607161559176631,50655.43503903237
2,2010-09-30,37.05853922297366,2.0689183639734825,1.4607161559176631,53885.09676261753
2,2010-10-01,37.05853922297366,2.0689183639734825,1.4607161559176631,53251.880299327284
2,2010-10-04,37.05853922297366,2.0689183639734825,1.4607161559176631,54669.813989402624
2,2010-10-05,37.05853922297366,2.0689183639734825,1.4607161559176631,55676.62456010985
2,2010-10-06,37.05853922297366,2.0689183639734825,1.4607161559176631,55885.48662859798
2,2010-10-07,37.05853922297366,2.0689183639734825,1.4607161559176631,58088.39408137231
2,2010-10-08,37.05853922297366,2.0689183639734825,1.4607161559176631,64103.06201157678
2,2010-10-11,37.05853922297366,2.0689183639734825,1.4607161559176631,72690.78234513999
2,2010-10-12,37.05853922297366,2.0689183639734825,1.4607161559176631,81246.68407856068
2,2010-10-13,37.05853922297366,2.0689183639734825,1.4607161559176631,85776.07128787473
2,2010-10-14,37.05853922297366,2.0689183639734825,1.4607161559176631,91591.32769251443
2,2010-10-15,37.05853922297366,2.0689183639734825,1.4607161559176631,101480.07197972773
2,2010-10-18,37.05853922297366,2.0689183639734825,1.4607161559176631,108941.76845960357
2,2010-10-19,37.05853922297366,2.0689183639734825,1.4607161559176631,118138.91355257937
2,2010-10-20,37.05853922297366,2.0689183639734825,1.4607161559176631,129121.88316289353
2,2010-10-21,37.05853922297366,2.0689183639734825,1.4607161559176631,139982.4202263512
2,2010-10-22,37.05853922297366,2.0689183639734825,1.4607161559176631,143743.7344751525
2,2010-10-25,37.05853922297366,2.0689183639734825,1.4607161559176631,146997.32166837621
2,2010-10-26,37.05853922297366,2.0689183639734825,1.4607161559176631,151105.95268688226
2,2010-10-27,37.05853922297366,2.0689183639734825,1.4607161559176631,153491.7674280415
2,2010-10-28,37.05853922297366,2.0689183639734825,1.4607161559176631,153929.10743336668
2,2010-10-29,37.05853922297366,2.0689183639734825,1.4607161559176631,155844.26319610342
2,2010-11-01,37.05853922297366,2.0689183639734825,1.4607161559176631,155178.5149825769
2,2010-11-02,37.05853922297366,2.0689183639734825,1.4607161559176631,154195.21704699646
2,2010-11-03,37.05853922297366,2.0689183639734825,1.4607161559176631,148717.53409237607
2,2010-11-04,37.05853922297366,2.0689183639734825,1.4607161559176631,144537.60699231972
2,2010-11-08,37.05853922297366,2.0689183639734825,1.4607161559176631,139382.07717741563
2,2010-11-09,37.05853922297366,2.0689183639734825,1.4607161559176631,128351.33826192461
2,2010-11-10,37.05853922297366,2.0689183639734825,1.4607161559176631,120067.18850736068
2,2010-11-11,37.05853922297366,2.0689183639734825,1.4607161559176631,118093.79024591076
2,2010-11-12,37.05853922297366,2.0689183639734825,1.4607161559176631,119816.15714702473
2,2010-11-15,37.05853922297366,2.0689183639734825,1.4607161559176631,120940.13610712816
2,2010-11-16,37.05853922297366,2.0689183639734825,1.4607161559176631,124745.09787530497
2,2010-11-18,37.05853922297366,2.0689183639734825,1.4607161559176631,131085.2300941527
2,2010-11-19,37.05853922297366,2.0689183639734825,1.4607161559176631,141664.7336861176
2,2010-11-22,39.25405089365807,2.1914902329418404,1.46937008409486,150199.24343349645
2,2010-11-23,39.25405089365807,2.1914902329418404,1.46937008409486,158576.44725104296
2,2010-11-24,42.12149238378358,2.1914902329418404,1.4801035820334474,170318.76279916227
2,2010-11-25,42.12149238378358,2.1914902329418404,1.4801035820334474,178786.3603470926
2,2010-11-26,43.191483847015334,2.1914902329418404,1.4838634160465562,183506.76829982447
2,2010-11-29,43.191483847015334,2.1914902329418404,1.4838634160465562,184328.96470349823
2,2010-11-30,43.191483847015334,2.1914902329418404,1.4838634160465562,185176.93810019395
2,2010-12-01,43.191483847015334,2.1914902329418404,1.4838634160465562,188899.64658784788
2,2010-12-02,43.191483847015334,2.1914902329418404,1.4838634160465562,196639.7226114196
2,2010-12-03,43.191483847015334,2.1914902329418404,1.4838634160465562,209066.89741045845
2,2010-12-06,43.191483847015334,2.1914902329418404,1.4838634160465562,220282.17797800715
2,2010-12-07,43.191483847015334,2.1914902329418404,1.4838634160465562,232891.43368295513
2,2010-12-08,43.191483847015334,2.1914902329418404,1.4838634160465562,246023.47068724132
2,2010-12-09,43.191483847015334,2.1914902329418404,1.4838634160465562,261735.39323587817
2,2010-12-10,43.191483847015334,2.1914902329418404,1.4838634160465562,277879.25499727804
2,2010-12-13,43.191483847015334,2.1914902329418404,1.4838634160465562,296019.77921105246
2,2010-12-14,43.191483847015334,2.1914902329418404,1.4838634160465562,316832.4941713058
2,2010-12-15,43.191483847015334,2.1914902329418404,1.4838634160465562,335937.44484875427
2,2010-12-16,43.191483847015334,2.1914902329418404,1.4838634160465562,343285.27005481214
2,2010-12-20,43.191483847015334,2.1914902329418404,1.4838634160465562,340740.1563269514
2,2010-12-21,43.191483847015334,2.1914902329418404,1.4838634160465562,336028.84006514424
2,2010-12-22,43.191483847015334,2.1914902329418404,1.4838634160465562,338717.64104008756
2,2010-12-23,43.191483847015334,2.1914902329418404,1.4838634160465562,348136.3539190555
2,2010-12-24,43.191483847015334,2.1914902329418404,1.4838634160465562,348609.2558198226
2,2010-12-27,43.191483847015334,2.1914902329418404,1.4838634160465562,345462.87485621276
2,2010-12-28,43.191483847015334,2.1914902329418404,1.4838634160465562,331042.8543740137
2,2010-12-29,43.191483847015334,2.1914902329418404,1.4838634160465562,325034.03788647876
2,2010-12-30,43.191483847015334,2.1914902329418404,1.4838634160465562,312271.0069573419
2,2010-12-31,43.191483847015334,2.1914902329418404,1.4838634160465562,300081.81593175844
2,2011-01-03,43.191483847015334,2.1914902329418404,1.4838634160465562,294730.84096182714
2,2011-01-04,43.191483847015334,2.1914902329418404,1.4838634160465562,309612.21855409443
2,2011-01-05,43.191483847015334,2.1914902329418404,1.4838634160465562,318708.65205313475
2,2011-01-06,43.191483847015334,2.1914902329418404,1.4838634160465562,329724.8686154401
2,2011-01-07,43.191483847015334,2.1914902329418404,1.4838634160465562,349635.6159557132
2,2011-01-10,43.191483847015334,2.1914902329418404,1.4838634160465562,373843.275810915
2,2011-01-11,46.68893435623423,2.3689471746458777,1.495879069128644,404489.25236151955
2,2011-01-12,46.68893435623423,2.3689471746458777,1.495879069128644,427082.5652636765
2,2011-01-13,46.68893435623423,2.3689471746458777,1.495879069128644,448773.8297064032
2,2011-01-14,46.68893435623423,2.3689471746458777,1.495879069128644,464538.895865101
2,2011-01-17,46.68893435623423,2.3689471746458777,1.495879069128644,469746.2730368496
2,2011-01-18,46.68893435623423,2.3689471746458777,1.495879069128644,461894.66971198074
2,2011-01-19,46.68893435623423,2.3689471746458777,1.495879069128644,458293.96310529835
2,2011-01-20,46.68893435623423,2.3689471746458777,1.495879069128644,434324.4913382711
2,2011-01-21,46.68893435623423,2.3689471746458777,1.495879069128644,405468.6989491788
2,2011-01-24,46.68893435623423,2.3689471746458777,1.495879069128644,377268.311040264
2,2011-01-25,46.68893435623423,2.3689471746458777,1.495879069128644,348621.2506115049
2,2011-01-27,46.68893435623423,2.3689471746458777,1.495879069128644,317040.70482261747
2,2011-01-28,46.68893435623423,2.3689471746458777,1.495879069128644,292417.6166026786
2,2011-01-31,44.74167153496024,2.2701451175341583,1.4896401824703813,280514.1261107058
2,2011-02-01,44.74167153496024,2.2701451175341583,1.4896401824703813,267721.8936647949
2,2011-02-02,44.74167153496024,2.2701451175341583,1.4896401824703813,248261.71806469772
2,2011-02-03,44.74167153496024,2.2701451175341583,1.4896401824703813,232636.56071167995
2,2011-02-04,42.395191488921064,2.2701451175341583,1.4818277542708367,220668.55681883593
2,2011-02-07,42.395191488921064,2.2701451175341583,1.4818277542708367,222121.91838713898
2,2011-02-08,42.395191488921064,2.2701451175341583,1.4818277542708367,224816.76300066218
2,2011-02-09,43.404666384577965,2.2701451175341583,1.4853561447912922,230394.70756900182
2,2011-02-10,44.19891502716781,2.2701451175341583,1.4880741523237313,234841.024180571
2,2011-02-11,44.19891502716781,2.2701451175341583,1.4880741523237313,239248.61986005915
2,2011-02-14,44.19891502716781,2.2701451175341583,1.4880741523237313,238807.66748098537
2,2011-02-15,44.19891502716781,2.2701451175341583,1.4880741523237313,244638.09240009784
2,2011-02-16,46.31931217124576,2.379052976944353,1.4952130338569636,256618.98945132073
2,2011-02-17,46.31931217124576,2.379052976944353,1.4952130338569636,262715.217120053
2,2011-02-18,46.31931217124576,2.379052976944353,1.4952130338569636,267187.4391296324
2,2011-02-21,46.31931217124576,2.379052976944353,1.4952130338569636,262282.97389102523
2,2011-02-22,46.31931217124576,2.379052976944353,1.4952130338569636,259507.542372103
2,2011-02-23,46.31931217124576,2.379052976944353,1.4952130338569636,255588.0114503826
2,2011-02-24,46.31931217124576,2.379052976944353,1.4952130338569636,247599.44965164692
2,2011-02-25,46.31931217124576,2.379052976944353,1.4952130338569636,244811.2932762538
2,2011-02-28,46.31931217124576,2.379052976944353,1.4952130338569636,240302.0575241052
2,2011-03-01,46.31931217124576,2.379052976944353,1.4952130338569636,238239.8781360598
2,2011-03-03,46.31931217124576,2.379052976944353,1.4952130338569636,227427.74934643038
2,2011-03-04,46.31931217124576,2.379052976944353,1.4952130338569636,216852.96553768995
2,2011-03-07,44.70777203423537,2.2962810362418327,1.4900108930986269,209525.07654976955
2,2011-03-08,44.70777203423537,2.2962810362418327,1.4900108930986269,200489.46869419646
2,2011-03-09,44.70777203423537,2.2962810362418327,1.4900108930986269,189394.66615575753
2,2011-03-10,44.70777203423537,2.2962810362418327,1.4900108930986269,186806.29965017107
2,2011-03-11,46.431366486626374,2.2962810362418327,1.4957552511654533,194194.94775715107
2,2011-03-14,46.431366486626374,2.2962810362418327,1.4957552511654533,198149.43925930982
2,2011-03-15,48.468334996405474,2.2962810362418327,1.5023172082550391,207040.50899239368
2,2011-03-16,48.468334996405474,2.2962810362418327,1.5023172082550391,213930.40269749137
2,2011-03-17,48.468334996405474,2.2962810362418327,1.5023172082550391,230666.85699132082
2,2011-03-18,48.468334996405474,2.2962810362418327,1.5023172082550391,251416.76001830737
2,2011-03-21,48.468334996405474,2.2962810362418327,1.5023172082550391,284851.3140355304
2,2011-03-22,56.13990376597075,2.6597364321221386,1.5260958872166428,330222.4354862782
2,2011-03-23,56.13990376597075,2.6597364321221386,1.5260958872166428,379087.9729336359
2,2011-03-24,61.51599138553348,2.6597364321221386,1.540710136004337,415769.405964186
2,2011-03-25,61.51599138553348,2.6597364321221386,1.540710136004337,444121.10810553835
2,2011-03-28,61.51599138553348,2.6597364321221386,1.540710136004337,467320.57614534616
2,2011-03-29,61.51599138553348,2.6597364321221386,1.540710136004337,496623.0280437876
2,2011-03-30,61.51599138553348,2.6597364321221386,1.540710136004337,513630.55064505484
2,2011-03-31,61.51599138553348,2.6597364321221386,1.540710136004337,496580.37300868076
2,2011-04-01,61.51599138553348,2.6597364321221386,1.540710136004337,490079.3324842558
2,2011-04-04,61.51599138553348,2.6597364321221386,1.540710136004337,492301.0901805529
2,2011-04-05,61.51599138553348,2.6597364321221386,1.540710136004337,473341.23413425015
2,2011-04-06,61.51599138553348,2.6597364321221386,1.540710136004337,464043.7018297835
2,2011-04-07,61.51599138553348,2.6597364321221386,1.540710136004337,460096.71776290244
2,2011-04-08,61.51599138553348,2.6597364321221386,1.540710136004337,454172.38608532824
2,2011-04-11,61.51599138553348,2.6597364321221386,1.540710136004337,446560.45088561083
2,2011-04-13,61.51599138553348,2.6597364321221386,1.540710136004337,430157.1861656487
2,2011-04-15,61.51599138553348,2.6597364321221386,1.540710136004337,418260.5011737358
2,2011-04-18,61.123945202862025,2.642785725620627,1.539728229488943,416013.1550715837
2,2011-04-19,59.61174270818092,2.642785725620627,1.5359189516976672,406137.02937940776
2,2011-04-20,59.61174270818092,2.642785725620627,1.5359189516976672,371578.5721683143
2,2011-04-21,59.61174270818092,2.642785725620627,1.5359189516976672,358128.67300786474
2,2011-04-25,56.45173669213429,2.642785725620627,1.5277770774510373,339502.47561002383
2,2011-04-26,56.45173669213429,2.642785725620627,1.5277770774510373,325482.6578944498
2,2011-04-27,56.45173669213429,2.642785725620627,1.5277770774510373,314358.4688623697
2,2011-04-28,54.11022236251965,2.642785725620627,1.521440138804105,301633.815555718
2,2011-04-29,54.11022236251965,2.642785725620627,1.521440138804105,291658.2670854715
2,2011-05-02,54.11022236251965,2.642785725620627,1.521440138804105,284772.474154879
2,2011-05-03,54.11022236251965,2.642785725620627,1.521440138804105,285585.4308773512
2,2011-05-04,54.11022236251965,2.642785725620627,1.521440138804105,290106.3732589907
2,2011-05-05,54.11022236251965,2.642785725620627,1.521440138804105,303076.5935498298
2,2011-05-06,54.11022236251965,2.642785725620627,1.521440138804105,309948.22451389587
2,2011-05-09,54.11022236251965,2.642785725620627,1.521440138804105,318409.6701101041
2,2011-05-10,54.5308048430574,2.6633273040411436,1.5226227084547728,321202.98235934076
2,2011-05-11,54.5308048430574,2.6633273040411436,1.5226227084547728,317921.22608978936
2,2011-05-12,54.5308048430574,2.6633273040411436,1.5226227084547728,324784.3782608305
2,2011-05-13,54.5308048430574,2.6633273040411436,1.5226227084547728,329812.7797436923
2,2011-05-16,54.5308048430574,2.6633273040411436,1.5226227084547728,335892.33818592806
2,2011-05-17,55.21421304567063,2.6633273040411436,1.524530937851786,340437.80674019706
2,2011-05-18,55.21421304567063,2.6633273040411436,1.524530937851786,346435.7295684952
2,2011-05-19,55.296460796990935,2.6633273040411436,1.5247580338014337,347298.22009921505
2,2011-05-20,55.296460796990935,2.6633273040411436,1.5247580338014337,340529.59225305973
2,2011-05-23,55.296460796990935,2.6633273040411436,1.5247580338014337,339887.36516229616
2,2011-05-24,55.296460796990935,2.6633273040411436,1.5247580338014337,348577.422229557
2,2011-05-25,55.296460796990935,2.6633273040411436,1.5247580338014337,364885.1533231602
2,2011-05-26,55.296460796990935,2.6633273040411436,1.5247580338014337,381141.53003442846
2,2011-05-27,55.296460796990935,2.6633273040411436,1.5247580338014337,396010.19577133434
2,2011-05-30,56.362027059736086,2.7146497879927507,1.5276962520820452,404037.34724152146
2,2011-05-31,56.362027059736086,2.7146497879927507,1.5276962520820452,415874.0802896984
2,2011-06-01,56.362027059736086,2.7146497879927507,1.5276962520820452,419005.33380419674
2,2011-06-02,56.362027059736086,2.7146497879927507,1.5276962520820452,413049.02610860503
2,2011-06-03,56.362027059736086,2.7146497879927507,1.5276962520820452,397668.5785087759
2,2011-06-06,56.362027059736086,2.7146497879927507,1.5276962520820452,365205.5132331304
2,2011-06-07,56.362027059736086,2.7146497879927507,1.5276962520820452,342738.22185661184
2,2011-06-08,56.362027059736086,2.7146497879927507,1.5276962520820452,314336.2584284864
2,2011-06-09,56.362027059736086,2.7146497879927507,1.5276962520820452,290662.0159247189
2,2011-06-10,56.362027059736086,2.7146497879927507,1.5276962520820452,278086.7156044415
2,2011-06-13,56.362027059736086,2.7146497879927507,1.5276962520820452,272242.45289896656
2,2011-06-14,56.362027059736086,2.7146497879927507,1.5276962520820452,263773.7943544164
2,2011-06-15,56.362027059736086,2.7146497879927507,1.5276962520820452,260566.4064899507
2,2011-06-16,56.362027059736086,2.7146497879927507,1.5276962520820452,268047.3607247583
2,2011-06-17,60.50792248949809,2.9143348372461273,1.5389337274532888,288032.5188027878
2,2011-06-20,60.50792248949809,2.9143348372461273,1.5389337274532888,319386.63413946243
2,2011-06-21,60.50792248949809,2.9143348372461273,1.5389337274532888,340366.43328731734
2,2011-06-22,60.50792248949809,2.9143348372461273,1.5389337274532888,371560.1605091774
2,2011-06-23,65.90250573515405,2.9143348372461273,1.5526540896153433,405058.1631943648
2,2011-06-24,67.80021259296063,2.9143348372461273,1.5571250612131542,417127.14286600123
2,2011-06-27,68.08891733904001,2.9143348372461273,1.557788111339723,419320.46777076705
2,2011-06-28,68.08891733904001,2.9143348372461273,1.557788111339723,416177.37220444705
2,2011-06-29,68.08891733904001,2.9143348372461273,1.557788111339723,408777.7405929016
2,2011-06-30,68.08891733904001,2.9143348372461273,1.557788111339723,387893.5535251713
2,2011-07-01,68.08891733904001,2.9143348372461273,1.557788111339723,372972.07555321243
2,2011-07-04,68.08891733904001,2.9143348372461273,1.557788111339723,353894.12928452017
2,2011-07-05,68.08891733904001,2.9143348372461273,1.557788111339723,342072.18285942374
2,2011-07-06,68.08891733904001,2.9143348372461273,1.557788111339723,327510.6618064589
2,2011-07-07,68.08891733904001,2.9143348372461273,1.557788111339723,307422.94664865703
2,2011-07-08,68.08891733904001,2.9143348372461273,1.557788111339723,297386.73492648196
2,2011-07-11,68.08891733904001,2.9143348372461273,1.557788111339723,293080.13595109875
2,2011-07-12,68.08891733904001,2.9143348372461273,1.557788111339723,292901.0275659021
2,2011-07-13,68.08891733904001,2.9143348372461273,1.557788111339723,292416.69783296593
2,2011-07-14,68.08891733904001,2.9143348372461273,1.557788111339723,293939.0492728294
2,2011-07-15,68.08891733904001,2.9143348372461273,1.557788111339723,291617.89170110563
2,2011-07-18,68.08891733904001,2.9143348372461273,1.557788111339723,294261.7636419982
2,2011-07-19,68.08891733904001,2.9143348372461273,1.557788111339723,291835.49493107345
2,2011-07-20,68.08891733904001,2.9143348372461273,1.557788111339723,286140.269895819
2,2011-07-21,68.08891733904001,2.9143348372461273,1.557788111339723,279334.36741357925
2,2011-07-22,68.08891733904001,2.9143348372461273,1.557788111339723,260739.16887252548
2,2011-07-25,68.08891733904001,2.9143348372461273,1.557788111339723,229962.3751609574
2,2011-07-26,68.08891733904001,2.9143348372461273,1.557788111339723,193830.1594513189
2,2011-07-27,68.08891733904001,2.9143348372461273,1.557788111339723,166271.68372280197
2,2011-07-28,68.08891733904001,2.9143348372461273,1.557788111339723,144014.77639667527
2,2011-07-29,68.08891733904001,2.9143348372461273,1.557788111339723,119967.98503086784
2,2011-08-01,68.08891733904001,2.9143348372461273,1.557788111339723,102885.55586623833
2,2011-08-02,68.08891733904001,2.9143348372461273,1.557788111339723,90987.72175396999
2,2011-08-03,68.08891733904001,2.9143348372461273,1.557788111339723,78859.84935726789
2,2011-08-04,57.65076129246739,2.4675619556674113,1.5339069335664108,66849.34950508084
2,2011-08-05,57.65076129246739,2.4675619556674113,1.5339069335664108,58009.402457202814
2,2011-08-08,57.65076129246739,2.4675619556674113,1.5339069335664108,56639.01071122838
2,2011-08-09,57.65076129246739,2.4675619556674113,1.5339069335664108,56509.8580199603
2,2011-08-10,57.65076129246739,2.4675619556674113,1.5339069335664108,54577.481945058185
2,2011-08-11,57.65076129246739,2.4675619556674113,1.5339069335664108,52909.50550289307
2,2011-08-12,57.65076129246739,2.4675619556674113,1.5339069335664108,56956.69020584872
2,2011-08-16,57.65076129246739,2.4675619556674113,1.5339069335664108,60981.57020329577
2,2011-08-17,57.65076129246739,2.4675619556674113,1.5339069335664108,62335.49344346245
2,2011-08-18,57.65076129246739,2.4675619556674113,1.5339069335664108,66568.48879651721
2,2011-08-19,57.65076129246739,2.4675619556674113,1.5339069335664108,74089.19886701893
2,2011-08-22,57.65076129246739,2.4675619556674113,1.5339069335664108,83204.58041237126
2,2011-08-23,57.65076129246739,2.4675619556674113,1.5339069335664108,87819.9997381865
2,2011-08-24,57.65076129246739,2.4675619556674113,1.5339069335664108,92696.35562544933
2,2011-08-25,57.65076129246739,2.4675619556674113,1.5339069335664108,96139.30610732501
2,2011-08-26,57.65076129246739,2.4675619556674113,1.5339069335664108,100731.12363806869
2,2011-08-29,57.65076129246739,2.4675619556674113,1.5339069335664108,100286.54726770264
2,2011-08-30,57.65076129246739,2.4675619556674113,1.5339069335664108,100224.01013934572
2,2011-09-02,57.65076129246739,2.4675619556674113,1.5339069335664108,100778.03432258466
2,2011-09-05,57.65076129246739,2.4675619556674113,1.5339069335664108,99831.74222682056
2,2011-09-06,57.65076129246739,2.4675619556674113,1.5339069335664108,102153.96490983145
2,2011-09-07,57.65076129246739,2.4675619556674113,1.5339069335664108,103392.49503725424
2,2011-09-08,57.65076129246739,2.4675619556674113,1.5339069335664108,99236.0356582857
2,2011-09-09,57.65076129246739,2.4675619556674113,1.5339069335664108,96721.07286226081
2,2011-09-12,57.65076129246739,2.4675619556674113,1.5339069335664108,97824.97065695
2,2011-09-13,57.65076129246739,2.4675619556674113,1.5339069335664108,102431.97785529481
2,2011-09-14,57.65076129246739,2.4675619556674113,1.5339069335664108,105741.7738911737
2,2011-09-15,57.65076129246739,2.4675619556674113,1.5339069335664108,107741.39739247783
2,2011-09-16,57.65076129246739,2.4675619556674113,1.5339069335664108,108742.55098616167
2,2011-09-19,57.65076129246739,2.4675619556674113,1.5339069335664108,111439.62488473488
2,2011-09-20,57.65076129246739,2.4675619556674113,1.5339069335664108,110175.59959021547
2,2011-09-21,57.65076129246739,2.4675619556674113,1.5339069335664108,110180.88388312151
2,2011-09-22,57.65076129246739,2.4675619556674113,1.5339069335664108,116180.7807111104
2,2011-09-23,57.65076129246739,2.4675619556674113,1.5339069335664108,124909.29321922774
2,2011-09-26,57.65076129246739,2.4675619556674113,1.5339069335664108,130409.58243219423
2,2011-09-27,57.65076129246739,2.4675619556674113,1.5339069335664108,135234.69289112306
2,2011-09-28,57.65076129246739,2.4675619556674113,1.5339069335664108,141022.7189749377
2,2011-09-29,57.65076129246739,2.4675619556674113,1.5339069335664108,150694.82910685297
2,2011-09-30,57.65076129246739,2.4675619556674113,1.5339069335664108,162745.46838946876
2,2011-10-03,57.65076129246739,2.4675619556674113,1.5339069335664108,161224.55566778372
2,2011-10-04,57.65076129246739,2.4675619556674113,1.5339069335664108,161686.9809171577
2,2011-10-05,57.65076129246739,2.4675619556674113,1.5339069335664108,161896.1452759225
2,2011-10-07,57.65076129246739,2.4675619556674113,1.5339069335664108,162096.85398931778
2,2011-10-10,57.65076129246739,2.4675619556674113,1.5339069335664108,164388.17143019824
2,2011-10-11,57.65076129246739,2.4675619556674113,1.5339069335664108,173516.9071349599
2,2011-10-12,57.65076129246739,2.4675619556674113,1.5339069335664108,180343.0819202474
2,2011-10-13,57.65076129246739,2.4675619556674113,1.5339069335664108,184147.16962930825
2,2011-10-14,57.65076129246739,2.4675619556674113,1.5339069335664108,179958.49343975817
2,2011-10-17,57.65076129246739,2.4675619556674113,1.5339069335664108,177805.89517543264
2,2011-10-18,57.65076129246739,2.4675619556674113,1.5339069335664108,190097.72617361284
2,2011-10-19,57.65076129246739,2.4675619556674113,1.5339069335664108,199313.120987598
2,2011-10-20,57.65076129246739,2.4675619556674113,1.5339069335664108,210824.788807018
2,2011-10-21,57.65076129246739,2.4675619556674113,1.5339069335664108,225504.30233094047
2,2011-10-24,57.65076129246739,2.4675619556674113,1.5339069335664108,236207.79433785012
2,2011-10-25,57.65076129246739,2.4675619556674113,1.5339069335664108,242603.99123895043
2,2011-10-28,57.65076129246739,2.4675619556674113,1.5339069335664108,243231.32739369135
2,2011-10-31,57.65076129246739,2.4675619556674113,1.5339069335664108,243547.39974783902
2,2011-11-01,57.65076129246739,2.4675619556674113,1.5339069335664108,245019.53244497135
2,2011-11-02,57.65076129246739,2.4675619556674113,1.5339069335664108,240536.86032006654
2,2011-11-03,57.65076129246739,2.4675619556674113,1.5339069335664108,232308.52994444445
2,2011-11-04,57.65076129246739,2.4675619556674113,1.5339069335664108,228516.9724411229
2,2011-11-08,57.65076129246739,2.4675619556674113,1.5339069335664108,219636.8160889031
2,2011-11-09,57.65076129246739,2.4675619556674113,1.5339069335664108,213544.2334541011
2,2011-11-11,57.65076129246739,2.4675619556674113,1.5339069335664108,200875.07973943453
2,2011-11-14,57.65076129246739,2.4675619556674113,1.5339069335664108,193772.1726033397
2,2011-11-15,57.65076129246739,2.4675619556674113,1.5339069335664108,188412.5944226666
2,2011-11-16,57.65076129246739,2.4675619556674113,1.5339069335664108,188125.91533500954
2,2011-11-17,57.65076129246739,2.4675619556674113,1.5339069335664108,191440.87632529708
2,2011-11-18,57.65076129246739,2.4675619556674113,1.5339069335664108,207544.04323411852
2,2011-11-21,57.65076129246739,2.4675619556674113,1.5339069335664108,229665.60994891947
2,2011-11-22,57.65076129246739,2.4675619556674113,1.5339069335664108,250406.3294752737
2,2011-11-23,57.65076129246739,2.4675619556674113,1.5339069335664108,277584.93262044125
2,2011-11-24,57.65076129246739,2.4675619556674113,1.5339069335664108,298077.0903339767
2,2011-11-25,57.65076129246739,2.4675619556674113,1.5339069335664108,330703.33511102997
2,2011-11-28,57.65076129246739,2.4675619556674113,1.5339069335664108,358107.4919134104
2,2011-11-29,57.65076129246739,2.4675619556674113,1.5339069335664108,387308.30276754464
2,2011-11-30,57.65076129246739,2.4675619556674113,1.5339069335664108,410552.6852011149
2,2011-12-01,57.65076129246739,2.4675619556674113,1.5339069335664108,414713.20306916436
2,2011-12-02,57.65076129246739,2.4675619556674113,1.5339069335664108,402620.3436459116
2,2011-12-05,57.65076129246739,2.4675619556674113,1.5339069335664108,386392.12118065835
2,2011-12-07,57.65076129246739,2.4675619556674113,1.5339069335664108,379562.1325182644
2,2011-12-08,57.65076129246739,2.4675619556674113,1.5339069335664108,371214.07825307536
2,2011-12-09,57.65076129246739,2.4675619556674113,1.5339069335664108,366385.5090143561
2,2011-12-12,57.65076129246739,2.4675619556674113,1.5339069335664108,368884.27742922294
2,2011-12-13,57.65076129246739,2.4675619556674113,1.5339069335664108,369118.9963734266
2,2011-12-14,57.65076129246739,2.4675619556674113,1.5339069335664108,364982.81564366224
2,2011-12-15,57.65076129246739,2.4675619556674113,1.5339069335664108,359797.4210354254
2,2011-12-16,57.65076129246739,2.4675619556674113,1.5339069335664108,364301.5508337447
2,2011-12-19,57.65076129246739,2.4675619556674113,1.5339069335664108,375434.6082741107
2,2011-12-20,57.65076129246739,2.4675619556674113,1.5339069335664108,396718.12537053175
2,2011-12-21,57.65076129246739,2.4675619556674113,1.5339069335664108,401614.20615319104
2,2011-12-22,57.65076129246739,2.4675619556674113,1.5339069335664108,408693.12283342786
2,2011-12-23,57.65076129246739,2.4675619556674113,1.5339069335664108,413019.6929834346
2,2011-12-26,57.65076129246739,2.4675619556674113,1.5339069335664108,407094.0738420038
2,2011-12-27,57.65076129246739,2.4675619556674113,1.5339069335664108,402244.6591505735
2,2011-12-28,57.65076129246739,2.4675619556674113,1.5339069335664108,391166.77775756276
2,2011-12-29,57.65076129246739,2.4675619556674113,1.5339069335664108,365596.82784444734
2,2011-12-30,57.65076129246739,2.4675619556674113,1.5339069335664108,342003.8318893773
2,2012-01-02,57.65076129246739,2.4675619556674113,1.5339069335664108,321923.52562976343
2,2012-01-03,57.65076129246739,2.4675619556674113,1.5339069335664108,296749.7224823994
2,2012-01-04,57.65076129246739,2.4675619556674113,1.5339069335664108,272248.2703276218
2,2012-01-05,57.65076129246739,2.4675619556674113,1.5339069335664108,249843.54986710424
2,2012-01-06,57.65076129246739,2.4675619556674113,1.5339069335664108,230636.3147347098
2,2012-01-09,57.65076129246739,2.4675619556674113,1.5339069335664108,212196.82444072608
2,2012-01-10,57.65076129246739,2.4675619556674113,1.5339069335664108,198231.2232433636
2,2012-01-11,57.65076129246739,2.4675619556674113,1.5339069335664108,191431.73537485773
2,2012-01-12,58.611721962914245,2.5086928954525405,1.536463750167332,194814.07672957642
2,2012-01-13,58.611721962914245,2.5086928954525405,1.536463750167332,199479.20774036986
2,2012-01-16,58.611721962914245,2.5086928954525405,1.536463750167332,203614.79605573133
2,2012-01-17,58.611721962914245,2.5086928954525405,1.536463750167332,208179.73688210646
2,2012-01-18,58.611721962914245,2.5086928954525405,1.536463750167332,222079.01548929725
2,2012-01-19,58.611721962914245,2.5086928954525405,1.536463750167332,241901.04563117813
2,2012-01-20,58.611721962914245,2.5086928954525405,1.536463750167332,267525.2963603472
2,2012-01-23,58.611721962914245,2.5086928954525405,1.536463750167332,297388.2523527945
2,2012-01-24,65.60299508354066,2.5086928954525405,1.5547908652180695,333158.45091397414
2,2012-01-25,65.60299508354066,2.5086928954525405,1.5547908652180695,372785.4869391233
2,2012-01-27,65.60299508354066,2.5086928954525405,1.5547908652180695,414695.49374694284
2,2012-01-30,65.60299508354066,2.5086928954525405,1.5547908652180695,457200.1317174045
2,2012-01-31,65.60299508354066,2.5086928954525405,1.5547908652180695,492568.12846136035
2,2012-02-01,65.60299508354066,2.5086928954525405,1.5547908652180695,541838.0461849666
2,2012-02-02,65.60299508354066,2.5086928954525405,1.5547908652180695,578346.0249688858
2,2012-02-03,65.60299508354066,2.5086928954525405,1.5547908652180695,606583.2858710204
2,2012-02-06,65.60299508354066,2.5086928954525405,1.5547908652180695,628532.8129581687
2,2012-02-07,65.60299508354066,2.5086928954525405,1.5547908652180695,657047.62350845
2,2012-02-08,65.60299508354066,2.5086928954525405,1.5547908652180695,678677.1709991243
2,2012-02-09,65.60299508354066,2.5086928954525405,1.5547908652180695,701546.4954391078
2,2012-02-10,65.60299508354066,2.5086928954525405,1.5547908652180695,712154.4563670759
2,2012-02-13,65.60299508354066,2.5086928954525405,1.5547908652180695,712648.3789079611
2,2012-02-14,65.60299508354066,2.5086928954525405,1.5547908652180695,713787.4195158187
2,2012-02-15,65.60299508354066,2.5086928954525405,1.5547908652180695,701139.7684702899
2,2012-02-16,65.60299508354066,2.5086928954525405,1.5547908652180695,696504.9987146341
2,2012-02-17,65.60299508354066,2.5086928954525405,1.5547908652180695,684346.3023049529
2,2012-02-21,65.60299508354066,2.5086928954525405,1.5547908652180695,664956.3258574696
2,2012-02-22,65.60299508354066,2.5086928954525405,1.5547908652180695,633363.7980818306
2,2012-02-23,65.60299508354066,2.5086928954525405,1.5547908652180695,607597.8881012045
2,2012-02-24,65.60299508354066,2.5086928954525405,1.5547908652180695,568869.526389451
2,2012-02-27,65.60299508354066,2.5086928954525405,1.5547908652180695,543857.5109082148
2,2012-02-28,65.60299508354066,2.5086928954525405,1.5547908652180695,511932.40453134605
2,2012-02-29,65.60299508354066,2.5086928954525405,1.5547908652180695,487528.735186826
2,2012-03-01,65.60299508354066,2.5086928954525405,1.5547908652180695,467521.53776399343
2,2012-03-02,65.60299508354066,2.5086928954525405,1.5547908652180695,430937.9054189366
2,2012-03-05,65.60299508354066,2.5086928954525405,1.5547908652180695,405077.32267420617
2,2012-03-06,65.60299508354066,2.5086928954525405,1.5547908652180695,396231.0001116455
2,2012-03-07,65.60299508354066,2.5086928954525405,1.5547908652180695,387893.498638077
2,2012-03-09,65.60299508354066,2.5086928954525405,1.5547908652180695,380222.6006918186
2,2012-03-12,65.60299508354066,2.5086928954525405,1.5547908652180695,371444.8892341623
2,2012-03-13,65.60299508354066,2.5086928954525405,1.5547908652180695,364540.4207417144
2,2012-03-14,66.13685227983383,2.5291078742781474,1.5560561066770466,367871.4800950883
2,2012-03-15,64.79196726330622,2.5291078742781474,1.5528918851112974,360758.72882805916
2,2012-03-16,64.79196726330622,2.5291078742781474,1.5528918851112974,360527.38426363276
2,2012-03-19,68.89938530921036,2.5291078742781474,1.562736278516306,383743.16279576067
2,2012-03-20,68.89938530921036,2.5291078742781474,1.562736278516306,398334.1018622371
2,2012-03-21,68.89938530921036,2.5291078742781474,1.562736278516306,399248.8223598945
2,2012-03-22,68.89938530921036,2.5291078742781474,1.562736278516306,398000.89433685935
2,2012-03-23,68.89938530921036,2.5291078742781474,1.562736278516306,388442.6667076148
2,2012-03-26,68.89938530921036,2.5291078742781474,1.562736278516306,380584.1931715557
2,2012-03-27,68.89938530921036,2.5291078742781474,1.562736278516306,366621.07809678424
2,2012-03-28,68.89938530921036,2.5291078742781474,1.562736278516306,336176.8329254414
2,2012-03-29,68.89938530921036,2.5291078742781474,1.562736278516306,315128.9716168487
2,2012-03-30,68.89938530921036,2.5291078742781474,1.562736278516306,294112.26611371536
2,2012-04-02,68.89938530921036,2.5291078742781474,1.562736278516306,270297.61945493723
2,2012-04-03,68.89938530921036,2.5291078742781474,1.562736278516306,253077.0341084016
2,2012-04-04,68.89938530921036,2.5291078742781474,1.562736278516306,233749.15934621397
2,2012-04-09,68.89938530921036,2.5291078742781474,1.562736278516306,213699.46572586577
2,2012-04-10,68.89938530921036,2.5291078742781474,1.562736278516306,220722.97380450927
2,2012-04-11,68.89938530921036,2.5291078742781474,1.562736278516306,227113.30708726653
2,2012-04-12,68.89938530921036,2.5291078742781474,1.562736278516306,239756.9142430267
2,2012-04-13,68.89938530921036,2.5291078742781474,1.562736278516306,270199.2150000137
2,2012-04-16,68.89938530921036,2.5291078742781474,1.562736278516306,314868.2727949115
2,2012-04-17,68.89938530921036,2.5291078742781474,1.562736278516306,365785.23869428
2,2012-04-18,68.89938530921036,2.5291078742781474,1.562736278516306,426424.4837026315
2,2012-04-19,68.89938530921036,2.5291078742781474,1.562736278516306,493638.71953985316
2,2012-04-20,68.89938530921036,2.5291078742781474,1.562736278516306,577450.0692268107
2,2012-04-23,68.89938530921036,2.5291078742781474,1.562736278516306,651486.276650061
2,2012-04-24,68.89938530921036,2.5291078742781474,1.562736278516306,668589.0728565453
2,2012-04-25,68.89938530921036,2.5291078742781474,1.562736278516306,703701.344976618
2,2012-04-26,68.89938530921036,2.5291078742781474,1.562736278516306,724965.8164572149
2,2012-04-27,68.89938530921036,2.5291078742781474,1.562736278516306,738182.5641918614
2,2012-04-30,68.89938530921036,2.5291078742781474,1.562736278516306,726161.8259594982
2,2012-05-02,68.89938530921036,2.5291078742781474,1.562736278516306,701034.8357525431
2,2012-05-03,68.89938530921036,2.5291078742781474,1.562736278516306,669530.73019899
2,2012-05-04,68.89938530921036,2.5291078742781474,1.562736278516306,634842.8601685353
2,2012-05-07,68.89938530921036,2.5291078742781474,1.562736278516306,602907.4851895592
2,2012-05-08,68.89938530921036,2.5291078742781474,1.562736278516306,614632.2700895005
2,2012-05-09,68.89938530921036,2.5291078742781474,1.562736278516306,614431.6516700883
2,2012-05-10,68.89938530921036,2.5291078742781474,1.562736278516306,608898.2038858677
2,2012-05-11,68.89938530921036,2.5291078742781474,1.562736278516306,603975.5897097094
2,2012-05-14,68.89938530921036,2.5291078742781474,1.562736278516306,603359.7656408594
2,2012-05-15,68.89938530921036,2.5291078742781474,1.562736278516306,610272.5603716155
2,2012-05-16,68.89938530921036,2.5291078742781474,1.562736278516306,618827.5620887508
2,2012-05-17,68.89938530921036,2.5291078742781474,1.562736278516306,630652.1189354592
2,2012-05-18,68.89938530921036,2.5291078742781474,1.562736278516306,637918.9310514107
2,2012-05-21,68.89938530921036,2.5291078742781474,1.562736278516306,640055.552721499
2,2012-05-22,68.89938530921036,2.5291078742781474,1.562736278516306,641336.6317533215
2,2012-05-23,68.89938530921036,2.5291078742781474,1.562736278516306,654947.0077018191
2,2012-05-24,68.89938530921036,2.5291078742781474,1.562736278516306,665000.8428038036
2,2012-05-25,68.89938530921036,2.5291078742781474,1.562736278516306,670502.5564410151
2,2012-05-28,68.89938530921036,2.5291078742781474,1.562736278516306,675347.8355623134
2,2012-05-29,68.89938530921036,2.5291078742781474,1.562736278516306,679567.5685639894
2,2012-05-30,68.89938530921036,2.5291078742781474,1.562736278516306,684963.3395493466
2,2012-05-31,68.89938530921036,2.5291078742781474,1.562736278516306,689720.997818904
2,2012-06-01,68.89938530921036,2.5291078742781474,1.562736278516306,716671.1313847257
2,2012-06-04,68.89938530921036,2.5291078742781474,1.562736278516306,742603.0334367704
2,2012-06-05,68.89938530921036,2.5291078742781474,1.562736278516306,771332.32628362
2,2012-06-06,68.89938530921036,2.5291078742781474,1.562736278516306,772349.5641407024
2,2012-06-07,68.89938530921036,2.5291078742781474,1.562736278516306,762292.0165457972
2,2012-06-08,68.89938530921036,2.5291078742781474,1.562736278516306,763871.1771369933
2,2012-06-11,68.89938530921036,2.5291078742781474,1.562736278516306,753467.8107827135
2,2012-06-12,68.89938530921036,2.5291078742781474,1.562736278516306,745619.8164459001
2,2012-06-13,68.89938530921036,2.5291078742781474,1.562736278516306,743413.4441827766
2,2012-06-14,68.89938530921036,2.5291078742781474,1.562736278516306,746288.6730938964
2,2012-06-15,68.89938530921036,2.5291078742781474,1.562736278516306,749221.1604282963
2,2012-06-18,68.89938530921036,2.5291078742781474,1.562736278516306,750591.8431319708
2,2012-06-19,68.89938530921036,2.5291078742781474,1.562736278516306,730235.554267274
2,2012-06-20,68.89938530921036,2.5291078742781474,1.562736278516306,727350.2418975517
2,2012-06-21,68.89938530921036,2.5291078742781474,1.562736278516306,737184.4747724298
2,2012-06-22,68.89938530921036,2.5291078742781474,1.562736278516306,745731.0509627048
2,2012-06-25,68.89938530921036,2.5291078742781474,1.562736278516306,771870.7242973126
2,2012-06-26,68.89938530921036,2.5291078742781474,1.562736278516306,788494.2712389827
2,2012-06-27,68.89938530921036,2.5291078742781474,1.562736278516306,795830.9287395852
2,2012-06-28,67.57986090683447,2.4806717446759152,1.5597434090665625,781385.4287634905
2,2012-06-29,67.57986090683447,2.4806717446759152,1.5597434090665625,764227.9628084984
2,2012-07-02,67.57986090683447,2.4806717446759152,1.5597434090665625,732613.9568947534
2,2012-07-03,67.57986090683447,2.4806717446759152,1.5597434090665625,700989.9082245921
2,2012-07-04,67.57986090683447,2.4806717446759152,1.5597434090665625,671469.5579774632
2,2012-07-05,67.57986090683447,2.4806717446759152,1.5597434090665625,650036.2364992412
2,2012-07-06,67.57986090683447,2.4806717446759152,1.5597434090665625,637168.3837230596
2,2012-07-09,67.57986090683447,2.4806717446759152,1.5597434090665625,614325.6272332387
2,2012-07-10,67.57986090683447,2.4806717446759152,1.5597434090665625,588738.9045845063
2,2012-07-11,67.57986090683447,2.4806717446759152,1.5597434090665625,567613.914610728
2,2012-07-12,67.57986090683447,2.4806717446759152,1.5597434090665625,550369.6345062329
2,2012-07-13,67.57986090683447,2.4806717446759152,1.5597434090665625,539753.4231282461
2,2012-07-16,68.8360607226282,2.526783402008306,1.5626427186491259,550326.3157382465
2,2012-07-17,72.11934745884702,2.526783402008306,1.5700960854712962,577125.661450029
2,2012-07-18,73.81808145425059,2.526783402008306,1.5737943657392395,591296.6841067947
2,2012-07-19,73.81808145425059,2.526783402008306,1.5737943657392395,606953.0233461822
2,2012-07-20,73.81808145425059,2.526783402008306,1.5737943657392395,613826.2372127858
2,2012-07-23,73.81808145425059,2.526783402008306,1.5737943657392395,621232.1003885398
2,2012-07-24,73.81808145425059,2.526783402008306,1.5737943657392395,649438.4079512903
2,2012-07-25,73.81808145425059,2.526783402008306,1.5737943657392395,668737.0986071818
2,2012-07-26,73.81808145425059,2.526783402008306,1.5737943657392395,702049.8403930013
2,2012-07-27,73.81808145425059,2.526783402008306,1.5737943657392395,733419.4863815721
2,2012-07-30,73.81808145425059,2.526783402008306,1.5737943657392395,754450.9597209448
2,2012-07-31,73.81808145425059,2.526783402008306,1.5737943657392395,769465.3615916726
2,2012-08-01,73.81808145425059,2.526783402008306,1.5737943657392395,793906.8107853006
2,2012-08-02,73.81808145425059,2.526783402008306,1.5737943657392395,823401.3535710988
2,2012-08-03,73.81808145425059,2.526783402008306,1.5737943657392395,864508.1791668872
2,2012-08-06,73.81808145425059,2.526783402008306,1.5737943657392395,908651.6303549424
2,2012-08-07,73.81808145425059,2.526783402008306,1.5737943657392395,951350.7451230726
2,2012-08-08,73.81808145425059,2.526783402008306,1.5737943657392395,1007440.2490803222
2,2012-08-09,73.81808145425059,2.526783402008306,1.5737943657392395,1057325.7575750712
2,2012-08-10,73.81808145425059,2.526783402008306,1.5737943657392395,1115848.0819007156
2,2012-08-13,73.81808145425059,2.526783402008306,1.5737943657392395,1183699.5381064296
2,2012-08-14,73.81808145425059,2.526783402008306,1.5737943657392395,1275855.2674805343
2,2012-08-16,73.81808145425059,2.526783402008306,1.5737943657392395,1356836.2545409345
2,2012-08-17,73.81808145425059,2.526783402008306,1.5737943657392395,1419711.7039516927
2,2012-08-21,73.81808145425059,2.526783402008306,1.5737943657392395,1465845.5841030695
2,2012-08-22,73.81808145425059,2.526783402008306,1.5737943657392395,1548520.312548265
2,2012-08-23,73.81808145425059,2.526783402008306,1.5737943657392395,1609539.1459643359
2,2012-08-24,73.81808145425059,2.526783402008306,1.5737943657392395,1687226.7424953887
2,2012-08-27,73.81808145425059,2.526783402008306,1.5737943657392395,1752392.835152591
2,2012-08-28,73.81808145425059,2.526783402008306,1.5737943657392395,1806551.0996765362
2,2012-08-29,73.81808145425059,2.526783402008306,1.5737943657392395,1902843.074611273
2,2012-08-30,73.81808145425059,2.526783402008306,1.5737943657392395,1973200.0773801792
2,2012-08-31,73.81808145425059,2.526783402008306,1.5737943657392395,2075035.5208722611
2,2012-09-03,73.81808145425059,2.526783402008306,1.5737943657392395,2081627.3668375344
2,2012-09-04,73.81808145425059,2.526783402008306,1.5737943657392395,2017898.6481131313
2,2012-09-05,73.81808145425059,2.526783402008306,1.5737943657392395,1955047.2794470938
2,2012-09-06,73.81808145425059,2.526783402008306,1.5737943657392395,1853358.2040362596
2,2012-09-07,73.81808145425059,2.526783402008306,1.5737943657392395,1723381.2142842882
2,2012-09-10,73.81808145425059,2.526783402008306,1.5737943657392395,1625051.2825922747
2,2012-09-11,73.81808145425059,2.526783402008306,1.5737943657392395,1500137.0427617028
2,2012-09-12,73.81808145425059,2.526783402008306,1.5737943657392395,1348151.3160355303
2,2012-09-13,73.81808145425059,2.526783402008306,1.5737943657392395,1232326.5737014108
2,2012-09-14,73.81808145425059,2.526783402008306,1.5737943657392395,1136267.6928546936
2,2012-09-17,72.6744786279901,2.4876380248465373,1.5713562155609153,1119800.6996751772
2,2012-09-18,72.6744786279901,2.4876380248465373,1.5713562155609153,1134748.0100849564
3,2012-09-20,0.9853842662632375,0.9853842662632375,0.9985384266263237,0.9863842662632375
3,2012-09-21,0.9758223648141632,0.9853842662632375,0.9975694720412539,0.9777990453518645
3,2012-09-24,0.9789331412265995,0.9853842662632375,0.9978874823364969,0.9818939221729062
3,2012-09-25,0.9750398337919218,0.9853842662632375,0.9974906132766668,0.978970733361369
3,2012-09-26,0.9769847376627839,0.9853842662632375,0.9976895819021192,0.9819024488983661
3,2012-09-27,0.9966760656342305,0.9853842662632375,0.9997004457379175,1.0026747967983152
3,2012-09-28,0.9947180151889592,0.9853842662632375,0.9995040465295478,1.0017076361590795
3,2012-10-01,0.9883411340711494,0.9853842662632375,0.9988632902162847,0.9962876540167789
3,2012-10-03,0.9578366896027098,0.9853842662632375,0.9957803698846727,0.9665342335296803
3,2012-10-04,0.9497522187761553,0.9853842662632375,0.994939897031902,0.9593428866769488
3,2012-10-05,0.9383872034414903,0.9735928673328405,0.9937493225890849,0.9488224494665233
3,2012-10-08,0.9564677799483905,0.9735928673328405,0.9956640503890652,0.9680529117615972
3,2012-10-09,0.9701000591353891,0.9735928673328405,0.9970831437026,0.9828183636423373
3,2012-10-10,0.9701000591353891,0.9735928673328405,0.9970831437026,1.0026370924115284
3,2012-10-11,0.9701000591353891,0.9735928673328405,0.9970831437026,1.0173720934243748
3,2012-10-12,0.9788799329804908,0.9735928673328405,0.9979855520812355,1.0275971740935046
3,2012-10-15,0.9788799329804908,0.9735928673328405,0.9979855520812355,1.04414633841436
3,2012-10-16,0.9788799329804908,0.9735928673328405,0.9979855520812355,1.0597372063639146
3,2012-10-17,0.9788799329804908,0.9735928673328405,0.9979855520812355,1.0994210267897975
3,2012-10-18,0.9788799329804908,0.9735928673328405,0.9979855520812355,1.1181322504887992
3,2012-10-19,0.9788799329804908,0.9735928673328405,0.9979855520812355,1.1448783855792433
3,2012-10-22,0.9788799329804908,0.9735928673328405,0.9979855520812355,1.1558158633562832
3,2012-10-23,0.9788799329804908,0.9735928673328405,0.9979855520812355,1.1704108089442
3,2012-10-25,0.9788799329804908,0.9735928673328405,0.9979855520812355,1.17895295772584
3,2012-10-29,0.9788799329804908,0.9735928673328405,0.9979855520812355,1.202470722048256
3,2012-10-30,0.9788799329804908,0.9735928673328405,0.9979855520812355,1.18656310659241
3,2012-10-31,0.9788799329804908,0.9735928673328405,0.9979855520812355,1.1606761410116038
3,2012-11-01,0.9788799329804908,0.9735928673328405,0.9979855520812355,1.1139931558784855
3,2012-11-02,0.9788799329804908,0.9735928673328405,0.9979855520812355,1.065122141830116
3,2012-11-05,0.9788799329804908,0.9735928673328405,0.9979855520812355,1.0271507094792263
3,2012-11-06,0.9788799329804908,0.9735928673328405,0.9979855520812355,0.9928487558077862
3,2012-11-07,0.9788799329804908,0.9735928673328405,0.9979855520812355,0.9608598441565466
3,2012-11-08,0.9788799329804908,0.9735928673328405,0.9979855520812355,0.9337923520610497
3,2012-11-09,0.9788799329804908,0.9735928673328405,0.9979855520812355,0.9128252789657638
3,2012-11-12,0.9512009755211516,0.9460634077436848,0.9951636329969424,0.8879269182013373
3,2012-11-15,0.9512009755211516,0.9460634077436848,0.9951636329969424,0.9015461488283067
3,2012-11-16,0.9512009755211516,0.9460634077436848,0.9951636329969424,0.9225644760264444
3,2012-11-19,0.9512009755211516,0.9460634077436848,0.9951636329969424,0.9496782877260465
3,2012-11-20,0.9512009755211516,0.9460634077436848,0.9951636329969424,0.9684062111405415
3,2012-11-21,0.9512009755211516,0.9460634077436848,0.9951636329969424,0.9672733072472111
3,2012-11-22,0.9512009755211516,0.9460634077436848,0.9951636329969424,0.9579526199589982
3,2012-11-23,0.9512009755211516,0.9460634077436848,0.9951636329969424,0.9197415467118344
3,2012-11-26,0.9512009755211516,0.9460634077436848,0.9951636329969424,0.867132072316304
3,2012-11-27,0.9512009755211516,0.9460634077436848,0.9951636329969424,0.8206690678331459
3,2012-11-29,0.9512009755211516,0.9460634077436848,0.9951636329969424,0.7729058068106579
3,2012-11-30,0.9512009755211516,0.9460634077436848,0.9951636329969424,0.7310842055972127
3,2012-12-03,0.9512009755211516,0.9460634077436848,0.9951636329969424,0.6692906873991726
3,2012-12-04,0.9512009755211516,0.9460634077436848,0.9951636329969424,0.6235536707736886
3,2012-12-05,0.9512009755211516,0.9460634077436848,0.9951636329969424,0.592205434197184
3,2012-12-06,0.9512009755211516,0.9460634077436848,0.9951636329969424,0.5789575006420508
3,2012-12-07,0.9512009755211516,0.9460634077436848,0.9951636329969424,0.5764614671636861
3,2012-12-10,0.9512009755211516,0.9460634077436848,0.9951636329969424,0.5899737393973797
3,2012-12-11,0.9512009755211516,0.9460634077436848,0.9951636329969424,0.6105311591958292
3,2012-12-12,0.9512009755211516,0.9460634077436848,0.9951636329969424,0.6230575080455221
3,2012-12-13,0.9512009755211516,0.9460634077436848,0.9951636329969424,0.6459656945780586
3,2012-12-14,0.9512009755211516,0.9460634077436848,0.9951636329969424,0.6526961025265465
3,2012-12-17,0.9965276347173396,0.9911452513964291,0.9999057899120549,0.6844510941052653
3,2012-12-18,0.9965276347173396,0.9911452513964291,0.9999057899120549,0.7142172247690919
3,2012-12-19,1.0342959231128936,0.9911452513964291,1.0036954219228615,0.7420001967201686
3,2012-12-20,1.072211309604598,0.9911452513964291,1.0073747847620405,0.7699425596050582
3,2012-12-21,1.1019331449485692,0.9911452513964291,1.0101672406160462,0.7920554088994711
3,2012-12-24,1.1304638755516347,0.9911452513964291,1.012782717747139,0.8133549874712813
3,2012-12-26,1.1304638755516347,0.9911452513964291,1.012782717747139,0.8226342872098147
3,2012-12-27,1.1304638755516347,0.9911452513964291,1.012782717747139,0.8275335125429358
3,2012-12-28,1.1639831110575152,0.9911452513964291,1.015785706446436,0.8528981332599679
3,2012-12-31,1.235715812966113,0.9911452513964291,1.0220456815776333,0.9063125221660212
3,2013-01-01,1.3061313069261877,1.0476242425454854,1.0278696623637418,0.9588637543864608
3,2013-01-02,1.3061313069261877,1.0476242425454854,1.0278696623637418,1.0229625386092058
3,2013-01-03,1.3878480729319973,1.0476242425454854,1.0343004235160425,1.0879861035045284
3,2013-01-04,1.4417947389029209,1.0476242425454854,1.0383208246355342,1.1313649023068386
3,2013-01-07,1.4794919341845194,1.0476242425454854,1.041035620426856,1.162076957515631
3,2013-01-08,1.497640387541381,1.0476242425454854,1.0423126254556507,1.1774938600475628
3,2013-01-09,1.497640387541381,1.0476242425454854,1.0423126254556507,1.210099515696403
3,2013-01-10,1.5796293235296086,1.0476242425454854,1.0480188085847326,1.2775570084829861
3,2013-01-11,1.6193436667033874,1.0476242425454854,1.0506536912117346,1.3109543398608063
3,2013-01-14,1.6305262374265197,1.0476242425454854,1.0513792326424436,1.3213182456659571
3,2013-01-15,1.6305262374265197,1.0476242425454854,1.0513792326424436,1.3287277841191993
3,2013-01-16,1.6305262374265197,1.0476242425454854,1.0513792326424436,1.3271503906746085
3,2013-01-17,1.6305262374265197,1.0476242425454854,1.0513792326424436,1.3097571439254094
3,2013-01-18,1.6305262374265197,1.0476242425454854,1.0513792326424436,1.3069456504436356
3,2013-01-21,1.6305262374265197,1.0476242425454854,1.0513792326424436,1.3328388729859941
3,2013-01-22,1.6815552717340931,1.0804107455696101,1.05466963458148,1.3758843068573998
3,2013-01-23,1.6815552717340931,1.0804107455696101,1.05466963458148,1.4373401228155673
3,2013-01-24,1.6815552717340931,1.0804107455696101,1.05466963458148,1.5007386347346146
3,2013-01-25,1.6815552717340931,1.0804107455696101,1.05466963458148,1.5926525513870464
3,2013-01-28,1.6815552717340931,1.0804107455696101,1.05466963458148,1.6751239023737834
3,2013-01-29,1.6815552717340931,1.0804107455696101,1.05466963458148,1.7562055288951526
3,2013-01-30,1.6815552717340931,1.0804107455696101,1.05466963458148,1.8726422860256342
3,2013-01-31,1.6815552717340931,1.0804107455696101,1.05466963458148,2.01690592329787
3,2013-02-01,1.6815552717340931,1.0804107455696101,1.05466963458148,2.1576151466516147
3,2013-02-04,1.6815552717340931,1.0804107455696101,1.05466963458148,2.2673769690416274
3,2013-02-05,1.6815552717340931,1.0804107455696101,1.05466963458148,2.4065821233505496
3,2013-02-06,1.7807878868119846,1.1441683784249164,1.0608934933889778,2.5510068963202275
3,2013-02-07,1.8610403234796824,1.1441683784249164,1.0656744832261105,2.6685207917794878
3,2013-02-08,1.8610403234796824,1.1441683784249164,1.0656744832261105,2.729484469005134
3,2013-02-11,1.9367938889914162,1.1441683784249164,1.0700123065801102,2.8433175001987134
3,2013-02-12,2.0534643070722374,1.1441683784249164,1.0764579476919443,3.0174392605782665
3,2013-02-13,2.0534643070722374,1.1441683784249164,1.0764579476919443,3.117922312827528
3,2013-02-14,2.0534643070722374,1.1441683784249164,1.0764579476919443,3.267174351101304
3,2013-02-15,2.0534643070722374,1.1441683784249164,1.0764579476919443,3.4024239062299375
3,2013-02-18,2.0534643070722374,1.1441683784249164,1.0764579476919443,3.612128794303083
3,2013-02-19,2.0534643070722374,1.1441683784249164,1.0764579476919443,3.853846463618534
3,2013-02-20,2.0534643070722374,1.1441683784249164,1.0764579476919443,4.141399166167678
3,2013-02-21,2.0534643070722374,1.1441683784249164,1.0764579476919443,4.537686788071832
3,2013-02-22,2.0534643070722374,1.1441683784249164,1.0764579476919443,4.937007126556037
3,2013-02-25,2.0534643070722374,1.1441683784249164,1.0764579476919443,5.24688917469161
3,2013-02-26,2.0534643070722374,1.1441683784249164,1.0764579476919443,5.471645565036862
3,2013-02-27,2.0534643070722374,1.1441683784249164,1.0764579476919443,5.72434765075962
3,2013-02-28,2.0534643070722374,1.1441683784249164,1.0764579476919443,5.915662183643174
3,2013-03-01,2.144933505494742,1.1951340387845648,1.0812529054261402,6.185084192741436
3,2013-03-04,2.144933505494742,1.1951340387845648,1.0812529054261402,6.404783033666187
3,2013-03-05,2.144933505494742,1.1951340387845648,1.0812529054261402,6.432229328498086
3,2013-03-06,2.144933505494742,1.1951340387845648,1.0812529054261402,6.417603435774684
3,2013-03-07,2.144933505494742,1.1951340387845648,1.0812529054261402,6.29671049282904
3,2013-03-08,2.144933505494742,1.1951340387845648,1.0812529054261402,6.1336399523087
3,2013-03-11,2.144933505494742,1.1951340387845648,1.0812529054261402,6.0441535983739305
3,2013-03-12,2.144933505494742,1.1951340387845648,1.0812529054261402,6.028079657332216
3,2013-03-13,2.144933505494742,1.1951340387845648,1.0812529054261402,6.121509840138614
3,2013-03-14,2.144933505494742,1.1951340387845648,1.0812529054261402,6.0791431664234485
3,2013-03-15,2.144933505494742,1.1951340387845648,1.0812529054261402,6.067915869114606
3,2013-03-18,2.144933505494742,1.1951340387845648,1.0812529054261402,5.9767202478483705
3,2013-03-19,2.144933505494742,1.1951340387845648,1.0812529054261402,5.826215666098475
3,2013-03-20,2.144933505494742,1.1951340387845648,1.0812529054261402,5.604410467197785
3,2013-03-21,2.144933505494742,1.1951340387845648,1.0812529054261402,5.319869905485684
3,2013-03-22,2.080547043699962,1.1592585899975898,1.0780072081256238,5.165498297988589
3,2013-03-25,2.080547043699962,1.1592585899975898,1.0780072081256238,5.122322702557259
3,2013-03-26,2.080547043699962,1.1592585899975898,1.0780072081256238,5.058308227654969
3,2013-03-28,2.080547043699962,1.1592585899975898,1.0780072081256238,4.852862105763858
3,2013-04-01,2.080547043699962,1.1592585899975898,1.0780072081256238,4.589778516061904
3,2013-04-02,2.080547043699962,1.1592585899975898,1.0780072081256238,4.343210019579388
3,2013-04-03,2.080547043699962,1.1592585899975898,1.0780072081256238,4.099090890877449
3,2013-04-04,2.080547043699962,1.1592585899975898,1.0780072081256238,3.9494323510272165
3,2013-04-05,2.080547043699962,1.1592585899975898,1.0780072081256238,3.7568833813750153
3,2013-04-08,2.080547043699962,1.1592585899975898,1.0780072081256238,3.6295186254719565
3,2013-04-09,2.080547043699962,1.1592585899975898,1.0780072081256238,3.399007655094383
3,2013-04-10,2.080547043699962,1.1592585899975898,1.0780072081256238,3.0412174184173626
3,2013-04-11,2.080547043699962,1.1592585899975898,1.0780072081256238,2.7124397879328033
3,2013-04-12,2.080547043699962,1.1592585899975898,1.0780072081256238,2.4731781510886393
3,2013-04-15,2.023996097790084,1.1277490069689209,1.0750770976288788,2.408428353305964
3,2013-04-16,2.023996097790084,1.1277490069689209,1.0750770976288788,2.30344574920139
3,2013-04-17,2.0366310865080686,1.1277490069689209,1.075748224762688,2.320128674775393
3,2013-04-18,2.06102050688137,1.1277490069689209,1.0770364735694247,2.350233213667666
3,2013-04-22,2.1382015890575765,1.1277490069689209,1.0810697590362983,2.4405949645696317
3,2013-04-23,2.237551398466241,1.1277490069689209,1.0860928623333577,2.556435832836126
3,2013-04-25,2.3846647341648275,1.1277490069689209,1.0932336477457425,2.727071448045895
3,2013-04-26,2.5255149457457042,1.1277490069689209,1.099690831784498,2.8908729820589927
3,2013-04-29,2.6836494927754213,1.1277490069689209,1.1065765210515488,3.0747752128666797
3,2013-04-30,2.862322496897826,1.1277490069689209,1.1139439269605493,3.2825635044172663
3,2013-05-02,2.899683249379241,1.1424690643894917,1.1153979134829783,3.3286920584506947
3,2013-05-03,3.0098273625886334,1.1424690643894917,1.11963473880114,3.458460710806081
3,2013-05-06,3.0098273625886334,1.1424690643894917,1.11963473880114,3.470718241885642
3,2013-05-07,3.0098273625886334,1.1424690643894917,1.11963473880114,3.52083564054264
3,2013-05-08,3.0098273625886334,1.1424690643894917,1.11963473880114,3.564367472986747
3,2013-05-09,3.0098273625886334,1.1424690643894917,1.11963473880114,3.5506899304344275
3,2013-05-10,3.0098273625886334,1.1424690643894917,1.11963473880114,3.488145247331806
3,2013-05-13,3.0098273625886334,1.1424690643894917,1.11963473880114,3.599642923935625
3,2013-05-14,3.0098273625886334,1.1424690643894917,1.11963473880114,3.7382759667903764
3,2013-05-15,3.0098273625886334,1.1424690643894917,1.11963473880114,3.8038172280070706
3,2013-05-16,3.0098273625886334,1.1424690643894917,1.11963473880114,3.9224534596570857
3,2013-05-17,3.0098273625886334,1.1424690643894917,1.11963473880114,3.9880580814002666
3,2013-05-20,3.0098273625886334,1.1424690643894917,1.11963473880114,3.9799324538222844
3,2013-05-21,3.0098273625886334,1.1424690643894917,1.11963473880114,3.906617556632327
3,2013-05-22,2.9453515432930066,1.1179953587338067,1.117236283394915,3.8268375246590294
3,2013-05-23,2.9453515432930066,1.1179953587338067,1.117236283394915,3.77056439572711
3,2013-05-24,2.9453515432930066,1.1179953587338067,1.117236283394915,3.89731442583209
3,2013-05-27,2.9453515432930066,1.1179953587338067,1.117236283394915,3.967689956885037
3,2013-05-28,2.9179930441766593,1.1179953587338067,1.1161985156642136,3.934802948656042
3,2013-05-29,2.8580734830730394,1.1179953587338067,1.1139064565622707,3.8579384960399117
3,2013-05-30,2.8580734830730394,1.1179953587338067,1.1139064565622707,3.7196403829375195
3,2013-05-31,2.8580734830730394,1.1179953587338067,1.1139064565622707,3.601109344816184
3,2013-06-03,2.8580734830730394,1.1179953587338067,1.1139064565622707,3.559569215420787
3,2013-06-04,2.8580734830730394,1.1179953587338067,1.1139064565622707,3.507221000209599
3,2013-06-05,2.8580734830730394,1.1179953587338067,1.1139064565622707,3.411404199601954
3,2013-06-06,2.8580734830730394,1.1179953587338067,1.1139064565622707,3.2577373437640285
3,2013-06-07,2.8580734830730394,1.1179953587338067,1.1139064565622707,3.0503420692655276
3,2013-06-10,2.8580734830730394,1.1179953587338067,1.1139064565622707,2.821623730629028
3,2013-06-11,2.8580734830730394,1.1179953587338067,1.1139064565622707,2.6163276149172656
3,2013-06-12,2.8580734830730394,1.1179953587338067,1.1139064565622707,2.5621511795985965
3,2013-06-13,2.9466524077290592,1.1526448620560874,1.117358734352679,2.6441208749295697
3,2013-06-14,3.080709910150205,1.1526448620560874,1.122442140893704,2.767058872226067
3,2013-06-17,3.1622588981711,1.1526448620560874,1.1254133398501622,2.8430723117720493
3,2013-06-18,3.1622588981711,1.1526448620560874,1.1254133398501622,2.95482210276563
3,2013-06-19,3.2966441584344883,1.1526448620560874,1.1301959642161534,3.0833468260367742
3,2013-06-20,3.607403156403137,1.1526448620560874,1.1408497851464297,3.377082643678472
3,2013-06-21,3.877600636066903,1.1526448620560874,1.1493948443831374,3.6334060091124516
3,2013-06-24,3.877600636066903,1.1526448620560874,1.1493948443831374,3.8805355084814273
3,2013-06-25,4.187317606745146,1.1526448620560874,1.1585754465834874,4.194367432773281
3,2013-06-26,4.399384266226877,1.1526448620560874,1.1644430508062658,4.410985498058438
3,2013-06-27,4.399384266226877,1.1526448620560874,1.1644430508062658,4.625784210358131
3,2013-06-28,4.399384266226877,1.1526448620560874,1.1644430508062658,4.905192819125363
3,2013-07-01,4.399384266226877,1.1526448620560874,1.1644430508062658,5.396254526447254
3,2013-07-02,4.399384266226877,1.1526448620560874,1.1644430508062658,5.931366486844009
3,2013-07-03,4.399384266226877,1.1526448620560874,1.1644430508062658,6.682640838949421
3,2013-07-04,4.399384266226877,1.1526448620560874,1.1644430508062658,7.213064200703133
3,2013-07-05,4.399384266226877,1.1526448620560874,1.1644430508062658,8.21521960679623
3,2013-07-08,4.399384266226877,1.1526448620560874,1.1644430508062658,9.523035084972383
3,2013-07-09,4.399384266226877,1.1526448620560874,1.1644430508062658,11.072766952186457
3,2013-07-10,4.399384266226877,1.1526448620560874,1.1644430508062658,13.05633790835475
3,2013-07-11,4.399384266226877,1.1526448620560874,1.1644430508062658,14.985726290117366
3,2013-07-12,4.399384266226877,1.1526448620560874,1.1644430508062658,16.518415818302884
3,2013-07-15,4.399384266226877,1.1526448620560874,1.1644430508062658,17.901364164678675
3,2013-07-16,4.399384266226877,1.1526448620560874,1.1644430508062658,19.45288528290999
3,2013-07-17,4.399384266226877,1.1526448620560874,1.1644430508062658,21.04063939894137
3,2013-07-18,4.399384266226877,1.1526448620560874,1.1644430508062658,23.004804093522598
3,2013-07-19,4.399384266226877,1.1526448620560874,1.1644430508062658,24.365053870029875
3,2013-07-22,4.399384266226877,1.1526448620560874,1.1644430508062658,26.048913482061202
3,2013-07-23,4.399384266226877,1.1526448620560874,1.1644430508062658,27.839793752130486
3,2013-07-24,4.399384266226877,1.1526448620560874,1.1644430508062658,28.462861410621016
3,2013-07-25,4.399384266226877,1.1526448620560874,1.1644430508062658,29.249820488405454
3,2013-07-26,4.399384266226877,1.1526448620560874,1.1644430508062658,29.90091539361369
3,2013-07-29,4.399384266226877,1.1526448620560874,1.1644430508062658,30.583233355792363
3,2013-07-30,4.399384266226877,1.1526448620560874,1.1644430508062658,31.286256112367386
3,2013-07-31,4.399384266226877,1.1526448620560874,1.1644430508062658,30.689999600297266
3,2013-08-01,4.399384266226877,1.1526448620560874,1.1644430508062658,30.048439769422032
3,2013-08-02,4.399384266226877,1.1526448620560874,1.1644430508062658,28.266713026158246
3,2013-08-05,4.399384266226877,1.1526448620560874,1.1644430508062658,26.005014077935577
3,2013-08-06,4.399384266226877,1.1526448620560874,1.1644430508062658,24.737510896802608
3,2013-08-07,4.399384266226877,1.1526448620560874,1.1644430508062658,24.829121256722825
3,2013-08-08,4.399384266226877,1.1526448620560874,1.1644430508062658,24.783375284393937
3,2013-08-12,4.399384266226877,1.1526448620560874,1.1644430508062658,25.12220048680778
3,2013-08-13,4.399384266226877,1.1526448620560874,1.1644430508062658,26.3384139114519
3,2013-08-14,4.399384266226877,1.1526448620560874,1.1644430508062658,27.970289110422858
3,2013-08-16,4.399384266226877,1.1526448620560874,1.1644430508062658,31.93283714636684
3,2013-08-19,4.399384266226877,1.1526448620560874,1.1644430508062658,36.95240991716372
3,2013-08-20,5.0656349534207274,1.3272034786631246,1.1820775863651056,42.585501925473835
3,2013-08-21,6.096520975178554,1.3272034786631246,1.2061335491737586,51.29448346031254
3,2013-08-22,6.096520975178554,1.3272034786631246,1.2061335491737586,57.401554710041026
3,2013-08-23,6.096520975178554,1.3272034786631246,1.2061335491737586,62.401387224074234
3,2013-08-26,6.096520975178554,1.3272034786631246,1.2061335491737586,67.34403864615012
3,2013-08-27,6.096520975178554,1.3272034786631246,1.2061335491737586,73.02074395013663
3,2013-08-28,6.096520975178554,1.3272034786631246,1.2061335491737586,75.31711408533475
3,2013-08-29,6.096520975178554,1.3272034786631246,1.2061335491737586,75.5743482560216
3,2013-08-30,6.096520975178554,1.3272034786631246,1.2061335491737586,70.7180717183152
3,2013-09-02,6.096520975178554,1.3272034786631246,1.2061335491737586,66.95670504706777
3,2013-09-03,6.096520975178554,1.3272034786631246,1.2061335491737586,65.39747219584825
3,2013-09-04,6.096520975178554,1.3272034786631246,1.2061335491737586,62.14829960019452
3,2013-09-05,6.096520975178554,1.3272034786631246,1.2061335491737586,60.88551136247359
3,2013-09-06,6.096520975178554,1.3272034786631246,1.2061335491737586,59.853810768181866
3,2013-09-10,6.096520975178554,1.3272034786631246,1.2061335491737586,58.396531293924326
3,2013-09-11,6.096520975178554,1.3272034786631246,1.2061335491737586,57.378736423442405
3,2013-09-12,6.096520975178554,1.3272034786631246,1.2061335491737586,56.64980284308272
3,2013-09-13,6.096520975178554,1.3272034786631246,1.2061335491737586,56.485978009242544
3,2013-09-16,6.096520975178554,1.3272034786631246,1.2061335491737586,57.235640781904884
3,2013-09-17,6.096520975178554,1.3272034786631246,1.2061335491737586,57.28266772327196
3,2013-09-18,6.096520975178554,1.3272034786631246,1.2061335491737586,59.3371643254202
3,2013-09-19,6.096520975178554,1.3272034786631246,1.2061335491737586,61.368078587715544
3,2013-09-20,6.096520975178554,1.3272034786631246,1.2061335491737586,65.75600626464444
3,2013-09-23,6.096520975178554,1.3272034786631246,1.2061335491737586,69.33288199898016
3,2013-09-24,6.096520975178554,1.3272034786631246,1.2061335491737586,74.74331688494814
3,2013-09-25,6.096520975178554,1.3272034786631246,1.2061335491737586,79.35790063846999
3,2013-09-26,6.096520975178554,1.3272034786631246,1.2061335491737586,86.67529713761213
3,2013-09-27,6.096520975178554,1.3272034786631246,1.2061335491737586,98.45016485027449
3,2013-09-30,6.096520975178554,1.3272034786631246,1.2061335491737586,113.1375039271356
3,2013-10-01,6.096520975178554,1.3272034786631246,1.2061335491737586,122.39027149369663
3,2013-10-03,6.096520975178554,1.3272034786631246,1.2061335491737586,128.1966415196748
3,2013-10-04,6.096520975178554,1.3272034786631246,1.2061335491737586,130.59528081893805
3,2013-10-07,6.096520975178554,1.3272034786631246,1.2061335491737586,130.57028961956865
3,2013-10-08,6.096520975178554,1.3272034786631246,1.2061335491737586,130.5512848106641
3,2013-10-09,6.096520975178554,1.3272034786631246,1.2061335491737586,125.42188448543685
3,2013-10-10,6.096520975178554,1.3272034786631246,1.2061335491737586,124.68322194459714
3,2013-10-11,6.096520975178554,1.3272034786631246,1.2061335491737586,121.26949125757707
3,2013-10-14,6.096520975178554,1.3272034786631246,1.2061335491737586,113.43513678738894
3,2013-10-15,6.096520975178554,1.3272034786631246,1.2061335491737586,107.11412806893442
3,2013-10-17,6.096520975178554,1.3272034786631246,1.2061335491737586,107.29702134614875
3,2013-10-18,6.096520975178554,1.3272034786631246,1.2061335491737586,106.1307867013609
3,2013-10-21,6.096520975178554,1.3272034786631246,1.2061335491737586,104.61181988278764
3,2013-10-22,6.096520975178554,1.3272034786631246,1.2061335491737586,104.69944075829349
3,2013-10-23,6.096520975178554,1.3272034786631246,1.2061335491737586,107.78787751058555
3,2013-10-24,6.3397549183495014,1.3801551435257187,1.210945680885447,112.19609682754654
3,2013-10-25,6.3397549183495014,1.3801551435257187,1.210945680885447,113.6556852923082
3,2013-10-28,6.3397549183495014,1.3801551435257187,1.210945680885447,114.93323872701743
3,2013-10-29,6.3397549183495014,1.3801551435257187,1.210945680885447,113.77823973141395
3,2013-10-30,6.3397549183495014,1.3801551435257187,1.210945680885447,110.2021889477182
3,2013-10-31,6.3397549183495014,1.3801551435257187,1.210945680885447,106.65148505080086
3,2013-11-01,6.3397549183495014,1.3801551435257187,1.210945680885447,103.20930684085756
3,2013-11-05,6.2762889904258605,1.3801551435257187,1.209733429114009,102.27930989392796
3,2013-11-06,6.2762889904258605,1.3801551435257187,1.209733429114009,97.16802881218426
3,2013-11-07,6.2762889904258605,1.3801551435257187,1.209733429114009,91.62263604248642
3,2013-11-08,6.2762889904258605,1.3801551435257187,1.209733429114009,88.2221409460709
3,2013-11-11,6.2762889904258605,1.3801551435257187,1.209733429114009,83.9703465002215
3,2013-11-12,6.2762889904258605,1.3801551435257187,1.209733429114009,79.91897971388654
3,2013-11-13,6.2762889904258605,1.3801551435257187,1.209733429114009,77.40712795950819
3,2013-11-14,6.2023309501197375,1.3638917799538235,1.2083079129555503,76.57239106440828
3,2013-11-18,6.2023309501197375,1.3638917799538235,1.2083079129555503,75.44478485032045
3,2013-11-19,6.2023309501197375,1.3638917799538235,1.2083079129555503,75.10656834114907
3,2013-11-20,6.2023309501197375,1.3638917799538235,1.2083079129555503,74.23250518400134
3,2013-11-21,6.19784591752494,1.3638917799538235,1.208220537734561,74.25305864367466
3,2013-11-22,6.189944614900298,1.3638917799538235,1.2080665081534294,74.23265044501119
3,2013-11-25,6.1579279294996745,1.3638917799538235,1.207441651426255,73.92292434241158
3,2013-11-26,6.1579279294996745,1.3638917799538235,1.207441651426255,77.22474516973327
3,2013-11-27,6.373727892254619,1.3638917799538235,1.2116730400749969,80.00825315208641
3,2013-11-28,6.50962790230328,1.3638917799538235,1.2142565576192896,81.79418964553214
3,2013-11-29,6.50962790230328,1.3638917799538235,1.2142565576192896,81.69013137459582
3,2013-12-02,6.50962790230328,1.3638917799538235,1.2142565576192896,81.90308791887185
3,2013-12-03,6.50962790230328,1.3638917799538235,1.2142565576192896,82.89809720284975
3,2013-12-04,6.50962790230328,1.3638917799538235,1.2142565576192896,85.20882383779909
3,2013-12-05,6.50962790230328,1.3638917799538235,1.2142565576192896,89.2545427568693
3,2013-12-06,6.50962790230328,1.3638917799538235,1.2142565576192896,94.62016716546809
3,2013-12-09,6.50962790230328,1.3638917799538235,1.2142565576192896,99.53795576256663
3,2013-12-10,6.50962790230328,1.3638917799538235,1.2142565576192896,100.87372866056782
3,2013-12-11,6.50962790230328,1.3638917799538235,1.2142565576192896,102.94457967720649
3,2013-12-12,6.50962790230328,1.3638917799538235,1.2142565576192896,109.62945110644897
3,2013-12-13,6.50962790230328,1.3638917799538235,1.2142565576192896,118.07701950523548
3,2013-12-16,6.50962790230328,1.3638917799538235,1.2142565576192896,127.0183953053469
3,2013-12-17,6.50962790230328,1.3638917799538235,1.2142565576192896,133.72220895092573
3,2013-12-18,6.50962790230328,1.3638917799538235,1.2142565576192896,140.95535553753786
3,2013-12-19,6.50962790230328,1.3638917799538235,1.2142565576192896,150.4832977145957
3,2013-12-20,6.50962790230328,1.3638917799538235,1.2142565576192896,158.93159816882937
3,2013-12-23,6.50962790230328,1.3638917799538235,1.2142565576192896,166.24874785419235
3,2013-12-24,6.50962790230328,1.3638917799538235,1.2142565576192896,175.8541049168804
3,2013-12-26,6.50962790230328,1.3638917799538235,1.2142565576192896,187.71418024379486
3,2013-12-27,6.50962790230328,1.3638917799538235,1.2142565576192896,198.16132864568578
3,2013-12-30,6.50962790230328,1.3638917799538235,1.2142565576192896,217.7104596827878
3,2013-12-31,6.50962790230328,1.3638917799538235,1.2142565576192896,233.21645481430184
3,2014-01-01,6.50962790230328,1.3638917799538235,1.2142565576192896,254.91025792002753
3,2014-01-02,6.50962790230328,1.3638917799538235,1.2142565576192896,276.4723542391466
3,2014-01-03,6.50962790230328,1.3638917799538235,1.2142565576192896,275.3339800614761
3,2014-01-06,6.50962790230328,1.3638917799538235,1.2142565576192896,287.45573792813536
3,2014-01-07,6.50962790230328,1.3638917799538235,1.2142565576192896,297.1173139853657
3,2014-01-08,6.50962790230328,1.3638917799538235,1.2142565576192896,302.62677622085783
3,2014-01-09,6.50962790230328,1.3638917799538235,1.2142565576192896,304.0441054295933
3,2014-01-10,6.50962790230328,1.3638917799538235,1.2142565576192896,299.7518498427219
3,2014-01-13,6.50962790230328,1.3638917799538235,1.2142565576192896,282.143220551757
3,2014-01-14,6.50962790230328,1.3638917799538235,1.2142565576192896,268.2710138780395
3,2014-01-15,6.50962790230328,1.3638917799538235,1.2142565576192896,251.88021540159122
3,2014-01-16,6.50962790230328,1.3638917799538235,1.2142565576192896,237.65884298507012
3,2014-01-17,6.50962790230328,1.3638917799538235,1.2142565576192896,240.66575537148708
3,2014-01-20,6.50962790230328,1.3638917799538235,1.2142565576192896,225.86988544714106
3,2014-01-21,6.50962790230328,1.3638917799538235,1.2142565576192896,213.0970441210296
3,2014-01-22,6.50962790230328,1.3638917799538235,1.2142565576192896,205.6331755098818
3,2014-01-23,6.50962790230328,1.3638917799538235,1.2142565576192896,198.5853513837913
3,2014-01-24,6.50962790230328,1.3638917799538235,1.2142565576192896,189.3744907551486
3,2014-01-27,6.50962790230328,1.3638917799538235,1.2142565576192896,177.81887199592683
3,2014-01-28,6.50962790230328,1.3638917799538235,1.2142565576192896,168.92530480921442
3,2014-01-29,6.50962790230328,1.3638917799538235,1.2142565576192896,160.94839664378955
3,2014-01-30,6.50962790230328,1.3638917799538235,1.2142565576192896,154.86274630924012
3,2014-01-31,6.50962790230328,1.3638917799538235,1.2142565576192896,149.80786920668848
3,2014-02-03,6.416944056431754,1.3444727382795745,1.212527703538474,147.82471806990011
3,2014-02-04,6.454224139592998,1.3444727382795745,1.213232137506196,148.83134999190838
3,2014-02-05,6.458211408281921,1.3444727382795745,1.2133070881495214,149.07212586829385
3,2014-02-06,6.458211408281921,1.3444727382795745,1.2133070881495214,150.03842010232108
3,2014-02-07,6.6363683305701775,1.3444727382795745,1.2166541302785239,154.32743469718028
3,2014-02-10,6.8971135311076,1.3444727382795745,1.2214344063177969,160.54534026740342
3,2014-02-11,7.176379036938078,1.3444727382795745,1.2263800186493996,167.20639853330084
3,2014-02-12,7.430632724865047,1.3444727382795745,1.2307249904093442,173.29760131681564
3,2014-02-13,7.917706999899214,1.3444727382795745,1.2387923314375735,184.83047039097514
3,2014-02-14,7.917706999899214,1.3444727382795745,1.2387923314375735,190.9818362815624
3,2014-02-17,7.917706999899214,1.3444727382795745,1.2387923314375735,197.61866265466443
3,2014-02-18,7.917706999899214,1.3444727382795745,1.2387923314375735,205.4558851031123
3,2014-02-19,7.917706999899214,1.3444727382795745,1.2387923314375735,209.45666861037571
3,2014-02-20,7.917706999899214,1.3444727382795745,1.2387923314375735,213.20216739109696
3,2014-02-21,7.917706999899214,1.3444727382795745,1.2387923314375735,207.10777225039396
3,2014-02-24,7.917706999899214,1.3444727382795745,1.2387923314375735,204.61152390779463
3,2014-02-25,7.917706999899214,1.3444727382795745,1.2387923314375735,203.7281719975217
3,2014-02-26,7.917706999899214,1.3444727382795745,1.2387923314375735,200.6846099777943
3,2014-02-28,7.917706999899214,1.3444727382795745,1.2387923314375735,188.6739611455753
3,2014-03-03,7.917706999899214,1.3444727382795745,1.2387923314375735,178.73089298177112
3,2014-03-04,7.917706999899214,1.3444727382795745,1.2387923314375735,162.67770664631513
3,2014-03-05,7.917706999899214,1.3444727382795745,1.2387923314375735,152.29679296649402
3,2014-03-06,7.917706999899214,1.3444727382795745,1.2387923314375735,144.5655600311203
3,2014-03-07,7.917706999899214,1.3444727382795745,1.2387923314375735,139.64183919260492
3,2014-03-10,7.924570442150508,1.3456381907265693,1.238899715805652,139.90252917100943
3,2014-03-11,7.702478596249063,1.3456381907265693,1.235427609313841,136.12156164461206
3,2014-03-12,7.702478596249063,1.3456381907265693,1.235427609313841,130.8002417403287
3,2014-03-13,7.52474879798483,1.3456381907265693,1.2325769386234955,127.91290953458096
3,2014-03-14,7.494714879751147,1.3456381907265693,1.2320849738285875,127.5302770466369
3,2014-03-18,7.680415517354671,1.3456381907265693,1.235137777956465,130.81769454304913
3,2014-03-19,8.173050391508639,1.3456381907265693,1.2430601610935685,139.33938097935575
3,2014-03-20,8.173050391508639,1.3456381907265693,1.2430601610935685,143.1926647773473
3,2014-03-21,8.210411636034305,1.3456381907265693,1.2436283978278848,143.99043020342637
3,2014-03-24,8.210411636034305,1.3456381907265693,1.2436283978278848,144.0706966150323
3,2014-03-25,8.210411636034305,1.3456381907265693,1.2436283978278848,143.65123284832268
3,2014-03-26,8.330249534939712,1.3652789177220108,1.245443578610791,145.89159526726561
3,2014-03-27,8.599760394879034,1.3652789177220108,1.2494729965588298,150.75755786802702
3,2014-03-28,9.207474322453942,1.3652789177220108,1.2583025697942622,161.56180615083858
3,2014-03-31,9.207474322453942,1.3652789177220108,1.2583025697942622,166.34471039657194
3,2014-04-01,9.207474322453942,1.3652789177220108,1.2583025697942622,169.87533826004199
3,2014-04-02,9.207474322453942,1.3652789177220108,1.2583025697942622,173.74636104465336
3,2014-04-03,9.207474322453942,1.3652789177220108,1.2583025697942622,178.12110024552797
3,2014-04-04,9.207474322453942,1.3652789177220108,1.2583025697942622,184.35868231281296
3,2014-04-07,9.207474322453942,1.3652789177220108,1.2583025697942622,189.49021437345058
3,2014-04-09,9.207474322453942,1.3652789177220108,1.2583025697942622,195.2314120316854
3,2014-04-10,9.207474322453942,1.3652789177220108,1.2583025697942622,201.2183493504366
3,2014-04-11,9.207474322453942,1.3652789177220108,1.2583025697942622,204.02169176017844
3,2014-04-15,9.207474322453942,1.3652789177220108,1.2583025697942622,198.26624243230984
3,2014-04-16,9.207474322453942,1.3652789177220108,1.2583025697942622,199.36304862001634
3,2014-04-17,9.207474322453942,1.3652789177220108,1.2583025697942622,198.53794160064655
3,2014-04-21,9.207474322453942,1.3652789177220108,1.2583025697942622,196.49603258566034
3,2014-04-22,9.207474322453942,1.3652789177220108,1.2583025697942622,191.58595421337955
3,2014-04-23,9.207474322453942,1.3652789177220108,1.2583025697942622,187.1116529245941
3,2014-04-24,9.207474322453942,1.3652789177220108,1.2583025697942622,182.56010881048377
3,2014-04-28,9.207474322453942,1.3652789177220108,1.2583025697942622,184.1929612671994
3,2014-04-29,9.207474322453942,1.3652789177220108,1.2583025697942622,186.0271343064074
3,2014-04-30,9.207474322453942,1.3652789177220108,1.2583025697942622,186.36278116989322
3,2014-05-02,9.207474322453942,1.3652789177220108,1.2583025697942622,182.33756178136161
3,2014-05-05,9.207474322453942,1.3652789177220108,1.2583025697942622,167.75846382446997
3,2014-05-06,9.207474322453942,1.3652789177220108,1.2583025697942622,157.7871035969505
3,2014-05-07,9.207474322453942,1.3652789177220108,1.2583025697942622,151.76138935862994
3,2014-05-08,9.207474322453942,1.3652789177220108,1.2583025697942622,148.24469906210481
3,2014-05-09,9.207474322453942,1.3652789177220108,1.2583025697942622,146.04837951746308
3,2014-05-12,9.207474322453942,1.3652789177220108,1.2583025697942622,145.68652383977394
3,2014-05-13,8.867190059963077,1.3148217659188939,1.2536522113250714,140.4480160033016
3,2014-05-14,8.867190059963077,1.3148217659188939,1.2536522113250714,136.29370261440442
3,2014-05-15,8.867190059963077,1.3148217659188939,1.2536522113250714,134.2304855643539
3,2014-05-16,8.867190059963077,1.3148217659188939,1.2536522113250714,133.02532147248644
3,2014-05-19,9.263871096344179,1.3148217659188939,1.259260527545734,139.10934390012162
3,2014-05-20,9.525151265689626,1.3148217659188939,1.2628121724300958,143.17192244536903
3,2014-05-21,9.544893721333553,1.3148217659188939,1.2630739111952387,143.6118419206344
3,2014-05-22,9.500096743610724,1.3148217659188939,1.2624811136690008,143.0814413878678
3,2014-05-23,9.500096743610724,1.3148217659188939,1.2624811136690008,140.14639217013703
3,2014-05-26,9.500096743610724,1.3148217659188939,1.2624811136690008,137.53084986644438
3,2014-05-27,9.500096743610724,1.3148217659188939,1.2624811136690008,139.25365221235057
3,2014-05-28,9.500096743610724,1.3148217659188939,1.2624811136690008,142.9056910895982
3,2014-05-29,9.500096743610724,1.3148217659188939,1.2624811136690008,148.02660670052921
3,2014-05-30,9.500096743610724,1.3148217659188939,1.2624811136690008,153.01762325014164
3,2014-06-02,9.500096743610724,1.3148217659188939,1.2624811136690008,163.06863602945631
3,2014-06-03,9.500096743610724,1.3148217659188939,1.2624811136690008,174.6556556986804
3,2014-06-04,10.117191738474853,1.4002282573246418,1.2706817751715227,186.17536750118674
3,2014-06-05,10.117191738474853,1.4002282573246418,1.2706817751715227,201.38510750573136
3,2014-06-06,10.117191738474853,1.4002282573246418,1.2706817751715227,221.49703767764146
3,2014-06-09,10.117191738474853,1.4002282573246418,1.2706817751715227,237.74414039023858
3,2014-06-10,10.117191738474853,1.4002282573246418,1.2706817751715227,254.36746464205626
3,2014-06-11,10.117191738474853,1.4002282573246418,1.2706817751715227,266.308149641957
3,2014-06-12,10.117191738474853,1.4002282573246418,1.2706817751715227,274.6758212576468
3,2014-06-13,10.117191738474853,1.4002282573246418,1.2706817751715227,297.7562583957046
3,2014-06-16,10.117191738474853,1.4002282573246418,1.2706817751715227,318.1751294350401
3,2014-06-17,10.117191738474853,1.4002282573246418,1.2706817751715227,333.6522833140739
3,2014-06-18,10.117191738474853,1.4002282573246418,1.2706817751715227,359.80303029649235
3,2014-06-19,10.117191738474853,1.4002282573246418,1.2706817751715227,382.2269691586072
3,2014-06-20,10.117191738474853,1.4002282573246418,1.2706817751715227,401.9185780870196
3,2014-06-23,10.117191738474853,1.4002282573246418,1.2706817751715227,440.837628786757
3,2014-06-24,10.117191738474853,1.4002282573246418,1.2706817751715227,467.64240075890325
3,2014-06-25,10.117191738474853,1.4002282573246418,1.2706817751715227,485.3721209287616
3,2014-06-26,10.117191738474853,1.4002282573246418,1.2706817751715227,494.6583000050037
3,2014-06-27,10.117191738474853,1.4002282573246418,1.2706817751715227,493.606933880037
3,2014-06-30,10.117191738474853,1.4002282573246418,1.2706817751715227,493.77994209084574
3,2014-07-01,10.117191738474853,1.4002282573246418,1.2706817751715227,495.54584928115224
3,2014-07-02,10.117191738474853,1.4002282573246418,1.2706817751715227,495.59743424837524
3,2014-07-03,10.117191738474853,1.4002282573246418,1.2706817751715227,488.22876545242326
3,2014-07-04,10.117191738474853,1.4002282573246418,1.2706817751715227,494.4468111940098
3,2014-07-07,10.117191738474853,1.4002282573246418,1.2706817751715227,489.5193213626132
3,2014-07-08,10.117191738474853,1.4002282573246418,1.2706817751715227,506.09675899725096
3,2014-07-09,10.117191738474853,1.4002282573246418,1.2706817751715227,545.7715894148555
3,2014-07-10,10.117191738474853,1.4002282573246418,1.2706817751715227,602.2563027440189
3,2014-07-11,10.117191738474853,1.4002282573246418,1.2706817751715227,655.4028661602123
3,2014-07-14,10.117191738474853,1.4002282573246418,1.2706817751715227,699.4475727360044
3,2014-07-15,10.117191738474853,1.4002282573246418,1.2706817751715227,756.5129082824886
3,2014-07-16,10.117191738474853,1.4002282573246418,1.2706817751715227,812.6407088677051
3,2014-07-17,10.117191738474853,1.4002282573246418,1.2706817751715227,858.5104818970616
3,2014-07-18,10.117191738474853,1.4002282573246418,1.2706817751715227,888.3501917466835
3,2014-07-21,10.117191738474853,1.4002282573246418,1.2706817751715227,909.9662447629147
3,2014-07-22,10.117191738474853,1.4002282573246418,1.2706817751715227,900.7135075546408
3,2014-07-23,10.117191738474853,1.4002282573246418,1.2706817751715227,860.1907657876025
3,2014-07-24,10.117191738474853,1.4002282573246418,1.2706817751715227,821.5763136838235
3,2014-07-25,10.117191738474853,1.4002282573246418,1.2706817751715227,778.2707061172745
3,2014-07-28,10.117191738474853,1.4002282573246418,1.2706817751715227,742.9384704627045
3,2014-07-30,10.117191738474853,1.4002282573246418,1.2706817751715227,715.7408621831149
3,2014-07-31,10.117191738474853,1.4002282573246418,1.2706817751715227,693.4645399824299
3,2014-08-01,10.117191738474853,1.4002282573246418,1.2706817751715227,685.5279464026099
3,2014-08-04,10.117191738474853,1.4002282573246418,1.2706817751715227,661.7683201004961
3,2014-08-05,10.117191738474853,1.4002282573246418,1.2706817751715227,638.823941161191
3,2014-08-06,10.117191738474853,1.4002282573246418,1.2706817751715227,619.913958878757
3,2014-08-07,10.117191738474853,1.4002282573246418,1.2706817751715227,618.5083476391585
3,2014-08-08,10.117191738474853,1.4002282573246418,1.2706817751715227,629.3254686298162
3,2014-08-11,10.117191738474853,1.4002282573246418,1.2706817751715227,645.9994191496077
3,2014-08-12,10.117191738474853,1.4002282573246418,1.2706817751715227,666.4372154617586
3,2014-08-13,10.117191738474853,1.4002282573246418,1.2706817751715227,672.3817294336461
3,2014-08-14,10.117191738474853,1.4002282573246418,1.2706817751715227,682.441539822101
3,2014-08-18,10.117191738474853,1.4002282573246418,1.2706817751715227,696.2406533516552
3,2014-08-19,10.117191738474853,1.4002282573246418,1.2706817751715227,744.179442650606
3,2014-08-20,10.117191738474853,1.4002282573246418,1.2706817751715227,789.556626280159
3,2014-08-21,10.117191738474853,1.4002282573246418,1.2706817751715227,843.4878280510142
3,2014-08-22,10.117191738474853,1.4002282573246418,1.2706817751715227,904.5878119364552
3,2014-08-25,10.117191738474853,1.4002282573246418,1.2706817751715227,943.7547368513801
3,2014-08-26,10.117191738474853,1.4002282573246418,1.2706817751715227,968.4678110237983
3,2014-08-27,10.117191738474853,1.4002282573246418,1.2706817751715227,986.8501262913634
3,2014-08-28,10.117191738474853,1.4002282573246418,1.2706817751715227,1020.2035348227606
3,2014-09-01,10.117191738474853,1.4002282573246418,1.2706817751715227,1028.7081384275557
3,2014-09-02,10.117191738474853,1.4002282573246418,1.2706817751715227,1033.957349123333
3,2014-09-03,10.117191738474853,1.4002282573246418,1.2706817751715227,1027.9275371952617
3,2014-09-04,10.117191738474853,1.4002282573246418,1.2706817751715227,1050.814578478698
3,2014-09-05,10.117191738474853,1.4002282573246418,1.2706817751715227,1097.5605212090863
3,2014-09-08,10.117191738474853,1.4002282573246418,1.2706817751715227,1130.4122054772097
3,2014-09-09,10.117191738474853,1.4002282573246418,1.2706817751715227,1154.878493327478
3,2014-09-10,10.117191738474853,1.4002282573246418,1.2706817751715227,1173.9107253444008
3,2014-09-11,10.117191738474853,1.4002282573246418,1.2706817751715227,1223.7206634223996
3,2014-09-12,10.117191738474853,1.4002282573246418,1.2706817751715227,1259.574373991567
3,2014-09-15,10.117191738474853,1.4002282573246418,1.2706817751715227,1362.7951219343206
3,2014-09-16,10.117191738474853,1.4002282573246418,1.2706817751715227,1462.0323111881646
3,2014-09-17,10.117191738474853,1.4002282573246418,1.2706817751715227,1566.0763747217643
3,2014-09-18,10.117191738474853,1.4002282573246418,1.2706817751715227,1618.855837712501
3,2014-09-19,10.117191738474853,1.4002282573246418,1.2706817751715227,1600.366215771634
3,2014-09-22,10.117191738474853,1.4002282573246418,1.2706817751715227,1591.1055179076393
3,2014-09-23,10.117191738474853,1.4002282573246418,1.2706817751715227,1585.364261262546
3,2014-09-24,10.117191738474853,1.4002282573246418,1.2706817751715227,1629.4821647155254
3,2014-09-25,10.117191738474853,1.4002282573246418,1.2706817751715227,1623.8270770356362
3,2014-09-26,10.117191738474853,1.4002282573246418,1.2706817751715227,1633.0230875730842
3,2014-09-29,10.117191738474853,1.4002282573246418,1.2706817751715227,1580.0138613246272
3,2014-09-30,10.117191738474853,1.4002282573246418,1.2706817751715227,1409.4316106243439
3,2014-10-01,10.117191738474853,1.4002282573246418,1.2706817751715227,1230.5359456248557
3,2014-10-07,10.117191738474853,1.4002282573246418,1.2706817751715227,1096.302540082085
3,2014-10-08,10.117191738474853,1.4002282573246418,1.2706817751715227,1001.7775562298654
3,2014-10-09,10.117191738474853,1.4002282573246418,1.2706817751715227,909.6349217658973
3,2014-10-10,10.117191738474853,1.4002282573246418,1.2706817751715227,841.747696815564
3,2014-10-13,10.117191738474853,1.4002282573246418,1.2706817751715227,776.5223606373802
3,2014-10-14,10.117191738474853,1.4002282573246418,1.2706817751715227,735.9586177392911
3,2014-10-15,10.117191738474853,1.4002282573246418,1.2706817751715227,711.0513440507086
3,2014-10-17,10.76334653489096,1.4896566508883362,1.2787972398673553,757.1751194325216
3,2014-10-20,11.416825736704707,1.4896566508883362,1.286561250780515,803.9029590730705
3,2014-10-21,12.044655466837337,1.4896566508883362,1.2936362593818969,848.914787202187
3,2014-10-22,12.665582661497753,1.4896566508883362,1.3003052250128408,893.5270357580059
3,2014-10-27,13.34672442916714,1.4896566508883362,1.3072981302991282,942.4735107601248
3,2014-10-28,13.924895362162337,1.4896566508883362,1.3129612559874517,984.2432892722995
3,2014-10-29,14.468843656588142,1.4896566508883362,1.3180900775496027,1023.6750357259025
3,2014-10-30,14.794293088801906,1.4896566508883362,1.3210548733378948,1047.724355868845
3,2014-10-31,14.654693137502091,1.4896566508883362,1.3198083170146193,1038.885682261865
3,2014-11-03,14.546124753923664,1.4896566508883362,1.3188305452232403,1032.2280479155152
3,2014-11-05,14.546124753923664,1.4896566508883362,1.3188305452232403,1034.5906970724056
3,2014-11-07,14.810304976259186,1.516711129788575,1.3212257463682462,1054.4150620222476
3,2014-11-10,14.810304976259186,1.516711129788575,1.3212257463682462,1090.5450023738456
3,2014-11-11,14.810304976259186,1.516711129788575,1.3212257463682462,1113.9135430882188
3,2014-11-12,14.810304976259186,1.516711129788575,1.3212257463682462,1129.192671417377
3,2014-11-13,14.810304976259186,1.516711129788575,1.3212257463682462,1157.4830600265852
3,2014-11-14,14.810304976259186,1.516711129788575,1.3212257463682462,1173.7143566769116
3,2014-11-17,14.810304976259186,1.516711129788575,1.3212257463682462,1207.177924820908
3,2014-11-18,14.810304976259186,1.516711129788575,1.3212257463682462,1240.533610775943
3,2014-11-19,14.810304976259186,1.516711129788575,1.3212257463682462,1270.2245254217548
3,2014-11-20,14.810304976259186,1.516711129788575,1.3212257463682462,1286.069119580103
3,2014-11-21,14.810304976259186,1.516711129788575,1.3212257463682462,1264.8811153703296
3,2014-11-24,14.810304976259186,1.516711129788575,1.3212257463682462,1195.9187970270573
3,2014-11-25,14.810304976259186,1.516711129788575,1.3212257463682462,1140.954667485751
3,2014-11-26,14.810304976259186,1.516711129788575,1.3212257463682462,1089.1028987886075
3,2014-11-27,14.810304976259186,1.516711129788575,1.3212257463682462,1022.9554264159076
3,2014-11-28,14.810304976259186,1.516711129788575,1.3212257463682462,948.5269820539044
3,2014-12-01,14.810304976259186,1.516711129788575,1.3212257463682462,830.7778139799017
3,2014-12-02,14.810304976259186,1.516711129788575,1.3212257463682462,763.7947321394864
3,2014-12-03,14.810304976259186,1.516711129788575,1.3212257463682462,708.3653822965227
3,2014-12-04,14.810304976259186,1.516711129788575,1.3212257463682462,660.768662746828
3,2014-12-05,14.810304976259186,1.516711129788575,1.3212257463682462,643.2435021739537
3,2014-12-08,14.799030174838663,1.51555648666488,1.3211251639835764,643.3970567221407
3,2014-12-09,14.799030174838663,1.51555648666488,1.3211251639835764,643.8703216330114
3,2014-12-10,14.799030174838663,1.51555648666488,1.3211251639835764,636.6816898264245
3,2014-12-11,14.799030174838663,1.51555648666488,1.3211251639835764,639.9645669449002
3,2014-12-12,15.220224647460252,1.51555648666488,1.324885211838991,658.8185316920155
3,2014-12-15,16.311039163919354,1.51555648666488,1.3343804989007173,706.6940526527244
3,2014-12-16,17.063861330252955,1.51555648666488,1.3405392188191751,740.0176108000899
3,2014-12-17,17.7550859307651,1.51555648666488,1.3459694884871334,770.7343357631913
3,2014-12-18,18.594166906164872,1.51555648666488,1.3523303554278063,807.9289162435509
3,2014-12-19,18.79554280097987,1.51555648666488,1.3537949369645004,817.4867616941843
3,2014-12-22,18.27720932673781,1.4737612766269907,1.3500615133516876,795.760033701211
3,2014-12-23,17.539957365373393,1.4737612766269907,1.3446157394324434,764.4570397548184
3,2014-12-24,17.267088597775857,1.4737612766269907,1.342523923403087,753.3288538437437
3,2014-12-26,17.300141105937893,1.4737612766269907,1.3427809081442306,755.5241981218653
3,2014-12-29,17.300141105937893,1.4737612766269907,1.3427809081442306,751.5712539265312
3,2014-12-30,17.06300259799258,1.4737612766269907,1.3409403158675266,742.0208002039358
3,2014-12-31,17.06300259799258,1.4737612766269907,1.3409403158675266,731.4919655400495
3,2015-01-01,17.06300259799258,1.4737612766269907,1.3409403158675266,729.6385007211102
3,2015-01-02,17.06300259799258,1.4737612766269907,1.3409403158675266,716.2589285780998
3,2015-01-05,17.06300259799258,1.4737612766269907,1.3409403158675266,708.0114829877408
3,2015-01-06,17.42149757535169,1.5047251127081787,1.3437576416307742,723.594869370662
3,2015-01-07,18.096555563288145,1.5047251127081787,1.3489645093292026,752.3567252727465
3,2015-01-08,18.594963928470982,1.5047251127081787,1.3526797754384525,773.8302012279248
3,2015-01-09,18.594963928470982,1.5047251127081787,1.3526797754384525,771.1504715638087
3,2015-01-12,18.51968901837128,1.5047251127081787,1.352132192507496,768.7999014101753
3,2015-01-13,18.810338903549308,1.5047251127081787,1.354254242538185,781.6343252455556
3,2015-01-14,18.960839527553084,1.5047251127081787,1.3553377748956126,788.669778510237
3,2015-01-15,18.515854987003408,1.5047251127081787,1.3521569855841733,770.9494651540178
3,2015-01-16,18.515854987003408,1.5047251127081787,1.3521569855841733,765.4843442926151
3,2015-01-19,18.84575575811593,1.5047251127081787,1.3545661513101013,779.8886195884438
3,2015-01-20,18.931297437720563,1.51155512340854,1.3551809945947424,784.2084555192673
3,2015-01-21,18.931297437720563,1.51155512340854,1.3551809945947424,796.2501179111784
3,2015-01-22,19.380837327795284,1.51155512340854,1.3583989880647918,815.954009814093
3,2015-01-23,19.380837327795284,1.51155512340854,1.3583989880647918,818.9849303402414
3,2015-01-27,19.380837327795284,1.51155512340854,1.3583989880647918,799.0507558621662
3,2015-01-28,19.380837327795284,1.51155512340854,1.3583989880647918,773.9741694477977
3,2015-01-29,19.380837327795284,1.51155512340854,1.3583989880647918,748.8811816381067
3,2015-01-30,19.804192337262712,1.51155512340854,1.361366274806464,765.9886233081344
3,2015-02-02,20.340500602235068,1.51155512340854,1.3650529284826134,787.4979991172956
3,2015-02-03,20.935562333719602,1.51155512340854,1.369046393417796,811.3237660390497
3,2015-02-04,20.935562333719602,1.51155512340854,1.369046393417796,865.1312811962273
3,2015-02-05,20.935562333719602,1.51155512340854,1.369046393417796,906.8727982326834
3,2015-02-06,20.935562333719602,1.51155512340854,1.369046393417796,949.4393643763443
3,2015-02-09,20.935562333719602,1.51155512340854,1.369046393417796,1021.9253534141092
3,2015-02-10,22.896136671620194,1.653109295111098,1.3818672442912743,1118.6485831421705
3,2015-02-11,24.70267952004493,1.653109295111098,1.39277040417126,1208.0304451555871
3,2015-02-12,26.686579671712146,1.653109295111098,1.4039559009260993,1306.2567679450228
3,2015-02-13,28.033245737239014,1.653109295111098,1.4110405846605139,1373.4797395522623
3,2015-02-16,28.033245737239014,1.653109295111098,1.4110405846605139,1475.0772535483688
3,2015-02-18,28.033245737239014,1.653109295111098,1.4110405846605139,1536.836183987054
3,2015-02-19,28.033245737239014,1.653109295111098,1.4110405846605139,1545.6637428616402
3,2015-02-20,28.033245737239014,1.653109295111098,1.4110405846605139,1529.054884198452
3,2015-02-23,28.033245737239014,1.653109295111098,1.4110405846605139,1498.4641737506752
3,2015-02-24,28.033245737239014,1.653109295111098,1.4110405846605139,1444.0602145325884
3,2015-02-25,28.033245737239014,1.653109295111098,1.4110405846605139,1415.3379404575353
3,2015-02-26,28.033245737239014,1.653109295111098,1.4110405846605139,1375.8580571581176
3,2015-02-27,28.033245737239014,1.653109295111098,1.4110405846605139,1324.1538632129184
3,2015-03-02,28.033245737239014,1.653109295111098,1.4110405846605139,1281.6424653059353
3,2015-03-03,28.033245737239014,1.653109295111098,1.4110405846605139,1181.6180723130917
3,2015-03-04,28.033245737239014,1.653109295111098,1.4110405846605139,1117.1798689886614
3,2015-03-05,28.033245737239014,1.653109295111098,1.4110405846605139,1081.7559299101636
3,2015-03-09,28.033245737239014,1.653109295111098,1.4110405846605139,1069.637817022725
3,2015-03-10,28.033245737239014,1.653109295111098,1.4110405846605139,1048.8336090710163
3,2015-03-11,27.65245048357269,1.630653951221547,1.4091238691920103,1035.6353995812065
3,2015-03-12,26.506157410002082,1.630653951221547,1.4032825462610916,993.740239896652
3,2015-03-13,25.786293590160227,1.630653951221547,1.3994714607142755,967.7456229047824
3,2015-03-16,25.779123721244652,1.630653951221547,1.3994325484646755,968.4442872331775
3,2015-03-17,25.45651100801965,1.630653951221547,1.3976812293107839,957.2931403934994
3,2015-03-18,25.2649464267644,1.630653951221547,1.3966294503795043,951.0466395999861
3,2015-03-19,24.763333711844556,1.630653951221547,1.3938565686226694,933.115513333026
3,2015-03-20,24.492450263732668,1.630653951221547,1.392331843891034,923.8413784543229
3,2015-03-23,24.694900075493596,1.630653951221547,1.393482718208096,932.4015122882522
3,2015-03-24,25.36827232180972,1.630653951221547,1.3972824201112986,958.7583252733024
3,2015-03-25,26.13142732709637,1.6797089956084406,1.4014858718055245,988.5594582589707
3,2015-03-26,27.585982125897587,1.6797089956084406,1.4092869688323715,1044.5742467062564
3,2015-03-27,28.797395377766573,1.6797089956084406,1.415475724055725,1091.4903465432394
3,2015-03-30,28.978053615880786,1.6797089956084406,1.4163637118304762,1099.4292173677206
3,2015-03-31,28.05157958935739,1.6797089956084406,1.4118353739078695,1065.3781624499525
3,2015-04-01,28.05157958935739,1.6797089956084406,1.4118353739078695,1017.6747221840047
3,2015-04-06,28.05157958935739,1.6797089956084406,1.4118353739078695,969.6335087435524
3,2015-04-07,28.05157958935739,1.6797089956084406,1.4118353739078695,917.1570549012117
3,2015-04-08,28.05157958935739,1.6797089956084406,1.4118353739078695,853.2158160361398
3,2015-04-09,28.05157958935739,1.6797089956084406,1.4118353739078695,798.2997852734403
3,2015-04-10,28.05157958935739,1.6797089956084406,1.4118353739078695,752.1089342105223
3,2015-04-13,28.05157958935739,1.6797089956084406,1.4118353739078695,706.6510227283951
3,2015-04-15,28.05157958935739,1.6797089956084406,1.4118353739078695,668.8814093185355
3,2015-04-16,28.05157958935739,1.6797089956084406,1.4118353739078695,638.0374261745701
3,2015-04-17,28.09946966527301,1.6825766199095815,1.4120764045529404,639.7647306304023
3,2015-04-20,29.101615211842937,1.6825766199095815,1.4171124642974702,663.2212026971899
3,2015-04-21,29.504172658681416,1.6825766199095815,1.4190727306653605,673.0586443719618
3,2015-04-22,30.683142533090354,1.6825766199095815,1.424743264180753,700.626741714922
3,2015-04-23,31.526534058302232,1.6825766199095815,1.4286594745015075,720.5855867327447
3,2015-04-24,32.29105804096799,1.6825766199095815,1.4321239987949146,738.7804992341224
3,2015-04-27,32.551945710682205,1.6825766199095815,1.4332810481932756,745.4880752627867
3,2015-04-28,32.78554868024085,1.6825766199095815,1.4343096156160833,751.5834195248271
3,2015-04-29,32.91027758425264,1.6825766199095815,1.4348552824527563,755.1943168788251
3,2015-04-30,33.51120709859713,1.6825766199095815,1.4374752752067876,769.7390805153765
3,2015-05-04,34.00232987481355,1.7072355854411878,1.4395819640104017,781.7897141656614
3,2015-05-05,33.89877734422252,1.7072355854411878,1.4391435459493003,780.1905992891726
3,2015-05-06,35.15859367911201,1.7072355854411878,1.444491988251591,809.9658433480885
3,2015-05-07,35.265022585761315,1.7072355854411878,1.4449292517678067,813.2276643457578
3,2015-05-08,35.265022585761315,1.7072355854411878,1.4449292517678067,842.3973184584016
3,2015-05-11,35.265022585761315,1.7072355854411878,1.4449292517678067,857.2282571636553
3,2015-05-12,36.431166931866755,1.7072355854411878,1.449707346190896,886.4323235089603
3,2015-05-13,36.431166931866755,1.7072355854411878,1.449707346190896,921.6197121963637
3,2015-05-14,36.431166931866755,1.7072355854411878,1.449707346190896,962.2753381920221
3,2015-05-15,37.83318256355888,1.7072355854411878,1.4552863943848222,1000.2697807583504
3,2015-05-18,37.83318256355888,1.7072355854411878,1.4552863943848222,1038.9050627026443
3,2015-05-19,37.83318256355888,1.7072355854411878,1.4552863943848222,1074.9588982183548
3,2015-05-20,37.83318256355888,1.7072355854411878,1.4552863943848222,1097.5968513671032
3,2015-05-21,37.83318256355888,1.7072355854411878,1.4552863943848222,1119.136422843866
3,2015-05-22,37.83318256355888,1.7072355854411878,1.4552863943848222,1101.160384891796
3,2015-05-25,37.83318256355888,1.7072355854411878,1.4552863943848222,1091.1902269403163
3,2015-05-26,37.83318256355888,1.7072355854411878,1.4552863943848222,1071.4480455551363
3,2015-05-27,37.83318256355888,1.7072355854411878,1.4552863943848222,1065.5075057747906
3,2015-05-28,37.83318256355888,1.7072355854411878,1.4552863943848222,1049.90975344911
3,2015-05-29,37.83318256355888,1.7072355854411878,1.4552863943848222,1007.8779689097471
3,2015-06-01,37.83318256355888,1.7072355854411878,1.4552863943848222,964.3903297633182
3,2015-06-02,37.83318256355888,1.7072355854411878,1.4552863943848222,931.7852991884739
3,2015-06-03,37.83318256355888,1.7072355854411878,1.4552863943848222,897.1320304139816
3,2015-06-04,37.83318256355888,1.7072355854411878,1.4552863943848222,871.1028044529397
3,2015-06-05,37.83318256355888,1.7072355854411878,1.4552863943848222,862.2086353736619
3,2015-06-08,37.83318256355888,1.7072355854411878,1.4552863943848222,866.9086581312417
3,2015-06-09,37.83318256355888,1.7072355854411878,1.4552863943848222,871.2912384481793
3,2015-06-10,37.83318256355888,1.7072355854411878,1.4552863943848222,861.0900366151583
3,2015-06-11,37.83318256355888,1.7072355854411878,1.4552863943848222,853.9569679428834
3,2015-06-12,39.10889667882099,1.7648026307397482,1.4601935400946675,883.6058843621227
3,2015-06-15,39.10889667882099,1.7648026307397482,1.4601935400946675,914.684432533769
3,2015-06-16,39.10889667882099,1.7648026307397482,1.4601935400946675,928.8671212220113
3,2015-06-17,39.10889667882099,1.7648026307397482,1.4601935400946675,958.1690571902614
3,2015-06-18,39.10889667882099,1.7648026307397482,1.4601935400946675,976.2337659352709
3,2015-06-19,39.10889667882099,1.7648026307397482,1.4601935400946675,997.0445604517294
3,2015-06-22,39.10889667882099,1.7648026307397482,1.4601935400946675,1013.126563658636
3,2015-06-23,39.10889667882099,1.7648026307397482,1.4601935400946675,1029.5161468318263
3,2015-06-24,39.10889667882099,1.7648026307397482,1.4601935400946675,1039.4496371737082
3,2015-06-25,39.10889667882099,1.7648026307397482,1.4601935400946675,1028.23988618458
3,2015-06-26,39.10889667882099,1.7648026307397482,1.4601935400946675,981.2655873501651
3,2015-06-29,39.10889667882099,1.7648026307397482,1.4601935400946675,949.7223939967963
3,2015-06-30,39.10889667882099,1.7648026307397482,1.4601935400946675,930.5675020023358
3,2015-07-01,39.10889667882099,1.7648026307397482,1.4601935400946675,913.5753071636681
3,2015-07-02,39.10889667882099,1.7648026307397482,1.4601935400946675,900.267268218012
3,2015-07-03,39.10889667882099,1.7648026307397482,1.4601935400946675,886.610615340302
3,2015-07-06,39.10889667882099,1.7648026307397482,1.4601935400946675,868.3787033648154
3,2015-07-07,39.10889667882099,1.7648026307397482,1.4601935400946675,850.1730056363231
3,2015-07-08,39.10889667882099,1.7648026307397482,1.4601935400946675,828.2069390511643
3,2015-07-09,38.544202934497434,1.7393206281732025,1.4580851652040006,817.0766578403613
3,2015-07-10,38.98544286693747,1.7393206281732025,1.4597543277519454,827.247329120887
3,2015-07-13,38.75227200184145,1.7393206281732025,1.4588812526900785,823.12683285151
3,2015-07-14,38.7530557113581,1.7393206281732025,1.4588842030696623,823.9666062523946
3,2015-07-15,38.12061939030531,1.7393206281732025,1.4565033550531767,811.3437259052108
3,2015-07-16,37.1888349689754,1.7393206281732025,1.4529432157963669,792.3233497841269
3,2015-07-17,36.373617183631,1.7393206281732025,1.4497582137612108,775.747124562101
3,2015-07-20,36.373617183631,1.7393206281732025,1.4497582137612108,754.8281927267877
3,2015-07-21,35.59170793165903,1.7393206281732025,1.4466417259103066,739.3567780203629
3,2015-07-22,35.82501770697954,1.7393206281732025,1.447590024476617,744.9427458149954
3,2015-07-23,37.00850359959941,1.7967793974338993,1.452372164115118,770.2970059292647
3,2015-07-24,37.66434953890754,1.7967793974338993,1.4549459844362653,784.7181159717251
3,2015-07-27,38.758705459968,1.7967793974338993,1.4591734004739327,808.3031990771402
3,2015-07-28,38.758705459968,1.7967793974338993,1.4591734004739327,841.3033754279461
3,2015-07-29,38.758705459968,1.7967793974338993,1.4591734004739327,896.6630844925011
3,2015-07-30,38.758705459968,1.7967793974338993,1.4591734004739327,952.6718424959384
3,2015-07-31,38.758705459968,1.7967793974338993,1.4591734004739327,1025.6945048761688
3,2015-08-03,38.758705459968,1.7967793974338993,1.4591734004739327,1097.2797317540924
3,2015-08-04,38.758705459968,1.7967793974338993,1.4591734004739327,1198.746074643714
3,2015-08-05,38.758705459968,1.7967793974338993,1.4591734004739327,1286.4937331312474
3,2015-08-06,38.758705459968,1.7967793974338993,1.4591734004739327,1343.2618609990625
3,2015-08-07,38.758705459968,1.7967793974338993,1.4591734004739327,1408.5813480756015
3,2015-08-10,38.758705459968,1.7967793974338993,1.4591734004739327,1412.168274076171
3,2015-08-11,38.758705459968,1.7967793974338993,1.4591734004739327,1392.0773039167916
3,2015-08-12,38.758705459968,1.7967793974338993,1.4591734004739327,1342.6040567520422
3,2015-08-13,38.758705459968,1.7967793974338993,1.4591734004739327,1311.5553481261918
3,2015-08-14,38.758705459968,1.7967793974338993,1.4591734004739327,1247.341023866943
3,2015-08-17,38.758705459968,1.7967793974338993,1.4591734004739327,1191.26354899017
3,2015-08-18,38.758705459968,1.7967793974338993,1.4591734004739327,1102.8173667665128
3,2015-08-19,38.758705459968,1.7967793974338993,1.4591734004739327,1045.6109170776672
3,2015-08-20,38.758705459968,1.7967793974338993,1.4591734004739327,1013.9917779650431
3,2015-08-21,38.758705459968,1.7967793974338993,1.4591734004739327,965.2274347574775
3,2015-08-24,38.13525712448398,1.7678775259377228,1.4568262652512467,950.6666163550075
3,2015-08-25,37.69826472752583,1.7678775259377228,1.4551568861789472,940.7235821099006
3,2015-08-26,37.265552143348145,1.7678775259377228,1.4534866111645572,930.8663834228074
3,2015-08-27,36.80492130212193,1.7678775259377228,1.4516899900979048,920.2910264819158
3,2015-08-28,36.49825375389805,1.7678775259377228,1.4504804067207524,913.5432290365611
3,2015-08-31,36.28524424476554,1.7678775259377228,1.4496338837020755,909.1251913055738
3,2015-09-01,36.24681537185948,1.7678775259377228,1.4494803562904883,909.0714827841803
3,2015-09-02,35.63088312590093,1.7678775259377228,1.4470172938609653,894.5329505427809
3,2015-09-03,34.852029221248024,1.7678775259377228,1.4438542651326522,875.8739271329854
3,2015-09-04,34.86643064591985,1.7678775259377228,1.4439139275365382,877.111726396045
3,2015-09-07,34.65378349890333,1.7570954038448992,1.443033297740084,872.6394145428675
3,2015-09-08,34.51476939776135,1.7570954038448992,1.4424544230645102,870.0114496485741
3,2015-09-09,34.89514797534209,1.7570954038448992,1.4440441157417152,880.469638086528
3,2015-09-10,35.52240314391298,1.7570954038448992,1.4466398466321058,897.1769250130748
3,2015-09-11,35.99146033088147,1.7570954038448992,1.448550068793227,909.9209154251922
3,2015-09-14,35.99146033088147,1.7570954038448992,1.448550068793227,922.9012441843417
3,2015-09-15,35.99146033088147,1.7570954038448992,1.448550068793227,961.9488503288934
3,2015-09-16,35.99146033088147,1.7570954038448992,1.448550068793227,1022.7884040121342
3,2015-09-18,35.99146033088147,1.7570954038448992,1.448550068793227,1082.421828841847
3,2015-09-21,35.99146033088147,1.7570954038448992,1.448550068793227,1126.082712929062
3,2015-09-22,35.99146033088147,1.7570954038448992,1.448550068793227,1173.7678672566828
3,2015-09-23,35.99146033088147,1.7570954038448992,1.448550068793227,1218.7229488960893
3,2015-09-24,35.99146033088147,1.7570954038448992,1.448550068793227,1224.4851014968754
3,2015-09-28,35.99146033088147,1.7570954038448992,1.448550068793227,1226.7748313934271
3,2015-09-29,35.99146033088147,1.7570954038448992,1.448550068793227,1177.2203569325761
3,2015-09-30,35.99146033088147,1.7570954038448992,1.448550068793227,1122.4997511681793
3,2015-10-01,35.99146033088147,1.7570954038448992,1.448550068793227,1049.239689337868
3,2015-10-05,35.99146033088147,1.7570954038448992,1.448550068793227,962.9913045126541
3,2015-10-06,35.99146033088147,1.7570954038448992,1.448550068793227,901.199362473092
3,2015-10-07,35.99146033088147,1.7570954038448992,1.448550068793227,859.1097906914762
3,2015-10-08,35.99146033088147,1.7570954038448992,1.448550068793227,827.5838260862904
3,2015-10-09,35.99146033088147,1.7570954038448992,1.448550068793227,798.2841337919424
3,2015-10-12,35.99146033088147,1.7570954038448992,1.448550068793227,779.3477485497345
3,2015-10-13,35.99146033088147,1.7570954038448992,1.448550068793227,758.5185699441122
3,2015-10-14,36.124291914108454,1.763580213358819,1.4490846767175856,762.0765087550374
3,2015-10-15,36.48999521784254,1.763580213358819,1.4505516537172345,770.5534464329054
3,2015-10-16,37.12293274956857,1.763580213358819,1.453067709358963,784.6896414349654
3,2015-10-19,37.90173050341195,1.763580213358819,1.4561160834620144,801.9362451804476
3,2015-10-20,37.969580846014104,1.763580213358819,1.456376752233121,804.1737794381168
3,2015-10-21,37.22099333590894,1.763580213358819,1.4535054394020663,789.1233023673695
3,2015-10-23,36.72312334630944,1.763580213358819,1.4515612227835921,779.3570703411801
3,2015-10-26,35.74246227458151,1.763580213358819,1.4476849468715742,759.3243321915126
3,2015-10-27,34.6765671106043,1.763580213358819,1.443367727839548,737.439437797096
3,2015-10-28,32.83614522504394,1.763580213358819,1.4357072072731536,699.038064091476
3,2015-10-29,31.214367896917093,1.6764769804197395,1.428616248871593,665.2116097120579
3,2015-10-30,29.874007722648987,1.6764769804197395,1.4224817010549482,637.3123105149731
3,2015-11-02,27.875356204846536,1.6764769804197395,1.4129649156364847,595.3117140269565
3,2015-11-03,27.875356204846536,1.6764769804197395,1.4129649156364847,552.9708647871479
3,2015-11-04,26.357341309576107,1.6764769804197395,1.405270299027217,523.4105698974506
3,2015-11-05,25.358503474444486,1.6764769804197395,1.3999448865481323,504.09881293732735
3,2015-11-06,23.93859123776177,1.6764769804197395,1.3921061003315311,476.37663752598803
3,2015-11-09,22.696097675521337,1.6764769804197395,1.3848806005080951,452.1274612080793
3,2015-11-10,21.705784997060725,1.6764769804197395,1.3788378664819876,432.8516352776573
3,2015-11-13,21.468145361346703,1.6764769804197395,1.377328284919543,428.545533452393
3,2015-11-16,21.468145361346703,1.6764769804197395,1.377328284919543,426.2535214287614
3,2015-11-17,21.468145361346703,1.6764769804197395,1.377328284919543,421.7334033915605
3,2015-11-18,21.468145361346703,1.6764769804197395,1.377328284919543,421.60786689448315
3,2015-11-19,21.468145361346703,1.6764769804197395,1.377328284919543,415.5136169883052
3,2015-11-20,21.468145361346703,1.6764769804197395,1.377328284919543,401.904838630601
3,2015-11-23,20.88955819266181,1.6312943131170987,1.3736162527001412,391.4750214573842
3,2015-11-24,20.86602166659187,1.6312943131170987,1.3734614856416731,391.42541668369785
3,2015-11-26,21.192099785129688,1.6312943131170987,1.3756078254867967,397.93373709165127
3,2015-11-27,21.46492258314178,1.6312943131170987,1.377378755124359,403.45458911798823
3,2015-11-30,21.46492258314178,1.6312943131170987,1.377378755124359,404.2874715287855
3,2015-12-01,21.46492258314178,1.6312943131170987,1.377378755124359,406.6753327521281
3,2015-12-02,21.46492258314178,1.6312943131170987,1.377378755124359,414.1031844688481
3,2015-12-03,21.46492258314178,1.6312943131170987,1.377378755124359,429.7812376083685
3,2015-12-04,21.46492258314178,1.6312943131170987,1.377378755124359,446.0983334485515
3,2015-12-07,21.46492258314178,1.6312943131170987,1.377378755124359,470.44352806852777
3,2015-12-08,21.46492258314178,1.6312943131170987,1.377378755124359,485.80516537230056
3,2015-12-09,21.46492258314178,1.6312943131170987,1.377378755124359,497.73667665752095
3,2015-12-10,21.46492258314178,1.6312943131170987,1.377378755124359,508.11074640643955
3,2015-12-11,21.46492258314178,1.6312943131170987,1.377378755124359,524.4443882502279
3,2015-12-14,21.46492258314178,1.6312943131170987,1.377378755124359,541.4999603577849
3,2015-12-15,21.46492258314178,1.6312943131170987,1.377378755124359,551.1750854422488
3,2015-12-16,21.46492258314178,1.6312943131170987,1.377378755124359,557.6860634641943
3,2015-12-17,21.46492258314178,1.6312943131170987,1.377378755124359,552.3486214953784
3,2015-12-18,21.46492258314178,1.6312943131170987,1.377378755124359,541.5612880636882
3,2015-12-21,21.46492258314178,1.6312943131170987,1.377378755124359,519.9887229945743
3,2015-12-22,21.46492258314178,1.6312943131170987,1.377378755124359,514.9186787474329
3,2015-12-23,21.46492258314178,1.6312943131170987,1.377378755124359,503.3394725050406
3,2015-12-24,21.46492258314178,1.6312943131170987,1.377378755124359,495.76122766040083
3,2015-12-28,21.46492258314178,1.6312943131170987,1.377378755124359,475.5599982939186
3,2015-12-29,21.46492258314178,1.6312943131170987,1.377378755124359,450.62785863965024
3,2015-12-30,21.46492258314178,1.6312943131170987,1.377378755124359,424.7078413226191
3,2015-12-31,21.46492258314178,1.6312943131170987,1.377378755124359,397.1619963306403
3,2016-01-01,21.46492258314178,1.6312943131170987,1.377378755124359,371.6367592208303
3,2016-01-04,21.46492258314178,1.6312943131170987,1.377378755124359,357.21572985412024
3,2016-01-05,21.46492258314178,1.6312943131170987,1.377378755124359,346.6237456836706
3,2016-01-06,21.46492258314178,1.6312943131170987,1.377378755124359,331.85119414509967
3,2016-01-07,21.46492258314178,1.6312943131170987,1.377378755124359,315.51228980500883
3,2016-01-08,21.46492258314178,1.6312943131170987,1.377378755124359,302.10932174548947
3,2016-01-11,21.46492258314178,1.6312943131170987,1.377378755124359,294.7303278835144
3,2016-01-12,21.46492258314178,1.6312943131170987,1.377378755124359,293.8057470882872
3,2016-01-13,21.933180369507223,1.6668810365731002,1.3803835100884783,300.5089320548961
3,2016-01-14,21.933180369507223,1.6668810365731002,1.3803835100884783,315.3444832800074
3,2016-01-15,23.28479767046018,1.6668810365731002,1.3888900294475204,335.09271675525
3,2016-01-18,23.28479767046018,1.6668810365731002,1.3888900294475204,352.8136066687669
3,2016-01-19,23.28479767046018,1.6668810365731002,1.3888900294475204,374.01988187525944
3,2016-01-20,23.28479767046018,1.6668810365731002,1.3888900294475204,396.97679690699783
3,2016-01-21,24.990959860133053,1.6668810365731002,1.3990669340845887,426.46171385463333
3,2016-01-22,24.990959860133053,1.6668810365731002,1.3990669340845887,438.9448702731047
3,2016-01-25,24.990959860133053,1.6668810365731002,1.3990669340845887,434.51666266401355
3,2016-01-27,24.990959860133053,1.6668810365731002,1.3990669340845887,424.9731330827666
3,2016-01-28,24.990959860133053,1.6668810365731002,1.3990669340845887,400.6819220458015
3,2016-01-29,23.244725315337067,1.5504083094581764,1.3892910030100976,373.08509536203314
3,2016-02-01,21.929461501518592,1.5504083094581764,1.3814299327744468,352.3477857873009
3,2016-02-02,21.929461501518592,1.5504083094581764,1.3814299327744468,332.872486880373
3,2016-02-03,21.929461501518592,1.5504083094581764,1.3814299327744468,313.48259258676694
3,2016-02-04,21.929461501518592,1.5504083094581764,1.3814299327744468,299.9849912224516
3,2016-02-05,21.929461501518592,1.5504083094581764,1.3814299327744468,287.3140112813043
3,2016-02-08,21.470881981513195,1.5504083094581764,1.3785411455807943,281.5931375687292
3,2016-02-09,21.28565583271997,1.5504083094581764,1.3773518983595168,279.4454680219161
3,2016-02-10,20.721626328994528,1.5504083094581764,1.3737021770927995,272.3201386554017
3,2016-02-11,20.841378905698175,1.5504083094581764,1.3744960548160943,274.16622707722746
3,2016-02-12,20.66983770600928,1.5376472103670134,1.3733647347471214,272.18378620936113
3,2016-02-15,19.807946897238253,1.5376472103670134,1.3676380790335902,261.1064515829444
3,2016-02-16,19.885186159303956,1.5376472103670134,1.368171376888969,262.3857185609811
3,2016-02-17,20.24368400721487,1.5376472103670134,1.3706379693073583,267.37849577163576
3,2016-02-18,20.72431865766584,1.5376472103670134,1.3738921996195785,273.9940947695405
3,2016-02-19,21.04220350245167,1.5376472103670134,1.3759995765415551,278.4708118453057
3,2016-02-22,21.37006398512768,1.5376472103670134,1.3781435339710815,283.08816165203126
3,2016-02-23,22.228887590141294,1.5376472103670134,1.383682039606324,294.7480428684853
3,2016-02-24,23.587576384417922,1.5376472103670134,1.3921394726399443,313.0585760628334
3,2016-02-25,25.188474958866053,1.5376472103670134,1.401587980875214,334.6190498022799
3,2016-02-26,26.809852704923312,1.6366252934882608,1.4106099782968267,356.4930388076766
4,2016-02-29,1.0693325294383589,1.0693325294383589,1.006933252943836,1.0703325294383588
4,2016-03-01,1.0693325294383589,1.0693325294383589,1.006933252943836,1.094027396275438
4,2016-03-02,1.0693325294383589,1.0693325294383589,1.006933252943836,1.109691046191295
4,2016-03-03,1.0693325294383589,1.0693325294383589,1.006933252943836,1.1343337941327787
4,2016-03-04,1.1084955318257665,1.0693325294383589,1.0106210234271404,1.1770117225195795
4,2016-03-08,1.1084955318257665,1.0693325294383589,1.0106210234271404,1.2364047680985415
4,2016-03-09,1.1084955318257665,1.0693325294383589,1.0106210234271404,1.2975366107512984
4,2016-03-10,1.1084955318257665,1.0693325294383589,1.0106210234271404,1.3666596514875755
4,2016-03-11,1.1084955318257665,1.0693325294383589,1.0106210234271404,1.4268382665344308
4,2016-03-14,1.1084955318257665,1.0693325294383589,1.0106210234271404,1.5083286048991362
4,2016-03-15,1.1084955318257665,1.0693325294383589,1.0106210234271404,1.6315896887896824
4,2016-03-16,1.1084955318257665,1.0693325294383589,1.0106210234271404,1.7205292941603538
4,2016-03-17,1.1084955318257665,1.0693325294383589,1.0106210234271404,1.807724295795577
4,2016-03-18,1.1084955318257665,1.0693325294383589,1.0106210234271404,1.8352218110145626
4,2016-03-21,1.1084955318257665,1.0693325294383589,1.0106210234271404,1.8619670244399236
4,2016-03-22,1.1084955318257665,1.0693325294383589,1.0106210234271404,1.8602353456143763
4,2016-03-23,1.1084955318257665,1.0693325294383589,1.0106210234271404,1.8288403968932008
4,2016-03-28,1.1084955318257665,1.0693325294383589,1.0106210234271404,1.8534255612813282
4,2016-03-29,1.1084955318257665,1.0693325294383589,1.0106210234271404,1.8900152185606969
4,2016-03-30,1.1084955318257665,1.0693325294383589,1.0106210234271404,1.9178776271709712
4,2016-03-31,1.1084955318257665,1.0693325294383589,1.0106210234271404,1.917459055445036
4,2016-04-01,1.1084955318257665,1.0693325294383589,1.0106210234271404,1.914685264575813
4,2016-04-04,1.1084955318257665,1.0693325294383589,1.0106210234271404,1.8783865527391475
4,2016-04-05,1.1084955318257665,1.0693325294383589,1.0106210234271404,1.843530325455791
4,2016-04-06,1.1084955318257665,1.0693325294383589,1.0106210234271404,1.8207638857659378
4,2016-04-07,1.1084955318257665,1.0693325294383589,1.0106210234271404,1.8347652266862444
4,2016-04-08,1.1434169798219564,1.1030202072370325,1.0138048296311526,1.8944014503846753
4,2016-04-11,1.1434169798219564,1.1030202072370325,1.0138048296311526,1.9103478558104525
4,2016-04-12,1.1434169798219564,1.1030202072370325,1.0138048296311526,1.9235101865457553
4,2016-04-13,1.1434169798219564,1.1030202072370325,1.0138048296311526,1.9238908987268424
4,2016-04-18,1.1434169798219564,1.1030202072370325,1.0138048296311526,1.8920901772060557
4,2016-04-20,1.1551759508970099,1.1030202072370325,1.014847432800229,1.9134406400135362
4,2016-04-21,1.175891236708688,1.1030202072370325,1.0166673161356967,1.9496670090959933
4,2016-04-22,1.202129464997956,1.1030202072370325,1.0189358549513843,1.995120536390586
4,2016-04-25,1.2309897913828725,1.1030202072370325,1.0213820824331505,2.045013850535915
4,2016-04-26,1.2461238031879753,1.1030202072370325,1.022637788093853,2.07220063564423
4,2016-04-27,1.2461238031879753,1.1030202072370325,1.022637788093853,2.0781421524355728
4,2016-04-28,1.2461238031879753,1.1030202072370325,1.022637788093853,2.109753057109438
4,2016-04-29,1.2461238031879753,1.1030202072370325,1.022637788093853,2.099684740003701
4,2016-05-02,1.2461238031879753,1.1030202072370325,1.022637788093853,2.120002621177368
4,2016-05-03,1.2461238031879753,1.1030202072370325,1.022637788093853,2.198793599414221
4,2016-05-04,1.2461238031879753,1.1030202072370325,1.022637788093853,2.2636572099239536
4,2016-05-05,1.2885875541854956,1.14060746406137,1.0261225972503092,2.34305876937123
4,2016-05-06,1.2885875541854956,1.14060746406137,1.0261225972503092,2.3960131372861144
4,2016-05-09,1.2885875541854956,1.14060746406137,1.0261225972503092,2.375891702807237
4,2016-05-10,1.2885875541854956,1.14060746406137,1.0261225972503092,2.323908227020986
4,2016-05-11,1.2885875541854956,1.14060746406137,1.0261225972503092,2.3314290246776714
4,2016-05-12,1.2885875541854956,1.14060746406137,1.0261225972503092,2.3155300266618593
4,2016-05-13,1.2885875541854956,1.14060746406137,1.0261225972503092,2.3607229640584153
4,2016-05-16,1.2885875541854956,1.14060746406137,1.0261225972503092,2.4396095996501104
4,2016-05-17,1.2885875541854956,1.14060746406137,1.0261225972503092,2.438850200833535
4,2016-05-18,1.2885875541854956,1.14060746406137,1.0261225972503092,2.517672305916351
4,2016-05-19,1.2885875541854956,1.14060746406137,1.0261225972503092,2.6094406003527144
4,2016-05-20,1.2885875541854956,1.14060746406137,1.0261225972503092,2.712867008898653
4,2016-05-23,1.2885875541854956,1.14060746406137,1.0261225972503092,2.8446748679073917
4,2016-05-24,1.2885875541854956,1.14060746406137,1.0261225972503092,3.033094034523868
4,2016-05-25,1.2885875541854956,1.14060746406137,1.0261225972503092,3.1371206519007417
4,2016-05-26,1.2885875541854956,1.14060746406137,1.0261225972503092,3.1722620767476735
4,2016-05-27,1.2885875541854956,1.14060746406137,1.0261225972503092,3.151423283541891
4,2016-05-30,1.2436031671423393,1.1007890384829218,1.0225404195458525,3.0445590200657766
4,2016-05-31,1.2436031671423393,1.1007890384829218,1.0225404195458525,3.0036199200810336
4,2016-06-01,1.2436031671423393,1.1007890384829218,1.0225404195458525,2.91614199221268
4,2016-06-02,1.2436031671423393,1.1007890384829218,1.0225404195458525,2.815073288673074
4,2016-06-03,1.2436031671423393,1.1007890384829218,1.0225404195458525,2.7862219314955223
4,2016-06-06,1.2436031671423393,1.1007890384829218,1.0225404195458525,2.8361340166400133
4,2016-06-07,1.2436031671423393,1.1007890384829218,1.0225404195458525,2.8577460979076315
4,2016-06-08,1.2436031671423393,1.1007890384829218,1.0225404195458525,2.917403013319003
4,2016-06-09,1.2436031671423393,1.1007890384829218,1.0225404195458525,2.994491161581555
4,2016-06-10,1.2436031671423393,1.1007890384829218,1.0225404195458525,3.0158154667465342
4,2016-06-13,1.2436031671423393,1.1007890384829218,1.0225404195458525,2.955250619235401
4,2016-06-14,1.2436031671423393,1.1007890384829218,1.0225404195458525,2.8725918056055297
4,2016-06-15,1.2436031671423393,1.1007890384829218,1.0225404195458525,2.8119793789687213
4,2016-06-16,1.2436031671423393,1.1007890384829218,1.0225404195458525,2.8062638040995207
4,2016-06-17,1.2436031671423393,1.1007890384829218,1.0225404195458525,2.6965514659173064
4,2016-06-20,1.2436031671423393,1.1007890384829218,1.0225404195458525,2.5291386496936394
4,2016-06-21,1.2436031671423393,1.1007890384829218,1.0225404195458525,2.3708767823408903
4,2016-06-22,1.2436031671423393,1.1007890384829218,1.0225404195458525,2.159487463642086
4,2016-06-23,1.2436031671423393,1.1007890384829218,1.0225404195458525,1.9809145469267382
4,2016-06-24,1.2436031671423393,1.1007890384829218,1.0225404195458525,1.8964123156856556
4,2016-06-27,1.226962998264293,1.0860598097519036,1.0211721980974486,1.8729335745527296
4,2016-06-28,1.2402518135241467,1.0860598097519036,1.0222781946685118,1.895091609064652
4,2016-06-29,1.2402518135241467,1.0860598097519036,1.0222781946685118,1.909477618085033
4,2016-06-30,1.2402518135241467,1.0860598097519036,1.0222781946685118,1.8288907999114967
4,2016-07-01,1.2402518135241467,1.0860598097519036,1.0222781946685118,1.7796005573921692
4,2016-07-04,1.2250884394836496,1.0860598097519036,1.021028352783971,1.7596226820884795
4,2016-07-05,1.228620114240243,1.0860598097519036,1.0213226939876814,1.7664549303926664
4,2016-07-07,1.2659470467756955,1.0860598097519036,1.0244255931550925,1.8218883758349782
4,2016-07-08,1.3108511768454005,1.0860598097519036,1.0280593107105729,1.8883340672437636
4,2016-07-11,1.359971005820421,1.0860598097519036,1.0319116242615136,1.960981498963828
4,2016-07-12,1.406969687215633,1.1235925062257388,1.035477765410782,2.030711237515158
4,2016-07-13,1.4532216629102612,1.1235925062257388,1.0388817401284525,2.0994984735405198
4,2016-07-14,1.4532216629102612,1.1235925062257388,1.0388817401284525,2.180543078537875
4,2016-07-15,1.5551433475838448,1.1235925062257388,1.0461679360222345,2.3356559854395815
4,2016-07-18,1.7292045006162107,1.1235925062257388,1.05787728728509,2.5994125416553397
4,2016-07-19,1.8908459297303293,1.1235925062257388,1.0677660422867796,2.8449981122486316
4,2016-07-20,1.8908459297303293,1.1235925062257388,1.0677660422867796,3.028986060795476
4,2016-07-21,1.8908459297303293,1.1235925062257388,1.0677660422867796,3.2053913037315116
4,2016-07-22,1.9896959468859192,1.1235925062257388,1.0733481307022676,3.3761687750139795
4,2016-07-25,2.05811288982665,1.1235925062257388,1.0770389055630563,3.4956366244299106
4,2016-07-26,2.05811288982665,1.1235925062257388,1.0770389055630563,3.6292939187320896
4,2016-07-27,2.05811288982665,1.1235925062257388,1.0770389055630563,3.767070439686374
4,2016-07-28,2.05811288982665,1.1235925062257388,1.0770389055630563,3.8974453819330463
4,2016-07-29,2.05811288982665,1.1235925062257388,1.0770389055630563,4.074737111780944
4,2016-08-01,2.05811288982665,1.1235925062257388,1.0770389055630563,4.049836493979136
4,2016-08-02,2.05811288982665,1.1235925062257388,1.0770389055630563,3.9378329728422736
4,2016-08-03,2.05811288982665,1.1235925062257388,1.0770389055630563,3.9115194788908707
4,2016-08-04,2.05811288982665,1.1235925062257388,1.0770389055630563,3.839985280276162
4,2016-08-05,2.05811288982665,1.1235925062257388,1.0770389055630563,3.694450921276792
4,2016-08-08,2.05811288982665,1.1235925062257388,1.0770389055630563,3.626892526582416
4,2016-08-09,2.05811288982665,1.1235925062257388,1.0770389055630563,3.5199416164677437
4,2016-08-10,2.05811288982665,1.1235925062257388,1.0770389055630563,3.3563383271023404
4,2016-08-11,2.05811288982665,1.1235925062257388,1.0770389055630563,3.1272691245177766
4,2016-08-12,2.05811288982665,1.1235925062257388,1.0770389055630563,2.8555909735232583
4,2016-08-16,2.05811288982665,1.1235925062257388,1.0770389055630563,2.6990569633364725
4,2016-08-17,2.05811288982665,1.1235925062257388,1.0770389055630563,2.5825919710859577
4,2016-08-18,1.9538335608468098,1.066662940712029,1.0715818242283799,2.4543212172057136
4,2016-08-19,1.9538335608468098,1.066662940712029,1.0715818242283799,2.370703713028167
4,2016-08-22,1.9023191076270625,1.066662940712029,1.0687565092751747,2.3105688338860513
4,2016-08-23,1.7830325740512427,1.066662940712029,1.0620547809102077,2.167993223699007
4,2016-08-24,1.7830325740512427,1.066662940712029,1.0620547809102077,1.9573092206208327
4,2016-08-25,1.6424398605407007,1.066662940712029,1.0536804435190659,1.804932044588029
4,2016-08-26,1.5328821678084263,1.066662940712029,1.0466519488360968,1.6863403672380346
4,2016-08-29,1.425848829491385,1.066662940712029,1.0393437124632952,1.5702781664357142
4,2016-08-30,1.3026949740461262,1.066662940712029,1.0303666608519892,1.4362198938622706
4,2016-08-31,1.2237897259942243,1.066662940712029,1.0241256498264828,1.3506631574309125
4,2016-09-01,1.1756885432723765,1.0247376426612305,1.0201003132865463,1.2989258644213058
4,2016-09-02,1.1238817412525481,1.0247376426612305,1.0156052337628736,1.2429875266570392
4,2016-09-06,1.0907929602178752,1.0247376426612305,1.0126151381003001,1.2076350783929637
4,2016-09-07,1.0617457018879901,1.0247376426612305,1.0099185958069508,1.1766840093270754
4,2016-09-08,1.0954338248179205,1.0247376426612305,1.0131229659065206,1.2151956931253405
4,2016-09-09,1.1169926523578484,1.0247376426612305,1.0151168557065138,1.2403267053486946
4,2016-09-12,1.1523582847551719,1.0247376426612305,1.0183308651705385,1.2808376022062744
4,2016-09-14,1.1980238562343626,1.0247376426612305,1.0223662994211622,1.3328753804670992
4,2016-09-15,1.253896703795546,1.0247376426612305,1.0271343611005679,1.396370242491949
4,2016-09-16,1.2893301028848208,1.0247376426612305,1.030036901766399,1.4372261183929487
4,2016-09-19,1.2881744402982633,1.023819141687732,1.029944576681653,1.4373751185948496
4,2016-09-20,1.2861635726135487,1.023819141687732,1.029783800143825,1.4365687205982707
4,2016-09-21,1.270461864645832,1.023819141687732,1.028526622219956,1.4204674092181642
4,2016-09-22,1.2749346597386897,1.023819141687732,1.028888725873498,1.4268887820731242
4,2016-09-23,1.257550896894295,1.023819141687732,1.0274858337748927,1.4088600101251247
4,2016-09-26,1.2453995394106674,1.023819141687732,1.0264930033688713,1.396655455624794
4,2016-09-27,1.1893505322545717,1.023819141687732,1.0218732880188295,1.3351958555979755
4,2016-09-28,1.1602563953812812,1.023819141687732,1.0193735606043708,1.3038692163411116
4,2016-09-29,1.1232337093578857,1.023819141687732,1.0161208358251719,1.2635678500212983
4,2016-09-30,1.107970661387082,1.023819141687732,1.014740081229568,1.2476614410903828
4,2016-10-03,1.0992364722694152,1.0157483232830344,1.0139401564586683,1.2390737238873657
4,2016-10-04,1.096309097815063,1.0157483232830344,1.0136701342580647,1.2370130228513432
4,2016-10-05,1.1146456710760653,1.0157483232830344,1.0153655718601386,1.2589399854181085
4,2016-10-06,1.1317059681417154,1.0157483232830344,1.0169196476292972,1.2794677304564575
4,2016-10-07,1.1317059681417154,1.0157483232830344,1.0169196476292972,1.2960297543528074
4,2016-10-10,1.1317059681417154,1.0157483232830344,1.0169196476292972,1.3047142104613563
4,2016-10-13,1.1317059681417154,1.0157483232830344,1.0169196476292972,1.3546866297495466
4,2016-10-14,1.1461183601887859,1.0157483232830344,1.0182147052727653,1.3732933901144329
4,2016-10-17,1.1461183601887859,1.0157483232830344,1.0182147052727653,1.3660562269977699
4,2016-10-18,1.1461183601887859,1.0157483232830344,1.0182147052727653,1.3113332141263718
4,2016-10-19,1.1461183601887859,1.0157483232830344,1.0182147052727653,1.2699142563819494
4,2016-10-20,1.1112734759739893,0.9848670164777398,1.015119076169922,1.2325755794461792
4,2016-10-21,1.1112734759739893,0.9848670164777398,1.015119076169922,1.1556364219699817
4,2016-10-24,1.0440176951421007,0.9848670164777398,1.0089754375803917,1.0868513717853183
4,2016-10-25,1.0440176951421007,0.9848670164777398,1.0089754375803917,0.9832619413442177
4,2016-10-26,1.0440176951421007,0.9848670164777398,1.0089754375803917,0.8844535851683076
4,2016-10-27,1.0440176951421007,0.9848670164777398,1.0089754375803917,0.7685246636006503
4,2016-10-28,1.0440176951421007,0.9848670164777398,1.0089754375803917,0.6796479091206116
4,2016-11-01,1.0440176951421007,0.9848670164777398,1.0089754375803917,0.6332583524180243
4,2016-11-02,1.0440176951421007,0.9848670164777398,1.0089754375803917,0.5874003130076724
4,2016-11-03,1.0440176951421007,0.9848670164777398,1.0089754375803917,0.538181245042703
4,2016-11-04,1.0440176951421007,0.9848670164777398,1.0089754375803917,0.4925389718929285
4,2016-11-07,0.9778443384371791,0.922442828945724,1.002580211536984,0.46181273245732535
4,2016-11-08,0.9225394908819737,0.922442828945724,0.9969098258138804,0.43615537492550027
4,2016-11-09,0.9295249167437758,0.922442828945724,0.9976646812697121,0.4398940783928178
4,2016-11-10,0.9910827144966317,0.922442828945724,1.004271716709914,0.4694659626122004
4,2016-11-11,1.0756791245715172,0.922442828945724,1.0128439358325683,0.5100079013446698
4,2016-11-15,1.1448600766647266,0.922442828945724,1.0193579144161575,0.5433184269693071
4,2016-11-16,1.1889166658537227,0.922442828945724,1.0232806149965479,0.5647697648334921
4,2016-11-17,1.2579601712790862,0.922442828945724,1.0292230735996033,0.5981321943858284
4,2016-11-18,1.313973699968723,0.922442828945724,1.0338059226815808,0.6253635186282264
4,2016-11-21,1.345372059233566,0.922442828945724,1.0362762772839027,0.6409323992275107
4,2016-11-22,1.3738643913376578,0.941978352408529,1.038470906467802,0.6551470182881557
4,2016-11-23,1.3713436709741298,0.941978352408529,1.0382803713045523,0.6546001235033984
4,2016-11-24,1.3745467411493075,0.941978352408529,1.038522884174316,0.6567836840010522
4,2016-11-25,1.3745467411493075,0.941978352408529,1.038522884174316,0.6267760649878105
4,2016-11-28,1.3745467411493075,0.941978352408529,1.038522884174316,0.6063466296715346
4,2016-11-29,1.3745467411493075,0.941978352408529,1.038522884174316,0.5903685913754736
4,2016-11-30,1.3745467411493075,0.941978352408529,1.038522884174316,0.5726138406511361
4,2016-12-01,1.3706520438124994,0.941978352408529,1.0382286248239336,0.5715639868568644
4,2016-12-02,1.3706520438124994,0.941978352408529,1.0382286248239336,0.5872045464085478
4,2016-12-05,1.4338010447675742,0.941978352408529,1.0430119759827168,0.6148455759059154
4,2016-12-06,1.5354831480903652,1.0087814423539427,1.0504087938254585,0.6590639546254039
4,2016-12-07,1.5354831480903652,1.0087814423539427,1.0504087938254585,0.707716411884887
4,2016-12-08,1.5354831480903652,1.0087814423539427,1.0504087938254585,0.7437992162815841
4,2016-12-09,1.5354831480903652,1.0087814423539427,1.0504087938254585,0.7752588814078281
4,2016-12-12,1.5354831480903652,1.0087814423539427,1.0504087938254585,0.8050657802622126
4,2016-12-13,1.6198531080232335,1.0087814423539427,1.0561804591125967,0.8501066735137959
4,2016-12-14,1.6958651333669497,1.0087814423539427,1.0611366131878002,0.8908482553414049
4,2016-12-15,1.6958651333669497,1.0087814423539427,1.0611366131878002,0.9272817922854427
4,2016-12-16,1.6958651333669497,1.0087814423539427,1.0611366131878002,0.960958352293102
4,2016-12-19,1.6958651333669497,1.0087814423539427,1.0611366131878002,0.9913754186923461
4,2016-12-20,1.6958651333669497,1.0087814423539427,1.0611366131878002,1.0036441612072355
4,2016-12-21,1.6958651333669497,1.0087814423539427,1.0611366131878002,1.0322316652786754
4,2016-12-22,1.6958651333669497,1.0087814423539427,1.0611366131878002,1.0441745242482776
4,2016-12-23,1.6958651333669497,1.0087814423539427,1.0611366131878002,1.0411168899865744
4,2016-12-26,1.6958651333669497,1.0087814423539427,1.0611366131878002,1.0459294520451519
4,2016-12-27,1.6958651333669497,1.0087814423539427,1.0611366131878002,1.0423056558155943
4,2016-12-28,1.6958651333669497,1.0087814423539427,1.0611366131878002,1.0472617216485514
4,2016-12-29,1.6958651333669497,1.0087814423539427,1.0611366131878002,1.043988676444463
4,2016-12-30,1.6958651333669497,1.0087814423539427,1.0611366131878002,0.9926840406804506
4,2017-01-02,1.6958651333669497,1.0087814423539427,1.0611366131878002,0.9494680991078146
4,2017-01-03,1.6958651333669497,1.0087814423539427,1.0611366131878002,0.9135861631339312
4,2017-01-04,1.6958651333669497,1.0087814423539427,1.0611366131878002,0.8811816315301887
4,2017-01-05,1.6958651333669497,1.0087814423539427,1.0611366131878002,0.8647991784992748
4,2017-01-06,1.6971056225718013,1.0095193444811066,1.06121423306969,0.8662965598473024
4,2017-01-09,1.6976185777104522,1.0095193444811066,1.0612463085803021,0.8674246970763801
4,2017-01-10,1.6976185777104522,1.0095193444811066,1.0612463085803021,0.8685486195854915
4,2017-01-11,1.6976185777104522,1.0095193444811066,1.0612463085803021,0.8792354963635789
4,2017-01-12,1.6976185777104522,1.0095193444811066,1.0612463085803021,0.884279825922757
4,2017-01-13,1.7590164383223403,1.0095193444811066,1.0650845237002715,0.9171459008390315
4,2017-01-16,1.7348661879027267,1.0095193444811066,1.0636222259408517,0.905471178526456
4,2017-01-17,1.648738524633291,1.0095193444811066,1.0583418592151352,0.8614244122885724
4,2017-01-18,1.5842679047686399,1.0095193444811066,1.0542034252140564,0.828601559299058
4,2017-01-19,1.5422644392746545,1.0095193444811066,1.0514084309418543,0.807461567731197
4,2017-01-20,1.5106238784413377,0.9888083967227006,1.0492513979731422,0.7917034286122002
4,2017-01-23,1.4684449736619696,0.9888083967227006,1.046321729282191,0.7703895741944817
4,2017-01-24,1.436953234567981,0.9888083967227006,1.0440778255950984,0.7546384679643354
4,2017-01-25,1.4137146832414687,0.9888083967227006,1.042389332500453,0.7431890177056251
4,2017-01-27,1.4137146832414687,0.9888083967227006,1.042389332500453,0.7558444447417975
4,2017-01-30,1.4615983376499002,0.9888083967227006,1.0459199890854183,0.7822013490097026
4,2017-01-31,1.5757968656301944,0.9888083967227006,1.0540920374561609,0.8440990020803772
4,2017-02-01,1.752887503546151,0.9888083967227006,1.0659380967679104,0.9398043322493667
4,2017-02-02,1.941775559760645,0.9888083967227006,1.0774244571154024,1.0420157887449286
4,2017-02-03,2.092345509589963,0.9888083967227006,1.0857790656404342,1.1238582164268078
4,2017-02-06,2.3343873295682624,1.103193417196441,1.098339321101945,1.2549896125258369
4,2017-02-07,2.5616332597038287,1.103193417196441,1.1090313402654675,1.3784142516205045
4,2017-02-08,2.7176121876508272,1.103193417196441,1.1157842788002454,1.463724890135753
4,2017-02-09,2.9078118479133437,1.103193417196441,1.1235934059346624,1.5676314794223223
4,2017-02-10,2.9078118479133437,1.103193417196441,1.1235934059346624,1.6277101155598384
4,2017-02-13,2.9078118479133437,1.103193417196441,1.1235934059346624,1.6627690059022269
4,2017-02-14,2.9078118479133437,1.103193417196441,1.1235934059346624,1.7134208705557443
4,2017-02-15,2.9078118479133437,1.103193417196441,1.1235934059346624,1.7757122424879799
4,2017-02-16,2.9078118479133437,1.103193417196441,1.1235934059346624,1.8093004616818895
4,2017-02-17,2.9078118479133437,1.103193417196441,1.1235934059346624,1.8578410951195092
4,2017-02-20,2.9078118479133437,1.103193417196441,1.1235934059346624,1.8560592082657412
4,2017-02-21,2.9078118479133437,1.103193417196441,1.1235934059346624,1.8913305079104625
4,2017-02-22,2.9078118479133437,1.103193417196441,1.1235934059346624,1.9762305815083507
4,2017-02-23,2.9078118479133437,1.103193417196441,1.1235934059346624,2.024366224914819
4,2017-02-27,2.9078118479133437,1.103193417196441,1.1235934059346624,2.0874992785153506
4,2017-02-28,2.9078118479133437,1.103193417196441,1.1235934059346624,2.1146272881676946
4,2017-03-01,2.9078118479133437,1.103193417196441,1.1235934059346624,2.149891560670362
4,2017-03-02,2.9078118479133437,1.103193417196441,1.1235934059346624,2.1707764358104735
4,2017-03-03,2.9078118479133437,1.103193417196441,1.1235934059346624,2.158547525275013
4,2017-03-06,2.9078118479133437,1.103193417196441,1.1235934059346624,2.170944398666753
4,2017-03-07,2.8806508318847937,1.0928888116530784,1.1225438903502871,2.1528371893562683
4,2017-03-08,2.8806508318847937,1.0928888116530784,1.1225438903502871,2.1084043038054814
4,2017-03-09,2.8806508318847937,1.0928888116530784,1.1225438903502871,2.030962922213408
4,2017-03-10,2.8806508318847937,1.0928888116530784,1.1225438903502871,1.926948260671831
4,2017-03-14,2.8806508318847937,1.0928888116530784,1.1225438903502871,1.823714832299998
4,2017-03-15,2.8806508318847937,1.0928888116530784,1.1225438903502871,1.7845148180775785
4,2017-03-16,2.7864679758602127,1.0928888116530784,1.1188737339940946,1.7279546351195758
4,2017-03-17,2.7864679758602127,1.0928888116530784,1.1188737339940946,1.6636801607667304
4,2017-03-20,2.7864679758602127,1.0928888116530784,1.1188737339940946,1.6178618397123954
4,2017-03-21,2.687930690674966,1.0928888116530784,1.114917084171883,1.5622675911416684
4,2017-03-22,2.687930690674966,1.0928888116530784,1.114917084171883,1.5125438117980745
4,2017-03-23,2.687930690674966,1.0928888116530784,1.114917084171883,1.4933015522476727
4,2017-03-24,2.6797610831797893,1.08956712160428,1.1145782199668293,1.4902561625322757
4,2017-03-27,2.6797610831797893,1.08956712160428,1.1145782199668293,1.4947354879855796
4,2017-03-28,2.6797610831797893,1.08956712160428,1.1145782199668293,1.4721602413647659
4,2017-03-29,2.5499771706718293,1.08956712160428,1.1091801894076345,1.4023339872951546
4,2017-03-30,2.41564539462404,1.08956712160428,1.103337072594126,1.329861928487041
4,2017-03-31,2.2910468486731226,1.08956712160428,1.0976460802305568,1.2625977563020248
4,2017-04-03,2.2910468486731226,1.08956712160428,1.0976460802305568,1.2036744067978613
4,2017-04-05,2.2164822781234648,1.08956712160428,1.0940736736411714,1.1657032099983036
4,2017-04-06,2.131842079965287,1.08956712160428,1.0898957646431786,1.1223545258560093
4,2017-04-07,2.041112082411963,1.08956712160428,1.0852572296884195,1.07571010424874
4,2017-04-10,1.9457473401810839,1.0386604180526318,1.0801866959898911,1.0265265377112034
4,2017-04-11,1.856177456343977,1.0386604180526318,1.075214200595232,0.9802982841242028
4,2017-04-12,1.7840528744952402,1.0386604180526318,1.0710362932324038,0.9431876102397749
4,2017-04-13,1.7397485035450957,1.0386604180526318,1.0683765296169414,0.9207080986929249
4,2017-04-17,1.7192571887945487,1.0386604180526318,1.067118161542713,0.9107844120959191
4,2017-04-18,1.7387605705716167,1.0386604180526318,1.0683287083440558,0.9220272028078774
4,2017-04-19,1.7604282782813458,1.0386604180526318,1.0696600149415307,0.9344391477538121
4,2017-04-20,1.7548827967278948,1.0386604180526318,1.0693230639873508,0.9324300332671344
4,2017-04-21,1.7771636885406281,1.0386604180526318,1.0706807313794973,0.9452010731112136
4,2017-04-24,1.7940504841264293,1.0386604180526318,1.0716981034294129,0.9551276738224281
4,2017-04-25,1.8085165547940778,1.0470355084640675,1.0725622519378168,0.9637843375167765
4,2017-04-26,1.8373149719870157,1.0470355084640675,1.074270176320086,0.9800952102523798
4,2017-04-27,1.8817566281546623,1.0470355084640675,1.0768686608769031,1.0047822120136018
4,2017-04-28,1.955992988202848,1.0470355084640675,1.0811169684655344,1.0454262190568315
4,2017-05-02,2.0729819426896285,1.0470355084640675,1.087583185092155,1.1089991293201424
4,2017-05-03,2.175609091000659,1.0470355084640675,1.0929674848073863,1.1650113650757659
4,2017-05-04,2.175609091000659,1.0470355084640675,1.0929674848073863,1.26805787021418
4,2017-05-05,2.3484290537146353,1.0470355084640675,1.1016494948593447,1.3700543699520384
4,2017-05-08,2.5354629386919734,1.0470355084640675,1.110423265758702,1.480538468468647
4,2017-05-09,2.715228935690161,1.0470355084640675,1.1182962400551468,1.58699016223065
4,2017-05-10,2.715228935690161,1.0470355084640675,1.1182962400551468,1.7412359552034757
4,2017-05-11,3.030501174000207,1.1686095032033572,1.1312810662722508,1.9451565911374855
4,2017-05-12,3.030501174000207,1.1686095032033572,1.1312810662722508,2.1244573268238653
4,2017-05-15,3.030501174000207,1.1686095032033572,1.1312810662722508,2.3110693057777496
4,2017-05-16,3.030501174000207,1.1686095032033572,1.1312810662722508,2.427091521182568
4,2017-05-17,3.030501174000207,1.1686095032033572,1.1312810662722508,2.517291326709004
4,2017-05-18,3.030501174000207,1.1686095032033572,1.1312810662722508,2.5345617464991883
4,2017-05-19,3.030501174000207,1.1686095032033572,1.1312810662722508,2.59294315429754
4,2017-05-22,3.030501174000207,1.1686095032033572,1.1312810662722508,2.667309514506126
4,2017-05-23,3.030501174000207,1.1686095032033572,1.1312810662722508,2.8516741049095513
4,2017-05-24,3.030501174000207,1.1686095032033572,1.1312810662722508,2.9141867367888765
4,2017-05-25,3.030501174000207,1.1686095032033572,1.1312810662722508,2.7998221773433074
4,2017-05-26,3.030501174000207,1.1686095032033572,1.1312810662722508,2.722449024958663
4,2017-05-29,3.030501174000207,1.1686095032033572,1.1312810662722508,2.6318187321186843
4,2017-05-30,3.030501174000207,1.1686095032033572,1.1312810662722508,2.529118848437173
4,2017-05-31,3.030501174000207,1.1686095032033572,1.1312810662722508,2.4532431541438964
4,2017-06-01,3.030501174000207,1.1686095032033572,1.1312810662722508,2.316439359049858
4,2017-06-02,3.030501174000207,1.1686095032033572,1.1312810662722508,2.167242242757731
4,2017-06-05,3.030501174000207,1.1686095032033572,1.1312810662722508,2.023880241446217
4,2017-06-06,3.030501174000207,1.1686095032033572,1.1312810662722508,1.8354551892937687
4,2017-06-07,3.030501174000207,1.1686095032033572,1.1312810662722508,1.6888083019288525
4,2017-06-08,3.030501174000207,1.1686095032033572,1.1312810662722508,1.6039191664674282
4,2017-06-09,3.030501174000207,1.1686095032033572,1.1312810662722508,1.510959639860295
4,2017-06-12,3.030501174000207,1.1686095032033572,1.1312810662722508,1.4232679355487492
4,2017-06-13,2.902000719925161,1.119057682175739,1.126484165616027,1.3643412595352398
4,2017-06-14,2.7382093722898353,1.119057682175739,1.1201261947751078,1.2887010390800153
4,2017-06-15,2.679996241948648,1.119057682175739,1.1177448556110943,1.2625925212219686
4,2017-06-16,2.6481678060015073,1.119057682175739,1.1164173884309092,1.2488601877951482
4,2017-06-19,2.5748969060524094,1.119057682175739,1.1133284260704512,1.2155549273328194
4,2017-06-20,2.4785936555109114,1.119057682175739,1.109164486687138,1.171307733658946
4,2017-06-21,2.4156000079109923,1.119057682175739,1.1063455366487012,1.1427101656266567
4,2017-06-22,2.349739270149383,1.119057682175739,1.1033291128606437,1.11269716528169
4,2017-06-23,2.4202685608563637,1.119057682175739,1.106640842835752,1.1472083517329752
4,2017-06-27,2.5551915168195927,1.119057682175739,1.112810044721852,1.2123090999624269
4,2017-06-28,2.6498401581263167,1.1605094827412086,1.1169320824662672,1.2584274008050516
4,2017-06-29,2.775693116690376,1.1605094827412086,1.1222369008215332,1.319454267839356
4,2017-06-30,2.8141587374233223,1.1605094827412086,1.1237920993677972,1.3390587504973988
4,2017-07-03,2.8372499349601643,1.1605094827412086,1.1247142117210116,1.351385274066417
4,2017-07-04,2.8841606062887615,1.1605094827412086,1.1265737975852856,1.3750802638459942
4,2017-07-05,2.9958595163127515,1.1605094827412086,1.130936837042155,1.4297099951622791
4,2017-07-06,3.1168428919103675,1.1605094827412086,1.1355039589445015,1.4888764382714408
4,2017-07-07,3.3265767709163656,1.1605094827412086,1.1431448204891823,1.5905525367123938
4,2017-07-10,3.3265767709163656,1.1605094827412086,1.1431448204891823,1.6530981365991249
4,2017-07-11,3.3265767709163656,1.1605094827412086,1.1431448204891823,1.7169972430838087
4,2017-07-12,3.4821846641453593,1.2147948481836792,1.1484921300335509,1.7990305360493157
4,2017-07-13,3.5289482665886758,1.2147948481836792,1.1500344844621133,1.8249894423201127
4,2017-07-14,3.5289482665886758,1.2147948481836792,1.1500344844621133,1.8911015675011416
4,2017-07-17,3.6673611317769397,1.2147948481836792,1.154545164586466,1.967165699259555
4,2017-07-18,3.8057678310761203,1.2147948481836792,1.1589024334694684,2.0433739613836868
4,2017-07-19,3.8057678310761203,1.2147948481836792,1.1589024334694684,2.0635607462138634
4,2017-07-20,3.8716262812849798,1.2147948481836792,1.1609079031039626,2.101334029331411
4,2017-07-21,3.8716262812849798,1.2147948481836792,1.1609079031039626,2.1279887988548443
4,2017-07-24,3.8716262812849798,1.2147948481836792,1.1609079031039626,2.1050751007129755
4,2017-07-25,3.8716262812849798,1.2147948481836792,1.1609079031039626,2.049040767500091
4,2017-07-26,3.8716262812849798,1.2147948481836792,1.1609079031039626,2.0137677652426555
4,2017-07-27,3.8716262812849798,1.2147948481836792,1.1609079031039626,2.0379083109148586
4,2017-07-28,3.8716262812849798,1.2147948481836792,1.1609079031039626,2.0475470108233274
4,2017-07-31,3.8716262812849798,1.2147948481836792,1.1609079031039626,2.029140496625827
4,2017-08-01,3.8716262812849798,1.2147948481836792,1.1609079031039626,2.021597230765789
4,2017-08-02,3.886300294665317,1.2193990931602103,1.1613479036842314,2.0312809685697055
4,2017-08-03,3.920427127212333,1.2193990931602103,1.1623677200245244,2.0511495704384317
4,2017-08-04,3.920427127212333,1.2193990931602103,1.1623677200245244,2.056027839498378
4,2017-08-07,3.920427127212333,1.2193990931602103,1.1623677200245244,2.0511823807491854
4,2017-08-08,3.920427127212333,1.2193990931602103,1.1623677200245244,2.0400374654878908
4,2017-08-09,3.920427127212333,1.2193990931602103,1.1623677200245244,2.027530945684505
4,2017-08-10,3.920427127212333,1.2193990931602103,1.1623677200245244,2.008034369885985
4,2017-08-11,3.920427127212333,1.2193990931602103,1.1623677200245244,1.9877613917474533
4,2017-08-14,3.9405591207571278,1.2193990931602103,1.1629646136454714,1.9999566122268806
4,2017-08-16,3.9405591207571278,1.2193990931602103,1.1629646136454714,2.003166364523089
4,2017-08-17,3.9405591207571278,1.2193990931602103,1.1629646136454714,1.9796343458031302
4,2017-08-18,3.9405591207571278,1.2193990931602103,1.1629646136454714,1.934273883782659
4,2017-08-21,3.9405591207571278,1.2193990931602103,1.1629646136454714,1.9002742088273317
4,2017-08-22,3.9405591207571278,1.2193990931602103,1.1629646136454714,1.8665302016653174
4,2017-08-23,3.9405591207571278,1.2193990931602103,1.1629646136454714,1.844524381473761
4,2017-08-24,3.9405591207571278,1.2193990931602103,1.1629646136454714,1.825315204175667
4,2017-08-28,3.9405591207571278,1.2193990931602103,1.1629646136454714,1.8012080271027364
4,2017-08-29,3.9405591207571278,1.2193990931602103,1.1629646136454714,1.8140380233288314
4,2017-08-30,3.9439934241793635,1.220461832317365,1.1630659691442773,1.8174330443549955
4,2017-08-31,3.9439934241793635,1.220461832317365,1.1630659691442773,1.8105893981618912
4,2017-09-01,3.9439934241793635,1.220461832317365,1.1630659691442773,1.847148421447246
4,2017-09-04,3.9439934241793635,1.220461832317365,1.1630659691442773,1.8793731962286473
4,2017-09-05,3.9439934241793635,1.220461832317365,1.1630659691442773,1.8898882616856796
4,2017-09-06,3.9439934241793635,1.220461832317365,1.1630659691442773,1.9209730397046871
4,2017-09-07,3.9439934241793635,1.220461832317365,1.1630659691442773,1.9715720693545002
4,2017-09-08,3.9439934241793635,1.220461832317365,1.1630659691442773,1.9979065126949744
4,2017-09-11,3.9439934241793635,1.220461832317365,1.1630659691442773,2.043734391224358
4,2017-09-12,3.9439934241793635,1.220461832317365,1.1630659691442773,2.0324005750158656
4,2017-09-13,3.9439934241793635,1.220461832317365,1.1630659691442773,2.0371362422200416
4,2017-09-14,3.9439934241793635,1.220461832317365,1.1630659691442773,2.028535373298964
4,2017-09-15,3.9439934241793635,1.220461832317365,1.1630659691442773,1.9717924810993805
4,2017-09-18,3.9439934241793635,1.220461832317365,1.1630659691442773,1.9318681537941813
4,2017-09-19,3.9439934241793635,1.220461832317365,1.1630659691442773,1.8886026964239082
4,2017-09-20,3.9439934241793635,1.220461832317365,1.1630659691442773,1.8401673139954944
4,2017-09-21,3.9439934241793635,1.220461832317365,1.1630659691442773,1.783138085951054
4,2017-09-22,3.9439934241793635,1.220461832317365,1.1630659691442773,1.7478827209519845
4,2017-09-25,3.9439934241793635,1.220461832317365,1.1630659691442773,1.712030501444257
4,2017-09-26,3.9439934241793635,1.220461832317365,1.1630659691442773,1.7298105996417443
4,2017-09-27,3.9439934241793635,1.220461832317365,1.1630659691442773,1.7666947036247234
4,2017-09-28,3.9439934241793635,1.220461832317365,1.1630659691442773,1.8253004624963136
4,2017-09-29,3.9439934241793635,1.220461832317365,1.1630659691442773,1.9365366413846459
4,2017-10-03,3.9439934241793635,1.220461832317365,1.1630659691442773,2.052090644147001
4,2017-10-04,3.9439934241793635,1.220461832317365,1.1630659691442773,2.173335689485404
4,2017-10-05,3.9439934241793635,1.220461832317365,1.1630659691442773,2.311360573799274
4,2017-10-06,3.9439934241793635,1.220461832317365,1.1630659691442773,2.4448000498503424
4,2017-10-09,4.139812110681106,1.2810575806430924,1.1688405743704535,2.5686288085006566
4,2017-10-10,4.305102687779137,1.2810575806430924,1.1735074125724776,2.67375526523866
4,2017-10-11,4.305102687779137,1.2810575806430924,1.1735074125724776,2.714925330905936
4,2017-10-12,4.305102687779137,1.2810575806430924,1.1735074125724776,2.7533874105908756
4,2017-10-13,4.305102687779137,1.2810575806430924,1.1735074125724776,2.8153723654367218
4,2017-10-16,4.305102687779137,1.2810575806430924,1.1735074125724776,2.8585115949765827
4,2017-10-17,4.305102687779137,1.2810575806430924,1.1735074125724776,2.8676560652575795
4,2017-10-18,4.305102687779137,1.2810575806430924,1.1735074125724776,2.9115032905764946
4,2017-10-19,4.305102687779137,1.2810575806430924,1.1735074125724776,2.9522931786353372
4,2017-10-23,4.305102687779137,1.2810575806430924,1.1735074125724776,3.0408769749321864
4,2017-10-24,4.305102687779137,1.2810575806430924,1.1735074125724776,3.196140671159791
4,2017-10-25,4.305102687779137,1.2810575806430924,1.1735074125724776,3.414760369192047
4,2017-10-26,4.305102687779137,1.2810575806430924,1.1735074125724776,3.680465400226077
4,2017-10-27,4.305102687779137,1.2810575806430924,1.1735074125724776,3.8577024588855813
4,2017-10-30,4.305102687779137,1.2810575806430924,1.1735074125724776,4.068193643154294
4,2017-10-31,4.305102687779137,1.2810575806430924,1.1735074125724776,4.208658102511883
4,2017-11-01,4.305102687779137,1.2810575806430924,1.1735074125724776,4.374313749561905
4,2017-11-02,4.305102687779137,1.2810575806430924,1.1735074125724776,4.575027656392504
4,2017-11-03,4.305102687779137,1.2810575806430924,1.1735074125724776,4.727289849964524
4,2017-11-06,4.305102687779137,1.2810575806430924,1.1735074125724776,4.794504428712735
4,2017-11-07,4.305102687779137,1.2810575806430924,1.1735074125724776,4.728868525569366
4,2017-11-08,4.305102687779137,1.2810575806430924,1.1735074125724776,4.634896143058119
4,2017-11-09,4.305102687779137,1.2810575806430924,1.1735074125724776,4.541483601475968
4,2017-11-10,4.305102687779137,1.2810575806430924,1.1735074125724776,4.506778114148447
4,2017-11-13,4.305102687779137,1.2810575806430924,1.1735074125724776,4.38736861930359
4,2017-11-14,4.305102687779137,1.2810575806430924,1.1735074125724776,4.340013535627152
4,2017-11-15,4.305102687779137,1.2810575806430924,1.1735074125724776,4.264372286872645
4,2017-11-16,4.305102687779137,1.2810575806430924,1.1735074125724776,4.094132896547004
4,2017-11-17,4.305102687779137,1.2810575806430924,1.1735074125724776,3.977159685726632
4,2017-11-20,4.305102687779137,1.2810575806430924,1.1735074125724776,3.872561680891796
4,2017-11-21,4.305102687779137,1.2810575806430924,1.1735074125724776,3.8183768172275876
4,2017-11-22,4.305102687779137,1.2810575806430924,1.1735074125724776,3.750930642027645
4,2017-11-23,4.1980370920310826,1.2491983654265861,1.1705889625527257,3.6613979385909015
4,2017-11-24,4.1980370920310826,1.2491983654265861,1.1705889625527257,3.5435079571516086
4,2017-11-27,4.1980370920310826,1.2491983654265861,1.1705889625527257,3.5108546746709393
4,2017-11-28,4.1980370920310826,1.2491983654265861,1.1705889625527257,3.4152156291014846
4,2017-11-29,4.1980370920310826,1.2491983654265861,1.1705889625527257,3.3769925533915015
4,2017-11-30,4.1980370920310826,1.2491983654265861,1.1705889625527257,3.27556758360144
4,2017-12-01,4.1980370920310826,1.2491983654265861,1.1705889625527257,3.1705109661801854
4,2017-12-04,4.1980370920310826,1.2491983654265861,1.1705889625527257,3.108060571241069
4,2017-12-05,4.097869815080625,1.2491983654265861,1.167795878398473,3.037008742989681
4,2017-12-06,4.097869815080625,1.2491983654265861,1.167795878398473,2.985859374578581
4,2017-12-07,4.060030692192171,1.2376634527537924,1.1667175529819667,2.9612742507592733
4,2017-12-08,4.060030692192171,1.2376634527537924,1.1667175529819667,3.012782096174171
4,2017-12-11,4.03819607559216,1.2376634527537924,1.166090098847227,2.999592305689835
4,2017-12-12,4.03819607559216,1.2376634527537924,1.166090098847227,3.0084918104036484
4,2017-12-13,4.03819607559216,1.2376634527537924,1.166090098847227,3.0068321823454593
4,2017-12-14,4.03819607559216,1.2376634527537924,1.166090098847227,3.17540651696162
4,2017-12-15,4.1927922258661825,1.2376634527537924,1.1705542961467106,3.3001474972862685
4,2017-12-18,4.1927922258661825,1.2376634527537924,1.1705542961467106,3.3649866048128714
4,2017-12-19,4.1927922258661825,1.2376634527537924,1.1705542961467106,3.447761972519612
4,2017-12-20,4.1927922258661825,1.2376634527537924,1.1705542961467106,3.5385190315211243
4,2017-12-21,4.339628474166168,1.2810078037901305,1.1746537075179027,3.6659804236970017
4,2017-12-22,4.339628474166168,1.2810078037901305,1.1746537075179027,3.759681459932839
4,2017-12-26,4.339628474166168,1.2810078037901305,1.1746537075179027,3.8441854961076567
4,2017-12-27,4.339628474166168,1.2810078037901305,1.1746537075179027,4.1181311465879356
4,2017-12-28,4.339628474166168,1.2810078037901305,1.1746537075179027,4.374519948287269
4,2017-12-29,4.339628474166168,1.2810078037901305,1.1746537075179027,4.496223569216919
4,2018-01-01,4.339628474166168,1.2810078037901305,1.1746537075179027,4.66702431461552
4,2018-01-02,4.339628474166168,1.2810078037901305,1.1746537075179027,5.056623202337784
4,2018-01-03,4.339628474166168,1.2810078037901305,1.1746537075179027,5.536290108252948
4,2018-01-04,4.339628474166168,1.2810078037901305,1.1746537075179027,6.080313473258995
4,2018-01-05,4.339628474166168,1.2810078037901305,1.1746537075179027,6.691013046636646
4,2018-01-08,4.339628474166168,1.2810078037901305,1.1746537075179027,7.681945606877838
4,2018-01-09,4.339628474166168,1.2810078037901305,1.1746537075179027,8.79638068384461
4,2018-01-10,4.339628474166168,1.2810078037901305,1.1746537075179027,9.94975771620417
4,2018-01-11,4.339628474166168,1.2810078037901305,1.1746537075179027,11.128361156060576
4,2018-01-12,4.339628474166168,1.2810078037901305,1.1746537075179027,12.821855284342423
4,2018-01-15,4.339628474166168,1.2810078037901305,1.1746537075179027,14.721017533146624
4,2018-01-16,4.339628474166168,1.2810078037901305,1.1746537075179027,16.07133268583832
4,2018-01-17,4.339628474166168,1.2810078037901305,1.1746537075179027,17.460145447233216
4,2018-01-18,4.339628474166168,1.2810078037901305,1.1746537075179027,18.868887295561336
4,2018-01-19,4.339628474166168,1.2810078037901305,1.1746537075179027,19.786412046132583
4,2018-01-22,4.339628474166168,1.2810078037901305,1.1746537075179027,19.0299144409129
4,2018-01-23,4.339628474166168,1.2810078037901305,1.1746537075179027,18.12841702057212
4,2018-01-24,4.339628474166168,1.2810078037901305,1.1746537075179027,16.98404062206617
4,2018-01-25,4.339628474166168,1.2810078037901305,1.1746537075179027,16.17131154505066
4,2018-01-29,4.339628474166168,1.2810078037901305,1.1746537075179027,15.000744665216304
4,2018-01-30,4.339628474166168,1.2810078037901305,1.1746537075179027,13.853867991093225
4,2018-01-31,4.339628474166168,1.2810078037901305,1.1746537075179027,13.02370869047837
4,2018-02-01,4.339628474166168,1.2810078037901305,1.1746537075179027,12.170773026820495
4,2018-02-02,4.339628474166168,1.2810078037901305,1.1746537075179027,11.282949696895663
4,2018-02-05,4.339628474166168,1.2810078037901305,1.1746537075179027,10.706840243209731
4,2018-02-06,4.339628474166168,1.2810078037901305,1.1746537075179027,10.867768986474902
4,2018-02-07,4.339628474166168,1.2810078037901305,1.1746537075179027,11.217701184126714
4,2018-02-08,4.339628474166168,1.2810078037901305,1.1746537075179027,11.600903239972636
4,2018-02-09,4.339628474166168,1.2810078037901305,1.1746537075179027,11.835130855759981
4,2018-02-12,4.339628474166168,1.2810078037901305,1.1746537075179027,12.134469356752769
4,2018-02-14,4.518975637529318,1.3339489984623225,1.1795082892322468,12.648094373285648
4,2018-02-15,4.687208766828136,1.3339489984623225,1.1838993810735812,13.131607696144203
4,2018-02-16,4.958667512031349,1.3339489984623225,1.1907559103305567,13.905253700579795
4,2018-02-19,5.155881818102655,1.3339489984623225,1.195491741075134,14.472193605757116
4,2018-02-20,5.295523007209095,1.3339489984623225,1.198729594349903,14.878628686679448
4,2018-02-21,5.295523007209095,1.3339489984623225,1.198729594349903,14.691074252873674
4,2018-02-22,5.295523007209095,1.3339489984623225,1.198729594349903,14.613530436978076
4,2018-02-23,5.295523007209095,1.3339489984623225,1.198729594349903,14.501165481518738
4,2018-02-26,5.295523007209095,1.3339489984623225,1.198729594349903,13.808083218766972
4,2018-02-27,5.295523007209095,1.3339489984623225,1.198729594349903,13.102553229006043
4,2018-02-28,5.295523007209095,1.3339489984623225,1.198729594349903,12.388723664054096
4,2018-03-01,5.295523007209095,1.3339489984623225,1.198729594349903,11.52411904246655
4,2018-03-05,5.295523007209095,1.3339489984623225,1.198729594349903,10.504299944753372
4,2018-03-06,5.295523007209095,1.3339489984623225,1.198729594349903,9.889984303808285
4,2018-03-07,5.295523007209095,1.3339489984623225,1.198729594349903,9.332346732591887
4,2018-03-08,5.295523007209095,1.3339489984623225,1.198729594349903,8.796132180024523
4,2018-03-09,5.295523007209095,1.3339489984623225,1.198729594349903,8.170072919903808
4,2018-03-12,5.295523007209095,1.3339489984623225,1.198729594349903,7.540617647152816
4,2018-03-13,5.218502576615423,1.3145474537779358,1.1969861089680718,7.438484184008458
4,2018-03-14,5.145045313107992,1.3145474537779358,1.195301194134165,7.341216253894793
4,2018-03-15,5.211525982166804,1.3145474537779358,1.1968456785512482,7.443415520673715
4,2018-03-16,5.3640970622460165,1.3145474537779358,1.200349528258408,7.668770148640343
4,2018-03-19,5.510124993243061,1.3145474537779358,1.203617264767476,7.885207444992526
4,2018-03-20,5.6836789770991425,1.3145474537779358,1.2074083325126637,8.14145528800173
4,2018-03-21,5.864118846150752,1.3145474537779358,1.2112414941371719,8.40806368555999
4,2018-03-22,6.049938212269883,1.3145474537779358,1.2150796176909857,8.682902410923834
4,2018-03-23,6.300321155957607,1.3145474537779358,1.2201083502303594,9.050936200752277
4,2018-03-26,6.7349536358777256,1.3145474537779358,1.228525361124009,9.684372902242453
4,2018-03-27,7.417749213921376,1.4478174415305896,1.2409802602879976,10.675867596533067
4,2018-03-28,8.202185030622902,1.4478174415305896,1.254103774387969,11.815529181436775
4,2018-04-02,8.97765356717168,1.4478174415305896,1.2659605907725549,12.944433765384677
4,2018-04-03,8.97765356717168,1.4478174415305896,1.2659605907725549,14.079809437723306
4,2018-04-04,9.734162685247142,1.4478174415305896,1.276628308376915,15.280335587589185
4,2018-04-05,10.491854036979202,1.4478174415305896,1.2865653749733006,16.48501233051512
4,2018-04-06,12.089297206401724,1.4478174415305896,1.3061540488437424,19.01143221731225
4,2018-04-09,12.089297206401724,1.4478174415305896,1.3061540488437424,22.16331568635813
4,2018-04-10,12.089297206401724,1.4478174415305896,1.3061540488437424,25.54371769288822
4,2018-04-11,12.089297206401724,1.4478174415305896,1.3061540488437424,29.40898402392596
4,2018-04-12,12.089297206401724,1.4478174415305896,1.3061540488437424,33.156246462269635
4,2018-04-13,12.089297206401724,1.4478174415305896,1.3061540488437424,36.29648355189328
4,2018-04-16,12.089297206401724,1.4478174415305896,1.3061540488437424,40.218598975991185
4,2018-04-17,12.089297206401724,1.4478174415305896,1.3061540488437424,44.449894974235804
4,2018-04-18,12.089297206401724,1.4478174415305896,1.3061540488437424,48.99112607152776
4,2018-04-19,12.089297206401724,1.4478174415305896,1.3061540488437424,53.43712056529434
4,2018-04-20,12.089297206401724,1.4478174415305896,1.3061540488437424,53.72767200459398
4,2018-04-23,12.089297206401724,1.4478174415305896,1.3061540488437424,54.24073095675229
4,2018-04-24,12.089297206401724,1.4478174415305896,1.3061540488437424,55.90128649889355
4,2018-04-25,12.089297206401724,1.4478174415305896,1.3061540488437424,55.595220813862504
4,2018-04-26,12.089297206401724,1.4478174415305896,1.3061540488437424,54.3024357922926
4,2018-04-27,12.089297206401724,1.4478174415305896,1.3061540488437424,54.01298793535981
4,2018-04-30,12.089297206401724,1.4478174415305896,1.3061540488437424,53.2529709552124
4,2018-05-02,12.089297206401724,1.4478174415305896,1.3061540488437424,53.16395457387846
4,2018-05-03,12.089297206401724,1.4478174415305896,1.3061540488437424,53.31587919362874
4,2018-05-04,12.089297206401724,1.4478174415305896,1.3061540488437424,53.64213957720662
4,2018-05-07,12.089297206401724,1.4478174415305896,1.3061540488437424,55.7715496176354
4,2018-05-08,12.089297206401724,1.4478174415305896,1.3061540488437424,56.86876315926873
4,2018-05-09,12.089297206401724,1.4478174415305896,1.3061540488437424,56.9632926060068
4,2018-05-10,12.089297206401724,1.4478174415305896,1.3061540488437424,59.4794972206754
4,2018-05-11,12.089297206401724,1.4478174415305896,1.3061540488437424,61.69646279254626
4,2018-05-14,12.089297206401724,1.4478174415305896,1.3061540488437424,62.927319381554426
4,2018-05-15,12.089297206401724,1.4478174415305896,1.3061540488437424,63.6700023141169
4,2018-05-16,12.089297206401724,1.4478174415305896,1.3061540488437424,64.03811431452931
4,2018-05-17,12.089297206401724,1.4478174415305896,1.3061540488437424,63.86022137297948
4,2018-05-18,11.948963265101428,1.431011011480569,1.3046378503212797,63.182784858522844
4,2018-05-21,11.948963265101428,1.431011011480569,1.3046378503212797,61.97037885118632
4,2018-05-22,11.948963265101428,1.431011011480569,1.3046378503212797,60.810057674196905
4,2018-05-23,11.948963265101428,1.431011011480569,1.3046378503212797,60.05147440648017
4,2018-05-24,11.948963265101428,1.431011011480569,1.3046378503212797,57.84185184700288
4,2018-05-25,11.948963265101428,1.431011011480569,1.3046378503212797,56.36426826575011
4,2018-05-28,11.948963265101428,1.431011011480569,1.3046378503212797,56.3216150868103
4,2018-05-29,11.948963265101428,1.431011011480569,1.3046378503212797,56.93702084269002
4,2018-05-30,11.948963265101428,1.431011011480569,1.3046378503212797,59.10976662181942
4,2018-05-31,11.948963265101428,1.431011011480569,1.3046378503212797,60.68847146707338
4,2018-06-01,11.948963265101428,1.431011011480569,1.3046378503212797,64.45774944941769
4,2018-06-04,11.948963265101428,1.431011011480569,1.3046378503212797,67.58963665930054
4,2018-06-05,11.948963265101428,1.431011011480569,1.3046378503212797,71.62946900189368
4,2018-06-06,11.948963265101428,1.431011011480569,1.3046378503212797,75.64312460377718
4,2018-06-07,11.948963265101428,1.431011011480569,1.3046378503212797,79.29550461195312
4,2018-06-08,11.948963265101428,1.431011011480569,1.3046378503212797,82.14126845856885
4,2018-06-11,11.948963265101428,1.431011011480569,1.3046378503212797,85.40635926929403
4,2018-06-12,11.948963265101428,1.431011011480569,1.3046378503212797,88.8111046416241
4,2018-06-13,11.948963265101428,1.431011011480569,1.3046378503212797,90.46161648630729
4,2018-06-14,11.948963265101428,1.431011011480569,1.3046378503212797,93.25255893759599
4,2018-06-15,11.948963265101428,1.431011011480569,1.3046378503212797,93.64278753541548
4,2018-06-18,11.948963265101428,1.431011011480569,1.3046378503212797,94.78708169354323
4,2018-06-19,11.948963265101428,1.431011011480569,1.3046378503212797,97.36132369200337
4,2018-06-20,11.948963265101428,1.431011011480569,1.3046378503212797,99.69592661131043
4,2018-06-21,11.948963265101428,1.431011011480569,1.3046378503212797,103.03584147675578
4,2018-06-22,11.948963265101428,1.431011011480569,1.3046378503212797,108.90838910604519
4,2018-06-25,11.948963265101428,1.431011011480569,1.3046378503212797,112.7247473885849
4,2018-06-26,11.948963265101428,1.431011011480569,1.3046378503212797,114.13076192023031
4,2018-06-27,11.948963265101428,1.431011011480569,1.3046378503212797,121.61867508733023
4,2018-06-28,11.948963265101428,1.431011011480569,1.3046378503212797,130.10961009237036
4,2018-06-29,11.948963265101428,1.431011011480569,1.3046378503212797,139.49946982951738
4,2018-07-02,11.948963265101428,1.431011011480569,1.3046378503212797,149.88648404284248
4,2018-07-03,11.948963265101428,1.431011011480569,1.3046378503212797,160.13191743377914
4,2018-07-04,12.795656780288978,1.5324112515433448,1.313882404706692,171.63886271549168
4,2018-07-05,12.795656780288978,1.5324112515433448,1.313882404706692,180.86754131971185
4,2018-07-06,12.795656780288978,1.5324112515433448,1.313882404706692,188.77656906915036
4,2018-07-09,12.795656780288978,1.5324112515433448,1.313882404706692,201.0726130442615
4,2018-07-10,13.628353208258122,1.5324112515433448,1.322432690197751,214.35878550949153
4,2018-07-11,13.628353208258122,1.5324112515433448,1.322432690197751,214.53201083360753
4,2018-07-12,13.628353208258122,1.5324112515433448,1.322432690197751,213.80832243362298
4,2018-07-13,13.628353208258122,1.5324112515433448,1.322432690197751,209.77736199680595
4,2018-07-16,13.628353208258122,1.5324112515433448,1.322432690197751,205.07393074142706
4,2018-07-17,13.628353208258122,1.5324112515433448,1.322432690197751,198.72857955666123
4,2018-07-18,13.628353208258122,1.5324112515433448,1.322432690197751,196.36897262529232
4,2018-07-19,13.628353208258122,1.5324112515433448,1.322432690197751,193.09846893255568
4,2018-07-20,13.628353208258122,1.5324112515433448,1.322432690197751,191.43982749360666
4,2018-07-23,13.628353208258122,1.5324112515433448,1.322432690197751,188.56677682993612
4,2018-07-24,13.628353208258122,1.5324112515433448,1.322432690197751,185.58121250259816
4,2018-07-25,13.628353208258122,1.5324112515433448,1.322432690197751,184.87878550599484
4,2018-07-26,13.628353208258122,1.5324112515433448,1.322432690197751,185.78685535793886
4,2018-07-27,13.628353208258122,1.5324112515433448,1.322432690197751,190.503808040178
4,2018-07-30,13.628353208258122,1.5324112515433448,1.322432690197751,195.94579918048282
4,2018-07-31,14.059708634229713,1.5809140969034574,1.326618364781334,202.3436889989616
4,2018-08-01,14.273278916131963,1.5809140969034574,1.3286335292880385,205.6196809281125
4,2018-08-02,14.730410450537256,1.5809140969034574,1.3328887553469877,212.4106998574473
4,2018-08-03,14.94265093090182,1.5809140969034574,1.334809224234513,215.68359207774148
4,2018-08-06,14.94265093090182,1.5809140969034574,1.334809224234513,220.27991904305756
4,2018-08-07,14.94265093090182,1.5809140969034574,1.334809224234513,227.8657399190419
4,2018-08-08,15.450019786674172,1.5809140969034574,1.339341489840569,235.83065180071057
4,2018-08-09,15.450019786674172,1.5809140969034574,1.339341489840569,244.97432913544142
4,2018-08-10,15.450019786674172,1.5809140969034574,1.339341489840569,254.32786919602364
4,2018-08-13,15.450019786674172,1.5809140969034574,1.339341489840569,263.46390947775745
4,2018-08-14,15.450019786674172,1.5809140969034574,1.339341489840569,273.8325502217837
4,2018-08-16,15.450019786674172,1.5809140969034574,1.339341489840569,283.3624822700997
4,2018-08-17,15.450019786674172,1.5809140969034574,1.339341489840569,289.01493587388904
4,2018-08-20,16.11830744146388,1.6492962341972135,1.3451347858723328,301.8052366567201
4,2018-08-21,16.11830744146388,1.6492962341972135,1.3451347858723328,311.0195181152506
4,2018-08-23,16.11830744146388,1.6492962341972135,1.3451347858723328,317.16320027238055
4,2018-08-24,16.392919042623202,1.6492962341972135,1.3474265253658557,322.883951570964
4,2018-08-27,16.615119062092155,1.6492962341972135,1.3492529127187782,327.5834093431423
4,2018-08-28,16.414222007891823,1.6492962341972135,1.3476215013847792,323.95010979425933
4,2018-08-29,16.414222007891823,1.6492962341972135,1.3476215013847792,319.56458064483587
4,2018-08-30,16.263807695978002,1.6492962341972135,1.346386587169816,316.95576479498504
4,2018-08-31,16.263807695978002,1.6492962341972135,1.346386587169816,316.3076402454892
4,2018-09-03,16.263807695978002,1.6492962341972135,1.346386587169816,319.0579556706855
4,2018-09-04,16.263807695978002,1.6492962341972135,1.346386587169816,315.86570383361476
4,2018-09-05,16.263807695978002,1.6492962341972135,1.346386587169816,319.49641657876964
4,2018-09-06,16.263807695978002,1.6492962341972135,1.346386587169816,338.45557986846904
4,2018-09-07,16.263807695978002,1.6492962341972135,1.346386587169816,355.2737797187226
4,2018-09-10,16.263807695978002,1.6492962341972135,1.346386587169816,365.75739157984214
4,2018-09-11,16.263807695978002,1.6492962341972135,1.346386587169816,391.24647637289326
4,2018-09-12,16.263807695978002,1.6492962341972135,1.346386587169816,417.99698219705186
4,2018-09-14,16.263807695978002,1.6492962341972135,1.346386587169816,456.4796931261084
4,2018-09-17,16.263807695978002,1.6492962341972135,1.346386587169816,476.0008655788434
4,2018-09-18,16.263807695978002,1.6492962341972135,1.346386587169816,474.6331573050468
4,2018-09-19,16.263807695978002,1.6492962341972135,1.346386587169816,480.2865435100558
4,2018-09-21,16.263807695978002,1.6492962341972135,1.346386587169816,474.4404242459551
4,2018-09-24,16.263807695978002,1.6492962341972135,1.346386587169816,451.4246512979347
4,2018-09-25,16.263807695978002,1.6492962341972135,1.346386587169816,422.559283164221
4,2018-09-26,16.263807695978002,1.6492962341972135,1.346386587169816,390.56381215564693
4,2018-09-27,16.263807695978002,1.6492962341972135,1.346386587169816,342.2886659670825
4,2018-09-28,16.263807695978002,1.6492962341972135,1.346386587169816,305.57849943840847
4,2018-10-01,16.263807695978002,1.6492962341972135,1.346386587169816,265.8494342346145
4,2018-10-03,16.263807695978002,1.6492962341972135,1.346386587169816,237.15462549094872
4,2018-10-04,16.263807695978002,1.6492962341972135,1.346386587169816,219.742448266106
4,2018-10-05,16.263807695978002,1.6492962341972135,1.346386587169816,198.87755854375968
4,2018-10-08,16.263807695978002,1.6492962341972135,1.346386587169816,176.48701934830999
4,2018-10-09,16.263807695978002,1.6492962341972135,1.346386587169816,155.959579142431
4,2018-10-10,14.730671023327622,1.4938224000263116,1.3336946352546128,141.41373243462925
4,2018-10-11,13.370430839118615,1.4938224000263116,1.3213792082556364,128.4969059041495
4,2018-10-12,13.027382039178834,1.4938224000263116,1.31798890949031,125.32852256013497
4,2018-10-15,12.648826490204316,1.4938224000263116,1.3141590378117645,121.81199829007463
4,2018-10-16,12.480508570840113,1.4938224000263116,1.3124102865333005,120.31285816907842
4,2018-10-17,12.509103486609533,1.4938224000263116,1.3127109815040652,120.70882774634637
4,2018-10-19,12.498228961813842,1.4938224000263116,1.3125968637486782,120.72460090529826
4,2018-10-22,12.4059336823956,1.4938224000263116,1.3116275544595515,119.95381433232016
4,2018-10-23,12.992745317747605,1.4938224000263116,1.3178316687963656,125.74768965527262
4,2018-10-24,13.63800029556362,1.4938224000263116,1.3243763783509577,132.1184087281578
4,2018-10-25,14.037991518523691,1.537634970470825,1.3282606642855193,136.12545034684547
4,2018-10-26,14.927125968959047,1.537634970470825,1.3366735651924333,144.8834521763523
4,2018-10-29,15.42240139609076,1.537634970470825,1.3411085888688798,149.83550439029693
4,2018-10-30,15.29180728757279,1.537634970470825,1.3399729623468422,148.71655991563992
4,2018-10-31,14.761304712300081,1.537634970470825,1.3353243351835997,143.70600938977032
4,2018-11-01,14.37174372426454,1.537634970470825,1.3318003223845916,140.05721493286487
4,2018-11-02,14.274752008760982,1.537634970470825,1.3309015198422238,139.25205702250616
4,2018-11-05,14.165355206283905,1.537634970470825,1.3298815625736613,138.32412908457897
4,2018-11-06,14.165355206283905,1.537634970470825,1.3298815625736613,129.68558401902055
4,2018-11-07,14.165355206283905,1.537634970470825,1.3298815625736613,121.03164466756196
4,2018-11-09,13.683018056324531,1.4852777610303052,1.325353251964191,117.03149066642585
4,2018-11-12,13.683018056324531,1.4852777610303052,1.325353251964191,115.52799334293502
4,2018-11-13,13.683018056324531,1.4852777610303052,1.325353251964191,118.45060316663341
4,2018-11-14,14.250662484930702,1.4852777610303052,1.330851522786576,123.48301534434475
4,2018-11-15,14.250662484930702,1.4852777610303052,1.330851522786576,129.77304542264133
4,2018-11-16,14.250662484930702,1.4852777610303052,1.330851522786576,136.36281763134835
4,2018-11-19,14.250662484930702,1.4852777610303052,1.330851522786576,144.13265817369913
4,2018-11-20,14.250662484930702,1.4852777610303052,1.330851522786576,153.99345762814892
4,2018-11-21,15.657545384914782,1.4852777610303052,1.3439902259998906,169.35030656534246
4,2018-11-22,17.219692070285596,1.4852777610303052,1.357399159680768,186.4156653818024
4,2018-11-26,17.219692070285596,1.4852777610303052,1.357399159680768,199.51253216759875
4,2018-11-27,17.219692070285596,1.4852777610303052,1.357399159680768,211.0964498532985
4,2018-11-28,17.219692070285596,1.4852777610303052,1.357399159680768,214.5971697829465
4,2018-11-29,17.219692070285596,1.4852777610303052,1.357399159680768,217.01070259685056
4,2018-11-30,17.219692070285596,1.4852777610303052,1.357399159680768,219.38119928468612
4,2018-12-03,17.219692070285596,1.4852777610303052,1.357399159680768,220.69810888684663
4,2018-12-04,17.219692070285596,1.4852777610303052,1.357399159680768,218.173775114548
4,2018-12-05,17.219692070285596,1.4852777610303052,1.357399159680768,214.00979542604492
4,2018-12-06,17.219692070285596,1.4852777610303052,1.357399159680768,209.8589157670384
4,2018-12-07,17.219692070285596,1.4852777610303052,1.357399159680768,199.4038454764859
4,2018-12-10,17.219692070285596,1.4852777610303052,1.357399159680768,193.62094751112988
4,2018-12-11,17.219692070285596,1.4852777610303052,1.357399159680768,182.89434229193938
4,2018-12-12,17.219692070285596,1.4852777610303052,1.357399159680768,173.11391180830134
4,2018-12-13,17.219692070285596,1.4852777610303052,1.357399159680768,165.55666547910232
4,2018-12-14,17.219692070285596,1.4852777610303052,1.357399159680768,157.51076952835092
4,2018-12-17,17.219692070285596,1.4852777610303052,1.357399159680768,150.28405586492153
4,2018-12-18,17.219692070285596,1.4852777610303052,1.357399159680768,145.4039970485673
4,2018-12-19,16.60324509986244,1.432106370259388,1.3525398126249395,140.3440899923085
4,2018-12-20,16.60324509986244,1.432106370259388,1.3525398126249395,134.79941418781107
4,2018-12-21,16.605033250721558,1.432106370259388,1.3525543793268908,134.94873134758646
4,2018-12-24,16.37248098327075,1.432106370259388,1.3506601368823639,133.19373303753758
4,2018-12-26,16.336609199320897,1.432106370259388,1.3503642099017832,133.035101920091
4,2018-12-27,16.14569219733047,1.432106370259388,1.3487861132269827,131.61342866679556
4,2018-12-28,15.673970697368434,1.432106370259388,1.344845424895487,127.8997511517819
4,2018-12-31,14.99757271266262,1.432106370259388,1.3390418493197533,122.50823686332691
4,2019-01-01,14.706710607958552,1.432106370259388,1.3364449188827958,120.254827056628
4,2019-01-02,14.285586797564308,1.432106370259388,1.3326180347370142,116.93160819753057
4,2019-01-03,14.228820002101422,1.4264155932158105,1.3320884908234176,116.58388737109185
4,2019-01-04,14.395024682497185,1.4264155932158105,1.3336444831112073,118.06226989931622
4,2019-01-07,14.46254398957506,1.4264155932158105,1.3342700239030711,118.7340986844849
4,2019-01-08,14.511856833671073,1.4264155932158105,1.3347249691030176,119.25767968296304
4,2019-01-09,14.410056376169168,1.4264155932158105,1.3337886615439558,118.54034653271358
4,2019-01-10,14.410056376169168,1.4264155932158105,1.3337886615439558,119.35632941115595
4,2019-01-11,15.00761716538951,1.4264155932158105,1.3393196586784528,124.42519187291813
4,2019-01-14,16.16582324362959,1.4264155932158105,1.349655797669026,134.15207506496895
4,2019-01-15,17.144550098365208,1.4264155932158105,1.357827013906645,142.4081913917669
4,2019-01-16,18.147286934007923,1.4264155932158105,1.3657685647520343,150.87965682796784
4,2019-01-17,19.276816144729125,1.515199006682764,1.3742694249334053,160.42163611916644
4,2019-01-18,20.568928002785835,1.515199006682764,1.3834810592966182,171.33501077212034
4,2019-01-21,20.568928002785835,1.515199006682764,1.3834810592966182,184.0412924094572
4,2019-01-22,20.568928002785835,1.515199006682764,1.3834810592966182,197.8451172784815
4,2019-01-23,22.732903763416996,1.515199006682764,1.3980361176701257,218.85746658829143
4,2019-01-24,22.732903763416996,1.515199006682764,1.3980361176701257,239.72979100123402
4,2019-01-25,22.732903763416996,1.515199006682764,1.3980361176701257,257.27767346753694
4,2019-01-28,22.732903763416996,1.515199006682764,1.3980361176701257,271.8720820929983
4,2019-01-29,22.732903763416996,1.515199006682764,1.3980361176701257,281.3127172724768
4,2019-01-30,22.732903763416996,1.515199006682764,1.3980361176701257,290.2856403453457
4,2019-01-31,22.732903763416996,1.515199006682764,1.3980361176701257,292.53401379116644
4,2019-02-01,22.732903763416996,1.515199006682764,1.3980361176701257,283.9379272990858
4,2019-02-04,22.732903763416996,1.515199006682764,1.3980361176701257,263.79464835188645
4,2019-02-05,22.732903763416996,1.515199006682764,1.3980361176701257,247.04741428133943
4,2019-02-06,22.732903763416996,1.515199006682764,1.3980361176701257,227.92468537947892
4,2019-02-07,22.732903763416996,1.515199006682764,1.3980361176701257,210.71736355246463
4,2019-02-08,22.732903763416996,1.515199006682764,1.3980361176701257,202.9230616170308
4,2019-02-11,22.732903763416996,1.515199006682764,1.3980361176701257,200.2513458376899
4,2019-02-12,22.732903763416996,1.515199006682764,1.3980361176701257,200.8857939201559
4,2019-02-14,22.732903763416996,1.515199006682764,1.3980361176701257,194.87768898552903
4,2019-02-15,22.732903763416996,1.515199006682764,1.3980361176701257,191.5844482998424
4,2019-02-18,22.915542636516648,1.5273722970807813,1.399159316640839,193.3152451648688
4,2019-02-19,24.033109930854966,1.5273722970807813,1.4059828718000993,202.9363448147102
4,2019-02-20,24.033109930854966,1.5273722970807813,1.4059828718000993,213.38125234336457
4,2019-02-21,25.371313000013654,1.5273722970807813,1.4138116155608553,225.47605250521883
4,2019-02-22,26.52053371811559,1.5273722970807813,1.4202156262641834,235.91470715729827
4,2019-02-25,26.858725482802402,1.5273722970807813,1.4220266955058025,239.15902327813453
4,2019-02-26,26.858725482802402,1.5273722970807813,1.4220266955058025,234.67780327011587
4,2019-02-27,26.858725482802402,1.5273722970807813,1.4220266955058025,226.6161264360263
4,2019-02-28,27.59695689175014,1.5273722970807813,1.425935238268402,233.07144996766908
4,2019-03-01,27.948310162048966,1.5273722970807813,1.427750681221642,236.2718926564529
4,2019-03-05,28.408168512280163,1.5525035089734474,1.43009988612527,240.39575568191913
4,2019-03-06,28.408168512280163,1.5525035089734474,1.43009988612527,242.2531932082965
4,2019-03-07,28.408168512280163,1.5525035089734474,1.43009988612527,241.33269313504275
4,2019-03-08,28.408168512280163,1.5525035089734474,1.43009988612527,236.7451465432492
4,2019-03-11,27.926453172289587,1.5525035089734474,1.4276748756830533,232.967420686183
4,2019-03-12,27.926453172289587,1.5525035089734474,1.4276748756830533,227.81018359689176
4,2019-03-13,27.895735453414666,1.5525035089734474,1.4275178384996865,227.78741383274516
4,2019-03-14,28.488945825765352,1.5525035089734474,1.4305534938597246,232.8591623173366
4,2019-03-15,28.488945825765352,1.5525035089734474,1.4305534938597246,237.35095427138722
4,2019-03-18,28.488945825765352,1.5525035089734474,1.4305534938597246,243.98054127584794
4,2019-03-19,28.488945825765352,1.5525035089734474,1.4305534938597246,242.97942877989212
4,2019-03-20,28.488945825765352,1.5525035089734474,1.4305534938597246,246.98879123301325
4,2019-03-22,28.488945825765352,1.5525035089734474,1.4305534938597246,255.00562571736788
4,2019-03-25,30.000302887153058,1.6348648274815594,1.4381426729675117,268.78884525028343
4,2019-03-26,30.000302887153058,1.6348648274815594,1.4381426729675117,276.5977024532909
4,2019-03-27,30.756935480928806,1.6348648274815594,1.441769788416846,283.8503242921294
4,2019-03-28,30.756935480928806,1.6348648274815594,1.441769788416846,285.8653523612586
4,2019-04-01,31.962269655009848,1.6348648274815594,1.4474199429916215,297.35400085826683
4,2019-04-02,31.962269655009848,1.6348648274815594,1.4474199429916215,304.86185671286427
4,2019-04-03,31.962269655009848,1.6348648274815594,1.4474199429916215,315.2350476213102
4,2019-04-04,34.26183082300488,1.6348648274815594,1.4578335673387381,338.23022004901696
4,2019-04-05,34.26183082300488,1.6348648274815594,1.4578335673387381,355.8575574163571
4,2019-04-08,34.26183082300488,1.6348648274815594,1.4578335673387381,375.2249988481891
4,2019-04-09,34.26183082300488,1.6348648274815594,1.4578335673387381,393.7933887027373
4,2019-04-10,34.26183082300488,1.6348648274815594,1.4578335673387381,432.0677414575201
4,2019-04-11,34.26183082300488,1.6348648274815594,1.4578335673387381,483.5971089861951
4,2019-04-12,34.26183082300488,1.6348648274815594,1.4578335673387381,531.8247644684718
4,2019-04-15,34.26183082300488,1.6348648274815594,1.4578335673387381,536.5307205077333
4,2019-04-16,34.26183082300488,1.6348648274815594,1.4578335673387381,543.0869880501319
4,2019-04-18,34.26183082300488,1.6348648274815594,1.4578335673387381,543.566889549178
4,2019-04-22,34.26183082300488,1.6348648274815594,1.4578335673387381,541.4041766797301
4,2019-04-23,34.26183082300488,1.6348648274815594,1.4578335673387381,545.8006282132095
4,2019-04-24,34.26183082300488,1.6348648274815594,1.4578335673387381,533.8895026023117
4,2019-04-25,34.26183082300488,1.6348648274815594,1.4578335673387381,517.7755255875494
4,2019-04-26,34.26183082300488,1.6348648274815594,1.4578335673387381,483.9595487687511
4,2019-04-30,34.26183082300488,1.6348648274815594,1.4578335673387381,448.6423551289121
4,2019-05-02,34.26183082300488,1.6348648274815594,1.4578335673387381,427.04460056047105
4,2019-05-03,34.26183082300488,1.6348648274815594,1.4578335673387381,419.72354005283864
4,2019-05-06,34.26183082300488,1.6348648274815594,1.4578335673387381,417.0198218028954
4,2019-05-07,34.26183082300488,1.6348648274815594,1.4578335673387381,408.8420218925384
4,2019-05-08,34.26183082300488,1.6348648274815594,1.4578335673387381,395.3395919211324
4,2019-05-09,34.26183082300488,1.6348648274815594,1.4578335673387381,373.7761109472769
4,2019-05-10,34.26183082300488,1.6348648274815594,1.4578335673387381,358.4106459965836
4,2019-05-13,34.26183082300488,1.6348648274815594,1.4578335673387381,346.018839280723
4,2019-05-14,34.26183082300488,1.6348648274815594,1.4578335673387381,342.94287976097866
4,2019-05-15,34.26183082300488,1.6348648274815594,1.4578335673387381,344.93142916398693
4,2019-05-16,34.26183082300488,1.6348648274815594,1.4578335673387381,351.073547484064
4,2019-05-17,34.26183082300488,1.6348648274815594,1.4578335673387381,368.0119477141985
4,2019-05-20,34.26183082300488,1.6348648274815594,1.4578335673387381,384.89387678002146
4,2019-05-21,34.26183082300488,1.6348648274815594,1.4578335673387381,398.2755587087368
4,2019-05-22,34.26183082300488,1.6348648274815594,1.4578335673387381,414.41322282363024
4,2019-05-23,36.357621337134674,1.7348692380753945,1.466751111113302,440.1772242167556
4,2019-05-24,39.57889238540898,1.7348692380753945,1.4797464686628006,479.61693156234867
4,2019-05-27,43.3457384495409,1.7348692380753945,1.4938296752040996,525.743180879528
4,2019-05-28,43.3457384495409,1.7348692380753945,1.4938296752040996,573.189972903396
4,2019-05-29,43.3457384495409,1.7348692380753945,1.4938296752040996,613.0471609039807
4,2019-05-30,43.3457384495409,1.7348692380753945,1.4938296752040996,643.9522866398182
4,2019-05-31,43.3457384495409,1.7348692380753945,1.4938296752040996,659.3874118370378
4,2019-06-03,43.3457384495409,1.7348692380753945,1.4938296752040996,661.9017027192077
4,2019-06-04,43.3457384495409,1.7348692380753945,1.4938296752040996,685.1869023056736
4,2019-06-06,43.3457384495409,1.7348692380753945,1.4938296752040996,720.5675639549842
4,2019-06-07,43.3457384495409,1.7348692380753945,1.4938296752040996,743.059014154714
4,2019-06-10,43.3457384495409,1.7348692380753945,1.4938296752040996,757.7104130446121
4,2019-06-11,43.3457384495409,1.7348692380753945,1.4938296752040996,762.7555373118906
4,2019-06-12,43.3457384495409,1.7348692380753945,1.4938296752040996,760.495187417245
4,2019-06-13,43.3457384495409,1.7348692380753945,1.4938296752040996,759.9722272012029
4,2019-06-14,43.3457384495409,1.7348692380753945,1.4938296752040996,750.76961956731
4,2019-06-17,43.3457384495409,1.7348692380753945,1.4938296752040996,747.5485393304443
4,2019-06-18,43.3457384495409,1.7348692380753945,1.4938296752040996,747.96368722285
4,2019-06-19,43.3457384495409,1.7348692380753945,1.4938296752040996,740.5995592703471
4,2019-06-20,43.3457384495409,1.7348692380753945,1.4938296752040996,729.1229240655737
4,2019-06-21,43.3457384495409,1.7348692380753945,1.4938296752040996,701.0093116393148
4,2019-06-24,43.3457384495409,1.7348692380753945,1.4938296752040996,670.1716493439792
4,2019-06-25,43.3457384495409,1.7348692380753945,1.4938296752040996,630.4395108877542
4,2019-06-26,43.3457384495409,1.7348692380753945,1.4938296752040996,589.6072109217455
4,2019-06-27,43.3457384495409,1.7348692380753945,1.4938296752040996,550.3445620477404
4,2019-06-28,43.3457384495409,1.7348692380753945,1.4938296752040996,520.7912527593679
4,2019-07-01,43.3457384495409,1.7348692380753945,1.4938296752040996,498.9670876974785
4,2019-07-02,43.3457384495409,1.7348692380753945,1.4938296752040996,466.59768266271914
4,2019-07-03,43.3457384495409,1.7348692380753945,1.4938296752040996,441.49173764085964
4,2019-07-04,43.3457384495409,1.7348692380753945,1.4938296752040996,406.7062954715769
4,2019-07-05,41.5760547940678,1.6640394438482387,1.4877307920039742,390.50833636235313
4,2019-07-08,41.5760547940678,1.6640394438482387,1.4877307920039742,378.7503621139511
4,2019-07-09,41.5760547940678,1.6640394438482387,1.4877307920039742,375.0397953120519
4,2019-07-10,41.309659948139945,1.6640394438482387,1.4867775418288889,373.01180122202226
4,2019-07-11,41.309659948139945,1.6640394438482387,1.4867775418288889,377.50909940802643
4,2019-07-12,41.309659948139945,1.6640394438482387,1.4867775418288889,377.76881175179074
4,2019-07-15,41.309659948139945,1.6640394438482387,1.4867775418288889,375.00470118939774
4,2019-07-16,42.7032019458651,1.6640394438482387,1.4917930441312903,388.0301319920813
4,2019-07-17,42.7032019458651,1.6640394438482387,1.4917930441312903,404.2404265855
4,2019-07-18,45.01894867127298,1.6640394438482387,1.499882870419522,426.5661717584877
4,2019-07-19,47.75598350058484,1.7652087081155683,1.5090017676336769,452.9268502000472
4,2019-07-22,47.75598350058484,1.7652087081155683,1.5090017676336769,482.7012686524289
4,2019-07-23,47.75598350058484,1.7652087081155683,1.5090017676336769,506.111395541641
4,2019-07-24,47.75598350058484,1.7652087081155683,1.5090017676336769,534.267558976484
4,2019-07-25,47.75598350058484,1.7652087081155683,1.5090017676336769,566.9578845182319
4,2019-07-26,47.75598350058484,1.7652087081155683,1.5090017676336769,603.8401738293046
4,2019-07-29,47.75598350058484,1.7652087081155683,1.5090017676336769,623.5287515701787
4,2019-07-30,47.75598350058484,1.7652087081155683,1.5090017676336769,630.7536336034035
4,2019-07-31,47.75598350058484,1.7652087081155683,1.5090017676336769,619.1434845823906
4,2019-08-01,47.75598350058484,1.7652087081155683,1.5090017676336769,614.3011982094608
5,2019-08-02,0.9905884240613959,0.9905884240613959,0.9990588424061396,0.9915884240613959
5,2019-08-05,0.9905884240613959,0.9905884240613959,0.9990588424061396,0.9640711865685508
5,2019-08-06,0.9905884240613959,0.9905884240613959,0.9990588424061396,0.964550021955956
5,2019-08-07,0.9905884240613959,0.9905884240613959,0.9990588424061396,0.9794750661090894
5,2019-08-08,0.9905884240613959,0.9905884240613959,0.9990588424061396,0.9873694895652315
5,2019-08-09,0.9905884240613959,0.9905884240613959,0.9990588424061396,0.9830837455370686
5,2019-08-13,0.9905884240613959,0.9905884240613959,0.9990588424061396,1.0008730937573656
5,2019-08-14,0.9905884240613959,0.9905884240613959,0.9990588424061396,1.0140628113823276
5,2019-08-16,0.9905884240613959,0.9905884240613959,0.9990588424061396,1.0583235528507549
5,2019-08-19,0.9905884240613959,0.9905884240613959,0.9990588424061396,1.1016742556406238
5,2019-08-20,0.9905884240613959,0.9905884240613959,0.9990588424061396,1.1312217976586627
5,2019-08-21,0.9905884240613959,0.9905884240613959,0.9990588424061396,1.146279278912882
5,2019-08-22,0.9905884240613959,0.9905884240613959,0.9990588424061396,1.1367097091205136
5,2019-08-23,0.9905884240613959,0.9905884240613959,0.9990588424061396,1.1039137578246918
5,2019-08-26,0.9905884240613959,0.9905884240613959,0.9990588424061396,1.0446031644986917
5,2019-08-27,0.9905884240613959,0.9905884240613959,0.9990588424061396,0.9965416560636873
5,2019-08-28,0.9905884240613959,0.9905884240613959,0.9990588424061396,0.9532398577855775
5,2019-08-29,0.9905884240613959,0.9905884240613959,0.9990588424061396,0.9176232908929308
5,2019-08-30,0.9905884240613959,0.9905884240613959,0.9990588424061396,0.8620078352902184
5,2019-09-03,0.9905884240613959,0.9905884240613959,0.9990588424061396,0.8187274908048794
5,2019-09-04,0.9905884240613959,0.9905884240613959,0.9990588424061396,0.7664221449034918
5,2019-09-05,0.9905884240613959,0.9905884240613959,0.9990588424061396,0.7145788592409222
5,2019-09-06,0.9905884240613959,0.9905884240613959,0.9990588424061396,0.6554940156311249
5,2019-09-09,0.9905884240613959,0.9905884240613959,0.9990588424061396,0.6140085309538662
5,2019-09-11,0.9905884240613959,0.9905884240613959,0.9990588424061396,0.5953231599302305
5,2019-09-12,0.9905884240613959,0.9905884240613959,0.9990588424061396,0.5824881092631103
5,2019-09-13,0.9905884240613959,0.9905884240613959,0.9990588424061396,0.5591553940475965
5,2019-09-16,0.9905884240613959,0.9905884240613959,0.9990588424061396,0.5459697423379669
5,2019-09-17,0.9603373128580035,0.9603373128580035,0.9960078638759798,0.5298426004347667
5,2019-09-18,0.9603373128580035,0.9603373128580035,0.9960078638759798,0.5104431472828534
5,2019-09-19,0.9490515714678126,0.9603373128580035,0.9948373702354851,0.5049549384174542
5,2019-09-20,0.9399465898124443,0.9603373128580035,0.9938829462317338,0.5006154722629611
5,2019-09-23,0.9410116543321407,0.9603373128580035,0.9939955642755923,0.5016833410060986
5,2019-09-24,0.9215467907722217,0.9603373128580035,0.9919394804907936,0.4918076844512469
5,2019-09-25,0.875793366927743,0.9603373128580035,0.9870146488996666,0.4678819740433029
5,2019-09-26,0.8469773929536346,0.9603373128580035,0.9837671033588127,0.45295527175110273
5,2019-09-27,0.838365709412543,0.9603373128580035,0.9827668534061288,0.44880278242534577
5,2019-09-30,0.816401461044959,0.9603373128580035,0.9801921136459868,0.43749345188888766
5,2019-10-01,0.8040917500708188,0.9458573353922191,0.9787141788070818,0.4313344138513081
5,2019-10-03,0.8021558599707319,0.9458573353922191,0.978478548595803,0.4307272896296518
5,2019-10-04,0.7905712904217342,0.9458573353922191,0.9770654500492407,0.42493754220561664
5,2019-10-07,0.7984289161982967,0.9458573353922191,0.9780365724209626,0.4295860080058276
5,2019-10-09,0.8220959939416056,0.9458573353922191,0.9809356742853468,0.4427494081864486
5,2019-10-10,0.8706952203468827,0.9458573353922191,0.986734597437257,0.46936583912066865
5,2019-10-11,0.9262903173418756,0.9458573353922191,0.9930350346477639,0.4998048645401575
5,2019-10-14,1.0050452057122743,0.9458573353922191,1.001477999217015,0.5427989884933366
5,2019-10-15,1.110351080174766,0.9458573353922191,1.0119712104539917,0.600214773707497
5,2019-10-16,1.2303733229915685,0.9458573353922191,1.0229100077869584,0.6656945789084183
5,2019-10-17,1.3321006252355898,1.0240608474800932,1.031367430715925,0.721399920694703
5,2019-10-18,1.4192147013123892,1.0240608474800932,1.0381121629921846,0.7692980026037282
5,2019-10-22,1.4192147013123892,1.0240608474800932,1.0381121629921846,0.825718515548577
5,2019-10-23,1.4989678329292326,1.0240608474800932,1.0439458607330268,0.8729456963574019
5,2019-10-24,1.5718773530486636,1.0240608474800932,1.0490235942283463,0.9162785604146261
5,2019-10-25,1.5718773530486636,1.0240608474800932,1.0490235942283463,0.918434560747503
5,2019-10-27,1.5718773530486636,1.0240608474800932,1.0490235942283463,0.9120315215247048
5,2019-10-29,1.5718773530486636,1.0240608474800932,1.0490235942283463,0.9052791185972326
5,2019-10-30,1.5718773530486636,1.0240608474800932,1.0490235942283463,0.8827757319039412
5,2019-10-31,1.5718773530486636,1.0240608474800932,1.0490235942283463,0.8457479037414622
5,2019-11-01,1.5718773530486636,1.0240608474800932,1.0490235942283463,0.8271875600738223
5,2019-11-04,1.5718773530486636,1.0240608474800932,1.0490235942283463,0.7950833910964814
5,2019-11-05,1.5718773530486636,1.0240608474800932,1.0490235942283463,0.761392941737238
5,2019-11-06,1.5718773530486636,1.0240608474800932,1.0490235942283463,0.7369003720577672
5,2019-11-07,1.5718773530486636,1.0240608474800932,1.0490235942283463,0.698577526066832
5,2019-11-08,1.5718773530486636,1.0240608474800932,1.0490235942283463,0.6826869897614669
5,2019-11-11,1.5718773530486636,1.0240608474800932,1.0490235942283463,0.6650426600991243
5,2019-11-13,1.5718773530486636,1.0240608474800932,1.0490235942283463,0.6270986449436863
5,2019-11-14,1.5718773530486636,1.0240608474800932,1.0490235942283463,0.5930004562813038
5,2019-11-15,1.5718773530486636,1.0240608474800932,1.0490235942283463,0.5599476714575097
5,2019-11-18,1.5718773530486636,1.0240608474800932,1.0490235942283463,0.5257280578833802
5,2019-11-19,1.5718773530486636,1.0240608474800932,1.0490235942283463,0.5113183904363119
5,2019-11-20,1.5479038299593952,1.0084423602461725,1.047423673515153,0.5040313248018637
5,2019-11-21,1.54869444482367,1.0084423602461725,1.047477172234482,0.5047927976096155
5,2019-11-22,1.5859435832891673,1.0084423602461725,1.0499965602492336,0.5174388471137326
5,2019-11-25,1.568319114667738,1.0084423602461725,1.0488297071767971,0.5122060279941972
5,2019-11-26,1.5408502937469408,1.0084423602461725,1.0469927012298947,0.5037470396230808
5,2019-11-27,1.530008669074214,1.0084423602461725,1.0462560234392044,0.500706356450532
5,2019-11-28,1.4869020857450157,1.0084423602461725,1.0433082935753373,0.48710012294836447
5,2019-11-29,1.498450243950716,1.0084423602461725,1.0441185883046966,0.4913703297975405
5,2019-12-02,1.5753200249689807,1.0084423602461725,1.049474866737304,0.517068763093155
5,2019-12-03,1.6612667136837935,1.0084423602461725,1.0552006169503292,0.5457961937645186
5,2019-12-04,1.730939608238466,1.0507360495443199,1.059626088231565,0.5692324748775728
5,2019-12-05,1.8171305742987482,1.0507360495443199,1.0649024246082166,0.5981462531061369
5,2019-12-06,1.9002826953828464,1.0507360495443199,1.069775431347864,0.6261156462953502
5,2019-12-09,2.0563204452998205,1.0507360495443199,1.0785596691683506,0.6781539422836106
5,2019-12-10,2.261392935425141,1.0507360495443199,1.0893159166982846,0.7464629550009846
5,2019-12-11,2.436385947386101,1.0507360495443199,1.097745352832709,0.8049728427755395
5,2019-12-12,2.648063114581528,1.0507360495443199,1.1072827427047394,0.8757151632749067
5,2019-12-13,2.788541441993172,1.0507360495443199,1.1131568182435891,0.9230470979853937
5,2019-12-16,2.8315784029555098,1.0507360495443199,1.1148748090831826,0.9382159946605697
5,2019-12-17,2.832213000546952,1.0507360495443199,1.1148997950368777,0.9393644784019552
5,2019-12-18,2.8161847880589987,1.044789667451025,1.1142688449348135,0.9349877407861452
5,2019-12-19,2.777487820535715,1.044789667451025,1.1127377371223048,0.9230751375615647
5,2019-12-20,2.777487820535715,1.044789667451025,1.1127377371223048,0.9137526342206004
5,2019-12-23,2.777487820535715,1.044789667451025,1.1127377371223048,0.9031686075768234
5,2019-12-24,2.777487820535715,1.044789667451025,1.1127377371223048,0.919331518531848
5,2019-12-26,2.777487820535715,1.044789667451025,1.1127377371223048,0.9245086777544865
5,2019-12-27,2.777487820535715,1.044789667451025,1.1127377371223048,0.9308374931932994
5,2019-12-30,2.777487820535715,1.044789667451025,1.1127377371223048,0.9338860570346041
5,2019-12-31,2.777487820535715,1.044789667451025,1.1127377371223048,0.9534130983130089
5,2020-01-01,2.777487820535715,1.044789667451025,1.1127377371223048,0.9794959586051807
5,2020-01-02,2.777487820535715,1.044789667451025,1.1127377371223048,1.016335225455341
5,2020-01-03,2.777487820535715,1.044789667451025,1.1127377371223048,1.0248561552918651
5,2020-01-06,2.777487820535715,1.044789667451025,1.1127377371223048,1.0108371951548971
5,2020-01-07,2.777487820535715,1.044789667451025,1.1127377371223048,0.9948899720022215
5,2020-01-08,2.777487820535715,1.044789667451025,1.1127377371223048,0.973560617250628
5,2020-01-09,2.777487820535715,1.044789667451025,1.1127377371223048,0.9632725146244011
5,2020-01-10,2.777487820535715,1.044789667451025,1.1127377371223048,0.9501520489562888
5,2020-01-13,2.777487820535715,1.044789667451025,1.1127377371223048,0.940999036822422
5,2020-01-14,2.777487820535715,1.044789667451025,1.1127377371223048,0.9311281605833742
5,2020-01-15,2.777487820535715,1.044789667451025,1.1127377371223048,0.9008976216721477
5,2020-01-16,2.777487820535715,1.044789667451025,1.1127377371223048,0.8602751592212173
5,2020-01-17,2.777487820535715,1.044789667451025,1.1127377371223048,0.805982169832499
5,2020-01-20,2.777487820535715,1.044789667451025,1.1127377371223048,0.780785327631148
5,2020-01-21,2.777487820535715,1.044789667451025,1.1127377371223048,0.7580204220546908
5,2020-01-22,2.777487820535715,1.044789667451025,1.1127377371223048,0.7372916063144437
5,2020-01-23,2.777487820535715,1.044789667451025,1.1127377371223048,0.7162256999349312
5,2020-01-24,2.777487820535715,1.044789667451025,1.1127377371223048,0.700857434556675
5,2020-01-27,2.777487820535715,1.044789667451025,1.1127377371223048,0.6984988804509619
5,2020-01-28,2.777487820535715,1.044789667451025,1.1127377371223048,0.6887910342073589
5,2020-01-29,2.777487820535715,1.044789667451025,1.1127377371223048,0.6939538985132688
5,2020-01-30,2.777487820535715,1.044789667451025,1.1127377371223048,0.7115149072562688
5,2020-01-31,2.915184379145617,1.0965860932050873,1.1182542386134817,0.7475004397143689
5,2020-02-03,3.0519623344568023,1.0965860932050873,1.1235009917646648,0.7833200208326675
5,2020-02-04,3.205291314891334,1.0965860932050873,1.1291454015805915,0.8234569261819394
5,2020-02-05,3.276448913031127,1.0965860932050873,1.1316521089851193,0.8425611605109299
5,2020-02-06,3.276448913031127,1.0965860932050873,1.1316521089851193,0.8538237924915666
5,2020-02-07,3.2406618486932426,1.0965860932050873,1.130416060204646,0.8453517125980324
5,2020-02-10,3.228727184956266,1.0965860932050873,1.1299997521727896,0.8430838149497312
5,2020-02-11,3.228727184956266,1.0965860932050873,1.1299997521727896,0.8314168073524196
5,2020-02-12,3.228727184956266,1.0965860932050873,1.1299997521727896,0.806425469483137
5,2020-02-13,2.9429784863346935,1.0965860932050873,1.1199990323804654,0.7358616567009116
5,2020-02-14,2.9429784863346935,1.0965860932050873,1.1199990323804654,0.6742422866075753
5,2020-02-17,2.9429784863346935,1.0965860932050873,1.1199990323804654,0.6231213484935247
5,2020-02-18,2.9429784863346935,1.0965860932050873,1.1199990323804654,0.5858451372022402
5,2020-02-19,2.9429784863346935,1.0965860932050873,1.1199990323804654,0.5668268636889177
5,2020-02-20,2.9429784863346935,1.0965860932050873,1.1199990323804654,0.556222487397077
5,2020-02-24,2.9429784863346935,1.0965860932050873,1.1199990323804654,0.5186212015937658
5,2020-02-25,2.9429784863346935,1.0965860932050873,1.1199990323804654,0.46992568333447093
5,2020-02-26,2.9429784863346935,1.0965860932050873,1.1199990323804654,0.3916452820352744
5,2020-02-27,2.9429784863346935,1.0965860932050873,1.1199990323804654,0.3359909247511854
5,2020-02-28,2.4931041755419048,0.9289579861032907,1.102878323033783,0.28496613053702646
5,2020-03-02,2.0629476704194105,0.9289579861032907,1.0838494236534173,0.23608346220100784
5,2020-03-03,1.6740694352729102,0.9289579861032907,1.063418200065996,0.1918163711792248
5,2020-03-04,1.6740694352729102,0.9289579861032907,1.063418200065996,0.1506714293649727
5,2020-03-05,1.6740694352729102,0.9289579861032907,1.063418200065996,0.12744375291509713
5,2020-03-06,1.6740694352729102,0.9289579861032907,1.063418200065996,0.10054233878843921
5,2020-03-09,1.4439068035580571,0.9289579861032907,1.0487975919607675,0.08681962576712898
5,2020-03-11,1.2921376113077638,0.9289579861032907,1.0377736697122053,0.07778082562181365
5,2020-03-12,1.3062502099330624,0.9289579861032907,1.0389071158046637,0.07870812089786161
5,2020-03-13,1.3181054995539325,0.9289579861032907,1.0398500090308918,0.07950116962644926
5,2020-03-16,1.3805792048157852,0.9729874264205501,1.0447785434314172,0.08334875509653283
5,2020-03-17,1.519171683888404,0.9729874264205501,1.055266782564018,0.09179925189800786
5,2020-03-18,1.5675599969190572,0.9729874264205501,1.0586279944630486,0.09481502016797694
5,2020-03-19,1.583092023252671,0.9729874264205501,1.0596769264286394,0.09584930123280389
5,2020-03-20,1.583092023252671,0.9729874264205501,1.0596769264286394,0.09466281648476427
5,2020-03-23,1.583092023252671,0.9729874264205501,1.0596769264286394,0.09668964512960865
5,2020-03-24,1.583092023252671,0.9729874264205501,1.0596769264286394,0.10026622238695326
5,2020-03-25,1.583092023252671,0.9729874264205501,1.0596769264286394,0.1007789217924937
5,2020-03-26,1.583092023252671,0.9729874264205501,1.0596769264286394,0.09763899236505613
5,2020-03-27,1.583092023252671,0.9729874264205501,1.0596769264286394,0.09183524122531295
5,2020-03-30,1.583092023252671,0.9729874264205501,1.0596769264286394,0.09326556548609366
5,2020-03-31,1.583092023252671,0.9729874264205501,1.0596769264286394,0.09288506939158725
5,2020-04-01,1.6082837070138862,0.9884705387033496,1.0613631863318886,0.09445603107300282
5,2020-04-03,1.7187750457357163,0.9884705387033496,1.0686548997787417,0.1010397484689034
5,2020-04-07,1.7187750457357163,0.9884705387033496,1.0686548997787417,0.10690508831776291
5,2020-04-08,1.8310400468707242,0.9884705387033496,1.0756350187788544,0.1139946988456948
5,2020-04-09,1.8310400468707242,0.9884705387033496,1.0756350187788544,0.11854183292633225
5,2020-04-13,1.8310400468707242,0.9884705387033496,1.0756350187788544,0.12526656262036284
5,2020-04-15,1.8310400468707242,0.9884705387033496,1.0756350187788544,0.1375755552874287
5,2020-04-16,1.8310400468707242,0.9884705387033496,1.0756350187788544,0.16149824465810902
5,2020-04-17,1.8310400468707242,0.9884705387033496,1.0756350187788544,0.1726078435072016
5,2020-04-20,1.9440863179283552,0.9884705387033496,1.0822758635872334,0.18343705774068675
5,2020-04-21,1.9440863179283552,0.9884705387033496,1.0822758635872334,0.2009557584844941
5,2020-04-22,1.9440863179283552,0.9884705387033496,1.0822758635872334,0.21482789796176305
5,2020-04-23,1.9440863179283552,0.9884705387033496,1.0822758635872334,0.2165607066394909
5,2020-04-24,1.9440863179283552,0.9884705387033496,1.0822758635872334,0.23046379526575844
5,2020-04-27,1.9440863179283552,0.9884705387033496,1.0822758635872334,0.24463093479420173
5,2020-04-28,2.0368864118718952,1.0356547393255944,1.087442059187064,0.25655291437398275
5,2020-04-29,2.0368864118718952,1.0356547393255944,1.087442059187064,0.25610863702316533
5,2020-04-30,2.0368864118718952,1.0356547393255944,1.087442059187064,0.2406552940130302
5,2020-05-04,2.0368864118718952,1.0356547393255944,1.087442059187064,0.24254393845960465
5,2020-05-05,2.0368864118718952,1.0356547393255944,1.087442059187064,0.2445392583628465
5,2020-05-06,2.0368864118718952,1.0356547393255944,1.087442059187064,0.2509623320521486
5,2020-05-07,2.0368864118718952,1.0356547393255944,1.087442059187064,0.26416946944665676
5,2020-05-08,2.171420047904067,1.0356547393255944,1.0946244692293745,0.2818816807147069
5,2020-05-11,2.171420047904067,1.0356547393255944,1.0946244692293745,0.2830031994058595
5,2020-05-12,2.171420047904067,1.0356547393255944,1.0946244692293745,0.2911035288982231
5,2020-05-13,2.2301150177954576,1.0636491956728433,1.0975833140795825,0.2992633600279607
5,2020-05-14,2.2301150177954576,1.0636491956728433,1.0975833140795825,0.31027523243356525
5,2020-05-15,2.4073756123412275,1.0636491956728433,1.1063074502458683,0.3352477209308419
5,2020-05-18,2.4073756123412275,1.0636491956728433,1.1063074502458683,0.35274588235006776
5,2020-05-19,2.4073756123412275,1.0636491956728433,1.1063074502458683,0.3703953951400687
5,2020-05-20,2.4073756123412275,1.0636491956728433,1.1063074502458683,0.39655022341949486
5,2020-05-21,2.4739421718431753,1.0636491956728433,1.1093665109232598,0.4079118195241813
5,2020-05-22,2.4739421718431753,1.0636491956728433,1.1093665109232598,0.4182895648335043
5,2020-05-26,2.6357823614646,1.0636491956728433,1.1166237576176605,0.44607149420358083
5,2020-05-27,2.7691220191638624,1.0636491956728433,1.1222725635204693,0.4690835488442284
5,2020-05-28,2.8538764564957493,1.0962042757573918,1.1257074999008787,0.48390985896842653
5,2020-05-29,2.8538764564957493,1.0962042757573918,1.1257074999008787,0.5003849061183535
5,2020-06-01,2.8296037148968547,1.0962042757573918,1.1247500650687283,0.4966294258139954
5,2020-06-02,2.8249081531977196,1.0962042757573918,1.1245634193805412,0.49630192778399684
5,2020-06-03,2.8249081531977196,1.0962042757573918,1.1245634193805412,0.49670214784988587
5,2020-06-04,2.8249081531977196,1.0962042757573918,1.1245634193805412,0.4840088029323195
5,2020-06-05,2.8249081531977196,1.0962042757573918,1.1245634193805412,0.48314628910474755
5,2020-06-08,2.8249081531977196,1.0962042757573918,1.1245634193805412,0.47293181773806947
5,2020-06-09,2.8249081531977196,1.0962042757573918,1.1245634193805412,0.4645438715532253
5,2020-06-10,2.8249081531977196,1.0962042757573918,1.1245634193805412,0.4498833298414656
5,2020-06-11,2.8249081531977196,1.0962042757573918,1.1245634193805412,0.43866699545303744
5,2020-06-12,2.8249081531977196,1.0962042757573918,1.1245634193805412,0.45573405548136403
5,2020-06-15,2.8249081531977196,1.0962042757573918,1.1245634193805412,0.47184266302652045
5,2020-06-16,2.872276321158022,1.1145854709810665,1.1264490916234045,0.48022638151027985
5,2020-06-17,2.931469785720099,1.1145854709810665,1.1287705404302208,0.49060337969132317
5,2020-06-18,3.0997719489569135,1.1145854709810665,1.1352510617263232,0.5192606080505924
5,2020-06-19,3.331739876993601,1.1145854709810665,1.1437465846527346,0.5586381489915233
5,2020-06-22,3.7149027868538065,1.1145854709810665,1.1569001106090784,0.6234423244961078
5,2020-06-23,4.139387966960129,1.1145854709810665,1.1701194861888315,0.6953037083183311
5,2020-06-24,4.493406285942278,1.1145854709810665,1.1801268529013806,0.755464385160465
5,2020-06-25,4.908477530260681,1.1145854709810665,1.1910280866228848,0.8260046681069487
5,2020-06-26,4.908477530260681,1.1145854709810665,1.1910280866228848,0.8663527244624385
5,2020-06-29,4.908477530260681,1.1145854709810665,1.1910280866228848,0.9151395987322889
5,2020-06-30,5.115264436138215,1.161541310028778,1.1960457119726522,0.9546082174701644
5,2020-07-01,5.456985764529453,1.161541310028778,1.2040358038753203,1.019334697550699
5,2020-07-02,5.456985764529453,1.161541310028778,1.2040358038753203,1.0560036708048968
5,2020-07-03,5.456985764529453,1.161541310028778,1.2040358038753203,1.0565318035600257
5,2020-07-06,5.456985764529453,1.161541310028778,1.2040358038753203,1.030716028734172
5,2020-07-07,5.456985764529453,1.161541310028778,1.2040358038753203,1.0103506095995207
5,2020-07-08,5.456985764529453,1.161541310028778,1.2040358038753203,0.9976239200472103
5,2020-07-09,5.456985764529453,1.161541310028778,1.2040358038753203,0.9826211402614384
5,2020-07-10,5.456985764529453,1.161541310028778,1.2040358038753203,0.9539031470678909
5,2020-07-13,5.456985764529453,1.161541310028778,1.2040358038753203,0.9482313114985242
5,2020-07-14,5.456985764529453,1.161541310028778,1.2040358038753203,1.0083921457545588
5,2020-07-15,5.456985764529453,1.161541310028778,1.2040358038753203,1.0274189054641834
5,2020-07-16,5.456985764529453,1.161541310028778,1.2040358038753203,1.0479925696411705
5,2020-07-17,5.456985764529453,1.161541310028778,1.2040358038753203,1.0863978852829
5,2020-07-20,5.456985764529453,1.161541310028778,1.2040358038753203,1.1091552132491709
5,2020-07-21,5.456985764529453,1.161541310028778,1.2040358038753203,1.1214428324445471
5,2020-07-22,5.622265969914722,1.1967218647468982,1.2076825659073795,1.1565303345031435
5,2020-07-23,5.622265969914722,1.1967218647468982,1.2076825659073795,1.2294527625465153
5,2020-07-24,5.976147145011052,1.1967218647468982,1.215284058399083,1.3080674174079212
5,2020-07-27,6.175983564918514,1.1967218647468982,1.2193478474843937,1.35311595897189
5,2020-07-28,6.175983564918514,1.1967218647468982,1.2193478474843937,1.3356289393742966
5,2020-07-29,6.175983564918514,1.1967218647468982,1.2193478474843937,1.3246554566238176
5,2020-07-30,6.175983564918514,1.1967218647468982,1.2193478474843937,1.310098455584612
5,2020-07-31,6.175983564918514,1.1967218647468982,1.2193478474843937,1.2875590646041577
5,2020-08-03,6.175983564918514,1.1967218647468982,1.2193478474843937,1.287130668383725
5,2020-08-04,6.224849931322892,1.1967218647468982,1.2203126346808497,1.2986019904752901
5,2020-08-05,6.210635943571107,1.193989238239356,1.220033985250999,1.2969353301717816
5,2020-08-06,6.055758602820955,1.193989238239356,1.2169915332222967,1.265890022793322
5,2020-08-07,5.926363613757841,1.193989238239356,1.214391155359516,1.240107307282509
5,2020-08-10,5.830352913528732,1.193989238239356,1.2124237677205354,1.2212569208753952
5,2020-08-11,5.729263709204367,1.193989238239356,1.2103216144581073,1.2013034921060695
5,2020-08-12,5.713762711459867,1.193989238239356,1.2099941519154827,1.1992545694492762
5,2020-08-13,5.692715477549065,1.193989238239356,1.2095484380972488,1.1960362461954162
5,2020-08-14,5.677882899565496,1.193989238239356,1.2092332858363684,1.194115966342057
5,2020-08-17,5.681906092636219,1.193989238239356,1.2093189688112118,1.196156200336264
5,2020-08-18,5.61764678916764,1.193989238239356,1.2079512940672055,1.183824472932039
5,2020-08-19,5.633313278145651,1.1973190344944018,1.2082881674297488,1.188309746170467
5,2020-08-20,5.74432932141841,1.1973190344944018,1.2106693481817892,1.2129161474888015
5,2020-08-21,5.841280779790358,1.1973190344944018,1.2127126878363383,1.2346003811395299
5,2020-08-24,6.0405766425151874,1.1973190344944018,1.2168502842038316,1.277957720925851
5,2020-08-25,6.318835081470775,1.1973190344944018,1.2224556904516735,1.3381046478728675
5,2020-08-26,6.520433266232802,1.1973190344944018,1.226355853139409,1.3821340816272456
5,2020-08-27,6.7538905398764095,1.1973190344944018,1.2307466916358853,1.4330020767447658
5,2020-08-28,7.1561023514611355,1.1973190344944018,1.2380761094510258,1.519774093111004
5,2020-08-31,7.8912657382032645,1.1973190344944018,1.2507951593047872,1.677423868495433
5,2020-09-01,8.744216747185048,1.1973190344944018,1.2643147520868885,1.8604106575012216
5,2020-09-02,9.653651413474874,1.321845160511167,1.277464147829161,2.055761462368282
5,2020-09-03,9.653651413474874,1.321845160511167,1.277464147829161,2.200098312866382
5,2020-09-04,9.653651413474874,1.321845160511167,1.277464147829161,2.354954791528299
5,2020-09-07,10.217521012489554,1.321845160511167,1.284925813534084,2.494862611771676
5,2020-09-08,10.217521012489554,1.321845160511167,1.284925813534084,2.68052705707989
5,2020-09-09,10.217521012489554,1.321845160511167,1.284925813534084,2.841521119411836
5,2020-09-10,10.212125262443926,1.321845160511167,1.2848579581461819,2.8428620673794063
5,2020-09-11,10.212125262443926,1.321845160511167,1.2848579581461819,2.900579015780755
5,2020-09-14,10.212125262443926,1.321845160511167,1.2848579581461819,2.824787381984757
5,2020-09-15,10.212125262443926,1.321845160511167,1.2848579581461819,2.8213859360193854
5,2020-09-16,10.212125262443926,1.321845160511167,1.2848579581461819,2.8093249325226126
5,2020-09-17,10.212125262443926,1.321845160511167,1.2848579581461819,2.8806725063320893
5,2020-09-18,10.212125262443926,1.321845160511167,1.2848579581461819,3.181568275844415
5,2020-09-21,10.212125262443926,1.321845160511167,1.2848579581461819,3.5029127308781276
5,2020-09-22,10.212125262443926,1.321845160511167,1.2848579581461819,3.7986460692784703
5,2020-09-23,10.212125262443926,1.321845160511167,1.2848579581461819,4.350172941656446
5,2020-09-24,10.212125262443926,1.321845160511167,1.2848579581461819,5.246786906987549
5,2020-09-25,10.212125262443926,1.321845160511167,1.2848579581461819,6.129879307874439
5,2020-09-28,10.212125262443926,1.321845160511167,1.2848579581461819,7.141083257757615
5,2020-09-29,10.212125262443926,1.321845160511167,1.2848579581461819,8.062847213371898
5,2020-09-30,10.212125262443926,1.321845160511167,1.2848579581461819,8.866123431143226
5,2020-10-01,10.212125262443926,1.321845160511167,1.2848579581461819,9.708835041018633
5,2020-10-05,10.212125262443926,1.321845160511167,1.2848579581461819,9.729466943035943
5,2020-10-06,10.212125262443926,1.321845160511167,1.2848579581461819,9.818004449611577
5,2020-10-07,10.212125262443926,1.321845160511167,1.2848579581461819,9.600719535988029
5,2020-10-08,10.212125262443926,1.321845160511167,1.2848579581461819,9.07561365117647
5,2020-10-09,10.212125262443926,1.321845160511167,1.2848579581461819,8.66860755591034
5,2020-10-12,10.212125262443926,1.321845160511167,1.2848579581461819,8.234258094885627
5,2020-10-13,10.212125262443926,1.321845160511167,1.2848579581461819,7.662108489151182
5,2020-10-14,10.212125262443926,1.321845160511167,1.2848579581461819,7.151046343885772
5,2020-10-15,10.212125262443926,1.321845160511167,1.2848579581461819,6.869371957983435
5,2020-10-16,10.212125262443926,1.321845160511167,1.2848579581461819,6.624632218579557
5,2020-10-19,10.212125262443926,1.321845160511167,1.2848579581461819,6.36334104580002
5,2020-10-20,10.212125262443926,1.321845160511167,1.2848579581461819,6.11847228902481
5,2020-10-21,10.212125262443926,1.321845160511167,1.2848579581461819,6.067587930274725
5,2020-10-22,10.212125262443926,1.321845160511167,1.2848579581461819,6.100638752535572
5,2020-10-23,10.280400328471949,1.3306826026001923,1.2857169738718475,6.1475263482572196
5,2020-10-26,10.280400328471949,1.3306826026001923,1.2857169738718475,6.235341955941731
5,2020-10-27,10.346144414086764,1.3306826026001923,1.2865392014515709,6.2814528710554365
5,2020-10-28,10.594629822021094,1.3306826026001923,1.2896291082371452,6.4385972267252685
5,2020-10-29,10.594629822021094,1.3306826026001923,1.2896291082371452,6.532511376282348
5,2020-10-30,10.552229636362851,1.3306826026001923,1.2891129928604108,6.512900482950591
5,2020-11-02,10.808055765237334,1.3306826026001923,1.2922382924227787,6.677310830296941
5,2020-11-03,10.9304193638007,1.3306826026001923,1.2937013023396113,6.759585436299348
5,2020-11-04,10.9304193638007,1.3306826026001923,1.2937013023396113,6.69206983384368
5,2020-11-05,10.720879640209667,1.3306826026001923,1.2912212345189806,6.570472730447861
5,2020-11-06,10.720879640209667,1.3306826026001923,1.2912212345189806,6.455927310349129
5,2020-11-09,10.720879640209667,1.3306826026001923,1.2912212345189806,6.450362849446331
5,2020-11-10,10.720879640209667,1.3306826026001923,1.2912212345189806,6.626739833239714
5,2020-11-11,10.720879640209667,1.3306826026001923,1.2912212345189806,6.66002392659619
5,2020-11-12,10.909039388016295,1.3540371137334806,1.2934874278725412,6.783572532847168
5,2020-11-13,10.909039388016295,1.3540371137334806,1.2934874278725412,6.841785876900278
5,2020-11-14,10.909039388016295,1.3540371137334806,1.2934874278725412,6.986418027949846
5,2020-11-17,10.909039388016295,1.3540371137334806,1.2934874278725412,7.205230838905977
5,2020-11-18,10.909039388016295,1.3540371137334806,1.2934874278725412,7.432361780394216
5,2020-11-19,10.909039388016295,1.3540371137334806,1.2934874278725412,7.687868135989574
5,2020-11-20,11.21573379489608,1.3540371137334806,1.297123910842193,7.91169108937674
5,2020-11-23,11.505265019478868,1.3540371137334806,1.3004724021777547,8.12384100968215
5,2020-11-24,11.868878599507203,1.3540371137334806,1.3045824285446685,8.388711558230545
5,2020-11-25,12.221692246340758,1.3540371137334806,1.308460423254539,8.646462658348131
5,2020-11-26,12.221692246340758,1.3540371137334806,1.308460423254539,8.846685817916935
5,2020-11-27,12.221692246340758,1.3540371137334806,1.308460423254539,9.236420197717347
5,2020-12-01,12.221692246340758,1.3540371137334806,1.308460423254539,9.354127985645773
5,2020-12-02,12.221692246340758,1.3540371137334806,1.308460423254539,9.57407068537611
5,2020-12-03,12.221692246340758,1.3540371137334806,1.308460423254539,10.029019705640918
5,2020-12-04,12.807437302390236,1.4189316086275372,1.3147314388267666,10.519706280061277
5,2020-12-07,13.180345100158407,1.4189316086275372,1.3185594771293079,10.836523054946431
5,2020-12-08,13.521492603576181,1.4189316086275372,1.3219723109383794,11.1278418231802
5,2020-12-09,13.521492603576181,1.4189316086275372,1.3219723109383794,11.51562165251501
5,2020-12-10,13.521492603576181,1.4189316086275372,1.3219723109383794,12.032817725021385
5,2020-12-11,13.521492603576181,1.4189316086275372,1.3219723109383794,12.6630743756177
5,2020-12-14,13.521492603576181,1.4189316086275372,1.3219723109383794,13.264159883265442
5,2020-12-15,14.231405594090576,1.4189316086275372,1.3289130041306922,13.973826406812284
5,2020-12-16,14.462691724021361,1.4189316086275372,1.331072728577501,14.214900234591996
5,2020-12-17,14.462691724021361,1.4189316086275372,1.331072728577501,14.665908790096836
5,2020-12-18,14.462691724021361,1.4189316086275372,1.331072728577501,15.58066961060853
5,2020-12-21,14.462691724021361,1.4189316086275372,1.331072728577501,17.088102680485864
5,2020-12-22,14.462691724021361,1.4189316086275372,1.331072728577501,18.15294876571022
5,2020-12-23,14.462691724021361,1.4189316086275372,1.331072728577501,18.927121238683423
5,2020-12-24,14.462691724021361,1.4189316086275372,1.331072728577501,20.303383519584482
5,2020-12-28,14.462691724021361,1.4189316086275372,1.331072728577501,22.015663186787428
5,2020-12-29,14.462691724021361,1.4189316086275372,1.331072728577501,23.851366803801117
5,2020-12-30,14.462691724021361,1.4189316086275372,1.331072728577501,25.89807607867718
5,2020-12-31,14.462691724021361,1.4189316086275372,1.331072728577501,29.407693526993768
5,2021-01-01,14.462691724021361,1.4189316086275372,1.331072728577501,32.47173866211914
5,2021-01-04,14.462691724021361,1.4189316086275372,1.331072728577501,34.41932774525443
5,2021-01-05,14.462691724021361,1.4189316086275372,1.331072728577501,36.28551577701903
5,2021-01-06,14.462691724021361,1.4189316086275372,1.331072728577501,39.34508155816951
5,2021-01-07,14.462691724021361,1.4189316086275372,1.331072728577501,42.47226886958096
5,2021-01-08,14.462691724021361,1.4189316086275372,1.331072728577501,44.951827947265954
5,2021-01-11,14.462691724021361,1.4189316086275372,1.331072728577501,46.5771398233954
5,2021-01-12,14.462691724021361,1.4189316086275372,1.331072728577501,47.841749822294624
5,2021-01-13,14.462691724021361,1.4189316086275372,1.331072728577501,48.41119678827041
5,2021-01-14,14.462691724021361,1.4189316086275372,1.331072728577501,46.335922760432304
5,2021-01-15,14.462691724021361,1.4189316086275372,1.331072728577501,44.98884415529213
5,2021-01-18,14.462691724021361,1.4189316086275372,1.331072728577501,44.73330041516246
5,2021-01-19,14.462691724021361,1.4189316086275372,1.331072728577501,43.901248910172505
5,2021-01-20,14.462691724021361,1.4189316086275372,1.331072728577501,42.30444054593126
5,2021-01-21,14.462691724021361,1.4189316086275372,1.331072728577501,40.80678771823365
5,2021-01-22,14.462691724021361,1.4189316086275372,1.331072728577501,39.707273928294384
5,2021-01-25,14.462691724021361,1.4189316086275372,1.331072728577501,38.32711475517085
5,2021-01-27,14.462691724021361,1.4189316086275372,1.331072728577501,37.76590909988902
5,2021-01-28,14.462691724021361,1.4189316086275372,1.331072728577501,37.8775563419168
5,2021-01-29,14.462691724021361,1.4189316086275372,1.331072728577501,38.8447795432345
5,2021-02-01,14.462691724021361,1.4189316086275372,1.331072728577501,38.85096629818933
5,2021-02-02,14.462691724021361,1.4189316086275372,1.331072728577501,37.703066308448975
5,2021-02-03,14.462691724021361,1.4189316086275372,1.331072728577501,36.20733894360967
5,2021-02-04,14.462691724021361,1.4189316086275372,1.331072728577501,34.71859773569038
5,2021-02-05,14.462691724021361,1.4189316086275372,1.331072728577501,33.77201332949941
5,2021-02-08,14.462691724021361,1.4189316086275372,1.331072728577501,31.085780825087166
5,2021-02-09,14.462691724021361,1.4189316086275372,1.331072728577501,29.161083239896257
5,2021-02-10,13.25459473710504,1.3004054702202517,1.3199540171823732,26.754361883712964
5,2021-02-11,13.25459473710504,1.3004054702202517,1.3199540171823732,24.996051608437543
5,2021-02-12,13.25459473710504,1.3004054702202517,1.3199540171823732,22.67333342224983
5,2021-02-15,13.25459473710504,1.3004054702202517,1.3199540171823732,21.11609103114108
5,2021-02-16,12.804537336690137,1.3004054702202517,1.3154721368576787,20.42021401714761
5,2021-02-17,12.804537336690137,1.3004054702202517,1.3154721368576787,20.32718645958185
5,2021-02-18,12.804537336690137,1.3004054702202517,1.3154721368576787,20.276323473968844
5,2021-02-19,12.804537336690137,1.3004054702202517,1.3154721368576787,19.855199269802412
5,2021-02-22,13.001646798602776,1.3004054702202517,1.3174971378260003,20.180699846279623
5,2021-02-23,13.29730447871928,1.3004054702202517,1.3204931286674961,20.659790020602607
5,2021-02-24,13.838117229276353,1.3532940733438987,1.3258636872055012,21.520701147640782
5,2021-02-25,13.838117229276353,1.3532940733438987,1.3258636872055012,21.970829616672194
5,2021-02-26,14.645921090647759,1.3532940733438987,1.3336034525827651,23.275353607808015
5,2021-03-01,15.562109555171475,1.3532940733438987,1.3419459261762186,24.754639160514945
5,2021-03-02,16.09835230702239,1.3532940733438987,1.346570034326445,25.632394851843205
5,2021-03-03,16.09835230702239,1.3532940733438987,1.346570034326445,25.44302719196864
5,2021-03-04,16.09835230702239,1.3532940733438987,1.346570034326445,25.44719859040116
5,2021-03-05,16.09835230702239,1.3532940733438987,1.346570034326445,26.475896773857688
5,2021-03-08,16.09835230702239,1.3532940733438987,1.346570034326445,27.67028289068658
5,2021-03-09,16.09835230702239,1.3532940733438987,1.346570034326445,28.30650256951159
5,2021-03-10,16.09835230702239,1.3532940733438987,1.346570034326445,28.250277127235073
5,2021-03-12,16.09835230702239,1.3532940733438987,1.346570034326445,28.3320370367772
5,2021-03-15,16.09835230702239,1.3532940733438987,1.346570034326445,29.185838858533486
5,2021-03-16,16.09835230702239,1.3532940733438987,1.346570034326445,29.822099133651555
5,2021-03-17,16.09835230702239,1.3532940733438987,1.346570034326445,30.320739246859734
5,2021-03-18,16.09835230702239,1.3532940733438987,1.346570034326445,32.341788040719344
5,2021-03-19,16.09835230702239,1.3532940733438987,1.346570034326445,34.61616796524495
5,2021-03-22,16.09835230702239,1.3532940733438987,1.346570034326445,36.18402442273523
5,2021-03-23,16.09835230702239,1.3532940733438987,1.346570034326445,38.19610297914741
5,2021-03-24,16.09835230702239,1.3532940733438987,1.346570034326445,40.657780638872865
5,2021-03-25,16.09835230702239,1.3532940733438987,1.346570034326445,43.068181318008655
5,2021-03-26,16.09835230702239,1.3532940733438987,1.346570034326445,43.59129652883202
5,2021-03-30,16.09835230702239,1.3532940733438987,1.346570034326445,44.42487839794179
5,2021-03-31,16.09835230702239,1.3532940733438987,1.346570034326445,44.66672168693681
5,2021-04-01,16.09835230702239,1.3532940733438987,1.346570034326445,44.62156170955737
5,2021-04-05,16.09835230702239,1.3532940733438987,1.346570034326445,43.321725982034984
5,2021-04-06,16.09835230702239,1.3532940733438987,1.346570034326445,41.38567192356851
5,2021-04-07,16.09835230702239,1.3532940733438987,1.346570034326445,39.33751625844916
5,2021-04-08,16.09835230702239,1.3532940733438987,1.346570034326445,36.76964105210215
5,2021-04-09,16.09835230702239,1.3532940733438987,1.346570034326445,34.664012574364946
5,2021-04-12,16.09835230702239,1.3532940733438987,1.346570034326445,33.35659190217036
5,2021-04-13,16.09835230702239,1.3532940733438987,1.346570034326445,33.47694827358438
5,2021-04-15,16.09835230702239,1.3532940733438987,1.346570034326445,31.57063523789065
5,2021-04-16,16.09835230702239,1.3532940733438987,1.346570034326445,30.007987777707292
5,2021-04-19,16.09835230702239,1.3532940733438987,1.346570034326445,28.944544029272883
5,2021-04-20,16.09835230702239,1.3532940733438987,1.346570034326445,28.49489502369495
5,2021-04-22,16.09835230702239,1.3532940733438987,1.346570034326445,28.42774090741634
5,2021-04-23,16.09835230702239,1.3532940733438987,1.346570034326445,28.641668021449778
5,2021-04-26,16.09835230702239,1.3532940733438987,1.346570034326445,29.054555386606943
5,2021-04-27,16.09835230702239,1.3532940733438987,1.346570034326445,28.967355519660845
5,2021-04-28,16.09835230702239,1.3532940733438987,1.346570034326445,28.628919348149942
5,2021-04-29,16.09835230702239,1.3532940733438987,1.346570034326445,28.043061517014543
5,2021-04-30,16.2630901523778,1.3671426179354884,1.3479480079342057,28.358075160574728
5,2021-05-03,16.52421555876456,1.3671426179354884,1.3501123166114752,28.841759611674306
5,2021-05-04,16.682428928834177,1.3671426179354884,1.3514050001813789,29.146750757662176
5,2021-05-05,16.682428928834177,1.3671426179354884,1.3514050001813789,28.810627233005512
5,2021-05-06,16.499804457166963,1.3671426179354884,1.349925601556518,28.524044604299956
5,2021-05-07,16.499804457166963,1.3671426179354884,1.349925601556518,28.056065047719496
5,2021-05-10,16.499804457166963,1.3671426179354884,1.349925601556518,27.77510302292116
5,2021-05-11,16.499804457166963,1.3671426179354884,1.349925601556518,28.094427769903298
5,2021-05-12,16.977079841307077,1.3671426179354884,1.3538304130451388,28.935185089581168
5,2021-05-14,17.47250345335577,1.3671426179354884,1.357781148740569,29.80850423506768
5,2021-05-17,17.963880238095538,1.4055905796528934,1.3615996177826817,30.676613158474574
5,2021-05-18,18.31929120113378,1.4055905796528934,1.3642935092193569,31.314219036407575
5,2021-05-19,18.31929120113378,1.4055905796528934,1.3642935092193569,31.796327460892627
5,2021-05-20,18.787390998198045,1.4055905796528934,1.3677795912286985,32.640592691676126
5,2021-05-21,19.15435347918038,1.4055905796528934,1.3704511904533192,33.310781780378775
5,2021-05-24,19.76735775414886,1.4055905796528934,1.3748370990630598,34.41015055550826
5,2021-05-25,20.294461282751133,1.4055905796528934,1.3785031504149021,35.362119441182884
5,2021-05-26,20.54242509550823,1.4055905796528934,1.3801874468951691,35.82954653843455
5,2021-05-27,20.75960664731926,1.4055905796528934,1.3816466283214768,36.24417831897039
5,2021-05-28,20.75960664731926,1.4055905796528934,1.3816466283214768,37.74532035383449
5,2021-05-31,21.50900041385358,1.456330501491791,1.3866341860744122,39.145620768297356
5,2021-06-01,22.236179264825847,1.456330501491791,1.3913221354665142,40.50820620417449
5,2021-06-02,22.236179264825847,1.456330501491791,1.3913221354665142,42.38382176102535
5,2021-06-03,23.463345597376943,1.456330501491791,1.3990005394856724,44.76527644970692
5,2021-06-04,24.585901452462952,1.456330501491791,1.4056937718738263,46.951744961725055
5,2021-06-07,25.25567222854598,1.456330501491791,1.4095231722736585,48.277759291488465
5,2021-06-08,26.027906358283452,1.456330501491791,1.4138330235040495,49.8022097336832
5,2021-06-09,26.49921582619946,1.456330501491791,1.4163931713732527,50.75382297068584
5,2021-06-10,27.764397247150416,1.456330501491791,1.4231556142203785,53.227772796357065
5,2021-06-11,27.764397247150416,1.456330501491791,1.4231556142203785,54.96745500182618
5,2021-06-14,27.764397247150416,1.456330501491791,1.4231556142203785,55.980786549199514
5,2021-06-15,28.401226256192242,1.4897341983862948,1.4264198910258448,57.32079264723527
5,2021-06-16,28.401226256192242,1.4897341983862948,1.4264198910258448,58.570719770241595
5,2021-06-17,28.401226256192242,1.4897341983862948,1.4264198910258448,58.98999626622327
5,2021-06-18,28.401226256192242,1.4897341983862948,1.4264198910258448,59.49360910386677
5,2021-06-21,28.401226256192242,1.4897341983862948,1.4264198910258448,60.364263218048315
5,2021-06-22,28.401226256192242,1.4897341983862948,1.4264198910258448,59.65295703273199
5,2021-06-23,28.401226256192242,1.4897341983862948,1.4264198910258448,59.90079553912144
5,2021-06-24,28.401226256192242,1.4897341983862948,1.4264198910258448,57.857107130104076
5,2021-06-25,28.401226256192242,1.4897341983862948,1.4264198910258448,54.9024698025765
5,2021-06-28,28.401226256192242,1.4897341983862948,1.4264198910258448,52.538872162486356
5,2021-06-29,28.401226256192242,1.4897341983862948,1.4264198910258448,50.12804514766933
5,2021-06-30,27.259101799559065,1.4298261561591097,1.4206836984112268,48.16232832013716
5,2021-07-01,26.101586858962637,1.4298261561591097,1.4146509882402725,46.16535302747483
5,2021-07-02,25.050009073630548,1.4298261561591097,1.4089516583057755,44.35161384833642
5,2021-07-05,25.050009073630548,1.4298261561591097,1.4089516583057755,42.53000716429523
5,2021-07-06,24.591116226229236,1.4298261561591097,1.4063705900257988,41.79342703100986
5,2021-07-07,24.12650745167907,1.4298261561591097,1.4037134836529765,41.045602258586456
5,2021-07-08,23.764381033512368,1.4298261561591097,1.4016065822003496,40.47057456647509
5,2021-07-09,23.764381033512368,1.4298261561591097,1.4016065822003496,40.33685819562084
5,2021-07-12,23.665075034232157,1.4298261561591097,1.4010208823580232,40.20863640272887
5,2021-07-13,23.7175082213068,1.4298261561591097,1.4013312975581182,40.33793273276751
5,2021-07-14,23.55544995858033,1.420056363282645,1.4003737883903444,40.102647474410716
5,2021-07-15,23.270816912568883,1.420056363282645,1.398681642166668,39.65816847628566
5,2021-07-16,23.42673060751586,1.420056363282645,1.3996187541885794,39.96353504705821
5,2021-07-19,24.14113482344691,1.420056363282645,1.4038869278208304,41.22219693141599
5,2021-07-20,24.630193500098486,1.420056363282645,1.4067309659661362,42.09851131549549
5,2021-07-22,25.123230047504933,1.420056363282645,1.4095468990954756,42.983319595610006
5,2021-07-23,25.85621748317514,1.420056363282645,1.4136593486693212,44.28037069022517
5,2021-07-26,26.842355775108338,1.420056363282645,1.4190509478712512,46.01347384201406
5,2021-07-27,28.088499911658978,1.420056363282645,1.425638827239858,48.19564187363615
5,2021-07-28,29.346343484190765,1.420056363282645,1.4320230437029486,50.40210793028669
5,2021-07-29,30.749051951241675,1.487932795163815,1.4388678857170696,52.86165050197231
5,2021-07-30,33.59133343294877,1.487932795163815,1.4521680276293523,57.800766549926095
5,2021-08-02,36.20329235437092,1.487932795163815,1.4634596402196702,62.35297740461599
5,2021-08-03,39.12240533850787,1.487932795163815,1.4752596831431417,67.44292246286727
5,2021-08-04,42.50804059831032,1.487932795163815,1.4880265137032713,73.34684538544035
5,2021-08-05,46.03230209945625,1.487932795163815,1.5003634609751655,79.50124089324486
5,2021-08-06,46.03230209945625,1.487932795163815,1.5003634609751655,87.3701739063309
5,2021-08-09,50.01082330998311,1.487932795163815,1.5133309372488748,95.00885205746447
5,2021-08-10,50.01082330998311,1.487932795163815,1.5133309372488748,104.27349346447728
5,2021-08-11,50.01082330998311,1.487932795163815,1.5133309372488748,114.48975621996873
5,2021-08-12,50.01082330998311,1.487932795163815,1.5133309372488748,127.07363479408559
5,2021-08-13,50.01082330998311,1.487932795163815,1.5133309372488748,135.80229367963824
5,2021-08-16,50.01082330998311,1.487932795163815,1.5133309372488748,148.06104191014495
5,2021-08-17,50.01082330998311,1.487932795163815,1.5133309372488748,154.8076590128431
5,2021-08-18,50.01082330998311,1.487932795163815,1.5133309372488748,166.81644059827605
5,2021-08-20,50.01082330998311,1.487932795163815,1.5133309372488748,180.0581861907404
5,2021-08-23,50.01082330998311,1.487932795163815,1.5133309372488748,190.68129758287583
5,2021-08-24,50.01082330998311,1.487932795163815,1.5133309372488748,201.37848850277024
5,2021-08-25,50.01082330998311,1.487932795163815,1.5133309372488748,207.7159340576284
5,2021-08-26,50.01082330998311,1.487932795163815,1.5133309372488748,214.4788461282823
5,2021-08-27,50.01082330998311,1.487932795163815,1.5133309372488748,221.6970481176008
5,2021-08-30,50.01082330998311,1.487932795163815,1.5133309372488748,232.75403946319923
5,2021-08-31,50.01082330998311,1.487932795163815,1.5133309372488748,243.08719512832067
5,2021-09-01,50.01082330998311,1.487932795163815,1.5133309372488748,255.4118556333593
5,2021-09-02,50.01082330998311,1.487932795163815,1.5133309372488748,254.81939050725703
5,2021-09-03,50.01082330998311,1.487932795163815,1.5133309372488748,253.58908062680547
5,2021-09-06,50.01082330998311,1.487932795163815,1.5133309372488748,254.30994979881592
5,2021-09-07,50.01082330998311,1.487932795163815,1.5133309372488748,257.39227257436124
5,2021-09-08,50.01082330998311,1.487932795163815,1.5133309372488748,263.8779795259015
5,2021-09-09,50.01082330998311,1.487932795163815,1.5133309372488748,269.4389569382517
5,2021-09-13,50.01082330998311,1.487932795163815,1.5133309372488748,268.8503689945277
5,2021-09-14,50.01082330998311,1.487932795163815,1.5133309372488748,261.4647498042712
5,2021-09-15,50.01082330998311,1.487932795163815,1.5133309372488748,250.71073750677417
5,2021-09-16,50.01082330998311,1.487932795163815,1.5133309372488748,242.50529690117529
5,2021-09-17,50.01082330998311,1.487932795163815,1.5133309372488748,236.31887967962942
5,2021-09-20,50.01082330998311,1.487932795163815,1.5133309372488748,233.21617372411495
5,2021-09-21,49.57695661330834,1.4750242996825396,1.5120180536543573,231.42613324642113
5,2021-09-22,49.57695661330834,1.4750242996825396,1.5120180536543573,228.35515215330472
5,2021-09-23,49.57695661330834,1.4750242996825396,1.5120180536543573,229.7509205963151
5,2021-09-24,49.57695661330834,1.4750242996825396,1.5120180536543573,233.5699059239774
5,2021-09-27,47.571798995841476,1.4750242996825396,1.5059026429370754,224.3566580325225
5,2021-09-28,47.571798995841476,1.4750242996825396,1.5059026429370754,216.8586220132912
5,2021-09-29,45.80923925745665,1.4750242996825396,1.5003231958184156,209.04075661497365
5,2021-09-30,43.772382213644086,1.4750242996825396,1.4936521750397838,199.95503185142536
5,2021-10-01,42.75405122123464,1.4750242996825396,1.4901773074981934,195.50318600507248
5,2021-10-04,41.134631542247355,1.4750242996825396,1.4845328775833406,188.29350307004677
5,2021-10-05,38.68495442158976,1.387182664936517,1.4756920879889452,177.26841580014383
5,2021-10-06,35.82019483673262,1.387182664936517,1.4647640589487847,164.3183224069693
5,2021-10-07,32.15855812121302,1.387182664936517,1.4497908465409048,147.68557959946455
5,2021-10-08,28.50905745612727,1.387182664936517,1.4333379550936478,131.07322827254956
5,2021-10-11,28.50905745612727,1.387182664936517,1.4333379550936478,123.85381633573958
5,2021-10-12,27.20761632347719,1.387182664936517,1.4267947539561914,118.32373188129687
5,2021-10-13,25.44197026172537,1.387182664936517,1.4175355284941022,110.76340310925717
5,2021-10-14,23.91105323957132,1.387182664936517,1.409005806747888,104.20921181321047
5,2021-10-18,23.91105323957132,1.387182664936517,1.409005806747888,99.33040962696883
5,2021-10-19,22.900539717504177,1.387182664936517,1.4030511572135316,95.23190228035651
5,2021-10-20,22.900539717504177,1.387182664936517,1.4030511572135316,92.15500830986672
5,2021-10-21,22.72302343577866,1.3764297520448876,1.4019635652721554,91.5328127124986
5,2021-10-22,22.725628039957922,1.3764297520448876,1.4019796351414295,91.63483738370888
5,2021-10-25,22.785855721172293,1.3764297520448876,1.402351189152548,91.96932376140528
5,2021-10-26,22.774192257069224,1.3764297520448876,1.4022794065828927,92.01421647240302
5,2021-10-27,22.741302408957278,1.3764297520448876,1.4020768933338061,91.97334634462484
5,2021-10-28,23.412435515240556,1.3764297520448876,1.4062146520415064,94.77960388267974
5,2021-10-29,24.460851639089896,1.3764297520448876,1.4125117248677563,99.11864354476822
5,2021-11-01,24.999291542858114,1.3764297520448876,1.4156209897798326,101.39959271814595
5,2021-11-02,25.244791098598757,1.3764297520448876,1.4170111664714091,102.49676272787411
5,2021-11-03,25.244791098598757,1.3764297520448876,1.4170111664714091,102.011022466475
5,2021-11-04,25.244791098598757,1.3764297520448876,1.4170111664714091,100.55004630139332
5,2021-11-08,25.244791098598757,1.3764297520448876,1.4170111664714091,99.44486414948307
5,2021-11-09,25.244791098598757,1.3764297520448876,1.4170111664714091,97.67478972841319
5,2021-11-10,25.244791098598757,1.3764297520448876,1.4170111664714091,96.59832496337005
5,2021-11-11,25.244791098598757,1.3764297520448876,1.4170111664714091,95.4532281676006
5,2021-11-12,25.244791098598757,1.3764297520448876,1.4170111664714091,94.80217251993732
5,2021-11-15,25.244791098598757,1.3764297520448876,1.4170111664714091,94.15784574709737
5,2021-11-16,25.244791098598757,1.3764297520448876,1.4170111664714091,94.72442761273997
5,2021-11-17,26.08686786905211,1.4223425708846602,1.4217378135729763,97.97882326819686
5,2021-11-18,27.297312215558247,1.4223425708846602,1.4283347515698717,102.6230708615465
5,2021-11-22,27.297312215558247,1.4223425708846602,1.4283347515698717,104.93760930511282
5,2021-11-23,27.297312215558247,1.4223425708846602,1.4283347515698717,108.58017191431823
5,2021-11-24,28.725532126087323,1.4223425708846602,1.4358079273718833,114.36976427498249
5,2021-11-25,28.725532126087323,1.4223425708846602,1.4358079273718833,119.5424446883209
5,2021-11-26,28.725532126087323,1.4223425708846602,1.4358079273718833,126.13022219188952
5,2021-11-29,28.725532126087323,1.4223425708846602,1.4358079273718833,130.00740840021402
5,2021-11-30,28.725532126087323,1.4223425708846602,1.4358079273718833,133.49414616699525
5,2021-12-01,28.636992236309926,1.4223425708846602,1.4353653723825692,133.21617510737693
5,2021-12-02,28.126474852632214,1.3969861856194234,1.4328065178475555,130.9745199056943
5,2021-12-03,27.664915384521247,1.3969861856194234,1.4304552618947615,128.95618385395886
5,2021-12-06,27.664915384521247,1.3969861856194234,1.4304552618947615,129.70372424588516
5,2021-12-07,27.664915384521247,1.3969861856194234,1.4304552618947615,130.56491966232866
5,2021-12-08,27.664915384521247,1.3969861856194234,1.4304552618947615,130.7035194871696
5,2021-12-09,27.664915384521247,1.3969861856194234,1.4304552618947615,132.91532572878413
5,2021-12-10,27.664915384521247,1.3969861856194234,1.4304552618947615,134.1615842737909
5,2021-12-13,27.664915384521247,1.3969861856194234,1.4304552618947615,137.37472002869416
5,2021-12-14,27.664915384521247,1.3969861856194234,1.4304552618947615,140.5116916963364
5,2021-12-15,27.664915384521247,1.3969861856194234,1.4304552618947615,145.40549981088012
5,2021-12-16,27.664915384521247,1.3969861856194234,1.4304552618947615,151.58246876141897
5,2021-12-17,27.664915384521247,1.3969861856194234,1.4304552618947615,158.09514178532996
5,2021-12-20,27.664915384521247,1.3969861856194234,1.4304552618947615,169.68926428130132
5,2021-12-21,27.664915384521247,1.3969861856194234,1.4304552618947615,182.6900092831457
5,2021-12-22,27.664915384521247,1.3969861856194234,1.4304552618947615,194.27307923193578
5,2021-12-23,28.730568664810445,1.4507981308407334,1.4359653793881912,201.95075651746538
5,2021-12-24,28.730568664810445,1.4507981308407334,1.4359653793881912,211.9963117880677
5,2021-12-27,28.730568664810445,1.4507981308407334,1.4359653793881912,222.53561571973313
5,2021-12-28,28.730568664810445,1.4507981308407334,1.4359653793881912,235.10466185136838
5,2021-12-29,28.730568664810445,1.4507981308407334,1.4359653793881912,245.61682228967607
5,2021-12-30,28.730568664810445,1.4507981308407334,1.4359653793881912,256.41507535772627
5,2021-12-31,28.730568664810445,1.4507981308407334,1.4359653793881912,272.1771449062895
5,2022-01-03,28.730568664810445,1.4507981308407334,1.4359653793881912,286.5354581547546
5,2022-01-04,28.730568664810445,1.4507981308407334,1.4359653793881912,294.34286049149677
5,2022-01-05,28.730568664810445,1.4507981308407334,1.4359653793881912,298.43672273681955
5,2022-01-06,28.730568664810445,1.4507981308407334,1.4359653793881912,299.93383251412075
5,2022-01-07,28.730568664810445,1.4507981308407334,1.4359653793881912,298.3771498489378
5,2022-01-10,28.730568664810445,1.4507981308407334,1.4359653793881912,290.0330334671822
5,2022-01-11,28.730568664810445,1.4507981308407334,1.4359653793881912,279.2194723593346
5,2022-01-12,28.730568664810445,1.4507981308407334,1.4359653793881912,263.98136876259287
5,2022-01-13,28.730568664810445,1.4507981308407334,1.4359653793881912,249.90494550832523
5,2022-01-14,28.730568664810445,1.4507981308407334,1.4359653793881912,235.30042353087387
5,2022-01-17,28.730568664810445,1.4507981308407334,1.4359653793881912,222.50837949402057
5,2022-01-18,28.730568664810445,1.4507981308407334,1.4359653793881912,215.01447931205018
5,2022-01-19,28.730568664810445,1.4507981308407334,1.4359653793881912,210.0684401131317
5,2022-01-20,28.730568664810445,1.4507981308407334,1.4359653793881912,209.42887495186807
5,2022-01-21,28.730568664810445,1.4507981308407334,1.4359653793881912,206.45147213854426
5,2022-01-24,28.730568664810445,1.4507981308407334,1.4359653793881912,204.9241606544792
5,2022-01-25,28.730568664810445,1.4507981308407334,1.4359653793881912,204.41592146151268
5,2022-01-27,28.730568664810445,1.4507981308407334,1.4359653793881912,211.19944904977916
5,2022-01-28,28.73998852198679,1.4512738022882312,1.4360124602132938,211.47989420952067
5,2022-01-31,28.692018029268088,1.4512738022882312,1.4357727724861609,211.33838876006632
5,2022-02-01,28.79279658200379,1.4512738022882312,1.4362770768607116,212.29203732495304
5,2022-02-02,28.442193368248674,1.4512738022882312,1.4345281555374354,209.91929840396983
5,2022-02-03,28.442193368248674,1.4512738022882312,1.4345281555374354,207.70187169558935
5,2022-02-04,28.257184534595506,1.4512738022882312,1.433595033476621,206.55852864144325
5,2022-02-07,27.783272161452132,1.4512738022882312,1.4311906947725663,203.30081271692316
5,2022-02-08,26.589889160036865,1.4512738022882312,1.425043259592865,194.77167436047333
5,2022-02-09,25.172130259878685,1.4512738022882312,1.4174450039091417,184.58132283400846
5,2022-02-10,22.685391139057835,1.4512738022882312,1.4034421527144176,166.53122986724566
5,2022-02-11,21.593193553988943,1.3814016218873433,1.3966852221392183,158.68004582014757
5,2022-02-14,20.53321831638437,1.3814016218873433,1.3898291184022038,151.04937692826766
5,2022-02-15,19.051673077505622,1.3814016218873433,1.3798010035616735,140.3016727939109
5,2022-02-16,17.69009481298033,1.3814016218873433,1.3699398903241282,130.4149439074685
5,2022-02-17,16.45767806388288,1.3814016218873433,1.3603959230139397,121.4597342177401
5,2022-02-18,15.10079953850086,1.3814016218873433,1.349179930048287,111.56725976154894
5,2022-02-21,15.10079953850086,1.3814016218873433,1.349179930048287,107.98423452070318
5,2022-02-22,15.280228046081099,1.3814016218873433,1.35078303285545,109.37529320388768
5,2022-02-23,15.509985005491961,1.3814016218873433,1.3528141007264052,111.12926010432494
5,2022-02-24,16.3949856922267,1.3814016218873433,1.3605332662042788,117.58143169772787
5,2022-02-25,16.947869127573945,1.4279862355393969,1.3651213538076725,121.66417827872543
5,2022-02-28,16.947869127573945,1.4279862355393969,1.3651213538076725,123.0231513256524
5,2022-03-02,16.947869127573945,1.4279862355393969,1.3651213538076725,126.83060200591457
5,2022-03-03,16.947869127573945,1.4279862355393969,1.3651213538076725,131.42340208541341
5,2022-03-04,16.947869127573945,1.4279862355393969,1.3651213538076725,135.24003936015873
5,2022-03-07,16.947869127573945,1.4279862355393969,1.3651213538076725,143.6243883876958
5,2022-03-08,17.460313911597737,1.4279862355393969,1.3692490073318557,148.11071616456653
5,2022-03-09,17.460313911597737,1.4279862355393969,1.3692490073318557,152.8913088539462
5,2022-03-10,17.460313911597737,1.4279862355393969,1.3692490073318557,156.54369245333461
5,2022-03-11,17.460313911597737,1.4279862355393969,1.3692490073318557,161.26503663754843
5,2022-03-14,17.460313911597737,1.4279862355393969,1.3692490073318557,164.0250944972492
5,2022-03-15,17.460313911597737,1.4279862355393969,1.3692490073318557,170.3074281454222
5,2022-03-16,17.844270560957852,1.4593880083314588,1.3722600199840715,174.2228383135831
5,2022-03-17,18.244262317418166,1.4593880083314588,1.3753360364221692,178.30238745114164
5,2022-03-21,18.244262317418166,1.4593880083314588,1.3753360364221692,185.3647759643116
5,2022-03-22,18.244262317418166,1.4593880083314588,1.3753360364221692,191.0670410919131
5,2022-03-23,18.244262317418166,1.4593880083314588,1.3753360364221692,193.27756984650608
5,2022-03-24,18.244262317418166,1.4593880083314588,1.3753360364221692,189.8912013897036
5,2022-03-25,18.244262317418166,1.4593880083314588,1.3753360364221692,188.77462867345739
5,2022-03-28,18.244262317418166,1.4593880083314588,1.3753360364221692,188.19929556948088
5,2022-03-29,18.244262317418166,1.4593880083314588,1.3753360364221692,187.4755205168721
5,2022-03-30,18.244262317418166,1.4593880083314588,1.3753360364221692,183.97876598714836
5,2022-03-31,18.244262317418166,1.4593880083314588,1.3753360364221692,173.55480763075784
5,2022-04-01,18.244262317418166,1.4593880083314588,1.3753360364221692,160.3099220923223
5,2022-04-04,18.244262317418166,1.4593880083314588,1.3753360364221692,151.23007783283848
5,2022-04-05,18.244262317418166,1.4593880083314588,1.3753360364221692,143.8505295521693
5,2022-04-06,18.244262317418166,1.4593880083314588,1.3753360364221692,138.38050355996637
5,2022-04-07,18.244262317418166,1.4593880083314588,1.3753360364221692,133.27408194282515
5,2022-04-08,18.244262317418166,1.4593880083314588,1.3753360364221692,128.23515413138216
5,2022-04-11,18.244262317418166,1.4593880083314588,1.3753360364221692,123.54481027381205
5,2022-04-12,18.244262317418166,1.4593880083314588,1.3753360364221692,119.9701058711645
5,2022-04-13,17.651829095634067,1.4119983181063054,1.3708700035132064,116.19437029694481
5,2022-04-18,17.705973629486667,1.4119983181063054,1.3712904988449401,116.66697475833993
5,2022-04-19,17.728301535289194,1.4119983181063054,1.3714634237895198,116.93076322312083
5,2022-04-20,17.49425213810946,1.4119983181063054,1.369652814990064,115.50397167376589
5,2022-04-21,16.531573090762816,1.4119983181063054,1.3621158476666195,109.26348783082302
5,2022-04-22,15.74876532234557,1.4119983181063054,1.3556659178191481,104.19887545041458
5,2022-04-25,15.247220485981979,1.4119983181063054,1.3513485810184558,100.98469305168997
5,2022-04-26,14.6545538628605,1.4119983181063054,1.3460958256004534,97.16035528528556
5,2022-04-27,14.012146602610537,1.4119983181063054,1.340194985906183,92.99832643373206
5,2022-04-28,14.012146602610537,1.4119983181063054,1.340194985906183,88.6030665765595
5,2022-04-29,13.32690137393589,1.3429464349209903,1.3336409421494984,84.35865555618538
5,2022-05-02,13.32690137393589,1.3429464349209903,1.3336409421494984,82.19635043554278
5,2022-05-04,13.195040972512896,1.3429464349209903,1.332321397380225,81.46527118200837
5,2022-05-05,13.195040972512896,1.3429464349209903,1.332321397380225,75.6348963228144
5,2022-05-06,12.645218023850598,1.3429464349209903,1.3267697596035826,72.55890768082416
5,2022-05-09,12.179817055946593,1.3429464349209903,1.3218866494101433,69.96097203467286
5,2022-05-10,12.179817055946593,1.3429464349209903,1.3218866494101433,66.89398067611904
5,2022-05-11,11.29538064831157,1.3429464349209903,1.3122877804440927,62.10337378549038
5,2022-05-12,10.681978811715767,1.3429464349209903,1.30516132973181,58.7929194097936
5,2022-05-13,10.190828758390227,1.3429464349209903,1.299160287527971,56.148454252000164
5,2022-05-16,10.17596004466792,1.3409870372548494,1.2989707362868246,56.12268048853894
5,2022-05-17,9.908554831877503,1.3409870372548494,1.2955572839479732,54.70400400978057
5,2022-05-18,9.629729063300172,1.3409870372548494,1.2919115983604987,53.219342665252
5,2022-05-19,10.09554143453303,1.3409870372548494,1.2981608749611147,55.846905277535605
5,2022-05-20,10.536571898625013,1.3409870372548494,1.3038319773666949,58.34246150522769
5,2022-05-23,10.872416943900708,1.3409870372548494,1.3079878405229817,60.260424611306675
5,2022-05-24,11.108554567963393,1.3409870372548494,1.3108286545071919,61.62947898358802
5,2022-05-25,11.926822123861264,1.3409870372548494,1.3204843532100443,66.2307992774861
5,2022-05-26,12.654651179983055,1.3409870372548494,1.3285425506950028,70.33873537124302
5,2022-05-27,12.654651179983055,1.3409870372548494,1.3285425506950028,72.46530725982805
5,2022-05-30,12.654651179983055,1.3409870372548494,1.3285425506950028,69.12356427832977
5,2022-05-31,12.654651179983055,1.3409870372548494,1.3285425506950028,65.96360551880967
5,2022-06-01,12.654651179983055,1.3409870372548494,1.3285425506950028,63.03621681979581
5,2022-06-02,12.654651179983055,1.3409870372548494,1.3285425506950028,57.861464577212516
5,2022-06-03,12.654651179983055,1.3409870372548494,1.3285425506950028,51.953629160244375
5,2022-06-06,12.654651179983055,1.3409870372548494,1.3285425506950028,47.129941452371696
5,2022-06-07,12.654651179983055,1.3409870372548494,1.3285425506950028,45.01710391791696
5,2022-06-08,12.654651179983055,1.3409870372548494,1.3285425506950028,42.62088246297762
5,2022-06-09,12.654651179983055,1.3409870372548494,1.3285425506950028,41.14965246303795
5,2022-06-10,12.654651179983055,1.3409870372548494,1.3285425506950028,40.3315362014279
5,2022-06-13,12.654651179983055,1.3409870372548494,1.3285425506950028,41.5228404219763
5,2022-06-14,12.654651179983055,1.3409870372548494,1.3285425506950028,42.91445602647003
5,2022-06-15,12.654651179983055,1.3409870372548494,1.3285425506950028,44.04142326190298
5,2022-06-16,13.145846973876802,1.3930380328135037,1.3336993464345999,45.794951699517334
5,2022-06-17,14.095371736844966,1.3930380328135037,1.3433326592086692,49.148516834760926
5,2022-06-20,14.636731789385028,1.3930380328135037,1.348491988473232,51.085309335214944
5,2022-06-21,14.641918284488993,1.3930380328135037,1.3485397720030294,51.15449661639497
5,2022-06-22,14.799002652518649,1.3930380328135037,1.3499865395216843,51.75445705610792
5,2022-06-23,14.799002652518649,1.3930380328135037,1.3499865395216843,51.42676927435865
5,2022-06-24,14.799002652518649,1.3930380328135037,1.3499865395216843,50.99497016060981
5,2022-06-27,14.799002652518649,1.3930380328135037,1.3499865395216843,47.904227506311045
5,2022-06-28,14.799002652518649,1.3930380328135037,1.3499865395216843,44.533903711001045
5,2022-06-29,14.799002652518649,1.3930380328135037,1.3499865395216843,41.12669804035995
5,2022-06-30,14.799002652518649,1.3930380328135037,1.3499865395216843,37.74867070556021
5,2022-07-01,14.799002652518649,1.3930380328135037,1.3499865395216843,34.099173373734374
5,2022-07-04,14.799002652518649,1.3930380328135037,1.3499865395216843,32.29094327869091
5,2022-07-05,14.1305957720303,1.330120535751225,1.3438892347723717,30.864792111260023
5,2022-07-06,13.700662071341974,1.330120535751225,1.339800353586169,29.956573052452857
5,2022-07-07,13.700662071341974,1.330120535751225,1.339800353586169,28.94931891515727
5,2022-07-08,13.290683137360134,1.330120535751225,1.3357911318576752,28.111988134137523
5,2022-07-11,13.503399587670195,1.330120535751225,1.33792905618397,28.590030518267845
5,2022-07-12,13.626475244217165,1.330120535751225,1.3391485009314503,28.8792020974464
5,2022-07-13,14.285933183573514,1.330120535751225,1.3456293559955006,30.30570018220536
5,2022-07-14,15.518614490340042,1.330120535751225,1.3572403031535007,32.950974720827205
5,2022-07-15,17.09558470453654,1.330120535751225,1.3710323045780635,36.33233709502135
5,2022-07-18,18.39155976312327,1.330120535751225,1.3814257699198973,39.122936309154994
5,2022-07-19,19.674651402349443,1.4229167183788374,1.391063320396447,41.89148041075906
5,2022-07-20,19.674651402349443,1.4229167183788374,1.391063320396447,44.20392968697386
5,2022-07-21,19.674651402349443,1.4229167183788374,1.391063320396447,46.67546957034032
5,2022-07-22,19.674651402349443,1.4229167183788374,1.391063320396447,49.531785290680965
5,2022-07-25,19.674651402349443,1.4229167183788374,1.391063320396447,52.780462763272816
5,2022-07-26,21.15998500861779,1.4229167183788374,1.4015651232288233,56.81789299153702
5,2022-07-27,21.15998500861779,1.4229167183788374,1.4015651232288233,60.980990892754626
5,2022-07-28,22.054211289110764,1.4229167183788374,1.4074881726378996,63.61904387328231
5,2022-07-29,22.054211289110764,1.4229167183788374,1.4074881726378996,65.3685252206703
5,2022-08-01,22.054211289110764,1.4229167183788374,1.4074881726378996,67.3956875896877
5,2022-08-02,22.054211289110764,1.4229167183788374,1.4074881726378996,69.22706886275094
5,2022-08-03,22.054211289110764,1.4229167183788374,1.4074881726378996,70.18582075222608
5,2022-08-04,22.054211289110764,1.4229167183788374,1.4074881726378996,70.17745476327681
5,2022-08-05,22.054211289110764,1.4229167183788374,1.4074881726378996,68.49968690629107
5,2022-08-08,22.054211289110764,1.4229167183788374,1.4074881726378996,66.08201801374393
5,2022-08-10,22.054211289110764,1.4229167183788374,1.4074881726378996,63.40169848555406
5,2022-08-11,22.054211289110764,1.4229167183788374,1.4074881726378996,59.69114675364974
5,2022-08-12,22.054211289110764,1.4229167183788374,1.4074881726378996,54.97067571949177
5,2022-08-16,22.054211289110764,1.4229167183788374,1.4074881726378996,52.029086718218146
5,2022-08-17,22.054211289110764,1.4229167183788374,1.4074881726378996,47.907877938448536
5,2022-08-18,22.054211289110764,1.4229167183788374,1.4074881726378996,44.353661048433445
5,2022-08-19,22.054211289110764,1.4229167183788374,1.4074881726378996,41.04784972243938
5,2022-08-22,22.054211289110764,1.4229167183788374,1.4074881726378996,38.26405288652178
5,2022-08-23,21.12570928037001,1.363010652640822,1.4015625216207699,36.69136611002
5,2022-08-24,20.548429130820285,1.363010652640822,1.3977326183907925,35.72543091178277
5,2022-08-25,20.52436860190241,1.363010652640822,1.3975689553396164,35.71932478671117
5,2022-08-26,20.636015003253682,1.363010652640822,1.3983291908797706,35.949346511171406
5,2022-08-29,21.253059864468245,1.363010652640822,1.4025103849784502,37.060230118257714
5,2022-08-30,20.631176114241807,1.363010652640822,1.398406512766618,36.012874502508616
5,2022-09-01,20.43036814808469,1.363010652640822,1.397045411653746,35.69836581467866
5,2022-09-02,19.615670311366927,1.363010652640822,1.3914744407029485,34.310527355666004
5,2022-09-05,18.941239965263602,1.363010652640822,1.3866902422853526,33.165165688691395
5,2022-09-06,18.396834616528352,1.363010652640822,1.3827046447937228,32.245104263843984
5,2022-09-07,17.511631562933992,1.2974264792246355,1.3760514655957599,30.72580719507667
5,2022-09-08,16.59772370193729,1.2974264792246355,1.368870043082247,29.15299556887312
5,2022-09-09,15.365822451888103,1.2974264792246355,1.3587101395466128,27.0183812714739
5,2022-09-12,15.365822451888103,1.2974264792246355,1.3587101395466128,24.947606179229552
5,2022-09-13,14.34219802323211,1.2974264792246355,1.3496588252114559,23.31062002289738
5,2022-09-14,13.938322008868237,1.2974264792246355,1.3458581886131153,22.677504041366713
5,2022-09-15,13.443736206809362,1.2974264792246355,1.3410825610214352,21.8954956213882
5,2022-09-16,13.411749514076874,1.2974264792246355,1.3407634771362087,21.86529514607614
5,2022-09-19,13.204166305089604,1.2974264792246355,1.3386882819144015,21.548735679626997
5,2022-09-20,13.411805447545623,1.2974264792246355,1.340793406012736,21.909144203508813
5,2022-09-21,13.848626689154008,1.3396835375876626,1.34516035752158,22.64463211315029
5,2022-09-22,14.09955696134218,1.3396835375876626,1.3475977216171404,23.07758628911186
5,2022-09-23,14.730848827633285,1.3396835375876626,1.3536314394355216,24.133936946171314
5,2022-09-26,15.08581657730258,1.3396835375876626,1.3568932711979702,24.73962388041475
5,2022-09-27,15.487191440384075,1.3396835375876626,1.3605034360713963,25.42258860578746
5,2022-09-28,15.816839822306296,1.3396835375876626,1.363399298487942,25.989136758084495
5,2022-09-29,16.338487631581046,1.3396835375876626,1.36789586205698,26.8722614798965
5,2022-09-30,16.905093361174572,1.3396835375876626,1.3726396158878464,27.83104235280835
5,2022-10-03,17.792923257888322,1.3396835375876626,1.3798485112329486,29.32051758307667
5,2022-10-04,17.792923257888322,1.3396835375876626,1.3798485112329486,29.611718477533955
5,2022-10-06,17.792923257888322,1.3396835375876626,1.3798485112329486,30.140099507305788
5,2022-10-07,18.196020731478452,1.3700339775679204,1.382974548707249,30.85306152365375
5,2022-10-10,18.42959444517955,1.3700339775679204,1.384749807738125,31.279960746339512
5,2022-10-11,18.42959444517955,1.3700339775679204,1.384749807738125,32.223083304487986
5,2022-10-12,18.747868785445114,1.3700339775679204,1.3871412349222756,32.81179072121419
5,2022-10-13,19.091294667370168,1.3700339775679204,1.3896822181530075,33.445653132404935
5,2022-10-14,19.65125948656668,1.3700339775679204,1.3937582809113844,34.46008983069709
5,2022-10-17,19.65125948656668,1.3700339775679204,1.3937582809113844,36.098514706676866
5,2022-10-18,19.65125948656668,1.3700339775679204,1.3937582809113844,37.211993251821625
5,2022-10-19,20.16603171288225,1.3700339775679204,1.3974092838086845,38.223987580270574
5,2022-10-20,20.16603171288225,1.3700339775679204,1.3974092838086845,38.951589017837456
5,2022-10-21,20.16603171288225,1.3700339775679204,1.3974092838086845,40.14717773496231
5,2022-10-24,20.16603171288225,1.3700339775679204,1.3974092838086845,40.83731375805624
5,2022-10-25,20.16603171288225,1.3700339775679204,1.3974092838086845,41.39974283468278
5,2022-10-27,20.16603171288225,1.3700339775679204,1.3974092838086845,43.47864682243497
5,2022-10-28,20.16603171288225,1.3700339775679204,1.3974092838086845,45.84621085157096
5,2022-10-31,20.16603171288225,1.3700339775679204,1.3974092838086845,47.84839153619745
5,2022-11-01,20.737602318356572,1.4088651745643357,1.4013699939861446,49.252418203692926
5,2022-11-02,20.737602318356572,1.4088651745643357,1.4013699939861446,50.88266991043989
5,2022-11-03,20.737602318356572,1.4088651745643357,1.4013699939861446,53.05173781166442
5,2022-11-04,20.737602318356572,1.4088651745643357,1.4013699939861446,54.141662955141385
5,2022-11-07,20.737602318356572,1.4088651745643357,1.4013699939861446,55.502027299863926
5,2022-11-09,21.311707391003885,1.4088651745643357,1.405249582425793,57.094061609242324
5,2022-11-10,21.311707391003885,1.4088651745643357,1.405249582425793,60.20198482429104
5,2022-11-11,21.764067426924683,1.4088651745643357,1.4082323502534526,61.54002774029832
5,2022-11-14,21.764067426924683,1.4088651745643357,1.4082323502534526,62.64241618505408
5,2022-11-15,21.764067426924683,1.4088651745643357,1.4082323502534526,63.859512845056834
5,2022-11-16,21.764067426924683,1.4088651745643357,1.4082323502534526,64.53420149045283
5,2022-11-17,21.764067426924683,1.4088651745643357,1.4082323502534526,66.97470621323508
5,2022-11-18,21.764067426924683,1.4088651745643357,1.4082323502534526,68.8917309056821
5,2022-11-21,21.764067426924683,1.4088651745643357,1.4082323502534526,71.87945003260795
5,2022-11-22,21.764067426924683,1.4088651745643357,1.4082323502534526,73.40596593361667
5,2022-11-23,21.764067426924683,1.4088651745643357,1.4082323502534526,75.01019011006527
5,2022-11-24,21.764067426924683,1.4088651745643357,1.4082323502534526,74.35332852002229
5,2022-11-25,21.764067426924683,1.4088651745643357,1.4082323502534526,72.22779034348636
5,2022-11-28,21.764067426924683,1.4088651745643357,1.4082323502534526,69.91326648924327
5,2022-11-29,21.764067426924683,1.4088651745643357,1.4082323502534526,68.57050212663894
5,2022-11-30,21.764067426924683,1.4088651745643357,1.4082323502534526,68.05584012775256
5,2022-12-01,20.67434267497526,1.338323431480826,1.401181344490308,64.7163466322181
5,2022-12-02,20.67434267497526,1.338323431480826,1.401181344490308,60.973539429653236
5,2022-12-05,20.67434267497526,1.338323431480826,1.401181344490308,56.989500707354466
5,2022-12-06,20.67434267497526,1.338323431480826,1.401181344490308,54.609149040426345
5,2022-12-07,20.67434267497526,1.338323431480826,1.401181344490308,52.799127849015875
5,2022-12-08,20.09308394357963,1.338323431480826,1.3972419259387354,51.36748055190249
5,2022-12-09,20.09308394357963,1.338323431480826,1.3972419259387354,50.36283072085337
5,2022-12-12,20.09308394357963,1.338323431480826,1.3972419259387354,49.84869679065166
5,2022-12-13,20.09308394357963,1.338323431480826,1.3972419259387354,48.76258888603508
5,2022-12-14,20.09308394357963,1.338323431480826,1.3972419259387354,47.19408929647099
5,2022-12-15,19.852003433541967,1.322265981247566,1.395565489424076,46.67504003804126
5,2022-12-16,19.932935161964195,1.322265981247566,1.3961344271011404,46.91199772018649
5,2022-12-19,20.282769839422244,1.322265981247566,1.3985847247267755,47.78224273223717
5,2022-12-20,20.683905919707826,1.322265981247566,1.4013507315338625,48.77502320295354
5,2022-12-21,20.954949238026696,1.322265981247566,1.4031870711201957,49.46294946728703
5,2022-12-22,21.2644196274828,1.322265981247566,1.4052593493416639,50.24289942778993
5,2022-12-23,21.132497045872572,1.322265981247566,1.404387538850502,49.98143981587664
5,2022-12-26,21.54695586774956,1.322265981247566,1.4071418787827268,51.011676859979936
5,2022-12-27,21.703230973132786,1.322265981247566,1.40816244635963,51.43266447339439
5,2022-12-28,22.158623352334565,1.322265981247566,1.4111171513413177,52.56329329406319
