date,portfolio_equity
2002-08-12,100000.0
2002-08-13,100000.0
2002-08-14,100000.0
2002-08-15,100000.0
2002-08-16,100000.0
2002-08-19,100000.0
2002-08-20,100000.0
2002-08-21,100000.0
2002-08-22,100000.0
2002-08-23,100000.0
2002-08-26,100000.0
2002-08-27,100000.0
2002-08-28,100000.0
2002-08-29,100000.0
2002-08-30,100000.0
2002-09-02,100000.0
2002-09-03,100000.0
2002-09-04,100000.0
2002-09-05,100000.0
2002-09-06,100000.0
2002-09-09,100000.0
2002-09-10,100000.0
2002-09-11,100000.0
2002-09-12,100000.0
2002-09-13,100000.0
2002-09-16,100000.0
2002-09-17,100000.0
2002-09-18,100000.0
2002-09-19,100000.0
2002-09-20,100000.0
2002-09-23,100000.0
2002-09-24,100000.0
2002-09-25,100000.0
2002-09-26,100000.0
2002-09-27,100000.0
2002-09-30,100000.0
2002-10-01,100000.0
2002-10-02,100000.0
2002-10-03,100000.0
2002-10-04,100000.0
2002-10-07,100000.0
2002-10-08,100000.0
2002-10-09,100000.0
2002-10-10,100000.0
2002-10-11,100000.0
2002-10-14,100000.0
2002-10-15,100000.0
2002-10-16,100000.0
2002-10-17,100000.0
2002-10-18,100000.0
2002-10-21,100000.0
2002-10-22,100000.0
2002-10-23,100000.0
2002-10-24,100000.0
2002-10-25,100000.0
2002-10-28,100000.0
2002-10-29,100000.0
2002-10-30,100000.0
2002-10-31,100000.0
2002-11-01,100000.0
2002-11-04,100000.0
2002-11-05,100000.0
2002-11-06,100000.0
2002-11-07,100000.0
2002-11-08,100000.0
2002-11-11,100000.0
2002-11-12,100000.0
2002-11-13,100000.0
2002-11-14,100000.0
2002-11-15,100000.0
2002-11-18,100000.0
2002-11-19,100000.0
2002-11-20,100000.0
2002-11-21,100000.0
2002-11-22,100000.0
2002-11-25,100000.0
2002-11-26,100000.0
2002-11-27,100000.0
2002-11-28,100000.0
2002-11-29,100000.0
2002-12-02,100000.0
2002-12-03,100000.0
2002-12-04,100000.0
2002-12-05,100000.0
2002-12-06,100000.0
2002-12-09,100000.0
2002-12-10,100000.0
2002-12-11,100000.0
2002-12-12,100000.0
2002-12-13,100000.0
2002-12-16,100000.0
2002-12-17,100000.0
2002-12-18,100000.0
2002-12-19,100000.0
2002-12-20,100000.0
2002-12-23,100000.0
2002-12-24,100000.0
2002-12-25,100000.0
2002-12-26,100000.0
2002-12-27,100000.0
2002-12-30,100000.0
2002-12-31,100000.0
2003-01-01,100000.0
2003-01-02,100000.0
2003-01-03,100000.0
2003-01-06,100000.0
2003-01-07,100000.0
2003-01-08,100000.0
2003-01-09,100000.0
2003-01-10,100000.0
2003-01-13,100000.0
2003-01-14,100000.0
2003-01-15,100000.0
2003-01-16,100000.0
2003-01-17,100000.0
2003-01-20,100000.0
2003-01-21,100000.0
2003-01-22,100000.0
2003-01-23,100000.0
2003-01-24,100000.0
2003-01-27,100000.0
2003-01-28,100000.0
2003-01-29,100000.0
2003-01-30,100000.0
2003-01-31,100000.0
2003-02-03,100000.0
2003-02-04,100000.0
2003-02-05,100000.0
2003-02-06,100000.0
2003-02-07,100000.0
2003-02-10,100000.0
2003-02-11,100000.0
2003-02-12,100000.0
2003-02-13,100000.0
2003-02-14,100000.0
2003-02-17,100000.0
2003-02-18,100000.0
2003-02-19,100000.0
2003-02-20,100000.0
2003-02-21,100000.0
2003-02-24,100000.0
2003-02-25,100000.0
2003-02-26,100000.0
2003-02-27,100000.0
2003-02-28,100000.0
2003-03-03,100000.0
2003-03-04,100000.0
2003-03-05,100000.0
2003-03-06,100000.0
2003-03-07,100000.0
2003-03-10,100000.0
2003-03-11,100000.0
2003-03-12,100000.0
2003-03-13,100000.0
2003-03-14,100000.0
2003-03-17,100000.0
2003-03-18,100000.0
2003-03-19,100000.0
2003-03-20,100000.0
2003-03-21,100000.0
2003-03-24,100000.0
2003-03-25,100000.0
2003-03-26,100000.0
2003-03-27,100000.0
2003-03-28,100000.0
2003-03-31,100000.0
2003-04-02,100000.0
2003-04-03,100000.0
2003-04-04,100000.0
2003-04-07,100000.0
2003-04-08,100000.0
2003-04-09,100000.0
2003-04-10,100000.0
2003-04-11,100000.0
2003-04-15,100000.0
2003-04-16,100000.0
2003-04-17,100000.0
2003-04-18,100000.0
2003-04-21,100000.0
2003-04-22,100000.0
2003-04-23,100000.0
2003-04-24,100000.0
2003-04-25,100000.0
2003-04-28,100000.0
2003-04-29,100000.0
2003-04-30,100000.0
2003-05-01,100000.0
2003-05-02,100000.0
2003-05-05,100000.0
2003-05-06,100000.0
2003-05-07,100000.0
2003-05-08,100000.0
2003-05-09,100000.0
2003-05-12,100000.0
2003-05-13,100000.0
2003-05-14,100000.0
2003-05-15,100000.0
2003-05-16,100000.0
2003-05-19,100000.0
2003-05-20,100000.0
2003-05-21,100000.0
2003-05-22,100000.0
2003-05-23,100000.0
2003-05-26,100000.0
2003-05-27,100000.0
2003-05-28,100000.0
2003-05-29,100000.0
2003-05-30,100000.0
2003-06-02,100000.0
2003-06-03,100000.0
2003-06-04,100000.0
2003-06-05,100000.0
2003-06-06,100000.0
2003-06-09,100000.0
2003-06-10,100000.0
2003-06-11,100000.0
2003-06-12,100000.0
2003-06-13,100000.0
2003-06-16,100000.0
2003-06-17,100000.0
2003-06-18,100000.0
2003-06-19,100000.0
2003-06-20,100000.0
2003-06-23,100000.0
2003-06-24,100000.0
2003-06-25,100000.0
2003-06-26,100000.0
2003-06-27,100000.0
2003-06-30,100000.0
2003-07-01,100000.0
2003-07-02,100000.0
2003-07-03,100000.0
2003-07-04,100000.0
2003-07-07,100000.0
2003-07-08,100000.0
2003-07-09,100000.0
2003-07-10,100000.0
2003-07-11,100000.0
2003-07-14,100000.0
2003-07-15,100000.0
2003-07-16,100000.0
2003-07-17,100000.0
2003-07-18,100000.0
2003-07-21,100000.0
2003-07-22,100000.0
2003-07-23,100000.0
2003-07-24,100000.0
2003-07-25,100000.0
2003-07-28,100000.0
2003-07-29,100000.0
2003-07-30,100000.0
2003-07-31,100000.0
2003-08-01,100000.0
2003-08-04,100000.0
2003-08-05,100000.0
2003-08-06,100000.0
2003-08-07,100000.0
2003-08-08,100000.0
2003-08-11,100000.0
2003-08-12,100000.0
2003-08-13,119980.0
2003-08-14,99849.91795908744
2003-08-15,115833.91795908744
2003-08-18,100323.05591959355
2003-08-19,100768.34297469191
2003-08-20,101622.28363482901
2003-08-21,101919.0302026478
2003-08-22,102165.67208198523
2003-08-25,101615.60329006994
2003-08-26,103014.29836756544
2003-08-27,82038.69571730462
2003-08-28,104038.00329567997
2003-08-29,85798.37624529953
2003-09-01,104164.55064259197
2003-09-02,104164.55064259197
2003-09-03,124976.62786098185
2003-09-04,104212.59044108861
2003-09-05,104750.8116968894
2003-09-08,105554.31709188201
2003-09-09,105590.02826107595
2003-09-10,105505.85232303586
2003-09-11,105202.30602217771
2003-09-12,104715.10052769545
2003-09-15,103970.2638714385
2003-09-16,104255.95458769967
2003-09-17,83331.64051407357
2003-09-18,124887.36314421131
2003-09-19,104595.05014065985
2003-09-22,104037.94762925993
2003-09-23,104210.57062646715
2003-09-24,104783.36804238413
2003-09-25,104289.03616941796
2003-09-26,104571.51152539863
2003-09-29,104438.12055136396
2003-09-30,104850.06278109859
2003-10-01,105497.40163968572
2003-10-02,83272.12078293803
2003-10-03,105497.40163968572
2003-10-06,105497.40163968572
2003-10-07,105497.40163968572
2003-10-08,105497.40163968572
2003-10-09,105497.40163968572
2003-10-10,105497.40163968572
2003-10-13,105497.40163968572
2003-10-14,105497.40163968572
2003-10-15,105497.40163968572
2003-10-16,105497.40163968572
2003-10-17,105497.40163968572
2003-10-20,105497.40163968572
2003-10-21,105497.40163968572
2003-10-22,105497.40163968572
2003-10-23,126575.78248729493
2003-10-24,106049.40946308583
2003-10-27,105564.20199496813
2003-10-28,106330.68866878992
2003-10-29,106668.22371563483
2003-10-30,106731.51170457387
2003-10-31,106622.51542556882
2003-11-03,106865.11983025022
2003-11-04,106186.53299203876
2003-11-05,106154.88899756924
2003-11-06,84397.92131174858
2003-11-07,127233.86208373333
2003-11-10,106278.03666255585
2003-11-11,106114.91969671458
2003-11-12,105587.38941765457
2003-11-13,105618.62480667543
2003-11-14,105483.2718955604
2003-11-17,105944.86006228409
2003-11-18,105858.0952398846
2003-11-19,105639.44751673858
2003-11-20,105545.74134967601
2003-11-21,105988.54848444398
2003-11-24,105836.8814619037
2003-11-25,105819.42683943716
2003-11-26,105819.42683943716
2003-11-27,105753.09874138341
2003-11-28,122740.89428711127
2003-12-01,106587.08961384208
2003-12-02,107317.2235154606
2003-12-03,108015.70187689977
2003-12-04,108778.42308691308
2003-12-05,84883.54737456581
2003-12-08,107348.44230999838
2003-12-09,107581.21862553415
2003-12-10,107963.3882802835
2003-12-11,107807.0458956976
2003-12-12,112202.73778298663
2003-12-15,108060.35107048672
2003-12-16,108314.49193967954
2003-12-17,108224.66517776402
2003-12-18,108408.69838240874
2003-12-19,109011.18422270005
2003-12-22,109311.3316374364
2003-12-23,109085.67156806184
2003-12-24,109326.66637234307
2003-12-25,109326.66637234307
2003-12-26,86195.60804439386
2003-12-29,109427.44584752806
2003-12-30,109427.44584752806
2003-12-31,109427.44584752806
2004-01-01,109427.44584752806
2004-01-02,109427.44584752806
2004-01-05,109427.44584752806
2004-01-06,109427.44584752806
2004-01-07,109427.44584752806
2004-01-08,109427.44584752806
2004-01-09,109427.44584752806
2004-01-12,109427.44584752806
2004-01-13,109427.44584752806
2004-01-14,109427.44584752806
2004-01-15,109427.44584752806
2004-01-16,109427.44584752806
2004-01-19,109427.44584752806
2004-01-20,109427.44584752806
2004-01-21,109427.44584752806
2004-01-22,131291.04952786418
2004-01-23,109289.32818796727
2004-01-26,109289.32818796727
2004-01-27,109334.03339361036
2004-01-28,109012.15864154164
2004-01-29,108761.81085422114
2004-01-30,108103.16113073684
2004-02-02,108103.16113073684
2004-02-03,107611.40841626542
2004-02-04,108401.19280328907
2004-02-05,87541.95667802244
2004-02-06,108806.51605986423
2004-02-09,108806.51605986423
2004-02-10,108806.51605986423
2004-02-11,108806.51605986423
2004-02-12,108806.51605986423
2004-02-13,108806.51605986423
2004-02-16,108806.51605986423
2004-02-17,108806.51605986423
2004-02-18,108806.51605986423
2004-02-19,108806.51605986423
2004-02-20,108806.51605986423
2004-02-23,108806.51605986423
2004-02-24,108806.51605986423
2004-02-25,130546.0579686251
2004-02-26,109013.93567233853
2004-02-27,109347.29200232279
2004-03-01,109579.44994233867
2004-03-02,109579.44994233867
2004-03-03,110380.09917668429
2004-03-04,109856.25416408165
2004-03-05,109811.60788235455
2004-03-08,109659.8137036083
2004-03-09,109371.10365535115
2004-03-10,87045.21284789138
2004-03-11,109564.56936229911
2004-03-12,109564.56936229911
2004-03-15,131455.57032088647
2004-03-16,109400.43042300899
2004-03-17,109397.40364964856
2004-03-18,109158.33934671004
2004-03-19,109061.50337794077
2004-03-22,108159.71654291631
2004-03-23,108531.93116869444
2004-03-24,109297.54090751888
2004-03-25,109615.28515656732
2004-03-26,110293.13693795216
2004-03-29,87651.6554898393
2004-03-30,110532.20124089069
2004-03-31,110532.20124089069
2004-04-01,110532.20124089069
2004-04-02,110532.20124089069
2004-04-05,110532.20124089069
2004-04-06,110532.20124089069
2004-04-07,110532.20124089069
2004-04-08,110532.20124089069
2004-04-09,110532.20124089069
2004-04-12,110532.20124089069
2004-04-13,110532.20124089069
2004-04-14,110532.20124089069
2004-04-15,110532.20124089069
2004-04-16,110532.20124089069
2004-04-19,110532.20124089069
2004-04-20,110532.20124089069
2004-04-21,110532.20124089069
2004-04-22,110532.20124089069
2004-04-23,110532.20124089069
2004-04-27,110532.20124089069
2004-04-28,110532.20124089069
2004-04-29,110532.20124089069
2004-04-30,132616.53504882066
2004-05-03,110593.99307731588
2004-05-04,110690.47710396384
2004-05-05,110659.01497007978
2004-05-06,111099.487085509
2004-05-07,110759.69424671924
2004-05-10,110205.96158678069
2004-05-11,108991.52187422448
2004-05-12,109259.99994526306
2004-05-13,109880.85212296125
2004-05-14,127425.08108961975
2004-05-17,101516.6410060729
2004-05-18,106402.91223719626
2004-05-19,107306.00487433278
2004-05-20,106947.37747568595
2004-05-21,107167.64340991477
2004-05-24,108143.70752777321
2004-05-25,108247.38245129281
2004-05-26,108405.95062988772
2004-05-27,108176.39698811997
2004-05-28,87194.01626990993
2004-05-31,107046.17574002288
2004-06-01,107227.10307397196
2004-06-02,107442.98131818719
2004-06-03,106986.55346976178
2004-06-04,107198.31945452458
2004-06-07,107662.97182185488
2004-06-08,108092.67218055914
2004-06-09,107909.68981524374
2004-06-10,107782.21855909686
2004-06-11,110776.36944296234
2004-06-14,107261.53284399348
2004-06-15,108039.92908398676
2004-06-16,107819.30097688646
2004-06-17,108223.37529755454
2004-06-18,107749.89018461449
2004-06-21,107241.70099986861
2004-06-22,107105.35723705139
2004-06-23,106088.97886755964
2004-06-24,106674.01628274811
2004-06-25,107097.60806136146
2004-06-28,107577.24595951382
2004-06-29,107654.09306565921
2004-06-30,106979.82287885786
2004-07-01,107421.07396174713
2004-07-02,107190.53264331097
2004-07-05,107019.48598682391
2004-07-06,107413.63663238694
2004-07-07,107413.63663238694
2004-07-08,107096.33309296929
2004-07-09,85678.33689856873
2004-07-12,107438.42640594342
2004-07-13,107438.42640594342
2004-07-14,128904.62400185091
2004-07-15,107524.78263872217
2004-07-16,107748.1755714833
2004-07-19,124887.75358382112
2004-07-20,108117.34714351951
2004-07-21,108419.66806866725
2004-07-22,109444.7548016822
2004-07-23,110032.31626825959
2004-07-26,110831.85113177082
2004-07-27,110167.81876752454
2004-07-28,86205.46692872889
2004-07-29,110559.4417255155
2004-07-30,110533.65636085677
2004-08-02,92943.44680280203
2004-08-03,110378.94417290442
2004-08-04,110378.94417290442
2004-08-05,110378.94417290442
2004-08-06,110378.94417290442
2004-08-09,110378.94417290442
2004-08-10,110378.94417290442
2004-08-11,110378.94417290442
2004-08-12,110378.94417290442
2004-08-13,110378.94417290442
2004-08-16,110378.94417290442
2004-08-17,110378.94417290442
2004-08-18,110378.94417290442
2004-08-19,110378.94417290442
2004-08-20,110378.94417290442
2004-08-23,110378.94417290442
2004-08-24,110378.94417290442
2004-08-25,110378.94417290442
2004-08-26,110378.94417290442
2004-08-27,110378.94417290442
2004-08-30,110378.94417290442
2004-08-31,110378.94417290442
2004-09-01,110378.94417290442
2004-09-02,110378.94417290442
2004-09-03,110378.94417290442
2004-09-06,110378.94417290442
2004-09-07,110378.94417290442
2004-09-08,110378.94417290442
2004-09-09,110378.94417290442
2004-09-10,110378.94417290442
2004-09-13,110378.94417290442
2004-09-14,110378.94417290442
2004-09-15,110378.94417290442
2004-09-16,110378.94417290442
2004-09-17,110378.94417290442
2004-09-20,110378.94417290442
2004-09-21,110378.94417290442
2004-09-22,110378.94417290442
2004-09-23,110378.94417290442
2004-09-24,110378.94417290442
2004-09-27,110378.94417290442
2004-09-28,110378.94417290442
2004-09-29,110378.94417290442
2004-09-30,110378.94417290442
2004-10-01,110378.94417290442
2004-10-04,110378.94417290442
2004-10-05,110378.94417290442
2004-10-06,110378.94417290442
2004-10-07,110378.94417290442
2004-10-08,110378.94417290442
2004-10-11,110378.94417290442
2004-10-12,110378.94417290442
2004-10-14,110378.94417290442
2004-10-15,110378.94417290442
2004-10-18,110378.94417290442
2004-10-19,110378.94417290442
2004-10-20,110378.94417290442
2004-10-21,110378.94417290442
2004-10-22,110378.94417290442
2004-10-25,110378.94417290442
2004-10-26,110378.94417290442
2004-10-27,110378.94417290442
2004-10-28,110378.94417290442
2004-10-29,110378.94417290442
2004-11-01,110378.94417290442
2004-11-02,110378.94417290442
2004-11-03,110378.94417290442
2004-11-04,110378.94417290442
2004-11-05,110378.94417290442
2004-11-08,110378.94417290442
2004-11-09,110378.94417290442
2004-11-10,110378.94417290442
2004-11-11,110378.94417290442
2004-11-12,110378.94417290442
2004-11-15,110378.94417290442
2004-11-16,110378.94417290442
2004-11-17,110378.94417290442
2004-11-18,110378.94417290442
2004-11-19,110378.94417290442
2004-11-22,110378.94417290442
2004-11-23,110378.94417290442
2004-11-24,110378.94417290442
2004-11-25,132432.65721865074
2004-11-26,110356.86838406984
2004-11-29,110639.46911625595
2004-11-30,110957.12108390196
2004-12-01,111414.97565273748
2004-12-02,112050.2772473794
2004-12-03,112124.75907466286
2004-12-06,129209.10293305841
2004-12-07,111102.34091418603
2004-12-08,110341.68570591699
2004-12-09,88304.00362593264
2004-12-10,110367.88323825033
2004-12-13,110602.95088307952
2004-12-14,110673.28533890731
2004-12-15,110636.26750155372
2004-12-16,110919.45805251457
2004-12-17,110917.6067370049
2004-12-20,93083.99175497095
2004-12-21,111313.70352767613
2004-12-22,111313.70352767613
2004-12-23,111313.70352767613
2004-12-24,111313.70352767613
2004-12-27,111313.70352767613
2004-12-28,111313.70352767613
2004-12-29,111313.70352767613
2004-12-30,111313.70352767613
2004-12-31,111313.70352767613
2005-01-03,111313.70352767613
2005-01-04,111313.70352767613
2005-01-05,111313.70352767613
2005-01-06,133554.18149250583
2005-01-07,111525.23840452287
2005-01-10,111502.31576647722
2005-01-11,111211.21680006609
2005-01-12,111098.90321839979
2005-01-13,111921.7748606873
2005-01-14,112657.54642415734
2005-01-17,112891.3440417096
2005-01-18,112593.36723463373
2005-01-19,112838.62442245707
2005-01-20,89050.96282214091
2005-01-24,134968.51736524154
2005-01-25,113808.00969265979
2005-01-27,114587.93324586692
2005-01-28,114688.56921852761
2005-01-31,115820.7169310761
2005-02-01,115617.15907362774
2005-02-02,115546.2574083283
2005-02-03,116227.83264597278
2005-02-04,115937.36301348089
2005-02-07,89994.0105785908
2005-02-08,115690.34839602522
2005-02-09,115690.34839602522
2005-02-10,115690.34839602522
2005-02-11,115690.34839602522
2005-02-14,115690.34839602522
2005-02-15,115690.34839602522
2005-02-16,115690.34839602522
2005-02-17,115690.34839602522
2005-02-18,115690.34839602522
2005-02-21,115690.34839602522
2005-02-22,115690.34839602522
2005-02-23,115690.34839602522
2005-02-24,115690.34839602522
2005-02-25,115690.34839602522
2005-02-28,115690.34839602522
2005-03-01,138805.28000555106
2005-03-02,115635.1916817392
2005-03-03,115609.17767804593
2005-03-04,116001.39691408131
2005-03-07,116611.73896798484
2005-03-08,117134.02974921963
2005-03-09,117532.25362616856
2005-03-10,117182.05771612984
2005-03-11,116953.93021687184
2005-03-14,116673.77318349428
2005-03-15,92552.27871682018
2005-03-16,116321.57572648439
2005-03-17,139562.62655663595
2005-03-18,116034.39250743188
2005-03-21,115762.35285506413
2005-03-22,115459.86233206234
2005-03-23,114643.74647270789
2005-03-24,114148.39165873564
2005-03-28,114696.52901438982
2005-03-29,114858.94088585184
2005-03-30,114708.71091151782
2005-03-31,116070.16533651318
2005-04-01,115439.65558888401
2005-04-04,115467.110759595
2005-04-05,114949.70485555107
2005-04-06,115515.68256571317
2005-04-07,115929.60632221695
2005-04-08,115232.69451624158
2005-04-11,115671.96113542806
2005-04-12,115733.2035672781
2005-04-13,115857.80396144437
2005-04-15,92143.76278408676
2005-04-18,114890.57312051038
2005-04-19,114890.57312051038
2005-04-20,114890.57312051038
2005-04-21,114890.57312051038
2005-04-22,114890.57312051038
2005-04-25,114890.57312051038
2005-04-26,114890.57312051038
2005-04-27,114890.57312051038
2005-04-28,137845.70962998836
2005-04-29,114661.36632955159
2005-05-02,114863.34196522756
2005-05-03,114886.72882267127
2005-05-04,114837.83020951424
2005-05-05,115152.48709175005
2005-05-06,114914.3687207737
2005-05-09,114884.60392440166
2005-05-10,114905.86426151602
2005-05-11,114661.36632955159
2005-05-12,91912.4584964083
2005-05-13,114421.12143824589
2005-05-16,114421.12143824589
2005-05-17,114421.12143824589
2005-05-18,114421.12143824589
2005-05-19,114421.12143824589
2005-05-20,114421.12143824589
2005-05-23,114421.12143824589
2005-05-24,114421.12143824589
2005-05-25,114421.12143824589
2005-05-26,114421.12143824589
2005-05-27,114421.12143824589
2005-05-30,114421.12143824589
2005-05-31,114421.12143824589
2005-06-01,114421.12143824589
2005-06-02,114421.12143824589
2005-06-03,114421.12143824589
2005-06-06,114421.12143824589
2005-06-07,114421.12143824589
2005-06-08,114421.12143824589
2005-06-09,114421.12143824589
2005-06-10,137282.4615016074
2005-06-13,114521.31042291556
2005-06-14,114700.8758989845
2005-06-15,133026.2650230168
2005-06-16,115469.30221662337
2005-06-17,115925.41660503836
2005-06-20,117190.92044014522
2005-06-21,117946.1779935009
2005-06-22,117896.8611554146
2005-06-23,117443.55846664734
2005-06-24,91249.42724956029
2005-06-27,118197.90232480927
2005-06-28,117899.34938869331
2005-06-29,99645.85669897357
2005-06-30,118258.2315706393
2005-07-01,118258.2315706393
2005-07-04,118258.2315706393
2005-07-05,118258.2315706393
2005-07-06,118258.2315706393
2005-07-07,118258.2315706393
2005-07-08,118258.2315706393
2005-07-11,118258.2315706393
2005-07-12,118258.2315706393
2005-07-13,118258.2315706393
2005-07-14,118258.2315706393
2005-07-15,118258.2315706393
2005-07-18,118258.2315706393
2005-07-19,118258.2315706393
2005-07-20,118258.2315706393
2005-07-21,118258.2315706393
2005-07-22,118258.2315706393
2005-07-25,118258.2315706393
2005-07-26,118258.2315706393
2005-07-27,118258.2315706393
2005-07-28,118258.2315706393
2005-07-29,118258.2315706393
2005-08-01,118258.2315706393
2005-08-02,118258.2315706393
2005-08-03,118258.2315706393
2005-08-04,118258.2315706393
2005-08-05,118258.2315706393
2005-08-08,118258.2315706393
2005-08-09,118258.2315706393
2005-08-10,118258.2315706393
2005-08-11,118258.2315706393
2005-08-12,141886.22623845303
2005-08-16,136671.71836579184
2005-08-17,118478.14332488175
2005-08-18,118546.81619833803
2005-08-19,118328.06131020356
2005-08-22,118109.10370635957
2005-08-23,117404.79217788349
2005-08-24,117774.1699586504
2005-08-25,117737.73855439023
2005-08-26,114219.74979922145
2005-08-29,117425.21398947321
2005-08-30,98749.57588654659
2005-08-31,117665.96089282684
2005-09-01,136952.91519432506
2005-09-02,117626.25335470389
2005-09-05,117743.02463877213
2005-09-06,117775.26623962465
2005-09-08,118451.05697398062
2005-09-09,98216.16327248659
2005-09-12,119449.31635838223
2005-09-13,119443.93771185946
2005-09-14,119138.63952743886
2005-09-15,99208.18195187868
2005-09-16,119672.57401721439
2005-09-19,119672.57401721439
2005-09-20,119672.57401721439
2005-09-21,119672.57401721439
2005-09-22,119672.57401721439
2005-09-23,119672.57401721439
2005-09-26,119672.57401721439
2005-09-27,143583.15430585382
2005-09-28,120026.41528426913
2005-09-29,120264.61140239847
2005-09-30,119817.04578867585
2005-10-03,119838.28603132839
2005-10-04,120214.54453720988
2005-10-05,120074.96487348102
2005-10-06,119735.11774899779
2005-10-07,119660.77771022459
2005-10-10,119495.40597591309
2005-10-11,119648.70749031549
2005-10-13,119238.24292704693
2005-10-14,118892.6781646222
2005-10-17,119109.41461913646
2005-10-18,118668.36462218383
2005-10-19,137519.5219886025
2005-10-20,118370.7124201651
2005-10-21,119440.38203622952
2005-10-24,118668.91997550998
2005-10-25,131876.46559132473
2005-10-26,119339.49416852977
2005-10-27,117668.04870910024
2005-10-28,117311.71442710585
2005-10-31,118249.70922039286
2005-11-02,99833.43010173945
2005-11-04,135638.28275004946
2005-11-07,119402.64821821469
2005-11-08,100656.32117557975
2005-11-09,119984.83726341595
2005-11-10,119803.43466588562
2005-11-11,120397.50658968241
2005-11-14,120856.9185823507
2005-11-16,121481.03215592564
2005-11-17,122150.65996608113
2005-11-18,124664.18399743202
2005-11-21,121275.05379582611
2005-11-22,119515.05146784818
2005-11-23,121441.12666599342
2005-11-24,121946.22326772069
2005-11-25,122275.51223841704
2005-11-28,122210.54937859034
2005-11-29,122104.37152041981
2005-11-30,121880.53983586078
2005-12-01,122297.11943451202
2005-12-02,122548.10001336291
2005-12-05,121766.66357533241
2005-12-06,124999.26672555984
2005-12-07,122913.5038530301
2005-12-08,123100.33935391055
2005-12-09,124314.61517579736
2005-12-12,124368.32897398558
2005-12-13,124624.2160685314
2005-12-14,125192.46789755991
2005-12-15,141035.10436115687
2005-12-16,121052.0245705623
2005-12-19,126574.8395114425
2005-12-20,122026.58712262429
2005-12-21,125707.19577325897
2005-12-22,125565.17979558572
2005-12-23,125397.97734821429
2005-12-26,124464.57577822676
2005-12-27,126060.25806293188
2005-12-28,125979.54635624649
2005-12-29,127577.9702460971
2005-12-30,127272.83377263372
2006-01-02,127082.91691035336
2006-01-03,127645.68365142112
2006-01-04,128829.71419407026
2006-01-05,128269.63710189248
2006-01-06,127833.3852958702
2006-01-09,127168.75020024378
2006-01-10,126486.32948739357
2006-01-12,126206.10494666701
2006-01-13,126163.24363185692
2006-01-16,124979.81293590883
2006-01-17,126860.35133990666
2006-01-18,129490.25140814218
2006-01-19,130505.54411714284
2006-01-20,130734.10840184621
2006-01-23,130160.1562964575
2006-01-24,130168.31154304552
2006-01-25,130840.14114603118
2006-01-27,89879.91687359853
2006-01-30,131958.05965265428
2006-01-31,140074.6550988215
2006-02-01,131999.2353502172
2006-02-02,152639.90443082366
2006-02-03,131083.9167746316
2006-02-06,133204.23838189716
2006-02-07,133872.15357520813
2006-02-08,133337.58870997312
2006-02-10,132892.78070573203
2006-02-13,132806.42421196756
2006-02-14,128248.2703534737
2006-02-15,131875.03469344607
2006-02-16,110227.8003315647
2006-02-17,171438.80652971528
2006-02-20,131936.62324727996
2006-02-21,146323.6570091202
2006-02-22,132411.08409716864
2006-02-23,132125.06560710495
2006-02-24,132122.18788881207
2006-02-27,132842.43342699838
2006-02-28,126809.6782273584
2006-03-01,134688.16399913348
2006-03-02,135215.3262059921
2006-03-03,114643.41114668582
2006-03-06,135324.93048406517
2006-03-07,139960.79291226502
2006-03-08,134801.94791476353
2006-03-09,134886.19891872368
2006-03-10,135626.45283929489
2006-03-13,136488.7110852806
2006-03-14,138355.02138998758
2006-03-16,136710.80001373752
2006-03-17,115766.87836256617
2006-03-20,137237.57828835334
2006-03-21,140854.62773040787
2006-03-22,136583.98164910253
2006-03-23,136371.73179511912
2006-03-24,136794.0866761452
2006-03-27,136800.50776015114
2006-03-28,139224.60311320343
2006-03-29,136851.51306792352
2006-03-30,137308.6534367457
2006-03-31,136690.95422777464
2006-04-03,137697.4482051507
2006-04-04,137015.84318562923
2006-04-05,138134.6709678901
2006-04-07,136792.27762529178
2006-04-10,136766.385475654
2006-04-12,136073.8605201724
2006-04-13,134318.57719263496
2006-04-17,136354.49813344932
2006-04-18,138437.67502973735
2006-04-19,137955.54167282593
2006-04-20,137688.41759947783
2006-04-21,137917.59264010418
2006-04-24,136803.0524956922
2006-04-25,135785.2457467684
2006-04-26,111626.82443016101
2006-04-27,136223.7691011
2006-04-28,136631.48079199233
2006-05-02,114549.96417406667
2006-05-03,166004.26692362048
2006-05-04,138497.46988226485
2006-05-05,137993.45168533112
2006-05-08,138167.62583390487
2006-05-09,138241.10630550387
2006-05-10,138198.10635143187
2006-05-11,138157.28405177282
2006-05-12,137850.57363652444
2006-05-15,137370.77540831338
2006-05-16,137558.5569901068
2006-05-17,138285.96676378872
2006-05-18,136856.51079412043
2006-05-19,158479.18277712687
2006-05-22,134228.78856106504
2006-05-23,134752.1701282543
2006-05-24,133867.44831120863
2006-05-25,134763.5606591178
2006-05-26,152712.06732745742
2006-05-29,134505.2937891946
2006-05-30,134233.76519564315
2006-05-31,127630.44304642433
2006-06-01,131513.0412013949
2006-06-02,132249.02555551793
2006-06-05,147682.906250557
2006-06-06,131329.74196273612
2006-06-07,130282.89852212668
2006-06-08,126742.82977713029
2006-06-09,128121.9392812757
2006-06-12,127326.42422576188
2006-06-13,124424.35279325442
2006-06-14,107116.25977973547
2006-06-15,141750.60323531192
2006-06-16,110785.62750471078
2006-06-19,114828.52191715699
2006-06-20,128487.64753283992
2006-06-21,148739.95329077687
2006-06-22,130627.17988174147
2006-06-23,114620.16897997347
2006-06-26,131647.9391082445
2006-06-27,131203.09859551955
2006-06-28,131362.97003974387
2006-06-29,114674.04343515397
2006-06-30,173149.9981939198
2006-07-03,133378.96602532396
2006-07-04,133852.85005027085
2006-07-05,113195.92758047988
2006-07-06,134085.89495580632
2006-07-07,133837.45008941618
2006-07-10,134281.8677147372
2006-07-11,133733.68542156697
2006-07-12,135287.8674030649
2006-07-13,135266.0921770976
2006-07-14,116670.76604553
2006-07-17,174896.65280198865
2006-07-18,134287.63820670542
2006-07-19,132770.59389690342
2006-07-20,135249.97433766111
2006-07-21,134008.2597176953
2006-07-24,136540.29732496783
2006-07-25,153375.66907920365
2006-07-26,140083.16208381508
2006-07-27,140544.7283940734
2006-07-28,132680.70520971806
2006-07-31,94570.93841818628
2006-08-01,140439.22657656364
2006-08-02,140715.2503742259
2006-08-03,140751.1569291414
2006-08-04,140526.02147019026
2006-08-07,140125.2772937625
2006-08-08,126659.35923815687
2006-08-09,140964.3790781221
2006-08-10,140958.32984293188
2006-08-11,152435.4603824241
2006-08-14,140876.2258092705
2006-08-16,141096.02957990492
2006-08-17,140745.21672753713
2006-08-18,141023.24675671972
2006-08-21,163547.49133410354
2006-08-22,141185.58294822578
2006-08-23,140655.05578246884
2006-08-24,140812.63028389146
2006-08-25,112553.66978235732
2006-08-28,140876.02561809585
2006-08-29,141162.15497147656
2006-08-30,141109.09778858465
2006-08-31,141243.63473648773
2006-09-01,141704.09233468803
2006-09-04,147013.67878921915
2006-09-05,141736.02134374046
2006-09-06,141612.8367517944
2006-09-07,141459.9994106891
2006-09-08,141428.0627355342
2006-09-11,181901.1458180995
2006-09-12,142286.9732267581
2006-09-13,144779.2828021545
2006-09-14,145765.0936404197
2006-09-15,145612.96148508502
2006-09-18,136484.6697269252
2006-09-19,145801.09222536042
2006-09-20,146300.78361187424
2006-09-21,147406.10798558366
2006-09-22,146647.9218314233
2006-09-25,102628.54443655195
2006-09-26,147110.08330421872
2006-09-27,147427.24557427285
2006-09-28,148079.01648803474
2006-09-29,147787.22592194984
2006-10-03,125598.48632664946
2006-10-04,147728.55052934622
2006-10-05,147728.55052934622
2006-10-06,147728.55052934622
2006-10-09,177244.71492510958
2006-10-10,147974.3881548365
2006-10-11,148953.69508718222
2006-10-12,150067.0138799759
2006-10-13,150686.9940062705
2006-10-16,151455.71241304834
2006-10-17,151078.71821733576
2006-10-18,150765.04475152094
2006-10-19,150357.12363560734
2006-10-20,173887.58576189354
2006-10-23,142738.44165401708
2006-10-26,150494.50631768466
2006-10-27,150361.51144793798
2006-10-30,151406.01426547853
2006-10-31,151244.83213672764
2006-11-01,151185.5156198522
2006-11-02,151158.0652887916
2006-11-03,126025.64228979102
2006-11-06,155756.06943252348
2006-11-07,150590.32204702077
2006-11-08,150537.82744722586
2006-11-09,150546.3381190633
2006-11-10,150691.05417876842
2006-11-13,150891.10519272782
2006-11-14,151756.56812419297
2006-11-15,151488.41788014662
2006-11-16,151220.26417225337
2006-11-17,151441.59706157667
2006-11-20,120365.80196244386
2006-11-21,152085.72710371856
2006-11-22,152085.72710371856
2006-11-23,152085.72710371856
2006-11-24,152085.72710371856
2006-11-27,152085.72710371856
2006-11-28,152085.72710371856
2006-11-29,152085.72710371856
2006-11-30,152085.72710371856
2006-12-01,152085.72710371856
2006-12-04,152085.72710371856
2006-12-05,152085.72710371856
2006-12-06,152085.72710371856
2006-12-07,152085.72710371856
2006-12-08,206781.8379992999
2006-12-11,169746.41235601783
2006-12-12,148359.96124903945
2006-12-13,149319.38279321592
2006-12-14,151276.26281174313
2006-12-15,151762.9307803628
2006-12-18,152951.8731058712
2006-12-19,150884.97236908018
2006-12-20,149825.7658580915
2006-12-21,149818.6579205318
2006-12-22,118319.70711376131
2006-12-26,132003.25541056512
2006-12-27,151501.6718457693
2006-12-28,151798.06557486102
2006-12-29,151986.34009254063
2007-01-02,152480.32888251907
2007-01-03,153070.31972263573
2007-01-04,152676.99325439904
2007-01-05,129206.93249428904
2007-01-08,152750.62463552615
2007-01-09,183270.1994377043
2007-01-10,152261.03122800041
2007-01-11,152185.7783061494
2007-01-12,154155.90154557725
2007-01-15,155131.17876973617
2007-01-16,155194.3909485066
2007-01-17,178558.01411601852
2007-01-18,154317.01917672405
2007-01-19,154214.5039997991
2007-01-22,154136.60811456345
2007-01-23,122139.56528122154
2007-01-24,153314.34291780015
2007-01-25,153469.67054178967
2007-01-29,153138.4276958609
2007-01-31,128851.89723429002
2007-02-01,183289.784893229
2007-02-02,152936.01320256133
2007-02-05,153061.2192834228
2007-02-06,152886.404279786
2007-02-07,153073.03106902345
2007-02-08,153030.50748736644
2007-02-09,152626.5449965719
2007-02-12,151880.04072335875
2007-02-13,151811.5317901277
2007-02-14,176415.2453065984
2007-02-15,122778.41962006329
2007-02-19,153100.74281453431
2007-02-20,153061.13750104993
2007-02-21,152686.67078209616
2007-02-22,151997.75149950548
2007-02-23,151299.22848696422
2007-02-26,151144.402221946
2007-02-27,151724.1019685345
2007-02-28,153932.42868151626
2007-03-01,152032.31068809904
2007-03-02,151042.0913559917
2007-03-05,174895.17414746387
2007-03-06,150771.65829215595
2007-03-07,150320.67454547787
2007-03-08,152470.08035295285
2007-03-09,152409.88678057978
2007-03-12,152177.6535844239
2007-03-13,153102.62481143977
2007-03-14,150390.95059063405
2007-03-15,151270.28878726915
2007-03-16,150938.6141416903
2007-03-19,152227.13728090888
2007-03-20,152633.61508877834
2007-03-21,153205.706153368
2007-03-22,155593.56695440662
2007-03-23,154884.20995659396
2007-03-26,153294.9765113992
2007-03-28,151792.03950294142
2007-03-29,151933.43143429927
2007-03-30,152185.0514501818
2007-04-02,150283.4247211806
2007-04-03,150428.84022258047
2007-04-04,150640.61393759437
2007-04-05,151039.0363317936
2007-04-09,152310.46006674645
2007-04-10,152471.94584749418
2007-04-11,152052.30325173598
2007-04-12,151592.02273260127
2007-04-13,153504.17722448747
2007-04-16,126705.27633124824
2007-04-17,153084.8454531541
2007-04-18,153027.22564216514
2007-04-19,152930.84392441408
2007-04-20,153239.89563790025
2007-04-23,153033.5124628066
2007-04-24,152552.64741466212
2007-04-25,126888.78411172403
2007-04-26,152479.3131097671
2007-04-27,152479.3131097671
2007-04-30,152479.3131097671
2007-05-03,152479.3131097671
2007-05-04,182944.67986909856
2007-05-07,177270.44540520513
2007-05-08,171901.44314193638
2007-05-09,152354.26825030966
2007-05-10,167982.7050828613
2007-05-11,152595.99968259013
2007-05-14,153259.34498668285
2007-05-15,152778.22251900824
2007-05-16,153682.00751308518
2007-05-17,155452.547569534
2007-05-18,142740.37860608083
2007-05-21,130601.93854969497
2007-05-22,182500.72554351762
2007-05-23,157028.05515554067
2007-05-24,159498.52923526085
2007-05-25,156617.8589444496
2007-05-28,157342.46698735634
2007-05-29,157876.29896931836
2007-05-30,156292.71962874525
2007-05-31,157226.9678233016
2007-06-01,137991.58976814363
2007-06-04,157412.33666155845
2007-06-05,136716.0315564946
2007-06-06,180444.62451503414
2007-06-07,161086.19874313107
2007-06-08,157376.35380771395
2007-06-11,157877.07726148303
2007-06-12,158368.6458731405
2007-06-13,157780.7425631017
2007-06-14,158458.1278202568
2007-06-15,157776.160394731
2007-06-18,174692.0906549294
2007-06-19,152809.42953499156
2007-06-20,153897.89932745558
2007-06-21,156800.8843452976
2007-06-22,173459.24332710681
2007-06-25,156985.09289008917
2007-06-26,156571.06624328851
2007-06-27,156503.06757490698
2007-06-28,156597.67046200042
2007-06-29,158047.5542175731
2007-07-02,139400.19070867667
2007-07-03,159396.44855238084
2007-07-04,157355.95893330572
2007-07-05,157482.50404294085
2007-07-06,161898.0491880577
2007-07-09,159452.95331136655
2007-07-10,159417.28483163414
2007-07-11,157892.90768141393
2007-07-12,159168.1084711562
2007-07-13,159983.3177998419
2007-07-16,159701.07911400532
2007-07-17,159893.60199474485
2007-07-18,139396.78826230345
2007-07-19,164254.02815307857
2007-07-20,142261.69555501666
2007-07-23,161854.16653651948
2007-07-24,162174.19879262685
2007-07-25,185665.2470340981
2007-07-26,163965.0973407579
2007-07-27,161998.411312674
2007-07-30,161201.1015093835
2007-07-31,164867.47486536566
2007-08-01,159443.83826210222
2007-08-02,158359.03346200834
2007-08-03,158943.3297913544
2007-08-06,158136.82486232248
2007-08-07,158871.43399363692
2007-08-08,161038.3022332798
2007-08-09,160691.55851574926
2007-08-10,160496.67739046854
2007-08-13,160437.70452007055
2007-08-14,160826.17168201797
2007-08-16,176751.4513847861
2007-08-17,156565.9873680597
2007-08-20,157888.17876845325
2007-08-21,154674.13859209776
2007-08-22,154001.78892191514
2007-08-23,155002.06748523342
2007-08-24,155973.78751239486
2007-08-27,158218.2803566116
2007-08-28,136801.8804412726
2007-08-29,158844.90483003232
2007-08-30,139975.57469580165
2007-08-31,160677.4771325664
2007-09-03,183842.25792372946
2007-09-04,161201.6773062379
2007-09-05,164291.69271720096
2007-09-06,161714.01507023996
2007-09-07,161482.4268778212
2007-09-10,160700.02183161257
2007-09-11,159646.99879890383
2007-09-12,159765.54335382296
2007-09-13,157796.58506501955
2007-09-14,160341.93366701074
2007-09-17,159811.17166618106
2007-09-18,159758.33517890895
2007-09-19,163358.87102585795
2007-09-20,161158.7190784812
2007-09-21,162863.0364503926
2007-09-24,162683.84747935116
2007-09-25,163170.07166335327
2007-09-26,163836.7811238765
2007-09-27,138964.9903698097
2007-09-28,165088.276535773
2007-10-01,168842.56405285225
2007-10-03,170554.2413559952
2007-10-04,167008.8744239351
2007-10-05,166605.84473661153
2007-10-08,167055.3068123201
2007-10-09,168127.50619765185
2007-10-10,170058.15573247577
2007-10-11,166495.5965528358
2007-10-12,165578.81030273877
2007-10-15,137173.13988480926
2007-10-16,193349.73789007872
2007-10-17,138838.84308481263
2007-10-18,194367.391177512
2007-10-19,188721.20191089122
2007-10-22,165379.4949525669
2007-10-23,167010.99096807343
2007-10-24,166466.55864614592
2007-10-25,167045.0840562952
2007-10-26,167624.38047357794
2007-10-29,169355.3426576259
2007-10-30,140857.21349692938
2007-10-31,191847.36894352944
2007-11-01,167691.52628663773
2007-11-02,142358.73824775752
2007-11-05,170047.38542714648
2007-11-06,169857.36534245202
2007-11-07,168352.274309183
2007-11-08,167808.00270847345
2007-11-12,166270.9136801393
2007-11-13,165704.25742272104
2007-11-14,146048.615766122
2007-11-15,205091.0947373838
2007-11-16,167153.18321245108
2007-11-19,167432.98856495804
2007-11-20,165452.0785607206
2007-11-21,164586.50992565852
2007-11-22,164518.96890697704
2007-11-23,165306.87166454786
2007-11-26,187847.641990558
2007-11-27,166603.31738892064
2007-11-28,165525.8695874686
2007-11-29,155362.34030664514
2007-11-30,168193.4777331475
2007-12-03,168824.93831093123
2007-12-04,168630.80259878415
2007-12-05,168824.2111226858
2007-12-06,168929.8726688488
2007-12-07,171318.34946159573
2007-12-10,148647.9434291385
2007-12-11,194366.75587972195
2007-12-12,170053.4895160665
2007-12-13,117904.62925711542
2007-12-14,198199.8986137889
2007-12-17,190645.34844198643
2007-12-18,166680.44647406947
2007-12-19,167340.3684170377
2007-12-20,168807.26142953217
2007-12-24,172859.0773839343
2007-12-26,149853.05879756957
2007-12-27,173662.15685372375
2007-12-28,171928.72466291543
2007-12-31,146905.41428991157
2008-01-01,171619.1874181462
2008-01-02,171495.6410853553
2008-01-03,199006.49510990165
2008-01-04,192868.83277012198
2008-01-07,168425.18854994047
2008-01-08,169445.07562436315
2008-01-09,169358.70020265545
2008-01-10,168073.75817254282
2008-01-11,165486.97126423143
2008-01-14,167839.5679873446
2008-01-15,166453.82647601806
2008-01-16,165909.42259600887
2008-01-17,163541.1865946471
2008-01-18,140829.70590309103
2008-01-21,159243.79039139932
2008-01-22,158344.1550572014
2008-01-23,160716.7500578415
2008-01-24,160039.68984275876
2008-01-25,191155.63363144224
2008-01-28,160163.21339951258
2008-01-29,160597.3051440715
2008-01-30,160614.41150297856
2008-01-31,137292.79263133762
2008-02-01,185569.11464314605
2008-02-04,164826.91471427327
2008-02-05,163267.58908236615
2008-02-06,160172.17842046142
2008-02-07,158824.6892986589
2008-02-08,158289.4579850228
2008-02-11,159471.49711551896
2008-02-12,158155.25069614075
2008-02-13,159233.47339582496
2008-02-14,160455.4364108039
2008-02-15,139032.52485843917
2008-02-18,160500.44091710006
2008-02-19,161322.79122787717
2008-02-20,161053.09653700923
2008-02-21,184529.25140805737
2008-02-22,135640.5657081118
2008-02-25,183173.31939719451
2008-02-26,161340.4218830563
2008-02-27,160157.06977248596
2008-02-28,160296.6816298911
2008-02-29,159240.3700189432
2008-03-03,156311.81669761022
2008-03-04,155274.51683117295
2008-03-05,156218.85009221945
2008-03-07,157341.83061657386
2008-03-10,154292.5248756505
2008-03-11,170773.24055014076
2008-03-12,153930.7595417561
2008-03-13,149923.3003504565
2008-03-14,152216.23602408014
2008-03-17,147107.90949204538
2008-03-18,147801.585944203
2008-03-19,148687.74699319963
2008-03-24,143488.49654543257
2008-03-25,138458.34835570533
2008-03-26,175611.52521028696
2008-03-27,154746.52589313986
2008-03-28,155822.4403803459
2008-03-31,150785.25141160912
2008-04-01,150473.08183309808
2008-04-02,167930.9932878565
2008-04-03,154253.16491044854
2008-04-04,151948.8811527791
2008-04-07,133444.95070950285
2008-04-08,153777.77796216766
2008-04-09,156434.3653503504
2008-04-10,154624.6722350872
2008-04-11,154955.78849220742
2008-04-15,157337.01395111694
2008-04-16,141469.94284585497
2008-04-17,161610.3934290099
2008-04-21,144445.46787216642
2008-04-22,159074.95817172085
2008-04-23,164963.81402582102
2008-04-24,182827.92206812176
2008-04-25,161253.13773511615
2008-04-28,161080.43684815994
2008-04-29,163580.3135920251
2008-04-30,163520.96003868053
2008-05-02,164883.1313282681
2008-05-05,164664.95743856762
2008-05-06,165082.4511769269
2008-05-07,159222.91083208553
2008-05-08,165146.74316456178
2008-05-09,162535.701778734
2008-05-12,163328.31064003624
2008-05-13,162680.0994304032
2008-05-14,164999.48212290194
2008-05-15,166423.28050291978
2008-05-16,166398.80882427582
2008-05-20,166163.154629105
2008-05-21,140328.7302895106
2008-05-22,184907.84518383967
2008-05-23,197490.14952038878
2008-05-26,161985.9386975632
2008-05-27,161750.95581534985
2008-05-28,163749.72933632488
2008-05-29,161713.66942797028
2008-05-30,163748.60206487068
2008-06-02,160719.72941243363
2008-06-03,153149.71551824105
2008-06-04,157520.43608843518
2008-06-05,118375.6201889709
2008-06-06,156119.1380119181
2008-06-09,179718.56252682436
2008-06-10,155569.29061666402
2008-06-11,157911.40689293106
2008-06-12,157240.0600693589
2008-06-13,156639.44781923105
2008-06-16,157409.83822969542
2008-06-17,164689.2977542245
2008-06-18,157590.92751041037
2008-06-19,155836.29113749467
2008-06-20,150051.51964645946
2008-06-23,130915.1492924779
2008-06-24,173112.7410812914
2008-06-25,169587.14735175378
2008-06-26,152165.88645081507
2008-06-27,148789.170715475
2008-06-30,147961.82494797115
2008-07-01,143688.13887773783
2008-07-02,149277.6816392874
2008-07-03,145665.62521570828
2008-07-04,145089.81772795378
2008-07-07,147579.61024328394
2008-07-08,127477.98413175737
2008-07-09,152747.19511287086
2008-07-10,148514.509828044
2008-07-11,164093.1425331843
2008-07-14,143309.64532495555
2008-07-15,154254.64493941114
2008-07-16,137601.36551316158
2008-07-17,141928.52561612023
2008-07-18,142045.90806240638
2008-07-21,148670.86491507402
2008-07-22,150207.56430777413
2008-07-23,129858.03196062645
2008-07-24,154874.77561593763
2008-07-25,135850.90803329617
2008-07-28,152634.12681521047
2008-07-29,163758.77819201737
2008-07-30,153431.1387133953
2008-07-31,153378.701965657
2008-08-01,173216.95392531395
2008-08-04,153272.8383432607
2008-08-05,171041.35722359922
2008-08-06,159312.94177443383
2008-08-07,159848.04393257925
2008-08-08,160314.246398409
2008-08-11,162228.8649440885
2008-08-12,123749.84943687326
2008-08-13,158937.01742117762
2008-08-14,158728.4606924528
2008-08-18,165014.9476193314
2008-08-19,145354.16166715886
2008-08-20,159620.5178641435
2008-08-21,177211.29552239197
2008-08-22,158362.46741082193
2008-08-25,174963.12521907222
2008-08-26,159576.98185906778
2008-08-27,158758.2506841035
2008-08-28,156690.43090112586
2008-08-29,160516.67402491716
2008-09-01,150734.7103906037
2008-09-02,164177.42460750695
2008-09-04,141291.90383893036
2008-09-05,161203.65582713374
2008-09-08,170024.95134569914
2008-09-09,146621.97205049178
2008-09-10,162392.1335153588
2008-09-11,161095.563463093
2008-09-12,159241.56147022903
2008-09-15,169113.82893245074
2008-09-16,158106.1637620303
2008-09-17,156220.19598230364
2008-09-18,157318.66222420568
2008-09-19,161264.90562292252
2008-09-22,139962.8286072235
2008-09-23,181469.78471209426
2008-09-24,159258.20538119768
2008-09-25,158817.281949904
2008-09-26,156023.06326274842
2008-09-29,168352.3048525
2008-09-30,154716.9293873944
2008-10-01,157174.4472947104
2008-10-03,153875.36813175073
2008-10-06,149932.8475677911
2008-10-07,146893.00038858427
2008-10-08,143683.47224295457
2008-10-10,153059.22799321538
2008-10-13,113854.35157939562
2008-10-14,164785.82286194767
2008-10-15,142566.97684430805
2008-10-16,139069.78209247932
2008-10-17,134711.55638572414
2008-10-20,137830.78965051
2008-10-21,125069.04115370991
2008-10-22,139628.70596618482
2008-10-23,157085.9552496916
2008-10-24,137590.1650377455
2008-10-27,129922.95809971282
2008-10-29,149823.83614128744
2008-10-31,143896.91094580817
2008-11-03,147575.99206415488
2008-11-04,148137.46700172857
2008-11-05,144457.04049657867
2008-11-06,119203.73817155506
2008-11-07,123131.58425606399
2008-11-10,147331.06635686636
2008-11-11,141277.09741787025
2008-11-12,153029.2324515549
2008-11-14,140727.73136110546
2008-11-17,138663.84221209396
2008-11-18,136758.91089144707
2008-11-19,135980.48579060208
2008-11-20,148788.2195826865
2008-11-21,136730.2492930862
2008-11-24,135431.69082326762
2008-11-25,134646.88015100785
2008-11-26,133631.61148754746
2008-11-27,139517.2025261448
2008-11-28,140846.02267340643
2008-12-01,138875.322881923
2008-12-02,150985.83789350046
2008-12-03,136783.89637965374
2008-12-04,138078.9463023228
2008-12-05,138230.67359434458
2008-12-08,137049.27928784656
2008-12-10,138950.10034291516
2008-12-11,142386.49984483133
2008-12-12,142135.40274750872
2008-12-15,142939.49189671388
2008-12-16,147553.50443726173
2008-12-17,145304.86211934703
2008-12-18,130327.5940204162
2008-12-19,149534.26833627268
2008-12-22,150440.81943347838
2008-12-23,146377.2044546314
2008-12-24,133736.66293873734
2008-12-26,144146.18539494718
2008-12-29,144986.07292894716
2008-12-30,151373.87320825574
2008-12-31,144891.0824096547
2009-01-02,146340.27007979795
2009-01-05,149148.93397870008
2009-01-06,149022.74221468487
2009-01-07,148645.41379781108
2009-01-09,165949.80763456703
2009-01-12,159673.72641111797
2009-01-13,123874.23398023479
2009-01-14,149438.514082194
2009-01-15,145658.5633064277
2009-01-16,147155.80258674594
2009-01-19,147045.10340818416
2009-01-20,145029.2156672214
2009-01-21,141675.3972412254
2009-01-22,143521.89917177355
2009-01-23,144509.0007942269
2009-01-27,162749.5061868602
2009-01-28,147867.37246120776
2009-01-29,148659.87213349828
2009-01-30,149671.84969332768
2009-02-02,142947.90498204101
2009-02-03,147113.92554763184
2009-02-04,143165.446337117
2009-02-05,145647.2470348145
2009-02-06,143732.87491870398
2009-02-09,150854.22995419562
2009-02-10,136715.25576897428
2009-02-11,150861.96440780925
2009-02-12,149702.9958541557
2009-02-13,150405.2046391249
2009-02-16,152557.41786233796
2009-02-17,161599.77181097845
2009-02-18,145561.58120261075
2009-02-19,145696.3878627997
2009-02-20,142627.0445887887
2009-02-24,127151.99772456985
2009-02-25,143439.86962402592
2009-02-26,143373.26507241928
2009-02-27,143520.84757330568
2009-03-02,153957.3057535744
2009-03-03,141844.2402417092
2009-03-04,139065.01611867675
2009-03-05,136399.21859377326
2009-03-06,138184.80723374104
2009-03-09,136253.02141009847
2009-03-12,138807.23768431044
2009-03-13,143723.38721171976
2009-03-16,143871.71862763749
2009-03-17,126964.98668447803
2009-03-18,147366.73962409957
2009-03-19,145529.62692843884
2009-03-20,146812.72248307746
2009-03-23,148394.6353583813
2009-03-24,149593.398986331
2009-03-25,151670.59345409987
2009-03-26,169395.25018548223
2009-03-27,154779.31157020462
2009-03-30,115652.35322906838
2009-03-31,168125.18396783865
2009-04-01,130967.17231942568
2009-04-02,153992.49710159862
2009-04-06,170208.59216237883
2009-04-08,155298.4245759012
2009-04-09,140036.84480194692
2009-04-13,156516.11154633077
2009-04-15,158901.38387111243
2009-04-16,154241.506112506
2009-04-17,155264.24570471965
2009-04-20,138274.1950244221
2009-04-21,153755.93408559554
2009-04-22,153762.0456528429
2009-04-23,155926.43962770991
2009-04-24,156520.089182585
2009-04-27,157017.72772414074
2009-04-28,178573.34131384548
2009-04-29,156720.82968657286
2009-04-30,159588.5421869428
2009-05-04,138772.32466900078
2009-05-05,187585.67276474705
2009-05-06,163166.91180795062
2009-05-07,162820.10488285183
2009-05-08,161659.0753520856
2009-05-11,161112.28034873525
2009-05-12,163407.3595509401
2009-05-13,162524.44856135582
2009-05-14,162326.8070394128
2009-05-15,163993.59261006254
2009-05-18,174444.35353088076
2009-05-19,168475.80089996004
2009-05-20,168050.16637179375
2009-05-21,166409.7576461929
2009-05-22,166212.5603789236
2009-05-25,165827.1534309411
2009-05-26,139355.77876301337
2009-05-27,172179.2108404496
2009-05-28,167360.0410515552
2009-05-29,169289.73080348404
2009-06-01,170340.84212229843
2009-06-02,173959.57575130434
2009-06-03,169660.24470383258
2009-06-04,169865.93663134586
2009-06-05,171686.90877224805
2009-06-08,173305.12573563872
2009-06-09,175871.77428997736
2009-06-10,143291.070510921
2009-06-11,204748.5222284179
2009-06-12,175017.7247685719
2009-06-15,175338.1547061167
2009-06-16,144212.55579910602
2009-06-17,175289.9594020394
2009-06-18,175526.0370028221
2009-06-19,176263.15830675978
2009-06-22,176197.12283971484
2009-06-23,205260.39298770222
2009-06-24,177231.49787512943
2009-06-25,177420.7354340885
2009-06-26,179614.50513184335
2009-06-29,177981.62071708016
2009-06-30,178166.62716099696
2009-07-01,178726.53396129183
2009-07-02,178514.32129173007
2009-07-03,178732.04093172104
2009-07-06,177178.6045823235
2009-07-07,146286.93492976372
2009-07-08,176942.75500447152
2009-07-09,148516.12153681053
2009-07-10,176462.14807186555
2009-07-13,176462.14807186555
2009-07-14,176462.14807186555
2009-07-15,176462.14807186555
2009-07-16,176462.14807186555
2009-07-17,176462.14807186555
2009-07-20,176462.14807186555
2009-07-21,176462.14807186555
2009-07-22,176462.14807186555
2009-07-23,176462.14807186555
2009-07-24,176462.14807186555
2009-07-27,176462.14807186555
2009-07-28,176462.14807186555
2009-07-29,176462.14807186555
2009-07-30,176462.14807186555
2009-07-31,176462.14807186555
2009-08-03,176462.14807186555
2009-08-04,176462.14807186555
2009-08-05,176462.14807186555
2009-08-06,176462.14807186555
2009-08-07,176462.14807186555
2009-08-10,176462.14807186555
2009-08-11,176462.14807186555
2009-08-12,211719.28525662428
2009-08-13,177021.94229187415
2009-08-14,177237.1298011048
2009-08-17,175563.44786012082
2009-08-18,203755.8759755151
2009-08-19,173942.9827220011
2009-08-20,174328.77446797522
2009-08-21,175324.48777028685
2009-08-24,176812.12755020114
2009-08-25,178095.73696487598
2009-08-26,173123.22533014417
2009-08-27,179432.97005487024
2009-08-28,179511.24305852895
2009-08-31,177741.7523185502
2009-09-01,148173.19026665008
2009-09-02,177237.8088734299
2009-09-03,176648.741850068
2009-09-04,177383.79753172057
2009-09-07,177700.5922575302
2009-09-08,178762.661598204
2009-09-09,184448.81171994994
2009-09-10,179733.62914791814
2009-09-11,179624.09641482387
2009-09-14,179601.69133750923
2009-09-15,180288.7663424423
2009-09-16,180340.2124945555
2009-09-17,178716.29417471628
2009-09-18,178988.46977769595
2009-09-22,178912.12811048116
2009-09-23,144094.53604169842
2009-09-24,214733.44008772806
2009-09-25,179518.11384566044
2009-09-29,180131.6999917432
2009-09-30,180652.52628837203
2009-10-01,180187.86809048653
2009-10-05,179587.89790231583
2009-10-06,179502.7958930094
2009-10-07,207551.78780882392
2009-10-08,172263.4649965703
2009-10-09,177467.54615323446
2009-10-12,179326.5342244273
2009-10-13,179282.04163810803
2009-10-14,180174.984283171
2009-10-15,179455.59680929186
2009-10-16,180924.17007161657
2009-10-20,181538.51811678772
2009-10-21,151478.89131225686
2009-10-22,187336.0160765259
2009-10-23,179878.41803223998
2009-10-26,179335.21932910377
2009-10-27,178921.8786728775
2009-10-28,179654.3483122394
2009-10-29,179064.46870072183
2009-10-30,177905.92869048286
2009-11-03,175994.54968441383
2009-11-04,177728.53987886364
2009-11-05,145124.75822892046
2009-11-06,178075.67786028478
2009-11-09,213655.19829676967
2009-11-10,178262.8824731558
2009-11-11,207789.16957541957
2009-11-12,179702.4303901121
2009-11-13,180793.7255587811
2009-11-16,181001.47285126208
2009-11-17,182126.5392920527
2009-11-18,181488.81977980566
2009-11-19,180870.09381842182
2009-11-20,182158.94555022454
2009-11-23,143521.9871109255
2009-11-24,182938.94784741887
2009-11-25,153624.38608481514
2009-11-26,183174.57427485287
2009-11-27,183174.57427485287
2009-11-30,183174.57427485287
2009-12-01,183174.57427485287
2009-12-02,183174.57427485287
2009-12-03,183174.57427485287
2009-12-04,219772.85421496848
2009-12-07,182014.83949650964
2009-12-08,182867.25295751286
2009-12-09,182581.43314878567
2009-12-10,182579.75190860836
2009-12-11,182561.25826665806
2009-12-14,182450.29192566322
2009-12-15,181900.5106751602
2009-12-16,181750.8758100874
2009-12-17,181340.6419835934
2009-12-18,182588.10647050588
2009-12-21,180719.2788158927
2009-12-22,180799.7721436813
2009-12-23,182481.18620139733
2009-12-24,182842.513026722
2009-12-29,182983.8217311635
2009-12-30,182833.56958897892
2009-12-31,183352.30330668268
2010-01-04,180864.34187806424
2010-01-05,182614.31099220383
2010-01-06,183201.85635042534
2010-01-07,213035.84271424255
2010-01-08,183089.94795782017
2010-01-11,182943.67104212663
2010-01-12,184506.8274152216
2010-01-13,186225.92507076164
2010-01-14,186994.21685877687
2010-01-15,187094.75860702214
2010-01-18,149813.12979505933
2010-01-19,217112.5975339375
2010-01-20,185977.82037494887
2010-01-21,153431.6755372339
2010-01-22,184947.7471696141
2010-01-25,184612.37090788
2010-01-27,184200.25628332005
2010-01-28,184473.1046388151
2010-01-29,184730.3214920647
2010-02-01,184707.58476152585
2010-02-02,191797.30563670275
2010-02-03,184394.54108511945
2010-02-04,183864.34720332245
2010-02-05,182522.74583494602
2010-02-08,182975.91834863357
2010-02-09,182936.51089939498
2010-02-10,182644.54806927562
2010-02-11,183721.05369244044
2010-02-15,183536.55920195222
2010-02-16,147354.52084402132
2010-02-17,183814.19531149458
2010-02-18,220540.2715347312
2010-02-19,183240.05009032422
2010-02-22,183046.8136619033
2010-02-23,182951.1155977614
2010-02-24,183078.09876423504
2010-02-25,182500.22732209988
2010-02-26,183083.6196646465
2010-03-02,183240.05009032422
2010-03-03,184771.22403061338
2010-03-04,183889.22289100027
2010-03-05,184184.24879416666
2010-03-08,183977.1730815777
2010-03-09,212947.9387991673
2010-03-10,184551.73784621808
2010-03-11,185274.27393930484
2010-03-12,185666.47794491425
2010-03-15,186707.81318230976
2010-03-16,188579.06661762582
2010-03-17,189091.19655380992
2010-03-18,149660.4715375935
2010-03-19,188595.49479345066
2010-03-22,188852.3564079757
2010-03-23,157123.96608742545
2010-03-25,188892.61300543486
2010-03-26,188892.61300543486
2010-03-29,188892.61300543486
2010-03-30,188892.61300543486
2010-03-31,188892.61300543486
2010-04-01,188892.61300543486
2010-04-05,188892.61300543486
2010-04-06,188892.61300543486
2010-04-07,226633.35708392074
2010-04-08,188081.44684417403
2010-04-09,188687.79599072057
2010-04-12,188776.32625773494
2010-04-13,188560.84566626948
2010-04-15,187551.9333523132
2010-04-16,187336.45276084775
2010-04-19,186586.44988665756
2010-04-20,186633.2194155967
2010-04-21,188342.66627405985
2010-04-22,187056.57657379095
2010-04-23,187496.2834202516
2010-04-26,186897.64593384584
2010-04-27,186544.46542418908
2010-04-28,184990.48061210592
2010-04-29,185619.13743985182
2010-04-30,185567.92797521278
2010-05-03,185220.04499638078
2010-05-04,185128.2187711505
2010-05-05,186048.4568006401
2010-05-06,184609.7083143575
2010-05-07,215101.88684723838
2010-05-10,211508.69050145248
2010-05-11,187083.9705155971
2010-05-12,187822.34523128078
2010-05-13,188009.21433084228
2010-05-14,185966.31683111662
2010-05-17,184326.9288648043
2010-05-18,184313.50385495825
2010-05-19,171536.85491253837
2010-05-20,181726.98111684047
2010-05-21,152286.52006448942
2010-05-24,160758.34862016357
2010-05-25,181149.0148379485
2010-05-26,181735.94211362695
2010-05-27,182108.01148958987
2010-05-28,213518.8441187684
2010-05-31,182816.16676032
2010-06-01,180808.60669463722
2010-06-02,184606.046043011
2010-06-03,181959.499907477
2010-06-04,182393.0941695681
2010-06-07,180836.79450534203
2010-06-08,179621.22921312542
2010-06-09,180191.5032035367
2010-06-10,180600.25820563638
2010-06-11,151772.90974306373
2010-06-14,182642.96639076163
2010-06-15,182720.42187401056
2010-06-16,216586.85976344315
2010-06-17,183111.6497338944
2010-06-18,182040.0318988241
2010-06-21,183444.1094988086
2010-06-22,183107.55923120474
2010-06-23,206558.33757852457
2010-06-24,182516.26880894802
2010-06-25,181292.33579776014
2010-06-28,182717.7472649033
2010-06-29,180668.0502549829
2010-06-30,168667.0187391138
2010-07-01,202246.33481524565
2010-07-02,181082.23509741758
2010-07-05,180971.2007002173
2010-07-06,182825.76077922407
2010-07-07,159177.9080719669
2010-07-08,182733.28505694823
2010-07-09,183098.8507502828
2010-07-12,184110.99071902045
2010-07-13,184233.23787527205
2010-07-14,184209.0256373845
2010-07-15,187112.9562173207
2010-07-16,184337.87971636822
2010-07-19,184032.89154312917
2010-07-20,183455.30958195697
2010-07-21,184179.8096605428
2010-07-22,184216.8352365166
2010-07-23,184679.97094910045
2010-07-26,184782.6458115204
2010-07-27,185248.8531908014
2010-07-28,162524.3329269196
2010-07-29,188402.56466842044
2010-07-30,183341.84876051522
2010-08-02,209018.41383805653
2010-08-03,185564.71718695678
2010-08-04,186504.64346215475
2010-08-05,185752.99292161615
2010-08-06,185333.68908911166
2010-08-09,186341.74284180315
2010-08-10,186018.34291740955
2010-08-11,151522.2946347266
2010-08-12,207783.02232298994
2010-08-13,184631.23424548804
2010-08-16,160938.36183636772
2010-08-17,210431.9194512526
2010-08-18,185602.9684603722
2010-08-19,207834.68486452254
2010-08-20,186110.37821602746
2010-08-23,186707.38210941438
2010-08-24,185983.50055905269
2010-08-25,185478.73910105668
2010-08-26,159070.0126590009
2010-08-27,183881.9417130908
2010-08-30,184038.3631685648
2010-08-31,157065.35176900402
2010-09-01,184808.0662071762
2010-09-02,164464.3350108113
2010-09-03,184847.8681282143
2010-09-06,216793.38578343377
2010-09-07,210786.77867038388
2010-09-08,185378.12978279416
2010-09-09,183216.5056699127
2010-09-13,188867.92911853333
2010-09-14,189165.01452342415
2010-09-15,190640.6795878414
2010-09-16,189500.06598989284
2010-09-17,190564.3016541919
2010-09-20,185106.68118775345
2010-09-21,192300.54598486546
2010-09-22,212994.45502750052
2010-09-23,185743.54006612735
2010-09-24,190450.67015889325
2010-09-27,190474.2443963421
2010-09-28,189749.63603377494
2010-09-29,189675.5389546935
2010-09-30,189934.9558382844
2010-10-01,192227.77553177014
2010-10-04,188473.00074538842
2010-10-05,190059.81665391297
2010-10-06,170951.24549080865
2010-10-07,198315.46146069572
2010-10-08,192882.34224711888
2010-10-11,193467.23707054454
2010-10-12,193274.11292631348
2010-10-13,194840.3424344444
2010-10-14,194414.38703767656
2010-10-15,192626.7968430776
2010-10-18,197426.91131610662
2010-10-19,211738.4720514735
2010-10-20,191882.2553052309
2010-10-21,188919.31259721334
2010-10-22,195063.14165833552
2010-10-25,195847.1390745641
2010-10-26,195619.4442590097
2010-10-27,194287.8379320251
2010-10-28,193649.22119686077
2010-10-29,195798.5769668616
2010-11-01,167156.55271187294
2010-11-02,184702.68326533973
2010-11-03,197035.95881041704
2010-11-04,207090.8404993874
2010-11-08,224711.1229954453
2010-11-09,199247.58321860555
2010-11-10,198881.17910009922
2010-11-11,197453.85701303656
2010-11-12,195437.32771850773
2010-11-15,196070.45182600274
2010-11-16,188489.4809802392
2010-11-18,191605.79171368
2010-11-19,214244.7254697335
2010-11-22,191087.29769782757
2010-11-23,192765.42529883626
2010-11-24,191330.84278578343
2010-11-25,191573.4600912364
2010-11-26,191697.1149477152
2010-11-29,194080.5769790501
2010-11-30,190940.00150983722
2010-12-01,194254.3021826536
2010-12-02,192142.8967381201
2010-12-03,171708.94823006666
2010-12-06,201247.9006977264
2010-12-07,195469.0421808912
2010-12-08,194652.10829098884
2010-12-09,193014.12924572208
2010-12-10,195119.42331670446
2010-12-13,195628.6281713317
2010-12-14,199212.09685355102
2010-12-15,195566.8772135062
2010-12-16,201560.7739948548
2010-12-20,166060.96540340464
2010-12-21,227056.95578224998
2010-12-22,198176.1821439733
2010-12-23,198515.24651432692
2010-12-24,198256.6124496911
2010-12-27,198377.14823950216
2010-12-28,197745.69671433797
2010-12-29,198502.94290958878
2010-12-30,199124.83970045575
2010-12-31,199457.51894228114
2011-01-03,199500.02466264594
2011-01-04,198237.07039264005
2011-01-05,198156.18177896494
2011-01-06,198177.22330653793
2011-01-07,196646.59590234465
2011-01-10,195113.80700362817
2011-01-11,189687.64034091932
2011-01-12,196564.88967987208
2011-01-13,197133.92490418945
2011-01-14,193238.3842347319
2011-01-17,193898.9348924462
2011-01-18,168764.14551982566
2011-01-19,196118.41490825423
2011-01-20,225775.6920855293
2011-01-21,198163.23241499095
2011-01-24,220974.588887266
2011-01-25,170684.90370052736
2011-01-27,194260.6627801007
2011-01-28,193141.42963574754
2011-01-31,216429.61233482795
2011-02-01,191589.76883502357
2011-02-02,193254.1393044417
2011-02-03,191102.9636292606
2011-02-04,192155.1214154707
2011-02-07,170137.83294464287
2011-02-08,190521.59807055333
2011-02-09,190120.28978851534
2011-02-10,191354.32639621044
2011-02-11,190511.8190773817
2011-02-14,197217.0694572893
2011-02-15,192962.32174827045
2011-02-16,192753.82223234928
2011-02-17,214825.14716557608
2011-02-18,192948.28901244828
2011-02-21,194574.00369926868
2011-02-22,193889.6568759639
2011-02-23,192786.43872353344
2011-02-24,159686.9424714173
2011-02-25,190264.20135661497
2011-02-28,163812.4741182716
2011-03-01,220030.93660932596
2011-03-03,177674.9079457309
2011-03-04,190066.95731798126
2011-03-07,189721.46282817487
2011-03-08,190278.08905261307
2011-03-09,190986.7955930694
2011-03-10,190099.87607467215
2011-03-11,215874.9442566171
2011-03-14,191799.8954074977
2011-03-15,163326.98042666796
2011-03-16,218772.12725222312
2011-03-17,157209.30103841217
2011-03-18,218340.20104538114
2011-03-21,190194.73720009928
2011-03-22,212665.8848658938
2011-03-23,191743.51835124232
2011-03-24,192962.69139517183
2011-03-25,168993.37525009437
2011-03-28,196313.69368808783
2011-03-29,196284.71702668795
2011-03-30,197633.69518764626
2011-03-31,197843.16571744584
2011-04-01,168020.06325179938
2011-04-04,198133.35746513197
2011-04-05,201953.00871258546
2011-04-06,197495.77591431513
2011-04-07,225336.13124670542
2011-04-08,196962.5585819704
2011-04-11,196477.6172856589
2011-04-13,197590.6548374401
2011-04-15,195084.29941357562
2011-04-18,193300.68361810013
2011-04-19,168358.91742354768
2011-04-20,194559.67317942245
2011-04-21,166502.9677673431
2011-04-25,228420.80847835302
2011-04-26,194967.94119781387
2011-04-27,198878.25874694853
2011-04-28,194033.938377829
2011-04-29,194140.19048523606
2011-05-02,193468.78133628098
2011-05-03,192022.31433669885
2011-05-04,191687.47163994168
2011-05-05,190266.91485201352
2011-05-06,192781.34708765207
2011-05-09,160727.9173179583
2011-05-10,192186.2884270656
2011-05-11,199222.53311847558
2011-05-12,191286.81695556932
2011-05-13,192032.23984432002
2011-05-16,191486.54564286344
2011-05-17,221565.94216911573
2011-05-18,189918.9676050751
2011-05-19,190297.77470031765
2011-05-20,191021.94406742294
2011-05-23,189266.7663725287
2011-05-24,189903.08848343097
2011-05-25,185006.63427634494
2011-05-26,215662.40871713293
2011-05-27,211597.5685627983
2011-05-30,191201.28393916547
2011-05-31,161374.09191210347
2011-06-01,215938.1000684686
2011-06-02,192113.72574490128
2011-06-03,191762.6824158467
2011-06-06,192584.37985280633
2011-06-07,193471.033873604
2011-06-08,184165.8874150972
2011-06-09,166495.4050689622
2011-06-10,201454.6028351846
2011-06-13,191954.1124672949
2011-06-14,192163.40422641535
2011-06-15,169616.24491973256
2011-06-16,218188.90396309932
2011-06-17,230110.11459658432
2011-06-20,187706.53852175522
2011-06-21,188907.5416382411
2011-06-22,183320.63984806408
2011-06-23,190159.57886006005
2011-06-24,184475.15166281423
2011-06-27,194044.34109119835
2011-06-28,194179.68312338257
2011-06-29,195557.45539064647
2011-06-30,168219.37975040724
2011-07-01,185785.61843972132
2011-07-04,221214.73931179385
2011-07-05,195671.1884107305
2011-07-06,174849.13308737858
2011-07-07,196782.26150876522
2011-07-08,202151.31215054166
2011-07-11,216991.52327413743
2011-07-12,193521.43651895475
2011-07-13,194779.21553843617
2011-07-14,194815.1464161494
2011-07-15,188391.74070881147
2011-07-18,171349.40902978263
2011-07-19,195219.5769978207
2011-07-20,194350.4798367531
2011-07-21,193508.61261740763
2011-07-22,196206.1396263956
2011-07-25,172947.8929890777
2011-07-26,194093.21801555768
2011-07-27,193391.8914245661
2011-07-28,220731.15421958294
2011-07-29,197257.21780354928
2011-08-01,193744.4947453722
2011-08-02,192642.0541685717
2011-08-03,191504.38050084992
2011-08-04,190603.57920358342
2011-08-05,161165.07883001576
2011-08-08,186379.067292633
2011-08-09,184892.57974901074
2011-08-10,185880.32288588816
2011-08-11,160781.62719739735
2011-08-12,160487.42284082648
2011-08-16,185425.3290714986
2011-08-17,185425.3290714986
2011-08-18,222473.30981998402
2011-08-19,183351.791035576
2011-08-22,212516.47496433364
2011-08-23,184467.42344073625
2011-08-24,183902.8042453791
2011-08-25,182535.1254741434
2011-08-26,181501.40477463385
2011-08-29,184371.80686907447
2011-08-30,186185.40120036225
2011-09-02,150207.53097873818
2011-09-05,217147.52519716648
2011-09-06,187788.85719125572
2011-09-07,188108.09452808573
2011-09-08,189495.45166650767
2011-09-09,187569.06292159492
2011-09-12,185767.19112765763
2011-09-13,186245.30698048754
2011-09-14,188614.03327380584
2011-09-15,189839.2959279072
2011-09-16,189219.247516192
2011-09-19,124017.71734344687
2011-09-20,188613.42639671912
2011-09-21,188613.42639671912
2011-09-22,188613.42639671912
2011-09-23,188613.42639671912
2011-09-26,188613.42639671912
2011-09-27,188613.42639671912
2011-09-28,188613.42639671912
2011-09-29,188613.42639671912
2011-09-30,188613.42639671912
2011-10-03,188613.42639671912
2011-10-04,188613.42639671912
2011-10-05,188613.42639671912
2011-10-07,188613.42639671912
2011-10-10,188613.42639671912
2011-10-11,188613.42639671912
2011-10-12,188613.42639671912
2011-10-13,188613.42639671912
2011-10-14,188613.42639671912
2011-10-17,188613.42639671912
2011-10-18,188613.42639671912
2011-10-19,188613.42639671912
2011-10-20,188613.42639671912
2011-10-21,188613.42639671912
2011-10-24,188613.42639671912
2011-10-25,188613.42639671912
2011-10-28,188613.42639671912
2011-10-31,226298.3889907836
2011-11-01,218187.38515505858
2011-11-02,188372.7718878679
2011-11-03,188443.7090865385
2011-11-04,188547.61627646667
2011-11-08,188890.4902251716
2011-11-09,188144.59554787434
2011-11-11,188078.70087850137
2011-11-14,151424.56545365707
2011-11-15,157497.19193759066
2011-11-16,187674.9378007685
2011-11-17,225172.39037336205
2011-11-18,187551.75454829153
2011-11-21,186544.81725059883
2011-11-22,186954.53760918567
2011-11-23,185945.2824866143
2011-11-24,185933.7088143868
2011-11-25,185037.88186051144
2011-11-28,186426.76270344495
2011-11-29,185556.39782847016
2011-11-30,186169.81790869453
2011-12-01,187528.61625200673
2011-12-02,187703.70171679356
2011-12-05,187455.69261032244
2011-12-07,187598.41436046935
2011-12-08,186150.13064138146
2011-12-09,185066.84163315847
2011-12-12,183747.241766534
2011-12-13,184439.79679444112
2011-12-14,184421.07959752975
2011-12-15,186628.83321873474
2011-12-16,183377.16542837064
2011-12-19,184039.21261706506
2011-12-20,182963.6960333756
2011-12-21,184664.34377561868
2011-12-22,184986.7503437937
2011-12-23,184585.58629217895
2011-12-26,185304.23806042265
2011-12-27,184912.9182835121
2011-12-28,184223.79933938108
2011-12-29,147845.704923936
2011-12-30,219428.30206241063
2012-01-02,183567.9831722966
2012-01-03,184522.440187909
2012-01-04,184074.21366188247
2012-01-05,183196.21993650167
2012-01-06,184148.0368882307
2012-01-09,212784.8858645466
2012-01-10,185381.0044301959
2012-01-11,209021.29812069546
2012-01-12,182594.29519057408
2012-01-13,143935.37640461425
2012-01-16,209585.12433812837
2012-01-17,184262.21231297904
2012-01-18,184667.3123100926
2012-01-19,185532.9924357738
2012-01-20,187088.02060359356
2012-01-23,160055.32283132017
2012-01-24,188243.66584132102
2012-01-25,161889.82651719483
2012-01-27,189361.95778449363
2012-01-30,158961.1483852244
2012-01-31,188411.46914833487
2012-02-01,188411.46914833487
2012-02-02,188411.46914833487
2012-02-03,188411.46914833487
2012-02-06,188411.46914833487
2012-02-07,188411.46914833487
2012-02-08,188411.46914833487
2012-02-09,226056.08068417216
2012-02-10,187999.26409676718
2012-02-13,188167.49695897108
2012-02-14,188530.00524474354
2012-02-15,220145.7923985355
2012-02-16,212726.72246466414
2012-02-17,189651.51215556814
2012-02-21,190873.44535787965
2012-02-22,189278.16248736085
2012-02-23,150981.53073163965
2012-02-24,215037.11464566085
2012-02-27,184987.0983854276
2012-02-28,186110.548883173
2012-02-29,157402.0124901883
2012-03-01,162407.45078987753
2012-03-02,186619.74214095456
2012-03-05,185688.1615105009
2012-03-06,217288.56338907592
2012-03-07,184752.72745639985
2012-03-09,160478.99092426524
2012-03-12,218762.21045310708
2012-03-13,188711.39658097157
2012-03-14,189287.03272156155
2012-03-15,187760.1235278504
2012-03-16,186339.61355827368
2012-03-19,185300.37478650452
2012-03-20,185144.74199876733
2012-03-21,186671.32026908122
2012-03-22,184232.56056478556
2012-03-23,184909.66294133384
2012-03-26,178840.984106575
2012-03-27,183483.29862242658
2012-03-28,182977.4298433638
2012-03-29,182486.51504727182
2012-03-30,184196.68453854948
2012-04-02,183645.50609185337
2012-04-03,210742.5958843765
2012-04-04,183348.20737200882
2012-04-09,157493.12225777857
2012-04-10,182174.99501339847
2012-04-11,206974.54516194953
2012-04-12,182127.84896877245
2012-04-13,178934.52528147164
2012-04-16,198923.75423839292
2012-04-17,145248.16923841747
2012-04-18,179332.73522215738
2012-04-19,180057.85490887714
2012-04-20,179637.7904777628
2012-04-23,178711.9064595534
2012-04-24,178890.67557937256
2012-04-25,185098.95819338626
2012-04-26,179187.59720673412
2012-04-27,179523.06508073042
2012-04-30,159766.54460063227
2012-05-02,158154.61215175877
2012-05-03,180684.350388968
2012-05-04,180210.67970791462
2012-05-07,180160.36467655888
2012-05-08,179654.88174719084
2012-05-09,216460.54849302373
2012-05-10,178897.42269442955
2012-05-11,178525.00983746495
2012-05-14,178288.00736991197
2012-05-15,179457.0626191775
2012-05-16,178520.27381092045
2012-05-17,178925.28394908126
2012-05-18,179251.74831218852
2012-05-21,178896.30844997906
2012-05-22,178724.7034058516
2012-05-23,114774.4342873808
2012-05-24,214352.60766191792
2012-05-25,178410.72912128308
2012-05-28,178947.21827502377
2012-05-29,178957.48568207736
2012-05-30,179183.37549133252
2012-05-31,179150.00299137004
2012-06-01,178105.2669073628
2012-06-04,178490.3049529866
2012-06-05,207549.94836845924
2012-06-06,180239.68647681468
2012-06-07,174510.41783999684
2012-06-08,181586.51956818558
2012-06-11,181187.59360892393
2012-06-12,181660.41345530626
2012-06-13,181752.92122175664
2012-06-14,180655.37220009422
2012-06-15,182059.51177281555
2012-06-18,180679.3741559139
2012-06-19,152017.3633066567
2012-06-20,181824.66697535722
2012-06-21,187075.97188580345
2012-06-22,180616.79487719105
2012-06-25,180878.50817253135
2012-06-26,181245.91402169986
2012-06-27,181195.585834016
2012-06-28,181064.72918634585
2012-06-29,210905.66360421124
2012-07-02,181752.45838654425
2012-07-03,181931.24375868705
2012-07-04,181864.15394983545
2012-07-05,145490.30989540444
2012-07-06,213705.51539762705
2012-07-09,182805.641851057
2012-07-10,183549.3721488574
2012-07-11,182760.4462953891
2012-07-12,182295.3896830395
2012-07-13,182748.47617412158
2012-07-16,181976.24810743926
2012-07-17,182026.5981476877
2012-07-18,182414.23261803197
2012-07-19,183296.20112456352
2012-07-20,182835.7403958373
2012-07-23,181308.45476008093
2012-07-24,181473.16071512696
2012-07-25,181629.86489515015
2012-07-26,205000.30914000544
2012-07-27,177781.7286751305
2012-07-30,184162.54653527643
2012-07-31,184581.8992409899
2012-08-01,184575.00032507276
2012-08-02,184101.36804936684
2012-08-03,153348.2426063751
2012-08-06,185852.86660196097
2012-08-07,186332.1138775912
2012-08-08,186132.00811356262
2012-08-09,158949.51000982246
2012-08-10,226209.57371391528
2012-08-13,185640.83441660344
2012-08-14,186485.471293515
2012-08-16,185565.58880857422
2012-08-17,185545.03651964216
2012-08-21,186116.17774485773
2012-08-22,186088.36317939468
2012-08-23,186127.7916672212
2012-08-24,195969.0722220632
2012-08-27,184766.5785465179
2012-08-28,184269.86295478194
2012-08-29,183824.66230863272
2012-08-30,184293.55584660562
2012-08-31,183260.13462805736
2012-09-03,182954.60308476366
2012-09-04,183713.6721972773
2012-09-05,182634.72740585817
2012-09-06,182831.14602077426
2012-09-07,108084.78882784149
2012-09-10,251252.3171223817
2012-09-11,185343.58830010353
2012-09-12,185713.83162075587
2012-09-13,186122.84376771175
2012-09-14,188718.48123968416
2012-09-17,190576.75899886183
2012-09-18,189975.94615110298
2012-09-20,231534.96305099947
2012-09-21,191651.11701249809
2012-09-24,117730.72599510376
2012-09-25,191925.15532113932
2012-09-26,191902.8475062672
2012-09-27,191313.37310081744
2012-09-28,191915.51363858086
2012-10-01,191957.5084636552
2012-10-03,192595.74698588508
2012-10-04,184363.8018587113
2012-10-05,192271.53323643788
2012-10-08,191974.50290062474
2012-10-09,192031.01791957987
2012-10-10,191886.4462569419
2012-10-11,191889.07419088413
2012-10-12,192125.64600247354
2012-10-15,192025.76205169543
2012-10-16,192058.61924774954
2012-10-17,191723.47584799788
2012-10-18,157994.9063128165
2012-10-19,192359.58988012074
2012-10-22,192359.58988012074
2012-10-23,192359.58988012074
2012-10-25,192359.58988012074
2012-10-29,192359.58988012074
2012-10-30,230793.03593816888
2012-10-31,192354.47695426847
2012-11-01,192014.8120018384
2012-11-02,192117.92464279092
2012-11-05,192402.9994611785
2012-11-06,192678.97468988228
2012-11-07,192709.3017194548
2012-11-08,192645.61569775853
2012-11-09,192666.8431376473
2012-11-12,193391.65988483618
2012-11-15,192466.12635788324
2012-11-16,223670.72064755688
2012-11-19,217936.09450558902
2012-11-20,193404.241351273
2012-11-21,194506.67714929022
2012-11-22,195147.89809728556
2012-11-23,195357.83234828615
2012-11-26,195513.80819698118
2012-11-27,217106.97859921498
2012-11-29,157344.34999290202
2012-11-30,167574.39197213814
2012-12-03,174014.95079883744
2012-12-04,200095.81643698516
2012-12-05,200104.41175205386
2012-12-06,200408.11395315168
2012-12-07,236039.02885350015
2012-12-10,251401.8087098991
2012-12-11,177579.52265950793
2012-12-12,199567.85663508554
2012-12-13,199319.12467153798
2012-12-14,199853.86525369386
2012-12-17,198656.560585197
2012-12-18,198772.66973653156
2012-12-19,199891.00170212064
2012-12-20,200346.48325349463
2012-12-21,194402.7860465479
2012-12-24,206277.93015838228
2012-12-26,200895.98022442032
2012-12-27,222498.74647346704
2012-12-28,219563.5987578255
2012-12-31,201117.81613007144
2013-01-01,201880.1672734826
2013-01-02,202530.78265010566
2013-01-03,203501.89154894307
2013-01-04,173963.95559326996
2013-01-07,170337.79385862692
2013-01-08,203695.61839237125
2013-01-09,203194.80013941805
2013-01-10,179552.48007020028
2013-01-11,185979.7468803758
2013-01-14,268023.9452239526
2013-01-15,204064.23060133966
2013-01-16,203698.28735371222
2013-01-17,204640.77467910535
2013-01-18,204123.80829182308
2013-01-21,176388.46310056438
2013-01-22,203252.4453611846
2013-01-23,253989.46306071887
2013-01-24,221806.0537623989
2013-01-25,204530.96725341206
2013-01-28,185225.97258111445
2013-01-29,203778.82933392472
2013-01-30,204463.99233505162
2013-01-31,203306.5113880544
2013-02-01,203020.94353681672
2013-02-04,203387.70551751257
2013-02-05,202750.87344064648
2013-02-06,152184.98377918327
2013-02-07,185169.93229500257
2013-02-08,203127.3267964612
2013-02-11,159701.20394570392
2013-02-12,203382.12052933217
2013-02-13,203382.12052933217
2013-02-14,203382.12052933217
2013-02-15,203382.12052933217
2013-02-18,203382.12052933217
2013-02-19,203382.12052933217
2013-02-20,203382.12052933217
2013-02-21,276526.46635650116
2013-02-22,203457.21998442587
2013-02-25,203368.97632410083
2013-02-26,201989.82356576354
2013-02-27,202295.87731720984
2013-02-28,199837.77821319303
2013-03-01,200299.0691162441
2013-03-04,200636.92755256195
2013-03-05,202211.03872025752
2013-03-06,202646.68004633754
2013-03-07,130164.5571387726
2013-03-08,203529.27166732418
2013-03-11,203529.27166732418
2013-03-12,203529.27166732418
2013-03-13,203529.27166732418
2013-03-14,203529.27166732418
2013-03-15,203529.27166732418
2013-03-18,244194.42014645555
2013-03-19,261593.08228774476
2013-03-20,223012.43785658083
2013-03-21,201996.2965464612
2013-03-22,201554.7817228694
2013-03-25,201111.1226759545
2013-03-26,200248.17155407602
2013-03-28,201108.83344880794
2013-04-01,164171.32015093384
2013-04-02,142290.15883968308
2013-04-03,181529.10519423426
2013-04-04,242705.2413187648
2013-04-05,201820.93535279503
2013-04-08,201458.3525218233
2013-04-09,233830.14146990643
2013-04-10,202611.19659634208
2013-04-11,205230.61010822756
2013-04-12,198189.65543398168
2013-04-15,224622.33480993303
2013-04-16,199873.20447311577
2013-04-17,220154.49057076132
2013-04-18,155803.88869708893
2013-04-22,200060.23101457028
2013-04-23,205179.32207726158
2013-04-25,200413.3207149582
2013-04-26,198843.10011528758
2013-04-29,203092.58259158023
2013-04-30,199102.0656348482
2013-05-02,180771.49148914457
2013-05-03,229268.52750004616
2013-05-06,203517.51618443493
2013-05-07,200687.86421136145
2013-05-08,204173.1379458232
2013-05-09,204231.38841821108
2013-05-10,204111.61001246402
2013-05-13,172263.06344242315
2013-05-14,202727.06250305093
2013-05-15,203122.05807683873
2013-05-16,202436.7906009946
2013-05-17,174043.7774798706
2013-05-20,203308.27694624633
2013-05-21,174287.52680938476
2013-05-22,203620.86798259144
2013-05-23,203620.86798259144
2013-05-24,203620.86798259144
2013-05-27,244304.3174055132
2013-05-28,204321.8060748339
2013-05-29,204542.8319482258
2013-05-30,203997.634575277
2013-05-31,202499.5721438053
2013-06-03,234142.58530589123
2013-06-04,200987.51523663144
2013-06-05,201950.2635208508
2013-06-06,202033.2056002859
2013-06-07,201253.98969612026
2013-06-10,195870.51239783797
2013-06-11,226515.99870124116
2013-06-12,199780.9094735918
2013-06-13,220647.52786368865
2013-06-14,201494.27979777908
2013-06-17,170755.81788465925
2013-06-18,201436.75813221064
2013-06-19,201866.21723081128
2013-06-20,198914.3527312098
2013-06-21,198904.53663886196
2013-06-24,194726.01192147887
2013-06-25,173022.56136115472
2013-06-26,199464.8722824072
2013-06-27,178972.371244488
2013-06-28,202533.09814741975
2013-07-01,237288.3651692697
2013-07-02,203208.3730488417
2013-07-03,201925.8861857653
2013-07-04,202329.6249757787
2013-07-05,202659.7960760742
2013-07-08,168225.32168450792
2013-07-09,201601.50924374926
2013-07-10,201734.72458599164
2013-07-11,202350.0476519466
2013-07-12,202427.75793251698
2013-07-15,236223.5373046563
2013-07-16,200692.23287639496
2013-07-17,200494.9024173887
2013-07-18,200714.8050569725
2013-07-19,227121.79681988744
2013-07-22,200339.26363922097
2013-07-23,201079.5182140964
2013-07-24,199932.66740248504
2013-07-25,198758.26245436966
2013-07-26,198611.93685512594
2013-07-29,135622.98508367565
2013-07-30,198752.3899129486
2013-07-31,198884.4860625676
2013-08-01,198931.83251847682
2013-08-02,170764.0064291402
2013-08-05,199255.21019943999
2013-08-06,239066.4011972881
2013-08-07,199302.66670119116
2013-08-08,199615.1481867144
2013-08-12,199247.5224559211
2013-08-13,200419.31934948434
2013-08-14,201035.08839922695
2013-08-16,230708.1747700045
2013-08-19,196591.395038335
2013-08-20,184799.4417494632
2013-08-21,195572.59620021877
2013-08-22,225344.23775907268
2013-08-23,199462.71470181647
2013-08-26,199944.70355583954
2013-08-27,196802.0686432619
2013-08-28,198147.78227061036
2013-08-29,200492.1676228513
2013-08-30,170236.23787275882
2013-09-02,203264.09970943735
2013-09-03,171800.64264566096
2013-09-04,201235.25716159082
2013-09-05,174400.4525913716
2013-09-06,203397.5516774759
2013-09-10,203397.5516774759
2013-09-11,203397.5516774759
2013-09-12,203397.5516774759
2013-09-13,203397.5516774759
2013-09-16,203397.5516774759
2013-09-17,203397.5516774759
2013-09-18,203397.5516774759
2013-09-19,203397.5516774759
2013-09-20,203397.5516774759
2013-09-23,203397.5516774759
2013-09-24,203397.5516774759
2013-09-25,203397.5516774759
2013-09-26,244036.38250263556
2013-09-27,203279.974332386
2013-09-30,203366.3151830414
2013-10-01,203393.29711058276
2013-10-03,203692.1206406264
2013-10-04,203412.1831423848
2013-10-07,203485.71152988885
2013-10-08,203651.64774931438
2013-10-09,204672.91634170874
2013-10-10,162718.04134198072
2013-10-11,204912.38094863834
2013-10-14,204912.38094863834
2013-10-15,204912.38094863834
2013-10-17,204912.38094863834
2013-10-18,204912.38094863834
2013-10-21,204912.38094863834
2013-10-22,204912.38094863834
2013-10-23,204912.38094863834
2013-10-24,278607.06963300664
2013-10-25,206267.87247033525
2013-10-28,206110.23698124173
2013-10-29,206349.74802528406
2013-10-30,206685.38941933465
2013-10-31,206956.48583712598
2013-11-01,206333.320600263
2013-11-05,205092.67236580836
2013-11-06,206492.36103311062
2013-11-07,172628.48751253044
2013-11-08,207619.19306504086
2013-11-11,207650.69999260383
2013-11-12,207332.54789457412
2013-11-13,240460.8922334466
2013-11-14,235280.88728078952
2013-11-18,210258.0440960545
2013-11-19,210924.44111818998
2013-11-20,209166.09724607068
2013-11-21,166027.61838176553
2013-11-22,207218.00410561397
2013-11-25,209147.9437313783
2013-11-26,207882.96198118496
2013-11-27,173656.90462865288
2013-11-28,223226.73672827324
2013-11-29,208099.23824823875
2013-12-02,208298.95873428247
2013-12-03,208443.2591723736
2013-12-04,208009.3137381678
2013-12-05,207739.53510223405
2013-12-06,208014.54199641125
2013-12-09,208109.69476472563
2013-12-10,209738.82054395464
2013-12-11,209222.26965064663
2013-12-12,207863.009432761
2013-12-13,208307.49082127126
2013-12-16,207366.29710710864
2013-12-17,207086.09242131258
2013-12-18,208079.97558977746
2013-12-19,241142.02592343613
2013-12-20,210491.36658000486
2013-12-23,210868.56450614537
2013-12-24,210979.86582076442
2013-12-26,167990.1805160196
2013-12-27,210834.36693855503
2013-12-30,210409.52412894808
2013-12-31,210473.7990461723
2014-01-01,210440.87877395743
2014-01-02,217931.57799583976
2014-01-03,209363.14692980802
2014-01-06,208350.1306158898
2014-01-07,208708.5824920481
2014-01-08,208876.11878682591
2014-01-09,208741.69933326653
2014-01-10,207715.04782702198
2014-01-13,208899.49807342858
2014-01-14,208180.64550225672
2014-01-15,209033.91752698793
2014-01-16,167798.3688937423
2014-01-17,209055.34472490504
2014-01-20,209055.34472490504
2014-01-21,209055.34472490504
2014-01-22,209055.34472490504
2014-01-23,209055.34472490504
2014-01-24,209055.34472490504
2014-01-27,250824.60260094106
2014-01-28,209379.6027602211
2014-01-29,208666.07470473347
2014-01-30,207555.45368046904
2014-01-31,208099.39016417047
2014-02-03,207098.3854059701
2014-02-04,240726.8139117905
2014-02-05,207847.34955414364
2014-02-06,207210.7209895203
2014-02-07,233563.14816274133
2014-02-10,166340.6412279117
2014-02-11,206367.5799252836
2014-02-12,206454.6836313458
2014-02-13,206787.06535825873
2014-02-14,207755.96618065907
2014-02-17,207820.94410218636
2014-02-18,210412.26769663076
2014-02-19,208268.44912461337
2014-02-20,207151.92262086025
2014-02-21,179941.12564303045
2014-02-24,208432.2989408606
2014-02-25,208255.16140808133
2014-02-26,208440.98252476275
2014-02-28,208698.00961242826
2014-03-03,208210.00618880367
2014-03-04,214314.76996114594
2014-03-05,210719.86123979744
2014-03-06,212073.06899637988
2014-03-07,214734.4427764516
2014-03-10,247907.8340171525
2014-03-11,214694.7450331216
2014-03-12,215658.12445392917
2014-03-13,215517.70528721303
2014-03-14,215165.53119951655
2014-03-18,167303.6449723791
2014-03-19,213188.52300447779
2014-03-20,214264.1501618473
2014-03-21,214558.0726125294
2014-03-24,181304.2732040128
2014-03-25,257906.97784992357
2014-03-26,249855.49741922683
2014-03-27,215940.93875479125
2014-03-28,216821.97426612908
2014-03-31,218044.6970043397
2014-04-01,219338.2520940065
2014-04-02,220027.18532509933
2014-04-03,219661.73131694918
2014-04-04,218797.6433777781
2014-04-07,219038.12065582225
2014-04-09,137573.3170728047
2014-04-10,219697.390670734
2014-04-11,219697.390670734
2014-04-15,219697.390670734
2014-04-16,263592.9293267467
2014-04-17,220136.57599692832
2014-04-21,220010.05850341622
2014-04-22,219560.99505680072
2014-04-23,219866.85824227487
2014-04-24,219866.85824227487
2014-04-25,219907.87443027724
2014-04-28,219941.93578799022
2014-04-29,219937.76424751896
2014-04-30,175757.9125365872
2014-05-02,219980.1686861745
2014-05-05,219980.1686861745
2014-05-06,219980.1686861745
2014-05-07,263932.2063896722
2014-05-08,219906.79751737963
2014-05-09,220568.07913938133
2014-05-12,221480.12163503646
2014-05-13,257933.50910646614
2014-05-14,221985.04795857437
2014-05-15,222509.19785289932
2014-05-16,222004.1155135685
2014-05-19,249154.02344568778
2014-05-20,221637.73882811118
2014-05-21,177054.151005061
2014-05-22,223434.78146770602
2014-05-23,224536.25886193474
2014-05-26,224045.30391997573
2014-05-27,187305.8280826285
2014-05-28,223543.00786338252
2014-05-29,223672.83195046504
2014-05-30,223415.94534523983
2014-06-02,193841.29537697582
2014-06-03,223257.11635459168
2014-06-04,223257.11635459168
2014-06-05,223257.11635459168
2014-06-06,267863.8882022391
2014-06-09,223844.8901615777
2014-06-10,224794.05835025376
2014-06-11,225838.46887885168
2014-06-12,226489.08775775947
2014-06-13,225979.72307116282
2014-06-16,227182.50507897034
2014-06-17,227398.66568916166
2014-06-18,226268.64782584354
2014-06-19,227317.33767616606
2014-06-20,178605.69308367334
2014-06-23,227667.25452180067
2014-06-24,273155.17197525647
2014-06-25,227241.88550037207
2014-06-26,225563.74383250347
2014-06-27,225572.32742821984
2014-06-30,225713.96248757734
2014-07-01,225396.36085101543
2014-07-02,225836.28159155435
2014-07-03,225331.98101812397
2014-07-04,226424.275088238
2014-07-07,226220.4089599368
2014-07-08,182133.80361744054
2014-07-09,224840.5558382682
2014-07-10,224840.5558382682
2014-07-11,305702.213339943
2014-07-14,224211.66112087815
2014-07-15,226031.22989259352
2014-07-16,228599.70699067574
2014-07-17,227993.50897038914
2014-07-18,228517.02101642918
2014-07-21,229545.41363665226
2014-07-22,231110.42601403227
2014-07-23,231820.01305783505
2014-07-24,232193.15700450726
2014-07-25,143897.95573649165
2014-07-28,230486.11986477298
2014-07-30,230486.11986477298
2014-07-31,230486.11986477298
2014-08-01,230486.11986477298
2014-08-04,230486.11986477298
2014-08-05,276537.2466137546
2014-08-06,231263.9104328165
2014-08-07,230365.95934192403
2014-08-08,230042.17003789314
2014-08-11,231233.1035312963
2014-08-12,231276.36312903665
2014-08-13,231690.59850037092
2014-08-14,231745.00183705718
2014-08-18,231053.51395319472
2014-08-19,230521.95838060795
2014-08-20,230937.8015985675
2014-08-21,230864.9819211439
2014-08-22,231541.8036478716
2014-08-25,231890.29237617488
2014-08-26,231842.82847360446
2014-08-27,231926.05141560725
2014-08-28,231513.19705125183
2014-09-01,231524.2479404798
2014-09-02,184716.96692208032
2014-09-03,231707.59555796708
2014-09-04,278002.7731504489
2014-09-05,231935.87322511355
2014-09-08,269607.38301556517
2014-09-09,231797.21304398926
2014-09-10,230326.9349560744
2014-09-11,230663.966882722
2014-09-12,230350.46572501384
2014-09-15,229534.83709625574
2014-09-16,228825.66352420344
2014-09-17,230276.7479505834
2014-09-18,184158.35135305388
2014-09-19,229969.58118753915
2014-09-22,194441.3671387384
2014-09-23,229830.3894074721
2014-09-24,229830.3894074721
2014-09-25,312486.5906539754
2014-09-26,229746.9903774655
2014-09-29,230600.23356660025
2014-09-30,231079.8782527877
2014-10-01,231587.50085633842
2014-10-07,231346.9614670815
2014-10-08,229510.05706047977
2014-10-09,147091.44922078215
2014-10-10,230177.5424821652
2014-10-13,230177.5424821652
2014-10-14,230177.5424821652
2014-10-15,230177.5424821652
2014-10-16,230177.5424821652
2014-10-17,312958.59386045113
2014-10-20,259079.8623921841
2014-10-21,229641.44287357098
2014-10-22,230565.87448495568
2014-10-27,230615.58868137337
2014-10-28,230669.11852502986
2014-10-29,231751.20945616052
2014-10-30,233986.26597702675
2014-10-31,147878.55922698748
2014-11-03,206230.0704006423
2014-11-05,236219.85903059522
2014-11-07,283416.58686490817
2014-11-10,273871.2924886283
2014-11-11,236604.0626725751
2014-11-12,236664.59317407417
2014-11-13,236417.0907985013
2014-11-14,236743.39034386675
2014-11-17,237585.93796203582
2014-11-18,237125.0519850931
2014-11-19,266700.00515178335
2014-11-20,237237.28564364204
2014-11-21,190870.07306409997
2014-11-24,200874.12939540358
2014-11-25,238607.681464296
2014-11-26,238125.75649041228
2014-11-27,238355.4999297775
2014-11-28,280359.2672212749
2014-12-01,238846.26554496723
2014-12-02,238149.19960346076
2014-12-03,206312.0475635882
2014-12-04,238101.3034382807
2014-12-05,237502.4394277012
2014-12-08,235598.43164102692
2014-12-09,235496.72028115718
2014-12-10,235476.75721917255
2014-12-11,234664.96471090787
2014-12-12,198142.814337411
2014-12-15,281952.48124301084
2014-12-16,274195.02620150434
2014-12-17,236828.87738824316
2014-12-18,237619.84126569377
2014-12-19,269550.5023712315
2014-12-22,264466.3568893186
2014-12-23,239521.58116996632
2014-12-24,237415.00514183138
2014-12-26,238488.26411891574
2014-12-29,189140.1540241524
2014-12-30,229913.5907275175
2014-12-31,239101.74231412646
2015-01-01,238991.44032754572
2015-01-02,209461.84200166253
2015-01-05,215616.12565491573
2015-01-06,280531.6256045167
2015-01-07,239066.20981708745
2015-01-08,272355.4265591758
2015-01-09,242148.04985849484
2015-01-12,242322.23817823784
2015-01-13,245126.75005736673
2015-01-14,241912.56833273984
2015-01-15,243704.07940458006
2015-01-16,243615.42814425388
2015-01-19,243569.75984345787
2015-01-20,199610.11017163898
2015-01-21,245929.5621236622
2015-01-22,208978.5537868373
2015-01-23,246248.2953136029
2015-01-27,262714.85033105226
2015-01-28,286274.19916183443
2015-01-29,246994.43916540183
2015-01-30,245697.50500396942
2015-02-02,277722.646001084
2015-02-03,247803.48409537898
2015-02-04,272225.5602216021
2015-02-05,247857.73613935048
2015-02-06,248055.09979700547
2015-02-09,246019.61198910253
2015-02-10,227184.7075359695
2015-02-11,204744.74793436212
2015-02-12,247322.27300628822
2015-02-13,248888.5328958452
2015-02-16,217212.34012692858
2015-02-18,224429.30752506066
2015-02-19,250006.52438932037
2015-02-20,249939.51679984186
2015-02-23,293621.6640553747
2015-02-24,216909.9173596238
2015-02-25,249393.85506737448
2015-02-26,249235.46530350784
2015-02-27,251076.74243145966
2015-03-02,252898.21806964395
2015-03-03,252845.42443559156
2015-03-04,294261.79397091735
2015-03-05,252193.84473879536
2015-03-09,205248.4072501799
2015-03-10,291155.20895216055
2015-03-11,248865.17527318944
2015-03-12,283685.4991685557
2015-03-13,248749.47399218523
2015-03-16,276265.0867598015
2015-03-17,250157.11820051627
2015-03-18,239023.83867191628
2015-03-19,249495.378284739
2015-03-20,248520.94977879757
2015-03-23,270904.3400073656
2015-03-24,233974.1938961929
2015-03-25,246478.79170100685
2015-03-26,238526.71881705953
2015-03-27,243771.90693297872
2015-03-30,219707.9482118012
2015-03-31,244651.60896602174
2015-04-01,216054.4187751828
2015-04-06,221437.0749839239
2015-04-07,315190.2073122604
2015-04-08,247301.1213725896
2015-04-09,220006.03002013627
2015-04-10,249739.58606610255
2015-04-13,250372.52731312648
2015-04-15,249770.32264244033
2015-04-16,249550.33205496107
2015-04-17,278465.22432453826
2015-04-20,245624.7302913479
2015-04-21,215522.29109579395
2015-04-22,245841.5025596055
2015-04-23,275380.0208657307
2015-04-24,244130.7504465155
2015-04-27,243904.41572589922
2015-04-28,243122.96865092218
2015-04-29,242100.87117220485
2015-04-30,241800.64759789256
2015-05-04,244129.8334036229
2015-05-05,178711.1282306657
2015-05-06,242623.28094775692
2015-05-07,256429.6033200993
2015-05-08,244398.85277136482
2015-05-11,245113.0430875113
2015-05-12,243897.5328940347
2015-05-13,244626.38808720396
2015-05-14,244469.46966065615
2015-05-15,244568.9704444547
2015-05-18,215490.39493381168
2015-05-19,245459.66876207956
2015-05-20,246197.52075491197
2015-05-21,240444.6114498341
2015-05-22,246147.4087366963
2015-05-25,245567.8471607083
2015-05-26,245382.15228360373
2015-05-27,244623.73435741523
2015-05-28,245563.93636322202
2015-05-29,245691.96904871333
2015-06-01,246173.79886494434
2015-06-02,245408.54002576423
2015-06-03,286835.9197505411
2015-06-04,206489.6026204341
2015-06-05,246000.47605010227
2015-06-08,245660.50356814952
2015-06-09,245594.96510774968
2015-06-10,246158.17336099682
2015-06-11,245527.38161738202
2015-06-12,286764.7855239853
2015-06-15,245812.32969004038
2015-06-16,246311.74786714424
2015-06-17,245775.05347193958
2015-06-18,246833.68115063081
2015-06-19,247004.4567340252
2015-06-22,248862.10516424125
2015-06-23,248093.17918967706
2015-06-24,247617.24448576279
2015-06-25,248206.76420167802
2015-06-26,207127.33600704887
2015-06-29,248479.2183050138
2015-06-30,289954.64556511265
2015-07-01,205947.4841619508
2015-07-02,249229.75850384054
2015-07-03,249325.66891377314
2015-07-06,249033.76611690584
2015-07-07,248917.005507197
2015-07-08,247957.8963174901
2015-07-09,247144.73852621685
2015-07-10,247123.88832644062
2015-07-13,247651.39939885557
2015-07-14,208029.76374599617
2015-07-15,337913.0652037657
2015-07-16,248826.60140303615
2015-07-17,249220.0628107877
2015-07-20,249627.59913218342
2015-07-21,248615.45375048625
2015-07-22,249638.5789180301
2015-07-23,280448.90859165136
2015-07-24,247863.13839777804
2015-07-27,246285.74367445527
2015-07-28,246504.86739413175
2015-07-29,158663.51514114733
2015-07-30,246243.64648247717
2015-07-31,246447.70103742936
2015-08-03,246502.69125617223
2015-08-04,245874.61420496137
2015-08-05,289728.5964023674
2015-08-06,256073.6592845116
2015-08-07,246992.0294336679
2015-08-10,246711.37017132738
2015-08-11,247580.06793764984
2015-08-12,247944.8351691088
2015-08-13,248733.62275044504
2015-08-14,249361.00944745238
2015-08-17,248689.56370119756
2015-08-18,249317.91264323003
2015-08-19,206955.89660831357
2015-08-20,255103.09698494227
2015-08-21,318883.57617628895
2015-08-24,265327.66599224723
2015-08-25,240584.10119016908
2015-08-26,240088.8417078241
2015-08-27,241804.43747837975
2015-08-28,243091.59276025076
2015-08-31,241543.35720382901
2015-09-01,239409.62983935574
2015-09-02,240681.843535188
2015-09-03,195321.49780980963
2015-09-04,215703.5502312616
2015-09-07,253306.48573462508
2015-09-08,239820.58657782426
2015-09-09,271924.60691540997
2015-09-10,239913.62254249342
2015-09-11,264921.1318926627
2015-09-14,240453.77750541116
2015-09-15,240049.70681436357
2015-09-16,240947.41242680108
2015-09-18,197803.42356131374
2015-09-21,202900.1466953331
2015-09-22,241341.76944328714
2015-09-23,211054.37303580175
2015-09-24,242192.90978658322
2015-09-28,264129.3481693968
2015-09-29,242048.8702499685
2015-09-30,243798.20689522848
2015-10-01,244282.44179343758
2015-10-05,244661.97178502864
2015-10-06,243477.56875402335
2015-10-07,242544.00591838645
2015-10-08,242498.20351263823
2015-10-09,282619.1129173023
2015-10-12,193261.55497889753
2015-10-13,242327.81542316847
2015-10-14,283388.25246213906
2015-10-15,274988.3174020275
2015-10-16,242912.24966581975
2015-10-19,245809.28260025784
2015-10-20,246550.53393143107
2015-10-21,246898.80536620354
2015-10-23,205832.01077817724
2015-10-26,247441.80105686886
2015-10-27,247271.0906250898
2015-10-28,248545.85095399688
2015-10-29,253415.6707534982
2015-10-30,246112.47688077227
2015-11-02,246333.86626707512
2015-11-03,247283.61629846
2015-11-04,246810.7005360691
2015-11-05,245453.35778024432
2015-11-06,246391.83562413254
2015-11-09,245680.5018466994
2015-11-10,277044.34570037987
2015-11-13,198125.36723534827
2015-11-16,243245.93826405375
2015-11-17,243241.56259127683
2015-11-18,242125.7103179868
2015-11-19,243089.91010850237
2015-11-20,244029.3877692225
2015-11-23,279387.4732202906
2015-11-24,209967.2530945156
2015-11-26,243909.7409268351
2015-11-27,210946.76483904815
2015-11-30,244476.95190405397
2015-12-01,244650.39012115277
2015-12-02,244478.60530967644
2015-12-03,244443.91605317802
2015-12-04,243854.22692158152
2015-12-07,208872.5636224908
2015-12-08,292697.18961979286
2015-12-09,282143.8991718198
2015-12-10,245471.51852004364
2015-12-11,245836.56649699414
2015-12-14,246707.489015976
2015-12-15,247968.73017892757
2015-12-16,248939.86747323672
2015-12-17,250786.83562672185
2015-12-18,248911.2699830495
2015-12-21,249867.18327493698
2015-12-22,239465.38812436617
2015-12-23,207320.18194971018
2015-12-24,249884.73485535267
2015-12-28,250204.8513970928
2015-12-29,250202.94408623417
2015-12-30,249501.74218296632
2015-12-31,250229.6231783662
2016-01-01,250223.90589776807
2016-01-04,249219.73464257672
2016-01-05,257861.10655697886
2016-01-06,248767.3611394693
2016-01-07,247908.00459287444
2016-01-08,248487.08811016713
2016-01-11,248135.0008075632
2016-01-12,247868.6223896086
2016-01-13,249418.25327495128
2016-01-14,251716.05554054613
2016-01-15,252035.71077311417
2016-01-18,291470.8368435678
2016-01-19,241967.4426549971
2016-01-20,250964.4346312427
2016-01-21,251734.5458914892
2016-01-22,251988.0468122901
2016-01-25,252461.13387152227
2016-01-27,252279.33688959308
2016-01-28,251794.99584740034
2016-01-29,253812.37455239324
2016-02-01,213389.69597001452
2016-02-02,261731.60576783263
2016-02-03,294755.56709978153
2016-02-04,255054.06114747716
2016-02-05,255168.58764416372
2016-02-08,253392.03474284144
2016-02-09,283957.50347813364
2016-02-10,250589.1305194911
2016-02-11,272753.92829350336
2016-02-12,246608.06832819857
2016-02-15,248703.42977711826
2016-02-16,230980.29894000353
2016-02-17,210591.1788418162
2016-02-18,249856.20517871086
2016-02-19,250025.48926008822
2016-02-22,282349.9266313238
2016-02-23,248332.69491726565
2016-02-24,247382.81570980075
2016-02-25,250818.91204515027
2016-02-26,247544.2387669762
2016-02-29,246888.44998517583
2016-03-01,250589.79757838385
2016-03-02,253143.53531696965
2016-03-03,254928.8315026159
2016-03-04,254682.9255809102
2016-03-08,188734.38256508004
2016-03-09,255721.17639899423
2016-03-10,221530.15637357617
2016-03-11,299349.7236262058
2016-03-14,254712.85796045628
2016-03-15,264286.7157308417
2016-03-16,255235.49147176155
2016-03-17,255104.37932144947
2016-03-18,256745.41202725132
2016-03-21,257507.60473782793
2016-03-22,257652.52990162236
2016-03-23,258163.12948828217
2016-03-28,254058.3739107447
2016-03-29,214795.57977154362
2016-03-30,258226.78210280792
2016-03-31,258667.31511011993
2016-04-01,258208.9468994122
2016-04-04,259573.33995918345
2016-04-05,258720.82072030703
2016-04-06,258039.51246715305
2016-04-07,257354.64239847715
2016-04-08,256792.83349151252
2016-04-11,215210.0567744322
2016-04-12,308876.8146443141
2016-04-13,256975.42688934194
2016-04-18,300996.28335415473
2016-04-20,291877.5818728647
2016-04-21,257972.6854149008
2016-04-22,257134.10459966367
2016-04-25,256941.54257893618
2016-04-26,241607.4983937968
2016-04-27,258754.87210171565
2016-04-28,257169.20456075558
2016-04-29,256700.69474447888
2016-05-02,218392.22659079824
2016-05-03,255182.78054693446
2016-05-04,222222.80686910017
2016-05-05,255621.9109808167
2016-05-06,255292.681348394
2016-05-09,255820.35458035552
2016-05-10,270964.3037066798
2016-05-11,255720.29423096945
2016-05-12,256064.32838452124
2016-05-13,296904.64980544057
2016-05-16,255737.13102968578
2016-05-17,256103.28211331417
2016-05-18,256007.95662703842
2016-05-19,255672.14619431613
2016-05-20,254511.47764489532
2016-05-23,286883.33400270104
2016-05-24,241158.47597506148
2016-05-25,257936.4451989838
2016-05-26,288656.81914559245
2016-05-27,249485.58544470725
2016-05-30,261855.5996028736
2016-05-31,260967.7014996028
2016-06-01,260339.074195998
2016-06-02,260700.66032162815
2016-06-03,261220.82952819054
2016-06-06,227357.72332590882
2016-06-07,223814.6513742338
2016-06-08,302325.26979022496
2016-06-09,234152.32736393603
2016-06-10,303708.1173078836
2016-06-13,261359.7189381166
2016-06-14,290543.81111177825
2016-06-15,262828.29239821207
2016-06-16,260870.9577364623
2016-06-17,260718.14100942318
2016-06-20,262293.0102526101
2016-06-21,261904.46628901656
2016-06-22,220641.44510551722
2016-06-23,262845.70274529554
2016-06-24,188445.31372941192
2016-06-27,372445.33094368706
2016-06-28,229610.59328723993
2016-06-29,261117.8289885178
2016-06-30,291875.4252749976
2016-07-01,261329.5436255017
2016-07-04,262516.9075267942
2016-07-05,261517.18616000505
2016-07-07,260389.8546649928
2016-07-08,259722.45717107703
2016-07-11,214634.2199487922
2016-07-12,262620.44574194687
2016-07-13,263376.6302978626
2016-07-14,272401.5788817465
2016-07-15,316525.05286746746
2016-07-18,259836.7366404734
2016-07-19,261017.92652004838
2016-07-20,261747.22289097164
2016-07-21,260640.80184457247
2016-07-22,261029.62182796313
2016-07-25,198260.50785072075
2016-07-26,262228.1374085597
2016-07-27,262673.4720807687
2016-07-28,222813.33799913485
2016-07-29,206104.5542283979
2016-08-01,262377.8265014417
2016-08-02,314800.91623642977
2016-08-03,261641.4792395683
2016-08-04,261267.48589664616
2016-08-05,262464.26315917575
2016-08-08,304253.13689258666
2016-08-09,295903.9146773307
2016-08-10,259389.01176067218
2016-08-11,260567.05752583608
2016-08-12,262157.9203156725
2016-08-16,209114.12324842843
2016-08-17,299417.08336572564
2016-08-18,262792.85214410536
2016-08-19,291981.8778689764
2016-08-22,219767.7417067396
2016-08-23,267754.2816337603
2016-08-24,262875.1283086058
2016-08-25,261850.90619060912
2016-08-26,260966.85853680223
2016-08-29,291249.7147665451
2016-08-30,262423.7926566103
2016-08-31,258575.36355293417
2016-09-01,261163.23773026565
2016-09-02,262104.58274371552
2016-09-06,221836.7465071023
2016-09-07,262333.3215776814
2016-09-08,261065.76758230964
2016-09-09,261508.81346515345
2016-09-12,230109.71933213677
2016-09-14,276748.99669864203
2016-09-15,260759.98605815906
2016-09-16,271525.5472893991
2016-09-19,262658.1219606948
2016-09-20,262641.56083212676
2016-09-21,262423.3207928962
2016-09-22,262629.89032962493
2016-09-23,262340.75280719076
2016-09-26,261002.58570730782
2016-09-27,261277.8948134749
2016-09-28,213738.79624634696
2016-09-29,259473.19696022547
2016-09-30,312698.24750020646
2016-10-03,260960.1105863466
2016-10-04,261458.72507309244
2016-10-05,260780.14615668228
2016-10-06,292996.59204214846
2016-10-07,285850.93694368034
2016-10-10,259901.15277406544
2016-10-13,257227.48987429572
2016-10-14,230642.12805273777
2016-10-17,258496.30410700772
2016-10-18,261485.21970728209
2016-10-19,287362.899045818
2016-10-20,228898.90688853982
2016-10-21,234885.9703882058
2016-10-24,262847.57194173697
2016-10-25,296399.1031205661
2016-10-26,261058.50571868452
2016-10-27,261675.12850582815
2016-10-28,232447.23814311443
2016-11-01,260475.479809308
2016-11-02,234101.82387515338
2016-11-03,258913.36918523972
2016-11-04,258688.12592061056
2016-11-07,259100.6859653514
2016-11-08,300846.2078528693
2016-11-09,256485.28906528107
2016-11-10,256428.11178903046
2016-11-11,213816.77954123967
2016-11-15,255195.49510536075
2016-11-16,294190.44847891707
2016-11-17,255852.0769883636
2016-11-18,284654.7086807007
2016-11-21,253846.31662890964
2016-11-22,247690.10000695795
2016-11-23,254630.3420957346
2016-11-24,254174.9922043148
2016-11-25,258107.9192914338
2016-11-28,257138.3542015847
2016-11-29,256445.32416619864
2016-11-30,246677.71231629018
2016-12-01,258638.24955680245
2016-12-02,228139.25787897134
2016-12-05,290100.26568790385
2016-12-06,231983.35906945483
2016-12-07,256502.12440464873
2016-12-08,258279.41436210574
2016-12-09,258664.36890928054
2016-12-12,257741.98466615856
2016-12-13,258638.47515833174
2016-12-14,264044.4083381222
2016-12-15,259667.69603128106
2016-12-16,260686.39135141918
2016-12-19,265066.2687346054
2016-12-20,220276.13875011326
2016-12-21,329925.6420065656
2016-12-22,260031.46708463613
2016-12-23,260422.64433594048
2016-12-26,259638.70956359117
2016-12-27,261507.80090985648
2016-12-28,227759.0637327752
2016-12-29,261768.18649326195
2016-12-30,262980.31176789774
2017-01-02,224486.35969378514
2017-01-03,300857.04698093934
2017-01-04,231486.68992465618
2017-01-05,261506.95223751038
2017-01-06,260827.2121394611
2017-01-09,260804.2409238193
2017-01-10,298320.3415660404
2017-01-11,261849.22430277913
2017-01-12,262981.81890580774
2017-01-13,291715.815755914
2017-01-16,261533.62880356575
2017-01-17,220129.2867860617
2017-01-18,223393.62878359287
2017-01-19,298994.7661020617
2017-01-20,259272.6440272113
2017-01-23,259380.3207246181
2017-01-24,224858.19804337015
2017-01-25,259718.9216492254
2017-01-27,229074.39799056668
2017-01-30,260300.35135205198
2017-01-31,303751.60562857427
2017-02-01,293136.7582543908
2017-02-02,221782.26024967775
2017-02-03,259797.61040341362
2017-02-06,297016.46755736374
2017-02-07,261096.08706700377
2017-02-08,261108.4419597055
2017-02-09,262293.4985770813
2017-02-10,264324.0944947545
2017-02-13,294033.21078673506
2017-02-14,218347.5532763421
2017-02-15,230066.53299784072
2017-02-16,267088.2377965609
2017-02-17,266850.3644093757
2017-02-20,275795.3806998569
2017-02-21,305619.57643930457
2017-02-22,270078.4814520103
2017-02-23,270044.8538903564
2017-02-27,236426.95772501695
2017-02-28,270694.5885807923
2017-03-01,271658.82177517324
2017-03-02,308756.99319799687
2017-03-03,271402.34704657184
2017-03-06,223233.96014608958
2017-03-07,235040.8471107849
2017-03-08,318773.8903804547
2017-03-09,272127.2181038252
2017-03-10,272765.0375061773
2017-03-14,273652.8326397582
2017-03-15,272750.31671570323
2017-03-16,235305.68706210857
2017-03-17,274087.85810391925
2017-03-20,273214.3028091649
2017-03-21,273741.68608136126
2017-03-22,225749.70621425603
2017-03-23,273502.3871765474
2017-03-24,328148.16413442156
2017-03-27,273106.60306320875
2017-03-28,273509.5999694059
2017-03-29,273839.4321436357
2017-03-30,273758.3798457172
2017-03-31,273551.252913501
2017-04-03,316815.34256011876
2017-04-05,272262.8341006566
2017-04-06,307367.28790797945
2017-04-07,255671.87701249486
2017-04-10,269472.4927036778
2017-04-11,269802.29313158896
2017-04-12,300136.74283922405
2017-04-13,266808.1177434284
2017-04-17,226837.9283988565
2017-04-18,299313.76166827447
2017-04-19,265745.8128084914
2017-04-20,232313.461190128
2017-04-21,268209.8796162222
2017-04-24,265155.6281236098
2017-04-25,265392.1994953139
2017-04-26,234629.3806931446
2017-04-27,265579.04309764603
2017-04-28,264838.9318163669
2017-05-02,277361.71117928467
2017-05-03,266615.6138454946
2017-05-04,266653.23778582184
2017-05-05,225642.4831029144
2017-05-08,266868.4400174944
2017-05-09,266924.53970212373
2017-05-10,266778.1958055681
2017-05-11,266800.14500815206
2017-05-12,267783.08937096706
2017-05-15,267163.5662800734
2017-05-16,274158.6280518907
2017-05-17,267155.34986324626
2017-05-18,267655.9217602072
2017-05-19,267443.3894134401
2017-05-22,267639.1435195615
2017-05-23,267407.0337139738
2017-05-24,267267.20935245854
2017-05-25,268861.207073733
2017-05-26,269554.7372723212
2017-05-29,268964.6791494627
2017-05-30,267728.1137737657
2017-05-31,268493.38051502546
2017-06-01,268187.8978320976
2017-06-02,268082.4644123041
2017-06-05,267503.9352755369
2017-06-06,268617.7364434764
2017-06-07,267641.80822447274
2017-06-08,267379.57934708596
2017-06-09,266955.1429238258
2017-06-12,267779.68117340864
2017-06-13,303575.26447788585
2017-06-14,267729.81050251203
2017-06-15,266388.62762282905
2017-06-16,265631.99167493265
2017-06-19,265707.78967885446
2017-06-20,266582.6345559425
2017-06-21,265893.0587704479
2017-06-22,265542.06914718775
2017-06-23,300959.6620307428
2017-06-27,216096.45347960142
2017-06-28,263795.0908963409
2017-06-29,301654.591205505
2017-06-30,263862.7550006402
2017-07-03,264851.2849243325
2017-07-04,265053.69619824324
2017-07-05,264322.5396724755
2017-07-06,264230.04341340775
2017-07-07,290209.0072668961
2017-07-10,266358.8927823397
2017-07-11,261897.14537838777
2017-07-12,267579.2967467813
2017-07-13,228013.3983173951
2017-07-14,267651.3018226349
2017-07-17,268038.9094228894
2017-07-18,267581.1075518889
2017-07-19,268564.70281179744
2017-07-20,268768.4184217745
2017-07-21,285802.4025078576
2017-07-24,272355.9157518034
2017-07-25,238347.30203909567
2017-07-26,273380.67476303544
2017-07-27,273627.6126853572
2017-07-28,273361.97005027265
2017-07-31,274033.709712834
2017-08-01,274028.6616177272
2017-08-02,274562.16860142123
2017-08-03,313044.2637278143
2017-08-04,221850.90078753274
2017-08-07,315430.94986712636
2017-08-08,273243.1317195337
2017-08-09,272685.5831870043
2017-08-10,272449.24434613704
2017-08-11,271449.2551966583
2017-08-14,272562.546225315
2017-08-16,272598.85054056067
2017-08-17,235928.18223318006
2017-08-18,242298.94635065962
2017-08-21,230969.83922242787
2017-08-22,270708.7558005743
2017-08-23,324796.36520952906
2017-08-24,270175.9777052643
2017-08-28,270124.69670694723
2017-08-29,268948.62052809773
2017-08-30,270040.9354608309
2017-08-31,271080.2623108349
2017-09-01,271613.598386523
2017-09-04,349610.86704730324
2017-09-05,272465.6703147834
2017-09-06,255344.3949375663
2017-09-07,272147.1252718072
2017-09-08,272412.8295795414
2017-09-11,272991.1831218667
2017-09-12,273560.5612779426
2017-09-13,275003.4426853597
2017-09-14,274958.88451128063
2017-09-15,274744.83423889254
2017-09-18,235570.56329786318
2017-09-19,275208.3530813905
2017-09-20,282064.88292791747
2017-09-21,273930.0048208042
2017-09-22,271535.64875754935
2017-09-25,272091.321009791
2017-09-26,272450.7549884077
2017-09-27,270426.27805724455
2017-09-28,269659.309812785
2017-09-29,269438.77342497197
2017-10-03,232957.5363757587
2017-10-04,280573.29391123774
2017-10-05,272089.40152924444
2017-10-06,272944.8996258181
2017-10-09,315963.74412691884
2017-10-10,272997.52435248904
2017-10-11,272443.5574943282
2017-10-12,274597.512606227
2017-10-13,275442.37809122907
2017-10-16,275937.1962970477
2017-10-17,275718.7649146987
2017-10-18,262887.46341164515
2017-10-19,275532.89493601135
2017-10-23,235841.67312724068
2017-10-24,277532.2952622822
2017-10-25,277821.88349421736
2017-10-26,278206.28929079825
2017-10-27,277306.7763738161
2017-10-30,277955.14403350896
2017-10-31,277870.5735949814
2017-11-01,229648.0599731538
2017-11-02,278470.24773249915
2017-11-03,278470.24773249915
2017-11-06,278470.24773249915
2017-11-07,334108.60322945245
2017-11-08,277254.78234706423
2017-11-09,278034.1021513783
2017-11-10,277012.3990267266
2017-11-13,276484.67091333284
2017-11-14,321697.96873285575
2017-11-15,277085.26409847836
2017-11-16,280038.1982840427
2017-11-17,279713.8105112849
2017-11-20,279775.27308368974
2017-11-21,270577.96442805586
2017-11-22,280625.0025782351
2017-11-23,282614.8262567155
2017-11-24,321313.4937448541
2017-11-27,283124.5889658002
2017-11-28,235431.03122403153
2017-11-29,321274.4247650623
2017-11-30,279537.705132384
2017-12-01,277994.78520941647
2017-12-04,278510.0565501274
2017-12-05,273783.8843015493
2017-12-06,279290.80050044775
2017-12-07,313177.41879816685
2017-12-08,243739.54533720593
2017-12-11,281271.1130292694
2017-12-12,280846.1580553521
2017-12-13,281985.6136418513
2017-12-14,280507.3146929055
2017-12-15,280682.184770948
2017-12-18,280911.7361701153
2017-12-19,280700.9793946976
2017-12-20,280816.2380637753
2017-12-21,248650.83309806322
2017-12-22,281970.58288211
2017-12-26,282235.86288174
2017-12-27,239224.8804744217
2017-12-28,281929.9075210239
2017-12-29,281789.1449036808
2018-01-01,329362.30509176623
2018-01-02,240321.35655136267
2018-01-03,365047.7516100388
2018-01-04,281378.590821677
2018-01-05,281927.01991938613
2018-01-08,283698.249963815
2018-01-09,284347.2282325317
2018-01-10,286675.2721382087
2018-01-11,287269.7238784629
2018-01-12,287591.9168979683
2018-01-15,237267.01220153386
2018-01-16,288006.43392388086
2018-01-17,199165.61347847892
2018-01-18,347227.09548131644
2018-01-19,290075.57605582103
2018-01-22,292603.0109203485
2018-01-23,293341.75134085445
2018-01-24,292279.22336949286
2018-01-25,292250.9319868396
2018-01-29,292162.91015500645
2018-01-30,337534.7804949848
2018-01-31,291109.30901864026
2018-02-01,279310.72021972376
2018-02-02,287641.7668404283
2018-02-05,326418.78171556874
2018-02-06,285684.2335147925
2018-02-07,286074.0160536758
2018-02-08,287749.3937421274
2018-02-09,285568.90661742556
2018-02-12,286172.44276111573
2018-02-14,307626.42612122
2018-02-15,239460.35827351923
2018-02-16,324118.32310790545
2018-02-19,249629.58509031727
2018-02-20,287692.4931182767
2018-02-21,289388.8078718583
2018-02-22,326559.763293508
2018-02-23,320204.0368597857
2018-02-26,290864.2836649276
2018-02-27,291176.76106202754
2018-02-28,222190.48827058656
2018-03-01,326870.9316725291
2018-03-05,251438.79745485316
2018-03-06,286799.49532837153
2018-03-07,285531.6891333434
2018-03-08,294954.4696660691
2018-03-09,260261.86024661164
2018-03-12,288123.13689432613
2018-03-13,328875.87367204705
2018-03-14,287858.3397030502
2018-03-15,250059.76583198554
2018-03-16,286767.62437820714
2018-03-19,286704.62199855066
2018-03-20,286998.8568455058
2018-03-21,360033.47322347516
2018-03-22,241344.4971149618
2018-03-23,285421.06437842903
2018-03-26,285658.96947691793
2018-03-27,288767.1021121845
2018-03-28,284894.0619769316
2018-04-02,284147.31504671427
2018-04-03,285201.4862847157
2018-04-04,215587.65274816632
2018-04-05,285186.4858530639
2018-04-06,285071.26104012516
2018-04-09,332752.10389374703
2018-04-10,240677.97129707236
2018-04-11,285394.2924786564
2018-04-12,287053.51305736916
2018-04-13,287436.409301472
2018-04-16,285781.5141896474
2018-04-17,285435.3923361939
2018-04-18,285467.84125995514
2018-04-19,285766.3724148389
2018-04-20,287739.26592324383
2018-04-23,236753.35576051637
2018-04-24,288139.4693162995
2018-04-25,345709.7352856961
2018-04-26,334936.8475758869
2018-04-27,288132.6256150413
2018-04-30,289885.10918057756
2018-05-02,289342.58451793756
2018-05-03,288390.242052831
2018-05-04,287907.0651692304
2018-05-07,287620.0733977821
2018-05-08,287017.81453898904
2018-05-09,278265.5836717571
2018-05-10,242332.7982475996
2018-05-11,287771.5344802294
2018-05-14,288125.38329833053
2018-05-15,288342.65764756233
2018-05-16,288152.2798904834
2018-05-17,287860.514509829
2018-05-18,335606.2457956652
2018-05-21,288417.5876073573
2018-05-22,288359.26784320566
2018-05-23,286747.3937698781
2018-05-24,289684.15879149956
2018-05-25,289993.7993151451
2018-05-28,289669.2930898024
2018-05-29,289727.5290743195
2018-05-30,289983.5294951691
2018-05-31,291769.1562681088
2018-06-01,243604.15250024683
2018-06-04,289260.48666256736
2018-06-05,289684.85040928517
2018-06-06,239356.70691031573
2018-06-07,289532.4221858005
2018-06-08,289532.4221858005
2018-06-11,289532.4221858005
2018-06-12,289532.4221858005
2018-06-13,289532.4221858005
2018-06-14,289532.4221858005
2018-06-15,289532.4221858005
2018-06-18,347381.00013852346
2018-06-19,288296.91107214784
2018-06-20,288367.66073187406
2018-06-21,288522.84975946543
2018-06-22,288582.18297150073
2018-06-25,289705.0120530104
2018-06-26,289951.4880883947
2018-06-27,289593.1876971508
2018-06-28,290487.79925917817
2018-06-29,291291.12381341256
2018-07-02,231625.9377486404
2018-07-03,292546.3201705654
2018-07-04,350997.0749406444
2018-07-05,293049.10127990396
2018-07-06,339570.73659631854
2018-07-09,293586.68309846544
2018-07-10,331664.5899623007
2018-07-11,297054.467007241
2018-07-12,296425.39434017206
2018-07-13,297874.58950409206
2018-07-16,298263.9059969742
2018-07-17,298561.5421617747
2018-07-18,237844.09813354805
2018-07-19,297724.4890470855
2018-07-20,250085.5966514481
2018-07-23,351167.43421583483
2018-07-24,260096.87268230584
2018-07-25,300229.38641807344
2018-07-26,299828.1426525062
2018-07-27,299835.78352499503
2018-07-30,298977.88800642325
2018-07-31,299516.70013009064
2018-08-01,299094.44163280044
2018-08-02,348499.9230190524
2018-08-03,299230.65454979986
2018-08-06,296858.14855931053
2018-08-07,299531.2951743053
2018-08-08,299466.94214054535
2018-08-09,299683.9236582646
2018-08-10,299791.7696410393
2018-08-13,300117.73828436114
2018-08-14,300042.07294156856
2018-08-16,301916.42197772383
2018-08-17,300530.0394663189
2018-08-20,248497.36587265573
2018-08-21,299285.0300923604
2018-08-23,298899.4099344542
2018-08-24,298659.4488124749
2018-08-27,298912.5435562553
2018-08-28,349053.9790604002
2018-08-29,298883.52304100903
2018-08-30,331070.2755549261
2018-08-31,297535.5619541818
2018-09-03,296810.8544705259
2018-09-04,297848.4534999861
2018-09-05,296788.0646664327
2018-09-06,331278.2641276481
2018-09-07,298865.6100080127
2018-09-10,297767.5085630712
2018-09-11,246459.98054329847
2018-09-12,296793.95323014806
2018-09-14,216588.16586721363
2018-09-17,348955.60151934944
2018-09-18,337997.17181774543
2018-09-19,295478.2974442231
2018-09-21,262163.39723324135
2018-09-24,292265.4701251094
2018-09-25,293279.81887497153
2018-09-26,334068.7073560564
2018-09-27,293667.74093647883
2018-09-28,294604.87221493473
2018-10-01,243720.32087951282
2018-10-03,254999.1085494775
2018-10-04,344678.34085340804
2018-10-05,294977.17748078326
2018-10-08,293883.1305033636
2018-10-09,293953.2960222345
2018-10-10,295194.544611455
2018-10-11,331943.8046988995
2018-10-12,291810.2223760952
2018-10-15,294309.2789152489
2018-10-16,293954.0723877032
2018-10-17,293433.5700192699
2018-10-19,283029.2744688986
2018-10-22,291838.6961650284
2018-10-23,289015.60788122914
2018-10-24,293362.31913633225
2018-10-25,249425.29135994412
2018-10-26,286925.3675861507
2018-10-29,287779.5853739125
2018-10-30,288019.2200614439
2018-10-31,288966.91050068015
2018-11-01,288922.96103027393
2018-11-02,296383.30969831446
2018-11-05,288839.3343840517
2018-11-06,289536.3845793276
2018-11-07,246610.35587962077
2018-11-09,337786.7640653669
2018-11-12,289197.7319010755
2018-11-13,289873.02017949015
2018-11-14,289263.6527774201
2018-11-15,289506.7643488356
2018-11-16,319297.11456921423
2018-11-19,323857.6920251373
2018-11-20,289516.4261767022
2018-11-21,285962.6568526556
2018-11-22,285517.9622024392
2018-11-26,276473.12696295907
2018-11-27,290161.31919301645
2018-11-28,294794.6596860951
2018-11-29,295333.4532349848
2018-11-30,212933.51685580326
2018-12-03,262849.2327729756
2018-12-04,296281.75079991703
2018-12-05,296203.02301490266
2018-12-06,295933.2337928945
2018-12-07,295981.23882570764
2018-12-10,257669.38317579505
2018-12-11,295608.72164627427
2018-12-12,295608.72164627427
2018-12-13,295608.72164627427
2018-12-14,295608.72164627427
2018-12-17,295608.72164627427
2018-12-18,354671.3442311999
2018-12-19,294523.90401011193
2018-12-20,294715.9502639617
2018-12-21,340145.9858380029
2018-12-24,293658.7741940553
2018-12-26,292496.40974749444
2018-12-27,294101.63933967816
2018-12-28,293793.2238905985
2018-12-31,293893.03972670104
2019-01-01,236614.14488513698
2019-01-02,344578.8092644315
2019-01-03,294555.43411571166
2019-01-04,246603.83900566242
2019-01-07,294167.9788417579
2019-01-08,342911.8284541066
2019-01-09,294273.6111474531
2019-01-10,333673.25620441575
2019-01-11,293698.09551371314
2019-01-14,294110.49444966007
2019-01-15,297717.4004362756
2019-01-16,244097.97538090544
2019-01-17,299347.2115209107
2019-01-18,299473.07259560423
2019-01-21,300012.6843782178
2019-01-22,302477.90154227556
2019-01-23,298620.3714148982
2019-01-24,260474.86551303742
2019-01-25,348738.00504877185
2019-01-28,296763.50496693695
2019-01-29,296424.478979621
2019-01-30,298427.457073669
2019-01-31,299549.91956301674
2019-02-01,299154.99319508346
2019-02-04,300863.5218392402
2019-02-05,296637.8237980142
2019-02-06,302225.4276769211
2019-02-07,301362.08268495125
2019-02-08,251319.38645981124
2019-02-11,299423.91593811515
2019-02-12,349613.54165156634
2019-02-14,337836.79703628307
2019-02-15,298410.6701584987
2019-02-18,297160.32551154995
2019-02-19,280611.91926260915
2019-02-20,297554.55174408184
2019-02-21,297330.39672741556
2019-02-22,297029.404313872
2019-02-25,299908.19502699375
2019-02-26,250172.1140580926
2019-02-27,299725.1025192914
2019-02-28,311633.01927304204
2019-03-01,299114.037367521
2019-03-05,264869.22909135546
2019-03-06,298313.3092513552
2019-03-07,297624.56822536327
2019-03-08,296860.0981279943
2019-03-11,345828.81586362625
2019-03-12,297402.0822005234
2019-03-13,298790.35810490925
2019-03-14,297101.1666832927
2019-03-15,298609.7104027581
2019-03-18,299851.1674525902
2019-03-19,300973.0559553852
2019-03-20,301652.6352669111
2019-03-22,299883.99990100897
2019-03-25,286351.04538079165
2019-03-26,301996.2817506414
2019-03-27,343388.633795447
2019-03-28,252694.619590402
2019-04-01,303582.068418705
2019-04-02,303716.9851882053
2019-04-03,346577.6965240185
2019-04-04,301974.66763245757
2019-04-05,303231.7820441318
2019-04-08,306063.1728402712
2019-04-09,303673.4476716272
2019-04-10,258460.75305771368
2019-04-11,301861.6174081722
2019-04-12,302514.45979975874
2019-04-15,302758.3398606896
2019-04-16,304649.9314683522
2019-04-18,303451.2762592401
2019-04-22,259456.14938179345
2019-04-23,303671.53658509825
2019-04-24,304166.9448924117
2019-04-25,355629.2629272972
2019-04-26,347307.3604606886
2019-04-30,307222.34180182184
2019-05-02,261233.0740461018
2019-05-03,306159.5143854798
2019-05-06,305374.3134231316
2019-05-07,303319.1867229773
2019-05-08,302479.312681869
2019-05-09,251978.62014927372
2019-05-10,320721.0291229903
2019-05-13,301873.47335064254
2019-05-14,301891.87514649925
2019-05-15,301860.32829381846
2019-05-16,302489.97523199406
2019-05-17,303842.60671397776
2019-05-20,305689.4871977584
2019-05-21,304936.2715906488
2019-05-22,353290.3644016554
2019-05-23,302362.8680327408
2019-05-24,240911.31984062804
2019-05-27,354579.6607881262
2019-05-28,305296.7414416263
2019-05-29,306059.3094851095
2019-05-30,307373.3801798478
2019-05-31,308842.4010506992
2019-06-03,310401.88635062875
2019-06-04,349238.9560344198
2019-06-06,257199.8794874901
2019-06-07,308114.8885321697
2019-06-10,254646.46226985345
2019-06-11,309166.70823089994
2019-06-12,308810.7573854813
2019-06-13,309105.0215899742
2019-06-14,362560.5582240593
2019-06-17,308680.1314526233
2019-06-18,319939.6168910996
2019-06-19,309605.73206875526
2019-06-20,309780.8095633593
2019-06-21,309184.414421316
2019-06-24,308923.1219887621
2019-06-25,309337.94589140953
2019-06-26,350275.36207699316
2019-06-27,308104.6573593027
2019-06-28,297346.7678222605
2019-07-01,308448.20266079274
2019-07-02,301943.2967438537
2019-07-03,308937.0701273957
2019-07-04,309024.6040938436
2019-07-05,307236.04796566645
2019-07-08,341771.8795117973
2019-07-09,306115.8300099214
2019-07-10,266282.39234225
2019-07-11,343657.5054679372
2019-07-12,332590.19847922947
2019-07-15,309800.0182600895
2019-07-16,266737.12741582864
2019-07-17,310352.1534244435
2019-07-18,308388.31854980724
2019-07-19,307186.3611502663
2019-07-22,313689.847517264
2019-07-23,340708.12237121194
2019-07-24,307806.0251452197
2019-07-25,270914.90403348685
2019-07-26,237854.34924178701
2019-07-29,308818.3606299836
2019-07-30,308542.2242671835
2019-07-31,308460.9228224147
2019-08-01,307306.24828615494
2019-08-02,353614.17449823336
2019-08-05,312528.764732481
2019-08-06,347116.1202092571
2019-08-07,306100.0061304083
2019-08-08,309115.0668169491
2019-08-09,310349.73358728644
2019-08-13,306062.8837053127
2019-08-14,307582.48112687294
2019-08-16,260708.53624553652
2019-08-19,306400.3520428934
2019-08-20,286550.9361482496
2019-08-21,306897.35076021275
2019-08-22,304244.58180858305
2019-08-23,303566.18261935195
2019-08-26,307564.79450962064
2019-08-27,350159.9163723104
2019-08-28,308413.48493915505
2019-08-29,307218.63163870113
2019-08-30,308247.54996062577
2019-09-03,262874.66565807664
2019-09-04,349035.3385510007
2019-09-05,306507.0732439282
2019-09-06,307334.7098007562
2019-09-09,307267.6446362921
2019-09-11,263119.36464613304
2019-09-12,308058.6059525479
2019-09-13,308870.35892874916
2019-09-16,308422.8088945213
2019-09-17,340565.7834586533
2019-09-18,263886.9393012043
2019-09-19,349485.05284621177
2019-09-20,347395.4524593341
2019-09-23,315076.7258964185
2019-09-24,316196.4015929389
2019-09-25,315681.46316066606
2019-09-26,317350.8564931547
2019-09-27,316465.0393929198
2019-09-30,315916.7572047413
2019-10-01,259616.73101780112
2019-10-03,314575.6424814946
2019-10-04,279041.5769739684
2019-10-07,312970.148491598
2019-10-09,360010.4287875622
2019-10-10,312670.8076732375
2019-10-11,314150.1715732587
2019-10-14,350001.4064344254
2019-10-15,314064.1749257398
2019-10-16,313866.11594518373
2019-10-17,265510.84918537264
2019-10-18,314997.23639355245
2019-10-22,307553.0877693326
2019-10-23,316163.5795910816
2019-10-24,346099.845847017
2019-10-25,309312.5948628681
2019-10-27,310223.3967395194
2019-10-29,233799.57269696394
2019-10-30,359192.67089563893
2019-10-31,313907.51756121666
2019-11-01,314176.38567627437
2019-11-04,315316.1167714106
2019-11-05,314340.5268545069
2019-11-06,268442.56787099404
2019-11-07,274536.10511167115
2019-11-08,370639.032596137
2019-11-11,315447.19239683455
2019-11-13,322959.45739434985
2019-11-14,316494.23338752356
2019-11-15,316675.7547005486
2019-11-18,316359.9617068276
2019-11-19,318749.4002023281
2019-11-20,362118.7379129994
2019-11-21,319921.5153536992
2019-11-22,308844.85948430037
2019-11-25,354158.0755091378
2019-11-26,317632.7330090473
2019-11-27,302053.3397894966
2019-11-28,319256.4119197565
2019-11-29,317960.70749359037
2019-12-02,317719.5360667159
2019-12-03,318197.38588140113
2019-12-04,317109.964121343
2019-12-05,319600.5349830442
2019-12-06,274151.87036603724
2019-12-09,284325.55611975875
2019-12-10,317741.8675216132
2019-12-11,279007.04112803994
2019-12-12,317907.58961798914
2019-12-13,318873.3066534289
2019-12-16,319937.8016177894
2019-12-17,320670.48009817273
2019-12-18,279146.54638439044
2019-12-19,320724.18528515473
2019-12-20,320724.18528515473
2019-12-23,384804.8775051287
2019-12-24,320008.1138848311
2019-12-26,319088.0327918791
2019-12-27,319311.9043160463
2019-12-30,319663.6998514072
2019-12-31,319169.2173009784
2020-01-01,370753.584107994
2020-01-02,320711.4614582356
2020-01-03,319871.4305577224
2020-01-06,256252.967503704
2020-01-07,318094.64688131463
2020-01-08,317705.81571039
2020-01-09,318889.28825532354
2020-01-10,318877.4006659183
2020-01-13,371954.1407052414
2020-01-14,318105.5911834194
2020-01-15,265971.05546575255
2020-01-16,370780.710335872
2020-01-17,316925.5022052454
2020-01-20,316246.81090425927
2020-01-21,315437.90260164865
2020-01-22,314483.97309823084
2020-01-23,315127.4868550073
2020-01-24,315722.74761204765
2020-01-27,261693.0070980764
2020-01-28,315181.4015925416
2020-01-29,368632.49897792883
2020-01-30,265431.4390189827
2020-01-31,367560.4174707298
2020-02-03,314673.51484754984
2020-02-04,316338.71849887597
2020-02-05,318151.0968147288
2020-02-06,359871.8878407124
2020-02-07,317914.101795702
2020-02-10,318080.2524683898
2020-02-11,318466.7267105053
2020-02-12,265058.67942559544
2020-02-13,365989.12716705096
2020-02-14,266194.06723155134
2020-02-17,321072.1713824759
2020-02-18,321484.94590043655
2020-02-19,321933.75501091767
2020-02-20,333921.33926436544
2020-02-24,320379.26739349595
2020-02-25,320646.8900292561
2020-02-26,318963.34397402906
2020-02-27,275474.4357244208
2020-02-28,367469.00823332905
2020-03-02,357548.1216663073
2020-03-03,317370.6749208418
2020-03-04,352643.4560756727
2020-03-05,304517.9034832059
2020-03-06,316388.4558873713
2020-03-09,307681.1500568592
2020-03-11,307122.9011090598
2020-03-12,293502.65028123115
2020-03-13,250612.93388722706
2020-03-16,255954.6177299836
2020-03-17,287424.16358126124
2020-03-18,309097.71432403167
2020-03-19,304515.35683198203
2020-03-20,287701.68272809486
2020-03-23,276178.319065447
2020-03-24,281351.1950348687
2020-03-25,287962.92411092884
2020-03-26,293695.65984695405
2020-03-27,294718.39442096924
2020-03-30,288240.11229791015
2020-03-31,291272.5319423688
2020-04-01,237507.2096086208
2020-04-03,291588.2908148457
2020-04-07,289747.50022222963
2020-04-08,289028.99008409923
2020-04-09,289480.4872004748
2020-04-13,289592.1495618896
2020-04-15,289752.3538191938
2020-04-16,288276.49884097185
2020-04-17,285396.08705053444
2020-04-20,290947.17176776595
2020-04-21,289102.84265089454
2020-04-22,289896.5440786092
2020-04-23,293332.87402066845
2020-04-24,291378.4344489576
2020-04-27,338138.1963656665
2020-04-28,291664.3768626655
2020-04-29,295387.4704510894
2020-04-30,300187.6480651202
2020-05-04,279897.40931974247
2020-05-05,330187.55655271804
2020-05-06,293545.0139550097
2020-05-07,323284.87696456024
2020-05-08,292627.62999952433
2020-05-11,279467.4292069042
2020-05-12,290718.7700807627
2020-05-13,294535.55227375985
2020-05-14,288816.2294100865
2020-05-15,287423.3785627225
2020-05-18,240014.144317317
2020-05-19,288463.0472915745
2020-05-20,319884.26115357847
2020-05-21,252235.36281813975
2020-05-22,284443.81365767
2020-05-26,321389.2126081919
2020-05-27,292113.03136508213
2020-05-28,294812.6004875191
2020-05-29,294006.17162609746
2020-06-01,298156.79825632175
2020-06-02,253784.8045986885
2020-06-03,261089.5638232864
2020-06-04,302136.0410846339
2020-06-05,383380.2659608898
2020-06-08,302185.7634327213
2020-06-09,222314.84271434988
2020-06-10,344467.57340545155
2020-06-11,297201.9365619277
2020-06-12,299575.8175068678
2020-06-15,332754.83713844937
2020-06-16,301273.5861699829
2020-06-17,300736.99454396137
2020-06-18,305228.7906963984
2020-06-19,223064.47345824595
2020-06-22,354671.49043773254
2020-06-23,310807.13119516807
2020-06-24,264357.3268578542
2020-06-25,308909.37887637934
2020-06-26,359177.1418898493
2020-06-29,274110.02345788496
2020-06-30,312251.6937513767
2020-07-01,314116.5666014076
2020-07-02,315419.2131330126
2020-07-03,316130.55687712226
2020-07-06,266939.4479499263
2020-07-07,319517.38373861305
2020-07-08,372633.9440785991
2020-07-09,319208.35098775546
2020-07-10,270926.9737535015
2020-07-13,318975.19987527817
2020-07-14,370634.5953266957
2020-07-15,396779.86783799843
2020-07-16,326853.9101925831
2020-07-17,330540.8270976739
2020-07-20,335516.5603472885
2020-07-21,338678.7440240085
2020-07-22,273690.43456689204
2020-07-23,340237.7228567183
2020-07-24,340675.38183893973
2020-07-27,336667.5724542733
2020-07-28,333412.7748253192
2020-07-29,251807.03180320992
2020-07-30,390028.752622795
2020-07-31,332631.230701637
2020-08-03,330614.41519820085
2020-08-04,333734.4960228376
2020-08-05,415090.68728290923
2020-08-06,336869.0623377478
2020-08-07,335859.4052654096
2020-08-10,336862.7985052599
2020-08-11,327465.38746762485
2020-08-12,337629.9992786101
2020-08-13,276834.8671136255
2020-08-14,336400.47571927763
2020-08-17,336714.74160499213
2020-08-18,338298.81476656283
2020-08-19,308148.86946136644
2020-08-20,337668.6707076249
2020-08-21,338544.39483614324
2020-08-24,339680.8337601879
2020-08-25,298712.83409411163
2020-08-26,339903.0628054108
2020-08-27,339784.67838630074
2020-08-28,339556.04174728703
2020-08-31,397451.46962997044
2020-09-01,340269.2074192552
2020-09-02,344953.64267037367
2020-09-03,341690.85563309485
2020-09-04,340826.7383259792
2020-09-07,341327.21801919036
2020-09-08,341954.93822441495
2020-09-09,385800.74678148574
2020-09-10,340737.8787377473
2020-09-11,341171.3256249773
2020-09-14,334743.02059178054
2020-09-15,343669.7194811675
2020-09-16,282970.72790266364
2020-09-17,344227.85620821035
2020-09-18,343126.3507817929
2020-09-21,340453.99225096626
2020-09-22,340290.8420504948
2020-09-23,297260.4273806665
2020-09-24,339755.1751565873
2020-09-25,399091.17486401513
2020-09-28,352657.87707156374
2020-09-29,342559.2835963009
2020-09-30,343029.728425809
2020-10-01,346979.22727163404
2020-10-05,348031.7360408456
2020-10-06,350885.3112360058
2020-10-07,352200.77892958565
2020-10-08,354597.2647499026
2020-10-09,291552.9701193521
2020-10-12,293252.56123454456
2020-10-13,358123.5249556063
2020-10-14,358123.5249556063
2020-10-15,358123.5249556063
2020-10-16,358123.5249556063
2020-10-19,358123.5249556063
2020-10-20,358123.5249556063
2020-10-21,358123.5249556063
2020-10-22,358123.5249556063
2020-10-23,358123.5249556063
2020-10-26,358123.5249556063
2020-10-27,358123.5249556063
2020-10-28,429676.60524173646
2020-10-29,357938.9045962813
2020-10-30,414234.24017548887
2020-11-02,361335.3419706283
2020-11-03,364536.5187100834
2020-11-04,365632.05187733116
2020-11-05,366511.4469540691
2020-11-06,367719.97054893
2020-11-09,372203.33848017355
2020-11-10,372262.9169507898
2020-11-11,300139.7585666595
2020-11-12,373310.748948247
2020-11-13,303806.2075003176
2020-11-14,374601.10657185625
2020-11-17,449446.4076649131
2020-11-18,374299.0142879222
2020-11-19,373771.4457214689
2020-11-20,371005.9356165864
2020-11-23,372928.46330901654
2020-11-24,373429.7465606278
2020-11-25,372819.5677141073
2020-11-26,372999.8056164074
2020-11-27,372143.6780635079
2020-12-01,299680.885257485
2020-12-02,373086.17023201607
2020-12-03,447628.7870443729
2020-12-04,373554.1913254779
2020-12-07,374139.8368201712
2020-12-08,374791.65712958644
2020-12-09,376237.5752156651
2020-12-10,435378.6695270641
2020-12-11,376383.66486710816
2020-12-14,377690.5068785016
2020-12-15,376120.40622300486
2020-12-16,376196.2026514388
2020-12-17,298815.074384795
2020-12-18,376318.94328723976
2020-12-21,373654.55105915794
2020-12-22,374336.82151132403
2020-12-23,374725.0128429718
2020-12-24,315484.9909429912
2020-12-28,375895.45987641846
2020-12-29,375895.45987641846
2020-12-30,375895.45987641846
2020-12-31,375895.45987641846
2021-01-01,375895.45987641846
2021-01-04,375895.45987641846
2021-01-05,375895.45987641846
2021-01-06,375895.45987641846
2021-01-07,375895.45987641846
2021-01-08,375895.45987641846
2021-01-11,375895.45987641846
2021-01-12,375895.45987641846
2021-01-13,375895.45987641846
2021-01-14,375895.45987641846
2021-01-15,375895.45987641846
2021-01-18,375895.45987641846
2021-01-19,375895.45987641846
2021-01-20,375895.45987641846
2021-01-21,375895.45987641846
2021-01-22,375895.45987641846
2021-01-25,375895.45987641846
2021-01-27,450999.3727597269
2021-01-28,436751.7214965917
2021-01-29,376758.7118716582
2021-02-01,388071.42392471654
2021-02-02,390996.1973513741
2021-02-03,391870.38864703116
2021-02-04,392522.5716278288
2021-02-05,390470.4669170333
2021-02-08,393578.77030740015
2021-02-09,394268.429421953
2021-02-10,303785.9686492196
2021-02-11,331464.1493257799
2021-02-12,397283.27908589115
2021-02-15,397283.27908589115
2021-02-16,397283.27908589115
2021-02-17,397283.27908589115
2021-02-18,397283.27908589115
2021-02-19,397283.27908589115
2021-02-22,397283.27908589115
2021-02-23,397283.27908589115
2021-02-24,397283.27908589115
2021-02-25,397283.27908589115
2021-02-26,476660.4782472522
2021-03-01,398023.83779240865
2021-03-02,400276.834519982
2021-03-03,401723.52186584205
2021-03-04,401465.7195346918
2021-03-05,463825.2156092402
2021-03-08,400083.8445807534
2021-03-09,403067.08679591684
2021-03-10,403667.69144107925
2021-03-12,318117.3177715931
2021-03-15,401008.45072074886
2021-03-16,467675.28860206704
2021-03-17,398731.5238608186
2021-03-18,397401.45168236224
2021-03-19,403663.6768027544
2021-03-22,395706.84537426126
2021-03-23,398554.45819943835
2021-03-24,395465.9516838064
2021-03-25,395233.12080140447
2021-03-26,397272.4494345294
2021-03-30,332103.24244227185
2021-03-31,400461.2174540092
2021-04-01,401850.445928165
2021-04-05,414483.26763603336
2021-04-06,462222.71390121174
2021-04-07,400293.653883106
2021-04-08,399522.9742221396
2021-04-09,448618.2680457122
2021-04-12,389405.37219934363
2021-04-13,394491.66513398377
2021-04-15,398170.46771907504
2021-04-16,396639.99109007616
2021-04-19,315970.1189518365
2021-04-20,331537.55962440046
2021-04-22,393322.20691429503
2021-04-23,344219.6262572445
2021-04-26,471844.634915296
2021-04-27,395086.88987369434
2021-04-28,397217.95745646884
2021-04-29,396977.4411526881
2021-04-30,393610.2538665961
2021-05-03,393730.50519068015
2021-05-04,392270.6451035952
2021-05-05,393067.69589670666
2021-05-06,392972.6118665457
2021-05-07,393747.28793849977
2021-05-10,314615.5258645081
2021-05-11,394032.5468567889
2021-05-12,472760.2497187754
2021-05-14,393033.2591737943
2021-05-17,393498.5981204804
2021-05-18,393984.336731768
2021-05-19,393810.94892031077
2021-05-20,393249.9923818399
2021-05-21,393772.70188359683
2021-05-24,393798.1999080728
2021-05-25,394626.8857035412
2021-05-26,394299.1947344168
2021-05-27,396220.64873022697
2021-05-28,395309.37591025705
2021-05-31,395698.66581092053
2021-06-01,395544.702792053
2021-06-02,394955.126501343
2021-06-03,395250.5411337735
2021-06-04,458571.65451983
2021-06-07,396778.78192148544
2021-06-08,396632.2537266659
2021-06-09,382510.77075719787
2021-06-10,396715.72192432464
2021-06-11,397439.59511032706
2021-06-14,397438.5421729082
2021-06-15,451446.0499372242
2021-06-16,397628.72561773146
2021-06-17,397171.72514918295
2021-06-18,334932.17774441635
2021-06-21,396794.59272866644
2021-06-22,452234.7097802059
2021-06-23,327957.7270562909
2021-06-24,397402.69964266004
2021-06-25,399023.29857172916
2021-06-28,398895.3182893625
2021-06-29,412386.912644417
2021-06-30,396720.57956451265
2021-07-01,396209.0589019082
2021-07-02,396740.21735132136
2021-07-05,398087.72034075286
2021-07-06,343359.61618066777
2021-07-07,466295.27334713156
2021-07-08,399041.03340645955
2021-07-09,397187.28977558535
2021-07-12,396201.76672320534
2021-07-13,328454.2806490229
2021-07-14,463750.1724764047
2021-07-15,397964.24967954116
2021-07-16,397873.15650631476
2021-07-19,395391.8509078559
2021-07-20,394584.748402954
2021-07-22,330233.8529745992
2021-07-23,394779.60319934116
2021-07-26,394416.19003571983
2021-07-27,394646.64637215866
2021-07-28,462371.27407615934
2021-07-29,393522.53751586296
2021-07-30,393315.07471391157
2021-08-02,394213.5008295827
2021-08-03,396123.7460422789
2021-08-04,397310.0893447893
2021-08-05,398419.3437862207
2021-08-06,399313.7878300165
2021-08-09,400099.8102101692
2021-08-10,400504.44679643435
2021-08-11,328143.9645847457
2021-08-12,466929.01056037494
2021-08-13,403458.10461815214
2021-08-16,403842.544266198
2021-08-17,404718.3902185608
2021-08-18,458165.3039690147
2021-08-20,404207.68970217026
2021-08-23,406341.5151499374
2021-08-24,408295.7936308442
2021-08-25,336489.4529041657
2021-08-26,340271.516083655
2021-08-27,480396.43679138843
2021-08-30,411347.0529102802
2021-08-31,412368.4243030303
2021-09-01,356506.74880193407
2021-09-02,412782.6351829417
2021-09-03,480113.2992374714
2021-09-06,412701.8831697192
2021-09-07,413299.6767829742
2021-09-08,413355.76938793
2021-09-09,412834.78778651706
2021-09-13,339410.6700960095
2021-09-14,479194.3456563898
2021-09-15,410745.4498080408
2021-09-16,412746.8921375661
2021-09-17,344676.9662385569
2021-09-20,411671.7727656275
2021-09-21,411321.89306922833
2021-09-22,410513.62917982583
2021-09-23,412121.30143469275
2021-09-24,413518.6036361535
2021-09-27,414561.59297294327
2021-09-28,342588.4627299299
2021-09-29,414116.49747214984
2021-09-30,563049.3546230339
2021-10-01,413090.50081767305
2021-10-04,467841.5503992725
2021-10-05,417867.312162776
2021-10-06,459092.39510548994
2021-10-07,419446.99046871916
2021-10-08,422792.68721272825
2021-10-11,418472.6478315651
2021-10-12,417723.971141152
2021-10-13,418899.0335184025
2021-10-14,320359.57186316204
2021-10-18,365960.69188454386
2021-10-19,421681.99217032077
2021-10-20,375410.20396378776
2021-10-21,494423.9386493504
2021-10-22,418214.2639495826
2021-10-25,417614.4686346442
2021-10-26,417309.03556991694
2021-10-27,418476.37457983976
2021-10-28,438187.5549681064
2021-10-29,414398.8506469482
2021-11-01,417347.684369632
2021-11-02,417413.5031194499
2021-11-03,417770.104034583
2021-11-04,346026.01715616934
2021-11-08,418243.7004880976
2021-11-09,418303.01612711
2021-11-10,417872.7212481898
2021-11-11,347812.75351800426
2021-11-12,417951.13786803454
2021-11-15,501457.77521406783
2021-11-16,416868.66440285044
2021-11-17,483377.00899281993
2021-11-18,470497.16824549896
2021-11-22,414506.7796998194
2021-11-23,414589.2645844712
2021-11-24,415277.9272763004
2021-11-25,414674.57480706536
2021-11-26,410000.5053712713
2021-11-29,333355.3569712724
2021-11-30,411014.9310150794
2021-12-01,417958.5084896587
2021-12-02,358162.6797481265
2021-12-03,481891.1586373866
2021-12-06,412424.75295938697
2021-12-07,415856.64164250577
2021-12-08,418977.233248087
2021-12-09,417851.36006458866
2021-12-10,417933.40678206476
2021-12-13,417011.2707885565
2021-12-14,417041.90357198386
2021-12-15,414011.18103044166
2021-12-16,415192.9074731019
2021-12-17,343290.1139580542
2021-12-20,410550.5186871095
2021-12-21,480245.3669132177
2021-12-22,412570.5853576748
2021-12-23,412376.512811081
2021-12-24,411735.79920717014
2021-12-27,413133.94345881115
2021-12-28,413573.79975639354
2021-12-29,346513.2261594102
2021-12-30,481741.11975882464
2021-12-31,414441.5388557611
2022-01-03,418677.9109046352
2022-01-04,345896.1803439008
2022-01-05,421576.4234524319
2022-01-06,420400.0666904647
2022-01-07,420906.2309464833
2022-01-10,421309.28470239765
2022-01-11,421625.6359321466
2022-01-12,421192.1175802684
2022-01-13,348236.8361710736
2022-01-14,503735.2875835055
2022-01-17,418481.4559299109
2022-01-18,418902.2019830918
2022-01-19,418315.86934843444
2022-01-20,417802.83326349006
2022-01-21,418486.8835858074
2022-01-24,416589.4572613645
2022-01-25,416665.46432543854
2022-01-27,483062.9875629284
2022-01-28,406121.63701372076
2022-01-31,473496.59202811174
2022-02-01,421031.90857439925
2022-02-02,423922.62040680996
2022-02-03,422249.4188935292
2022-02-04,422207.1003272184
2022-02-07,417576.2591340083
2022-02-08,417053.34867801075
2022-02-09,464311.6682089504
2022-02-10,352919.26796374656
2022-02-11,411375.83877063746
2022-02-14,360929.66646333656
2022-02-15,417392.10886728094
2022-02-16,478917.3695381074
2022-02-17,415403.28220508224
2022-02-18,415074.8080934177
2022-02-21,416542.0091377289
2022-02-22,465292.1130595071
2022-02-23,370144.9517988388
2022-02-24,454573.0887475254
2022-02-25,401311.2839169004
2022-02-28,412570.739511781
2022-03-02,402587.01398202125
2022-03-03,407138.3428480425
2022-03-04,406025.01524289453
2022-03-07,401988.2915776979
2022-03-08,356030.9227464519
2022-03-09,408320.02112971275
2022-03-10,409176.6410386396
2022-03-11,422789.1713129454
2022-03-14,413904.52169869817
2022-03-15,412470.72608138114
2022-03-16,363374.7319398293
2022-03-17,416854.2880897487
2022-03-21,416480.8860980091
2022-03-22,417880.4821897902
2022-03-23,417385.82661161624
2022-03-24,362691.1468681556
2022-03-25,491987.48306044546
2022-03-28,416855.1487101031
2022-03-29,418269.8209299301
2022-03-30,421053.85788140644
2022-03-31,420675.2177166478
2022-04-01,422993.3475629253
2022-04-04,431306.2535196573
2022-04-05,483670.45898072835
2022-04-06,424682.9979228211
2022-04-07,423209.8132382598
2022-04-08,348707.14345409774
2022-04-11,421392.81931675505
2022-04-12,420548.8280713578
2022-04-13,419336.323311408
2022-04-18,471312.3007917353
2022-04-19,417059.4337570276
2022-04-20,409700.9063677813
2022-04-21,413010.0613327737
2022-04-22,402927.93382112647
2022-04-25,409036.18876003387
2022-04-26,456773.5966565574
2022-04-27,409245.51744700136
2022-04-28,411359.50339919765
2022-04-29,410256.9045576977
2022-05-02,350503.0941787008
2022-05-04,490812.06059100595
2022-05-05,407366.56481368816
2022-05-06,389298.5922972683
2022-05-09,401322.1366827951
2022-05-10,358977.4705997656
2022-05-11,399851.1802214839
2022-05-12,396675.0623441249
2022-05-13,395200.75734506187
2022-05-16,394929.01422426023
2022-05-17,398756.8669635516
2022-05-18,381502.5308844191
2022-05-19,439037.81770925614
2022-05-20,398932.6105298378
2022-05-23,397147.2513415399
2022-05-24,395803.81441113655
2022-05-25,393580.81706544873
2022-05-26,397560.7909725723
2022-05-27,401426.8802853165
2022-05-30,406834.3147984138
2022-05-31,405629.56713794614
2022-06-01,280942.8861318624
2022-06-02,356353.65420060663
2022-06-03,437928.78989925527
2022-06-06,404914.93658758677
2022-06-07,403985.50465891144
2022-06-08,520820.386656494
2022-06-09,405632.58721278165
2022-06-10,401518.3970725051
2022-06-13,395551.7409354525
2022-06-14,395210.9315052821
2022-06-15,435717.4633707907
2022-06-16,390169.7491823217
2022-06-17,362778.28839820885
2022-06-20,392707.523721407
2022-06-21,396797.0646119766
2022-06-22,386238.93801326875
2022-06-23,398137.4991830393
2022-06-24,399282.4352249757
2022-06-27,401129.3036147717
2022-06-28,400464.53869477997
2022-06-29,356349.10067203455
2022-06-30,399309.8468034189
2022-07-01,408301.0578715216
2022-07-04,401424.7538580685
2022-07-05,400816.19656595687
2022-07-06,296283.5215391035
2022-07-07,472236.9964007889
2022-07-08,404989.4019915465
2022-07-11,461458.60514926363
2022-07-12,448419.26230577874
2022-07-13,401805.05514471274
2022-07-14,400255.19116238656
2022-07-15,388122.2779265308
2022-07-18,404997.7666643842
2022-07-19,405827.5231177821
2022-07-20,409182.50181574596
2022-07-21,337495.8344937394
2022-07-22,410231.1582890418
2022-07-25,354483.10929063364
2022-07-26,364296.0106701969
2022-07-27,408885.847298204
2022-07-28,409314.9447423916
2022-07-29,360482.0862895347
2022-08-01,409912.92541539704
2022-08-02,409912.92541539704
2022-08-03,409912.92541539704
2022-08-04,409912.92541539704
2022-08-05,409912.92541539704
2022-08-08,409912.92541539704
2022-08-10,409912.92541539704
2022-08-11,409912.92541539704
2022-08-12,409912.92541539704
2022-08-16,409912.92541539704
2022-08-17,409912.92541539704
2022-08-18,409912.92541539704
2022-08-19,409912.92541539704
2022-08-22,409912.92541539704
2022-08-23,491813.52791339334
2022-08-24,476242.57269586576
2022-08-25,409818.7187293559
2022-08-26,409757.02179061214
2022-08-29,406530.5868041519
2022-08-30,411094.13328658976
2022-09-01,408267.338553149
2022-09-02,408056.3105780872
2022-09-05,409069.46397344716
2022-09-06,325282.4571879125
2022-09-07,493393.16192145756
2022-09-08,411571.0357478657
2022-09-09,413001.00094163767
2022-09-12,414102.7346383304
2022-09-13,413958.61048529623
2022-09-14,411733.4181214144
2022-09-15,411279.12592230947
2022-09-16,408159.3501018353
2022-09-19,407941.9377007523
2022-09-20,409551.74408823886
2022-09-21,330028.0919141761
2022-09-22,408496.29597834055
2022-09-23,407922.4177053046
2022-09-26,408201.9977274702
2022-09-27,476738.48823111923
2022-09-28,408824.42423473316
2022-09-29,407509.49323270656
2022-09-30,409117.59974628943
2022-10-03,407584.9155908622
2022-10-04,411528.8228176508
2022-10-06,411412.69442772487
2022-10-07,412076.01274291746
2022-10-10,413195.94314420054
2022-10-11,410401.4734265081
2022-10-12,411667.6011188983
2022-10-13,410561.0985921415
2022-10-14,411782.07826535613
2022-10-17,413238.6251450455
2022-10-18,414887.9738486552
2022-10-19,414005.4123273871
2022-10-20,344852.07681370527
2022-10-21,415974.0107953829
2022-10-24,417483.63488468225
2022-10-25,344461.8359484871
2022-10-27,417385.09526482574
2022-10-28,500778.63729873794
2022-10-31,417379.70115219767
2022-11-01,417370.51195972046
2022-11-02,417012.2680111434
2022-11-03,417375.10935925145
2022-11-04,417067.38073966757
2022-11-07,418188.0529412003
2022-11-09,417545.0449443552
2022-11-10,417563.41772272484
2022-11-11,333908.0762118606
2022-11-14,417182.20359624707
2022-11-15,500535.20787477726
2022-11-16,417272.47303852724
2022-11-17,417839.314803472
2022-11-18,417889.5979385457
2022-11-21,417985.59960937104
2022-11-22,418195.87808889395
2022-11-23,418538.72525557084
2022-11-24,419580.9772941518
2022-11-25,418799.2868701674
2022-11-28,419448.41418719257
2022-11-29,333745.76287699764
2022-11-30,420303.24422402907
2022-12-01,420303.24422402907
2022-12-02,420303.24422402907
2022-12-05,420303.24422402907
2022-12-06,420303.24422402907
2022-12-07,420303.24422402907
2022-12-08,504279.8324199901
2022-12-09,418770.5107222467
2022-12-12,418612.609303571
2022-12-13,419756.7627997244
2022-12-14,420590.1249393206
2022-12-15,419080.04767884925
2022-12-16,417454.67576498946
2022-12-19,416497.25041037094
2022-12-20,417547.4095762675
2022-12-21,418163.97468956345
2022-12-22,336242.59537922323
2022-12-23,501447.00364412094
2022-12-26,418493.57946464507
2022-12-27,418664.2982856312
2022-12-28,418602.22215889103
2022-12-29,418903.5597596832
2022-12-30,418591.8719277896
2023-01-02,418714.7359279785
2023-01-03,420005.4583715745
2023-01-04,420090.8114671005
2023-01-05,419998.99184524885
2023-01-06,334353.72805075574
2023-01-09,417424.0197993495
2023-01-10,417424.0197993495
2023-01-11,417424.0197993495
2023-01-12,417424.0197993495
2023-01-13,417424.0197993495
2023-01-16,417424.0197993495
2023-01-17,417424.0197993495
2023-01-18,417424.0197993495
2023-01-19,417424.0197993495
2023-01-20,417424.0197993495
2023-01-23,417424.0197993495
2023-01-24,417424.0197993495
2023-01-25,417424.0197993495
2023-01-27,417424.0197993495
2023-01-30,417424.0197993495
2023-01-31,417424.0197993495
2023-02-01,417424.0197993495
2023-02-02,417424.0197993495
2023-02-03,417424.0197993495
2023-02-06,417424.0197993495
2023-02-07,417424.0197993495
2023-02-08,417424.0197993495
2023-02-09,417424.0197993495
2023-02-10,417424.0197993495
2023-02-13,417424.0197993495
2023-02-14,417424.0197993495
2023-02-15,417424.0197993495
2023-02-16,417424.0197993495
2023-02-17,417424.0197993495
2023-02-20,417424.0197993495
2023-02-21,417424.0197993495
2023-02-22,417424.0197993495
2023-02-23,417424.0197993495
2023-02-24,417424.0197993495
2023-02-27,417424.0197993495
2023-02-28,417424.0197993495
2023-03-01,417424.0197993495
2023-03-02,417424.0197993495
2023-03-03,417424.0197993495
2023-03-06,417424.0197993495
2023-03-08,417424.0197993495
2023-03-09,417424.0197993495
2023-03-10,417424.0197993495
2023-03-13,417424.0197993495
2023-03-14,417424.0197993495
2023-03-15,417424.0197993495
2023-03-16,417424.0197993495
2023-03-17,417424.0197993495
2023-03-20,417424.0197993495
2023-03-21,417424.0197993495
2023-03-22,417424.0197993495
2023-03-23,417424.0197993495
2023-03-24,417424.0197993495
2023-03-27,417424.0197993495
2023-03-28,417424.0197993495
2023-03-29,417424.0197993495
2023-03-31,417424.0197993495
2023-04-03,417424.0197993495
2023-04-05,417424.0197993495
2023-04-06,417424.0197993495
2023-04-10,417424.0197993495
2023-04-11,417424.0197993495
2023-04-12,417424.0197993495
2023-04-13,417424.0197993495
2023-04-17,417424.0197993495
2023-04-18,417424.0197993495
2023-04-19,417424.0197993495
2023-04-20,417424.0197993495
2023-04-21,417424.0197993495
2023-04-24,417424.0197993495
2023-04-25,417424.0197993495
2023-04-26,417424.0197993495
2023-04-27,417424.0197993495
2023-04-28,417424.0197993495
2023-05-02,417424.0197993495
2023-05-03,417424.0197993495
2023-05-04,417424.0197993495
2023-05-05,417424.0197993495
2023-05-08,417424.0197993495
2023-05-09,417424.0197993495
2023-05-10,417424.0197993495
2023-05-11,417424.0197993495
2023-05-12,417424.0197993495
2023-05-15,417424.0197993495
2023-05-16,417424.0197993495
2023-05-17,417424.0197993495
2023-05-18,417424.0197993495
2023-05-19,417424.0197993495
2023-05-22,417424.0197993495
2023-05-23,417424.0197993495
2023-05-24,417424.0197993495
2023-05-25,417424.0197993495
2023-05-26,417424.0197993495
2023-05-29,417424.0197993495
2023-05-30,417424.0197993495
2023-05-31,417424.0197993495
2023-06-01,417424.0197993495
2023-06-02,417424.0197993495
2023-06-05,417424.0197993495
2023-06-06,417424.0197993495
2023-06-07,417424.0197993495
2023-06-08,417424.0197993495
2023-06-09,417424.0197993495
2023-06-12,417424.0197993495
2023-06-13,417424.0197993495
2023-06-14,417424.0197993495
2023-06-15,417424.0197993495
2023-06-16,417424.0197993495
2023-06-19,417424.0197993495
2023-06-20,417424.0197993495
2023-06-21,417424.0197993495
2023-06-22,417424.0197993495
2023-06-23,417424.0197993495
2023-06-26,417424.0197993495
2023-06-27,417424.0197993495
2023-06-28,417424.0197993495
2023-06-30,417424.0197993495
2023-07-03,417424.0197993495
2023-07-04,417424.0197993495
2023-07-05,417424.0197993495
2023-07-06,417424.0197993495
2023-07-07,417424.0197993495
2023-07-10,417424.0197993495
2023-07-11,417424.0197993495
2023-07-12,417424.0197993495
2023-07-13,417424.0197993495
2023-07-14,417424.0197993495
2023-07-17,417424.0197993495
2023-07-18,417424.0197993495
2023-07-19,417424.0197993495
2023-07-20,417424.0197993495
2023-07-21,417424.0197993495
2023-07-24,417424.0197993495
2023-07-25,417424.0197993495
2023-07-26,417424.0197993495
2023-07-27,417424.0197993495
2023-07-28,417424.0197993495
2023-07-31,417424.0197993495
2023-08-01,417424.0197993495
2023-08-02,417424.0197993495
2023-08-03,417424.0197993495
2023-08-04,417424.0197993495
2023-08-07,417424.0197993495
2023-08-08,417424.0197993495
2023-08-09,417424.0197993495
2023-08-10,417424.0197993495
2023-08-11,417424.0197993495
2023-08-14,417424.0197993495
2023-08-16,417424.0197993495
2023-08-17,417424.0197993495
2023-08-18,417424.0197993495
2023-08-21,417424.0197993495
2023-08-22,417424.0197993495
2023-08-23,417424.0197993495
2023-08-24,417424.0197993495
2023-08-25,417424.0197993495
2023-08-28,417424.0197993495
2023-08-29,417424.0197993495
2023-08-30,417424.0197993495
2023-08-31,417424.0197993495
2023-09-01,417424.0197993495
2023-09-04,417424.0197993495
2023-09-05,417424.0197993495
2023-09-06,417424.0197993495
2023-09-07,417424.0197993495
2023-09-08,417424.0197993495
2023-09-11,417424.0197993495
2023-09-12,417424.0197993495
2023-09-13,417424.0197993495
2023-09-14,417424.0197993495
2023-09-15,417424.0197993495
2023-09-18,417424.0197993495
2023-09-20,417424.0197993495
2023-09-21,417424.0197993495
2023-09-22,417424.0197993495
2023-09-25,417424.0197993495
2023-09-26,417424.0197993495
2023-09-27,417424.0197993495
2023-09-28,417424.0197993495
2023-09-29,417424.0197993495
2023-10-03,417424.0197993495
2023-10-04,417424.0197993495
2023-10-05,417424.0197993495
2023-10-06,417424.0197993495
2023-10-09,417424.0197993495
2023-10-10,417424.0197993495
2023-10-11,417424.0197993495
2023-10-12,417424.0197993495
2023-10-13,417424.0197993495
2023-10-16,417424.0197993495
2023-10-17,417424.0197993495
2023-10-18,417424.0197993495
2023-10-19,417424.0197993495
2023-10-20,417424.0197993495
2023-10-23,417424.0197993495
2023-10-25,417424.0197993495
2023-10-26,417424.0197993495
2023-10-27,417424.0197993495
2023-10-30,417424.0197993495
2023-10-31,417424.0197993495
2023-11-01,417424.0197993495
2023-11-02,417424.0197993495
2023-11-03,417424.0197993495
2023-11-06,417424.0197993495
2023-11-07,417424.0197993495
2023-11-08,417424.0197993495
2023-11-09,417424.0197993495
2023-11-10,417424.0197993495
2023-11-13,417424.0197993495
2023-11-15,417424.0197993495
2023-11-16,417424.0197993495
2023-11-17,417424.0197993495
2023-11-20,417424.0197993495
2023-11-21,417424.0197993495
2023-11-22,417424.0197993495
2023-11-23,417424.0197993495
2023-11-24,417424.0197993495
2023-11-28,417424.0197993495
2023-11-29,417424.0197993495
2023-11-30,417424.0197993495
2023-12-01,417424.0197993495
2023-12-04,417424.0197993495
2023-12-05,417424.0197993495
2023-12-06,417424.0197993495
2023-12-07,417424.0197993495
2023-12-08,417424.0197993495
2023-12-11,417424.0197993495
2023-12-12,417424.0197993495
2023-12-13,417424.0197993495
2023-12-14,417424.0197993495
2023-12-15,417424.0197993495
2023-12-18,417424.0197993495
2023-12-19,417424.0197993495
2023-12-20,417424.0197993495
2023-12-21,417424.0197993495
2023-12-22,417424.0197993495
2023-12-26,417424.0197993495
2023-12-27,417424.0197993495
2023-12-28,417424.0197993495
2023-12-29,417424.0197993495
2024-01-01,417424.0197993495
2024-01-02,417424.0197993495
2024-01-03,417424.0197993495
2024-01-04,417424.0197993495
2024-01-05,417424.0197993495
2024-01-08,417424.0197993495
2024-01-09,417424.0197993495
2024-01-10,417424.0197993495
2024-01-11,417424.0197993495
2024-01-12,417424.0197993495
2024-01-15,417424.0197993495
2024-01-16,417424.0197993495
2024-01-17,417424.0197993495
2024-01-18,417424.0197993495
2024-01-19,417424.0197993495
2024-01-23,417424.0197993495
2024-01-24,417424.0197993495
2024-01-25,417424.0197993495
2024-01-29,417424.0197993495
2024-01-30,417424.0197993495
2024-01-31,417424.0197993495
2024-02-01,417424.0197993495
2024-02-02,417424.0197993495
2024-02-05,417424.0197993495
2024-02-06,417424.0197993495
2024-02-07,417424.0197993495
2024-02-08,417424.0197993495
2024-02-09,417424.0197993495
2024-02-12,417424.0197993495
2024-02-13,417424.0197993495
2024-02-14,417424.0197993495
2024-02-15,417424.0197993495
2024-02-16,417424.0197993495
2024-02-19,417424.0197993495
2024-02-20,417424.0197993495
2024-02-21,417424.0197993495
2024-02-22,417424.0197993495
2024-02-23,417424.0197993495
2024-02-26,417424.0197993495
2024-02-27,417424.0197993495
2024-02-28,417424.0197993495
2024-02-29,417424.0197993495
2024-03-01,417424.0197993495
2024-03-04,417424.0197993495
2024-03-05,417424.0197993495
2024-03-06,417424.0197993495
2024-03-07,417424.0197993495
2024-03-11,417424.0197993495
2024-03-12,417424.0197993495
2024-03-13,417424.0197993495
2024-03-14,417424.0197993495
2024-03-15,417424.0197993495
2024-03-18,417424.0197993495
2024-03-19,417424.0197993495
2024-03-20,417424.0197993495
2024-03-21,417424.0197993495
2024-03-22,417424.0197993495
2024-03-26,417424.0197993495
2024-03-27,417424.0197993495
2024-03-28,417424.0197993495
2024-04-01,417424.0197993495
2024-04-02,417424.0197993495
2024-04-03,417424.0197993495
2024-04-04,417424.0197993495
2024-04-05,417424.0197993495
2024-04-08,417424.0197993495
2024-04-09,417424.0197993495
2024-04-10,417424.0197993495
2024-04-12,417424.0197993495
2024-04-15,417424.0197993495
2024-04-16,417424.0197993495
2024-04-18,417424.0197993495
2024-04-19,417424.0197993495
2024-04-22,417424.0197993495
2024-04-23,417424.0197993495
2024-04-24,417424.0197993495
2024-04-25,417424.0197993495
2024-04-26,417424.0197993495
2024-04-29,417424.0197993495
2024-04-30,417424.0197993495
2024-05-02,417424.0197993495
2024-05-03,417424.0197993495
2024-05-06,417424.0197993495
2024-05-07,417424.0197993495
2024-05-08,417424.0197993495
2024-05-09,417424.0197993495
2024-05-10,417424.0197993495
2024-05-13,417424.0197993495
2024-05-14,417424.0197993495
2024-05-15,417424.0197993495
2024-05-16,417424.0197993495
2024-05-17,417424.0197993495
2024-05-21,417424.0197993495
2024-05-22,417424.0197993495
2024-05-23,417424.0197993495
2024-05-24,417424.0197993495
2024-05-27,417424.0197993495
2024-05-28,417424.0197993495
2024-05-29,417424.0197993495
2024-05-30,417424.0197993495
2024-05-31,417424.0197993495
2024-06-03,417424.0197993495
2024-06-04,417424.0197993495
2024-06-05,417424.0197993495
2024-06-06,417424.0197993495
2024-06-07,417424.0197993495
2024-06-10,417424.0197993495
2024-06-11,417424.0197993495
2024-06-12,417424.0197993495
2024-06-13,417424.0197993495
2024-06-14,417424.0197993495
2024-06-18,417424.0197993495
2024-06-19,417424.0197993495
2024-06-20,417424.0197993495
2024-06-21,417424.0197993495
2024-06-24,417424.0197993495
2024-06-25,417424.0197993495
2024-06-26,417424.0197993495
2024-06-27,417424.0197993495
2024-06-28,417424.0197993495
2024-07-01,417424.0197993495
2024-07-02,417424.0197993495
2024-07-03,417424.0197993495
2024-07-04,417424.0197993495
2024-07-05,417424.0197993495
2024-07-08,417424.0197993495
2024-07-09,417424.0197993495
2024-07-10,417424.0197993495
2024-07-11,417424.0197993495
2024-07-12,417424.0197993495
2024-07-15,417424.0197993495
2024-07-16,417424.0197993495
2024-07-18,417424.0197993495
2024-07-19,417424.0197993495
2024-07-22,417424.0197993495
2024-07-23,417424.0197993495
2024-07-24,417424.0197993495
2024-07-25,417424.0197993495
2024-07-26,417424.0197993495
2024-07-29,417424.0197993495
2024-07-30,417424.0197993495
2024-07-31,417424.0197993495
2024-08-01,417424.0197993495
2024-08-02,417424.0197993495
2024-08-05,417424.0197993495
2024-08-06,417424.0197993495
2024-08-07,417424.0197993495
2024-08-08,417424.0197993495
2024-08-09,417424.0197993495
2024-08-12,417424.0197993495
2024-08-13,417424.0197993495
2024-08-14,417424.0197993495
2024-08-16,417424.0197993495
2024-08-19,417424.0197993495
2024-08-20,417424.0197993495
2024-08-21,417424.0197993495
2024-08-22,417424.0197993495
2024-08-23,417424.0197993495
2024-08-26,417424.0197993495
2024-08-27,417424.0197993495
2024-08-28,417424.0197993495
2024-08-29,417424.0197993495
2024-08-30,417424.0197993495
2024-09-02,417424.0197993495
2024-09-03,417424.0197993495
2024-09-04,417424.0197993495
2024-09-05,417424.0197993495
2024-09-06,417424.0197993495
2024-09-09,417424.0197993495
2024-09-10,417424.0197993495
2024-09-11,417424.0197993495
2024-09-12,417424.0197993495
2024-09-13,417424.0197993495
2024-09-16,417424.0197993495
2024-09-17,417424.0197993495
2024-09-18,417424.0197993495
2024-09-19,417424.0197993495
2024-09-20,417424.0197993495
2024-09-23,417424.0197993495
2024-09-24,417424.0197993495
2024-09-25,417424.0197993495
2024-09-26,417424.0197993495
2024-09-27,417424.0197993495
2024-09-30,417424.0197993495
2024-10-01,417424.0197993495
2024-10-03,417424.0197993495
2024-10-04,417424.0197993495
2024-10-07,417424.0197993495
2024-10-08,417424.0197993495
2024-10-09,417424.0197993495
2024-10-10,417424.0197993495
2024-10-11,417424.0197993495
2024-10-14,417424.0197993495
2024-10-15,417424.0197993495
2024-10-16,417424.0197993495
2024-10-17,417424.0197993495
2024-10-18,417424.0197993495
2024-10-21,417424.0197993495
2024-10-22,417424.0197993495
2024-10-23,417424.0197993495
2024-10-24,417424.0197993495
2024-10-25,417424.0197993495
2024-10-28,417424.0197993495
2024-10-29,417424.0197993495
2024-10-30,417424.0197993495
2024-10-31,417424.0197993495
2024-11-01,417424.0197993495
2024-11-04,417424.0197993495
2024-11-05,417424.0197993495
2024-11-06,417424.0197993495
2024-11-07,417424.0197993495
2024-11-08,417424.0197993495
2024-11-11,417424.0197993495
2024-11-12,417424.0197993495
2024-11-13,417424.0197993495
2024-11-14,417424.0197993495
2024-11-18,417424.0197993495
2024-11-19,417424.0197993495
2024-11-21,417424.0197993495
2024-11-22,417424.0197993495
2024-11-25,417424.0197993495
2024-11-26,417424.0197993495
2024-11-27,417424.0197993495
2024-11-28,417424.0197993495
2024-11-29,417424.0197993495
2024-12-02,417424.0197993495
2024-12-03,417424.0197993495
2024-12-04,417424.0197993495
2024-12-05,417424.0197993495
2024-12-06,417424.0197993495
2024-12-09,417424.0197993495
2024-12-10,417424.0197993495
2024-12-11,417424.0197993495
2024-12-12,417424.0197993495
2024-12-13,417424.0197993495
2024-12-16,417424.0197993495
2024-12-17,417424.0197993495
2024-12-18,417424.0197993495
2024-12-19,417424.0197993495
2024-12-20,417424.0197993495
2024-12-23,417424.0197993495
2024-12-24,417424.0197993495
2024-12-26,417424.0197993495
2024-12-27,417424.0197993495
2024-12-30,417424.0197993495
2024-12-31,417424.0197993495
2025-01-01,417424.0197993495
2025-01-02,417424.0197993495
2025-01-03,417424.0197993495
2025-01-06,417424.0197993495
2025-01-07,417424.0197993495
2025-01-08,417424.0197993495
2025-01-09,417424.0197993495
2025-01-10,417424.0197993495
2025-01-13,417424.0197993495
2025-01-14,417424.0197993495
2025-01-15,417424.0197993495
2025-01-16,417424.0197993495
2025-01-17,417424.0197993495
2025-01-20,417424.0197993495
2025-01-21,417424.0197993495
2025-01-22,417424.0197993495
2025-01-23,417424.0197993495
2025-01-24,417424.0197993495
2025-01-27,417424.0197993495
2025-01-28,417424.0197993495
2025-01-29,417424.0197993495
2025-01-30,417424.0197993495
2025-01-31,417424.0197993495
2025-02-01,417424.0197993495
2025-02-03,417424.0197993495
2025-02-04,417424.0197993495
2025-02-05,417424.0197993495
2025-02-06,417424.0197993495
2025-02-07,417424.0197993495
2025-02-10,417424.0197993495
2025-02-11,417424.0197993495
2025-02-12,417424.0197993495
2025-02-13,417424.0197993495
2025-02-14,417424.0197993495
2025-02-17,417424.0197993495
2025-02-18,417424.0197993495
2025-02-19,417424.0197993495
2025-02-20,417424.0197993495
2025-02-21,417424.0197993495
2025-02-24,417424.0197993495
2025-02-25,417424.0197993495
2025-02-27,417424.0197993495
2025-02-28,417424.0197993495
2025-03-03,417424.0197993495
2025-03-04,417424.0197993495
2025-03-05,417424.0197993495
2025-03-06,417424.0197993495
2025-03-07,417424.0197993495
2025-03-10,417424.0197993495
2025-03-11,417424.0197993495
2025-03-12,417424.0197993495
2025-03-13,417424.0197993495
2025-03-17,417424.0197993495
2025-03-18,417424.0197993495
2025-03-19,417424.0197993495
2025-03-20,417424.0197993495
2025-03-21,417424.0197993495
2025-03-24,417424.0197993495
2025-03-25,417424.0197993495
2025-03-26,417424.0197993495
2025-03-27,417424.0197993495
2025-03-28,417424.0197993495
2025-04-01,417424.0197993495
2025-04-02,417424.0197993495
2025-04-03,417424.0197993495
2025-04-04,417424.0197993495
2025-04-07,417424.0197993495
2025-04-08,417424.0197993495
2025-04-09,417424.0197993495
2025-04-11,417424.0197993495
2025-04-15,417424.0197993495
2025-04-16,417424.0197993495
2025-04-17,417424.0197993495
2025-04-21,417424.0197993495
2025-04-22,417424.0197993495
2025-04-23,417424.0197993495
2025-04-24,417424.0197993495
2025-04-25,417424.0197993495
2025-04-28,417424.0197993495
2025-04-29,417424.0197993495
2025-04-30,417424.0197993495
2025-05-02,417424.0197993495
2025-05-05,417424.0197993495
2025-05-06,417424.0197993495
2025-05-07,417424.0197993495
2025-05-08,417424.0197993495
2025-05-09,417424.0197993495
2025-05-12,417424.0197993495
2025-05-13,417424.0197993495
2025-05-14,417424.0197993495
2025-05-15,417424.0197993495
2025-05-16,417424.0197993495
2025-05-19,417424.0197993495
2025-05-20,417424.0197993495
2025-05-21,417424.0197993495
2025-05-22,417424.0197993495
2025-05-23,417424.0197993495
2025-05-26,417424.0197993495
2025-05-27,417424.0197993495
2025-05-28,417424.0197993495
2025-05-29,417424.0197993495
2025-05-30,417424.0197993495
2025-06-02,417424.0197993495
2025-06-03,417424.0197993495
2025-06-04,417424.0197993495
2025-06-05,417424.0197993495
2025-06-06,417424.0197993495
2025-06-09,417424.0197993495
2025-06-10,417424.0197993495
2025-06-11,417424.0197993495
2025-06-12,417424.0197993495
2025-06-13,417424.0197993495
2025-06-16,417424.0197993495
2025-06-17,417424.0197993495
2025-06-18,417424.0197993495
2025-06-19,417424.0197993495
2025-06-20,417424.0197993495
2025-06-23,417424.0197993495
2025-06-24,417424.0197993495
2025-06-25,417424.0197993495
2025-06-26,417424.0197993495
2025-06-27,417424.0197993495
2025-06-30,417424.0197993495
2025-07-01,417424.0197993495
2025-07-02,417424.0197993495
2025-07-03,417424.0197993495
2025-07-04,417424.0197993495
2025-07-07,417424.0197993495
2025-07-08,417424.0197993495
2025-07-09,417424.0197993495
2025-07-10,417424.0197993495
2025-07-11,417424.0197993495
2025-07-14,417424.0197993495
2025-07-15,417424.0197993495
2025-07-16,417424.0197993495
2025-07-17,417424.0197993495
2025-07-18,417424.0197993495
2025-07-21,417424.0197993495
2025-07-22,417424.0197993495
2025-07-23,417424.0197993495
2025-07-24,417424.0197993495
2025-07-25,417424.0197993495
2025-07-28,417424.0197993495
2025-07-29,417424.0197993495
2025-07-30,417424.0197993495
2025-07-31,417424.0197993495
2025-08-01,417424.0197993495
2025-08-04,417424.0197993495
2025-08-05,417424.0197993495
2025-08-06,417424.0197993495
2025-08-07,417424.0197993495
2025-08-08,417424.0197993495
2025-08-11,417424.0197993495
2025-08-12,417424.0197993495
2025-08-13,417424.0197993495
2025-08-14,417424.0197993495
2025-08-18,417424.0197993495
2025-08-19,417424.0197993495
2025-08-20,417424.0197993495
2025-08-21,417424.0197993495
2025-08-22,417424.0197993495
2025-08-25,417424.0197993495
2025-08-26,417424.0197993495
2025-08-28,417424.0197993495
2025-08-29,417424.0197993495
2025-09-01,417424.0197993495
2025-09-02,417424.0197993495
2025-09-03,417424.0197993495
2025-09-04,417424.0197993495
2025-09-05,417424.0197993495
2025-09-08,417424.0197993495
2025-09-09,417424.0197993495
2025-09-10,417424.0197993495
2025-09-11,417424.0197993495
2025-09-12,417424.0197993495
2025-09-15,417424.0197993495
2025-09-16,417424.0197993495
2025-09-17,417424.0197993495
2025-09-18,417424.0197993495
2025-09-19,417424.0197993495
2025-09-22,417424.0197993495
2025-09-23,417424.0197993495
2025-09-24,417424.0197993495
2025-09-25,417424.0197993495
2025-09-26,417424.0197993495
2025-09-29,417424.0197993495
2025-09-30,417424.0197993495
2025-10-01,417424.0197993495
2025-10-03,417424.0197993495
2025-10-06,417424.0197993495
2025-10-07,417424.0197993495
2025-10-08,417424.0197993495
2025-10-09,417424.0197993495
2025-10-10,417424.0197993495
2025-10-13,417424.0197993495
2025-10-14,417424.0197993495
2025-10-15,417424.0197993495
2025-10-16,417424.0197993495
2025-10-17,417424.0197993495
2025-10-20,417424.0197993495
2025-10-21,417424.0197993495
2025-10-23,417424.0197993495
2025-10-24,417424.0197993495
2025-10-27,417424.0197993495
2025-10-28,417424.0197993495
2025-10-29,417424.0197993495
2025-10-30,417424.0197993495
2025-10-31,417424.0197993495
2025-11-03,417424.0197993495
2025-11-04,417424.0197993495
2025-11-06,417424.0197993495
2025-11-07,417424.0197993495
2025-11-10,417424.0197993495
2025-11-11,417424.0197993495
2025-11-12,417424.0197993495
2025-11-13,417424.0197993495
2025-11-14,417424.0197993495
2025-11-17,417424.0197993495
2025-11-18,417424.0197993495
2025-11-19,417424.0197993495
2025-11-20,417424.0197993495
2025-11-21,417424.0197993495
2025-11-24,417424.0197993495
2025-11-25,417424.0197993495
2025-11-26,417424.0197993495
2025-11-27,417424.0197993495
2025-11-28,417424.0197993495
2025-12-01,417424.0197993495
2025-12-02,417424.0197993495
2025-12-03,417424.0197993495
2025-12-04,417424.0197993495
2025-12-05,417424.0197993495
2025-12-08,417424.0197993495
2025-12-09,417424.0197993495
2025-12-10,417424.0197993495
2025-12-11,417424.0197993495
2025-12-12,417424.0197993495
2025-12-15,417424.0197993495
2025-12-16,417424.0197993495
2025-12-17,417424.0197993495
2025-12-18,417424.0197993495
2025-12-19,417424.0197993495
2025-12-22,417424.0197993495
2025-12-23,417424.0197993495
2025-12-24,417424.0197993495
2025-12-26,417424.0197993495
2025-12-29,417424.0197993495
2025-12-30,417424.0197993495
2025-12-31,417424.0197993495
2026-01-01,417424.0197993495
2026-01-02,417424.0197993495
2026-01-05,417424.0197993495
2026-01-06,417424.0197993495
2026-01-07,417424.0197993495
2026-01-08,417424.0197993495
2026-01-09,417424.0197993495
2026-01-12,417424.0197993495
2026-01-13,417424.0197993495
2026-01-14,417424.0197993495
2026-01-15,417424.0197993495
2026-01-16,417424.0197993495
2026-01-19,417424.0197993495
2026-01-20,417424.0197993495
2026-01-21,417424.0197993495
2026-01-22,417424.0197993495
2026-01-23,417424.0197993495
2026-01-27,417424.0197993495
2026-01-28,417424.0197993495
2026-01-29,417424.0197993495
2026-01-30,417424.0197993495
2026-02-02,417424.0197993495
2026-02-03,417424.0197993495
2026-02-04,417424.0197993495
2026-02-05,417424.0197993495
2026-02-06,417424.0197993495
2026-02-09,417424.0197993495
2026-02-10,417424.0197993495
2026-02-11,417424.0197993495
2026-02-12,417424.0197993495
2026-02-13,417424.0197993495
2026-02-16,417424.0197993495
2026-02-17,417424.0197993495
2026-02-18,417424.0197993495
2026-02-19,417424.0197993495
2026-02-20,417424.0197993495
2026-02-23,417424.0197993495
2026-02-24,417424.0197993495
2026-02-25,417424.0197993495
2026-02-26,417424.0197993495
2026-02-27,417424.0197993495
2026-03-02,417424.0197993495
2026-03-04,417424.0197993495
2026-03-05,417424.0197993495
2026-03-06,417424.0197993495
2026-03-09,417424.0197993495
2026-03-10,417424.0197993495
2026-03-11,417424.0197993495
2026-03-12,417424.0197993495
2026-03-13,417424.0197993495
2026-03-16,417424.0197993495
2026-03-17,417424.0197993495
2026-03-18,417424.0197993495
2026-03-19,417424.0197993495
2026-03-20,417424.0197993495
2026-03-23,417424.0197993495
2026-03-24,417424.0197993495
2026-03-25,417424.0197993495
2026-03-27,417424.0197993495
2026-03-30,417424.0197993495
2026-04-01,417424.0197993495
2026-04-02,417424.0197993495
2026-04-06,417424.0197993495
2026-04-07,417424.0197993495
2026-04-08,417424.0197993495
2026-04-09,417424.0197993495
2026-04-10,417424.0197993495
2026-04-13,417424.0197993495
2026-04-15,417424.0197993495
2026-04-16,417424.0197993495
2026-04-17,417424.0197993495
2026-04-20,417424.0197993495
2026-04-21,417424.0197993495
2026-04-22,417424.0197993495
2026-04-23,417424.0197993495
2026-04-24,417424.0197993495
2026-04-27,417424.0197993495
2026-04-28,417424.0197993495
2026-04-29,417424.0197993495
2026-04-30,417424.0197993495
2026-05-01,417424.0197993495
2026-05-04,417424.0197993495
2026-05-05,417424.0197993495
2026-05-06,417424.0197993495
2026-05-07,417424.0197993495
2026-05-08,417424.0197993495
2026-05-11,417424.0197993495
2026-05-12,417424.0197993495
2026-05-13,417424.0197993495
2026-05-14,417424.0197993495
2026-05-15,417424.0197993495
2026-05-18,417424.0197993495
2026-05-19,417424.0197993495
2026-05-20,417424.0197993495
2026-05-21,417424.0197993495
2026-05-22,417424.0197993495
2026-05-25,417424.0197993495
2026-05-26,417424.0197993495
2026-05-27,417424.0197993495
2026-05-28,417424.0197993495
2026-05-29,417424.0197993495
2026-06-01,417424.0197993495
2026-06-02,417424.0197993495
2026-06-03,417424.0197993495
2026-06-04,417424.0197993495
2026-06-05,417424.0197993495
2026-06-08,417424.0197993495
2026-06-09,417424.0197993495
2026-06-10,417424.0197993495
2026-06-11,417424.0197993495
2026-06-12,417424.0197993495
2026-06-15,417424.0197993495
2026-06-16,417424.0197993495
2026-06-17,417424.0197993495
2026-06-18,417424.0197993495
2026-06-19,417424.0197993495
2026-06-22,417424.0197993495
2026-06-23,417424.0197993495
2026-06-24,417424.0197993495
2026-06-25,417424.0197993495
2026-06-26,417424.0197993495
2026-06-29,417424.0197993495
2026-06-30,417424.0197993495
2026-07-01,417424.0197993495
2026-07-02,417424.0197993495
2026-07-03,417424.0197993495
2026-07-06,417424.0197993495
2026-07-07,417424.0197993495
2026-07-08,417424.0197993495
2026-07-09,417424.0197993495
2026-07-10,417424.0197993495
2026-07-13,417424.0197993495
2026-07-14,417424.0197993495
2026-07-15,417424.0197993495
2026-07-16,417424.0197993495
2026-07-17,417424.0197993495
2026-07-20,417424.0197993495
2026-07-21,417424.0197993495
2026-07-22,417424.0197993495
2026-07-23,417424.0197993495
2026-07-24,417424.0197993495
2026-07-27,417424.0197993495
2026-07-28,417424.0197993495
2026-07-29,417424.0197993495
2026-07-30,417424.0197993495
2026-07-31,417424.0197993495
2026-08-03,417424.0197993495
2026-08-04,417424.0197993495
2026-08-05,417424.0197993495
2026-08-06,417424.0197993495
