strategy,fold,trade_id,holding_period,exit_reason,net_return_pct,net_pnl,is_win
Candidate 1: Control Baseline (Fixed 10D),1,1,10,TIME_LIMIT_10D,3.506061576548527,3506.061576548527,1
Candidate 1: Control Baseline (Fixed 10D),1,2,10,TIME_LIMIT_10D,8.867857142857142,9178.769674806072,1
Candidate 1: Control Baseline (Fixed 10D),1,3,10,TIME_LIMIT_10D,2.2419103171362926,2526.29285767174,1
Candidate 1: Control Baseline (Fixed 10D),1,4,10,TIME_LIMIT_10D,-6.650095539108915,-7661.6498249315955,0
Candidate 1: Control Baseline (Fixed 10D),1,5,10,TIME_LIMIT_10D,0.9634215231940824,1036.1547833350535,1
Candidate 1: Control Baseline (Fixed 10D),1,6,10,TIME_LIMIT_10D,-0.8202009058917569,-890.620313279322,0
Candidate 1: Control Baseline (Fixed 10D),1,7,10,TIME_LIMIT_10D,4.864876908052885,5239.229612006199,1
Candidate 1: Control Baseline (Fixed 10D),1,8,10,TIME_LIMIT_10D,11.744441720257061,13263.49580712946,1
Candidate 1: Control Baseline (Fixed 10D),1,9,10,TIME_LIMIT_10D,2.138849567917158,2699.179692086574,1
Candidate 1: Control Baseline (Fixed 10D),1,10,10,TIME_LIMIT_10D,1.904391849230437,2454.7023215617346,1
Candidate 1: Control Baseline (Fixed 10D),1,11,10,TIME_LIMIT_10D,0.7414116061328017,973.8561272529437,1
Candidate 1: Control Baseline (Fixed 10D),1,12,10,TIME_LIMIT_10D,-5.79033851446468,-7662.092787855689,0
Candidate 1: Control Baseline (Fixed 10D),1,13,10,TIME_LIMIT_10D,-5.292544025811025,-6597.864245494992,0
Candidate 1: Control Baseline (Fixed 10D),1,14,10,TIME_LIMIT_10D,-6.169732441471571,-7284.326398472358,0
Candidate 1: Control Baseline (Fixed 10D),1,15,10,TIME_LIMIT_10D,7.794466842342675,8634.8030349889,1
Candidate 1: Control Baseline (Fixed 10D),1,16,10,TIME_LIMIT_10D,3.1630402384500744,3777.1758754901725,1
Candidate 1: Control Baseline (Fixed 10D),1,17,10,TIME_LIMIT_10D,0.6147255932919244,757.2999316096727,1
Candidate 1: Control Baseline (Fixed 10D),1,18,10,TIME_LIMIT_10D,2.9413394496058847,3645.804005150348,1
Candidate 1: Control Baseline (Fixed 10D),1,19,10,TIME_LIMIT_10D,2.5356191963138346,3235.3555597565874,1
Candidate 1: Control Baseline (Fixed 10D),1,20,10,TIME_LIMIT_10D,-1.3309616726826459,-1741.318814968391,0
Candidate 1: Control Baseline (Fixed 10D),1,21,10,TIME_LIMIT_10D,6.683272597768281,8627.457212643561,1
Candidate 1: Control Baseline (Fixed 10D),1,22,10,TIME_LIMIT_10D,3.7229629747573845,5127.18142619145,1
Candidate 1: Control Baseline (Fixed 10D),1,23,10,TIME_LIMIT_10D,-3.6489942399364406,-5212.403892201895,0
Candidate 1: Control Baseline (Fixed 10D),1,24,10,TIME_LIMIT_10D,2.5404118710538377,3496.4334664202165,1
Candidate 1: Control Baseline (Fixed 10D),1,25,10,TIME_LIMIT_10D,8.492955222829172,11986.020796501722,1
Candidate 1: Control Baseline (Fixed 10D),1,26,10,TIME_LIMIT_10D,-2.5484697513279833,-3902.089395624984,0
Candidate 1: Control Baseline (Fixed 10D),1,27,10,TIME_LIMIT_10D,7.503150533681496,11195.669109550588,1
Candidate 1: Control Baseline (Fixed 10D),1,28,10,TIME_LIMIT_10D,2.6802750902334473,4299.39113723246,1
Candidate 1: Control Baseline (Fixed 10D),1,29,10,TIME_LIMIT_10D,-0.08076108344159005,-133.01993974206164,0
Candidate 1: Control Baseline (Fixed 10D),1,30,10,TIME_LIMIT_10D,-1.2194931073616089,-2006.9801521253726,0
Candidate 1: Control Baseline (Fixed 10D),1,31,10,TIME_LIMIT_10D,-7.262665309791042,-11806.767434433712,0
Candidate 1: Control Baseline (Fixed 10D),1,32,10,TIME_LIMIT_10D,6.20346938604105,9352.424938202,1
Candidate 1: Control Baseline (Fixed 10D),1,33,10,TIME_LIMIT_10D,-5.8401143472215375,-9350.81882910747,0
Candidate 1: Control Baseline (Fixed 10D),1,34,10,TIME_LIMIT_10D,5.207873535478182,7851.536322821284,1
Candidate 1: Control Baseline (Fixed 10D),1,35,10,TIME_LIMIT_10D,0.6069633218343713,962.7308866396418,1
Candidate 1: Control Baseline (Fixed 10D),1,36,10,TIME_LIMIT_10D,-2.931638940982372,-4678.223645997963,0
Candidate 1: Control Baseline (Fixed 10D),1,37,10,TIME_LIMIT_10D,-1.9345894578030913,-2996.6568316705843,0
Candidate 1: Control Baseline (Fixed 10D),1,38,10,TIME_LIMIT_10D,-4.073510768520017,-6187.752215938272,0
Candidate 1: Control Baseline (Fixed 10D),1,39,10,TIME_LIMIT_10D,-2.8903124473834865,-4211.602638395061,0
Candidate 1: Control Baseline (Fixed 10D),1,40,10,TIME_LIMIT_10D,2.3939584071057998,3387.51910563482,1
Candidate 1: Control Baseline (Fixed 10D),1,41,10,TIME_LIMIT_10D,-0.05245522134571706,-76.00255794556699,0
Candidate 1: Control Baseline (Fixed 10D),1,42,10,TIME_LIMIT_10D,-2.3506267993045062,-3404.0450459337067,0
Candidate 1: Control Baseline (Fixed 10D),1,43,10,TIME_LIMIT_10D,-8.819431487692851,-12471.585433187724,0
Candidate 1: Control Baseline (Fixed 10D),1,44,10,TIME_LIMIT_10D,-1.649437803245513,-2126.7640709283005,0
Candidate 1: Control Baseline (Fixed 10D),1,45,10,TIME_LIMIT_10D,2.3738947413968736,3010.382468727213,1
Candidate 1: Control Baseline (Fixed 10D),1,46,10,TIME_LIMIT_10D,2.89963968292097,3764.3801825148244,1
Candidate 1: Control Baseline (Fixed 10D),1,47,10,TIME_LIMIT_10D,-2.1874649617209365,-2922.1627688537696,0
Candidate 1: Control Baseline (Fixed 10D),1,48,10,TIME_LIMIT_10D,-5.80598348073223,-7586.362807984192,0
Candidate 1: Control Baseline (Fixed 10D),1,49,10,TIME_LIMIT_10D,-2.9971163024827394,-3688.7967330858314,0
Candidate 1: Control Baseline (Fixed 10D),1,50,10,TIME_LIMIT_10D,10.467491766018037,12497.07573323266,1
Candidate 1: Control Baseline (Fixed 10D),1,51,10,TIME_LIMIT_10D,4.32808928020215,5708.164467340615,1
Candidate 1: Control Baseline (Fixed 10D),1,52,10,TIME_LIMIT_10D,-11.069463005004476,-15230.987919434046,0
Candidate 1: Control Baseline (Fixed 10D),1,53,10,TIME_LIMIT_10D,-19.07174472259201,-23336.883612632657,0
Candidate 1: Control Baseline (Fixed 10D),1,54,10,TIME_LIMIT_10D,19.224609535167232,19037.509829881332,1
Candidate 1: Control Baseline (Fixed 10D),1,55,10,TIME_LIMIT_10D,-8.42630507583333,-9948.456387436496,0
Candidate 1: Control Baseline (Fixed 10D),1,56,10,TIME_LIMIT_10D,-1.9999799140690264,-2162.2947488356986,0
Candidate 1: Control Baseline (Fixed 10D),1,57,10,TIME_LIMIT_10D,-5.60799095047901,-5941.86428979303,0
Candidate 1: Control Baseline (Fixed 10D),1,58,10,TIME_LIMIT_10D,7.465291918334669,7466.162685410126,1
Candidate 1: Control Baseline (Fixed 10D),1,59,10,TIME_LIMIT_10D,1.5365777758758918,1651.4804020175684,1
Candidate 1: Control Baseline (Fixed 10D),1,60,10,TIME_LIMIT_10D,8.85744327228786,9666.066487012533,1
Candidate 1: Control Baseline (Fixed 10D),1,61,10,TIME_LIMIT_10D,-0.6786786253272886,-806.2388097298333,0
Candidate 1: Control Baseline (Fixed 10D),1,62,10,TIME_LIMIT_10D,2.051511282883194,2420.5604165134846,1
Candidate 1: Control Baseline (Fixed 10D),1,63,10,TIME_LIMIT_10D,-9.648925797385779,-11618.242160833002,0
Candidate 1: Control Baseline (Fixed 10D),1,64,10,TIME_LIMIT_10D,-3.626872253417969,-3945.7270311812836,0
Candidate 1: Control Baseline (Fixed 10D),1,65,10,TIME_LIMIT_10D,-8.659694425947503,-9079.31950722596,0
Candidate 1: Control Baseline (Fixed 10D),1,66,10,TIME_LIMIT_10D,6.341046919885095,6072.59278161345,1
Candidate 1: Control Baseline (Fixed 10D),1,67,10,TIME_LIMIT_10D,-0.1658995868276799,-168.9504793505625,0
Candidate 1: Control Baseline (Fixed 10D),1,68,10,TIME_LIMIT_10D,-2.61788282436885,-2661.6027500597506,0
Candidate 1: Control Baseline (Fixed 10D),1,69,10,TIME_LIMIT_10D,-6.446766290288218,-6382.843136791598,0
Candidate 1: Control Baseline (Fixed 10D),1,70,10,TIME_LIMIT_10D,-18.56691823808526,-17197.71999585913,0
Candidate 1: Control Baseline (Fixed 10D),1,71,10,TIME_LIMIT_10D,-12.490826514459425,-9421.566022571214,0
Candidate 1: Control Baseline (Fixed 10D),1,72,10,TIME_LIMIT_10D,-1.1300820957165252,-745.9255714262706,0
Candidate 1: Control Baseline (Fixed 10D),1,73,10,TIME_LIMIT_10D,-3.5384186046511634,-2309.185834805798,0
Candidate 1: Control Baseline (Fixed 10D),1,74,10,TIME_LIMIT_10D,2.565920156137102,1615.2776750582882,1
Candidate 1: Control Baseline (Fixed 10D),1,75,10,TIME_LIMIT_10D,-10.514645838005803,-6788.9370547731405,0
Candidate 1: Control Baseline (Fixed 10D),1,76,10,TIME_LIMIT_10D,4.295348949621123,2481.7472280991105,1
Candidate 1: Control Baseline (Fixed 10D),1,77,10,TIME_LIMIT_10D,0.3911824713592246,235.72379364547982,1
Candidate 1: Control Baseline (Fixed 10D),1,78,10,TIME_LIMIT_10D,-0.27954945633307854,-169.11349203057563,0
Candidate 1: Control Baseline (Fixed 10D),1,79,10,TIME_LIMIT_10D,-3.017956570834085,-1820.6095785335083,0
Candidate 1: Control Baseline (Fixed 10D),1,80,10,TIME_LIMIT_10D,-5.185072064878768,-3033.5416686752214,0
Candidate 1: Control Baseline (Fixed 10D),1,81,10,TIME_LIMIT_10D,10.583042298139683,5870.599039289467,1
Candidate 1: Control Baseline (Fixed 10D),1,82,10,TIME_LIMIT_10D,13.56815450538954,8323.025045237697,1
Candidate 1: Control Baseline (Fixed 10D),1,83,10,TIME_LIMIT_10D,-2.0736972540340015,-1444.6490029495521,0
Candidate 1: Control Baseline (Fixed 10D),1,84,3,TIME_LIMIT_10D,5.24582392092611,3578.739250814245,1
Candidate 2: Profit Target (+3.0%) + 10D Time Stop,1,1,4,PROFIT_TARGET,2.8969999999999985,2896.9999999999986,1
Candidate 2: Profit Target (+3.0%) + 10D Time Stop,1,2,7,PROFIT_TARGET,2.896999999999998,2980.9260899999977,1
Candidate 2: Profit Target (+3.0%) + 10D Time Stop,1,3,2,PROFIT_TARGET,2.8969999999999994,3067.283518827299,1
Candidate 2: Profit Target (+3.0%) + 10D Time Stop,1,4,6,PROFIT_TARGET,2.896999999999999,3156.1427223677256,1
Candidate 2: Profit Target (+3.0%) + 10D Time Stop,1,5,10,TIME_LIMIT_10D,-2.804612197910189,-3144.0082015029734,0
Candidate 2: Profit Target (+3.0%) + 10D Time Stop,1,6,1,PROFIT_TARGET,2.897000000000002,3156.494259437181,1
Candidate 2: Profit Target (+3.0%) + 10D Time Stop,1,7,10,TIME_LIMIT_10D,-6.650095539108915,-7455.677365439261,0
Candidate 2: Profit Target (+3.0%) + 10D Time Stop,1,8,2,PROFIT_TARGET,2.8970000000000007,3031.946924856299,1
Candidate 2: Profit Target (+3.0%) + 10D Time Stop,1,9,10,TIME_LIMIT_10D,2.030474363452327,2186.6200338693684,1
Candidate 2: Profit Target (+3.0%) + 10D Time Stop,1,10,10,TIME_LIMIT_10D,-0.8770418019521827,-963.6648350230763,0
Candidate 2: Profit Target (+3.0%) + 10D Time Stop,1,11,6,PROFIT_TARGET,2.8970000000000002,3155.211439379963,1
Candidate 2: Profit Target (+3.0%) + 10D Time Stop,1,12,8,PROFIT_TARGET,2.897000000000007,3246.6179147788075,1
Candidate 2: Profit Target (+3.0%) + 10D Time Stop,1,13,4,PROFIT_TARGET,2.897000000000003,3340.6724357699454,1
Candidate 2: Profit Target (+3.0%) + 10D Time Stop,1,14,8,PROFIT_TARGET,2.8970000000000007,3437.4517162341976,1
Candidate 2: Profit Target (+3.0%) + 10D Time Stop,1,15,10,PROFIT_TARGET,2.897,3537.0346924535015,1
Candidate 2: Profit Target (+3.0%) + 10D Time Stop,1,16,10,TIME_LIMIT_10D,0.9966906461884174,1252.1429705673772,1
Candidate 2: Profit Target (+3.0%) + 10D Time Stop,1,17,10,TIME_LIMIT_10D,-0.8376104849379963,-1062.7785631150457,0
Candidate 2: Profit Target (+3.0%) + 10D Time Stop,1,18,10,TIME_LIMIT_10D,-11.675473448000746,-14690.01247872504,0
Candidate 2: Profit Target (+3.0%) + 10D Time Stop,1,19,10,TIME_LIMIT_10D,-16.867106744663683,-18744.31507505754,0
Candidate 2: Profit Target (+3.0%) + 10D Time Stop,1,20,1,PROFIT_TARGET,2.8970000000000042,2676.396005144696,1
Candidate 2: Profit Target (+3.0%) + 10D Time Stop,1,21,5,PROFIT_TARGET,2.897000000000003,2753.9311974137368,1
Candidate 2: Profit Target (+3.0%) + 10D Time Stop,1,22,2,PROFIT_TARGET,2.8970000000000073,2833.7125842028167,1
Candidate 2: Profit Target (+3.0%) + 10D Time Stop,1,23,2,PROFIT_TARGET,2.8969999999999976,2915.805237767163,1
Candidate 2: Profit Target (+3.0%) + 10D Time Stop,1,24,1,PROFIT_TARGET,2.897000000000001,3000.276115505281,1
Candidate 2: Profit Target (+3.0%) + 10D Time Stop,1,25,2,PROFIT_TARGET,2.8970000000000042,3087.1941145714727,1
Candidate 2: Profit Target (+3.0%) + 10D Time Stop,1,26,5,PROFIT_TARGET,2.897000000000007,3176.630128070611,1
Candidate 2: Profit Target (+3.0%) + 10D Time Stop,1,27,3,PROFIT_TARGET,2.897000000000004,3268.6571028808135,1
Candidate 2: Profit Target (+3.0%) + 10D Time Stop,1,28,1,PROFIT_TARGET,2.8970000000000042,3363.3500991512715,1
Candidate 2: Profit Target (+3.0%) + 10D Time Stop,1,29,1,PROFIT_TARGET,2.8970000000000065,3460.7863515236863,1
Candidate 2: Profit Target (+3.0%) + 10D Time Stop,1,30,4,PROFIT_TARGET,2.8970000000000042,3561.045332127325,1
Candidate 2: Profit Target (+3.0%) + 10D Time Stop,1,31,2,PROFIT_TARGET,2.897,3664.208815399048,1
Candidate 2: Profit Target (+3.0%) + 10D Time Stop,1,32,1,PROFIT_TARGET,2.897,3770.3609447811587,1
Candidate 2: Profit Target (+3.0%) + 10D Time Stop,1,33,7,PROFIT_TARGET,2.8970000000000056,3879.588301351476,1
Candidate 2: Profit Target (+3.0%) + 10D Time Stop,1,34,10,TIME_LIMIT_10D,0.34464847198567755,474.91536016179793,1
Candidate 2: Profit Target (+3.0%) + 10D Time Stop,1,35,5,PROFIT_TARGET,2.8969999999999967,4005.7382724255035,1
Candidate 2: Profit Target (+3.0%) + 10D Time Stop,1,36,2,PROFIT_TARGET,2.8969999999999967,4121.78451017767,1
Candidate 2: Profit Target (+3.0%) + 10D Time Stop,1,37,2,PROFIT_TARGET,2.8969999999999994,4241.1926074375215,1
Candidate 2: Profit Target (+3.0%) + 10D Time Stop,1,38,2,PROFIT_TARGET,2.897000000000001,4364.059957274989,1
Candidate 2: Profit Target (+3.0%) + 10D Time Stop,1,39,10,TIME_LIMIT_10D,-3.0386677680113108,-4710.078503125922,0
Candidate 2: Profit Target (+3.0%) + 10D Time Stop,1,40,4,PROFIT_TARGET,2.8970000000000056,4354.035800001694,1
Candidate 2: Profit Target (+3.0%) + 10D Time Stop,1,41,10,TIME_LIMIT_10D,-3.6489942399364406,-5643.121371840655,0
Candidate 2: Profit Target (+3.0%) + 10D Time Stop,1,42,7,PROFIT_TARGET,2.897000000000012,4316.6909909855285,1
Candidate 2: Profit Target (+3.0%) + 10D Time Stop,1,43,2,PROFIT_TARGET,2.897000000000004,4441.745528994367,1
Candidate 2: Profit Target (+3.0%) + 10D Time Stop,1,44,1,PROFIT_TARGET,2.897000000000003,4570.422896969333,1
Candidate 2: Profit Target (+3.0%) + 10D Time Stop,1,45,4,PROFIT_TARGET,2.8970000000000034,4702.828048294536,1
Candidate 2: Profit Target (+3.0%) + 10D Time Stop,1,46,10,TIME_LIMIT_10D,-4.897182049419719,-8180.117959734693,0
Candidate 2: Profit Target (+3.0%) + 10D Time Stop,1,47,2,PROFIT_TARGET,2.897000000000003,4602.090959560113,1
Candidate 2: Profit Target (+3.0%) + 10D Time Stop,1,48,3,PROFIT_TARGET,2.8970000000000073,4735.413534658577,1
Candidate 2: Profit Target (+3.0%) + 10D Time Stop,1,49,5,PROFIT_TARGET,2.8970000000000073,4872.598464757637,1
Candidate 2: Profit Target (+3.0%) + 10D Time Stop,1,50,7,PROFIT_TARGET,2.8970000000000042,5013.757642281661,1
Candidate 2: Profit Target (+3.0%) + 10D Time Stop,1,51,10,TIME_LIMIT_10D,-4.63002810090342,-8245.199752913946,0
Candidate 2: Profit Target (+3.0%) + 10D Time Stop,1,52,3,PROFIT_TARGET,2.897,4920.142764336636,1
Candidate 2: Profit Target (+3.0%) + 10D Time Stop,1,53,10,TIME_LIMIT_10D,-6.570594019787435,-11482.502704219425,0
Candidate 2: Profit Target (+3.0%) + 10D Time Stop,1,54,2,PROFIT_TARGET,2.8969999999999976,4730.031196878227,1
Candidate 2: Profit Target (+3.0%) + 10D Time Stop,1,55,4,PROFIT_TARGET,2.8970000000000016,4867.060200651797,1
Candidate 2: Profit Target (+3.0%) + 10D Time Stop,1,56,6,PROFIT_TARGET,2.8969999999999962,5008.05893466467,1
Candidate 2: Profit Target (+3.0%) + 10D Time Stop,1,57,2,PROFIT_TARGET,2.8970000000000113,5153.142402001932,1
Candidate 2: Profit Target (+3.0%) + 10D Time Stop,1,58,10,TIME_LIMIT_10D,-6.681807631696442,-12229.82745611549,0
Candidate 2: Profit Target (+3.0%) + 10D Time Stop,1,59,4,PROFIT_TARGET,2.8970000000000047,4948.13083598425,1
Candidate 2: Profit Target (+3.0%) + 10D Time Stop,1,60,1,PROFIT_TARGET,2.89700000000001,5091.478186302723,1
Candidate 2: Profit Target (+3.0%) + 10D Time Stop,1,61,9,PROFIT_TARGET,2.8969999999999962,5238.978309359889,1
Candidate 2: Profit Target (+3.0%) + 10D Time Stop,1,62,1,PROFIT_TARGET,2.897000000000009,5390.751510982069,1
Candidate 2: Profit Target (+3.0%) + 10D Time Stop,1,63,10,TIME_LIMIT_10D,-2.9135851145762537,-5578.677305412675,0
Candidate 2: Profit Target (+3.0%) + 10D Time Stop,1,64,10,TIME_LIMIT_10D,-2.4379105151277187,-4531.894130346225,0
Candidate 2: Profit Target (+3.0%) + 10D Time Stop,1,65,10,TIME_LIMIT_10D,-3.8624783477008373,-7005.016233828532,0
Candidate 2: Profit Target (+3.0%) + 10D Time Stop,1,66,10,TIME_LIMIT_10D,-2.518877944279615,-4391.805862007185,0
Candidate 2: Profit Target (+3.0%) + 10D Time Stop,1,67,5,PROFIT_TARGET,2.8969999999999994,4923.852391644905,1
Candidate 2: Profit Target (+3.0%) + 10D Time Stop,1,68,4,PROFIT_TARGET,2.8970000000000007,5066.4963954308605,1
Candidate 2: Profit Target (+3.0%) + 10D Time Stop,1,69,2,PROFIT_TARGET,2.8969999999999936,5213.272796006479,1
Candidate 2: Profit Target (+3.0%) + 10D Time Stop,1,70,4,PROFIT_TARGET,2.897000000000011,5364.301308906818,1
Candidate 2: Profit Target (+3.0%) + 10D Time Stop,1,71,10,TIME_LIMIT_10D,-7.77525956150009,-14814.33896929108,0
Candidate 2: Profit Target (+3.0%) + 10D Time Stop,1,72,2,PROFIT_TARGET,2.897000000000003,5090.533717885472,1
Candidate 2: Profit Target (+3.0%) + 10D Time Stop,1,73,1,PROFIT_TARGET,2.8970000000000073,5238.006479692622,1
Candidate 2: Profit Target (+3.0%) + 10D Time Stop,1,74,10,TIME_LIMIT_10D,-11.199994086669609,-20837.13677445726,0
Candidate 2: Profit Target (+3.0%) + 10D Time Stop,1,75,4,PROFIT_TARGET,2.8970000000000025,4786.09967505328,1
Candidate 2: Profit Target (+3.0%) + 10D Time Stop,1,76,3,PROFIT_TARGET,2.897000000000011,4924.7529826395885,1
Candidate 2: Profit Target (+3.0%) + 10D Time Stop,1,77,10,TIME_LIMIT_10D,-6.064385599069148,-10607.803772799487,0
Candidate 2: Profit Target (+3.0%) + 10D Time Stop,1,78,1,PROFIT_TARGET,2.897000000000003,4760.115001248642,1
Candidate 2: Profit Target (+3.0%) + 10D Time Stop,1,79,6,PROFIT_TARGET,2.8970000000000073,4898.015532834823,1
Candidate 2: Profit Target (+3.0%) + 10D Time Stop,1,80,3,PROFIT_TARGET,2.8970000000000002,5039.911042821036,1
Candidate 2: Profit Target (+3.0%) + 10D Time Stop,1,81,5,PROFIT_TARGET,2.8969999999999967,5185.917265731556,1
Candidate 2: Profit Target (+3.0%) + 10D Time Stop,1,82,10,TIME_LIMIT_10D,-6.978942692136828,-12854.92164301994,0
Candidate 2: Profit Target (+3.0%) + 10D Time Stop,1,83,2,PROFIT_TARGET,2.8970000000000047,4963.746208921525,1
Candidate 2: Profit Target (+3.0%) + 10D Time Stop,1,84,10,TIME_LIMIT_10D,-10.119846754078408,-17841.76119010938,0
Candidate 2: Profit Target (+3.0%) + 10D Time Stop,1,85,2,PROFIT_TARGET,2.897000000000006,4590.670114916514,1
Candidate 2: Profit Target (+3.0%) + 10D Time Stop,1,86,10,TIME_LIMIT_10D,-1.1327163341198148,-1846.9343837068782,0
Candidate 2: Profit Target (+3.0%) + 10D Time Stop,1,87,2,PROFIT_TARGET,2.8970000000000073,4670.156139049659,1
Candidate 2: Profit Target (+3.0%) + 10D Time Stop,1,88,1,PROFIT_TARGET,2.8970000000000042,4805.450562397922,1
Candidate 2: Profit Target (+3.0%) + 10D Time Stop,1,89,10,TIME_LIMIT_10D,-3.6681968881663196,-6260.960581373377,0
Candidate 2: Profit Target (+3.0%) + 10D Time Stop,1,90,3,PROFIT_TARGET,2.8969999999999962,4763.28443714819,1
Candidate 2: Profit Target (+3.0%) + 10D Time Stop,1,91,1,PROFIT_TARGET,2.897000000000011,4901.276787292398,1
Candidate 2: Profit Target (+3.0%) + 10D Time Stop,1,92,10,TIME_LIMIT_10D,-11.069463005004474,-19270.36762143954,0
Candidate 2: Profit Target (+3.0%) + 10D Time Stop,1,93,10,TIME_LIMIT_10D,-19.07174472259201,-29526.01162399777,0
Candidate 2: Profit Target (+3.0%) + 10D Time Stop,1,94,1,PROFIT_TARGET,2.897000000000006,3629.635669079929,1
Candidate 2: Profit Target (+3.0%) + 10D Time Stop,1,95,1,PROFIT_TARGET,2.8970000000000016,3734.786214413169,1
Candidate 2: Profit Target (+3.0%) + 10D Time Stop,1,96,5,PROFIT_TARGET,2.8970000000000007,3842.9829710447175,1
Candidate 2: Profit Target (+3.0%) + 10D Time Stop,1,97,10,TIME_LIMIT_10D,-12.638057616335264,-17250.55248099596,0
Candidate 2: Profit Target (+3.0%) + 10D Time Stop,1,98,1,PROFIT_TARGET,2.897000000000007,3454.5656823414374,1
Candidate 2: Profit Target (+3.0%) + 10D Time Stop,1,99,2,PROFIT_TARGET,2.8969999999999967,3554.6444501588567,1
Candidate 2: Profit Target (+3.0%) + 10D Time Stop,1,100,1,PROFIT_TARGET,2.8970000000000007,3657.6224998799635,1
Candidate 2: Profit Target (+3.0%) + 10D Time Stop,1,101,10,TIME_LIMIT_10D,-8.667610324729393,-11260.365208249748,0
Candidate 2: Profit Target (+3.0%) + 10D Time Stop,1,102,1,PROFIT_TARGET,2.8970000000000047,3437.3710436184956,1
Candidate 2: Profit Target (+3.0%) + 10D Time Stop,1,103,7,PROFIT_TARGET,2.897000000000007,3536.951682752126,1
Candidate 2: Profit Target (+3.0%) + 10D Time Stop,1,104,8,PROFIT_TARGET,2.8970000000000007,3639.4171730014477,1
Candidate 2: Profit Target (+3.0%) + 10D Time Stop,1,105,5,PROFIT_TARGET,2.8970000000000047,3744.851088503305,1
Candidate 2: Profit Target (+3.0%) + 10D Time Stop,1,106,2,PROFIT_TARGET,2.8970000000000042,3853.3394245372456,1
Candidate 2: Profit Target (+3.0%) + 10D Time Stop,1,107,1,PROFIT_TARGET,2.8969999999999945,3964.9706676660753,1
Candidate 2: Profit Target (+3.0%) + 10D Time Stop,1,108,10,TIME_LIMIT_10D,-5.76676919679727,-8121.32268244482,0
Candidate 2: Profit Target (+3.0%) + 10D Time Stop,1,109,1,PROFIT_TARGET,2.897000000000004,3844.561149797948,1
Candidate 2: Profit Target (+3.0%) + 10D Time Stop,1,110,6,PROFIT_TARGET,2.8970000000000056,3955.9380863075976,1
Candidate 2: Profit Target (+3.0%) + 10D Time Stop,1,111,8,PROFIT_TARGET,2.897000000000001,4070.5416126679233,1
Candidate 2: Profit Target (+3.0%) + 10D Time Stop,1,112,1,PROFIT_TARGET,2.8969999999999927,4188.465203186901,1
Candidate 2: Profit Target (+3.0%) + 10D Time Stop,1,113,10,TIME_LIMIT_10D,-12.554457560377022,-18676.998436218902,0
Candidate 2: Profit Target (+3.0%) + 10D Time Stop,1,114,10,TIME_LIMIT_10D,-4.94343412410187,-6430.956274821175,0
Candidate 2: Profit Target (+3.0%) + 10D Time Stop,1,115,10,PROFIT_TARGET,2.8970000000000042,3582.42759214441,1
Candidate 2: Profit Target (+3.0%) + 10D Time Stop,1,116,7,PROFIT_TARGET,2.897000000000009,3686.2105194888404,1
Candidate 2: Profit Target (+3.0%) + 10D Time Stop,1,117,1,PROFIT_TARGET,2.897000000000003,3793.0000382384237,1
Candidate 2: Profit Target (+3.0%) + 10D Time Stop,1,118,1,PROFIT_TARGET,2.897000000000008,3902.8832493461978,1
Candidate 2: Profit Target (+3.0%) + 10D Time Stop,1,119,3,PROFIT_TARGET,2.8970000000000073,4015.9497770797566,1
Candidate 2: Profit Target (+3.0%) + 10D Time Stop,1,120,5,PROFIT_TARGET,2.897000000000007,4132.291842121756,1
Candidate 2: Profit Target (+3.0%) + 10D Time Stop,1,121,10,TIME_LIMIT_10D,-5.056982487934997,-7422.268370645718,0
Candidate 2: Profit Target (+3.0%) + 10D Time Stop,1,122,8,PROFIT_TARGET,2.8970000000000073,4036.981222090417,1
Candidate 2: Profit Target (+3.0%) + 10D Time Stop,1,123,3,PROFIT_TARGET,2.8969999999999994,4153.932568094366,1
Candidate 2: Profit Target (+3.0%) + 10D Time Stop,1,124,10,TIME_LIMIT_10D,-16.711492811395225,-24656.35682139218,0
Candidate 2: Profit Target (+3.0%) + 10D Time Stop,1,125,1,PROFIT_TARGET,2.8969999999999994,3559.9773374763286,1
Candidate 2: Profit Target (+3.0%) + 10D Time Stop,1,126,10,TIME_LIMIT_10D,-26.474272942923456,-33475.37825612886,0
Candidate 2: Profit Target (+3.0%) + 10D Time Stop,1,127,1,PROFIT_TARGET,2.896999999999994,2693.32817286296,1
Candidate 2: Profit Target (+3.0%) + 10D Time Stop,1,128,10,TIME_LIMIT_10D,-8.847785274473353,-8464.046992947533,0
Candidate 2: Profit Target (+3.0%) + 10D Time Stop,1,129,1,PROFIT_TARGET,2.896999999999998,2526.1504486451136,1
Candidate 2: Profit Target (+3.0%) + 10D Time Stop,1,130,1,PROFIT_TARGET,2.8969999999999994,2599.3330271423642,1
Candidate 2: Profit Target (+3.0%) + 10D Time Stop,1,131,1,PROFIT_TARGET,2.897000000000006,2674.6357049386843,1
Candidate 2: Profit Target (+3.0%) + 10D Time Stop,1,132,1,PROFIT_TARGET,2.8969999999999994,2752.119901310752,1
Candidate 2: Profit Target (+3.0%) + 10D Time Stop,1,133,1,PROFIT_TARGET,2.896999999999996,2831.848814851721,1
Candidate 2: Profit Target (+3.0%) + 10D Time Stop,1,134,1,PROFIT_TARGET,2.897000000000007,2913.887475017986,1
Candidate 2: Profit Target (+3.0%) + 10D Time Stop,1,135,1,PROFIT_TARGET,2.8970000000000025,2998.302795169253,1
Candidate 2: Profit Target (+3.0%) + 10D Time Stop,1,136,10,TIME_LIMIT_10D,-7.860556546342878,-8371.109128717968,0
Candidate 2: Profit Target (+3.0%) + 10D Time Stop,1,137,1,PROFIT_TARGET,2.897000000000001,2842.652595686345,1
Candidate 2: Profit Target (+3.0%) + 10D Time Stop,1,138,2,PROFIT_TARGET,2.8970000000000047,2925.004241383382,1
Candidate 2: Profit Target (+3.0%) + 10D Time Stop,1,139,10,TIME_LIMIT_10D,-15.116434392646399,-15704.715792448163,0
Candidate 2: Profit Target (+3.0%) + 10D Time Stop,1,140,2,PROFIT_TARGET,2.897000000000003,2554.775997749033,1
Candidate 2: Profit Target (+3.0%) + 10D Time Stop,1,141,1,PROFIT_TARGET,2.8970000000000105,2628.78785840383,1
Candidate 2: Profit Target (+3.0%) + 10D Time Stop,1,142,10,TIME_LIMIT_10D,-1.490876072898952,-1392.0386791714857,0
Candidate 2: Profit Target (+3.0%) + 10D Time Stop,1,143,2,PROFIT_TARGET,2.896999999999995,2664.616482126177,1
Candidate 2: Profit Target (+3.0%) + 10D Time Stop,1,144,1,PROFIT_TARGET,2.897000000000004,2741.81042161338,1
Candidate 2: Profit Target (+3.0%) + 10D Time Stop,1,145,10,TIME_LIMIT_10D,-4.7247447129196,-4601.188103977868,0
Candidate 2: Profit Target (+3.0%) + 10D Time Stop,1,146,7,PROFIT_TARGET,2.8969999999999976,2687.9442501552753,1
Candidate 2: Profit Target (+3.0%) + 10D Time Stop,1,147,10,TIME_LIMIT_10D,-8.45038651334734,-8067.7242949501515,0
Candidate 2: Profit Target (+3.0%) + 10D Time Stop,1,148,10,PROFIT_TARGET,2.897000000000003,2532.0920222575724,1
Candidate 2: Profit Target (+3.0%) + 10D Time Stop,1,149,1,PROFIT_TARGET,2.8970000000000122,2605.446728142382,1
Candidate 2: Profit Target (+3.0%) + 10D Time Stop,1,150,8,PROFIT_TARGET,2.896999999999998,2680.9265198566545,1
Candidate 2: Profit Target (+3.0%) + 10D Time Stop,1,151,1,PROFIT_TARGET,2.8969999999999962,2758.5929611369,1
Candidate 2: Profit Target (+3.0%) + 10D Time Stop,1,152,5,PROFIT_TARGET,2.896999999999998,2838.5093992210377,1
Candidate 2: Profit Target (+3.0%) + 10D Time Stop,1,153,1,PROFIT_TARGET,2.897000000000002,2920.741016516475,1
Candidate 2: Profit Target (+3.0%) + 10D Time Stop,1,154,10,TIME_LIMIT_10D,-3.448464649921997,-3577.4456600393105,0
Candidate 2: Profit Target (+3.0%) + 10D Time Stop,1,155,1,PROFIT_TARGET,2.8970000000000105,2901.716282993627,1
Candidate 2: Profit Target (+3.0%) + 10D Time Stop,1,156,1,TIME_LIMIT_10D,-0.6643170380255397,-684.6751342577714,0
Candidate 3: ATR Protective Stop (1.5x ATR14),1,1,10,TIME_LIMIT_10D,3.506061576548527,3506.061576548527,1
Candidate 3: ATR Protective Stop (1.5x ATR14),1,2,10,TIME_LIMIT_10D,8.867857142857142,9178.769674806072,1
Candidate 3: ATR Protective Stop (1.5x ATR14),1,3,10,TIME_LIMIT_10D,2.2419103171362926,2526.29285767174,1
Candidate 3: ATR Protective Stop (1.5x ATR14),1,4,5,STOP_LOSS,-3.5333925769548435,-4070.8613070945685,0
Candidate 3: ATR Protective Stop (1.5x ATR14),1,5,1,STOP_LOSS,-3.459610012330589,-3845.019659626161,0
Candidate 3: ATR Protective Stop (1.5x ATR14),1,6,10,TIME_LIMIT_10D,0.3318348060019431,356.0429619305829,1
Candidate 3: ATR Protective Stop (1.5x ATR14),1,7,10,TIME_LIMIT_10D,-2.5292980445718154,-2722.821874390856,0
Candidate 3: ATR Protective Stop (1.5x ATR14),1,8,10,TIME_LIMIT_10D,4.975977861181225,5221.2171501545645,1
Candidate 3: ATR Protective Stop (1.5x ATR14),1,9,10,TIME_LIMIT_10D,5.912324931238558,6512.40707390957,1
Candidate 3: ATR Protective Stop (1.5x ATR14),1,10,10,TIME_LIMIT_10D,5.163259954803467,6023.566895578107,1
Candidate 3: ATR Protective Stop (1.5x ATR14),1,11,8,STOP_LOSS,-3.6662771624313972,-4497.996163657556,0
Candidate 3: ATR Protective Stop (1.5x ATR14),1,12,10,TIME_LIMIT_10D,9.159595241780512,10825.511207157053,1
Candidate 3: ATR Protective Stop (1.5x ATR14),1,13,10,TIME_LIMIT_10D,2.4823928318366724,3202.6136939607427,1
Candidate 3: ATR Protective Stop (1.5x ATR14),1,14,4,STOP_LOSS,-4.4581908950972196,-5894.4320480457045,0
Candidate 3: ATR Protective Stop (1.5x ATR14),1,15,2,STOP_LOSS,-5.081873503175893,-6419.491318118505,0
Candidate 3: ATR Protective Stop (1.5x ATR14),1,16,10,TIME_LIMIT_10D,-0.8237924397443662,-987.7424637306349,0
Candidate 3: ATR Protective Stop (1.5x ATR14),1,17,6,STOP_LOSS,-8.972532325295946,-10669.607699954722,0
Candidate 3: ATR Protective Stop (1.5x ATR14),1,18,10,TIME_LIMIT_10D,4.620310875238614,5001.232893118418,1
Candidate 3: ATR Protective Stop (1.5x ATR14),1,19,10,TIME_LIMIT_10D,7.517508511578923,8513.258402870866,1
Candidate 3: ATR Protective Stop (1.5x ATR14),1,20,10,TIME_LIMIT_10D,4.265225740011112,5193.296287818494,1
Candidate 3: ATR Protective Stop (1.5x ATR14),1,21,5,STOP_LOSS,-6.630029434614078,-8416.974734661087,0
Candidate 3: ATR Protective Stop (1.5x ATR14),1,22,10,TIME_LIMIT_10D,4.2089927247665475,4989.143138447346,1
Candidate 3: ATR Protective Stop (1.5x ATR14),1,23,10,TIME_LIMIT_10D,1.0919744357999253,1348.8555966262704,1
Candidate 3: ATR Protective Stop (1.5x ATR14),1,24,6,STOP_LOSS,-2.5374269246944294,-3168.569297774226,0
Candidate 3: ATR Protective Stop (1.5x ATR14),1,25,10,TIME_LIMIT_10D,7.459684565809879,9078.790663726933,1
Candidate 3: ATR Protective Stop (1.5x ATR14),1,26,6,STOP_LOSS,-4.100794263645658,-5363.164049938701,0
Candidate 3: ATR Protective Stop (1.5x ATR14),1,27,10,TIME_LIMIT_10D,11.924622511105197,14955.90680228263,1
Candidate 3: ATR Protective Stop (1.5x ATR14),1,28,10,TIME_LIMIT_10D,-3.6489942399364406,-5122.322599850047,0
Candidate 3: ATR Protective Stop (1.5x ATR14),1,29,10,TIME_LIMIT_10D,2.5404118710538377,3436.007748883517,1
Candidate 3: ATR Protective Stop (1.5x ATR14),1,30,10,TIME_LIMIT_10D,8.49295522282917,11778.877170291107,1
Candidate 3: ATR Protective Stop (1.5x ATR14),1,31,6,STOP_LOSS,-3.929743504908969,-5913.039803942196,0
Candidate 3: ATR Protective Stop (1.5x ATR14),1,32,1,STOP_LOSS,-4.083796772370532,-5903.365453027468,0
Candidate 3: ATR Protective Stop (1.5x ATR14),1,33,10,TIME_LIMIT_10D,6.63132530120482,9194.494554748473,1
Candidate 3: ATR Protective Stop (1.5x ATR14),1,34,10,TIME_LIMIT_10D,6.720098193114418,9935.459400828358,1
Candidate 3: ATR Protective Stop (1.5x ATR14),1,35,10,TIME_LIMIT_10D,-2.518086052519276,-3973.096539176461,0
Candidate 3: ATR Protective Stop (1.5x ATR14),1,36,10,STOP_LOSS,-5.0174842914793265,-7717.357503381932,0
Candidate 3: ATR Protective Stop (1.5x ATR14),1,37,6,STOP_LOSS,-4.0815873577705295,-5962.870285800588,0
Candidate 3: ATR Protective Stop (1.5x ATR14),1,38,2,STOP_LOSS,-4.234620098975572,-5933.933887614452,0
Candidate 3: ATR Protective Stop (1.5x ATR14),1,39,10,TIME_LIMIT_10D,1.5867667150863212,2129.3637998928493,1
Candidate 3: ATR Protective Stop (1.5x ATR14),1,40,10,TIME_LIMIT_10D,2.764746028779442,3769.0262791157056,1
Candidate 3: ATR Protective Stop (1.5x ATR14),1,41,10,TIME_LIMIT_10D,3.6568282454790157,5122.9797437011775,1
Candidate 3: ATR Protective Stop (1.5x ATR14),1,42,10,TIME_LIMIT_10D,1.946052006356463,2825.988784703404,1
Candidate 3: ATR Protective Stop (1.5x ATR14),1,43,4,STOP_LOSS,-4.5284997663959725,-6704.104161106819,0
Candidate 3: ATR Protective Stop (1.5x ATR14),1,44,10,TIME_LIMIT_10D,-2.077624475104979,-2936.4810562398966,0
Candidate 3: ATR Protective Stop (1.5x ATR14),1,45,8,STOP_LOSS,-4.703277468360331,-6509.425964117769,0
Candidate 3: ATR Protective Stop (1.5x ATR14),1,46,7,STOP_LOSS,-3.824967440933521,-5044.844665185363,0
Candidate 3: ATR Protective Stop (1.5x ATR14),1,47,10,TIME_LIMIT_10D,-2.518877944279615,-3195.1372727016446,0
Candidate 3: ATR Protective Stop (1.5x ATR14),1,48,10,TIME_LIMIT_10D,-0.6415622289074822,-793.3077642885646,0
Candidate 3: ATR Protective Stop (1.5x ATR14),1,49,10,TIME_LIMIT_10D,0.6215946192559716,763.6861564788196,1
Candidate 3: ATR Protective Stop (1.5x ATR14),1,50,10,TIME_LIMIT_10D,-0.2714110875445418,-335.526211046324,0
Candidate 3: ATR Protective Stop (1.5x ATR14),1,51,3,STOP_LOSS,-5.9112521863213425,-7287.826570205968,0
Candidate 3: ATR Protective Stop (1.5x ATR14),1,52,10,TIME_LIMIT_10D,0.6756238253412715,783.7204630487657,1
Candidate 3: ATR Protective Stop (1.5x ATR14),1,53,10,TIME_LIMIT_10D,-4.0327349439251865,-4709.558956550525,0
Candidate 3: ATR Protective Stop (1.5x ATR14),1,54,5,STOP_LOSS,-4.4193231461650795,-4952.898596604566,0
Candidate 3: ATR Protective Stop (1.5x ATR14),1,55,10,TIME_LIMIT_10D,5.843155681927555,6259.234706822835,1
Candidate 3: ATR Protective Stop (1.5x ATR14),1,56,7,STOP_LOSS,-4.82670372359864,-5472.518022543607,0
Candidate 3: ATR Protective Stop (1.5x ATR14),1,57,4,STOP_LOSS,-6.713005319348262,-7243.836869812341,0
Candidate 3: ATR Protective Stop (1.5x ATR14),1,58,10,TIME_LIMIT_10D,-4.9567807437809375,-4989.677553543022,0
Candidate 3: ATR Protective Stop (1.5x ATR14),1,59,3,STOP_LOSS,-5.701111085638559,-5454.480753911228,0
Candidate 3: ATR Protective Stop (1.5x ATR14),1,60,10,TIME_LIMIT_10D,5.0249736460322945,4533.506831096603,1
Candidate 3: ATR Protective Stop (1.5x ATR14),1,61,10,TIME_LIMIT_10D,4.448891613955322,4215.459223415428,1
Candidate 3: ATR Protective Stop (1.5x ATR14),1,62,10,TIME_LIMIT_10D,6.562873136209267,6495.175828711435,1
Candidate 3: ATR Protective Stop (1.5x ATR14),1,63,2,STOP_LOSS,-5.329163445448529,-5620.330628337192,0
Candidate 3: ATR Protective Stop (1.5x ATR14),1,64,3,STOP_LOSS,-5.774164603876759,-5765.117979545798,0
Candidate 3: ATR Protective Stop (1.5x ATR14),1,65,6,STOP_LOSS,-6.124299409131801,-5761.631127652034,0
Candidate 3: ATR Protective Stop (1.5x ATR14),1,66,3,STOP_LOSS,-6.263138440772586,-5531.3894664484005,0
Candidate 3: ATR Protective Stop (1.5x ATR14),1,67,3,STOP_LOSS,-6.30896854222814,-5222.891421777266,0
Candidate 3: ATR Protective Stop (1.5x ATR14),1,68,1,STOP_LOSS,-8.050564429497106,-6244.20259935018,0
Candidate 3: ATR Protective Stop (1.5x ATR14),1,69,10,TIME_LIMIT_10D,19.224609535167232,13710.624952853566,1
Candidate 3: ATR Protective Stop (1.5x ATR14),1,70,10,TIME_LIMIT_10D,-8.426305075833332,-7164.779196797533,0
Candidate 3: ATR Protective Stop (1.5x ATR14),1,71,10,TIME_LIMIT_10D,-1.9999799140690266,-1557.263140175921,0
Candidate 3: ATR Protective Stop (1.5x ATR14),1,72,5,STOP_LOSS,-5.623781682027032,-4291.3208588113075,0
Candidate 3: ATR Protective Stop (1.5x ATR14),1,73,1,STOP_LOSS,-6.007727506050968,-4326.486290594486,0
Candidate 3: ATR Protective Stop (1.5x ATR14),1,74,10,TIME_LIMIT_10D,3.8398806616721215,2599.1717794720744,1
Candidate 3: ATR Protective Stop (1.5x ATR14),1,75,10,TIME_LIMIT_10D,20.07845761387298,14112.754416109134,1
Candidate 3: ATR Protective Stop (1.5x ATR14),1,76,4,STOP_LOSS,-7.305669034104406,-6166.042737521519,0
Candidate 3: ATR Protective Stop (1.5x ATR14),1,77,4,STOP_LOSS,-8.19825617207739,-6413.885397840942,0
Candidate 3: ATR Protective Stop (1.5x ATR14),1,78,10,TIME_LIMIT_10D,2.5456419742993326,1828.3021306572389,1
Candidate 3: ATR Protective Stop (1.5x ATR14),1,79,10,TIME_LIMIT_10D,11.423741870212167,8413.490944114796,1
Candidate 3: ATR Protective Stop (1.5x ATR14),1,80,7,STOP_LOSS,-7.101200213620188,-5827.433775793527,0
Candidate 3: ATR Protective Stop (1.5x ATR14),1,81,10,TIME_LIMIT_10D,-6.181863570764393,-4712.75766809477,0
Candidate 3: ATR Protective Stop (1.5x ATR14),1,82,10,TIME_LIMIT_10D,-0.8215111080143436,-587.5650225923596,0
Candidate 3: ATR Protective Stop (1.5x ATR14),1,83,4,STOP_LOSS,-7.029534216150528,-4986.393303768573,0
Candidate 3: ATR Protective Stop (1.5x ATR14),1,84,3,STOP_LOSS,-9.401625526201954,-6200.231956778902,0
Candidate 3: ATR Protective Stop (1.5x ATR14),1,85,10,TIME_LIMIT_10D,15.10933804390742,9027.569315360395,1
Candidate 3: ATR Protective Stop (1.5x ATR14),1,86,10,TIME_LIMIT_10D,-1.3681773925551735,-940.9755960397796,0
Candidate 3: ATR Protective Stop (1.5x ATR14),1,87,10,TIME_LIMIT_10D,-4.435876219257031,-3009.0709479303205,0
Candidate 3: ATR Protective Stop (1.5x ATR14),1,88,10,TIME_LIMIT_10D,2.194669370233638,1422.7119959970491,1
Candidate 3: ATR Protective Stop (1.5x ATR14),1,89,1,STOP_LOSS,-5.771025357077752,-3823.218476958034,0
Candidate 3: ATR Protective Stop (1.5x ATR14),1,90,3,STOP_LOSS,-6.798528552238306,-4244.001463769944,0
Candidate 3: ATR Protective Stop (1.5x ATR14),1,91,7,STOP_LOSS,-8.036955253344523,-4676.004479299675,0
Candidate 3: ATR Protective Stop (1.5x ATR14),1,92,6,STOP_LOSS,-13.461337480325305,-7202.52744933985,0
Candidate 3: ATR Protective Stop (1.5x ATR14),1,93,6,STOP_LOSS,-17.54862591172684,-8125.498316454369,0
Candidate 3: ATR Protective Stop (1.5x ATR14),1,94,10,TIME_LIMIT_10D,11.929380449129178,4554.310911782338,1
Candidate 3: ATR Protective Stop (1.5x ATR14),1,95,10,TIME_LIMIT_10D,-5.178496774319,-2212.8531607701834,0
Candidate 3: ATR Protective Stop (1.5x ATR14),1,96,10,TIME_LIMIT_10D,13.716074035082727,5557.577694250436,1
Candidate 3: ATR Protective Stop (1.5x ATR14),1,97,5,STOP_LOSS,-9.926870094496726,-4573.934260597347,0
Candidate 3: ATR Protective Stop (1.5x ATR14),1,98,10,TIME_LIMIT_10D,-1.0340328514476795,-429.1480766285601,0
Candidate 3: ATR Protective Stop (1.5x ATR14),1,99,10,TIME_LIMIT_10D,12.92178606946769,5307.393077737568,1
Candidate 3: ATR Protective Stop (1.5x ATR14),1,100,2,STOP_LOSS,-9.173059804760953,-4254.520990316756,0
Candidate 3: ATR Protective Stop (1.5x ATR14),1,101,10,TIME_LIMIT_10D,-2.4237201182553116,-1021.0184672008655,0
Candidate 3: ATR Protective Stop (1.5x ATR14),1,102,10,TIME_LIMIT_10D,1.8215474108259946,748.7483277719551,1
Candidate 3: ATR Protective Stop (1.5x ATR14),1,103,4,STOP_LOSS,-6.165180321819868,-2580.363335830108,0
Candidate 3: ATR Protective Stop (1.5x ATR14),1,104,6,STOP_LOSS,-5.960378775358847,-2340.8466412299435,0
Candidate 3: ATR Protective Stop (1.5x ATR14),1,105,10,TIME_LIMIT_10D,15.292480529142782,5647.911852523862,1
Candidate 3: ATR Protective Stop (1.5x ATR14),1,106,10,TIME_LIMIT_10D,12.277160169781915,5227.678595497328,1
Candidate 3: ATR Protective Stop (1.5x ATR14),1,107,10,TIME_LIMIT_10D,-6.279557288151322,-3002.1431956945216,0
Candidate 3: ATR Protective Stop (1.5x ATR14),1,108,4,TIME_LIMIT_10D,10.120911052123763,4534.780975034707,1
Candidate 4: Trailing ATR Exit (1.5x ATR14),1,1,10,TIME_LIMIT_10D,3.506061576548527,3506.061576548527,1
Candidate 4: Trailing ATR Exit (1.5x ATR14),1,2,3,TRAILING_STOP,4.782039190798393,4949.700429442468,1
Candidate 4: Trailing ATR Exit (1.5x ATR14),1,3,10,TRAILING_STOP,-0.8880709576862887,-963.1641243125664,0
Candidate 4: Trailing ATR Exit (1.5x ATR14),1,4,10,TIME_LIMIT_10D,1.9221877337065676,2066.2095311241487,1
Candidate 4: Trailing ATR Exit (1.5x ATR14),1,5,3,TRAILING_STOP,-3.5123910575969743,-3848.1337543771688,0
Candidate 4: Trailing ATR Exit (1.5x ATR14),1,6,10,TIME_LIMIT_10D,0.33183480600194304,350.78480885778305,1
Candidate 4: Trailing ATR Exit (1.5x ATR14),1,7,4,TRAILING_STOP,-2.581820179151739,-2738.3161370109583,0
Candidate 4: Trailing ATR Exit (1.5x ATR14),1,8,1,TRAILING_STOP,-0.09693543038210578,-100.15673270216512,0
Candidate 4: Trailing ATR Exit (1.5x ATR14),1,9,5,TRAILING_STOP,-2.9683770128729603,-3064.047376479437,0
Candidate 4: Trailing ATR Exit (1.5x ATR14),1,10,10,TIME_LIMIT_10D,4.975977861181226,4983.886591875652,1
Candidate 4: Trailing ATR Exit (1.5x ATR14),1,11,1,TRAILING_STOP,-0.6946344067248218,-730.3582373532671,0
Candidate 4: Trailing ATR Exit (1.5x ATR14),1,12,6,TRAILING_STOP,-2.797312812104089,-2920.7433049535225,0
Candidate 4: Trailing ATR Exit (1.5x ATR14),1,13,1,TRAILING_STOP,-1.1274162873173312,-1144.2342184324493,0
Candidate 4: Trailing ATR Exit (1.5x ATR14),1,14,10,TIME_LIMIT_10D,7.110722268830294,7135.431250248751,1
Candidate 4: Trailing ATR Exit (1.5x ATR14),1,15,8,TRAILING_STOP,-0.02248839878648494,-24.171187744980543,0
Candidate 4: Trailing ATR Exit (1.5x ATR14),1,16,2,TRAILING_STOP,-3.7513291992578828,-4031.131432698169,0
Candidate 4: Trailing ATR Exit (1.5x ATR14),1,17,8,TRAILING_STOP,6.617259483221585,6844.073839334471,1
Candidate 4: Trailing ATR Exit (1.5x ATR14),1,18,3,TRAILING_STOP,-4.205577432810789,-4637.561373401344,0
Candidate 4: Trailing ATR Exit (1.5x ATR14),1,19,10,TRAILING_STOP,-2.3409755343028005,-2472.869142637457,0
Candidate 4: Trailing ATR Exit (1.5x ATR14),1,20,3,TRAILING_STOP,-1.9189142959129708,-1979.576185275338,0
Candidate 4: Trailing ATR Exit (1.5x ATR14),1,21,2,TRAILING_STOP,-5.081873503175893,-5141.925230937217,0
Candidate 4: Trailing ATR Exit (1.5x ATR14),1,22,1,TRAILING_STOP,-4.043541092137478,-3883.4071437759408,0
Candidate 4: Trailing ATR Exit (1.5x ATR14),1,23,6,TRAILING_STOP,-5.130908405901016,-4728.458034189707,0
Candidate 4: Trailing ATR Exit (1.5x ATR14),1,24,6,TRAILING_STOP,-8.37781247441341,-7324.545044094319,0
Candidate 4: Trailing ATR Exit (1.5x ATR14),1,25,4,TRAILING_STOP,-7.811888349862807,-6257.584217054934,0
Candidate 4: Trailing ATR Exit (1.5x ATR14),1,26,10,TIME_LIMIT_10D,8.29114547824359,6122.659818108677,1
Candidate 4: Trailing ATR Exit (1.5x ATR14),1,27,10,TIME_LIMIT_10D,10.988372868435835,8787.228712511216,1
Candidate 4: Trailing ATR Exit (1.5x ATR14),1,28,4,TRAILING_STOP,-5.4536549578677125,-4840.427107341071,0
Candidate 4: Trailing ATR Exit (1.5x ATR14),1,29,9,TRAILING_STOP,1.330661715615025,1116.6277935822388,1
Candidate 4: Trailing ATR Exit (1.5x ATR14),1,30,10,TIME_LIMIT_10D,4.2089927247665475,3578.984564035304,1
Candidate 4: Trailing ATR Exit (1.5x ATR14),1,31,10,TIME_LIMIT_10D,1.0919744357999248,967.6077084732451,1
Candidate 4: Trailing ATR Exit (1.5x ATR14),1,32,3,TRAILING_STOP,-0.8014303454379936,-717.9088543398956,0
Candidate 4: Trailing ATR Exit (1.5x ATR14),1,33,10,TIME_LIMIT_10D,7.459684565809879,6628.715822245581,1
Candidate 4: Trailing ATR Exit (1.5x ATR14),1,34,6,TRAILING_STOP,-2.265719646652075,-2163.5187794214808,0
Candidate 4: Trailing ATR Exit (1.5x ATR14),1,35,10,TIME_LIMIT_10D,11.924622511105198,11128.7415839367,1
Candidate 4: Trailing ATR Exit (1.5x ATR14),1,36,10,TIME_LIMIT_10D,-3.6489942399364406,-3811.537827622035,0
Candidate 4: Trailing ATR Exit (1.5x ATR14),1,37,10,TIME_LIMIT_10D,2.5404118710538377,2556.745159169661,1
Candidate 4: Trailing ATR Exit (1.5x ATR14),1,38,1,TRAILING_STOP,-1.5414490930717533,-1590.7705891146163,0
Candidate 4: Trailing ATR Exit (1.5x ATR14),1,39,8,TRAILING_STOP,-1.0255577013839965,-1042.0580341457246,0
Candidate 4: Trailing ATR Exit (1.5x ATR14),1,40,1,TRAILING_STOP,-4.083796772370532,-4106.945983468321,0
Candidate 4: Trailing ATR Exit (1.5x ATR14),1,41,6,TRAILING_STOP,-0.05892496814827138,-56.83897073459915,0
Candidate 4: Trailing ATR Exit (1.5x ATR14),1,42,10,TIME_LIMIT_10D,11.781794019933557,11358.011155835498,1
Candidate 4: Trailing ATR Exit (1.5x ATR14),1,43,4,TRAILING_STOP,-3.5811305765463244,-3859.0650328287506,0
Candidate 4: Trailing ATR Exit (1.5x ATR14),1,44,10,TIME_LIMIT_10D,-2.5180860525192754,-2616.3421804566556,0
Candidate 4: Trailing ATR Exit (1.5x ATR14),1,45,7,TRAILING_STOP,-2.1503361922243007,-2177.9825078918384,0
Candidate 4: Trailing ATR Exit (1.5x ATR14),1,46,3,TRAILING_STOP,-1.297528334556131,-1285.9503802414354,0
Candidate 4: Trailing ATR Exit (1.5x ATR14),1,47,6,TRAILING_STOP,-2.396428335607467,-2344.2279249877,0
Candidate 4: Trailing ATR Exit (1.5x ATR14),1,48,2,TRAILING_STOP,-4.2346200989755705,-4043.109968005052,0
Candidate 4: Trailing ATR Exit (1.5x ATR14),1,49,3,TRAILING_STOP,-0.7859760008467149,-718.6524666699665,0
Candidate 4: Trailing ATR Exit (1.5x ATR14),1,50,10,TIME_LIMIT_10D,9.007751387928462,8171.4493072181085,1
Candidate 4: Trailing ATR Exit (1.5x ATR14),1,51,6,TRAILING_STOP,-3.4912855199424477,-3452.4345005365785,0
Candidate 4: Trailing ATR Exit (1.5x ATR14),1,52,10,TRAILING_STOP,-2.177587467001669,-2078.1754963337835,0
Candidate 4: Trailing ATR Exit (1.5x ATR14),1,53,1,TRAILING_STOP,-0.2764660395879816,-258.09926754008455,0
Candidate 4: Trailing ATR Exit (1.5x ATR14),1,54,4,TRAILING_STOP,-3.689061766597028,-3434.460833197524,0
Candidate 4: Trailing ATR Exit (1.5x ATR14),1,55,7,TRAILING_STOP,-2.9888212461071615,-2679.8975808552464,0
Candidate 4: Trailing ATR Exit (1.5x ATR14),1,56,5,TRAILING_STOP,-2.902999336588757,-2525.148789104324,0
Candidate 4: Trailing ATR Exit (1.5x ATR14),1,57,10,TIME_LIMIT_10D,-0.502130716195496,-424.0944997456552,0
Candidate 4: Trailing ATR Exit (1.5x ATR14),1,58,9,TRAILING_STOP,-3.659697744679703,-3075.4229448160577,0
Candidate 4: Trailing ATR Exit (1.5x ATR14),1,59,8,TRAILING_STOP,-2.088055219302282,-1690.4783606718033,0
Candidate 4: Trailing ATR Exit (1.5x ATR14),1,60,10,TIME_LIMIT_10D,-2.5188779442796156,-1996.6890527420142,0
Candidate 4: Trailing ATR Exit (1.5x ATR14),1,61,4,TRAILING_STOP,-1.4424404114877232,-1114.6068653869654,0
Candidate 4: Trailing ATR Exit (1.5x ATR14),1,62,3,TRAILING_STOP,-1.4028609180506726,-1068.386496833594,0
Candidate 4: Trailing ATR Exit (1.5x ATR14),1,63,3,TRAILING_STOP,-3.0905499793928657,-2320.6725150409916,0
Candidate 4: Trailing ATR Exit (1.5x ATR14),1,64,9,TRAILING_STOP,-0.17178881994498219,-125.00837586074323,0
Candidate 4: Trailing ATR Exit (1.5x ATR14),1,65,4,TRAILING_STOP,-5.263331787200119,-3823.474984376769,0
Candidate 4: Trailing ATR Exit (1.5x ATR14),1,66,6,TRAILING_STOP,-0.18405799461126338,-126.66898725107689,0
Candidate 4: Trailing ATR Exit (1.5x ATR14),1,67,4,TRAILING_STOP,-5.861879774935338,-4026.7292470195684,0
Candidate 4: Trailing ATR Exit (1.5x ATR14),1,68,10,TIME_LIMIT_10D,0.6756238253412716,436.9039793335389,1
Candidate 4: Trailing ATR Exit (1.5x ATR14),1,69,7,TRAILING_STOP,-3.2595622507489144,-2122.094173641997,0
Candidate 4: Trailing ATR Exit (1.5x ATR14),1,70,8,TRAILING_STOP,-3.5679617920228064,-2247.1580387872386,0
Candidate 4: Trailing ATR Exit (1.5x ATR14),1,71,10,TIME_LIMIT_10D,5.843155681927555,3548.805727810082,1
Candidate 4: Trailing ATR Exit (1.5x ATR14),1,72,3,TRAILING_STOP,-0.6457567450299678,-415.1131571690513,0
Candidate 4: Trailing ATR Exit (1.5x ATR14),1,73,4,TRAILING_STOP,-4.459647626815823,-2848.2920145378707,0
Candidate 4: Trailing ATR Exit (1.5x ATR14),1,74,4,TRAILING_STOP,-6.7130053193482615,-4096.262667803384,0
Candidate 4: Trailing ATR Exit (1.5x ATR14),1,75,10,TRAILING_STOP,-5.429141508245933,-3090.459593791812,0
Candidate 4: Trailing ATR Exit (1.5x ATR14),1,76,3,TRAILING_STOP,-5.701111085638559,-3069.0837732575883,0
Candidate 4: Trailing ATR Exit (1.5x ATR14),1,77,6,TRAILING_STOP,-1.009144907558588,-512.2822972458296,0
Candidate 4: Trailing ATR Exit (1.5x ATR14),1,78,10,TIME_LIMIT_10D,9.24711733240187,4646.835081017343,1
Candidate 4: Trailing ATR Exit (1.5x ATR14),1,79,8,TRAILING_STOP,-2.3832610704751964,-1308.3757809503704,0
Candidate 4: Trailing ATR Exit (1.5x ATR14),1,80,4,TRAILING_STOP,3.9496011278395486,2116.598142842222,1
Candidate 4: Trailing ATR Exit (1.5x ATR14),1,81,4,TRAILING_STOP,-5.164834324339783,-2877.1625227812146,0
Candidate 4: Trailing ATR Exit (1.5x ATR14),1,82,3,TRAILING_STOP,-5.774164603876761,-3050.468657244568,0
Candidate 4: Trailing ATR Exit (1.5x ATR14),1,83,6,TRAILING_STOP,-6.124299409131802,-3048.6236763695674,0
Candidate 4: Trailing ATR Exit (1.5x ATR14),1,84,3,TRAILING_STOP,-6.263138440772586,-2926.7970331706815,0
Candidate 4: Trailing ATR Exit (1.5x ATR14),1,85,3,TRAILING_STOP,-6.308968542228138,-2763.5629728393305,0
Candidate 4: Trailing ATR Exit (1.5x ATR14),1,86,1,TRAILING_STOP,-8.050564429497108,-3303.9643570838853,0
Candidate 4: Trailing ATR Exit (1.5x ATR14),1,87,10,TIME_LIMIT_10D,19.224609535167232,7254.635870124922,1
Candidate 4: Trailing ATR Exit (1.5x ATR14),1,88,10,TIME_LIMIT_10D,-8.42630507583333,-3791.064546025245,0
Candidate 4: Trailing ATR Exit (1.5x ATR14),1,89,9,TRAILING_STOP,-3.1569977124627515,-1300.6756357160134,0
Candidate 4: Trailing ATR Exit (1.5x ATR14),1,90,5,TRAILING_STOP,-2.5318266139654364,-1010.1757609499118,0
Candidate 4: Trailing ATR Exit (1.5x ATR14),1,91,2,TRAILING_STOP,-5.769579406309458,-2243.726745343025,0
Candidate 4: Trailing ATR Exit (1.5x ATR14),1,92,1,TRAILING_STOP,-3.802394792246022,-1393.3946732355134,0
Candidate 4: Trailing ATR Exit (1.5x ATR14),1,93,9,TRAILING_STOP,1.3269688837569311,467.7803120503394,1
Candidate 4: Trailing ATR Exit (1.5x ATR14),1,94,10,TRAILING_STOP,11.417340259605687,4078.2251208429266,1
Candidate 4: Trailing ATR Exit (1.5x ATR14),1,95,4,TRAILING_STOP,-4.039421215766259,-1607.6006766976825,0
Candidate 4: Trailing ATR Exit (1.5x ATR14),1,96,4,TRAILING_STOP,-7.623991571057222,-2911.6173888076623,0
Candidate 4: Trailing ATR Exit (1.5x ATR14),1,97,10,TIME_LIMIT_10D,2.545641974299333,898.0663266984859,1
Candidate 4: Trailing ATR Exit (1.5x ATR14),1,98,10,TIME_LIMIT_10D,11.423741870212165,4132.726632099892,1
Candidate 4: Trailing ATR Exit (1.5x ATR14),1,99,2,TRAILING_STOP,-2.8684838558726136,-1156.2678402685565,0
Candidate 4: Trailing ATR Exit (1.5x ATR14),1,100,5,TRAILING_STOP,-7.850030817572358,-3073.5307755378326,0
Candidate 4: Trailing ATR Exit (1.5x ATR14),1,101,9,TRAILING_STOP,-7.242739645861976,-2613.1495959675167,0
Candidate 4: Trailing ATR Exit (1.5x ATR14),1,102,9,TRAILING_STOP,-4.998392676241305,-1672.7832966190956,0
Candidate 4: Trailing ATR Exit (1.5x ATR14),1,103,6,TRAILING_STOP,-5.18471438396617,-1648.4094735257404,0
Candidate 4: Trailing ATR Exit (1.5x ATR14),1,104,3,TRAILING_STOP,-9.401625526201956,-2834.141773806418,0
Candidate 4: Trailing ATR Exit (1.5x ATR14),1,105,10,TIME_LIMIT_10D,15.109338043907423,4126.524860835665,1
Candidate 4: Trailing ATR Exit (1.5x ATR14),1,106,10,TIME_LIMIT_10D,-1.3681773925551735,-430.12233468991013,0
Candidate 4: Trailing ATR Exit (1.5x ATR14),1,107,10,TRAILING_STOP,-3.6234933976583816,-1123.5544322959036,0
Candidate 4: Trailing ATR Exit (1.5x ATR14),1,108,10,TRAILING_STOP,4.085653482473143,1220.954143711066,1
Candidate 4: Trailing ATR Exit (1.5x ATR14),1,109,1,TRAILING_STOP,-5.771025357077752,-1795.071198941111,0
Candidate 4: Trailing ATR Exit (1.5x ATR14),1,110,3,TRAILING_STOP,-6.798528552238306,-1992.6365290897209,0
Candidate 4: Trailing ATR Exit (1.5x ATR14),1,111,4,TRAILING_STOP,-2.165569320255756,-591.5725596236334,0
Candidate 4: Trailing ATR Exit (1.5x ATR14),1,112,3,TRAILING_STOP,-10.866618598787548,-2904.1702822960788,0
Candidate 4: Trailing ATR Exit (1.5x ATR14),1,113,5,TRAILING_STOP,-6.247648673694808,-1488.2799634206083,0
Candidate 4: Trailing ATR Exit (1.5x ATR14),1,114,2,TRAILING_STOP,-16.08008595255492,-3591.1915439567006,0
Candidate 4: Trailing ATR Exit (1.5x ATR14),1,115,4,TRAILING_STOP,-4.17944469499625,-783.3102635642431,0
Candidate 4: Trailing ATR Exit (1.5x ATR14),1,116,6,TRAILING_STOP,-7.0266979901202244,-1261.9007704147202,0
Candidate 4: Trailing ATR Exit (1.5x ATR14),1,117,10,TIME_LIMIT_10D,5.907811796382024,986.4130854347372,1
Candidate 4: Trailing ATR Exit (1.5x ATR14),1,118,10,TIME_LIMIT_10D,-0.3644537165720412,-64.44697710942708,0
Candidate 4: Trailing ATR Exit (1.5x ATR14),1,119,5,TRAILING_STOP,-2.669438239602747,-470.3209797779027,0
Candidate 4: Trailing ATR Exit (1.5x ATR14),1,120,5,TRAILING_STOP,-9.926870094496726,-1702.2997803169121,0
Candidate 4: Trailing ATR Exit (1.5x ATR14),1,121,10,TIME_LIMIT_10D,-1.0340328514476795,-159.7177910626149,0
Candidate 4: Trailing ATR Exit (1.5x ATR14),1,122,6,TRAILING_STOP,-0.4228848438050551,-64.64381102949528,0
Candidate 4: Trailing ATR Exit (1.5x ATR14),1,123,1,TRAILING_STOP,-3.1169113140382723,-474.44821531621426,0
Candidate 4: Trailing ATR Exit (1.5x ATR14),1,124,4,TRAILING_STOP,-4.494816714884131,-662.8638501449997,0
Candidate 4: Trailing ATR Exit (1.5x ATR14),1,125,10,TIME_LIMIT_10D,-2.4237201182553116,-341.3671748700132,0
Candidate 4: Trailing ATR Exit (1.5x ATR14),1,126,10,TIME_LIMIT_10D,1.8215474108259948,250.3364136408662,1
Candidate 4: Trailing ATR Exit (1.5x ATR14),1,127,4,TRAILING_STOP,-6.165180321819869,-862.7183252672713,0
Candidate 4: Trailing ATR Exit (1.5x ATR14),1,128,4,TRAILING_STOP,-3.8353136447196015,-503.6028147888026,0
Candidate 4: Trailing ATR Exit (1.5x ATR14),1,129,1,TRAILING_STOP,-5.644543661365911,-712.740963028828,0
Candidate 4: Trailing ATR Exit (1.5x ATR14),1,130,10,TIME_LIMIT_10D,9.741184561165062,1160.5976155184455,1
Candidate 4: Trailing ATR Exit (1.5x ATR14),1,131,6,TRAILING_STOP,2.8477316318125108,372.339066164888,1
Candidate 4: Trailing ATR Exit (1.5x ATR14),1,132,2,TRAILING_STOP,-4.714039263467137,-633.9097898251098,0
Candidate 4: Trailing ATR Exit (1.5x ATR14),1,133,8,TRAILING_STOP,5.9143926659929695,757.8326901754438,1
Candidate 4: Trailing ATR Exit (1.5x ATR14),1,134,9,TIME_LIMIT_10D,3.496882009019088,474.56875290474306,1
Candidate 5: Model Probability Deterioration,1,1,10,TIME_LIMIT_10D,3.506061576548527,3506.061576548527,1
Candidate 5: Model Probability Deterioration,1,2,10,TIME_LIMIT_10D,8.867857142857142,9178.769674806072,1
Candidate 5: Model Probability Deterioration,1,3,10,TIME_LIMIT_10D,2.2419103171362926,2526.29285767174,1
Candidate 5: Model Probability Deterioration,1,4,6,PROB_DETERIORATION,-3.529523521496194,-4066.4037248082564,0
Candidate 5: Model Probability Deterioration,1,5,10,TIME_LIMIT_10D,0.33183480600194304,368.8168672683721,1
Candidate 5: Model Probability Deterioration,1,6,5,PROB_DETERIORATION,1.1140499034968299,1242.3164541360861,1
Candidate 5: Model Probability Deterioration,1,7,10,TIME_LIMIT_10D,-0.8770418019521827,-988.9159711463589,0
Candidate 5: Model Probability Deterioration,1,8,10,TIME_LIMIT_10D,3.4198830264527684,3822.298532767385,1
Candidate 5: Model Probability Deterioration,1,9,10,TIME_LIMIT_10D,9.669315180360716,11176.687569251595,1
Candidate 5: Model Probability Deterioration,1,10,10,TIME_LIMIT_10D,1.9419451909863092,2461.724761752185,1
Candidate 5: Model Probability Deterioration,1,11,4,PROB_DETERIORATION,-7.075203684285945,-9143.119354739289,0
Candidate 5: Model Probability Deterioration,1,12,10,TIME_LIMIT_10D,9.955817008647067,11955.395987178934,1
Candidate 5: Model Probability Deterioration,1,13,10,TIME_LIMIT_10D,-0.9666508416177764,-1276.365048513918,0
Candidate 5: Model Probability Deterioration,1,14,1,PROB_DETERIORATION,0.6030509796221826,788.5709306674369,1
Candidate 5: Model Probability Deterioration,1,15,10,TIME_LIMIT_10D,-11.675473448000744,-15359.334138358816,0
Candidate 5: Model Probability Deterioration,1,16,10,PROB_DETERIORATION,-16.867106744663673,-19598.363095296165,0
Candidate 5: Model Probability Deterioration,1,17,1,PROB_DETERIORATION,8.56174133149344,8270.165569356326,1
Candidate 5: Model Probability Deterioration,1,18,7,PROB_DETERIORATION,1.7107453133248531,1793.9662204028086,1
Candidate 5: Model Probability Deterioration,1,19,10,TIME_LIMIT_10D,11.174483452343384,11918.543771183018,1
Candidate 5: Model Probability Deterioration,1,20,10,TIME_LIMIT_10D,1.6301230672140448,1932.9528134191632,1
Candidate 5: Model Probability Deterioration,1,21,8,PROB_DETERIORATION,0.4206150783731652,506.8834927953061,1
Candidate 5: Model Probability Deterioration,1,22,10,TIME_LIMIT_10D,0.7684214402161978,929.9201574096967,1
Candidate 5: Model Probability Deterioration,1,23,4,PROB_DETERIORATION,1.2794891878336763,1560.296964140536,1
Candidate 5: Model Probability Deterioration,1,24,2,PROB_DETERIORATION,0.5548349066976014,685.2608518629249,1
Candidate 5: Model Probability Deterioration,1,25,2,PROB_DETERIORATION,4.7721484509156555,5926.646824696907,1
Candidate 5: Model Probability Deterioration,1,26,1,PROB_DETERIORATION,1.293973103970474,1683.7057759815784,1
Candidate 5: Model Probability Deterioration,1,27,4,PROB_DETERIORATION,1.2820444954296966,1689.770238639636,1
Candidate 5: Model Probability Deterioration,1,28,9,PROB_DETERIORATION,0.10120611530513363,135.10262059433498,1
Candidate 5: Model Probability Deterioration,1,29,10,TIME_LIMIT_10D,-3.6489942399364406,-4876.06522152855,0
Candidate 5: Model Probability Deterioration,1,30,7,PROB_DETERIORATION,3.57971794142501,4608.943550818393,1
Candidate 5: Model Probability Deterioration,1,31,1,PROB_DETERIORATION,1.9706981431914885,2628.133439369401,1
Candidate 5: Model Probability Deterioration,1,32,5,PROB_DETERIORATION,2.820945893676662,3836.166546887709,1
Candidate 5: Model Probability Deterioration,1,33,10,TIME_LIMIT_10D,-4.897182049419719,-6847.476352727742,0
Candidate 5: Model Probability Deterioration,1,34,5,PROB_DETERIORATION,7.373064112604245,9804.505354978437,1
Candidate 5: Model Probability Deterioration,1,35,3,PROB_DETERIORATION,-2.2830859548971945,-3259.8325118350995,0
Candidate 5: Model Probability Deterioration,1,36,10,TIME_LIMIT_10D,-2.518086052519276,-3513.284626174755,0
Candidate 5: Model Probability Deterioration,1,37,3,PROB_DETERIORATION,0.3909736752152256,531.7583668875604,1
Candidate 5: Model Probability Deterioration,1,38,3,PROB_DETERIORATION,-0.9463493371358399,-1292.1500951552248,0
Candidate 5: Model Probability Deterioration,1,39,8,PROB_DETERIORATION,1.6143156548802753,2183.335248777162,1
Candidate 5: Model Probability Deterioration,1,40,3,PROB_DETERIORATION,-2.5429283739305792,-3494.7892587249257,0
Candidate 5: Model Probability Deterioration,1,41,10,TIME_LIMIT_10D,2.305434151323749,3087.82688676623,1
Candidate 5: Model Probability Deterioration,1,42,8,PROB_DETERIORATION,0.7636731717242692,1046.4210291498073,1
Candidate 5: Model Probability Deterioration,1,43,10,PROB_DETERIORATION,3.6568282454790157,5049.024502586037,1
Candidate 5: Model Probability Deterioration,1,44,10,TIME_LIMIT_10D,1.946052006356463,2785.192862717105,1
Candidate 5: Model Probability Deterioration,1,45,10,TIME_LIMIT_10D,-2.9135851145762532,-4251.076818351114,0
Candidate 5: Model Probability Deterioration,1,46,10,TIME_LIMIT_10D,-2.437910515127719,-3453.4046380571554,0
Candidate 5: Model Probability Deterioration,1,47,4,PROB_DETERIORATION,0.8923019818112098,1233.169168331595,1
Candidate 5: Model Probability Deterioration,1,48,10,TIME_LIMIT_10D,-7.919574857283126,-11042.583698165085,0
Candidate 5: Model Probability Deterioration,1,49,10,TIME_LIMIT_10D,4.425782811459028,5682.327297126751,1
Candidate 5: Model Probability Deterioration,1,50,1,PROB_DETERIORATION,0.4433290324749044,594.3880369552526,1
Candidate 5: Model Probability Deterioration,1,51,10,TIME_LIMIT_10D,-0.16087328349583696,-216.64512017528358,0
Candidate 5: Model Probability Deterioration,1,52,10,TIME_LIMIT_10D,0.2828274322048332,380.26581871196123,1
Candidate 5: Model Probability Deterioration,1,53,10,TIME_LIMIT_10D,-12.641667038229528,-17044.987084766944,0
Candidate 5: Model Probability Deterioration,1,54,5,PROB_DETERIORATION,3.676354270105177,4330.260487585464,1
Candidate 5: Model Probability Deterioration,1,55,10,TIME_LIMIT_10D,-1.5516970574285969,-1894.8870182985784,0
Candidate 5: Model Probability Deterioration,1,56,10,TIME_LIMIT_10D,2.97220117584448,3573.2452061039435,1
Candidate 5: Model Probability Deterioration,1,57,10,TIME_LIMIT_10D,-0.005976470588235306,-7.398597495770105,0
Candidate 5: Model Probability Deterioration,1,58,3,PROB_DETERIORATION,2.8307711538037723,3504.1559000745274,1
Candidate 5: Model Probability Deterioration,1,59,10,TIME_LIMIT_10D,-9.060198424409327,-11532.92479726057,0
Candidate 5: Model Probability Deterioration,1,60,10,TIME_LIMIT_10D,-4.020611298970489,-4654.230009583328,0
Candidate 5: Model Probability Deterioration,1,61,10,TIME_LIMIT_10D,2.8779923774673777,3197.5943817355246,1
Candidate 5: Model Probability Deterioration,1,62,10,TIME_LIMIT_10D,2.6832258303768985,3066.997623650547,1
Candidate 5: Model Probability Deterioration,1,63,10,TIME_LIMIT_10D,1.2586960839999544,1477.3268741912239,1
Candidate 5: Model Probability Deterioration,1,64,10,TIME_LIMIT_10D,-10.951594849050931,-13015.63666415224,0
Candidate 5: Model Probability Deterioration,1,65,5,PROB_DETERIORATION,-14.95215425531915,-15824.061506705813,0
Candidate 5: Model Probability Deterioration,1,66,10,TIME_LIMIT_10D,19.224609535167232,17303.54308559471,1
Candidate 5: Model Probability Deterioration,1,67,4,PROB_DETERIORATION,-5.220262061657108,-5601.904814952795,0
Candidate 5: Model Probability Deterioration,1,68,7,PROB_DETERIORATION,5.6769037864596195,5773.915941940465,1
Candidate 5: Model Probability Deterioration,1,69,10,TIME_LIMIT_10D,-7.521360759697426,-8084.16974106088,0
Candidate 5: Model Probability Deterioration,1,70,9,PROB_DETERIORATION,5.0349036594149785,5004.62567291763,1
Candidate 5: Model Probability Deterioration,1,71,8,PROB_DETERIORATION,2.8287016240695673,2953.256821191488,1
Candidate 5: Model Probability Deterioration,1,72,10,TIME_LIMIT_10D,-1.7519192151314804,-1880.7995150071238,0
Candidate 5: Model Probability Deterioration,1,73,4,PROB_DETERIORATION,2.3043820309868988,2430.563566260768,1
Candidate 5: Model Probability Deterioration,1,74,9,PROB_DETERIORATION,5.339725775206127,5761.89970043968,1
Candidate 5: Model Probability Deterioration,1,75,10,TIME_LIMIT_10D,5.4187229641684125,6159.364014354425,1
Candidate 5: Model Probability Deterioration,1,76,10,TIME_LIMIT_10D,-12.554457560377024,-15043.698719008482,0
Candidate 5: Model Probability Deterioration,1,77,10,TIME_LIMIT_10D,-4.943434124101868,-5179.920585414614,0
Candidate 5: Model Probability Deterioration,1,78,3,PROB_DETERIORATION,1.1696707105719237,1165.0379860939745,1
Candidate 5: Model Probability Deterioration,1,79,10,TIME_LIMIT_10D,-17.01404727776936,-17144.879713456696,0
Candidate 5: Model Probability Deterioration,1,80,5,PROB_DETERIORATION,18.072993631587725,15113.375998192556,1
Candidate 5: Model Probability Deterioration,1,81,4,PROB_DETERIORATION,4.431010521805534,4375.067394078884,1
Candidate 5: Model Probability Deterioration,1,82,10,TIME_LIMIT_10D,-1.3681773925551737,-1410.7623357907048,0
Candidate 5: Model Probability Deterioration,1,83,6,PROB_DETERIORATION,-1.2216573635273265,-1242.4471437212778,0
Candidate 5: Model Probability Deterioration,1,84,10,TIME_LIMIT_10D,5.58973049569841,5615.4053216396505,1
Candidate 5: Model Probability Deterioration,1,85,10,TIME_LIMIT_10D,-16.711492811395225,-17726.670323535516,0
Candidate 5: Model Probability Deterioration,1,86,5,PROB_DETERIORATION,-7.776092148356232,-6870.026273420865,0
Candidate 5: Model Probability Deterioration,1,87,6,PROB_DETERIORATION,-14.80802000590226,-12065.282994846495,0
Candidate 5: Model Probability Deterioration,1,88,7,PROB_DETERIORATION,-7.75220574583116,-5381.0189679713885,0
Candidate 5: Model Probability Deterioration,1,89,10,TIME_LIMIT_10D,-0.2551481142500532,-163.37574681589945,0
Candidate 5: Model Probability Deterioration,1,90,10,TIME_LIMIT_10D,-7.860556546342878,-5020.40795338838,0
Candidate 5: Model Probability Deterioration,1,91,3,PROB_DETERIORATION,11.822594124930244,6957.353619431566,1
Candidate 5: Model Probability Deterioration,1,92,10,TIME_LIMIT_10D,-15.116434392646399,-9947.414704748142,0
Candidate 5: Model Probability Deterioration,1,93,10,TIME_LIMIT_10D,-0.40219300644201966,-224.65650031150977,0
Candidate 5: Model Probability Deterioration,1,94,1,PROB_DETERIORATION,4.164405558247866,2316.793190449408,1
Candidate 5: Model Probability Deterioration,1,95,10,TIME_LIMIT_10D,0.3911824713592246,226.69032047932745,1
Candidate 5: Model Probability Deterioration,1,96,7,PROB_DETERIORATION,2.543384922616076,1479.657679351319,1
Candidate 5: Model Probability Deterioration,1,97,10,TIME_LIMIT_10D,-0.17810670403061687,-106.25199082992528,0
Candidate 5: Model Probability Deterioration,1,98,10,TIME_LIMIT_10D,-10.134948136236863,-6035.373374917083,0
Candidate 5: Model Probability Deterioration,1,99,10,TIME_LIMIT_10D,9.741184561165063,5212.969849663789,1
Candidate 5: Model Probability Deterioration,1,100,10,TIME_LIMIT_10D,7.681976951872968,4511.449339134297,1
Candidate 5: Model Probability Deterioration,1,101,10,TIME_LIMIT_10D,1.046694214876033,661.9206485774453,1
Candidate 5: Model Probability Deterioration,1,102,5,TIME_LIMIT_10D,8.561325465274624,5470.779648188448,1
Candidate 6: Expected Return Decay Exit,1,1,10,TIME_LIMIT_10D,3.506061576548527,3506.061576548527,1
Candidate 6: Expected Return Decay Exit,1,2,10,TIME_LIMIT_10D,8.867857142857142,9178.769674806072,1
Candidate 6: Expected Return Decay Exit,1,3,10,TIME_LIMIT_10D,2.2419103171362926,2526.29285767174,1
Candidate 6: Expected Return Decay Exit,1,4,10,TIME_LIMIT_10D,-6.650095539108915,-7661.6498249315955,0
Candidate 6: Expected Return Decay Exit,1,5,10,TIME_LIMIT_10D,0.9634215231940824,1036.1547833350535,1
Candidate 6: Expected Return Decay Exit,1,6,10,TIME_LIMIT_10D,-0.8202009058917569,-890.620313279322,0
Candidate 6: Expected Return Decay Exit,1,7,10,TIME_LIMIT_10D,4.864876908052885,5239.229612006199,1
Candidate 6: Expected Return Decay Exit,1,8,10,TIME_LIMIT_10D,11.744441720257061,13263.49580712946,1
Candidate 6: Expected Return Decay Exit,1,9,10,TIME_LIMIT_10D,2.138849567917158,2699.179692086574,1
Candidate 6: Expected Return Decay Exit,1,10,8,RETURN_DECAY,2.908122472799251,3748.480118863597,1
Candidate 6: Expected Return Decay Exit,1,11,6,RETURN_DECAY,-3.4377892328334942,-4560.069072239643,0
Candidate 6: Expected Return Decay Exit,1,12,1,RETURN_DECAY,0.08001297526560928,102.48487934071116,1
Candidate 6: Expected Return Decay Exit,1,13,10,TIME_LIMIT_10D,2.482392831836673,3182.125001548587,1
Candidate 6: Expected Return Decay Exit,1,14,10,TIME_LIMIT_10D,-6.595984618416842,-8665.140692162993,0
Candidate 6: Expected Return Decay Exit,1,15,10,TIME_LIMIT_10D,-10.548399705910457,-12943.392140058695,0
Candidate 6: Expected Return Decay Exit,1,16,10,TIME_LIMIT_10D,1.3167554714366387,1445.2892658426088,1
Candidate 6: Expected Return Decay Exit,1,17,10,TIME_LIMIT_10D,2.9555990643527896,3286.8239253883335,1
Candidate 6: Expected Return Decay Exit,1,18,10,TIME_LIMIT_10D,1.0930639432646638,1251.4873315016312,1
Candidate 6: Expected Return Decay Exit,1,19,10,TIME_LIMIT_10D,7.221413292069561,8358.424994242263,1
Candidate 6: Expected Return Decay Exit,1,20,7,RETURN_DECAY,2.390788539739578,2967.0505215594144,1
Candidate 6: Expected Return Decay Exit,1,21,3,RETURN_DECAY,-0.3979967448335612,-505.7363660812566,0
Candidate 6: Expected Return Decay Exit,1,22,1,RETURN_DECAY,0.5286945900358611,669.140941907156,1
Candidate 6: Expected Return Decay Exit,1,23,1,RETURN_DECAY,-1.3597650678426332,-1730.081889715097,0
Candidate 6: Expected Return Decay Exit,1,24,1,RETURN_DECAY,0.31178894264896845,391.3069731409948,1
Candidate 6: Expected Return Decay Exit,1,25,1,RETURN_DECAY,0.5869100013342045,738.8909780379089,1
Candidate 6: Expected Return Decay Exit,1,26,1,RETURN_DECAY,0.816420367315813,1033.8657568147187,1
Candidate 6: Expected Return Decay Exit,1,27,1,RETURN_DECAY,-0.7356618483351846,-939.2037709258294,0
Candidate 6: Expected Return Decay Exit,1,28,1,RETURN_DECAY,1.6895546049185326,2141.1499212969516,1
Candidate 6: Expected Return Decay Exit,1,29,2,RETURN_DECAY,4.7721484509156555,6149.858667557881,1
Candidate 6: Expected Return Decay Exit,1,30,1,RETURN_DECAY,1.2939731039704743,1747.1182046632446,1
Candidate 6: Expected Return Decay Exit,1,31,1,RETURN_DECAY,2.125814293857555,2907.407916136875,1
Candidate 6: Expected Return Decay Exit,1,32,1,RETURN_DECAY,1.721506787602293,2404.5007531698166,1
Candidate 6: Expected Return Decay Exit,1,33,1,RETURN_DECAY,-2.227061974346327,-3164.180614160615,0
Candidate 6: Expected Return Decay Exit,1,34,3,RETURN_DECAY,-3.335527209585375,-4633.531461600267,0
Candidate 6: Expected Return Decay Exit,1,35,1,RETURN_DECAY,1.1495063100360856,1543.5683843670713,1
Candidate 6: Expected Return Decay Exit,1,36,1,RETURN_DECAY,-0.6545824261241092,-889.0836503316006,0
Candidate 6: Expected Return Decay Exit,1,37,2,RETURN_DECAY,1.6383511962356372,2210.716866304911,1
Candidate 6: Expected Return Decay Exit,1,38,1,RETURN_DECAY,3.1839100346020763,4366.611165703818,1
Candidate 6: Expected Return Decay Exit,1,39,4,RETURN_DECAY,-2.538237288135593,-3591.9305752389087,0
Candidate 6: Expected Return Decay Exit,1,40,1,RETURN_DECAY,-0.525793431582262,-725.1788552622552,0
Candidate 6: Expected Return Decay Exit,1,41,1,RETURN_DECAY,0.3369097951924529,462.22570924686374,1
Candidate 6: Expected Return Decay Exit,1,42,1,RETURN_DECAY,0.6173067285981112,849.7715597315049,1
Candidate 6: Expected Return Decay Exit,1,43,10,RETURN_DECAY,1.65980818869369,2298.961891192578,1
Candidate 6: Expected Return Decay Exit,1,44,1,RETURN_DECAY,1.9706981431914885,2774.8739681672914,1
Candidate 6: Expected Return Decay Exit,1,45,1,RETURN_DECAY,2.838109017678627,4075.000080273443,1
Candidate 6: Expected Return Decay Exit,1,46,3,RETURN_DECAY,0.6769580182189445,999.5726553106697,1
Candidate 6: Expected Return Decay Exit,1,47,2,RETURN_DECAY,-1.8440548193087567,-2741.299851014955,0
Candidate 6: Expected Return Decay Exit,1,48,1,RETURN_DECAY,-4.60781911643331,-6723.489742049082,0
Candidate 6: Expected Return Decay Exit,1,49,1,RETURN_DECAY,-0.06879735739834338,-95.75993861600429,0
Candidate 6: Expected Return Decay Exit,1,50,1,RETURN_DECAY,2.4624526587499482,3425.161913482555,1
Candidate 6: Expected Return Decay Exit,1,51,3,RETURN_DECAY,-2.8080246977228764,-4002.0166123560134,0
Candidate 6: Expected Return Decay Exit,1,52,4,RETURN_DECAY,5.851960132890365,8106.058455615612,1
Candidate 6: Expected Return Decay Exit,1,53,1,RETURN_DECAY,1.2281040459572272,1800.704455611133,1
Candidate 6: Expected Return Decay Exit,1,54,3,RETURN_DECAY,5.526021010517345,8202.021656373485,1
Candidate 6: Expected Return Decay Exit,1,55,1,RETURN_DECAY,-1.618665971552108,-2535.2756163901227,0
Candidate 6: Expected Return Decay Exit,1,56,1,RETURN_DECAY,0.912009576797416,1405.3356022152439,1
Candidate 6: Expected Return Decay Exit,1,57,7,RETURN_DECAY,-0.7526225019998567,-1170.3094274149353,0
Candidate 6: Expected Return Decay Exit,1,58,1,RETURN_DECAY,-1.44419794572578,-2228.7906002108352,0
Candidate 6: Expected Return Decay Exit,1,59,1,RETURN_DECAY,-1.6280389605356624,-2476.221755812029,0
Candidate 6: Expected Return Decay Exit,1,60,2,RETURN_DECAY,1.6667560199557594,2493.837221506417,1
Candidate 6: Expected Return Decay Exit,1,61,7,RETURN_DECAY,-3.756468712829801,-5714.191786745155,0
Candidate 6: Expected Return Decay Exit,1,62,1,RETURN_DECAY,0.5259179070587896,769.9535831925665,1
Candidate 6: Expected Return Decay Exit,1,63,1,RETURN_DECAY,2.396014277215943,3526.2575979976405,1
Candidate 6: Expected Return Decay Exit,1,64,1,RETURN_DECAY,1.2567420220001453,1893.885951476563,1
Candidate 6: Expected Return Decay Exit,1,65,1,RETURN_DECAY,-0.881779631872932,-1345.5247730332956,0
Candidate 6: Expected Return Decay Exit,1,66,1,RETURN_DECAY,-1.3069079742706922,-1976.6516484937092,0
Candidate 6: Expected Return Decay Exit,1,67,1,RETURN_DECAY,0.713149773530257,1064.5170830019003,1
Candidate 6: Expected Return Decay Exit,1,68,1,RETURN_DECAY,-1.4082842100080863,-2117.1341383914973,0
Candidate 6: Expected Return Decay Exit,1,69,1,RETURN_DECAY,-1.8049997385088894,-2675.3193655665755,0
Candidate 6: Expected Return Decay Exit,1,70,10,TIME_LIMIT_10D,1.586766715086321,2309.4094970217893,1
Candidate 6: Expected Return Decay Exit,1,71,6,RETURN_DECAY,7.267681298875149,10745.357716921966,1
Candidate 6: Expected Return Decay Exit,1,72,1,RETURN_DECAY,-1.2385017461098724,-1964.221767862373,0
Candidate 6: Expected Return Decay Exit,1,73,1,RETURN_DECAY,-2.1822175614857446,-3418.059454328719,0
Candidate 6: Expected Return Decay Exit,1,74,2,RETURN_DECAY,-1.1296111508597857,-1730.7261277598955,0
Candidate 6: Expected Return Decay Exit,1,75,10,RETURN_DECAY,3.656828245479015,5539.495120970409,1
Candidate 6: Expected Return Decay Exit,1,76,4,RETURN_DECAY,-1.9138175863445646,-3005.135634640747,0
Candidate 6: Expected Return Decay Exit,1,77,1,RETURN_DECAY,-0.3854635318359999,-593.6830714524648,0
Candidate 6: Expected Return Decay Exit,1,78,3,RETURN_DECAY,3.5521370026023207,5449.840541009665,1
Candidate 6: Expected Return Decay Exit,1,79,1,RETURN_DECAY,1.8096170000555394,2875.013053321459,1
Candidate 6: Expected Return Decay Exit,1,80,1,RETURN_DECAY,-1.4279145163387081,-2309.639326548242,0
Candidate 6: Expected Return Decay Exit,1,81,1,RETURN_DECAY,-0.5983600823852322,-954.0222758050974,0
Candidate 6: Expected Return Decay Exit,1,82,10,TIME_LIMIT_10D,-2.931638940982372,-4646.221746817839,0
Candidate 6: Expected Return Decay Exit,1,83,3,RETURN_DECAY,-0.15682957421451302,-241.26543760899813,0
Candidate 6: Expected Return Decay Exit,1,84,10,RETURN_DECAY,-0.9000427660471926,-1382.4475308230637,0
Candidate 6: Expected Return Decay Exit,1,85,3,RETURN_DECAY,-1.4741455902517253,-2243.878597306351,0
Candidate 6: Expected Return Decay Exit,1,86,1,RETURN_DECAY,-1.7711530093110088,-2656.227506001439,0
Candidate 6: Expected Return Decay Exit,1,87,2,RETURN_DECAY,-2.1580567280642673,-3179.1505254051117,0
Candidate 6: Expected Return Decay Exit,1,88,10,TIME_LIMIT_10D,-2.890312447383486,-4165.988795795434,0
Candidate 6: Expected Return Decay Exit,1,89,10,TIME_LIMIT_10D,2.3939584071057998,3350.8305154342656,1
Candidate 6: Expected Return Decay Exit,1,90,3,RETURN_DECAY,1.6417152835516708,2352.924733564354,1
Candidate 6: Expected Return Decay Exit,1,91,1,RETURN_DECAY,1.1785846176460788,1716.8918845447083,1
Candidate 6: Expected Return Decay Exit,1,92,3,RETURN_DECAY,-0.25518079567768887,-376.1133651246185,0
Candidate 6: Expected Return Decay Exit,1,93,10,RETURN_DECAY,-3.7461714977568774,-5507.427410669206,0
Candidate 6: Expected Return Decay Exit,1,94,1,RETURN_DECAY,-0.20463046799268753,-289.5672466015603,0
Candidate 6: Expected Return Decay Exit,1,95,10,TIME_LIMIT_10D,-10.399868938401049,-14686.469104070044,0
Candidate 6: Expected Return Decay Exit,1,96,10,TIME_LIMIT_10D,1.9194106186069166,2428.656352249926,1
Candidate 6: Expected Return Decay Exit,1,97,10,TIME_LIMIT_10D,-3.9157078061589883,-5049.69741191458,0
Candidate 6: Expected Return Decay Exit,1,98,10,TIME_LIMIT_10D,8.598163437150967,10654.01170457713,1
Candidate 6: Expected Return Decay Exit,1,99,5,RETURN_DECAY,-2.522336911624858,-3394.165771937075,0
Candidate 6: Expected Return Decay Exit,1,100,1,RETURN_DECAY,2.3591563300893603,3094.5092386230103,1
Candidate 6: Expected Return Decay Exit,1,101,10,TIME_LIMIT_10D,-9.060198424409327,-12164.645853194199,0
Candidate 6: Expected Return Decay Exit,1,102,10,TIME_LIMIT_10D,-4.020611298970489,-4909.167516581582,0
Candidate 6: Expected Return Decay Exit,1,103,10,TIME_LIMIT_10D,2.877992377467378,3372.744028055703,1
Candidate 6: Expected Return Decay Exit,1,104,10,TIME_LIMIT_10D,2.6832258303768985,3234.993774793288,1
Candidate 6: Expected Return Decay Exit,1,105,2,RETURN_DECAY,-3.508736944231914,-4343.767149945143,0
Candidate 6: Expected Return Decay Exit,1,106,10,TIME_LIMIT_10D,0.5113855374926158,610.8747296018452,1
Candidate 6: Expected Return Decay Exit,1,107,10,TIME_LIMIT_10D,-8.829699488253668,-10601.44100492041,0
Candidate 6: Expected Return Decay Exit,1,108,10,TIME_LIMIT_10D,-5.399779077476811,-5910.828464250838,0
Candidate 6: Expected Return Decay Exit,1,109,10,TIME_LIMIT_10D,-0.0942846574906116,-97.63500270373177,0
Candidate 6: Expected Return Decay Exit,1,110,10,TIME_LIMIT_10D,0.7117345712475793,736.3307035564093,1
Candidate 6: Expected Return Decay Exit,1,111,10,TIME_LIMIT_10D,-8.837994851401675,-9208.495258849967,0
Candidate 6: Expected Return Decay Exit,1,112,10,TIME_LIMIT_10D,3.4418922516290085,3269.2344321891787,1
Candidate 6: Expected Return Decay Exit,1,113,10,TIME_LIMIT_10D,16.649024192757146,16358.144286310566,1
Candidate 6: Expected Return Decay Exit,1,114,10,TIME_LIMIT_10D,-2.993494565616716,-3430.8745184087393,0
Candidate 6: Expected Return Decay Exit,1,115,10,TIME_LIMIT_10D,3.848364270747103,4278.616818896827,1
Candidate 6: Expected Return Decay Exit,1,116,10,TIME_LIMIT_10D,0.18512184292143044,213.7393801195231,1
Candidate 6: Expected Return Decay Exit,1,117,10,TIME_LIMIT_10D,-7.517486366426339,-8695.664199777737,0
Candidate 6: Expected Return Decay Exit,1,118,10,TIME_LIMIT_10D,-5.869364988429924,-6278.860776429933,0
Candidate 6: Expected Return Decay Exit,1,119,10,TIME_LIMIT_10D,-10.617325250596535,-10691.431221957699,0
Candidate 6: Expected Return Decay Exit,1,120,7,RETURN_DECAY,11.960599744651503,10765.322102197819,1
Candidate 6: Expected Return Decay Exit,1,121,10,TIME_LIMIT_10D,6.223492439983363,6271.529276166792,1
Candidate 6: Expected Return Decay Exit,1,122,10,TIME_LIMIT_10D,-4.121283950560771,-4411.562146497813,0
Candidate 6: Expected Return Decay Exit,1,123,10,TIME_LIMIT_10D,5.589730495698409,5736.842707708414,1
Candidate 6: Expected Return Decay Exit,1,124,1,RETURN_DECAY,-1.7056965323236843,-1848.4406949128027,0
Candidate 6: Expected Return Decay Exit,1,125,10,TIME_LIMIT_10D,-16.28429693656461,-17346.070901510644,0
Candidate 6: Expected Return Decay Exit,1,126,10,TIME_LIMIT_10D,-26.47427294292346,-23608.210844604135,0
Candidate 6: Expected Return Decay Exit,1,127,10,TIME_LIMIT_10D,-5.0397927421428586,-3304.3880099845137,0
Candidate 6: Expected Return Decay Exit,1,128,10,TIME_LIMIT_10D,5.907811796382023,3678.2959279677434,1
Candidate 6: Expected Return Decay Exit,1,129,10,TIME_LIMIT_10D,-0.3644537165720411,-240.3202643717564,0
Candidate 6: Expected Return Decay Exit,1,130,10,TIME_LIMIT_10D,-8.840899293325268,-5808.429996215999,0
Candidate 6: Expected Return Decay Exit,1,131,10,TIME_LIMIT_10D,-1.0340328514476795,-619.2937324932756,0
Candidate 6: Expected Return Decay Exit,1,132,10,TIME_LIMIT_10D,12.92178606946769,7658.977047602899,1
Candidate 6: Expected Return Decay Exit,1,133,10,TIME_LIMIT_10D,-4.724744712919601,-3162.309027070485,0
Candidate 6: Expected Return Decay Exit,1,134,10,TIME_LIMIT_10D,-0.17810670403061685,-113.57594213022972,0
Candidate 6: Expected Return Decay Exit,1,135,10,TIME_LIMIT_10D,-10.134948136236865,-6451.39175096616,0
Candidate 6: Expected Return Decay Exit,1,136,10,TIME_LIMIT_10D,9.741184561165063,5572.299938546604,1
Candidate 6: Expected Return Decay Exit,1,137,10,TIME_LIMIT_10D,7.681976951872967,4822.423608844679,1
Candidate 6: Expected Return Decay Exit,1,138,10,TIME_LIMIT_10D,1.0466942148760328,707.5468486794933,1
Candidate 6: Expected Return Decay Exit,1,139,5,TIME_LIMIT_10D,8.561325465274624,5847.880570298833,1
Candidate 7: Combined Adaptive Exit,1,1,4,PROFIT_TARGET,2.8969999999999985,2896.9999999999986,1
Candidate 7: Combined Adaptive Exit,1,2,7,PROFIT_TARGET,2.896999999999998,2980.9260899999977,1
Candidate 7: Combined Adaptive Exit,1,3,2,PROFIT_TARGET,2.8969999999999994,3067.283518827299,1
Candidate 7: Combined Adaptive Exit,1,4,6,PROFIT_TARGET,2.896999999999999,3156.1427223677256,1
Candidate 7: Combined Adaptive Exit,1,5,4,STOP_LOSS,-3.8513325994254224,-4317.395926728064,0
Candidate 7: Combined Adaptive Exit,1,6,7,PROFIT_TARGET,2.897000000000002,3122.5012170374102,1
Candidate 7: Combined Adaptive Exit,1,7,5,STOP_LOSS,-3.5333925769548435,-3918.760540961805,0
Candidate 7: Combined Adaptive Exit,1,8,1,STOP_LOSS,-3.459610012330589,-3701.357080160372,0
Candidate 7: Combined Adaptive Exit,1,9,10,TIME_LIMIT_10D,0.33183480600194304,342.74002596677553,1
Candidate 7: Combined Adaptive Exit,1,10,10,TIME_LIMIT_10D,-2.5292980445718154,-2621.088294714206,0
Candidate 7: Combined Adaptive Exit,1,11,5,PROFIT_TARGET,2.8970000000000025,2926.2015204654613,1
Candidate 7: Combined Adaptive Exit,1,12,6,PROFIT_TARGET,2.8970000000000016,3010.973578513345,1
Candidate 7: Combined Adaptive Exit,1,13,6,STOP_LOSS,-2.943009200638946,-3147.406099463627,0
Candidate 7: Combined Adaptive Exit,1,14,2,PROFIT_TARGET,2.896999999999999,3007.0211283814124,1
Candidate 7: Combined Adaptive Exit,1,15,4,PROFIT_TARGET,2.897000000000003,3094.134530470626,1
Candidate 7: Combined Adaptive Exit,1,16,8,PROFIT_TARGET,2.8970000000000002,3183.771607818357,1
Candidate 7: Combined Adaptive Exit,1,17,5,STOP_LOSS,-3.941124039811715,-4456.729001547374,0
Candidate 7: Combined Adaptive Exit,1,18,2,STOP_LOSS,-4.086799776700137,-4439.325449698065,0
Candidate 7: Combined Adaptive Exit,1,19,2,PROFIT_TARGET,2.8969999999999994,3018.2867738442737,1
Candidate 7: Combined Adaptive Exit,1,20,1,PROFIT_TARGET,2.8970000000000073,3105.7265416825508,1
Candidate 7: Combined Adaptive Exit,1,21,5,STOP_LOSS,-5.532054255392003,-6102.4448338853435,0
Candidate 7: Combined Adaptive Exit,1,22,2,PROFIT_TARGET,2.8969999999999985,3018.9116127574266,1
Candidate 7: Combined Adaptive Exit,1,23,2,PROFIT_TARGET,2.8970000000000042,3106.3694821790154,1
Candidate 7: Combined Adaptive Exit,1,24,4,PROFIT_TARGET,2.897000000000005,3196.3610060777423,1
Candidate 7: Combined Adaptive Exit,1,25,8,STOP_LOSS,-5.392686896665463,-6122.309028161741,0
Candidate 7: Combined Adaptive Exit,1,26,2,STOP_LOSS,-5.081873503175893,-5458.315066715562,0
Candidate 7: Combined Adaptive Exit,1,27,1,PROFIT_TARGET,2.896999999999998,2953.468904395212,1
Candidate 7: Combined Adaptive Exit,1,28,2,PROFIT_TARGET,2.8969999999999962,3039.0308985555394,1
Candidate 7: Combined Adaptive Exit,1,29,4,STOP_LOSS,-7.494347020318937,-8089.527064308008,0
Candidate 7: Combined Adaptive Exit,1,30,6,STOP_LOSS,-8.37781247441341,-8365.429462111384,0
Candidate 7: Combined Adaptive Exit,1,31,2,PROFIT_TARGET,2.897000000000001,2650.3715331163285,1
Candidate 7: Combined Adaptive Exit,1,32,2,STOP_LOSS,-8.65235458906125,-8145.078706685694,0
Candidate 7: Combined Adaptive Exit,1,33,1,PROFIT_TARGET,2.8970000000000042,2491.189866298027,1
Candidate 7: Combined Adaptive Exit,1,34,5,PROFIT_TARGET,2.897000000000003,2563.359636724679,1
Candidate 7: Combined Adaptive Exit,1,35,2,PROFIT_TARGET,2.8970000000000065,2637.6201654005968,1
Candidate 7: Combined Adaptive Exit,1,36,2,PROFIT_TARGET,2.8969999999999976,2714.032021592244,1
Candidate 7: Combined Adaptive Exit,1,37,1,PROFIT_TARGET,2.897000000000001,2792.6575292577745,1
Candidate 7: Combined Adaptive Exit,1,38,2,PROFIT_TARGET,2.897000000000004,2873.560817880375,1
Candidate 7: Combined Adaptive Exit,1,39,5,PROFIT_TARGET,2.8970000000000073,2956.807874774373,1
Candidate 7: Combined Adaptive Exit,1,40,3,PROFIT_TARGET,2.8970000000000042,3042.466598906584,1
Candidate 7: Combined Adaptive Exit,1,41,1,PROFIT_TARGET,2.8970000000000042,3130.606856276908,1
Candidate 7: Combined Adaptive Exit,1,42,1,PROFIT_TARGET,2.897000000000006,3221.3005369032517,1
Candidate 7: Combined Adaptive Exit,1,43,4,PROFIT_TARGET,2.897000000000004,3314.6216134573365,1
Candidate 7: Combined Adaptive Exit,1,44,2,PROFIT_TARGET,2.897,3410.646201599191,1
Candidate 7: Combined Adaptive Exit,1,45,1,PROFIT_TARGET,2.897,3509.4526220595194,1
Candidate 7: Combined Adaptive Exit,1,46,1,STOP_LOSS,-6.601605727617035,-8228.926525129411,0
Candidate 7: Combined Adaptive Exit,1,47,3,PROFIT_TARGET,2.8970000000000034,3372.7294630875886,1
Candidate 7: Combined Adaptive Exit,1,48,7,PROFIT_TARGET,2.897000000000007,3470.43743563324,1
Candidate 7: Combined Adaptive Exit,1,49,10,PROB_DETERIORATION,1.0919744357999248,1346.0181262504645,1
Candidate 7: Combined Adaptive Exit,1,50,2,PROFIT_TARGET,2.8969999999999962,3609.970153260998,1
Candidate 7: Combined Adaptive Exit,1,51,2,PROFIT_TARGET,2.897,3714.550988600974,1
Candidate 7: Combined Adaptive Exit,1,52,1,PROB_DETERIORATION,1.2939731039704743,1707.2054607556574,1
Candidate 7: Combined Adaptive Exit,1,53,4,PROB_DETERIORATION,1.2820444954296961,1713.3545658511412,1
Candidate 7: Combined Adaptive Exit,1,54,4,STOP_LOSS,-4.064627311452843,-5501.705487406205,0
Candidate 7: Combined Adaptive Exit,1,55,4,PROFIT_TARGET,2.897000000000008,3761.870746741395,1
Candidate 7: Combined Adaptive Exit,1,56,1,PROFIT_TARGET,2.897000000000003,3870.852142274487,1
Candidate 7: Combined Adaptive Exit,1,57,10,TIME_LIMIT_10D,-3.6489942399364406,-5016.883060836537,0
Candidate 7: Combined Adaptive Exit,1,58,7,PROFIT_TARGET,2.8970000000000113,3837.651626563756,1
Candidate 7: Combined Adaptive Exit,1,59,1,PROB_DETERIORATION,1.970698143191488,2686.2094526071046,1
Candidate 7: Combined Adaptive Exit,1,60,1,PROFIT_TARGET,2.8970000000000034,4026.6478820273255,1
Candidate 7: Combined Adaptive Exit,1,61,3,PROB_DETERIORATION,0.6769580182189443,968.1878045128806,1
Candidate 7: Combined Adaptive Exit,1,62,2,STOP_LOSS,-4.1289632936639755,-5945.234345745594,0
Candidate 7: Combined Adaptive Exit,1,63,1,STOP_LOSS,-4.083796772370532,-5637.408438665587,0
Candidate 7: Combined Adaptive Exit,1,64,2,PROFIT_TARGET,2.8970000000000007,3835.7991104019998,1
Candidate 7: Combined Adaptive Exit,1,65,7,PROFIT_TARGET,2.8970000000000025,3946.922210630348,1
Candidate 7: Combined Adaptive Exit,1,66,2,PROB_DETERIORATION,2.0717391304347825,2904.3426583421437,1
Candidate 7: Combined Adaptive Exit,1,67,3,PROB_DETERIORATION,-2.2830859548971945,-3266.9355107481447,0
Candidate 7: Combined Adaptive Exit,1,68,7,PROFIT_TARGET,2.8970000000000042,4050.7602321381105,1
Candidate 7: Combined Adaptive Exit,1,69,9,PROB_DETERIORATION,-2.2302123129877547,-3208.7580014044615,0
Candidate 7: Combined Adaptive Exit,1,70,3,PROFIT_TARGET,2.896999999999999,4075.153036762456,1
Candidate 7: Combined Adaptive Exit,1,71,5,PROB_DETERIORATION,-1.2518765246390742,-1812.0060191894809,0
Candidate 7: Combined Adaptive Exit,1,72,2,STOP_LOSS,-4.234620098975571,-6052.592653234103,0
Candidate 7: Combined Adaptive Exit,1,73,1,PROFIT_TARGET,2.897000000000002,3965.3727966973574,1
Candidate 7: Combined Adaptive Exit,1,74,2,PROFIT_TARGET,2.896999999999998,4080.2496466176744,1
Candidate 7: Combined Adaptive Exit,1,75,4,PROFIT_TARGET,2.897000000000001,4198.454478880193,1
Candidate 7: Combined Adaptive Exit,1,76,6,PROFIT_TARGET,2.8969999999999967,4320.083705133346,1
Candidate 7: Combined Adaptive Exit,1,77,2,PROFIT_TARGET,2.897000000000012,4445.236530071082,1
Candidate 7: Combined Adaptive Exit,1,78,3,STOP_LOSS,-6.61307249593969,-10441.247154446017,0
Candidate 7: Combined Adaptive Exit,1,79,1,PROFIT_TARGET,2.896999999999997,4271.532102282918,1
Candidate 7: Combined Adaptive Exit,1,80,10,PROFIT_TARGET,2.897000000000007,4395.278387286068,1
Candidate 7: Combined Adaptive Exit,1,81,9,PROFIT_TARGET,2.8969999999999962,4522.6096021657295,1
Candidate 7: Combined Adaptive Exit,1,82,1,PROFIT_TARGET,2.897000000000009,4653.629602340491,1
Candidate 7: Combined Adaptive Exit,1,83,4,STOP_LOSS,-4.5284997663959725,-7485.147809706902,0
Candidate 7: Combined Adaptive Exit,1,84,10,TIME_LIMIT_10D,-2.0776244751049786,-3278.587894542954,0
Candidate 7: Combined Adaptive Exit,1,85,8,STOP_LOSS,-4.703277468360331,-7267.789152267768,0
Candidate 7: Combined Adaptive Exit,1,86,7,STOP_LOSS,-3.8249674409335204,-5632.580742851929,0
Candidate 7: Combined Adaptive Exit,1,87,10,TIME_LIMIT_10D,-2.5188779442796156,-3567.378158773589,0
Candidate 7: Combined Adaptive Exit,1,88,5,PROFIT_TARGET,2.8969999999999994,3999.5491674468735,1
Candidate 7: Combined Adaptive Exit,1,89,2,STOP_LOSS,-3.462744707463387,-4919.100912298093,0
Candidate 7: Combined Adaptive Exit,1,90,2,PROFIT_TARGET,2.8969999999999994,3972.909753398533,1
Candidate 7: Combined Adaptive Exit,1,91,2,PROFIT_TARGET,2.8969999999999936,4088.0049489544804,1
Candidate 7: Combined Adaptive Exit,1,92,4,PROFIT_TARGET,2.897000000000011,4206.434452325716,1
Candidate 7: Combined Adaptive Exit,1,93,4,STOP_LOSS,-5.423250206233837,-8102.6668910978915,0
Candidate 7: Combined Adaptive Exit,1,94,5,STOP_LOSS,-5.969326136786015,-8434.863056122882,0
Candidate 7: Combined Adaptive Exit,1,95,3,PROFIT_TARGET,2.8970000000000042,3849.202615838596,1
Candidate 7: Combined Adaptive Exit,1,96,1,PROFIT_TARGET,2.8970000000000073,3960.714015619444,1
Candidate 7: Combined Adaptive Exit,1,97,1,STOP_LOSS,-5.480281588835922,-7709.5774727150465,0
Candidate 7: Combined Adaptive Exit,1,98,4,STOP_LOSS,-5.861879774935338,-7794.477882154882,0
Candidate 7: Combined Adaptive Exit,1,99,1,PROFIT_TARGET,2.8969999999999967,3626.3034170213436,1
Candidate 7: Combined Adaptive Exit,1,100,10,TIME_LIMIT_10D,0.4394581931027241,566.0254030705295,1
Candidate 7: Combined Adaptive Exit,1,101,6,PROFIT_TARGET,2.897000000000009,3747.755182939421,1
Candidate 7: Combined Adaptive Exit,1,102,8,STOP_LOSS,-4.526916899040971,-6025.9837106286,0
Candidate 7: Combined Adaptive Exit,1,103,3,PROFIT_TARGET,2.8970000000000042,3681.7549024922596,1
Candidate 7: Combined Adaptive Exit,1,104,2,PROFIT_TARGET,2.8970000000000073,3788.415342017465,1
Candidate 7: Combined Adaptive Exit,1,105,2,PROFIT_TARGET,2.8970000000000073,3898.1657344757105,1
Candidate 7: Combined Adaptive Exit,1,106,5,PROFIT_TARGET,2.8969999999999967,4011.0955958034574,1
Candidate 7: Combined Adaptive Exit,1,107,1,STOP_LOSS,-4.807955763344088,-6849.7968821158365,0
Candidate 7: Combined Adaptive Exit,1,108,3,PROFIT_TARGET,2.897000000000008,3928.858419539003,1
Candidate 7: Combined Adaptive Exit,1,109,1,STOP_LOSS,-5.9166371471224615,-8256.49139192032,0
Candidate 7: Combined Adaptive Exit,1,110,4,STOP_LOSS,-6.713005319348262,-8813.540814731336,0
Candidate 7: Combined Adaptive Exit,1,111,2,PROFIT_TARGET,2.897000000000005,3548.1586149263458,1
Candidate 7: Combined Adaptive Exit,1,112,8,STOP_LOSS,-7.485993482616644,-9434.234966376565,0
Candidate 7: Combined Adaptive Exit,1,113,3,STOP_LOSS,-5.70111108563856,-6646.977925235689,0
Candidate 7: Combined Adaptive Exit,1,114,1,PROFIT_TARGET,2.897000000000006,3185.076032530755,1
Candidate 7: Combined Adaptive Exit,1,115,10,TIME_LIMIT_10D,-1.132716334119815,-1281.4308787048888,0
Candidate 7: Combined Adaptive Exit,1,116,2,PROFIT_TARGET,2.8970000000000073,3240.2246326370923,1
Candidate 7: Combined Adaptive Exit,1,117,1,PROFIT_TARGET,2.8970000000000042,3334.0939402445856,1
Candidate 7: Combined Adaptive Exit,1,118,10,TIME_LIMIT_10D,-3.6681968881663183,-4343.9487022941585,0
Candidate 7: Combined Adaptive Exit,1,119,3,PROFIT_TARGET,2.8969999999999967,3304.8384477880004,1
Candidate 7: Combined Adaptive Exit,1,120,1,PROFIT_TARGET,2.8970000000000105,3400.579617620435,1
Candidate 7: Combined Adaptive Exit,1,121,4,STOP_LOSS,-5.164834324339783,-6238.261273195241,0
Candidate 7: Combined Adaptive Exit,1,122,3,STOP_LOSS,-5.774164603876759,-6614.023482826982,0
Candidate 7: Combined Adaptive Exit,1,123,6,STOP_LOSS,-6.1242994091318,-6610.02319690251,0
Candidate 7: Combined Adaptive Exit,1,124,3,STOP_LOSS,-6.263138440772585,-6345.878775343613,0
Candidate 7: Combined Adaptive Exit,1,125,3,STOP_LOSS,-6.308968542228138,-5991.954828062685,0
Candidate 7: Combined Adaptive Exit,1,126,1,STOP_LOSS,-8.050564429497106,-7163.6526381867925,0
Candidate 7: Combined Adaptive Exit,1,127,1,PROFIT_TARGET,2.897000000000007,2370.313291327711,1
Candidate 7: Combined Adaptive Exit,1,128,1,PROFIT_TARGET,2.8970000000000016,2438.9812673774704,1
Candidate 7: Combined Adaptive Exit,1,129,5,PROFIT_TARGET,2.897000000000001,2509.6385546933952,1
Candidate 7: Combined Adaptive Exit,1,130,5,STOP_LOSS,-11.140372294961313,-9930.362444862067,0
Candidate 7: Combined Adaptive Exit,1,131,1,PROFIT_TARGET,2.8970000000000082,2294.660183595214,1
Candidate 7: Combined Adaptive Exit,1,132,1,PROFIT_TARGET,2.897000000000004,2361.136489113964,1
Candidate 7: Combined Adaptive Exit,1,133,5,PROFIT_TARGET,2.896999999999999,2429.538613203592,1
Candidate 7: Combined Adaptive Exit,1,134,1,PROFIT_TARGET,2.897000000000001,2499.922346828102,1
Candidate 7: Combined Adaptive Exit,1,135,9,STOP_LOSS,-7.123420944204785,-6325.1283884117665,0
Candidate 7: Combined Adaptive Exit,1,136,3,STOP_LOSS,-5.839215428234898,-4815.500642444003,0
Candidate 7: Combined Adaptive Exit,1,137,1,PROFIT_TARGET,2.897000000000003,2249.601074191821,1
Candidate 7: Combined Adaptive Exit,1,138,2,PROFIT_TARGET,2.8969999999999994,2314.772017311155,1
Candidate 7: Combined Adaptive Exit,1,139,3,PROFIT_TARGET,2.897000000000002,2381.8309626526616,1
Candidate 7: Combined Adaptive Exit,1,140,3,STOP_LOSS,-7.6790811321236845,-6496.424722115666,0
Candidate 7: Combined Adaptive Exit,1,141,1,PROFIT_TARGET,2.8970000000000042,2262.63118144102,1
Candidate 7: Combined Adaptive Exit,1,142,1,PROFIT_TARGET,2.897000000000001,2328.1796067673636,1
Candidate 7: Combined Adaptive Exit,1,143,1,PROFIT_TARGET,2.8970000000000025,2395.6269699754152,1
Candidate 7: Combined Adaptive Exit,1,144,2,PROFIT_TARGET,2.897000000000002,2465.0282832956027,1
Candidate 7: Combined Adaptive Exit,1,145,5,PROFIT_TARGET,2.897000000000004,2536.440152662678,1
Candidate 7: Combined Adaptive Exit,1,146,2,PROFIT_TARGET,2.8970000000000042,2609.920823885316,1
Candidate 7: Combined Adaptive Exit,1,147,1,PROFIT_TARGET,2.8969999999999936,2685.5302301532643,1
Candidate 7: Combined Adaptive Exit,1,148,1,STOP_LOSS,-6.930072501650167,-6610.313265298287,0
Candidate 7: Combined Adaptive Exit,1,149,4,STOP_LOSS,-8.198256172077386,-7278.05148444611,0
Candidate 7: Combined Adaptive Exit,1,150,1,PROFIT_TARGET,2.8969999999999967,2360.984114120712,1
Candidate 7: Combined Adaptive Exit,1,151,1,PROFIT_TARGET,2.897,2429.381823906792,1
Candidate 7: Combined Adaptive Exit,1,152,3,PROFIT_TARGET,2.897,2499.7610153453716,1
Candidate 7: Combined Adaptive Exit,1,153,5,PROB_DETERIORATION,0.3546805678457136,314.91264788996165,1
Candidate 7: Combined Adaptive Exit,1,154,8,PROFIT_TARGET,2.897000000000002,2581.3021113693007,1
Candidate 7: Combined Adaptive Exit,1,155,1,PROFIT_TARGET,2.896999999999993,2656.0824335356615,1
Candidate 7: Combined Adaptive Exit,1,156,1,STOP_LOSS,-7.027991498525924,-6630.205582545998,0
Candidate 7: Combined Adaptive Exit,1,157,5,STOP_LOSS,-8.155557701791524,-7153.2210404270145,0
Candidate 7: Combined Adaptive Exit,1,158,10,TIME_LIMIT_10D,-6.181863570764393,-4979.896058576028,0
Candidate 7: Combined Adaptive Exit,1,159,2,PROFIT_TARGET,2.896999999999998,2189.4556835507183,1
Candidate 7: Combined Adaptive Exit,1,160,10,TIME_LIMIT_10D,-0.10569546143602052,-82.19524909733511,0
Candidate 7: Combined Adaptive Exit,1,161,2,STOP_LOSS,-7.358406914397846,-5716.298574733512,0
Candidate 7: Combined Adaptive Exit,1,162,3,STOP_LOSS,-9.401625526201952,-6766.125798990475,0
Candidate 7: Combined Adaptive Exit,1,163,1,PROFIT_TARGET,2.897000000000009,1888.8871842300566,1
Candidate 7: Combined Adaptive Exit,1,164,2,PROFIT_TARGET,2.8970000000000082,1943.6082459572006,1
Candidate 7: Combined Adaptive Exit,1,165,1,PROFIT_TARGET,2.897000000000009,1999.9145768425817,1
Candidate 7: Combined Adaptive Exit,1,166,1,PROFIT_TARGET,2.897000000000003,2057.852102133707,1
Candidate 7: Combined Adaptive Exit,1,167,1,PROFIT_TARGET,2.8970000000000087,2117.4680775325246,1
Candidate 7: Combined Adaptive Exit,1,168,3,PROFIT_TARGET,2.8970000000000073,2178.811127738641,1
Candidate 7: Combined Adaptive Exit,1,169,5,PROFIT_TARGET,2.8970000000000073,2241.9312861092294,1
Candidate 7: Combined Adaptive Exit,1,170,10,TIME_LIMIT_10D,-5.056982487934998,-4026.8732969028556,0
Candidate 7: Combined Adaptive Exit,1,171,8,PROFIT_TARGET,2.8970000000000073,2190.2215160565383,1
Candidate 7: Combined Adaptive Exit,1,172,3,PROFIT_TARGET,2.897,2253.6722333766907,1
Candidate 7: Combined Adaptive Exit,1,173,3,STOP_LOSS,-4.63428982444941,-3709.6092206895005,0
Candidate 7: Combined Adaptive Exit,1,174,1,STOP_LOSS,-5.771025357077752,-4405.449238504141,0
Candidate 7: Combined Adaptive Exit,1,175,3,STOP_LOSS,-6.798528552238308,-4890.312476113563,0
Candidate 7: Combined Adaptive Exit,1,176,1,PROFIT_TARGET,2.8970000000000016,1942.195521981765,1
Candidate 7: Combined Adaptive Exit,1,177,1,PROFIT_TARGET,2.896999999999997,1998.4609262535737,1
Candidate 7: Combined Adaptive Exit,1,178,2,STOP_LOSS,-9.420259373094254,-6686.713869379179,0
Candidate 7: Combined Adaptive Exit,1,179,3,STOP_LOSS,-10.866618598787547,-6986.752775863319,0
Candidate 7: Combined Adaptive Exit,1,180,1,PROFIT_TARGET,2.897000000000004,1660.2360105744683,1
Candidate 7: Combined Adaptive Exit,1,181,3,STOP_LOSS,-13.470103725628258,-7943.190663374369,0
Candidate 7: Combined Adaptive Exit,1,182,2,STOP_LOSS,-16.08008595255492,-8205.000203780495,0
Candidate 7: Combined Adaptive Exit,1,183,1,PROFIT_TARGET,2.896999999999993,1240.5199583793292,1
Candidate 7: Combined Adaptive Exit,1,184,2,STOP_LOSS,-15.156697791974668,-6678.248341661406,0
Candidate 7: Combined Adaptive Exit,1,185,1,PROFIT_TARGET,2.8970000000000042,1082.9889671156518,1
Candidate 7: Combined Adaptive Exit,1,186,1,PROFIT_TARGET,2.897000000000006,1114.363157492993,1
Candidate 7: Combined Adaptive Exit,1,187,1,PROFIT_TARGET,2.8970000000000056,1146.6462581655646,1
Candidate 7: Combined Adaptive Exit,1,188,2,PROFIT_TARGET,2.8970000000000034,1179.8646002646203,1
Candidate 7: Combined Adaptive Exit,1,189,1,STOP_LOSS,-18.23134051649212,-7640.2046464663445,0
Candidate 7: Combined Adaptive Exit,1,190,1,PROFIT_TARGET,2.897000000000009,992.7085491261581,1
Candidate 7: Combined Adaptive Exit,1,191,1,PROFIT_TARGET,2.897000000000006,1021.467315794342,1
Candidate 7: Combined Adaptive Exit,1,192,1,PROFIT_TARGET,2.8969999999999976,1051.059223932901,1
Candidate 7: Combined Adaptive Exit,1,193,1,PROFIT_TARGET,2.8969999999999994,1081.5084096502378,1
Candidate 7: Combined Adaptive Exit,1,194,1,PROFIT_TARGET,2.8970000000000065,1112.8397082778079,1
Candidate 7: Combined Adaptive Exit,1,195,1,PROFIT_TARGET,2.8969999999999994,1145.0786746266133,1
Candidate 7: Combined Adaptive Exit,1,196,1,PROFIT_TARGET,2.896999999999995,1178.2516038305446,1
Candidate 7: Combined Adaptive Exit,1,197,1,PROFIT_TARGET,2.8970000000000073,1212.3855527935207,1
Candidate 7: Combined Adaptive Exit,1,198,1,PROFIT_TARGET,2.897000000000003,1247.508362257947,1
Candidate 7: Combined Adaptive Exit,1,199,10,TIME_LIMIT_10D,-7.860556546342877,-3482.979989971292,0
Candidate 7: Combined Adaptive Exit,1,200,1,PROFIT_TARGET,2.8970000000000007,1182.7467492030908,1
Candidate 7: Combined Adaptive Exit,1,201,2,PROFIT_TARGET,2.8970000000000042,1217.010922527506,1
Candidate 7: Combined Adaptive Exit,1,202,3,STOP_LOSS,-9.001145498560632,-3890.8678051291595,0
Candidate 7: Combined Adaptive Exit,1,203,5,STOP_LOSS,-9.926870094496728,-3904.7834844980616,0
Candidate 7: Combined Adaptive Exit,1,204,1,PROFIT_TARGET,2.8970000000000047,1026.427711092627,1
Candidate 7: Combined Adaptive Exit,1,205,1,PROFIT_TARGET,2.897000000000003,1056.16332188298,1
Candidate 7: Combined Adaptive Exit,1,206,2,PROFIT_TARGET,2.8970000000000034,1086.76037331793,1
Candidate 7: Combined Adaptive Exit,1,207,1,PROFIT_TARGET,2.897000000000011,1118.2438213329533,1
Candidate 7: Combined Adaptive Exit,1,208,10,TIME_LIMIT_10D,-1.4908760728989519,-592.1507310160707,0
Candidate 7: Combined Adaptive Exit,1,209,1,STOP_LOSS,-7.756730786109589,-3034.91058476583,0
Candidate 7: Combined Adaptive Exit,1,210,1,PROFIT_TARGET,2.8970000000000122,1045.5633785187674,1
Candidate 7: Combined Adaptive Exit,1,211,1,PROFIT_TARGET,2.8970000000000034,1075.853349594453,1
Candidate 7: Combined Adaptive Exit,1,212,2,STOP_LOSS,-9.173059804760953,-3505.2703477256737,0
Candidate 7: Combined Adaptive Exit,1,213,10,TIME_LIMIT_10D,-2.423720118255312,-841.2100365012076,0
Candidate 7: Combined Adaptive Exit,1,214,1,PROFIT_TARGET,2.897000000000006,981.1032844011522,1
Candidate 7: Combined Adaptive Exit,1,215,4,PROFIT_TARGET,2.8970000000000047,1009.5258465502532,1
Candidate 7: Combined Adaptive Exit,1,216,6,STOP_LOSS,-6.581377608977805,-2359.872120576134,0
Candidate 7: Combined Adaptive Exit,1,217,7,STOP_LOSS,-6.049003602758787,-2026.2310305574053,0
Candidate 7: Combined Adaptive Exit,1,218,1,STOP_LOSS,-5.64454366136591,-1776.3778366039692,0
Candidate 7: Combined Adaptive Exit,1,219,4,PROFIT_TARGET,2.8970000000000073,860.244736110059,1
Candidate 7: Combined Adaptive Exit,1,220,3,PROFIT_TARGET,2.8970000000000056,885.1660261151669,1
Candidate 7: Combined Adaptive Exit,1,221,1,PROFIT_TARGET,2.8970000000000122,910.8092858917254,1
Candidate 7: Combined Adaptive Exit,1,222,8,PROFIT_TARGET,2.896999999999998,937.1954309040043,1
Candidate 7: Combined Adaptive Exit,1,223,1,PROFIT_TARGET,2.896999999999996,964.3459825372926,1
Candidate 7: Combined Adaptive Exit,1,224,1,STOP_LOSS,-7.432463779377067,-2545.7742813229333,0
Candidate 7: Combined Adaptive Exit,1,225,1,PROFIT_TARGET,2.8969999999999985,918.5320047214734,1
Candidate 7: Combined Adaptive Exit,1,226,2,PROFIT_TARGET,2.896999999999998,945.1418768982544,1
Candidate 7: Combined Adaptive Exit,1,227,2,PROFIT_TARGET,2.8970000000000122,972.5226370720014,1
Candidate 7: Combined Adaptive Exit,1,228,3,STOP_LOSS,-8.268304687681075,-2856.080268023597,0
Candidate 7: Combined Adaptive Exit,1,229,2,PROFIT_TARGET,2.8969999999999936,917.9559725033276,1
Candidate 7: Combined Adaptive Exit,1,230,6,PROFIT_TARGET,2.896999999999996,944.5491570267498,1
Candidate 7: Combined Adaptive Exit,1,231,1,TIME_LIMIT_10D,-0.6643170380255397,-222.871314018738,0
Candidate 1: Control Baseline (Fixed 10D),2,1,10,TIME_LIMIT_10D,19.451238510408547,19451.238510408548,1
Candidate 1: Control Baseline (Fixed 10D),2,2,10,TIME_LIMIT_10D,3.6290033594624864,4334.889458462274,1
Candidate 1: Control Baseline (Fixed 10D),2,3,10,TIME_LIMIT_10D,11.913880936333326,14747.731901908477,1
Candidate 1: Control Baseline (Fixed 10D),2,4,10,TIME_LIMIT_10D,3.5095659717647534,4861.937205397137,1
Candidate 1: Control Baseline (Fixed 10D),2,5,10,TIME_LIMIT_10D,10.926177914469601,15667.679910414836,1
Candidate 1: Control Baseline (Fixed 10D),2,6,10,TIME_LIMIT_10D,-3.2665294968244973,-5195.85539444165,0
Candidate 1: Control Baseline (Fixed 10D),2,7,10,TIME_LIMIT_10D,6.4104539699897085,9863.613056882696,1
Candidate 1: Control Baseline (Fixed 10D),2,8,10,TIME_LIMIT_10D,8.822994727895491,14445.998201002316,1
Candidate 1: Control Baseline (Fixed 10D),2,9,10,TIME_LIMIT_10D,8.020986077238508,14291.571039710114,1
Candidate 1: Control Baseline (Fixed 10D),2,10,10,TIME_LIMIT_10D,-2.874348577176781,-5532.224326114046,0
Candidate 1: Control Baseline (Fixed 10D),2,11,10,TIME_LIMIT_10D,11.441938976728816,21389.16935885473,1
Candidate 1: Control Baseline (Fixed 10D),2,12,10,TIME_LIMIT_10D,4.111776574398004,8565.889342633956,1
Candidate 1: Control Baseline (Fixed 10D),2,13,10,TIME_LIMIT_10D,7.765866192556342,16843.514410512496,1
Candidate 1: Control Baseline (Fixed 10D),2,14,10,TIME_LIMIT_10D,4.560158949550795,10658.694482984038,1
Candidate 1: Control Baseline (Fixed 10D),2,15,10,TIME_LIMIT_10D,7.6910838095179095,18796.53561027425,1
Candidate 1: Control Baseline (Fixed 10D),2,16,10,TIME_LIMIT_10D,-7.6317100250001255,-20085.92682660959,0
Candidate 1: Control Baseline (Fixed 10D),2,17,10,TIME_LIMIT_10D,-3.158714789326636,-7678.976403360871,0
Candidate 1: Control Baseline (Fixed 10D),2,18,10,TIME_LIMIT_10D,6.3843902356999855,15030.481328032654,1
Candidate 1: Control Baseline (Fixed 10D),2,19,10,TIME_LIMIT_10D,-1.7039274503014794,-4267.587868128331,0
Candidate 1: Control Baseline (Fixed 10D),2,20,10,TIME_LIMIT_10D,6.737414700867698,16586.731634249772,1
Candidate 1: Control Baseline (Fixed 10D),2,21,10,TIME_LIMIT_10D,0.4796540109006687,1260.4113290209675,1
Candidate 1: Control Baseline (Fixed 10D),2,22,10,TIME_LIMIT_10D,2.5981003545395547,6859.907676321527,1
Candidate 1: Control Baseline (Fixed 10D),2,23,10,TIME_LIMIT_10D,2.5063217738196677,6789.510986930658,1
Candidate 1: Control Baseline (Fixed 10D),2,24,10,TIME_LIMIT_10D,8.333815677675341,23141.750616349684,1
Candidate 1: Control Baseline (Fixed 10D),2,25,10,TIME_LIMIT_10D,7.962635340977574,23953.7319541467,1
Candidate 1: Control Baseline (Fixed 10D),2,26,10,TIME_LIMIT_10D,8.08934900130149,26272.621434854766,1
Candidate 1: Control Baseline (Fixed 10D),2,27,10,TIME_LIMIT_10D,-4.166645210927392,-14627.134621921068,0
Candidate 1: Control Baseline (Fixed 10D),2,28,10,TIME_LIMIT_10D,3.851290439720582,12956.73867783357,1
Candidate 1: Control Baseline (Fixed 10D),2,29,10,TIME_LIMIT_10D,-1.7743253217268475,-6199.1846989069645,0
Candidate 1: Control Baseline (Fixed 10D),2,30,10,TIME_LIMIT_10D,-1.3147455680513773,-4511.989304178794,0
Candidate 1: Control Baseline (Fixed 10D),2,31,10,TIME_LIMIT_10D,-5.209998729570956,-17644.779215830942,0
Candidate 1: Control Baseline (Fixed 10D),2,32,10,TIME_LIMIT_10D,-15.314953427030664,-49165.08798031567,0
Candidate 1: Control Baseline (Fixed 10D),2,33,10,TIME_LIMIT_10D,5.895517752965283,16027.648979184112,1
Candidate 1: Control Baseline (Fixed 10D),2,34,10,TIME_LIMIT_10D,1.6650986691142722,4793.6400780417825,1
Candidate 1: Control Baseline (Fixed 10D),2,35,10,TIME_LIMIT_10D,0.8128557780368393,2379.089787117052,1
Candidate 1: Control Baseline (Fixed 10D),2,36,10,TIME_LIMIT_10D,12.58445523343841,37131.942825742284,1
Candidate 1: Control Baseline (Fixed 10D),2,37,10,TIME_LIMIT_10D,1.842762430849356,6121.544813510314,1
Candidate 1: Control Baseline (Fixed 10D),2,38,10,TIME_LIMIT_10D,-3.6845881458603875,-12465.531628470593,0
Candidate 2: Profit Target (+3.0%) + 10D Time Stop,2,1,1,PROFIT_TARGET,2.897000000000001,2897.000000000001,1
Candidate 2: Profit Target (+3.0%) + 10D Time Stop,2,2,9,PROFIT_TARGET,2.8969999999999954,2980.9260899999954,1
Candidate 2: Profit Target (+3.0%) + 10D Time Stop,2,3,1,PROFIT_TARGET,2.896999999999996,3067.283518827295,1
Candidate 2: Profit Target (+3.0%) + 10D Time Stop,2,4,7,PROFIT_TARGET,2.8969999999999962,3156.142722367723,1
Candidate 2: Profit Target (+3.0%) + 10D Time Stop,2,5,4,PROFIT_TARGET,2.8969999999999954,3247.5761770347144,1
Candidate 2: Profit Target (+3.0%) + 10D Time Stop,2,6,1,PROFIT_TARGET,2.8969999999999954,3341.65845888341,1
Candidate 2: Profit Target (+3.0%) + 10D Time Stop,2,7,3,PROFIT_TARGET,2.896999999999996,3438.4663044372624,1
Candidate 2: Profit Target (+3.0%) + 10D Time Stop,2,8,1,PROFIT_TARGET,2.8970000000000002,3538.078673276815,1
Candidate 2: Profit Target (+3.0%) + 10D Time Stop,2,9,4,PROFIT_TARGET,2.897000000000001,3640.5768124416454,1
Candidate 2: Profit Target (+3.0%) + 10D Time Stop,2,10,1,PROFIT_TARGET,2.897000000000005,3746.0443226980856,1
Candidate 2: Profit Target (+3.0%) + 10D Time Stop,2,11,1,PROFIT_TARGET,2.8970000000000047,3854.567226726648,1
Candidate 2: Profit Target (+3.0%) + 10D Time Stop,2,12,9,PROFIT_TARGET,2.8970000000000007,3966.2340392849137,1
Candidate 2: Profit Target (+3.0%) + 10D Time Stop,2,13,2,PROFIT_TARGET,2.897000000000011,4081.135839403012,1
Candidate 2: Profit Target (+3.0%) + 10D Time Stop,2,14,8,PROFIT_TARGET,2.8969999999999967,4199.366344670498,1
Candidate 2: Profit Target (+3.0%) + 10D Time Stop,2,15,2,PROFIT_TARGET,2.8969999999999936,4321.021987675597,1
Candidate 2: Profit Target (+3.0%) + 10D Time Stop,2,16,3,PROFIT_TARGET,2.8970000000000065,4446.201994658579,1
Candidate 2: Profit Target (+3.0%) + 10D Time Stop,2,17,7,PROFIT_TARGET,2.8970000000000056,4575.008466443836,1
Candidate 2: Profit Target (+3.0%) + 10D Time Stop,2,18,10,TIME_LIMIT_10D,-2.8743485771767805,-4670.738513713842,0
Candidate 2: Profit Target (+3.0%) + 10D Time Stop,2,19,1,PROFIT_TARGET,2.896999999999996,4572.2351669744085,1
Candidate 2: Profit Target (+3.0%) + 10D Time Stop,2,20,3,PROFIT_TARGET,2.897000000000007,4704.692819761674,1
Candidate 2: Profit Target (+3.0%) + 10D Time Stop,2,21,3,PROFIT_TARGET,2.8970000000000034,4840.987770750165,1
Candidate 2: Profit Target (+3.0%) + 10D Time Stop,2,22,4,PROFIT_TARGET,2.897000000000006,4981.231186468801,1
Candidate 2: Profit Target (+3.0%) + 10D Time Stop,2,23,2,PROFIT_TARGET,2.896999999999997,5125.537453940787,1
Candidate 2: Profit Target (+3.0%) + 10D Time Stop,2,24,10,TIME_LIMIT_10D,-7.631710025000124,-13893.622341677004,0
Candidate 2: Profit Target (+3.0%) + 10D Time Stop,2,25,1,PROFIT_TARGET,2.8969999999999962,4871.526034743068,1
Candidate 2: Profit Target (+3.0%) + 10D Time Stop,2,26,5,PROFIT_TARGET,2.8969999999999976,5012.654143969576,1
Candidate 2: Profit Target (+3.0%) + 10D Time Stop,2,27,4,PROFIT_TARGET,2.8970000000000073,5157.870734520392,1
Candidate 2: Profit Target (+3.0%) + 10D Time Stop,2,28,3,PROFIT_TARGET,2.8970000000000047,5307.294249699444,1
Candidate 2: Profit Target (+3.0%) + 10D Time Stop,2,29,3,PROFIT_TARGET,2.8969999999999994,5461.046564113227,1
Candidate 2: Profit Target (+3.0%) + 10D Time Stop,2,30,5,PROFIT_TARGET,2.8969999999999994,5619.253083075587,1
Candidate 2: Profit Target (+3.0%) + 10D Time Stop,2,31,5,PROFIT_TARGET,2.8970000000000002,5782.042844892289,1
Candidate 2: Profit Target (+3.0%) + 10D Time Stop,2,32,7,PROFIT_TARGET,2.897000000000001,5949.54862610882,1
Candidate 2: Profit Target (+3.0%) + 10D Time Stop,2,33,3,PROFIT_TARGET,2.897000000000003,6121.907049807197,1
Candidate 2: Profit Target (+3.0%) + 10D Time Stop,2,34,5,PROFIT_TARGET,2.897000000000011,6299.258697040129,1
Candidate 2: Profit Target (+3.0%) + 10D Time Stop,2,35,2,PROFIT_TARGET,2.8970000000000016,6481.748221493361,1
Candidate 2: Profit Target (+3.0%) + 10D Time Stop,2,36,10,TIME_LIMIT_10D,1.9083417607618256,4393.418041317161,1
Candidate 2: Profit Target (+3.0%) + 10D Time Stop,2,37,1,PROFIT_TARGET,2.896999999999993,6796.8017881269625,1
Candidate 2: Profit Target (+3.0%) + 10D Time Stop,2,38,4,PROFIT_TARGET,2.897000000000006,6993.70513592903,1
Candidate 2: Profit Target (+3.0%) + 10D Time Stop,2,39,2,PROFIT_TARGET,2.8970000000000073,7196.312773716898,1
Candidate 2: Profit Target (+3.0%) + 10D Time Stop,2,40,10,TIME_LIMIT_10D,-5.239362382411164,-13391.91506340547,0
Candidate 2: Profit Target (+3.0%) + 10D Time Stop,2,41,3,PROFIT_TARGET,2.897000000000004,7016.826175384611,1
Candidate 2: Profit Target (+3.0%) + 10D Time Stop,2,42,9,PROFIT_TARGET,2.896999999999993,7220.103629685476,1
Candidate 2: Profit Target (+3.0%) + 10D Time Stop,2,43,1,PROFIT_TARGET,2.896999999999998,7429.270031837477,1
Candidate 2: Profit Target (+3.0%) + 10D Time Stop,2,44,10,TIME_LIMIT_10D,-5.295778110744685,-13974.302555483975,0
Candidate 2: Profit Target (+3.0%) + 10D Time Stop,2,45,10,TIME_LIMIT_10D,-1.3147455680513773,-3285.5752423876656,0
Candidate 2: Profit Target (+3.0%) + 10D Time Stop,2,46,10,TIME_LIMIT_10D,-5.209998729570956,-12848.71169690905,0
Candidate 2: Profit Target (+3.0%) + 10D Time Stop,2,47,10,TIME_LIMIT_10D,-15.314953427030673,-35801.41373746829,0
Candidate 2: Profit Target (+3.0%) + 10D Time Stop,2,48,2,PROFIT_TARGET,2.897000000000001,5735.083191021564,1
Candidate 2: Profit Target (+3.0%) + 10D Time Stop,2,49,3,PROFIT_TARGET,2.896999999999995,5901.228551065447,1
Candidate 2: Profit Target (+3.0%) + 10D Time Stop,2,50,6,PROFIT_TARGET,2.897000000000007,6072.187142189838,1
Candidate 2: Profit Target (+3.0%) + 10D Time Stop,2,51,8,PROFIT_TARGET,2.8970000000000025,6248.098403699068,1
Candidate 2: Profit Target (+3.0%) + 10D Time Stop,2,52,3,PROFIT_TARGET,2.896999999999994,6429.10581445421,1
Candidate 2: Profit Target (+3.0%) + 10D Time Stop,2,53,2,PROFIT_TARGET,2.896999999999996,6615.357009898952,1
Candidate 2: Profit Target (+3.0%) + 10D Time Stop,2,54,10,TIME_LIMIT_10D,-0.9076377185214807,-2132.6522236830833,0
Candidate 2: Profit Target (+3.0%) + 10D Time Stop,2,55,10,TIME_LIMIT_10D,-3.6845881458603875,-8578.999384972189,0
Candidate 3: ATR Protective Stop (1.5x ATR14),2,1,10,TIME_LIMIT_10D,19.451238510408547,19451.238510408548,1
Candidate 3: ATR Protective Stop (1.5x ATR14),2,2,10,TIME_LIMIT_10D,3.6290033594624864,4334.889458462274,1
Candidate 3: ATR Protective Stop (1.5x ATR14),2,3,10,TIME_LIMIT_10D,11.913880936333326,14747.731901908477,1
Candidate 3: ATR Protective Stop (1.5x ATR14),2,4,10,TIME_LIMIT_10D,3.5095659717647534,4861.937205397137,1
Candidate 3: ATR Protective Stop (1.5x ATR14),2,5,10,TIME_LIMIT_10D,10.926177914469601,15667.679910414836,1
Candidate 3: ATR Protective Stop (1.5x ATR14),2,6,10,TIME_LIMIT_10D,-3.2665294968244973,-5195.85539444165,0
Candidate 3: ATR Protective Stop (1.5x ATR14),2,7,10,TIME_LIMIT_10D,6.4104539699897085,9863.613056882696,1
Candidate 3: ATR Protective Stop (1.5x ATR14),2,8,10,TIME_LIMIT_10D,8.822994727895491,14445.998201002316,1
Candidate 3: ATR Protective Stop (1.5x ATR14),2,9,10,TIME_LIMIT_10D,8.020986077238508,14291.571039710114,1
Candidate 3: ATR Protective Stop (1.5x ATR14),2,10,5,STOP_LOSS,-5.747796235604576,-11062.714664687901,0
Candidate 3: ATR Protective Stop (1.5x ATR14),2,11,10,TIME_LIMIT_10D,11.345784923380418,20581.944721390526,1
Candidate 3: ATR Protective Stop (1.5x ATR14),2,12,10,TIME_LIMIT_10D,4.111776574398004,8305.29666289711,1
Candidate 3: ATR Protective Stop (1.5x ATR14),2,13,10,TIME_LIMIT_10D,7.765866192556342,16331.098666991818,1
Candidate 3: ATR Protective Stop (1.5x ATR14),2,14,10,TIME_LIMIT_10D,4.560158949550795,10334.43419351326,1
Candidate 3: ATR Protective Stop (1.5x ATR14),2,15,10,TIME_LIMIT_10D,7.691083809517911,18224.704783547248,1
Candidate 3: ATR Protective Stop (1.5x ATR14),2,16,3,STOP_LOSS,-3.9179584736408453,-9997.986235723029,0
Candidate 3: ATR Protective Stop (1.5x ATR14),2,17,10,STOP_LOSS,-4.044181820805504,-9915.75073519493,0
Candidate 3: ATR Protective Stop (1.5x ATR14),2,18,10,TIME_LIMIT_10D,6.3843902356999855,15020.544135946408,1
Candidate 3: ATR Protective Stop (1.5x ATR14),2,19,10,TIME_LIMIT_10D,-1.7039274503014794,-4264.766412217174,0
Candidate 3: ATR Protective Stop (1.5x ATR14),2,20,10,TIME_LIMIT_10D,6.7374147008677,16575.76554908355,1
Candidate 3: ATR Protective Stop (1.5x ATR14),2,21,10,TIME_LIMIT_10D,0.47965401090066867,1259.5780257347442,1
Candidate 3: ATR Protective Stop (1.5x ATR14),2,22,10,TIME_LIMIT_10D,2.5981003545395542,6855.372344499091,1
Candidate 3: ATR Protective Stop (1.5x ATR14),2,23,10,TIME_LIMIT_10D,2.506321773819667,6785.022196892843,1
Candidate 3: ATR Protective Stop (1.5x ATR14),2,24,10,TIME_LIMIT_10D,8.333815677675343,23126.450772248372,1
Candidate 3: ATR Protective Stop (1.5x ATR14),2,25,10,TIME_LIMIT_10D,7.962635340977574,23937.895279963363,1
Candidate 3: ATR Protective Stop (1.5x ATR14),2,26,10,TIME_LIMIT_10D,8.089349001301493,26255.2516593892,1
Candidate 3: ATR Protective Stop (1.5x ATR14),2,27,7,STOP_LOSS,-4.973609325639469,-17448.46322856128,0
Candidate 3: ATR Protective Stop (1.5x ATR14),2,28,10,TIME_LIMIT_10D,2.3786259482594394,7929.684351823849,1
Candidate 3: ATR Protective Stop (1.5x ATR14),2,29,10,TIME_LIMIT_10D,3.8512904397205823,13144.53768807207,1
Candidate 3: ATR Protective Stop (1.5x ATR14),2,30,10,TIME_LIMIT_10D,-1.7743253217268475,-6289.037614805631,0
Candidate 3: ATR Protective Stop (1.5x ATR14),2,31,1,STOP_LOSS,-2.7238091634041033,-9483.15041043393,0
Candidate 3: ATR Protective Stop (1.5x ATR14),2,32,1,STOP_LOSS,-3.469232230541536,-11749.405452523435,0
Candidate 3: ATR Protective Stop (1.5x ATR14),2,33,10,TIME_LIMIT_10D,10.774730864255034,35225.300748227186,1
Candidate 3: ATR Protective Stop (1.5x ATR14),2,34,6,STOP_LOSS,-4.448411363262726,-16109.940031281905,0
Candidate 3: ATR Protective Stop (1.5x ATR14),2,35,1,STOP_LOSS,-3.287580738439034,-11376.359868003745,0
Candidate 3: ATR Protective Stop (1.5x ATR14),2,36,1,STOP_LOSS,-4.336818849955377,-14513.776250600566,0
Candidate 3: ATR Protective Stop (1.5x ATR14),2,37,10,TIME_LIMIT_10D,5.895517752965283,18874.519822303297,1
Candidate 3: ATR Protective Stop (1.5x ATR14),2,38,10,TIME_LIMIT_10D,1.6650986691142726,5645.098341715301,1
Candidate 3: ATR Protective Stop (1.5x ATR14),2,39,10,TIME_LIMIT_10D,0.8128557780368393,2801.669627547956,1
Candidate 3: ATR Protective Stop (1.5x ATR14),2,40,10,TIME_LIMIT_10D,12.584455233438414,43727.41078965047,1
Candidate 3: ATR Protective Stop (1.5x ATR14),2,41,10,TIME_LIMIT_10D,1.8427624308493558,7208.868816367101,1
Candidate 3: ATR Protective Stop (1.5x ATR14),2,42,1,STOP_LOSS,-2.945384341650631,-11734.643966222964,0
Candidate 3: ATR Protective Stop (1.5x ATR14),2,43,3,STOP_LOSS,-3.112329832756892,-12034.547170167434,0
Candidate 4: Trailing ATR Exit (1.5x ATR14),2,1,10,TIME_LIMIT_10D,19.451238510408547,19451.238510408548,1
Candidate 4: Trailing ATR Exit (1.5x ATR14),2,2,10,TIME_LIMIT_10D,3.6290033594624864,4334.889458462274,1
Candidate 4: Trailing ATR Exit (1.5x ATR14),2,3,5,TRAILING_STOP,5.362842115965908,6638.454604438059,1
Candidate 4: Trailing ATR Exit (1.5x ATR14),2,4,7,TRAILING_STOP,-5.146472055064917,-6712.264695070409,0
Candidate 4: Trailing ATR Exit (1.5x ATR14),2,5,10,TIME_LIMIT_10D,6.0305060341405685,7460.478794622332,1
Candidate 4: Trailing ATR Exit (1.5x ATR14),2,6,7,TRAILING_STOP,-2.1125244851353333,-2771.05744755097,0
Candidate 4: Trailing ATR Exit (1.5x ATR14),2,7,10,TIME_LIMIT_10D,3.2094372448456157,4120.973241726636,1
Candidate 4: Trailing ATR Exit (1.5x ATR14),2,8,10,TIME_LIMIT_10D,5.974933791242737,7918.144328264413,1
Candidate 4: Trailing ATR Exit (1.5x ATR14),2,9,10,TIME_LIMIT_10D,8.02098607723851,11264.741570305556,1
Candidate 4: Trailing ATR Exit (1.5x ATR14),2,10,5,TRAILING_STOP,-5.738942058150938,-8706.296389173329,0
Candidate 4: Trailing ATR Exit (1.5x ATR14),2,11,10,TIME_LIMIT_10D,11.34578492338042,16224.393244181383,1
Candidate 4: Trailing ATR Exit (1.5x ATR14),2,12,10,TIME_LIMIT_10D,4.111776574398003,6546.922600972099,1
Candidate 4: Trailing ATR Exit (1.5x ATR14),2,13,4,TRAILING_STOP,5.326193635881753,8829.264096575207,1
Candidate 4: Trailing ATR Exit (1.5x ATR14),2,14,10,TIME_LIMIT_10D,4.560158949550795,7962.032141196172,1
Candidate 4: Trailing ATR Exit (1.5x ATR14),2,15,4,TRAILING_STOP,3.13158502334153,5717.081559008488,1
Candidate 4: Trailing ATR Exit (1.5x ATR14),2,16,3,TRAILING_STOP,-3.9179584736408453,-7376.692862915662,0
Candidate 4: Trailing ATR Exit (1.5x ATR14),2,17,6,TRAILING_STOP,-0.9645376515914622,-1744.8708226723018,0
Candidate 4: Trailing ATR Exit (1.5x ATR14),2,18,2,TRAILING_STOP,-4.587142676049529,-8218.207017502868,0
Candidate 4: Trailing ATR Exit (1.5x ATR14),2,19,10,TIME_LIMIT_10D,6.3843902356999855,10913.427184472092,1
Candidate 4: Trailing ATR Exit (1.5x ATR14),2,20,8,TRAILING_STOP,-1.2598662049397726,-2291.100106591419,0
Candidate 4: Trailing ATR Exit (1.5x ATR14),2,21,10,TIME_LIMIT_10D,6.7374147008677,12097.806401093108,1
Candidate 4: Trailing ATR Exit (1.5x ATR14),2,22,10,TIME_LIMIT_10D,0.47965401090066856,919.3017998045044,1
Candidate 4: Trailing ATR Exit (1.5x ATR14),2,23,10,TIME_LIMIT_10D,2.5981003545395542,5003.386853269237,1
Candidate 4: Trailing ATR Exit (1.5x ATR14),2,24,7,TRAILING_STOP,-1.3722621631480232,-2711.343672803741,0
Candidate 4: Trailing ATR Exit (1.5x ATR14),2,25,10,TIME_LIMIT_10D,8.333815677675343,16240.165229021908,1
Candidate 4: Trailing ATR Exit (1.5x ATR14),2,26,10,TIME_LIMIT_10D,7.962635340977574,16809.988632070308,1
Candidate 4: Trailing ATR Exit (1.5x ATR14),2,27,10,TIME_LIMIT_10D,8.08934900130149,18437.31358854674,1
Candidate 4: Trailing ATR Exit (1.5x ATR14),2,28,5,TRAILING_STOP,-2.5673480661138797,-6324.871734367556,0
Candidate 4: Trailing ATR Exit (1.5x ATR14),2,29,2,TRAILING_STOP,-4.7325681192951965,-11359.739388415925,0
Candidate 4: Trailing ATR Exit (1.5x ATR14),2,30,8,TRAILING_STOP,-1.601120139794527,-3661.3384187637744,0
Candidate 4: Trailing ATR Exit (1.5x ATR14),2,31,3,TRAILING_STOP,-1.4809420699367484,-3332.3006474733575,0
Candidate 4: Trailing ATR Exit (1.5x ATR14),2,32,6,TRAILING_STOP,-5.158917841078177,-11436.284975734063,0
Candidate 4: Trailing ATR Exit (1.5x ATR14),2,33,1,TRAILING_STOP,-2.7238091634041037,-5726.635413564774,0
Candidate 4: Trailing ATR Exit (1.5x ATR14),2,34,1,TRAILING_STOP,-3.469232230541536,-7095.169689465353,0
Candidate 4: Trailing ATR Exit (1.5x ATR14),2,35,10,TIME_LIMIT_10D,10.774730864255035,21271.670909734854,1
Candidate 4: Trailing ATR Exit (1.5x ATR14),2,36,5,TRAILING_STOP,-3.061824353610026,-6696.010887651805,0
Candidate 4: Trailing ATR Exit (1.5x ATR14),2,37,1,TRAILING_STOP,-3.2875807384390345,-6969.588666231445,0
Candidate 4: Trailing ATR Exit (1.5x ATR14),2,38,1,TRAILING_STOP,-4.336818849955377,-8891.688697797399,0
Candidate 4: Trailing ATR Exit (1.5x ATR14),2,39,10,TIME_LIMIT_10D,5.895517752965283,11563.245270050427,1
Candidate 4: Trailing ATR Exit (1.5x ATR14),2,40,4,TRAILING_STOP,-2.485007163837894,-5161.346422591794,0
Candidate 4: Trailing ATR Exit (1.5x ATR14),2,41,3,TRAILING_STOP,-2.6972050210373575,-5462.868128047468,0
Candidate 4: Trailing ATR Exit (1.5x ATR14),2,42,8,TRAILING_STOP,1.048427463470296,2066.190981103445,1
Candidate 4: Trailing ATR Exit (1.5x ATR14),2,43,6,TRAILING_STOP,-0.8871450243400355,-1766.673331247261,0
Candidate 4: Trailing ATR Exit (1.5x ATR14),2,44,10,TIME_LIMIT_10D,1.8427624308493558,3637.14795444282,1
Candidate 4: Trailing ATR Exit (1.5x ATR14),2,45,1,TRAILING_STOP,-2.945384341650631,-5920.573308389245,0
Candidate 4: Trailing ATR Exit (1.5x ATR14),2,46,2,TRAILING_STOP,-2.206796479456633,-4305.268739642996,0
Candidate 4: Trailing ATR Exit (1.5x ATR14),2,47,10,TIME_LIMIT_10D,1.8568786903053816,3542.6658312954155,1
Candidate 5: Model Probability Deterioration,2,1,10,PROB_DETERIORATION,19.451238510408547,19451.238510408548,1
Candidate 5: Model Probability Deterioration,2,2,8,PROB_DETERIORATION,5.098227041485863,6089.895343127424,1
Candidate 5: Model Probability Deterioration,2,3,5,PROB_DETERIORATION,6.265011060953967,7865.165921971055,1
Candidate 5: Model Probability Deterioration,2,4,1,PROB_DETERIORATION,1.6574471793023797,2211.1389526408184,1
Candidate 5: Model Probability Deterioration,2,5,4,PROB_DETERIORATION,1.3199405377466527,1790.069550026552,1
Candidate 5: Model Probability Deterioration,2,6,1,PROB_DETERIORATION,4.337081183334531,5959.475186021541,1
Candidate 5: Model Probability Deterioration,2,7,1,PROB_DETERIORATION,0.8441594477819916,1210.2459359130557,1
Candidate 5: Model Probability Deterioration,2,8,3,PROB_DETERIORATION,-3.2143274258386754,-4647.185536125401,0
Candidate 5: Model Probability Deterioration,2,9,2,PROB_DETERIORATION,4.0801918042080985,5709.414181363056,1
Candidate 5: Model Probability Deterioration,2,10,5,PROB_DETERIORATION,-2.4466442953020135,-3563.2794919752437,0
Candidate 5: Model Probability Deterioration,2,11,1,PROB_DETERIORATION,3.719763895722883,5284.898394251088,1
Candidate 5: Model Probability Deterioration,2,12,1,PROB_DETERIORATION,-0.12842489687831893,-189.24831110876443,0
Candidate 5: Model Probability Deterioration,2,13,1,PROB_DETERIORATION,-0.32285179876990766,-475.14689603555075,0
Candidate 5: Model Probability Deterioration,2,14,8,PROB_DETERIORATION,6.8391371917000034,10032.787319902833,1
Candidate 5: Model Probability Deterioration,2,15,1,PROB_DETERIORATION,-0.3789834519015403,-593.9787519919887,0
Candidate 5: Model Probability Deterioration,2,16,1,PROB_DETERIORATION,-1.4675333497777439,-2291.3403911146065,0
Candidate 5: Model Probability Deterioration,2,17,2,PROB_DETERIORATION,3.5093938177438786,5398.997086157453,1
Candidate 5: Model Probability Deterioration,2,18,3,PROB_DETERIORATION,2.1044332680941866,3351.1657627003506,1
Candidate 5: Model Probability Deterioration,2,19,3,PROB_DETERIORATION,4.885206074809073,7943.067244545155,1
Candidate 5: Model Probability Deterioration,2,20,1,PROB_DETERIORATION,-0.010245419537189026,-17.472270049824232,0
Candidate 5: Model Probability Deterioration,2,21,1,PROB_DETERIORATION,-0.487293272110268,-830.932038028714,0
Candidate 5: Model Probability Deterioration,2,22,1,PROB_DETERIORATION,1.3750390829053052,2333.2897352924206,1
Candidate 5: Model Probability Deterioration,2,23,1,PROB_DETERIORATION,-0.9024140789243909,-1552.3531421962168,0
Candidate 5: Model Probability Deterioration,2,24,1,PROB_DETERIORATION,3.787392050348157,6456.363906522628,1
Candidate 5: Model Probability Deterioration,2,25,1,PROB_DETERIORATION,1.0769230769230769,1905.3598975623438,1
Candidate 5: Model Probability Deterioration,2,26,1,PROB_DETERIORATION,-0.25290615914948567,-452.2762222041386,0
Candidate 5: Model Probability Deterioration,2,27,1,PROB_DETERIORATION,5.390895985290488,9616.245750227106,1
Candidate 5: Model Probability Deterioration,2,28,4,PROB_DETERIORATION,2.7166606542401706,5107.202649791042,1
Candidate 5: Model Probability Deterioration,2,29,2,PROB_DETERIORATION,0.855327868852459,1651.6621347349944,1
Candidate 5: Model Probability Deterioration,2,30,2,PROB_DETERIORATION,2.222638852463524,4328.688526294002,1
Candidate 5: Model Probability Deterioration,2,31,1,PROB_DETERIORATION,1.801994560290118,3587.4676945277156,1
Candidate 5: Model Probability Deterioration,2,32,1,PROB_DETERIORATION,0.011203020827187436,22.705232512303155,1
Candidate 5: Model Probability Deterioration,2,33,3,PROB_DETERIORATION,-0.9171477561773256,-1858.997345126988,0
Candidate 5: Model Probability Deterioration,2,34,1,PROB_DETERIORATION,3.6343236377018493,7298.969692101044,1
Candidate 5: Model Probability Deterioration,2,35,1,PROB_DETERIORATION,-0.5645311289072591,-1174.9772919035795,0
Candidate 5: Model Probability Deterioration,2,36,6,PROB_DETERIORATION,5.399716668007108,11175.163274567485,1
Candidate 5: Model Probability Deterioration,2,37,3,PROB_DETERIORATION,1.72827677093059,3769.950440665542,1
Candidate 5: Model Probability Deterioration,2,38,5,PROB_DETERIORATION,9.362539715912325,20775.797760518286,1
Candidate 5: Model Probability Deterioration,2,39,1,PROB_DETERIORATION,-0.9055735757094924,-2197.63905665161,0
Candidate 5: Model Probability Deterioration,2,40,1,PROB_DETERIORATION,-1.6348514658956517,-3931.5169520165696,0
Candidate 5: Model Probability Deterioration,2,41,3,PROB_DETERIORATION,-3.2521198799716045,-7692.892255423391,0
Candidate 5: Model Probability Deterioration,2,42,1,PROB_DETERIORATION,1.8014436722121263,4122.7333700424715,1
Candidate 5: Model Probability Deterioration,2,43,1,PROB_DETERIORATION,-1.6099005228487797,-3750.7450065983985,0
Candidate 5: Model Probability Deterioration,2,44,2,PROB_DETERIORATION,1.0020875535417224,2297.0770667927236,1
Candidate 5: Model Probability Deterioration,2,45,1,PROB_DETERIORATION,-0.8380828810408297,-1940.3819129852436,0
Candidate 5: Model Probability Deterioration,2,46,1,PROB_DETERIORATION,-2.8922208664008076,-6640.1305440036185,0
Candidate 5: Model Probability Deterioration,2,47,7,PROB_DETERIORATION,3.93491261715372,8772.720174870992,1
Candidate 5: Model Probability Deterioration,2,48,1,PROB_DETERIORATION,-0.6265876914162853,-1451.9193696546538,0
Candidate 5: Model Probability Deterioration,2,49,1,PROB_DETERIORATION,-3.555046332359867,-8186.082323954763,0
Candidate 5: Model Probability Deterioration,2,50,2,PROB_DETERIORATION,-2.2165453147570973,-4922.514066295427,0
Candidate 5: Model Probability Deterioration,2,51,1,PROB_DETERIORATION,1.6238805215599001,3526.385610806412,1
Candidate 5: Model Probability Deterioration,2,52,1,PROB_DETERIORATION,-0.44385039008719596,-979.5082734651068,0
Candidate 5: Model Probability Deterioration,2,53,1,PROB_DETERIORATION,0.6917155649236834,1519.7324704307482,1
Candidate 5: Model Probability Deterioration,2,54,5,PROB_DETERIORATION,3.425880179175718,7578.888260982172,1
Candidate 5: Model Probability Deterioration,2,55,1,PROB_DETERIORATION,0.030914440175033534,70.73330430513857,1
Candidate 5: Model Probability Deterioration,2,56,2,PROB_DETERIORATION,2.549974919007813,5836.234157873575,1
Candidate 5: Model Probability Deterioration,2,57,8,PROB_DETERIORATION,-0.5545501206867002,-1301.5868788415692,0
Candidate 5: Model Probability Deterioration,2,58,2,PROB_DETERIORATION,-0.8065981121060025,-1882.6711853977686,0
Candidate 5: Model Probability Deterioration,2,59,2,PROB_DETERIORATION,-1.0970494947177685,-2539.9565134276622,0
Candidate 6: Expected Return Decay Exit,2,1,10,RETURN_DECAY,19.451238510408547,19451.238510408548,1
Candidate 6: Expected Return Decay Exit,2,2,8,RETURN_DECAY,5.098227041485863,6089.895343127424,1
Candidate 6: Expected Return Decay Exit,2,3,5,RETURN_DECAY,6.265011060953967,7865.165921971055,1
Candidate 6: Expected Return Decay Exit,2,4,1,RETURN_DECAY,1.6574471793023797,2211.1389526408184,1
Candidate 6: Expected Return Decay Exit,2,5,1,RETURN_DECAY,0.8023894680301201,1088.1800451668596,1
Candidate 6: Expected Return Decay Exit,2,6,3,RETURN_DECAY,0.4129179192828515,564.4819965815183,1
Candidate 6: Expected Return Decay Exit,2,7,1,RETURN_DECAY,4.337081183334532,5953.51571083552,1
Candidate 6: Expected Return Decay Exit,2,8,1,RETURN_DECAY,0.8441594477819917,1209.035689977143,1
Candidate 6: Expected Return Decay Exit,2,9,1,RETURN_DECAY,-0.8499839937074535,-1227.6544251381865,0
Candidate 6: Expected Return Decay Exit,2,10,1,RETURN_DECAY,-2.7191967464570492,-3894.0256394614494,0
Candidate 6: Expected Return Decay Exit,2,11,1,RETURN_DECAY,-1.7025740048285485,-2371.8723969525663,0
Candidate 6: Expected Return Decay Exit,2,12,1,RETURN_DECAY,5.777044067777915,7911.032136216321,1
Candidate 6: Expected Return Decay Exit,2,13,6,RETURN_DECAY,-0.09042419843225671,-130.97957064924557,0
Candidate 6: Expected Return Decay Exit,2,14,1,RETURN_DECAY,3.719763895722884,5383.210776511397,1
Candidate 6: Expected Return Decay Exit,2,15,4,RETURN_DECAY,0.8193030446242798,1229.79323053176,1
Candidate 6: Expected Return Decay Exit,2,16,1,RETURN_DECAY,-0.32285179876990766,-488.5785886729724,0
Candidate 6: Expected Return Decay Exit,2,17,2,RETURN_DECAY,-5.1566269355349315,-7778.440557846646,0
Candidate 6: Expected Return Decay Exit,2,18,2,RETURN_DECAY,3.3233644859813083,4754.5759593732655,1
Candidate 6: Expected Return Decay Exit,2,19,2,RETURN_DECAY,2.874645061131804,4249.292081853713,1
Candidate 6: Expected Return Decay Exit,2,20,1,RETURN_DECAY,-0.37898345190154037,-576.3163650901345,0
Candidate 6: Expected Return Decay Exit,2,21,1,RETURN_DECAY,-1.4675333497777439,-2223.2057307820796,0
Candidate 6: Expected Return Decay Exit,2,22,1,RETURN_DECAY,0.5256321781852168,784.6084352823823,1
Candidate 6: Expected Return Decay Exit,2,23,2,RETURN_DECAY,4.47532116870364,6715.402522116309,1
Candidate 6: Expected Return Decay Exit,2,24,2,RETURN_DECAY,1.4912793488084766,2337.8710898202417,1
Candidate 6: Expected Return Decay Exit,2,25,3,RETURN_DECAY,4.885206074809072,7772.7226666929655,1
Candidate 6: Expected Return Decay Exit,2,26,3,RETURN_DECAY,1.115091610943439,1860.8658593316716,1
Candidate 6: Expected Return Decay Exit,2,27,1,RETURN_DECAY,1.3750390829053054,2320.254061607506,1
Candidate 6: Expected Return Decay Exit,2,28,1,RETURN_DECAY,-0.9024140789243906,-1543.6804220023457,0
Candidate 6: Expected Return Decay Exit,2,29,1,RETURN_DECAY,3.7873920503481573,6420.293352658927,1
Candidate 6: Expected Return Decay Exit,2,30,1,RETURN_DECAY,1.076923076923077,1894.7149915734901,1
Candidate 6: Expected Return Decay Exit,2,31,1,RETURN_DECAY,-0.25290615914948567,-449.74943559940505,0
Candidate 6: Expected Return Decay Exit,2,32,1,RETURN_DECAY,5.390895985290487,9562.521499964547,1
Candidate 6: Expected Return Decay Exit,2,33,1,RETURN_DECAY,1.034487987442739,1933.9267512655567,1
Candidate 6: Expected Return Decay Exit,2,34,1,RETURN_DECAY,0.9179446038835618,1733.8067405207769,1
Candidate 6: Expected Return Decay Exit,2,35,1,RETURN_DECAY,1.5104081701059813,2879.03494747916,1
Candidate 6: Expected Return Decay Exit,2,36,4,RETURN_DECAY,4.332239922162532,8382.540968815127,1
Candidate 6: Expected Return Decay Exit,2,37,2,RETURN_DECAY,1.8865291259986965,3808.423449780933,1
Candidate 6: Expected Return Decay Exit,2,38,4,RETURN_DECAY,1.966004237310863,4043.7372928376517,1
Candidate 6: Expected Return Decay Exit,2,39,7,RETURN_DECAY,2.7146084587384722,5693.260851830332,1
Candidate 6: Expected Return Decay Exit,2,40,3,RETURN_DECAY,7.378946134921531,15895.728619837924,1
Candidate 6: Expected Return Decay Exit,2,41,10,TIME_LIMIT_10D,7.962635340977576,18418.8310382274,1
Candidate 6: Expected Return Decay Exit,2,42,5,RETURN_DECAY,9.362539715912323,23381.500956076605,1
Candidate 6: Expected Return Decay Exit,2,43,2,RETURN_DECAY,1.8773179146790104,5127.257460382848,1
Candidate 6: Expected Return Decay Exit,2,44,10,TIME_LIMIT_10D,-5.239362382411165,-14578.177766642395,0
Candidate 6: Expected Return Decay Exit,2,45,10,TIME_LIMIT_10D,3.851290439720582,10154.511832179043,1
Candidate 6: Expected Return Decay Exit,2,46,1,RETURN_DECAY,2.5873939718772134,7084.7941747270215,1
Candidate 6: Expected Return Decay Exit,2,47,2,RETURN_DECAY,-1.5386400927687514,-4322.109028893562,0
Candidate 6: Expected Return Decay Exit,2,48,10,TIME_LIMIT_10D,-1.3147455680513775,-3636.354530345938,0
Candidate 6: Expected Return Decay Exit,2,49,9,RETURN_DECAY,-3.4406640864122364,-9391.155735669621,0
Candidate 6: Expected Return Decay Exit,2,50,1,RETURN_DECAY,-3.555046332359868,-9369.497587693293,0
Candidate 6: Expected Return Decay Exit,2,51,1,RETURN_DECAY,-4.129386660258891,-10496.296684169485,0
Candidate 6: Expected Return Decay Exit,2,52,1,RETURN_DECAY,1.6238805215599,3957.2193644888685,1
Candidate 6: Expected Return Decay Exit,2,53,1,RETURN_DECAY,-0.44385039008719596,-1099.1790278280962,0
Candidate 6: Expected Return Decay Exit,2,54,3,RETURN_DECAY,-2.916465064663271,-7190.46038326993,0
Candidate 6: Expected Return Decay Exit,2,55,2,RETURN_DECAY,4.685762032085562,11215.683092853053,1
Candidate 6: Expected Return Decay Exit,2,56,2,RETURN_DECAY,0.6562087509800925,1644.2775865164867,1
Candidate 6: Expected Return Decay Exit,2,57,1,RETURN_DECAY,0.030914440175033538,77.97135365462344,1
Candidate 6: Expected Return Decay Exit,2,58,2,RETURN_DECAY,2.5499749190078136,6433.448599709983,1
Candidate 6: Expected Return Decay Exit,2,59,1,RETURN_DECAY,-0.48962005113117,-1266.7843227586484,0
Candidate 6: Expected Return Decay Exit,2,60,1,RETURN_DECAY,-0.0714713020495307,-184.01090601556484,0
Candidate 6: Expected Return Decay Exit,2,61,1,RETURN_DECAY,-1.0278744361989822,-2644.4869473285453,0
Candidate 6: Expected Return Decay Exit,2,62,1,RETURN_DECAY,-0.21965664227747614,-559.3177484870287,0
Candidate 6: Expected Return Decay Exit,2,63,1,RETURN_DECAY,1.1268647169739319,2863.063861698843,1
Candidate 6: Expected Return Decay Exit,2,64,2,RETURN_DECAY,-0.8065981121060025,-2072.444925852348,0
Candidate 6: Expected Return Decay Exit,2,65,4,RETURN_DECAY,1.1990742937923653,3056.009320258115,1
Candidate 7: Combined Adaptive Exit,2,1,1,PROFIT_TARGET,2.897000000000001,2897.000000000001,1
Candidate 7: Combined Adaptive Exit,2,2,9,PROFIT_TARGET,2.8969999999999954,2980.9260899999954,1
Candidate 7: Combined Adaptive Exit,2,3,1,PROFIT_TARGET,2.896999999999996,3067.283518827295,1
Candidate 7: Combined Adaptive Exit,2,4,7,PROFIT_TARGET,2.8969999999999962,3156.142722367723,1
Candidate 7: Combined Adaptive Exit,2,5,4,PROFIT_TARGET,2.8969999999999954,3247.5761770347144,1
Candidate 7: Combined Adaptive Exit,2,6,1,PROFIT_TARGET,2.8969999999999954,3341.65845888341,1
Candidate 7: Combined Adaptive Exit,2,7,1,PROB_DETERIORATION,1.65744717930238,1967.233785783855,1
Candidate 7: Combined Adaptive Exit,2,8,1,PROFIT_TARGET,2.897,3495.457067211426,1
Candidate 7: Combined Adaptive Exit,2,9,3,PROB_DETERIORATION,0.4129179192828514,512.6511314962495,1
Candidate 7: Combined Adaptive Exit,2,10,1,PROFIT_TARGET,2.897000000000005,3611.5719617279938,1
Candidate 7: Combined Adaptive Exit,2,11,1,PROFIT_TARGET,2.8970000000000042,3716.1992014592524,1
Candidate 7: Combined Adaptive Exit,2,12,3,PROB_DETERIORATION,-3.2143274258386763,-4242.709703169013,0
Candidate 7: Combined Adaptive Exit,2,13,2,PROFIT_TARGET,2.8970000000000105,3700.946192224729,1
Candidate 7: Combined Adaptive Exit,2,14,5,PROB_DETERIORATION,-2.446644295302013,-3216.1613079820577,0
Candidate 7: Combined Adaptive Exit,2,15,1,PROFIT_TARGET,2.896999999999997,3714.990410321223,1
Candidate 7: Combined Adaptive Exit,2,16,1,PROB_DETERIORATION,-0.12842489687831887,-169.4576347883226,0
Candidate 7: Combined Adaptive Exit,2,17,1,PROB_DETERIORATION,-0.32285179876990766,-425.4583235510235,0
Candidate 7: Combined Adaptive Exit,2,18,7,PROFIT_TARGET,2.8970000000000065,3805.37896719515,1
Candidate 7: Combined Adaptive Exit,2,19,1,PROB_DETERIORATION,-0.3789834519015403,-512.2386902168045,0
Candidate 7: Combined Adaptive Exit,2,20,1,PROB_DETERIORATION,-1.4675333497777439,-1976.0188337532268,0
Candidate 7: Combined Adaptive Exit,2,21,2,PROFIT_TARGET,2.8970000000000007,3843.5359754053743,1
Candidate 7: Combined Adaptive Exit,2,22,3,PROFIT_TARGET,2.8970000000000073,3954.883212612877,1
Candidate 7: Combined Adaptive Exit,2,23,3,PROFIT_TARGET,2.8970000000000034,4069.456179282267,1
Candidate 7: Combined Adaptive Exit,2,24,1,PROB_DETERIORATION,-0.010245419537189007,-14.808816132509946,0
Candidate 7: Combined Adaptive Exit,2,25,1,PROB_DETERIORATION,-0.48729327211026785,-704.265658365485,0
Candidate 7: Combined Adaptive Exit,2,26,1,PROB_DETERIORATION,1.3750390829053054,1977.6055758802752,1
Candidate 7: Combined Adaptive Exit,2,27,1,PROB_DETERIORATION,-0.9024140789243909,-1315.7141109857757,0
Candidate 7: Combined Adaptive Exit,2,28,1,PROFIT_TARGET,2.8969999999999954,4185.6917330078495,1
Candidate 7: Combined Adaptive Exit,2,29,1,PROB_DETERIORATION,1.0769230769230769,1601.0545953422188,1
Candidate 7: Combined Adaptive Exit,2,30,1,PROB_DETERIORATION,-0.2529061591494857,-380.0431219584128,0
Candidate 7: Combined Adaptive Exit,2,31,1,PROFIT_TARGET,2.8970000000000042,4342.323924897029,1
Candidate 7: Combined Adaptive Exit,2,32,4,PROFIT_TARGET,2.897000000000007,4468.1210490013,1
Candidate 7: Combined Adaptive Exit,2,33,2,PROB_DETERIORATION,0.8553278688524587,1357.4122708137186,1
Candidate 7: Combined Adaptive Exit,2,34,2,PROB_DETERIORATION,2.222638852463524,3557.5162731842815,1
Candidate 7: Combined Adaptive Exit,2,35,1,PROB_DETERIORATION,1.8019945602901184,2948.346739498906,1
Candidate 7: Combined Adaptive Exit,2,36,1,PROB_DETERIORATION,0.011203020827187443,18.66020935863132,1
Candidate 7: Combined Adaptive Exit,2,37,3,PROB_DETERIORATION,-0.9171477561773257,-1527.809928324341,0
Candidate 7: Combined Adaptive Exit,2,38,1,PROFIT_TARGET,2.8970000000000042,4781.641533395333,1
Candidate 7: Combined Adaptive Exit,2,39,1,PROB_DETERIORATION,-0.5645311289072591,-958.7803557494517,0
Candidate 7: Combined Adaptive Exit,2,40,5,PROFIT_TARGET,2.897000000000011,4892.389821711746,1
Candidate 7: Combined Adaptive Exit,2,41,1,PROB_DETERIORATION,2.194198976299534,3812.863692637648,1
Candidate 7: Combined Adaptive Exit,2,42,3,PROB_DETERIORATION,1.7282767709305897,3069.1266365764777,1
Candidate 7: Combined Adaptive Exit,2,43,1,PROFIT_TARGET,2.896999999999993,5233.493614684038,1
Candidate 7: Combined Adaptive Exit,2,44,4,PROFIT_TARGET,2.8970000000000056,5385.107924701457,1
Candidate 7: Combined Adaptive Exit,2,45,1,PROB_DETERIORATION,-0.9055735757094922,-1732.0976431963727,0
Candidate 7: Combined Adaptive Exit,2,46,1,PROB_DETERIORATION,-1.6348514658956517,-3098.675929590577,0
Candidate 7: Combined Adaptive Exit,2,47,2,STOP_LOSS,-4.7325681192951965,-8823.400313431572,0
Candidate 7: Combined Adaptive Exit,2,48,1,PROB_DETERIORATION,1.8014436722121263,3199.6631145448505,1
Candidate 7: Combined Adaptive Exit,2,49,1,PROB_DETERIORATION,-1.6099005228487795,-2910.9620663032456,0
Candidate 7: Combined Adaptive Exit,2,50,1,PROFIT_TARGET,2.896999999999998,5153.916753163853,1
Candidate 7: Combined Adaptive Exit,2,51,1,PROB_DETERIORATION,-0.8380828810408296,-1534.1880191532887,0
Candidate 7: Combined Adaptive Exit,2,52,1,STOP_LOSS,-2.7238091634041037,-4944.395566009014,0
Candidate 7: Combined Adaptive Exit,2,53,1,STOP_LOSS,-3.4692322305415373,-6125.99249283032,0
Candidate 7: Combined Adaptive Exit,2,54,1,PROFIT_TARGET,2.8969999999999967,4938.071152523561,1
Candidate 7: Combined Adaptive Exit,2,55,1,PROFIT_TARGET,2.897000000000007,5081.127073812187,1
Candidate 7: Combined Adaptive Exit,2,56,2,PROB_DETERIORATION,1.326829268292683,2394.579813327866,1
Candidate 7: Combined Adaptive Exit,2,57,1,PROB_DETERIORATION,-0.6265876914162855,-1145.8310490433455,0
Candidate 7: Combined Adaptive Exit,2,58,1,STOP_LOSS,-3.2875807384390345,-5974.277030261865,0
Candidate 7: Combined Adaptive Exit,2,59,1,STOP_LOSS,-4.336818849955377,-7621.886181729794,0
Candidate 7: Combined Adaptive Exit,2,60,1,PROB_DETERIORATION,1.6238805215599,2730.1723772264218,1
Candidate 7: Combined Adaptive Exit,2,61,1,PROB_DETERIORATION,-0.443850390087196,-758.3477040299169,0
Candidate 7: Combined Adaptive Exit,2,62,1,PROB_DETERIORATION,0.6917155649236832,1176.5961155323785,1
Candidate 7: Combined Adaptive Exit,2,63,2,PROFIT_TARGET,2.8970000000000073,4961.832478839927,1
Candidate 7: Combined Adaptive Exit,2,64,4,PROB_DETERIORATION,-0.18496704231341698,-325.9797837988373,0
Candidate 7: Combined Adaptive Exit,2,65,1,PROB_DETERIORATION,0.030914440175033524,54.381809739434985,1
Candidate 7: Combined Adaptive Exit,2,66,2,PROFIT_TARGET,2.8969999999999954,5097.708572443398,1
Candidate 7: Combined Adaptive Exit,2,67,8,PROB_DETERIORATION,-0.5545501206867002,-1004.0839517587656,0
Candidate 7: Combined Adaptive Exit,2,68,1,STOP_LOSS,-2.9453843416506302,-5303.42109994121,0
Candidate 7: Combined Adaptive Exit,2,69,1,PROFIT_TARGET,2.8969999999999945,5062.660768439333,1
Candidate 7: Combined Adaptive Exit,2,70,2,PROB_DETERIORATION,-1.097049494717768,-1972.691926807415,0
Candidate 1: Control Baseline (Fixed 10D),3,1,10,TIME_LIMIT_10D,-1.4602118003025721,-1460.211800302572,0
Candidate 1: Control Baseline (Fixed 10D),3,2,10,TIME_LIMIT_10D,-1.1955328818479196,-1178.075569630679,0
Candidate 1: Control Baseline (Fixed 10D),3,3,10,TIME_LIMIT_10D,1.432289551926549,1394.5016375771975,1
Candidate 1: Control Baseline (Fixed 10D),3,4,10,TIME_LIMIT_10D,2.2416586763165234,2213.777245532377,1
Candidate 1: Control Baseline (Fixed 10D),3,5,10,TIME_LIMIT_10D,2.586463441087238,2611.5519169571926,1
Candidate 1: Control Baseline (Fixed 10D),3,6,10,TIME_LIMIT_10D,1.2253412805229764,1269.2274106522611,1
Candidate 1: Control Baseline (Fixed 10D),3,7,10,TIME_LIMIT_10D,4.362174605540603,4573.773699330329,1
Candidate 1: Control Baseline (Fixed 10D),3,8,10,TIME_LIMIT_10D,6.017770477866667,6584.917936875169,1
Candidate 1: Control Baseline (Fixed 10D),3,9,10,TIME_LIMIT_10D,-2.715462535782946,-3150.193491525873,0
Candidate 1: Control Baseline (Fixed 10D),3,10,10,TIME_LIMIT_10D,3.7945892688965017,4282.545709877508,1
Candidate 1: Control Baseline (Fixed 10D),3,11,10,TIME_LIMIT_10D,-0.9280415450243227,-1087.1247069681895,0
Candidate 1: Control Baseline (Fixed 10D),3,12,10,TIME_LIMIT_10D,3.0960536243014194,3593.115435556852,1
Candidate 1: Control Baseline (Fixed 10D),3,13,10,TIME_LIMIT_10D,4.764761257588484,5700.932278394344,1
Candidate 1: Control Baseline (Fixed 10D),3,14,10,TIME_LIMIT_10D,15.128936161178366,18963.930505827808,1
Candidate 1: Control Baseline (Fixed 10D),3,15,10,TIME_LIMIT_10D,3.985627437289088,5751.765299588143,1
Candidate 1: Control Baseline (Fixed 10D),3,16,10,TIME_LIMIT_10D,-1.1772937585812806,-1766.699209537001,0
Candidate 1: Control Baseline (Fixed 10D),3,17,10,TIME_LIMIT_10D,-1.422472575134336,-2109.4945999375504,0
Candidate 1: Control Baseline (Fixed 10D),3,18,10,TIME_LIMIT_10D,0.08649803664280162,126.44995714167395,1
Candidate 1: Control Baseline (Fixed 10D),3,19,10,TIME_LIMIT_10D,-0.3908601907177768,-571.8858750352549,0
Candidate 1: Control Baseline (Fixed 10D),3,20,10,TIME_LIMIT_10D,2.2780250158604725,3320.057528933357,1
Candidate 1: Control Baseline (Fixed 10D),3,21,10,TIME_LIMIT_10D,-3.692143727989164,-5503.61508459277,0
Candidate 1: Control Baseline (Fixed 10D),3,22,10,TIME_LIMIT_10D,6.998503385693311,10046.99870751243,1
Candidate 1: Control Baseline (Fixed 10D),3,23,10,TIME_LIMIT_10D,-8.49683291589908,-13051.665980278009,0
Candidate 1: Control Baseline (Fixed 10D),3,24,10,TIME_LIMIT_10D,4.327499368126341,6082.498516018222,1
Candidate 1: Control Baseline (Fixed 10D),3,25,10,TIME_LIMIT_10D,7.1596083957921675,10498.640509740828,1
Candidate 1: Control Baseline (Fixed 10D),3,26,10,TIME_LIMIT_10D,-1.3694609086000935,-2151.9122311527976,0
Candidate 1: Control Baseline (Fixed 10D),3,27,10,TIME_LIMIT_10D,1.567740772082173,2429.744312813377,1
Candidate 1: Control Baseline (Fixed 10D),3,28,10,TIME_LIMIT_10D,2.1821155942220694,3434.945623264041,1
Candidate 1: Control Baseline (Fixed 10D),3,29,10,TIME_LIMIT_10D,5.041083306406943,8108.5066644638755,1
Candidate 1: Control Baseline (Fixed 10D),3,30,10,TIME_LIMIT_10D,-4.141312660980353,-6997.037729813172,0
Candidate 1: Control Baseline (Fixed 10D),3,31,10,TIME_LIMIT_10D,5.56063813272211,9006.007552251882,1
Candidate 1: Control Baseline (Fixed 10D),3,32,10,TIME_LIMIT_10D,0.17045077304042838,291.4128211990561,1
Candidate 1: Control Baseline (Fixed 10D),3,33,10,TIME_LIMIT_10D,1.4639823053513386,2507.177812871766,1
Candidate 1: Control Baseline (Fixed 10D),3,34,10,TIME_LIMIT_10D,-1.630433074732397,-2833.1149041141375,0
Candidate 1: Control Baseline (Fixed 10D),3,35,10,TIME_LIMIT_10D,-1.6070290234469307,-2746.9179779429005,0
Candidate 1: Control Baseline (Fixed 10D),3,36,10,TIME_LIMIT_10D,-0.609380892635225,-1024.884389710291,0
Candidate 1: Control Baseline (Fixed 10D),3,37,10,TIME_LIMIT_10D,0.368595102737723,616.1422671840937,1
Candidate 1: Control Baseline (Fixed 10D),3,38,10,TIME_LIMIT_10D,-4.93416135127895,-8278.328078383158,0
Candidate 1: Control Baseline (Fixed 10D),3,39,10,TIME_LIMIT_10D,-6.980577420693604,-11133.843659838833,0
Candidate 1: Control Baseline (Fixed 10D),3,40,10,TIME_LIMIT_10D,-0.8223568154660545,-1220.0783083478839,0
Candidate 2: Profit Target (+3.0%) + 10D Time Stop,3,1,10,TIME_LIMIT_10D,-1.4602118003025721,-1460.211800302572,0
Candidate 2: Profit Target (+3.0%) + 10D Time Stop,3,2,10,TIME_LIMIT_10D,-1.1955328818479196,-1178.075569630679,0
Candidate 2: Profit Target (+3.0%) + 10D Time Stop,3,3,10,TIME_LIMIT_10D,1.432289551926549,1394.5016375771975,1
Candidate 2: Profit Target (+3.0%) + 10D Time Stop,3,4,10,TIME_LIMIT_10D,2.2416586763165234,2213.777245532377,1
Candidate 2: Profit Target (+3.0%) + 10D Time Stop,3,5,10,PROFIT_TARGET,2.8970000000000073,2925.1006541367256,1
Candidate 2: Profit Target (+3.0%) + 10D Time Stop,3,6,4,PROFIT_TARGET,2.896999999999995,3009.8408200870535,1
Candidate 2: Profit Target (+3.0%) + 10D Time Stop,3,7,1,PROFIT_TARGET,2.897000000000006,3097.0359086449876,1
Candidate 2: Profit Target (+3.0%) + 10D Time Stop,3,8,4,PROFIT_TARGET,2.897000000000003,3186.7570389184293,1
Candidate 2: Profit Target (+3.0%) + 10D Time Stop,3,9,5,PROFIT_TARGET,2.8970000000000042,3279.077390335898,1
Candidate 2: Profit Target (+3.0%) + 10D Time Stop,3,10,2,PROFIT_TARGET,2.897000000000003,3374.0722623339275,1
Candidate 2: Profit Target (+3.0%) + 10D Time Stop,3,11,10,TIME_LIMIT_10D,-2.7154625357829474,-3254.2612337617934,0
Candidate 2: Profit Target (+3.0%) + 10D Time Stop,3,12,1,PROFIT_TARGET,2.8970000000000047,3377.543187831664,1
Candidate 2: Profit Target (+3.0%) + 10D Time Stop,3,13,6,PROFIT_TARGET,2.897000000000008,3475.390613983151,1
Candidate 2: Profit Target (+3.0%) + 10D Time Stop,3,14,10,TIME_LIMIT_10D,-0.9280415450243225,-1145.5795702905245,0
Candidate 2: Profit Target (+3.0%) + 10D Time Stop,3,15,10,PROFIT_TARGET,2.897000000000009,3542.885239918928,1
Candidate 2: Profit Target (+3.0%) + 10D Time Stop,3,16,5,PROFIT_TARGET,2.8969999999999976,3645.5226253193655,1
Candidate 2: Profit Target (+3.0%) + 10D Time Stop,3,17,2,PROFIT_TARGET,2.897,3751.1334157748706,1
Candidate 2: Profit Target (+3.0%) + 10D Time Stop,3,18,1,PROFIT_TARGET,2.897000000000009,3859.803750829881,1
Candidate 2: Profit Target (+3.0%) + 10D Time Stop,3,19,1,PROFIT_TARGET,2.897000000000011,3971.6222654914254,1
Candidate 2: Profit Target (+3.0%) + 10D Time Stop,3,20,10,TIME_LIMIT_10D,-1.1772937585812804,-1660.760458631655,0
Candidate 2: Profit Target (+3.0%) + 10D Time Stop,3,21,10,TIME_LIMIT_10D,-1.422472575134336,-1983.0003887257149,0
Candidate 2: Profit Target (+3.0%) + 10D Time Stop,3,22,10,TIME_LIMIT_10D,0.08649803664280162,118.86748331743188,1
Candidate 2: Profit Target (+3.0%) + 10D Time Stop,3,23,10,TIME_LIMIT_10D,-0.3908601907177767,-537.5931811037717,0
Candidate 2: Profit Target (+3.0%) + 10D Time Stop,3,24,3,PROFIT_TARGET,2.896999999999998,3968.989927309882,1
Candidate 2: Profit Target (+3.0%) + 10D Time Stop,3,25,10,TIME_LIMIT_10D,0.691444796018695,974.7465951177426,1
Candidate 2: Profit Target (+3.0%) + 10D Time Stop,3,26,10,TIME_LIMIT_10D,-3.692143727989164,-5240.8941197876375,0
Candidate 2: Profit Target (+3.0%) + 10D Time Stop,3,27,6,PROFIT_TARGET,2.897000000000009,3960.3812717143774,1
Candidate 2: Profit Target (+3.0%) + 10D Time Stop,3,28,10,TIME_LIMIT_10D,-8.496832915899079,-11952.212174178729,0
Candidate 2: Profit Target (+3.0%) + 10D Time Stop,3,29,2,PROFIT_TARGET,2.8970000000000082,3728.8579304699833,1
Candidate 2: Profit Target (+3.0%) + 10D Time Stop,3,30,2,PROFIT_TARGET,2.896999999999994,3836.8829447156804,1
Candidate 2: Profit Target (+3.0%) + 10D Time Stop,3,31,10,TIME_LIMIT_10D,-0.7402029429766466,-1008.7500637737508,0
Candidate 2: Profit Target (+3.0%) + 10D Time Stop,3,32,1,PROFIT_TARGET,2.8970000000000034,3918.8139542765807,1
Candidate 2: Profit Target (+3.0%) + 10D Time Stop,3,33,3,PROFIT_TARGET,2.897000000000003,4032.3419945319724,1
Candidate 2: Profit Target (+3.0%) + 10D Time Stop,3,34,9,PROFIT_TARGET,2.8970000000000056,4149.158942113568,1
Candidate 2: Profit Target (+3.0%) + 10D Time Stop,3,35,4,PROFIT_TARGET,2.897000000000006,4269.3600766665995,1
Candidate 2: Profit Target (+3.0%) + 10D Time Stop,3,36,10,TIME_LIMIT_10D,-0.40450861019612283,-613.4014137632106,0
Candidate 2: Profit Target (+3.0%) + 10D Time Stop,3,37,7,PROFIT_TARGET,2.897000000000001,4375.273199130904,1
Candidate 2: Profit Target (+3.0%) + 10D Time Stop,3,38,3,PROFIT_TARGET,2.897,4502.024863709724,1
Candidate 2: Profit Target (+3.0%) + 10D Time Stop,3,39,2,PROFIT_TARGET,2.8969999999999962,4632.448524011389,1
Candidate 2: Profit Target (+3.0%) + 10D Time Stop,3,40,2,PROFIT_TARGET,2.8970000000000007,4766.650557752006,1
Candidate 2: Profit Target (+3.0%) + 10D Time Stop,3,41,10,TIME_LIMIT_10D,-4.141312660980352,-7011.413054342979,0
Candidate 2: Profit Target (+3.0%) + 10D Time Stop,3,42,6,PROFIT_TARGET,2.8970000000000025,4701.6197882257675,1
Candidate 2: Profit Target (+3.0%) + 10D Time Stop,3,43,10,TIME_LIMIT_10D,0.1704507730404284,284.6431248530707,1
Candidate 2: Profit Target (+3.0%) + 10D Time Stop,3,44,4,PROFIT_TARGET,2.89700000000001,4846.071824817674,1
Candidate 2: Profit Target (+3.0%) + 10D Time Stop,3,45,10,PROFIT_TARGET,2.8970000000000042,4986.462525582632,1
Candidate 2: Profit Target (+3.0%) + 10D Time Stop,3,46,10,TIME_LIMIT_10D,-1.630433074732397,-2887.684582057925,0
Candidate 2: Profit Target (+3.0%) + 10D Time Stop,3,47,10,TIME_LIMIT_10D,-1.6070290234469309,-2799.8273848916506,0
Candidate 2: Profit Target (+3.0%) + 10D Time Stop,3,48,10,TIME_LIMIT_10D,-0.609380892635225,-1044.6250684222239,0
Candidate 2: Profit Target (+3.0%) + 10D Time Stop,3,49,10,TIME_LIMIT_10D,0.36859510273772306,628.0100121311714,1
Candidate 2: Profit Target (+3.0%) + 10D Time Stop,3,50,10,TIME_LIMIT_10D,-4.93416135127895,-8437.78002877683,0
Candidate 2: Profit Target (+3.0%) + 10D Time Stop,3,51,10,TIME_LIMIT_10D,-6.9805774206936055,-11348.296755938678,0
Candidate 2: Profit Target (+3.0%) + 10D Time Stop,3,52,1,PROFIT_TARGET,2.897000000000012,4380.881140632283,1
Candidate 2: Profit Target (+3.0%) + 10D Time Stop,3,53,5,PROFIT_TARGET,2.8970000000000065,4507.795267276393,1
Candidate 2: Profit Target (+3.0%) + 10D Time Stop,3,54,4,TIME_LIMIT_10D,-4.646591255297585,-7439.656290353657,0
Candidate 3: ATR Protective Stop (1.5x ATR14),3,1,5,STOP_LOSS,-4.027206155427826,-4027.206155427826,0
Candidate 3: ATR Protective Stop (1.5x ATR14),3,2,5,STOP_LOSS,-4.302974499712454,-4129.684845793545,0
Candidate 3: ATR Protective Stop (1.5x ATR14),3,3,10,TIME_LIMIT_10D,-1.19553288184792,-1098.0145677918247,0
Candidate 3: ATR Protective Stop (1.5x ATR14),3,4,2,STOP_LOSS,-2.2900899253283957,-2078.144265293768,0
Candidate 3: ATR Protective Stop (1.5x ATR14),3,5,10,TIME_LIMIT_10D,2.8360222067694267,2514.614396764236,1
Candidate 3: ATR Protective Stop (1.5x ATR14),3,6,5,STOP_LOSS,-2.787572629188904,-2541.7523366092687,0
Candidate 3: ATR Protective Stop (1.5x ATR14),3,7,10,TIME_LIMIT_10D,4.76033798338021,4219.554649783939,1
Candidate 3: ATR Protective Stop (1.5x ATR14),3,8,10,TIME_LIMIT_10D,5.692558273690297,5286.073571975215,1
Candidate 3: ATR Protective Stop (1.5x ATR14),3,9,10,TIME_LIMIT_10D,4.362174605540603,4281.275479701496,1
Candidate 3: ATR Protective Stop (1.5x ATR14),3,10,10,TIME_LIMIT_10D,6.017770477866668,6163.804672521937,1
Candidate 3: ATR Protective Stop (1.5x ATR14),3,11,6,STOP_LOSS,-3.877817270430438,-4210.941961870553,0
Candidate 3: ATR Protective Stop (1.5x ATR14),3,12,10,TIME_LIMIT_10D,6.56807190718513,6855.7257813580645,1
Candidate 3: ATR Protective Stop (1.5x ATR14),3,13,10,TIME_LIMIT_10D,3.0932781185765608,3440.8173317347932,1
Candidate 3: ATR Protective Stop (1.5x ATR14),3,14,4,STOP_LOSS,-3.0740395988120843,-3525.1893930093242,0
Candidate 3: ATR Protective Stop (1.5x ATR14),3,15,3,STOP_LOSS,-3.6145372932672344,-4017.5919018957234,0
Candidate 3: ATR Protective Stop (1.5x ATR14),3,16,8,STOP_LOSS,-3.8419743160245297,-4116.0354242243175,0
Candidate 3: ATR Protective Stop (1.5x ATR14),3,17,10,TIME_LIMIT_10D,7.979248126510536,8220.006381741405,1
Candidate 3: ATR Protective Stop (1.5x ATR14),3,18,10,TIME_LIMIT_10D,15.128936161178363,16829.021831184546,1
Candidate 3: ATR Protective Stop (1.5x ATR14),3,19,10,TIME_LIMIT_10D,3.9856274372890867,5104.246915736797,1
Candidate 3: ATR Protective Stop (1.5x ATR14),3,20,10,TIME_LIMIT_10D,-1.1772937585812806,-1567.8089284970633,0
Candidate 3: ATR Protective Stop (1.5x ATR14),3,21,5,STOP_LOSS,-4.202517691360966,-5530.629743349849,0
Candidate 3: ATR Protective Stop (1.5x ATR14),3,22,10,TIME_LIMIT_10D,3.9250054546953588,4948.33843028427,1
Candidate 3: ATR Protective Stop (1.5x ATR14),3,23,6,STOP_LOSS,-3.6510396667920024,-4783.609693464803,0
Candidate 3: ATR Protective Stop (1.5x ATR14),3,24,10,TIME_LIMIT_10D,6.407655389897446,8088.823619045863,1
Candidate 3: ATR Protective Stop (1.5x ATR14),3,25,10,TIME_LIMIT_10D,2.2780250158604725,3059.9729085082454,1
Candidate 3: ATR Protective Stop (1.5x ATR14),3,26,3,STOP_LOSS,-2.662428370110918,-3657.794968100922,0
Candidate 3: ATR Protective Stop (1.5x ATR14),3,27,10,TIME_LIMIT_10D,4.469008620260808,5976.310117763506,1
Candidate 3: ATR Protective Stop (1.5x ATR14),3,28,10,TIME_LIMIT_10D,6.998503385693311,9777.201900420883,1
Candidate 3: ATR Protective Stop (1.5x ATR14),3,29,5,STOP_LOSS,-4.33051950184427,-6473.320477224101,0
Candidate 3: ATR Protective Stop (1.5x ATR14),3,30,10,TIME_LIMIT_10D,6.380214402512265,9124.221053077543,1
Candidate 3: ATR Protective Stop (1.5x ATR14),3,31,10,TIME_LIMIT_10D,1.8142391905256152,2760.0435246466004,1
Candidate 3: ATR Protective Stop (1.5x ATR14),3,32,10,TIME_LIMIT_10D,7.159608395792167,11089.684113030982,1
Candidate 3: ATR Protective Stop (1.5x ATR14),3,33,5,STOP_LOSS,-3.47769222678382,-5772.343529765115,0
Candidate 3: ATR Protective Stop (1.5x ATR14),3,34,10,TIME_LIMIT_10D,2.098806568905311,3362.4910462257867,1
Candidate 3: ATR Protective Stop (1.5x ATR14),3,35,10,TIME_LIMIT_10D,0.45335031009555604,741.5548924737059,1
Candidate 3: ATR Protective Stop (1.5x ATR14),3,36,10,TIME_LIMIT_10D,9.355339000595063,15372.105008990335,1
Candidate 3: ATR Protective Stop (1.5x ATR14),3,37,10,STOP_LOSS,-3.562523918613273,-6401.35029571574,0
Candidate 3: ATR Protective Stop (1.5x ATR14),3,38,10,TIME_LIMIT_10D,-0.027877156191970398,-48.30678211828804,0
Candidate 3: ATR Protective Stop (1.5x ATR14),3,39,10,TIME_LIMIT_10D,0.62661494247511,1085.523679098264,1
Candidate 3: ATR Protective Stop (1.5x ATR14),3,40,10,TIME_LIMIT_10D,0.17045077304042838,297.13266142532797,1
Candidate 3: ATR Protective Stop (1.5x ATR14),3,41,10,TIME_LIMIT_10D,1.4639823053513386,2556.3886075426176,1
Candidate 3: ATR Protective Stop (1.5x ATR14),3,42,10,TIME_LIMIT_10D,-1.6304330747323976,-2888.723180124525,0
Candidate 3: ATR Protective Stop (1.5x ATR14),3,43,10,TIME_LIMIT_10D,-1.6070290234469309,-2800.8343838301175,0
Candidate 3: ATR Protective Stop (1.5x ATR14),3,44,10,TIME_LIMIT_10D,-0.6093808926352249,-1045.0007831325925,0
Candidate 3: ATR Protective Stop (1.5x ATR14),3,45,10,TIME_LIMIT_10D,0.3685951027377231,628.2358851328341,1
Candidate 3: ATR Protective Stop (1.5x ATR14),3,46,9,STOP_LOSS,-2.6296755070864335,-4498.556564960425,0
Candidate 3: ATR Protective Stop (1.5x ATR14),3,47,8,STOP_LOSS,-2.3059837535869825,-3841.08470838648,0
Candidate 3: ATR Protective Stop (1.5x ATR14),3,48,7,STOP_LOSS,-3.1087963945900814,-5058.920857034909,0
Candidate 3: ATR Protective Stop (1.5x ATR14),3,49,2,STOP_LOSS,-3.702729280356434,-5838.105205509999,0
Candidate 3: ATR Protective Stop (1.5x ATR14),3,50,10,TIME_LIMIT_10D,0.5772331794886547,876.4259366040061,1
Candidate 3: ATR Protective Stop (1.5x ATR14),3,51,1,TIME_LIMIT_10D,-0.2060960957581527,-314.7265520225846,0
Candidate 4: Trailing ATR Exit (1.5x ATR14),3,1,5,TRAILING_STOP,-4.027206155427826,-4027.206155427826,0
Candidate 4: Trailing ATR Exit (1.5x ATR14),3,2,5,TRAILING_STOP,-0.2941699793018675,-282.32314778800196,0
Candidate 4: Trailing ATR Exit (1.5x ATR14),3,3,10,TIME_LIMIT_10D,-1.19553288184792,-1144.0110419751034,0
Candidate 4: Trailing ATR Exit (1.5x ATR14),3,4,2,TRAILING_STOP,-2.2900899253283953,-2165.1989473094586,0
Candidate 4: Trailing ATR Exit (1.5x ATR14),3,5,10,TIME_LIMIT_10D,2.8360222067694267,2619.953068558248,1
Candidate 4: Trailing ATR Exit (1.5x ATR14),3,6,5,TRAILING_STOP,-2.485632647560055,-2361.381185196015,0
Candidate 4: Trailing ATR Exit (1.5x ATR14),3,7,10,TIME_LIMIT_10D,4.760337983380211,4409.969138562636,1
Candidate 4: Trailing ATR Exit (1.5x ATR14),3,8,7,TRAILING_STOP,0.5700193815353436,553.2026795993426,1
Candidate 4: Trailing ATR Exit (1.5x ATR14),3,9,8,TRAILING_STOP,4.486979391530614,4379.426693347616,1
Candidate 4: Trailing ATR Exit (1.5x ATR14),3,10,10,TIME_LIMIT_10D,4.362174605540604,4448.651711660589,1
Candidate 4: Trailing ATR Exit (1.5x ATR14),3,11,5,TRAILING_STOP,0.20932272148760475,222.78443905505821,1
Candidate 4: Trailing ATR Exit (1.5x ATR14),3,12,4,TRAILING_STOP,-3.238362900638435,-3453.839269220137,0
Candidate 4: Trailing ATR Exit (1.5x ATR14),3,13,3,TRAILING_STOP,-4.206304492002846,-4340.90741283359,0
Candidate 4: Trailing ATR Exit (1.5x ATR14),3,14,10,TIME_LIMIT_10D,5.900493041586456,5833.175530267388,1
Candidate 4: Trailing ATR Exit (1.5x ATR14),3,15,10,TIME_LIMIT_10D,3.0932781185765608,3238.4238871369175,1
Candidate 4: Trailing ATR Exit (1.5x ATR14),3,16,4,TRAILING_STOP,-3.0740395988120843,-3317.833071727563,0
Candidate 4: Trailing ATR Exit (1.5x ATR14),3,17,3,TRAILING_STOP,-3.134063967686135,-3278.634794412854,0
Candidate 4: Trailing ATR Exit (1.5x ATR14),3,18,8,TRAILING_STOP,-3.3502317198366556,-3394.932257660452,0
Candidate 4: Trailing ATR Exit (1.5x ATR14),3,19,10,TIME_LIMIT_10D,7.9792481265105355,7814.821345416192,1
Candidate 4: Trailing ATR Exit (1.5x ATR14),3,20,2,TRAILING_STOP,-2.2489587444570183,-2378.36700636891,0
Candidate 4: Trailing ATR Exit (1.5x ATR14),3,21,10,TIME_LIMIT_10D,3.985627437289088,4120.173220172048,1
Candidate 4: Trailing ATR Exit (1.5x ATR14),3,22,10,TIME_LIMIT_10D,-1.1772937585812806,-1265.543079748873,0
Candidate 4: Trailing ATR Exit (1.5x ATR14),3,23,5,TRAILING_STOP,-4.202517691360966,-4464.351536165396,0
Candidate 4: Trailing ATR Exit (1.5x ATR14),3,24,10,TIME_LIMIT_10D,3.9250054546953588,3994.3231237398772,1
Candidate 4: Trailing ATR Exit (1.5x ATR14),3,25,6,TRAILING_STOP,-1.9644795172085165,-2077.640922500613,0
Candidate 4: Trailing ATR Exit (1.5x ATR14),3,26,10,TIME_LIMIT_10D,6.407655389897446,6643.632358208881,1
Candidate 4: Trailing ATR Exit (1.5x ATR14),3,27,5,TRAILING_STOP,1.3564704063478032,1496.5445237372053,1
Candidate 4: Trailing ATR Exit (1.5x ATR14),3,28,3,TRAILING_STOP,-2.399708151725612,-2683.4235321483284,0
Candidate 4: Trailing ATR Exit (1.5x ATR14),3,29,10,TIME_LIMIT_10D,4.469008620260808,4877.453142871307,1
Candidate 4: Trailing ATR Exit (1.5x ATR14),3,30,10,TIME_LIMIT_10D,6.99850338569331,7979.479511270946,1
Candidate 4: Trailing ATR Exit (1.5x ATR14),3,31,5,TRAILING_STOP,-3.899576406385816,-4757.343650462779,0
Candidate 4: Trailing ATR Exit (1.5x ATR14),3,32,10,TIME_LIMIT_10D,6.380214402512265,7480.104499264824,1
Candidate 4: Trailing ATR Exit (1.5x ATR14),3,33,10,TIME_LIMIT_10D,1.8142391905256152,2262.704275441925,1
Candidate 4: Trailing ATR Exit (1.5x ATR14),3,34,1,TRAILING_STOP,-0.665730538417886,-845.3571942754676,0
Candidate 4: Trailing ATR Exit (1.5x ATR14),3,35,10,TIME_LIMIT_10D,4.610699695894754,5815.776556391232,1
Candidate 4: Trailing ATR Exit (1.5x ATR14),3,36,4,TRAILING_STOP,-2.3776695622437964,-3137.389804540104,0
Candidate 4: Trailing ATR Exit (1.5x ATR14),3,37,10,TIME_LIMIT_10D,2.0988065689053106,2703.5759123352545,1
Candidate 4: Trailing ATR Exit (1.5x ATR14),3,38,7,TRAILING_STOP,-1.0859071918431722,-1428.1687589670692,0
Candidate 4: Trailing ATR Exit (1.5x ATR14),3,39,7,TRAILING_STOP,0.5338506537571586,694.4880390004955,1
Candidate 4: Trailing ATR Exit (1.5x ATR14),3,40,10,TIME_LIMIT_10D,9.355339000595063,12235.36241979496,1
Candidate 4: Trailing ATR Exit (1.5x ATR14),3,41,2,TRAILING_STOP,0.6698257947589997,957.9860125200111,1
Candidate 4: Trailing ATR Exit (1.5x ATR14),3,42,10,TRAILING_STOP,-3.8645051526696763,-5564.043385625841,0
Candidate 4: Trailing ATR Exit (1.5x ATR14),3,43,10,TIME_LIMIT_10D,5.56063813272211,7696.708111696114,1
Candidate 4: Trailing ATR Exit (1.5x ATR14),3,44,10,TIME_LIMIT_10D,0.1704507730404284,249.04702908162676,1
Candidate 4: Trailing ATR Exit (1.5x ATR14),3,45,10,TIME_LIMIT_10D,1.4639823053513383,2142.6826146697567,1
Candidate 4: Trailing ATR Exit (1.5x ATR14),3,46,6,TRAILING_STOP,-1.6828526329635334,-2499.0791347809277,0
Candidate 4: Trailing ATR Exit (1.5x ATR14),3,47,10,TIME_LIMIT_10D,3.3001144378477405,4818.2817435378565,1
Candidate 4: Trailing ATR Exit (1.5x ATR14),3,48,10,TIME_LIMIT_10D,-1.6070290234469307,-2423.7493973845217,0
Candidate 4: Trailing ATR Exit (1.5x ATR14),3,49,10,TIME_LIMIT_10D,-0.6093808926352249,-904.3090991050904,0
Candidate 4: Trailing ATR Exit (1.5x ATR14),3,50,10,TIME_LIMIT_10D,0.36859510273772306,543.6545469438922,1
Candidate 4: Trailing ATR Exit (1.5x ATR14),3,51,5,TRAILING_STOP,-0.4079063052375427,-603.8536943368906,0
Candidate 4: Trailing ATR Exit (1.5x ATR14),3,52,3,TRAILING_STOP,-1.1470039295311467,-1691.0680230103053,0
Candidate 4: Trailing ATR Exit (1.5x ATR14),3,53,1,TRAILING_STOP,-2.0256948570315068,-2952.29692181116,0
Candidate 4: Trailing ATR Exit (1.5x ATR14),3,54,8,TRAILING_STOP,-2.3059837535869825,-3292.7172850661746,0
Candidate 4: Trailing ATR Exit (1.5x ATR14),3,55,6,TRAILING_STOP,-1.725403545742469,-2406.8933692063,0
Candidate 4: Trailing ATR Exit (1.5x ATR14),3,56,1,TRAILING_STOP,-3.235716899717104,-4435.861222408536,0
Candidate 4: Trailing ATR Exit (1.5x ATR14),3,57,2,TRAILING_STOP,-3.702729280356433,-4911.843005441559,0
Candidate 4: Trailing ATR Exit (1.5x ATR14),3,58,9,TRAILING_STOP,1.4291984860556337,1825.6984327256541,1
Candidate 4: Trailing ATR Exit (1.5x ATR14),3,59,2,TIME_LIMIT_10D,-0.12033068276669379,-155.91068146976227,0
Candidate 5: Model Probability Deterioration,3,1,10,PROB_DETERIORATION,-1.4602118003025721,-1460.211800302572,0
Candidate 5: Model Probability Deterioration,3,2,7,PROB_DETERIORATION,-0.7205426081557945,-710.0211599652957,0
Candidate 5: Model Probability Deterioration,3,3,1,PROB_DETERIORATION,-0.6673705112879782,-652.8870164848984,0
Candidate 5: Model Probability Deterioration,3,4,3,PROB_DETERIORATION,1.015845516914864,987.1669791938931,1
Candidate 5: Model Probability Deterioration,3,5,1,PROB_DETERIORATION,-1.5130698908806606,-1485.2906388638764,0
Candidate 5: Model Probability Deterioration,3,6,1,PROB_DETERIORATION,-0.3648678308590312,-352.7496812452719,0
Candidate 5: Model Probability Deterioration,3,7,1,PROB_DETERIORATION,0.32678344169626194,314.7774398850957,1
Candidate 5: Model Probability Deterioration,3,8,10,TIME_LIMIT_10D,3.786099076943858,3658.915835602567,1
Candidate 5: Model Probability Deterioration,3,9,8,PROB_DETERIORATION,4.334884170942289,4347.875816974134,1
Candidate 5: Model Probability Deterioration,3,10,2,PROB_DETERIORATION,2.0739776546979227,2170.3673377522996,1
Candidate 5: Model Probability Deterioration,3,11,5,PROB_DETERIORATION,3.095848619556115,3306.9218172879937,1
Candidate 5: Model Probability Deterioration,3,12,1,PROB_DETERIORATION,1.6960089878652564,1867.7276070844594,1
Candidate 5: Model Probability Deterioration,3,13,10,PROB_DETERIORATION,-2.7154625357829474,-3041.116893192071,0
Candidate 5: Model Probability Deterioration,3,14,1,PROB_DETERIORATION,3.329767445943118,3627.8307678594483,1
Candidate 5: Model Probability Deterioration,3,15,2,PROB_DETERIORATION,1.2729762678523417,1433.1078531322582,1
Candidate 5: Model Probability Deterioration,3,16,4,PROB_DETERIORATION,-3.049293437734989,-3476.573066377281,0
Candidate 5: Model Probability Deterioration,3,17,1,PROB_DETERIORATION,0.30119804828936003,332.931796349629,1
Candidate 5: Model Probability Deterioration,3,18,1,PROB_DETERIORATION,0.24896944252461314,276.02936605875976,1
Candidate 5: Model Probability Deterioration,3,19,9,PROB_DETERIORATION,4.418873308921231,4911.348005772403,1
Candidate 5: Model Probability Deterioration,3,20,2,PROB_DETERIORATION,2.348017520928021,2725.0187447204985,1
Candidate 5: Model Probability Deterioration,3,21,1,PROB_DETERIORATION,2.836775039242747,3369.5545566684336,1
Candidate 5: Model Probability Deterioration,3,22,1,PROB_DETERIORATION,2.3021056590888227,2812.0387221769192,1
Candidate 5: Model Probability Deterioration,3,23,1,PROB_DETERIORATION,0.7776156947892688,971.7300529875421,1
Candidate 5: Model Probability Deterioration,3,24,3,PROB_DETERIORATION,0.25703592557729477,323.6968882721262,1
Candidate 5: Model Probability Deterioration,3,25,1,PROB_DETERIORATION,0.8941676026764437,1128.9598247267922,1
Candidate 5: Model Probability Deterioration,3,26,9,PROB_DETERIORATION,-1.3086627341458783,-1667.0681490963655,0
Candidate 5: Model Probability Deterioration,3,27,2,PROB_DETERIORATION,1.6157842137011362,2031.3652223630243,1
Candidate 5: Model Probability Deterioration,3,28,10,TIME_LIMIT_10D,-2.3052290081147753,-2944.963396764909,0
Candidate 5: Model Probability Deterioration,3,29,2,PROB_DETERIORATION,3.4452761619297667,4299.928001573697,1
Candidate 5: Model Probability Deterioration,3,30,2,PROB_DETERIORATION,1.0061715659424952,1299.0319956221124,1
Candidate 5: Model Probability Deterioration,3,31,1,PROB_DETERIORATION,1.1099099882226022,1447.3830351535491,1
Candidate 5: Model Probability Deterioration,3,32,1,PROB_DETERIORATION,0.13270523763613962,174.97560589401417,1
Candidate 5: Model Probability Deterioration,3,33,6,PROB_DETERIORATION,4.547481331039327,6003.939623667164,1
Candidate 5: Model Probability Deterioration,3,34,2,PROB_DETERIORATION,-1.2475027716141749,-1721.9497958610177,0
Candidate 5: Model Probability Deterioration,3,35,2,PROB_DETERIORATION,3.442089597764484,4691.905147024456,1
Candidate 5: Model Probability Deterioration,3,36,1,PROB_DETERIORATION,-1.1170727918064818,-1575.0915869799196,0
Candidate 5: Model Probability Deterioration,3,37,10,PROB_DETERIORATION,6.380214402512265,8895.716324126712,1
Candidate 5: Model Probability Deterioration,3,38,1,PROB_DETERIORATION,-0.22425889561540402,-332.62599943567176,0
Candidate 5: Model Probability Deterioration,3,39,9,PROB_DETERIORATION,6.856765810684781,10147.306822669303,1
Candidate 5: Model Probability Deterioration,3,40,2,PROB_DETERIORATION,0.5120234659852736,809.698558676477,1
Candidate 5: Model Probability Deterioration,3,41,10,TIME_LIMIT_10D,2.09880656890531,3335.983792510315,1
Candidate 5: Model Probability Deterioration,3,42,6,PROB_DETERIORATION,1.6659122191191569,2703.487068221448,1
Candidate 5: Model Probability Deterioration,3,43,3,PROB_DETERIORATION,1.198029828818774,1976.5835471028274,1
Candidate 5: Model Probability Deterioration,3,44,4,PROB_DETERIORATION,5.778643347551493,9648.182133109449,1
Candidate 5: Model Probability Deterioration,3,45,1,PROB_DETERIORATION,0.16453150879790215,290.58063952204094,1
Candidate 5: Model Probability Deterioration,3,46,10,TIME_LIMIT_10D,-4.141312660980353,-7326.04495184724,0
Candidate 5: Model Probability Deterioration,3,47,4,PROB_DETERIORATION,1.0746549574505002,1822.3512249935957,1
Candidate 5: Model Probability Deterioration,3,48,10,TIME_LIMIT_10D,0.1704507730404284,292.1489160136978,1
Candidate 5: Model Probability Deterioration,3,49,10,PROB_DETERIORATION,1.4639823053513386,2513.510823821133,1
Candidate 5: Model Probability Deterioration,3,50,9,PROB_DETERIORATION,-1.8148679650673922,-3161.5632207581107,0
Candidate 5: Model Probability Deterioration,3,51,10,TIME_LIMIT_10D,-1.6070290234469307,-2748.6933052969853,0
Candidate 5: Model Probability Deterioration,3,52,7,PROB_DETERIORATION,0.31695039112486467,533.406041948794,1
Candidate 5: Model Probability Deterioration,3,53,10,TIME_LIMIT_10D,0.36859510273772306,622.2867023651143,1
Candidate 5: Model Probability Deterioration,3,54,10,PROB_DETERIORATION,-4.934161351278951,-8360.88311963575,0
Candidate 5: Model Probability Deterioration,3,55,2,PROB_DETERIORATION,0.18408182330050796,296.5337953649491,1
Candidate 5: Model Probability Deterioration,3,56,10,TIME_LIMIT_10D,-2.089166074211023,-3371.591699075666,0
Candidate 5: Model Probability Deterioration,3,57,4,TIME_LIMIT_10D,-4.646591255297585,-7342.217262268386,0
Candidate 6: Expected Return Decay Exit,3,1,10,TIME_LIMIT_10D,-1.4602118003025721,-1460.211800302572,0
Candidate 6: Expected Return Decay Exit,3,2,7,RETURN_DECAY,-0.7205426081557945,-710.0211599652957,0
Candidate 6: Expected Return Decay Exit,3,3,1,RETURN_DECAY,-0.6673705112879782,-652.8870164848984,0
Candidate 6: Expected Return Decay Exit,3,4,2,RETURN_DECAY,1.4708896893785046,1429.3647087216634,1
Candidate 6: Expected Return Decay Exit,3,5,1,RETURN_DECAY,-1.5130698908806608,-1491.9813995675192,0
Candidate 6: Expected Return Decay Exit,3,6,10,TIME_LIMIT_10D,1.9496615631093932,1893.399464488669,1
Candidate 6: Expected Return Decay Exit,3,7,8,RETURN_DECAY,3.837067884543212,3798.9912324163056,1
Candidate 6: Expected Return Decay Exit,3,8,5,RETURN_DECAY,2.758123531682609,2835.534516917826,1
Candidate 6: Expected Return Decay Exit,3,9,3,RETURN_DECAY,2.4204465710797325,2557.0127302806695,1
Candidate 6: Expected Return Decay Exit,3,10,1,RETURN_DECAY,0.19356851162676234,209.43958350297527,1
Candidate 6: Expected Return Decay Exit,3,11,2,RETURN_DECAY,1.8905793638755182,2049.551392757231,1
Candidate 6: Expected Return Decay Exit,3,12,2,RETURN_DECAY,2.567440951664469,2835.9488623657603,1
Candidate 6: Expected Return Decay Exit,3,13,10,TIME_LIMIT_10D,-2.715462535782947,-3076.459957218442,0
Candidate 6: Expected Return Decay Exit,3,14,1,RETURN_DECAY,3.329767445943118,3669.9924668695485,1
Candidate 6: Expected Return Decay Exit,3,15,2,RETURN_DECAY,1.2729762678523417,1449.763057252605,1
Candidate 6: Expected Return Decay Exit,3,16,3,RETURN_DECAY,-1.1325853405814985,-1306.294900063191,0
Candidate 6: Expected Return Decay Exit,3,17,1,RETURN_DECAY,0.30119804828936003,343.4595734893707,1
Candidate 6: Expected Return Decay Exit,3,18,1,RETURN_DECAY,0.24896944252461312,284.75780738443916,1
Candidate 6: Expected Return Decay Exit,3,19,1,RETURN_DECAY,-0.694943215388197,-796.8174373097773,0
Candidate 6: Expected Return Decay Exit,3,20,7,RETURN_DECAY,6.229034549225623,7092.537062710039,1
Candidate 6: Expected Return Decay Exit,3,21,2,RETURN_DECAY,2.348017520928021,2840.046442400295,1
Candidate 6: Expected Return Decay Exit,3,22,1,RETURN_DECAY,2.836775039242747,3511.789212342258,1
Candidate 6: Expected Return Decay Exit,3,23,1,RETURN_DECAY,2.3021056590888223,2930.7396818033912,1
Candidate 6: Expected Return Decay Exit,3,24,1,RETURN_DECAY,0.7776156947892688,1012.7484389997412,1
Candidate 6: Expected Return Decay Exit,3,25,6,RETURN_DECAY,0.7925928832134393,1040.2813499095978,1
Candidate 6: Expected Return Decay Exit,3,26,10,RETURN_DECAY,-1.4224725751343361,-1881.7986981300437,0
Candidate 6: Expected Return Decay Exit,3,27,2,RETURN_DECAY,1.615784213701136,2107.1261805768254,1
Candidate 6: Expected Return Decay Exit,3,28,10,TIME_LIMIT_10D,-2.3052290081147753,-3054.797535100673,0
Candidate 6: Expected Return Decay Exit,3,29,2,RETURN_DECAY,3.4452761619297667,4460.29634009956,1
Candidate 6: Expected Return Decay Exit,3,30,2,RETURN_DECAY,1.0061715659424955,1347.480156324713,1
Candidate 6: Expected Return Decay Exit,3,31,1,RETURN_DECAY,1.1099099882226025,1501.3640349454404,1
Candidate 6: Expected Return Decay Exit,3,32,1,RETURN_DECAY,0.13270523763613964,181.50142381224668,1
Candidate 6: Expected Return Decay Exit,3,33,5,RETURN_DECAY,5.653559757875595,7742.655008090115,1
Candidate 6: Expected Return Decay Exit,3,34,1,RETURN_DECAY,-1.1458448829757137,-1657.9746482271978,0
Candidate 6: Expected Return Decay Exit,3,35,5,RETURN_DECAY,1.2868389330300478,1840.6498359715565,1
Candidate 6: Expected Return Decay Exit,3,36,10,TIME_LIMIT_10D,-8.49683291589908,-12309.972428701327,0
Candidate 6: Expected Return Decay Exit,3,37,7,RETURN_DECAY,3.5697632251698272,4732.335639131194,1
Candidate 6: Expected Return Decay Exit,3,38,10,TIME_LIMIT_10D,7.159608395792167,9830.110053518414,1
Candidate 6: Expected Return Decay Exit,3,39,10,TIME_LIMIT_10D,-1.3694609086000935,-2014.883168741489,0
Candidate 6: Expected Return Decay Exit,3,40,10,TIME_LIMIT_10D,1.567740772082173,2275.023511349432,1
Candidate 6: Expected Return Decay Exit,3,41,3,RETURN_DECAY,1.1980298288187738,1765.7737640672804,1
Candidate 6: Expected Return Decay Exit,3,42,5,RETURN_DECAY,7.859589036848869,11723.015093434717,1
Candidate 6: Expected Return Decay Exit,3,43,2,RETURN_DECAY,4.164512489974769,6699.8089107831875,1
Candidate 6: Expected Return Decay Exit,3,44,10,TIME_LIMIT_10D,-4.141312660980352,-6939.9453880518495,0
Candidate 6: Expected Return Decay Exit,3,45,4,RETURN_DECAY,1.0746549574505,1726.3090879774131,1
Candidate 6: Expected Return Decay Exit,3,46,10,TIME_LIMIT_10D,0.1704507730404284,276.75199041774675,1
Candidate 6: Expected Return Decay Exit,3,47,10,RETURN_DECAY,1.4639823053513386,2381.042972606593,1
Candidate 6: Expected Return Decay Exit,3,48,10,RETURN_DECAY,-1.6304330747323972,-2690.5823346056372,0
Candidate 6: Expected Return Decay Exit,3,49,10,TIME_LIMIT_10D,-1.6070290234469307,-2608.721931938293,0
Candidate 6: Expected Return Decay Exit,3,50,6,RETURN_DECAY,-0.19833645043803522,-316.78942811122414,0
Candidate 6: Expected Return Decay Exit,3,51,10,TIME_LIMIT_10D,0.36859510273772306,587.5644136887171,1
Candidate 6: Expected Return Decay Exit,3,52,10,TIME_LIMIT_10D,-4.934161351278951,-7894.363433185378,0
Candidate 6: Expected Return Decay Exit,3,53,1,RETURN_DECAY,0.3762473219112454,572.270909936602,1
Candidate 6: Expected Return Decay Exit,3,54,1,RETURN_DECAY,-0.2912537460146915,-444.6627276035113,0
Candidate 6: Expected Return Decay Exit,3,55,10,TIME_LIMIT_10D,-2.089166074211023,-3180.280512251905,0
Candidate 6: Expected Return Decay Exit,3,56,4,TIME_LIMIT_10D,-4.646591255297585,-6925.6044503589355,0
Candidate 7: Combined Adaptive Exit,3,1,5,STOP_LOSS,-4.027206155427826,-4027.206155427826,0
Candidate 7: Combined Adaptive Exit,3,2,2,PROFIT_TARGET,2.8970000000000056,2780.3318376772613,1
Candidate 7: Combined Adaptive Exit,3,3,3,STOP_LOSS,-4.269458376466458,-4216.223596463248,0
Candidate 7: Combined Adaptive Exit,3,4,7,PROB_DETERIORATION,-0.7205426081557947,-681.1786599586138,0
Candidate 7: Combined Adaptive Exit,3,5,1,PROB_DETERIORATION,-0.6673705112879782,-626.3654212999763,0
Candidate 7: Combined Adaptive Exit,3,6,3,PROB_DETERIORATION,1.015845516914864,947.0662537375025,1
Candidate 7: Combined Adaptive Exit,3,7,1,PROB_DETERIORATION,-1.5130698908806604,-1424.9551197598396,0
Candidate 7: Combined Adaptive Exit,3,8,1,PROB_DETERIORATION,-0.3648678308590312,-338.42027353554795,0
Candidate 7: Combined Adaptive Exit,3,9,1,PROB_DETERIORATION,0.32678344169626183,301.9905416573963,1
Candidate 7: Combined Adaptive Exit,3,10,3,PROFIT_TARGET,2.897000000000003,2685.95469160999,1
Candidate 7: Combined Adaptive Exit,3,11,10,PROFIT_TARGET,2.8970000000000073,2763.766799025936,1
Candidate 7: Combined Adaptive Exit,3,12,2,STOP_LOSS,-2.222193842345208,-2181.411272011876,0
Candidate 7: Combined Adaptive Exit,3,13,1,PROFIT_TARGET,2.897000000000006,2780.6376386435322,1
Candidate 7: Combined Adaptive Exit,3,14,1,PROFIT_TARGET,2.897000000000003,2861.192711035032,1
Candidate 7: Combined Adaptive Exit,3,15,1,PROFIT_TARGET,2.897000000000006,2944.0814638737206,1
Candidate 7: Combined Adaptive Exit,3,16,2,PROB_DETERIORATION,2.073977654697923,2168.7431159234357,1
Candidate 7: Combined Adaptive Exit,3,17,5,PROFIT_TARGET,2.8970000000000047,3092.1999919504433,1
Candidate 7: Combined Adaptive Exit,3,18,1,PROB_DETERIORATION,1.6960089878652562,1862.730140502443,1
Candidate 7: Combined Adaptive Exit,3,19,6,STOP_LOSS,-3.877817270430437,-4331.247911150046,0
Candidate 7: Combined Adaptive Exit,3,20,4,PROB_DETERIORATION,2.151185517445616,2309.549057211277,1
Candidate 7: Combined Adaptive Exit,3,21,1,PROFIT_TARGET,2.8970000000000047,3177.1757020889977,1
Candidate 7: Combined Adaptive Exit,3,22,2,PROB_DETERIORATION,1.2729762678523422,1436.533497493096,1
Candidate 7: Combined Adaptive Exit,3,23,4,STOP_LOSS,-3.0740395988120843,-3513.1644657896068,0
Candidate 7: Combined Adaptive Exit,3,24,1,PROB_DETERIORATION,0.30119804828936003,333.64244112327754,1
Candidate 7: Combined Adaptive Exit,3,25,8,STOP_LOSS,-3.8419743160245297,-4268.641815683792,0
Candidate 7: Combined Adaptive Exit,3,26,1,PROFIT_TARGET,2.897000000000001,3095.0615511459437,1
Candidate 7: Combined Adaptive Exit,3,27,1,PROFIT_TARGET,2.897000000000005,3184.7254842826464,1
Candidate 7: Combined Adaptive Exit,3,28,1,PROB_DETERIORATION,1.6577417769866498,1875.1806082075318,1
Candidate 7: Combined Adaptive Exit,3,29,2,PROFIT_TARGET,2.8969999999999994,3331.3109637820808,1
Candidate 7: Combined Adaptive Exit,3,30,1,PROFIT_TARGET,2.897000000000009,3427.819042402859,1
Candidate 7: Combined Adaptive Exit,3,31,1,PROFIT_TARGET,2.897000000000011,3527.1229600612724,1
Candidate 7: Combined Adaptive Exit,3,32,1,PROB_DETERIORATION,0.7776156947892686,974.1814041334978,1
Candidate 7: Combined Adaptive Exit,3,33,3,PROB_DETERIORATION,0.2570359255772947,324.5134676663404,1
Candidate 7: Combined Adaptive Exit,3,34,1,PROB_DETERIORATION,0.8941676026764436,1131.807814198327,1
Candidate 7: Combined Adaptive Exit,3,35,5,STOP_LOSS,-4.202517691360967,-5366.972494495571,0
Candidate 7: Combined Adaptive Exit,3,36,4,PROFIT_TARGET,2.8969999999999967,3544.2341818620603,1
Candidate 7: Combined Adaptive Exit,3,37,2,PROB_DETERIORATION,1.6157842137011362,2034.0423371640081,1
Candidate 7: Combined Adaptive Exit,3,38,3,STOP_LOSS,-3.7979873502680754,-4858.37814580648,0
Candidate 7: Combined Adaptive Exit,3,39,1,PROFIT_TARGET,2.896999999999996,3565.0896377342306,1
Candidate 7: Combined Adaptive Exit,3,40,3,PROFIT_TARGET,2.8969999999999927,3668.3702845393873,1
Candidate 7: Combined Adaptive Exit,3,41,5,PROB_DETERIORATION,1.2984580693163106,1691.8245168689139,1
Candidate 7: Combined Adaptive Exit,3,42,2,PROB_DETERIORATION,1.0061715659424952,1328.0127952017997,1
Candidate 7: Combined Adaptive Exit,3,43,1,PROB_DETERIORATION,1.1099099882226022,1479.6734774199356,1
Candidate 7: Combined Adaptive Exit,3,44,1,PROB_DETERIORATION,0.13270523763613962,178.87923027188816,1
Candidate 7: Combined Adaptive Exit,3,45,1,PROFIT_TARGET,2.8969999999999936,3910.1759305550145,1
Candidate 7: Combined Adaptive Exit,3,46,3,PROFIT_TARGET,2.897000000000002,4023.4537272632047,1
Candidate 7: Combined Adaptive Exit,3,47,2,PROB_DETERIORATION,0.06666661694897519,95.27120226127133,1
Candidate 7: Combined Adaptive Exit,3,48,2,PROB_DETERIORATION,-1.2475027716141749,-1783.9561735544082,0
Candidate 7: Combined Adaptive Exit,3,49,2,PROFIT_TARGET,2.8970000000000065,4091.0919781236635,1
Candidate 7: Combined Adaptive Exit,3,50,1,PROB_DETERIORATION,-1.1170727918064818,-1623.2108438737378,0
Candidate 7: Combined Adaptive Exit,3,51,4,PROFIT_TARGET,2.8969999999999994,4162.586494582874,1
Candidate 7: Combined Adaptive Exit,3,52,3,PROFIT_TARGET,2.897000000000001,4283.176625330942,1
Candidate 7: Combined Adaptive Exit,3,53,2,PROFIT_TARGET,2.8969999999999945,4407.2602521667695,1
Candidate 7: Combined Adaptive Exit,3,54,3,PROB_DETERIORATION,-0.8983281926214652,-1406.2351328004154,0
Candidate 7: Combined Adaptive Exit,3,55,1,PROFIT_TARGET,2.897000000000003,4494.199949874826,1
Candidate 7: Combined Adaptive Exit,3,56,3,PROFIT_TARGET,2.8970000000000025,4624.396922422699,1
Candidate 7: Combined Adaptive Exit,3,57,8,PROB_DETERIORATION,1.2927226830758052,2123.316284568705,1
Candidate 7: Combined Adaptive Exit,3,58,4,PROFIT_TARGET,2.897000000000007,4819.878174029248,1
Candidate 7: Combined Adaptive Exit,3,59,10,TIME_LIMIT_10D,-0.40450861019612283,-692.497243854951,0
Candidate 7: Combined Adaptive Exit,3,60,2,PROB_DETERIORATION,1.6008953790529392,2729.56165617959,1
Candidate 7: Combined Adaptive Exit,3,61,2,PROFIT_TARGET,2.8970000000000056,5018.523800755918,1
Candidate 7: Combined Adaptive Exit,3,62,3,PROFIT_TARGET,2.8970000000000002,5163.910435263808,1
Candidate 7: Combined Adaptive Exit,3,63,2,PROFIT_TARGET,2.8969999999999962,5313.508920573393,1
Candidate 7: Combined Adaptive Exit,3,64,1,PROB_DETERIORATION,0.16453150879790218,310.5165212549331,1
Candidate 7: Combined Adaptive Exit,3,65,10,STOP_LOSS,-4.060325688995604,-7675.566994130398,0
Candidate 7: Combined Adaptive Exit,3,66,4,PROB_DETERIORATION,1.0746549574505,1949.022631771602,1
Candidate 7: Combined Adaptive Exit,3,67,10,TIME_LIMIT_10D,0.1704507730404284,312.45615079510213,1
Candidate 7: Combined Adaptive Exit,3,68,4,PROFIT_TARGET,2.89700000000001,5319.590802134184,1
Candidate 7: Combined Adaptive Exit,3,69,6,PROB_DETERIORATION,-0.37077841759199714,-700.5625069051325,0
Candidate 7: Combined Adaptive Exit,3,70,9,PROB_DETERIORATION,-1.8148679650673918,-3416.364623495252,0
Candidate 7: Combined Adaptive Exit,3,71,10,TIME_LIMIT_10D,-1.6070290234469309,-2970.220082077973,0
Candidate 7: Combined Adaptive Exit,3,72,7,PROB_DETERIORATION,0.3169503911248647,576.3950945872635,1
Candidate 7: Combined Adaptive Exit,3,73,10,TIME_LIMIT_10D,0.36859510273772295,672.4389573085659,1
Candidate 7: Combined Adaptive Exit,3,74,9,STOP_LOSS,-2.629675507086434,-4815.0778354470895,0
Candidate 7: Combined Adaptive Exit,3,75,1,PROB_DETERIORATION,-1.0500711525242497,-1872.1752326043254,0
Candidate 7: Combined Adaptive Exit,3,76,2,PROB_DETERIORATION,0.18408182330050799,324.75374006987596,1
Candidate 7: Combined Adaptive Exit,3,77,1,STOP_LOSS,-3.235716899717104,-5718.899880863402,0
Candidate 7: Combined Adaptive Exit,3,78,2,STOP_LOSS,-3.702729280356434,-6332.555724858157,0
Candidate 7: Combined Adaptive Exit,3,79,2,PROFIT_TARGET,2.8969999999999985,4771.111140980534,1
Candidate 7: Combined Adaptive Exit,3,80,5,PROFIT_TARGET,2.8970000000000065,4909.330230734754,1
Candidate 7: Combined Adaptive Exit,3,81,2,STOP_LOSS,-3.8276905664545313,-6674.416217889223,0
Candidate 7: Combined Adaptive Exit,3,82,2,TIME_LIMIT_10D,-0.12033068276669379,-201.79150996003824,0
Candidate 1: Control Baseline (Fixed 10D),4,1,10,TIME_LIMIT_10D,6.9262196908920455,6926.219690892045,1
Candidate 1: Control Baseline (Fixed 10D),4,2,10,TIME_LIMIT_10D,3.1470959558315323,3365.0707356156036,1
Candidate 1: Control Baseline (Fixed 10D),4,3,10,TIME_LIMIT_10D,2.8470136222192797,3140.008062564101,1
Candidate 1: Control Baseline (Fixed 10D),4,4,10,TIME_LIMIT_10D,-3.4875931478380626,-3956.0221936086064,0
Candidate 1: Control Baseline (Fixed 10D),4,5,10,TIME_LIMIT_10D,-1.3368229312681343,-1463.4905975868994,0
Candidate 1: Control Baseline (Fixed 10D),4,6,10,TIME_LIMIT_10D,3.452303213956213,3728.8943490992788,1
Candidate 1: Control Baseline (Fixed 10D),4,7,10,TIME_LIMIT_10D,-4.410710327300337,-4928.557714627576,0
Candidate 1: Control Baseline (Fixed 10D),4,8,10,TIME_LIMIT_10D,-6.051120720454471,-6463.330466409884,0
Candidate 1: Control Baseline (Fixed 10D),4,9,10,TIME_LIMIT_10D,2.82293682456743,2832.782998592091,1
Candidate 1: Control Baseline (Fixed 10D),4,10,10,TIME_LIMIT_10D,-1.35758996809841,-1400.7827092868122,0
Candidate 1: Control Baseline (Fixed 10D),4,11,10,TIME_LIMIT_10D,-8.47075633229398,-8621.602896549251,0
Candidate 1: Control Baseline (Fixed 10D),4,12,10,TIME_LIMIT_10D,4.448173994561377,4143.882830149446,1
Candidate 1: Control Baseline (Fixed 10D),4,13,10,TIME_LIMIT_10D,4.602516122662682,4478.389580735116,1
Candidate 1: Control Baseline (Fixed 10D),4,14,10,TIME_LIMIT_10D,3.6129885675155244,3677.3525739720726,1
Candidate 1: Control Baseline (Fixed 10D),4,15,10,TIME_LIMIT_10D,7.805350137262038,8231.429702313906,1
Candidate 1: Control Baseline (Fixed 10D),4,16,10,TIME_LIMIT_10D,-0.3037327505018955,-345.31450498908947,0
Candidate 1: Control Baseline (Fixed 10D),4,17,10,TIME_LIMIT_10D,-4.667623077716999,-5290.514084004357,0
Candidate 1: Control Baseline (Fixed 10D),4,18,10,TIME_LIMIT_10D,0.8054294276748053,870.3020591862047,1
Candidate 1: Control Baseline (Fixed 10D),4,19,10,TIME_LIMIT_10D,9.609672488660168,10467.3086028817,1
Candidate 1: Control Baseline (Fixed 10D),4,20,10,TIME_LIMIT_10D,-2.860738873266751,-3415.494099904545,0
Candidate 1: Control Baseline (Fixed 10D),4,21,10,TIME_LIMIT_10D,-4.236097488544845,-4912.878955923633,0
Candidate 1: Control Baseline (Fixed 10D),4,22,10,TIME_LIMIT_10D,3.7003659745860222,4109.761624379257,1
Candidate 1: Control Baseline (Fixed 10D),4,23,10,TIME_LIMIT_10D,4.6729406673567535,5381.985328242225,1
Candidate 1: Control Baseline (Fixed 10D),4,24,10,TIME_LIMIT_10D,0.3785351858860707,456.3446071667136,1
Candidate 1: Control Baseline (Fixed 10D),4,25,10,TIME_LIMIT_10D,0.0869655410482575,105.23851835627434,1
Candidate 1: Control Baseline (Fixed 10D),4,26,10,TIME_LIMIT_10D,-2.8944373094759643,-3505.655145257773,0
Candidate 1: Control Baseline (Fixed 10D),4,27,10,TIME_LIMIT_10D,6.244480518893263,7344.21645847725,1
Candidate 1: Control Baseline (Fixed 10D),4,28,10,TIME_LIMIT_10D,-2.72733747415299,-3407.959387211454,0
Candidate 1: Control Baseline (Fixed 10D),4,29,10,TIME_LIMIT_10D,-2.3837642573611095,-2897.407886135251,0
Candidate 1: Control Baseline (Fixed 10D),4,30,10,TIME_LIMIT_10D,3.4985091403892796,4150.987290271336,1
Candidate 1: Control Baseline (Fixed 10D),4,31,10,TIME_LIMIT_10D,1.4015430404302902,1721.1111728147114,1
Candidate 1: Control Baseline (Fixed 10D),4,32,10,TIME_LIMIT_10D,-4.874714014342104,-6070.104816931502,0
Candidate 1: Control Baseline (Fixed 10D),4,33,10,TIME_LIMIT_10D,-1.4530898191043842,-1721.216433346289,0
Candidate 1: Control Baseline (Fixed 10D),4,34,10,TIME_LIMIT_10D,10.127850678560401,11822.336746548475,1
Candidate 1: Control Baseline (Fixed 10D),4,35,10,TIME_LIMIT_10D,-2.4230274430824856,-3114.8815208966475,0
Candidate 1: Control Baseline (Fixed 10D),4,36,10,TIME_LIMIT_10D,-1.159750598090669,-1454.772704638848,0
Candidate 1: Control Baseline (Fixed 10D),4,37,10,TIME_LIMIT_10D,3.400687096330905,4216.295538727759,1
Candidate 1: Control Baseline (Fixed 10D),4,38,10,TIME_LIMIT_10D,6.501041331194646,8334.330588876132,1
Candidate 1: Control Baseline (Fixed 10D),4,39,10,TIME_LIMIT_10D,3.161867289521821,4317.032198970307,1
Candidate 1: Control Baseline (Fixed 10D),4,40,10,TIME_LIMIT_10D,-1.2080128436944242,-1701.5017358195457,0
Candidate 1: Control Baseline (Fixed 10D),4,41,10,TIME_LIMIT_10D,1.0899153550231828,1516.6149648118048,1
Candidate 1: Control Baseline (Fixed 10D),4,42,10,TIME_LIMIT_10D,-9.41735065008296,-13247.048923129129,0
Candidate 1: Control Baseline (Fixed 10D),4,43,10,TIME_LIMIT_10D,2.9298840378145243,3733.239473534498,1
Candidate 1: Control Baseline (Fixed 10D),4,44,10,TIME_LIMIT_10D,-3.4017429930091527,-4461.474343941836,0
Candidate 1: Control Baseline (Fixed 10D),4,45,10,TIME_LIMIT_10D,6.918600015300942,8765.252164367832,1
Candidate 1: Control Baseline (Fixed 10D),4,46,10,TIME_LIMIT_10D,-4.046821792778395,-5481.678173676845,0
Candidate 1: Control Baseline (Fixed 10D),4,47,10,TIME_LIMIT_10D,1.166816692254485,1516.5664785950287,1
Candidate 1: Control Baseline (Fixed 10D),4,48,10,TIME_LIMIT_10D,6.696128964924816,8804.824685109039,1
Candidate 1: Control Baseline (Fixed 10D),4,49,10,TIME_LIMIT_10D,0.8025085718102152,1125.8881460088312,1
Candidate 1: Control Baseline (Fixed 10D),4,50,10,TIME_LIMIT_10D,1.643643357710351,2324.472945724213,1
Candidate 1: Control Baseline (Fixed 10D),4,51,10,TIME_LIMIT_10D,2.5194610991836317,3621.635909945323,1
Candidate 1: Control Baseline (Fixed 10D),4,52,10,TIME_LIMIT_10D,3.947832235311336,5817.844832609028,1
Candidate 1: Control Baseline (Fixed 10D),4,53,10,TIME_LIMIT_10D,-0.6402002990786418,-980.6967920297708,0
Candidate 1: Control Baseline (Fixed 10D),4,54,6,TIME_LIMIT_10D,3.866365321599493,5884.810414946804,1
Candidate 2: Profit Target (+3.0%) + 10D Time Stop,4,1,1,PROFIT_TARGET,2.896999999999994,2896.999999999994,1
Candidate 2: Profit Target (+3.0%) + 10D Time Stop,4,2,1,PROFIT_TARGET,2.897000000000008,2980.926090000008,1
Candidate 2: Profit Target (+3.0%) + 10D Time Stop,4,3,9,PROFIT_TARGET,2.8969999999999994,3067.2835188272998,1
Candidate 2: Profit Target (+3.0%) + 10D Time Stop,4,4,1,PROFIT_TARGET,2.8970000000000056,3156.1427223677333,1
Candidate 2: Profit Target (+3.0%) + 10D Time Stop,4,5,6,PROFIT_TARGET,2.8969999999999954,3247.5761770347153,1
Candidate 2: Profit Target (+3.0%) + 10D Time Stop,4,6,6,PROFIT_TARGET,2.897000000000006,3341.658458883423,1
Candidate 2: Profit Target (+3.0%) + 10D Time Stop,4,7,10,TIME_LIMIT_10D,-3.4875931478380626,-4139.444778193816,0
Candidate 2: Profit Target (+3.0%) + 10D Time Stop,4,8,10,TIME_LIMIT_10D,-1.3368229312681346,-1531.3459368110405,0
Candidate 2: Profit Target (+3.0%) + 10D Time Stop,4,9,9,PROFIT_TARGET,2.8970000000000073,3274.1834974235867,1
Candidate 2: Profit Target (+3.0%) + 10D Time Stop,4,10,5,PROFIT_TARGET,2.8969999999999962,3369.036593343935,1
Candidate 2: Profit Target (+3.0%) + 10D Time Stop,4,11,10,TIME_LIMIT_10D,-4.410710327300336,-5277.989019794314,0
Candidate 2: Profit Target (+3.0%) + 10D Time Stop,4,12,10,TIME_LIMIT_10D,-6.0511207204544695,-6921.576089444492,0
Candidate 2: Profit Target (+3.0%) + 10D Time Stop,4,13,7,PROFIT_TARGET,2.8969999999999945,3113.2161822384587,1
Candidate 2: Profit Target (+3.0%) + 10D Time Stop,4,14,10,TIME_LIMIT_10D,-4.496083527939623,-4971.619329429758,0
Candidate 2: Profit Target (+3.0%) + 10D Time Stop,4,15,10,TIME_LIMIT_10D,-8.47075633229398,-8945.546298004705,0
Candidate 2: Profit Target (+3.0%) + 10D Time Stop,4,16,4,PROFIT_TARGET,2.8970000000000087,2800.2257668111447,1
Candidate 2: Profit Target (+3.0%) + 10D Time Stop,4,17,1,PROFIT_TARGET,2.8970000000000047,2881.34830727566,1
Candidate 2: Profit Target (+3.0%) + 10D Time Stop,4,18,10,TIME_LIMIT_10D,-3.104393565770263,-3177.0697742163775,0
Candidate 2: Profit Target (+3.0%) + 10D Time Stop,4,19,2,PROFIT_TARGET,2.8970000000000042,2872.781256378387,1
Candidate 2: Profit Target (+3.0%) + 10D Time Stop,4,20,7,PROFIT_TARGET,2.897000000000003,2956.005729375667,1
Candidate 2: Profit Target (+3.0%) + 10D Time Stop,4,21,10,TIME_LIMIT_10D,-2.1425192202748917,-2249.4907715152985,0
Candidate 2: Profit Target (+3.0%) + 10D Time Stop,4,22,2,PROFIT_TARGET,2.897000000000001,2976.4734677048805,1
Candidate 2: Profit Target (+3.0%) + 10D Time Stop,4,23,10,TIME_LIMIT_10D,-0.30373275050189547,-321.10558277143224,0
Candidate 2: Profit Target (+3.0%) + 10D Time Stop,4,24,10,TIME_LIMIT_10D,-4.667623077716999,-4919.6126532778135,0
Candidate 2: Profit Target (+3.0%) + 10D Time Stop,4,25,10,TIME_LIMIT_10D,0.8054294276748053,809.2878980307925,1
Candidate 2: Profit Target (+3.0%) + 10D Time Stop,4,26,4,PROFIT_TARGET,2.8970000000000122,2934.3233671719076,1
Candidate 2: Profit Target (+3.0%) + 10D Time Stop,4,27,7,PROFIT_TARGET,2.896999999999994,3019.330715118859,1
Candidate 2: Profit Target (+3.0%) + 10D Time Stop,4,28,10,TIME_LIMIT_10D,-4.2360974885448455,-4542.87564810017,0
Candidate 2: Profit Target (+3.0%) + 10D Time Stop,4,29,8,PROFIT_TARGET,2.8970000000000042,2975.193618410401,1
Candidate 2: Profit Target (+3.0%) + 10D Time Stop,4,30,1,PROFIT_TARGET,2.8970000000000034,3061.3849775357494,1
Candidate 2: Profit Target (+3.0%) + 10D Time Stop,4,31,10,PROFIT_TARGET,2.8970000000000047,3150.073300334962,1
Candidate 2: Profit Target (+3.0%) + 10D Time Stop,4,32,10,TIME_LIMIT_10D,0.3785351858860707,423.5270292634402,1
Candidate 2: Profit Target (+3.0%) + 10D Time Stop,4,33,10,TIME_LIMIT_10D,0.08696554104825747,97.67039282056399,1
Candidate 2: Profit Target (+3.0%) + 10D Time Stop,4,34,10,TIME_LIMIT_10D,-2.894437309475965,-3253.5493703132724,0
Candidate 2: Profit Target (+3.0%) + 10D Time Stop,4,35,4,PROFIT_TARGET,2.896999999999998,3162.1746879054563,1
Candidate 2: Profit Target (+3.0%) + 10D Time Stop,4,36,10,TIME_LIMIT_10D,-2.7273374741529897,-3063.2254072747473,0
Candidate 2: Profit Target (+3.0%) + 10D Time Stop,4,37,10,TIME_LIMIT_10D,-2.3837642573611104,-2604.3190201600332,0
Candidate 2: Profit Target (+3.0%) + 10D Time Stop,4,38,2,PROFIT_TARGET,2.8969999999999936,3089.5941265512874,1
Candidate 2: Profit Target (+3.0%) + 10D Time Stop,4,39,2,PROFIT_TARGET,2.897000000000007,3179.099668397492,1
Candidate 2: Profit Target (+3.0%) + 10D Time Stop,4,40,5,PROFIT_TARGET,2.8969999999999985,3271.1981857909586,1
Candidate 2: Profit Target (+3.0%) + 10D Time Stop,4,41,10,TIME_LIMIT_10D,1.4015430404302904,1628.424071762416,1
Candidate 2: Profit Target (+3.0%) + 10D Time Stop,4,42,5,PROFIT_TARGET,2.897000000000008,3413.1402425922906,1
Candidate 2: Profit Target (+3.0%) + 10D Time Stop,4,43,10,TIME_LIMIT_10D,-1.4530898191043842,-1761.5736729372059,0
Candidate 2: Profit Target (+3.0%) + 10D Time Stop,4,44,4,PROFIT_TARGET,2.897000000000009,3460.9861261152,1
Candidate 2: Profit Target (+3.0%) + 10D Time Stop,4,45,5,PROFIT_TARGET,2.897000000000007,3561.250894188755,1
Candidate 2: Profit Target (+3.0%) + 10D Time Stop,4,46,10,TIME_LIMIT_10D,-2.4230274430824856,-3064.8916219755765,0
Candidate 2: Profit Target (+3.0%) + 10D Time Stop,4,47,4,PROFIT_TARGET,2.897000000000001,3575.6304223047637,1
Candidate 2: Profit Target (+3.0%) + 10D Time Stop,4,48,2,PROFIT_TARGET,2.8970000000000056,3679.216435638938,1
Candidate 2: Profit Target (+3.0%) + 10D Time Stop,4,49,4,PROFIT_TARGET,2.8970000000000065,3785.8033357793997,1
Candidate 2: Profit Target (+3.0%) + 10D Time Stop,4,50,10,TIME_LIMIT_10D,-2.339864101349045,-3146.320078178333,0
Candidate 2: Profit Target (+3.0%) + 10D Time Stop,4,51,4,PROFIT_TARGET,2.897000000000006,3804.329165752102,1
Candidate 2: Profit Target (+3.0%) + 10D Time Stop,4,52,10,TIME_LIMIT_10D,2.0289197727640382,2741.5563643306073,1
Candidate 2: Profit Target (+3.0%) + 10D Time Stop,4,53,10,TIME_LIMIT_10D,-1.208012843694424,-1665.432919735285,0
Candidate 2: Profit Target (+3.0%) + 10D Time Stop,4,54,2,PROFIT_TARGET,2.8969999999999985,3945.7158778738567,1
Candidate 2: Profit Target (+3.0%) + 10D Time Stop,4,55,10,TIME_LIMIT_10D,-9.417350650082959,-13198.01958974008,0
Candidate 2: Profit Target (+3.0%) + 10D Time Stop,4,56,3,PROFIT_TARGET,2.8970000000000082,3677.6766393411044,1
Candidate 2: Profit Target (+3.0%) + 10D Time Stop,4,57,3,PROFIT_TARGET,2.8970000000000042,3784.2189315828114,1
Candidate 2: Profit Target (+3.0%) + 10D Time Stop,4,58,10,TIME_LIMIT_10D,-0.674302975276144,-906.3283140542881,0
Candidate 2: Profit Target (+3.0%) + 10D Time Stop,4,59,6,PROFIT_TARGET,2.896999999999998,3867.5914227726043,1
Candidate 2: Profit Target (+3.0%) + 10D Time Stop,4,60,9,PROFIT_TARGET,2.8970000000000056,3979.6355462903375,1
Candidate 2: Profit Target (+3.0%) + 10D Time Stop,4,61,10,TIME_LIMIT_10D,-4.0468217927783945,-5720.205077526004,0
Candidate 2: Profit Target (+3.0%) + 10D Time Stop,4,62,10,TIME_LIMIT_10D,1.1668166922544847,1582.557566572026,1
Candidate 2: Profit Target (+3.0%) + 10D Time Stop,4,63,6,PROFIT_TARGET,2.8970000000000002,3975.057939674025,1
Candidate 2: Profit Target (+3.0%) + 10D Time Stop,4,64,6,PROFIT_TARGET,2.8970000000000073,4090.215368186392,1
Candidate 2: Profit Target (+3.0%) + 10D Time Stop,4,65,10,PROFIT_TARGET,2.897000000000001,4208.708907402743,1
Candidate 2: Profit Target (+3.0%) + 10D Time Stop,4,66,2,PROFIT_TARGET,2.897000000000008,4330.63520445021,1
Candidate 2: Profit Target (+3.0%) + 10D Time Stop,4,67,6,PROFIT_TARGET,2.896999999999994,4456.093706323111,1
Candidate 2: Profit Target (+3.0%) + 10D Time Stop,4,68,10,TIME_LIMIT_10D,-0.6402002990786421,-1013.2681818835401,0
Candidate 2: Profit Target (+3.0%) + 10D Time Stop,4,69,4,PROFIT_TARGET,2.8970000000000113,4555.832361766154,1
Candidate 3: ATR Protective Stop (1.5x ATR14),4,1,10,TIME_LIMIT_10D,6.9262196908920455,6926.219690892045,1
Candidate 3: ATR Protective Stop (1.5x ATR14),4,2,10,TIME_LIMIT_10D,3.1470959558315323,3365.0707356156036,1
Candidate 3: ATR Protective Stop (1.5x ATR14),4,3,10,TIME_LIMIT_10D,2.8470136222192797,3140.008062564101,1
Candidate 3: ATR Protective Stop (1.5x ATR14),4,4,1,STOP_LOSS,-2.819130107968879,-3197.7758875654695,0
Candidate 3: ATR Protective Stop (1.5x ATR14),4,5,3,STOP_LOSS,-3.007210368114776,-3314.953920810642,0
Candidate 3: ATR Protective Stop (1.5x ATR14),4,6,8,STOP_LOSS,-3.4227656821632007,-3659.5720766629424,0
Candidate 3: ATR Protective Stop (1.5x ATR14),4,7,10,TIME_LIMIT_10D,3.543430991591606,3658.9112872738187,1
Candidate 3: ATR Protective Stop (1.5x ATR14),4,8,10,TIME_LIMIT_10D,5.22249194076792,5583.779122861151,1
Candidate 3: ATR Protective Stop (1.5x ATR14),4,9,3,STOP_LOSS,-3.2092554661560544,-3610.466540019952,0
Candidate 3: ATR Protective Stop (1.5x ATR14),4,10,5,STOP_LOSS,-3.1025161025133703,-3378.3676494337683,0
Candidate 3: ATR Protective Stop (1.5x ATR14),4,11,7,STOP_LOSS,-3.464033097921499,-3655.00014440929,0
Candidate 3: ATR Protective Stop (1.5x ATR14),4,12,10,TIME_LIMIT_10D,3.1696264935620935,3228.5134843283827,1
Candidate 3: ATR Protective Stop (1.5x ATR14),4,13,10,TIME_LIMIT_10D,-1.3622387534565632,-1431.5272044938965,0
Candidate 3: ATR Protective Stop (1.5x ATR14),4,14,3,STOP_LOSS,-2.289714602007381,-2373.3999833575413,0
Candidate 3: ATR Protective Stop (1.5x ATR14),4,15,4,STOP_LOSS,-3.1431653213167556,-3183.443066848791,0
Candidate 3: ATR Protective Stop (1.5x ATR14),4,16,2,STOP_LOSS,-3.778926427375398,-3707.051092166088,0
Candidate 3: ATR Protective Stop (1.5x ATR14),4,17,10,TIME_LIMIT_10D,8.52712103096449,8048.830106881873,1
Candidate 3: ATR Protective Stop (1.5x ATR14),4,18,3,STOP_LOSS,-4.513245966562076,-4623.359009941972,0
Candidate 3: ATR Protective Stop (1.5x ATR14),4,19,10,TIME_LIMIT_10D,4.602516122662683,4502.016313085159,1
Candidate 3: ATR Protective Stop (1.5x ATR14),4,20,10,TIME_LIMIT_10D,3.612988567515523,3696.753258851236,1
Candidate 3: ATR Protective Stop (1.5x ATR14),4,21,10,TIME_LIMIT_10D,7.805350137262038,8274.856425900294,1
Candidate 3: ATR Protective Stop (1.5x ATR14),4,22,10,TIME_LIMIT_10D,-0.30373275050189547,-347.13628785073695,0
Candidate 3: ATR Protective Stop (1.5x ATR14),4,23,3,STOP_LOSS,-2.045400896451048,-2330.5892130898337,0
Candidate 3: ATR Protective Stop (1.5x ATR14),4,24,3,STOP_LOSS,-2.487406517885685,-2776.2520331854007,0
Candidate 3: ATR Protective Stop (1.5x ATR14),4,25,10,TIME_LIMIT_10D,1.2448120579553543,1354.8044527865911,1
Candidate 3: ATR Protective Stop (1.5x ATR14),4,26,10,TIME_LIMIT_10D,8.736262179002924,9626.56319841519,1
Candidate 3: ATR Protective Stop (1.5x ATR14),4,27,10,STOP_LOSS,-3.295191585272698,-3948.2139379298433,0
Candidate 3: ATR Protective Stop (1.5x ATR14),4,28,8,STOP_LOSS,-3.915703597408838,-4537.095141105769,0
Candidate 3: ATR Protective Stop (1.5x ATR14),4,29,10,TIME_LIMIT_10D,2.9984778554824345,3338.269052711723,1
Candidate 3: ATR Protective Stop (1.5x ATR14),4,30,10,TIME_LIMIT_10D,3.828386698624512,4390.0260347147405,1
Candidate 3: ATR Protective Stop (1.5x ATR14),4,31,10,TIME_LIMIT_10D,0.37853518588607066,450.6855747369138,1
Candidate 3: ATR Protective Stop (1.5x ATR14),4,32,10,TIME_LIMIT_10D,0.08696554104825749,103.93347786956892,1
Candidate 3: ATR Protective Stop (1.5x ATR14),4,33,9,STOP_LOSS,-2.235332458975145,-2673.793749901708,0
Candidate 3: ATR Protective Stop (1.5x ATR14),4,34,10,TIME_LIMIT_10D,6.244480518893264,7302.373158962497,1
Candidate 3: ATR Protective Stop (1.5x ATR14),4,35,10,STOP_LOSS,-3.1519664788696966,-3916.117144205245,0
Candidate 3: ATR Protective Stop (1.5x ATR14),4,36,7,STOP_LOSS,-2.37164667206791,-2853.7431340465864,0
Candidate 3: ATR Protective Stop (1.5x ATR14),4,37,10,TIME_LIMIT_10D,5.500770181666087,6461.961353511278,1
Candidate 3: ATR Protective Stop (1.5x ATR14),4,38,10,TIME_LIMIT_10D,3.694961305336525,4579.376807885068,1
Candidate 3: ATR Protective Stop (1.5x ATR14),4,39,10,TIME_LIMIT_10D,1.4015430404302902,1801.1943612248567,1
Candidate 3: ATR Protective Stop (1.5x ATR14),4,40,10,STOP_LOSS,-3.9675428310237653,-5170.354571720651,0
Candidate 3: ATR Protective Stop (1.5x ATR14),4,41,10,TIME_LIMIT_10D,-1.453089819104384,-1818.4828284811424,0
Candidate 3: ATR Protective Stop (1.5x ATR14),4,42,10,TIME_LIMIT_10D,10.127850678560403,12490.420117778836,1
Candidate 3: ATR Protective Stop (1.5x ATR14),4,43,10,TIME_LIMIT_10D,-2.4230274430824856,-3290.904298125636,0
Candidate 3: ATR Protective Stop (1.5x ATR14),4,44,10,TIME_LIMIT_10D,-1.1597505980906693,-1536.9822943100928,0
Candidate 3: ATR Protective Stop (1.5x ATR14),4,45,10,TIME_LIMIT_10D,3.400687096330905,4454.559512932278,1
Candidate 3: ATR Protective Stop (1.5x ATR14),4,46,10,TIME_LIMIT_10D,6.501041331194646,8805.305811129909,1
Candidate 3: ATR Protective Stop (1.5x ATR14),4,47,10,TIME_LIMIT_10D,3.161867289521822,4560.988828444606,1
Candidate 3: ATR Protective Stop (1.5x ATR14),4,48,10,TIME_LIMIT_10D,-1.2080128436944242,-1797.6540481915063,0
Candidate 3: ATR Protective Stop (1.5x ATR14),4,49,10,STOP_LOSS,-2.252149559206418,-3310.956797356069,0
Candidate 3: ATR Protective Stop (1.5x ATR14),4,50,2,STOP_LOSS,-5.524324191326189,-7938.576954609656,0
Candidate 3: ATR Protective Stop (1.5x ATR14),4,51,9,STOP_LOSS,-6.3615554409707995,-8636.679941144337,0
Candidate 3: ATR Protective Stop (1.5x ATR14),4,52,10,TIME_LIMIT_10D,6.327338756554638,8043.7541238584,1
Candidate 3: ATR Protective Stop (1.5x ATR14),4,53,5,STOP_LOSS,-4.2820558847527925,-5788.086001635792,0
Candidate 3: ATR Protective Stop (1.5x ATR14),4,54,10,TIME_LIMIT_10D,9.862431082820262,12760.273644216833,1
Candidate 3: ATR Protective Stop (1.5x ATR14),4,55,1,STOP_LOSS,-2.7818495837676793,-3954.202034948567,0
Candidate 3: ATR Protective Stop (1.5x ATR14),4,56,10,TIME_LIMIT_10D,0.010659117856250124,14.729697570789611,1
Candidate 3: ATR Protective Stop (1.5x ATR14),4,57,4,STOP_LOSS,-3.2996783834642898,-4560.269058293767,0
Candidate 3: ATR Protective Stop (1.5x ATR14),4,58,10,TIME_LIMIT_10D,4.142584892047725,5536.281838074405,1
Candidate 3: ATR Protective Stop (1.5x ATR14),4,59,1,STOP_LOSS,-3.350510858372682,-4663.222701780591,0
Candidate 3: ATR Protective Stop (1.5x ATR14),4,60,10,TIME_LIMIT_10D,4.871919592784522,6553.52260320926,1
Candidate 3: ATR Protective Stop (1.5x ATR14),4,61,10,TIME_LIMIT_10D,-1.6940973600992941,-2389.8589680898253,0
Candidate 3: ATR Protective Stop (1.5x ATR14),4,62,10,TIME_LIMIT_10D,2.519461099183632,3493.9859923656904,1
Candidate 3: ATR Protective Stop (1.5x ATR14),4,63,10,TIME_LIMIT_10D,3.9478322353113366,5612.786281213992,1
Candidate 3: ATR Protective Stop (1.5x ATR14),4,64,10,TIME_LIMIT_10D,-0.640200299078642,-946.1306821871334,0
Candidate 3: ATR Protective Stop (1.5x ATR14),4,65,6,TIME_LIMIT_10D,3.8663653215994938,5677.391562494829,1
Candidate 4: Trailing ATR Exit (1.5x ATR14),4,1,1,TRAILING_STOP,-0.059522253629918635,-59.52225362991864,0
Candidate 4: Trailing ATR Exit (1.5x ATR14),4,2,10,TIME_LIMIT_10D,1.330310275520872,1329.5184448646119,1
Candidate 4: Trailing ATR Exit (1.5x ATR14),4,3,1,TRAILING_STOP,-0.13007705823886556,-131.7290319241693,0
Candidate 4: Trailing ATR Exit (1.5x ATR14),4,4,10,TIME_LIMIT_10D,1.0272777905421278,1038.9709562667597,1
Candidate 4: Trailing ATR Exit (1.5x ATR14),4,5,10,TIME_LIMIT_10D,2.8470136222192797,2908.9998879579152,1
Candidate 4: Trailing ATR Exit (1.5x ATR14),4,6,1,TRAILING_STOP,-2.819130107968879,-2962.5177748894953,0
Candidate 4: Trailing ATR Exit (1.5x ATR14),4,7,3,TRAILING_STOP,-3.007210368114776,-3071.075103020361,0
Candidate 4: Trailing ATR Exit (1.5x ATR14),4,8,7,TRAILING_STOP,-1.1857162012125844,-1174.4832609841471,0
Candidate 4: Trailing ATR Exit (1.5x ATR14),4,9,6,TRAILING_STOP,0.1279576582687788,125.24260387851979,1
Candidate 4: Trailing ATR Exit (1.5x ATR14),4,10,10,TIME_LIMIT_10D,7.006385355097376,6866.4961781792135,1
Candidate 4: Trailing ATR Exit (1.5x ATR14),4,11,3,TRAILING_STOP,-2.5968382468407563,-2723.3016894173793,0
Candidate 4: Trailing ATR Exit (1.5x ATR14),4,12,4,TRAILING_STOP,-1.2137335652141734,-1239.7875572692371,0
Candidate 4: Trailing ATR Exit (1.5x ATR14),4,13,7,TRAILING_STOP,-2.537495963312021,-2560.506265982187,0
Candidate 4: Trailing ATR Exit (1.5x ATR14),4,14,1,TRAILING_STOP,-3.249383415549545,-3195.6485288309254,0
Candidate 4: Trailing ATR Exit (1.5x ATR14),4,15,10,TIME_LIMIT_10D,3.1696264935620935,3015.9204205566843,1
Candidate 4: Trailing ATR Exit (1.5x ATR14),4,16,9,TRAILING_STOP,-1.0666163273084868,-1047.0607385165742,0
Candidate 4: Trailing ATR Exit (1.5x ATR14),4,17,3,TRAILING_STOP,-2.478644358670674,-2407.2474116219037,0
Candidate 4: Trailing ATR Exit (1.5x ATR14),4,18,2,TRAILING_STOP,-2.4165757599825595,-2288.7937313776765,0
Candidate 4: Trailing ATR Exit (1.5x ATR14),4,19,2,TRAILING_STOP,-2.862798388112995,-2645.8977566673093,0
Candidate 4: Trailing ATR Exit (1.5x ATR14),4,20,2,TRAILING_STOP,-3.7789264273753975,-3392.628597756373,0
Candidate 4: Trailing ATR Exit (1.5x ATR14),4,21,10,TIME_LIMIT_10D,8.527121030964489,7366.149135844308,1
Candidate 4: Trailing ATR Exit (1.5x ATR14),4,22,3,TRAILING_STOP,-4.513245966562077,-4231.217645737528,0
Candidate 4: Trailing ATR Exit (1.5x ATR14),4,23,10,TIME_LIMIT_10D,4.602516122662683,4120.166922871779,1
Candidate 4: Trailing ATR Exit (1.5x ATR14),4,24,10,TIME_LIMIT_10D,3.6129885675155244,3383.204200053109,1
Candidate 4: Trailing ATR Exit (1.5x ATR14),4,25,10,TIME_LIMIT_10D,7.805350137262036,7573.004486548263,1
Candidate 4: Trailing ATR Exit (1.5x ATR14),4,26,10,TIME_LIMIT_10D,-0.3037327505018955,-317.69308493486324,0
Candidate 4: Trailing ATR Exit (1.5x ATR14),4,27,3,TRAILING_STOP,-2.0454008964510484,-2132.914658408717,0
Candidate 4: Trailing ATR Exit (1.5x ATR14),4,28,3,TRAILING_STOP,-2.487406517885686,-2540.7775097214862,0
Candidate 4: Trailing ATR Exit (1.5x ATR14),4,29,10,TIME_LIMIT_10D,1.244812057955354,1239.893439991879,1
Candidate 4: Trailing ATR Exit (1.5x ATR14),4,30,10,TRAILING_STOP,5.656938539601854,5704.726324204069,1
Candidate 4: Trailing ATR Exit (1.5x ATR14),4,31,8,TRAILING_STOP,0.9918390611310215,1056.7994652284733,1
Candidate 4: Trailing ATR Exit (1.5x ATR14),4,32,5,TRAILING_STOP,-2.9201762923799257,-3142.2933657694093,0
Candidate 4: Trailing ATR Exit (1.5x ATR14),4,33,4,TRAILING_STOP,-3.860039449787049,-4032.351475723618,0
Candidate 4: Trailing ATR Exit (1.5x ATR14),4,34,10,TIME_LIMIT_10D,5.56903539213077,5593.073856300309,1
Candidate 4: Trailing ATR Exit (1.5x ATR14),4,35,3,TRAILING_STOP,-3.0372324151902363,-3220.21712995477,0
Candidate 4: Trailing ATR Exit (1.5x ATR14),4,36,9,TRAILING_STOP,3.6922800188130074,3795.8300765779613,1
Candidate 4: Trailing ATR Exit (1.5x ATR14),4,37,10,TIME_LIMIT_10D,0.37853518588607066,403.5197642372059,1
Candidate 4: Trailing ATR Exit (1.5x ATR14),4,38,10,TIME_LIMIT_10D,0.08696554104825752,93.05647847895551,1
Candidate 4: Trailing ATR Exit (1.5x ATR14),4,39,7,TRAILING_STOP,-1.4100206598242424,-1510.088529818594,0
Candidate 4: Trailing ATR Exit (1.5x ATR14),4,40,10,TIME_LIMIT_10D,6.244480518893263,6593.348376699491,1
Candidate 4: Trailing ATR Exit (1.5x ATR14),4,41,10,TRAILING_STOP,-3.150180831507961,-3533.878146467937,0
Candidate 4: Trailing ATR Exit (1.5x ATR14),4,42,6,TRAILING_STOP,-1.373326729568538,-1492.0685381002231,0
Candidate 4: Trailing ATR Exit (1.5x ATR14),4,43,2,TRAILING_STOP,-2.322412781797652,-2488.5633301326875,0
Candidate 4: Trailing ATR Exit (1.5x ATR14),4,44,10,TIME_LIMIT_10D,3.4985091403892796,3661.7376085529136,1
Candidate 4: Trailing ATR Exit (1.5x ATR14),4,45,10,TIME_LIMIT_10D,1.4015430404302904,1518.2550726586985,1
Candidate 4: Trailing ATR Exit (1.5x ATR14),4,46,7,TRAILING_STOP,-0.9578604067090115,-1052.1679954292958,0
Candidate 4: Trailing ATR Exit (1.5x ATR14),4,47,10,TIME_LIMIT_10D,-1.4530898191043842,-1580.8670193333573,0
Candidate 4: Trailing ATR Exit (1.5x ATR14),4,48,10,TRAILING_STOP,7.185938832165439,7704.2329751193165,1
Candidate 4: Trailing ATR Exit (1.5x ATR14),4,49,10,TIME_LIMIT_10D,-2.4230274430824856,-2784.466776938182,0
Candidate 4: Trailing ATR Exit (1.5x ATR14),4,50,6,TRAILING_STOP,-0.14987200925908561,-168.05505358384,0
Candidate 4: Trailing ATR Exit (1.5x ATR14),4,51,10,TIME_LIMIT_10D,3.400687096330905,3807.55641102713,1
Candidate 4: Trailing ATR Exit (1.5x ATR14),4,52,1,TRAILING_STOP,2.5020207251226068,2896.6365096310897,1
Candidate 4: Trailing ATR Exit (1.5x ATR14),4,53,9,TRAILING_STOP,-1.9263436483819476,-2285.9634905943303,0
Candidate 4: Trailing ATR Exit (1.5x ATR14),4,54,10,TIME_LIMIT_10D,3.161867289521822,3679.861973400963,1
Candidate 4: Trailing ATR Exit (1.5x ATR14),4,55,4,TRAILING_STOP,-1.0657667626593952,-1279.5853467318018,0
Candidate 4: Trailing ATR Exit (1.5x ATR14),4,56,2,TRAILING_STOP,-1.876258093987572,-2228.672514112245,0
Candidate 4: Trailing ATR Exit (1.5x ATR14),4,57,1,TRAILING_STOP,-1.3027075001125457,-1518.359787344839,0
Candidate 4: Trailing ATR Exit (1.5x ATR14),4,58,2,TRAILING_STOP,-5.52432419132619,-6354.950553961781,0
Candidate 4: Trailing ATR Exit (1.5x ATR14),4,59,6,TRAILING_STOP,-3.5328253119519557,-3839.5045750219388,0
Candidate 4: Trailing ATR Exit (1.5x ATR14),4,60,10,TIME_LIMIT_10D,4.725258354514854,4954.024429636737,1
Candidate 4: Trailing ATR Exit (1.5x ATR14),4,61,6,TRAILING_STOP,-3.801692477870318,-4174.08231356015,0
Candidate 4: Trailing ATR Exit (1.5x ATR14),4,62,4,TRAILING_STOP,-2.181925613055793,-2304.5779238307764,0
Candidate 4: Trailing ATR Exit (1.5x ATR14),4,63,4,TRAILING_STOP,5.148118651939544,5318.866793969914,1
Candidate 4: Trailing ATR Exit (1.5x ATR14),4,64,10,TIME_LIMIT_10D,0.9912485710656677,1076.8485979968218,1
Candidate 4: Trailing ATR Exit (1.5x ATR14),4,65,1,TRAILING_STOP,-2.781849583767679,-3052.034636079513,0
Candidate 4: Trailing ATR Exit (1.5x ATR14),4,66,9,TRAILING_STOP,-1.5989014644904844,-1705.39454233896,0
Candidate 4: Trailing ATR Exit (1.5x ATR14),4,67,5,TRAILING_STOP,-2.215123667742812,-2324.8829512307093,0
Candidate 4: Trailing ATR Exit (1.5x ATR14),4,68,10,TIME_LIMIT_10D,4.142584892047725,4251.539547295114,1
Candidate 4: Trailing ATR Exit (1.5x ATR14),4,69,1,TRAILING_STOP,-3.350510858372682,-3581.0813673026923,0
Candidate 4: Trailing ATR Exit (1.5x ATR14),4,70,7,TRAILING_STOP,3.8919271688046835,4020.3829872665483,1
Candidate 4: Trailing ATR Exit (1.5x ATR14),4,71,10,TIME_LIMIT_10D,2.7457234308660867,2946.7365791428506,1
Candidate 4: Trailing ATR Exit (1.5x ATR14),4,72,5,TRAILING_STOP,2.407871593717659,2655.1043975704415,1
Candidate 4: Trailing ATR Exit (1.5x ATR14),4,73,10,TRAILING_STOP,3.851169282977043,4348.847992129722,1
Candidate 4: Trailing ATR Exit (1.5x ATR14),4,74,6,TRAILING_STOP,-1.584546390169173,-1858.2235847407574,0
Candidate 4: Trailing ATR Exit (1.5x ATR14),4,75,10,TIME_LIMIT_10D,5.41736490489216,6252.366075150745,1
Candidate 5: Model Probability Deterioration,4,1,1,PROB_DETERIORATION,4.4824146189177805,4482.41461891778,1
Candidate 5: Model Probability Deterioration,4,2,3,PROB_DETERIORATION,1.427244096394929,1491.2190944193765,1
Candidate 5: Model Probability Deterioration,4,3,1,PROB_DETERIORATION,2.9642976980683065,3141.373984723792,1
Candidate 5: Model Probability Deterioration,4,4,5,PROB_DETERIORATION,2.376758323557479,2593.4000277140476,1
Candidate 5: Model Probability Deterioration,4,5,3,PROB_DETERIORATION,1.2928772711580658,1444.2526134591258,1
Candidate 5: Model Probability Deterioration,4,6,1,PROB_DETERIORATION,-2.6388030071043778,-2985.8758036503127,0
Candidate 5: Model Probability Deterioration,4,7,1,PROB_DETERIORATION,-0.7853184178807278,-865.160049344917,0
Candidate 5: Model Probability Deterioration,4,8,2,PROB_DETERIORATION,0.1821786007671719,199.12417010481855,1
Candidate 5: Model Probability Deterioration,4,9,10,TIME_LIMIT_10D,-2.7923943342703197,-3057.6927014633243,0
Candidate 5: Model Probability Deterioration,4,10,5,PROB_DETERIORATION,5.052129795791506,5377.641345447536,1
Candidate 5: Model Probability Deterioration,4,11,1,PROB_DETERIORATION,-0.34789479212769897,-389.0183824287193,0
Candidate 5: Model Probability Deterioration,4,12,2,PROB_DETERIORATION,-0.9012420562788059,-1004.2691544256713,0
Candidate 5: Model Probability Deterioration,4,13,2,PROB_DETERIORATION,0.8152410250515472,900.2495472936138,1
Candidate 5: Model Probability Deterioration,4,14,10,TIME_LIMIT_10D,-6.663852973184126,-7418.71153495685,0
Candidate 5: Model Probability Deterioration,4,15,6,PROB_DETERIORATION,2.2015833720476197,2287.642116301884,1
Candidate 5: Model Probability Deterioration,4,16,10,TIME_LIMIT_10D,-1.2196965267368085,-1295.2761184270248,0
Candidate 5: Model Probability Deterioration,4,17,4,PROB_DETERIORATION,-2.505042963878422,-2627.8229797037257,0
Candidate 5: Model Probability Deterioration,4,18,10,TIME_LIMIT_10D,-8.470756332293982,-8663.338197689285,0
Candidate 5: Model Probability Deterioration,4,19,5,PROB_DETERIORATION,8.138423695575002,7618.390840360558,1
Candidate 5: Model Probability Deterioration,4,20,10,TIME_LIMIT_10D,-3.104393565770264,-3142.5323891704033,0
Candidate 5: Model Probability Deterioration,4,21,2,PROB_DETERIORATION,3.2962108881228622,3233.121775872505,1
Candidate 5: Model Probability Deterioration,4,22,8,PROB_DETERIORATION,4.5057106198293235,4565.146927540875,1
Candidate 5: Model Probability Deterioration,4,23,3,PROB_DETERIORATION,0.02320611444258516,24.571627135699877,1
Candidate 5: Model Probability Deterioration,4,24,3,PROB_DETERIORATION,6.725113472198142,7122.490432274296,1
Candidate 5: Model Probability Deterioration,4,25,2,PROB_DETERIORATION,0.013185977886725068,14.904287736175533,1
Candidate 5: Model Probability Deterioration,4,26,10,TIME_LIMIT_10D,-4.838371941825704,-5469.597852494891,0
Candidate 5: Model Probability Deterioration,4,27,10,TIME_LIMIT_10D,-2.480971907550207,-2668.9464220561226,0
Candidate 5: Model Probability Deterioration,4,28,4,PROB_DETERIORATION,1.9809339282825942,2078.152258803068,1
Candidate 5: Model Probability Deterioration,4,29,6,PROB_DETERIORATION,3.5975497033510773,3848.869276165181,1
Candidate 5: Model Probability Deterioration,4,30,1,PROB_DETERIORATION,-0.30923116227698055,-342.73550324783906,0
Candidate 5: Model Probability Deterioration,4,31,10,TIME_LIMIT_10D,-4.2360974885448455,-4680.548322577879,0
Candidate 5: Model Probability Deterioration,4,32,5,PROB_DETERIORATION,0.1529308353950657,161.818318420801,1
Candidate 5: Model Probability Deterioration,4,33,10,PROB_DETERIORATION,3.8688666196347103,4099.963998738855,1
Candidate 5: Model Probability Deterioration,4,34,1,PROB_DETERIORATION,1.8001718381731207,1981.5071411097963,1
Candidate 5: Model Probability Deterioration,4,35,2,PROB_DETERIORATION,1.8787775500768058,2105.2590920804887,1
Candidate 5: Model Probability Deterioration,4,36,1,PROB_DETERIORATION,0.8284541193764061,945.7631239530898,1
Candidate 5: Model Probability Deterioration,4,37,1,PROB_DETERIORATION,0.3744621177929975,431.0274336710329,1
Candidate 5: Model Probability Deterioration,4,38,1,PROB_DETERIORATION,1.0449392108518432,1207.2891029708044,1
Candidate 5: Model Probability Deterioration,4,39,1,PROB_DETERIORATION,-0.7530395733893251,-879.1290296935864,0
Candidate 5: Model Probability Deterioration,4,40,3,PROB_DETERIORATION,-0.5982941185009207,-693.2131137298684,0
Candidate 5: Model Probability Deterioration,4,41,5,PROB_DETERIORATION,4.776574287941628,5501.26303199568,1
Candidate 5: Model Probability Deterioration,4,42,1,PROB_DETERIORATION,-1.2270598883028063,-1480.7298395213238,0
Candidate 5: Model Probability Deterioration,4,43,4,PROB_DETERIORATION,-0.9606805616258743,-1145.0568611835952,0
Candidate 5: Model Probability Deterioration,4,44,5,PROB_DETERIORATION,-0.9869778947390847,-1165.0997884213775,0
Candidate 5: Model Probability Deterioration,4,45,3,PROB_DETERIORATION,0.5834975238979192,682.0041718843828,1
Candidate 5: Model Probability Deterioration,4,46,4,PROB_DETERIORATION,1.102710274194278,1296.3914790991807,1
Candidate 5: Model Probability Deterioration,4,47,2,PROB_DETERIORATION,-0.3624449977658587,-430.80392857397993,0
Candidate 5: Model Probability Deterioration,4,48,3,PROB_DETERIORATION,-0.9515972567952915,-1126.9737180545294,0
Candidate 5: Model Probability Deterioration,4,49,3,PROB_DETERIORATION,-1.2530937025904345,-1469.9129991340901,0
Candidate 5: Model Probability Deterioration,4,50,1,PROB_DETERIORATION,0.25094160072727606,290.672700425145,1
Candidate 5: Model Probability Deterioration,4,51,1,PROB_DETERIORATION,-0.09654449007821414,-112.11082148097648,0
Candidate 5: Model Probability Deterioration,4,52,10,TIME_LIMIT_10D,-1.4063234360631294,-1631.4950711270458,0
Candidate 5: Model Probability Deterioration,4,53,1,PROB_DETERIORATION,2.0213169566922975,2311.9797873171633,1
Candidate 5: Model Probability Deterioration,4,54,1,PROB_DETERIORATION,-0.04506220293698753,-52.583919944774316,0
Candidate 5: Model Probability Deterioration,4,55,5,PROB_DETERIORATION,3.443466057247452,4016.4336657912418,1
Candidate 5: Model Probability Deterioration,4,56,2,PROB_DETERIORATION,-0.30181542534170375,-364.157524685032,0
Candidate 5: Model Probability Deterioration,4,57,1,PROB_DETERIORATION,1.4603789340186273,1756.712396671489,1
Candidate 5: Model Probability Deterioration,4,58,2,PROB_DETERIORATION,2.5990011517866054,3172.035640543401,1
Candidate 5: Model Probability Deterioration,4,59,1,PROB_DETERIORATION,1.6983921945856806,2126.7316993630607,1
Candidate 5: Model Probability Deterioration,4,60,1,PROB_DETERIORATION,1.6346833800134488,2081.7206640776444,1
Candidate 5: Model Probability Deterioration,4,61,1,PROB_DETERIORATION,5.483448890322841,7097.159156321129,1
Candidate 5: Model Probability Deterioration,4,62,1,PROB_DETERIORATION,0.5503681624023673,751.3951174219685,1
Candidate 5: Model Probability Deterioration,4,63,5,PROB_DETERIORATION,1.2979422261744877,1781.7800519452965,1
Candidate 5: Model Probability Deterioration,4,64,3,PROB_DETERIORATION,0.34416931362761793,478.5986835506938,1
Candidate 5: Model Probability Deterioration,4,65,1,PROB_DETERIORATION,-0.05677561366469047,-79.223373758304,0
Candidate 5: Model Probability Deterioration,4,66,1,PROB_DETERIORATION,1.113954049064055,1553.5031173817574,1
Candidate 5: Model Probability Deterioration,4,67,10,TIME_LIMIT_10D,-9.41735065008296,-13279.590648699246,0
Candidate 5: Model Probability Deterioration,4,68,4,PROB_DETERIORATION,4.490657009695005,5736.022558318756,1
Candidate 5: Model Probability Deterioration,4,69,8,PROB_DETERIORATION,-0.2649445671736266,-353.61725092188624,0
Candidate 5: Model Probability Deterioration,4,70,9,PROB_DETERIORATION,5.384632901442496,7167.741905463985,1
Candidate 5: Model Probability Deterioration,4,71,1,PROB_DETERIORATION,0.618195066157675,867.2195906293546,1
Candidate 5: Model Probability Deterioration,4,72,10,TIME_LIMIT_10D,-4.0468217927783945,-5712.078247470706,0
Candidate 5: Model Probability Deterioration,4,73,4,PROB_DETERIORATION,0.5227654485434456,708.0212752454574,1
Candidate 5: Model Probability Deterioration,4,74,10,TIME_LIMIT_10D,0.5876704172102104,800.0878756829524,1
Candidate 5: Model Probability Deterioration,4,75,1,PROB_DETERIORATION,0.9113196868970872,1248.0137275367442,1
Candidate 5: Model Probability Deterioration,4,76,7,PROB_DETERIORATION,4.351720377891959,6013.806881054761,1
Candidate 5: Model Probability Deterioration,4,77,10,TIME_LIMIT_10D,2.7457234308660863,3959.5414994395237,1
Candidate 5: Model Probability Deterioration,4,78,3,PROB_DETERIORATION,5.555197063315467,8230.975959250445,1
Candidate 5: Model Probability Deterioration,4,79,5,PROB_DETERIORATION,1.1381049011311095,1779.97448967243,1
Candidate 5: Model Probability Deterioration,4,80,10,TIME_LIMIT_10D,-0.6402002990786417,-1012.6565331271902,0
Candidate 5: Model Probability Deterioration,4,81,1,PROB_DETERIORATION,1.381722288182572,2171.589667855497,1
Candidate 6: Expected Return Decay Exit,4,1,3,RETURN_DECAY,8.91109423291809,8911.09423291809,1
Candidate 6: Expected Return Decay Exit,4,2,1,RETURN_DECAY,-0.23771711873577708,-258.90031519409996,0
Candidate 6: Expected Return Decay Exit,4,3,1,RETURN_DECAY,2.9642976980683073,3220.7744832038056,1
Candidate 6: Expected Return Decay Exit,4,4,4,RETURN_DECAY,1.508362056442429,1687.449406775423,1
Candidate 6: Expected Return Decay Exit,4,5,2,RETURN_DECAY,1.422692604916093,1615.6156662620115,1
Candidate 6: Expected Return Decay Exit,4,6,4,RETURN_DECAY,1.7101292349235777,1969.6590200636451,1
Candidate 6: Expected Return Decay Exit,4,7,4,RETURN_DECAY,-0.35955863736855587,-421.2074556674888,0
Candidate 6: Expected Return Decay Exit,4,8,1,RETURN_DECAY,-0.7853184178807275,-916.6588791826861,0
Candidate 6: Expected Return Decay Exit,4,9,10,TIME_LIMIT_10D,-1.3368229312681341,-1548.1455762990377,0
Candidate 6: Expected Return Decay Exit,4,10,10,RETURN_DECAY,3.452303213956213,3944.590625018857,1
Candidate 6: Expected Return Decay Exit,4,11,10,TIME_LIMIT_10D,-4.410710327300336,-5213.647997476877,0
Candidate 6: Expected Return Decay Exit,4,12,10,TIME_LIMIT_10D,-6.0511207204544695,-6837.199013256461,0
Candidate 6: Expected Return Decay Exit,4,13,7,RETURN_DECAY,3.0471290966073066,3234.6318757568015,1
Candidate 6: Expected Return Decay Exit,4,14,3,RETURN_DECAY,-0.3173452882494814,-347.1378418551186,0
Candidate 6: Expected Return Decay Exit,4,15,8,RETURN_DECAY,-2.7549076955015668,-3003.9766475932324,0
Candidate 6: Expected Return Decay Exit,4,16,10,TIME_LIMIT_10D,-8.47075633229398,-8982.130943752962,0
Candidate 6: Expected Return Decay Exit,4,17,6,RETURN_DECAY,7.304004177192939,7088.887423291897,1
Candidate 6: Expected Return Decay Exit,4,18,1,RETURN_DECAY,-0.6530413342656811,-680.1013953843197,0
Candidate 6: Expected Return Decay Exit,4,19,3,RETURN_DECAY,-3.679436497818865,-3806.8773377448174,0
Candidate 6: Expected Return Decay Exit,4,20,2,RETURN_DECAY,0.4664352144234602,464.8340324937277,1
Candidate 6: Expected Return Decay Exit,4,21,2,RETURN_DECAY,2.578771017225212,2581.9056001046574,1
Candidate 6: Expected Return Decay Exit,4,22,8,RETURN_DECAY,4.5057106198293235,4627.520657404595,1
Candidate 6: Expected Return Decay Exit,4,23,6,RETURN_DECAY,1.743607119078279,1871.4306016287965,1
Candidate 6: Expected Return Decay Exit,4,24,2,RETURN_DECAY,5.486780982757013,5991.697076746399,1
Candidate 6: Expected Return Decay Exit,4,25,2,RETURN_DECAY,0.013185977886725066,15.189469515159125,1
Candidate 6: Expected Return Decay Exit,4,26,10,TIME_LIMIT_10D,-4.838371941825704,-5574.25428918682,0
Candidate 6: Expected Return Decay Exit,4,27,10,TIME_LIMIT_10D,-2.4809719075502064,-2720.0146047245526,0
Candidate 6: Expected Return Decay Exit,4,28,2,RETURN_DECAY,2.7192595777257904,2907.297135488284,1
Candidate 6: Expected Return Decay Exit,4,29,1,RETURN_DECAY,-0.40773760623114796,-447.78691910053016,0
Candidate 6: Expected Return Decay Exit,4,30,1,RETURN_DECAY,-0.511591655149941,-559.5510097285288,0
Candidate 6: Expected Return Decay Exit,4,31,4,RETURN_DECAY,0.6761852590108576,735.7909022330768,1
Candidate 6: Expected Return Decay Exit,4,32,1,RETURN_DECAY,0.08832716841127446,96.76310016469179,1
Candidate 6: Expected Return Decay Exit,4,33,1,RETURN_DECAY,-0.30923116227698055,-339.0643656988507,0
Candidate 6: Expected Return Decay Exit,4,34,10,TIME_LIMIT_10D,-4.236097488544846,-4630.413636984935,0
Candidate 6: Expected Return Decay Exit,4,35,8,RETURN_DECAY,3.5090721763010992,3673.228786239567,1
Candidate 6: Expected Return Decay Exit,4,36,7,RETURN_DECAY,0.5010594316670436,542.9043672300752,1
Candidate 6: Expected Return Decay Exit,4,37,2,RETURN_DECAY,3.4142963028578146,3717.9705160342346,1
Candidate 6: Expected Return Decay Exit,4,38,2,RETURN_DECAY,1.8787775500768056,2115.732107549219,1
Candidate 6: Expected Return Decay Exit,4,39,1,RETURN_DECAY,0.8284541193764063,950.4680041572302,1
Candidate 6: Expected Return Decay Exit,4,40,1,RETURN_DECAY,0.3744621177929975,433.1716623777347,1
Candidate 6: Expected Return Decay Exit,4,41,1,RETURN_DECAY,1.044939210851843,1213.2949943588083,1
Candidate 6: Expected Return Decay Exit,4,42,1,RETURN_DECAY,-0.7530395733893251,-883.5024258050798,0
Candidate 6: Expected Return Decay Exit,4,43,1,RETURN_DECAY,-0.3790447063605156,-441.36470152138907,0
Candidate 6: Expected Return Decay Exit,4,44,1,RETURN_DECAY,0.6010517862278406,697.2198700159528,1
Candidate 6: Expected Return Decay Exit,4,45,3,RETURN_DECAY,2.0926510640446447,2442.0649099983607,1
Candidate 6: Expected Return Decay Exit,4,46,1,RETURN_DECAY,-1.2270598883028057,-1461.9099623421173,0
Candidate 6: Expected Return Decay Exit,4,47,4,RETURN_DECAY,-0.960680561625874,-1130.5033424285134,0
Candidate 6: Expected Return Decay Exit,4,48,4,RETURN_DECAY,0.8684695151452778,1012.173757732895,1
Candidate 6: Expected Return Decay Exit,4,49,2,RETURN_DECAY,-1.3275936236280335,-1560.7059423181797,0
Candidate 6: Expected Return Decay Exit,4,50,2,RETURN_DECAY,0.7865920239188704,912.4334203718456,1
Candidate 6: Expected Return Decay Exit,4,51,1,RETURN_DECAY,1.864749383158576,2180.092286248612,1
Candidate 6: Expected Return Decay Exit,4,52,1,RETURN_DECAY,0.1688270178947005,201.0574992185991,1
Candidate 6: Expected Return Decay Exit,4,53,6,RETURN_DECAY,2.294031603548713,2736.5936315461727,1
Candidate 6: Expected Return Decay Exit,4,54,1,RETURN_DECAY,-1.5065477094237427,-1838.41730823308,0
Candidate 6: Expected Return Decay Exit,4,55,6,RETURN_DECAY,2.4250227064024115,2914.6363721986017,1
Candidate 6: Expected Return Decay Exit,4,56,1,RETURN_DECAY,0.2509416007272761,308.9209087225857,1
Candidate 6: Expected Return Decay Exit,4,57,10,TIME_LIMIT_10D,-1.4530898191043842,-1793.3107838132235,0
Candidate 6: Expected Return Decay Exit,4,58,9,RETURN_DECAY,5.739221268809405,6980.058796725061,1
Candidate 6: Expected Return Decay Exit,4,59,4,RETURN_DECAY,-1.7201879618960585,-2212.1680923721824,0
Candidate 6: Expected Return Decay Exit,4,60,2,RETURN_DECAY,0.09539993908422914,120.57426811082462,1
Candidate 6: Expected Return Decay Exit,4,61,1,RETURN_DECAY,-0.4928868097264392,-623.5450734031864,0
Candidate 6: Expected Return Decay Exit,4,62,1,RETURN_DECAY,1.6983921945856808,2138.024947746643,1
Candidate 6: Expected Return Decay Exit,4,63,4,RETURN_DECAY,5.191728608546493,6646.620036137245,1
Candidate 6: Expected Return Decay Exit,4,64,1,RETURN_DECAY,0.5503681624023674,741.180125101892,1
Candidate 6: Expected Return Decay Exit,4,65,4,RETURN_DECAY,1.7201602127277524,2329.287121259812,1
Candidate 6: Expected Return Decay Exit,4,66,1,RETURN_DECAY,-0.5146629023043301,-708.898451235898,0
Candidate 6: Expected Return Decay Exit,4,67,10,TIME_LIMIT_10D,-1.208012843694424,-1655.3574601611506,0
Candidate 6: Expected Return Decay Exit,4,68,1,RETURN_DECAY,1.1139540490640552,1508.0274129127008,1
Candidate 6: Expected Return Decay Exit,4,69,10,TIME_LIMIT_10D,-9.417350650082959,-12890.857125699884,0
Candidate 6: Expected Return Decay Exit,4,70,10,TIME_LIMIT_10D,2.929884037814524,3632.8586803458847,1
Candidate 6: Expected Return Decay Exit,4,71,10,TIME_LIMIT_10D,-3.4017429930091527,-4341.512488665641,0
Candidate 6: Expected Return Decay Exit,4,72,2,RETURN_DECAY,7.356922734404131,9069.953089460714,1
Candidate 6: Expected Return Decay Exit,4,73,10,TIME_LIMIT_10D,0.9912485710656674,1311.9626598999619,1
Candidate 6: Expected Return Decay Exit,4,74,10,TIME_LIMIT_10D,-4.046821792778395,-5409.245867238181,0
Candidate 6: Expected Return Decay Exit,4,75,7,RETURN_DECAY,-0.5817048218375684,-746.0787488831819,0
Candidate 6: Expected Return Decay Exit,4,76,1,RETURN_DECAY,0.025689343022797555,32.75678841418043,1
Candidate 6: Expected Return Decay Exit,4,77,1,RETURN_DECAY,1.1900502138702658,1517.8370774369266,1
Candidate 6: Expected Return Decay Exit,4,78,1,RETURN_DECAY,0.2348796625052052,303.1398953745188,1
Candidate 6: Expected Return Decay Exit,4,79,1,RETURN_DECAY,0.32311192106678654,417.99350824483304,1
Candidate 6: Expected Return Decay Exit,4,80,1,RETURN_DECAY,-0.4559033376033747,-591.6846767176437,0
Candidate 6: Expected Return Decay Exit,4,81,1,RETURN_DECAY,-1.4814474179520185,-1913.9002615055983,0
Candidate 6: Expected Return Decay Exit,4,82,1,RETURN_DECAY,1.2821776235013338,1631.9215459453553,1
Candidate 6: Expected Return Decay Exit,4,83,1,RETURN_DECAY,0.911319686897087,1174.7754592822364,1
Candidate 6: Expected Return Decay Exit,4,84,5,RETURN_DECAY,0.6529373822619071,849.3672920488797,1
Candidate 6: Expected Return Decay Exit,4,85,1,RETURN_DECAY,2.5948279058578803,3397.496457501384,1
Candidate 6: Expected Return Decay Exit,4,86,10,TIME_LIMIT_10D,2.7457234308660863,3688.354958407853,1
Candidate 6: Expected Return Decay Exit,4,87,1,RETURN_DECAY,1.5447799170735732,2132.0937110334744,1
Candidate 6: Expected Return Decay Exit,4,88,2,RETURN_DECAY,3.8454580849625963,5389.461315673645,1
Candidate 6: Expected Return Decay Exit,4,89,5,RETURN_DECAY,1.13810490113111,1656.4070759244098,1
Candidate 6: Expected Return Decay Exit,4,90,3,RETURN_DECAY,1.6769898903173726,2468.482425864151,1
Candidate 6: Expected Return Decay Exit,4,91,8,RETURN_DECAY,-0.9287388350633597,-1390.0034611232009,0
Candidate 7: Combined Adaptive Exit,4,1,1,PROFIT_TARGET,2.896999999999994,2896.999999999994,1
Candidate 7: Combined Adaptive Exit,4,2,1,PROFIT_TARGET,2.897000000000008,2980.926090000008,1
Candidate 7: Combined Adaptive Exit,4,3,1,PROB_DETERIORATION,-0.23771711873577708,-251.68995527834363,0
Candidate 7: Combined Adaptive Exit,4,4,1,PROFIT_TARGET,2.897000000000005,3059.992060822892,1
Candidate 7: Combined Adaptive Exit,4,5,5,PROB_DETERIORATION,2.3767583235574796,2583.208975198281,1
Candidate 7: Combined Adaptive Exit,4,6,3,PROB_DETERIORATION,1.2928772711580658,1438.5772629260387,1
Candidate 7: Combined Adaptive Exit,4,7,1,STOP_LOSS,-2.8191301079688786,-3177.3855689934685,0
Candidate 7: Combined Adaptive Exit,4,8,1,PROB_DETERIORATION,-0.7853184178807278,-860.1642016948805,0
Candidate 7: Combined Adaptive Exit,4,9,3,PROB_DETERIORATION,2.1915138234346427,2381.528255079877,1
Candidate 7: Combined Adaptive Exit,4,10,4,STOP_LOSS,-3.6095769900313193,-4008.507183341518,0
Candidate 7: Combined Adaptive Exit,4,11,4,PROFIT_TARGET,2.8970000000000105,3101.049781734817,1
Candidate 7: Combined Adaptive Exit,4,12,1,STOP_LOSS,-3.5287180982015407,-3886.690158949126,0
Candidate 7: Combined Adaptive Exit,4,13,4,PROFIT_TARGET,2.897000000000011,3078.289780006919,1
Candidate 7: Combined Adaptive Exit,4,14,3,PROB_DETERIORATION,1.7556492437588291,1919.5590296968521,1
Candidate 7: Combined Adaptive Exit,4,15,2,PROB_DETERIORATION,-0.9012420562788059,-1002.683105839808,0
Candidate 7: Combined Adaptive Exit,4,16,2,PROB_DETERIORATION,0.815241025051547,898.8277775268964,1
Candidate 7: Combined Adaptive Exit,4,17,7,STOP_LOSS,-3.307530374700085,-3676.380831634153,0
Candidate 7: Combined Adaptive Exit,4,18,1,STOP_LOSS,-3.249383415549546,-3492.2897082738637,0
Candidate 7: Combined Adaptive Exit,4,19,6,PROFIT_TARGET,2.8970000000000016,3012.392385621667,1
Candidate 7: Combined Adaptive Exit,4,20,10,TIME_LIMIT_10D,-0.0896431605441933,-95.9142022396639,0
Candidate 7: Combined Adaptive Exit,4,21,6,STOP_LOSS,-2.6910128329185263,-2876.683205185099,0
Candidate 7: Combined Adaptive Exit,4,22,4,STOP_LOSS,-3.1431653213167556,-3269.6137079345212,0
Candidate 7: Combined Adaptive Exit,4,23,2,STOP_LOSS,-3.7789264273753975,-3807.3949533382965,0
Candidate 7: Combined Adaptive Exit,4,24,2,PROFIT_TARGET,2.8970000000000087,2808.5243052229644,1
Candidate 7: Combined Adaptive Exit,4,25,7,PROFIT_TARGET,2.8970000000000065,2889.8872543452717,1
Candidate 7: Combined Adaptive Exit,4,26,3,STOP_LOSS,-4.513245966562077,-4632.592716318048,0
Candidate 7: Combined Adaptive Exit,4,27,8,PROFIT_TARGET,2.896999999999997,2839.4010771119115,1
Candidate 7: Combined Adaptive Exit,4,28,7,PROFIT_TARGET,2.897000000000002,2921.658526315848,1
Candidate 7: Combined Adaptive Exit,4,29,1,PROB_DETERIORATION,1.3930985823237285,1445.657866232103,1
Candidate 7: Combined Adaptive Exit,4,30,3,PROB_DETERIORATION,0.023206114442585205,24.417123419703458,1
Candidate 7: Combined Adaptive Exit,4,31,2,PROFIT_TARGET,2.8970000000000096,3048.887046273439,1
Candidate 7: Combined Adaptive Exit,4,32,1,PROFIT_TARGET,2.8970000000000007,3137.2133040039707,1
Candidate 7: Combined Adaptive Exit,4,33,10,TIME_LIMIT_10D,-0.30373275050189547,-338.44639207795814,0
Candidate 7: Combined Adaptive Exit,4,34,3,STOP_LOSS,-2.045400896451048,-2272.2473512340616,0
Candidate 7: Combined Adaptive Exit,4,35,3,STOP_LOSS,-2.4874065178856855,-2706.75385148646,0
Candidate 7: Combined Adaptive Exit,4,36,10,TIME_LIMIT_10D,1.2448120579553543,1320.8895038191285,1
Candidate 7: Combined Adaptive Exit,4,37,8,PROFIT_TARGET,2.8970000000000113,3112.318085525306,1
Candidate 7: Combined Adaptive Exit,4,38,1,PROB_DETERIORATION,-0.30923116227698055,-341.83887215063913,0
Candidate 7: Combined Adaptive Exit,4,39,8,STOP_LOSS,-3.915703597408838,-4315.2200758569825,0
Candidate 7: Combined Adaptive Exit,4,40,10,PROFIT_TARGET,2.896999999999995,3067.5669427391754,1
Candidate 7: Combined Adaptive Exit,4,41,1,PROFIT_TARGET,2.897000000000004,3156.4343570703386,1
Candidate 7: Combined Adaptive Exit,4,42,3,STOP_LOSS,-3.037232415190236,-3405.0932200888888,0
Candidate 7: Combined Adaptive Exit,4,43,3,PROB_DETERIORATION,2.0730587665625757,2253.5520645139736,1
Candidate 7: Combined Adaptive Exit,4,44,1,PROB_DETERIORATION,1.8001718381731209,1997.4737246075692,1
Candidate 7: Combined Adaptive Exit,4,45,2,PROB_DETERIORATION,1.8787775500768058,2122.2228437525223,1
Candidate 7: Combined Adaptive Exit,4,46,1,PROFIT_TARGET,2.896999999999994,3333.8637227030417,1
Candidate 7: Combined Adaptive Exit,4,47,1,PROB_DETERIORATION,0.3744621177929975,443.4145606826342,1
Candidate 7: Combined Adaptive Exit,4,48,1,PROB_DETERIORATION,1.0449392108518434,1241.9849072050088,1
Candidate 7: Combined Adaptive Exit,4,49,1,PROB_DETERIORATION,-0.7530395733893251,-904.3939713184195,0
Candidate 7: Combined Adaptive Exit,4,50,3,PROB_DETERIORATION,-0.5982941185009207,-713.135091346804,0
Candidate 7: Combined Adaptive Exit,4,51,4,PROFIT_TARGET,2.896999999999998,3432.411960389047,1
Candidate 7: Combined Adaptive Exit,4,52,1,PROB_DETERIORATION,-1.2270598883028059,-1495.957942539904,0
Candidate 7: Combined Adaptive Exit,4,53,4,PROB_DETERIORATION,-0.9606805616258741,-1156.8328404195329,0
Candidate 7: Combined Adaptive Exit,4,54,5,PROB_DETERIORATION,-0.986977894739085,-1177.0818928751808,0
Candidate 7: Combined Adaptive Exit,4,55,3,PROB_DETERIORATION,0.5834975238979191,689.0180305312203,1
Candidate 7: Combined Adaptive Exit,4,56,2,PROFIT_TARGET,2.896999999999995,3440.8583758070745,1
Candidate 7: Combined Adaptive Exit,4,57,1,PROB_DETERIORATION,0.1688270178947005,206.33027862917996,1
Candidate 7: Combined Adaptive Exit,4,58,2,PROB_DETERIORATION,-0.3624449977658587,-443.7064212637479,0
Candidate 7: Combined Adaptive Exit,4,59,3,PROB_DETERIORATION,-0.9515972567952913,-1160.726358627913,0
Candidate 7: Combined Adaptive Exit,4,60,3,PROB_DETERIORATION,-1.2530937025904345,-1513.9366035350554,0
Candidate 7: Combined Adaptive Exit,4,61,1,PROB_DETERIORATION,0.2509416007272761,299.3782904710969,1
Candidate 7: Combined Adaptive Exit,4,62,10,TIME_LIMIT_10D,-1.4530898191043842,-1737.9151154301053,0
Candidate 7: Combined Adaptive Exit,4,63,3,PROB_DETERIORATION,2.129395647992028,2509.7789630135817,1
Candidate 7: Combined Adaptive Exit,4,64,5,PROFIT_TARGET,2.897000000000007,3487.212154827676,1
Candidate 7: Combined Adaptive Exit,4,65,2,PROB_DETERIORATION,-0.30181542534170375,-373.82988716144115,0
Candidate 7: Combined Adaptive Exit,4,66,1,PROB_DETERIORATION,1.4603789340186277,1803.372311449042,1
Candidate 7: Combined Adaptive Exit,4,67,2,PROFIT_TARGET,2.8970000000000073,3629.6505349846466,1
Candidate 7: Combined Adaptive Exit,4,68,1,PROB_DETERIORATION,1.6983921945856808,2189.5608334762087,1
Candidate 7: Combined Adaptive Exit,4,69,1,PROB_DETERIORATION,1.634683380013449,2143.220056233513,1
Candidate 7: Combined Adaptive Exit,4,70,1,PROFIT_TARGET,2.897000000000002,3860.3221733580363,1
Candidate 7: Combined Adaptive Exit,4,71,1,PROB_DETERIORATION,0.5503681624023674,754.6247970602976,1
Candidate 7: Combined Adaptive Exit,4,72,4,PROFIT_TARGET,2.897000000000006,3994.0171870910613,1
Candidate 7: Combined Adaptive Exit,4,73,1,PROB_DETERIORATION,-0.5146629023043301,-730.1078398449516,0
Candidate 7: Combined Adaptive Exit,4,74,3,PROB_DETERIORATION,0.3441693136276181,485.73049345136116,1
Candidate 7: Combined Adaptive Exit,4,75,1,PROB_DETERIORATION,-0.05677561366469047,-80.40391616419193,0
Candidate 7: Combined Adaptive Exit,4,76,1,PROB_DETERIORATION,1.1139540490640552,1576.6525519582678,1
Candidate 7: Combined Adaptive Exit,4,77,2,STOP_LOSS,-5.5243241913261905,-7906.039363968236,0
Candidate 7: Combined Adaptive Exit,4,78,3,PROFIT_TARGET,2.897,3916.9526158808526,1
Candidate 7: Combined Adaptive Exit,4,79,4,STOP_LOSS,-5.819590589537568,-8096.456157451011,0
Candidate 7: Combined Adaptive Exit,4,80,4,PROFIT_TARGET,2.8970000000000087,3795.8723982815764,1
Candidate 7: Combined Adaptive Exit,4,81,3,PROFIT_TARGET,2.8970000000000034,3905.838821659787,1
Candidate 7: Combined Adaptive Exit,4,82,6,PROB_DETERIORATION,1.0225012698579177,1418.5099664301163,1
Candidate 7: Combined Adaptive Exit,4,83,5,STOP_LOSS,-4.282055884752791,-6001.2122019908,0
Candidate 7: Combined Adaptive Exit,4,84,3,PROFIT_TARGET,2.8970000000000065,3886.230088559082,1
Candidate 7: Combined Adaptive Exit,4,85,1,PROB_DETERIORATION,0.6181950661576748,853.3128039306329,1
Candidate 7: Combined Adaptive Exit,4,86,1,STOP_LOSS,-2.7818495837676793,-3863.606551839742,0
Candidate 7: Combined Adaptive Exit,4,87,10,TIME_LIMIT_10D,0.01065911785625015,14.39222263762278,1
Candidate 7: Combined Adaptive Exit,4,88,4,STOP_LOSS,-3.2996783834642893,-4455.787857082782,0
Candidate 7: Combined Adaptive Exit,4,89,4,PROFIT_TARGET,2.896999999999997,3782.9387328178236,1
Candidate 7: Combined Adaptive Exit,4,90,6,PROB_DETERIORATION,1.2975346733679998,1743.4219017091552,1
Candidate 7: Combined Adaptive Exit,4,91,1,STOP_LOSS,-3.3505108583726817,-4560.30018122542,0
Candidate 7: Combined Adaptive Exit,4,92,4,PROFIT_TARGET,2.897000000000001,3810.925504149976,1
Candidate 7: Combined Adaptive Exit,4,93,1,PROFIT_TARGET,2.897000000000004,3921.3280160052045,1
Candidate 7: Combined Adaptive Exit,4,94,10,PROFIT_TARGET,2.897000000000001,4034.9288886288714,1
Candidate 7: Combined Adaptive Exit,4,95,2,PROFIT_TARGET,2.897000000000008,4151.820778532459,1
Candidate 7: Combined Adaptive Exit,4,96,5,PROB_DETERIORATION,1.1381049011311097,1678.3213117575995,1
Candidate 7: Combined Adaptive Exit,4,97,10,TIME_LIMIT_10D,-0.6402002990786417,-954.8243814161069,0
Candidate 7: Combined Adaptive Exit,4,98,1,PROB_DETERIORATION,1.381722288182572,2047.5716034701204,1
Candidate 1: Control Baseline (Fixed 10D),5,1,10,TIME_LIMIT_10D,-0.940316436266545,-940.316436266545,0
Candidate 1: Control Baseline (Fixed 10D),5,2,10,TIME_LIMIT_10D,-3.0508988341196273,-3022.210730928536,0
Candidate 1: Control Baseline (Fixed 10D),5,3,10,TIME_LIMIT_10D,-1.5063933923986272,-1446.7021449800002,0
Candidate 1: Control Baseline (Fixed 10D),5,4,10,TIME_LIMIT_10D,8.259634914820953,7812.852321929811,1
Candidate 1: Control Baseline (Fixed 10D),5,5,10,TIME_LIMIT_10D,-1.5237271150372353,-1560.3517705801423,0
Candidate 1: Control Baseline (Fixed 10D),5,6,10,TIME_LIMIT_10D,4.189668029829204,4224.998295341647,1
Candidate 1: Control Baseline (Fixed 10D),5,7,10,TIME_LIMIT_10D,4.952536012811027,5203.543886734274,1
Candidate 1: Control Baseline (Fixed 10D),5,8,10,TIME_LIMIT_10D,-8.465397240457508,-9334.947050364992,0
Candidate 1: Control Baseline (Fixed 10D),5,9,10,TIME_LIMIT_10D,-17.23669816678002,-17398.182995355623,0
Candidate 1: Control Baseline (Fixed 10D),5,10,10,TIME_LIMIT_10D,10.028581158646055,8377.744661179375,1
Candidate 1: Control Baseline (Fixed 10D),5,11,10,TIME_LIMIT_10D,1.5896049386773043,1461.1080795273008,1
Candidate 1: Control Baseline (Fixed 10D),5,12,10,TIME_LIMIT_10D,6.041082755577492,5641.014231901112,1
Candidate 1: Control Baseline (Fixed 10D),5,13,10,TIME_LIMIT_10D,7.940447125962903,7862.515635288827,1
Candidate 1: Control Baseline (Fixed 10D),5,14,10,TIME_LIMIT_10D,-0.8497677843956272,-908.2408663457917,0
Candidate 1: Control Baseline (Fixed 10D),5,15,10,TIME_LIMIT_10D,3.4311161727015564,3636.0507412608936,1
Candidate 1: Control Baseline (Fixed 10D),5,16,10,TIME_LIMIT_10D,4.208539393744682,4612.932719539011,1
Candidate 1: Control Baseline (Fixed 10D),5,17,10,TIME_LIMIT_10D,-0.2282143147336247,-260.6705177223628,0
Candidate 1: Control Baseline (Fixed 10D),5,18,10,TIME_LIMIT_10D,0.2785010419738799,317.3829569428326,1
Candidate 1: Control Baseline (Fixed 10D),5,19,10,TIME_LIMIT_10D,10.389912712299367,11873.438582583489,1
Candidate 1: Control Baseline (Fixed 10D),5,20,10,TIME_LIMIT_10D,0.1122939572895573,141.66102763280935,1
Candidate 1: Control Baseline (Fixed 10D),5,21,10,TIME_LIMIT_10D,0.667800062025602,843.3888768836041,1
Candidate 1: Control Baseline (Fixed 10D),5,22,10,TIME_LIMIT_10D,0.40176723547125787,510.79484834585867,1
Candidate 1: Control Baseline (Fixed 10D),5,23,10,TIME_LIMIT_10D,2.213349913286379,2825.2925669490623,1
Candidate 1: Control Baseline (Fixed 10D),5,24,10,TIME_LIMIT_10D,5.132576511455471,6696.6315262585795,1
Candidate 1: Control Baseline (Fixed 10D),5,25,10,TIME_LIMIT_10D,-8.344942806300445,-11446.735386355844,0
Candidate 1: Control Baseline (Fixed 10D),5,26,10,TIME_LIMIT_10D,4.06291847619685,5108.0227138379905,1
Candidate 1: Control Baseline (Fixed 10D),5,27,10,TIME_LIMIT_10D,2.07785076496819,2718.4732620598506,1
Candidate 1: Control Baseline (Fixed 10D),5,28,10,TIME_LIMIT_10D,0.956406262808427,1277.275677082229,1
Candidate 1: Control Baseline (Fixed 10D),5,29,10,TIME_LIMIT_10D,2.552573529411765,3441.552306610461,1
Candidate 1: Control Baseline (Fixed 10D),5,30,10,TIME_LIMIT_10D,5.51316354954238,7622.958454456613,1
Candidate 1: Control Baseline (Fixed 10D),5,31,10,TIME_LIMIT_10D,1.3619779723715555,1987.0070355602372,1
Candidate 1: Control Baseline (Fixed 10D),5,32,10,TIME_LIMIT_10D,-1.8875465132272193,-2791.27136531904,0
Candidate 1: Control Baseline (Fixed 10D),5,33,10,TIME_LIMIT_10D,1.9996549384135773,2901.239583331394,1
Candidate 1: Control Baseline (Fixed 10D),5,34,10,TIME_LIMIT_10D,8.28242064806942,12257.009434931313,1
Candidate 1: Control Baseline (Fixed 10D),5,35,10,TIME_LIMIT_10D,2.0052974730665505,3213.3941527364964,1
Candidate 1: Control Baseline (Fixed 10D),5,36,10,TIME_LIMIT_10D,-3.701446629334657,-6050.33485048674,0
Candidate 1: Control Baseline (Fixed 10D),5,37,10,TIME_LIMIT_10D,-6.483139141389365,-10205.000370986727,0
Candidate 1: Control Baseline (Fixed 10D),5,38,10,TIME_LIMIT_10D,2.948112732587004,4339.719792977679,1
Candidate 1: Control Baseline (Fixed 10D),5,39,10,TIME_LIMIT_10D,4.635312377712813,7024.493239053723,1
Candidate 1: Control Baseline (Fixed 10D),5,40,10,TIME_LIMIT_10D,-1.6394732633000126,-2599.672293468035,0
Candidate 1: Control Baseline (Fixed 10D),5,41,10,TIME_LIMIT_10D,3.8480506710284517,6001.722276845374,1
Candidate 1: Control Baseline (Fixed 10D),5,42,10,TIME_LIMIT_10D,3.21517428399243,5207.6043518464,1
Candidate 1: Control Baseline (Fixed 10D),5,43,10,TIME_LIMIT_10D,-9.869158979325347,-16498.98230894674,0
Candidate 1: Control Baseline (Fixed 10D),5,44,10,TIME_LIMIT_10D,5.700200069503267,8588.95909777128,1
Candidate 1: Control Baseline (Fixed 10D),5,45,10,TIME_LIMIT_10D,-1.9633140825869255,-3126.914645010065,0
Candidate 1: Control Baseline (Fixed 10D),5,46,10,TIME_LIMIT_10D,-3.2440831124181604,-5065.319436659254,0
Candidate 1: Control Baseline (Fixed 10D),5,47,10,TIME_LIMIT_10D,-4.885575458260159,-7380.879662997309,0
Candidate 1: Control Baseline (Fixed 10D),5,48,10,TIME_LIMIT_10D,-0.14585698758901233,-209.58781195211117,0
Candidate 1: Control Baseline (Fixed 10D),5,49,10,TIME_LIMIT_10D,-8.30096406660824,-11910.5936062751,0
Candidate 1: Control Baseline (Fixed 10D),5,50,10,TIME_LIMIT_10D,3.87756198467835,5101.858290689029,1
Candidate 1: Control Baseline (Fixed 10D),5,51,10,TIME_LIMIT_10D,-8.30549537955418,-11351.596139221123,0
Candidate 1: Control Baseline (Fixed 10D),5,52,10,TIME_LIMIT_10D,8.619908295122968,10802.825098164561,1
Candidate 1: Control Baseline (Fixed 10D),5,53,10,TIME_LIMIT_10D,4.221699088461796,5746.870432572018,1
Candidate 1: Control Baseline (Fixed 10D),5,54,10,TIME_LIMIT_10D,-2.7299627551220143,-3873.102602749562,0
Candidate 1: Control Baseline (Fixed 10D),5,55,10,TIME_LIMIT_10D,-5.213742999822997,-7195.003043764798,0
Candidate 1: Control Baseline (Fixed 10D),5,56,10,TIME_LIMIT_10D,1.8100386335463223,2367.6340690982806,1
Candidate 1: Control Baseline (Fixed 10D),5,57,10,TIME_LIMIT_10D,2.2631277466717328,3013.8831298741748,1
Candidate 1: Control Baseline (Fixed 10D),5,58,10,TIME_LIMIT_10D,1.2758658340720888,1737.5664313460918,1
Candidate 1: Control Baseline (Fixed 10D),5,59,10,TIME_LIMIT_10D,-2.8087865047811285,-3874.0132745434694,0
Candidate 1: Control Baseline (Fixed 10D),5,60,4,TIME_LIMIT_10D,-0.179677691229699,-240.85936540578678,0
Candidate 2: Profit Target (+3.0%) + 10D Time Stop,5,1,4,PROFIT_TARGET,2.896999999999995,2896.999999999995,1
Candidate 2: Profit Target (+3.0%) + 10D Time Stop,5,2,10,TIME_LIMIT_10D,-3.0508988341196273,-3139.283373344073,0
Candidate 2: Profit Target (+3.0%) + 10D Time Stop,5,3,10,TIME_LIMIT_10D,-1.5063933923986272,-1502.7436516716916,0
Candidate 2: Profit Target (+3.0%) + 10D Time Stop,5,4,2,PROFIT_TARGET,2.89700000000001,2846.4465670853033,1
Candidate 2: Profit Target (+3.0%) + 10D Time Stop,5,5,3,PROFIT_TARGET,2.896999999999995,2928.9081241337494,1
Candidate 2: Profit Target (+3.0%) + 10D Time Stop,5,6,2,PROFIT_TARGET,2.896999999999996,3013.7585924899054,1
Candidate 2: Profit Target (+3.0%) + 10D Time Stop,5,7,10,TIME_LIMIT_10D,-1.5237271150372351,-1631.0597673675554,0
Candidate 2: Profit Target (+3.0%) + 10D Time Stop,5,8,9,PROFIT_TARGET,2.897000000000001,3053.8153774537054,1
Candidate 2: Profit Target (+3.0%) + 10D Time Stop,5,9,2,PROFIT_TARGET,2.8970000000000082,3142.284408938547,1
Candidate 2: Profit Target (+3.0%) + 10D Time Stop,5,10,1,PROFIT_TARGET,2.896999999999999,3233.3163882654867,1
Candidate 2: Profit Target (+3.0%) + 10D Time Stop,5,11,2,PROFIT_TARGET,2.8970000000000034,3326.985564033543,1
Candidate 2: Profit Target (+3.0%) + 10D Time Stop,5,12,5,PROFIT_TARGET,2.897000000000002,3423.368335823593,1
Candidate 2: Profit Target (+3.0%) + 10D Time Stop,5,13,10,TIME_LIMIT_10D,-8.84144625102484,-10750.561753486767,0
Candidate 2: Profit Target (+3.0%) + 10D Time Stop,5,14,3,PROFIT_TARGET,2.897000000000006,3211.0995425138954,1
Candidate 2: Profit Target (+3.0%) + 10D Time Stop,5,15,1,PROFIT_TARGET,2.896999999999993,3304.1250962605086,1
Candidate 2: Profit Target (+3.0%) + 10D Time Stop,5,16,10,TIME_LIMIT_10D,-15.500695985446114,-18191.223005762575,0
Candidate 2: Profit Target (+3.0%) + 10D Time Stop,5,17,2,PROFIT_TARGET,2.8970000000000025,2872.845869822244,1
Candidate 2: Profit Target (+3.0%) + 10D Time Stop,5,18,1,PROFIT_TARGET,2.897000000000006,2956.0722146709977,1
Candidate 2: Profit Target (+3.0%) + 10D Time Stop,5,19,4,PROFIT_TARGET,2.8970000000000073,3041.7096267300185,1
Candidate 2: Profit Target (+3.0%) + 10D Time Stop,5,20,2,PROFIT_TARGET,2.8970000000000034,3129.827954616383,1
Candidate 2: Profit Target (+3.0%) + 10D Time Stop,5,21,2,PROFIT_TARGET,2.897000000000001,3220.499070461617,1
Candidate 2: Profit Target (+3.0%) + 10D Time Stop,5,22,2,PROFIT_TARGET,2.8969999999999994,3313.7969285328886,1
Candidate 2: Profit Target (+3.0%) + 10D Time Stop,5,23,1,PROFIT_TARGET,2.8970000000000082,3409.797625552497,1
Candidate 2: Profit Target (+3.0%) + 10D Time Stop,5,24,6,PROFIT_TARGET,2.8970000000000042,3508.5794627647483,1
Candidate 2: Profit Target (+3.0%) + 10D Time Stop,5,25,7,PROFIT_TARGET,2.897000000000004,3610.2230098010427,1
Candidate 2: Profit Target (+3.0%) + 10D Time Stop,5,26,9,PROFIT_TARGET,2.897000000000003,3714.8111703949776,1
Candidate 2: Profit Target (+3.0%) + 10D Time Stop,5,27,2,PROFIT_TARGET,2.897000000000001,3822.429250001318,1
Candidate 2: Profit Target (+3.0%) + 10D Time Stop,5,28,2,PROFIT_TARGET,2.8969999999999936,3933.1650253738467,1
Candidate 2: Profit Target (+3.0%) + 10D Time Stop,5,29,10,TIME_LIMIT_10D,-2.134689612172367,-2982.1612527392767,0
Candidate 2: Profit Target (+3.0%) + 10D Time Stop,5,30,9,PROFIT_TARGET,2.8970000000000042,3960.7156046670843,1
Candidate 2: Profit Target (+3.0%) + 10D Time Stop,5,31,3,PROFIT_TARGET,2.8970000000000056,4075.4575357342915,1
Candidate 2: Profit Target (+3.0%) + 10D Time Stop,5,32,4,PROFIT_TARGET,2.8970000000000056,4193.523540544514,1
Candidate 2: Profit Target (+3.0%) + 10D Time Stop,5,33,3,PROFIT_TARGET,2.8970000000000073,4315.009917514092,1
Candidate 2: Profit Target (+3.0%) + 10D Time Stop,5,34,10,TIME_LIMIT_10D,0.667800062025602,1023.4873305027364,1
Candidate 2: Profit Target (+3.0%) + 10D Time Stop,5,35,10,TIME_LIMIT_10D,0.4017672354712577,619.8707027057499,1
Candidate 2: Profit Target (+3.0%) + 10D Time Stop,5,36,7,PROFIT_TARGET,2.8969999999999994,4487.623837046513,1
Candidate 2: Profit Target (+3.0%) + 10D Time Stop,5,37,7,PROFIT_TARGET,2.8969999999999945,4617.630299605742,1
Candidate 2: Profit Target (+3.0%) + 10D Time Stop,5,38,10,TIME_LIMIT_10D,-8.344942806300445,-13686.636761063894,0
Candidate 2: Profit Target (+3.0%) + 10D Time Stop,5,39,5,PROFIT_TARGET,2.8970000000000082,4354.901182417321,1
Candidate 2: Profit Target (+3.0%) + 10D Time Stop,5,40,10,PROFIT_TARGET,2.8970000000000087,4481.062669671952,1
Candidate 2: Profit Target (+3.0%) + 10D Time Stop,5,41,3,PROFIT_TARGET,2.897000000000009,4610.87905521235,1
Candidate 2: Profit Target (+3.0%) + 10D Time Stop,5,42,10,PROFIT_TARGET,2.897000000000006,4744.4562214418465,1
Candidate 2: Profit Target (+3.0%) + 10D Time Stop,5,43,9,PROFIT_TARGET,2.896999999999999,4881.903118177005,1
Candidate 2: Profit Target (+3.0%) + 10D Time Stop,5,44,8,PROFIT_TARGET,2.897000000000003,5023.331851510599,1
Candidate 2: Profit Target (+3.0%) + 10D Time Stop,5,45,10,TIME_LIMIT_10D,-4.400779274485839,-7851.916524018003,0
Candidate 2: Profit Target (+3.0%) + 10D Time Stop,5,46,10,TIME_LIMIT_10D,-0.41755961378515594,-712.2278087449862,0
Candidate 2: Profit Target (+3.0%) + 10D Time Stop,5,47,5,PROFIT_TARGET,2.8970000000000047,4920.75451392872,1
Candidate 2: Profit Target (+3.0%) + 10D Time Stop,5,48,8,PROFIT_TARGET,2.897,5063.308772197227,1
Candidate 2: Profit Target (+3.0%) + 10D Time Stop,5,49,3,PROFIT_TARGET,2.8970000000000042,5209.992827327789,1
Candidate 2: Profit Target (+3.0%) + 10D Time Stop,5,50,7,PROFIT_TARGET,2.8970000000000007,5360.926319535468,1
Candidate 2: Profit Target (+3.0%) + 10D Time Stop,5,51,10,TIME_LIMIT_10D,-11.337210173530195,-21587.395780049403,0
Candidate 2: Profit Target (+3.0%) + 10D Time Stop,5,52,10,TIME_LIMIT_10D,0.2646559549393683,446.8040683702883,1
Candidate 2: Profit Target (+3.0%) + 10D Time Stop,5,53,10,TIME_LIMIT_10D,-1.2009886003013097,-2032.9289552783753,0
Candidate 2: Profit Target (+3.0%) + 10D Time Stop,5,54,3,PROFIT_TARGET,2.896999999999998,4844.895461290647,1
Candidate 2: Profit Target (+3.0%) + 10D Time Stop,5,55,2,PROFIT_TARGET,2.8969999999999967,4985.252082804234,1
Candidate 2: Profit Target (+3.0%) + 10D Time Stop,5,56,10,TIME_LIMIT_10D,-1.7810372649386605,-3153.6562096301077,0
Candidate 2: Profit Target (+3.0%) + 10D Time Stop,5,57,7,PROFIT_TARGET,2.897000000000001,5038.313415250097,1
Candidate 2: Profit Target (+3.0%) + 10D Time Stop,5,58,3,PROFIT_TARGET,2.8969999999999994,5184.273354889889,1
Candidate 2: Profit Target (+3.0%) + 10D Time Stop,5,59,10,TIME_LIMIT_10D,0.35079122724050965,645.9379997744475,1
Candidate 2: Profit Target (+3.0%) + 10D Time Stop,5,60,10,TIME_LIMIT_10D,-7.139718031062989,-13193.012446252364,0
Candidate 2: Profit Target (+3.0%) + 10D Time Stop,5,61,8,PROFIT_TARGET,2.8970000000000002,4970.973007266585,1
Candidate 2: Profit Target (+3.0%) + 10D Time Stop,5,62,10,TIME_LIMIT_10D,-1.9633140825869255,-3466.453703782236,0
Candidate 2: Profit Target (+3.0%) + 10D Time Stop,5,63,10,TIME_LIMIT_10D,-3.24408311241816,-5615.342059326055,0
Candidate 2: Profit Target (+3.0%) + 10D Time Stop,5,64,10,TIME_LIMIT_10D,-4.885575458260159,-8182.339638146933,0
Candidate 2: Profit Target (+3.0%) + 10D Time Stop,5,65,2,PROFIT_TARGET,2.8969999999999962,4614.840092712728,1
Candidate 2: Profit Target (+3.0%) + 10D Time Stop,5,66,7,PROFIT_TARGET,2.897000000000001,4748.5320101986235,1
Candidate 2: Profit Target (+3.0%) + 10D Time Stop,5,67,10,TIME_LIMIT_10D,-8.300964066608238,-14000.454082836832,0
Candidate 2: Profit Target (+3.0%) + 10D Time Stop,5,68,3,PROFIT_TARGET,2.8970000000000073,4480.5038277543035,1
Candidate 2: Profit Target (+3.0%) + 10D Time Stop,5,69,2,PROFIT_TARGET,2.897000000000001,4610.304023644336,1
Candidate 2: Profit Target (+3.0%) + 10D Time Stop,5,70,10,TIME_LIMIT_10D,-8.305495379554182,-13600.326180597134,0
Candidate 2: Profit Target (+3.0%) + 10D Time Stop,5,71,4,PROFIT_TARGET,2.8970000000000025,4349.863081757416,1
Candidate 2: Profit Target (+3.0%) + 10D Time Stop,5,72,5,PROFIT_TARGET,2.8970000000000016,4475.878615235927,1
Candidate 2: Profit Target (+3.0%) + 10D Time Stop,5,73,10,TIME_LIMIT_10D,-2.729962755122014,-4339.995106023087,0
Candidate 2: Profit Target (+3.0%) + 10D Time Stop,5,74,2,PROFIT_TARGET,2.8970000000000007,4479.815160497821,1
Candidate 2: Profit Target (+3.0%) + 10D Time Stop,5,75,10,TIME_LIMIT_10D,-2.8132820359469775,-4476.386588827178,0
Candidate 2: Profit Target (+3.0%) + 10D Time Stop,5,76,7,PROFIT_TARGET,2.897000000000001,4479.914486219121,1
Candidate 2: Profit Target (+3.0%) + 10D Time Stop,5,77,10,TIME_LIMIT_10D,1.2822690598666107,2040.3426369396573,1
Candidate 2: Profit Target (+3.0%) + 10D Time Stop,5,78,4,PROFIT_TARGET,2.89700000000001,4668.806335077044,1
Candidate 2: Profit Target (+3.0%) + 10D Time Stop,5,79,2,PROFIT_TARGET,2.897000000000003,4804.061654604216,1
Candidate 2: Profit Target (+3.0%) + 10D Time Stop,5,80,10,TIME_LIMIT_10D,-2.8087865047811285,-4792.7140693291585,0
Candidate 2: Profit Target (+3.0%) + 10D Time Stop,5,81,4,TIME_LIMIT_10D,-0.17967769122969898,-297.97783009559845,0
Candidate 3: ATR Protective Stop (1.5x ATR14),5,1,10,TIME_LIMIT_10D,-0.940316436266545,-940.316436266545,0
Candidate 3: ATR Protective Stop (1.5x ATR14),5,2,3,STOP_LOSS,-3.112669679512623,-3083.400734909481,0
Candidate 3: ATR Protective Stop (1.5x ATR14),5,3,1,STOP_LOSS,-3.40494449809602,-3267.9391616571174,0
Candidate 3: ATR Protective Stop (1.5x ATR14),5,4,10,TIME_LIMIT_10D,0.11309786323062791,104.85115572407287,1
Candidate 3: ATR Protective Stop (1.5x ATR14),5,5,2,STOP_LOSS,-3.9292532855035955,-3646.865506959295,0
Candidate 3: ATR Protective Stop (1.5x ATR14),5,6,10,TIME_LIMIT_10D,6.378653506407334,5687.611191445383,1
Candidate 3: ATR Protective Stop (1.5x ATR14),5,7,8,STOP_LOSS,-3.658467198241406,-3470.2002997018058,0
Candidate 3: ATR Protective Stop (1.5x ATR14),5,8,10,TIME_LIMIT_10D,5.1247222319868,4683.1628508437925,1
Candidate 3: ATR Protective Stop (1.5x ATR14),5,9,10,TIME_LIMIT_10D,1.5417068870672683,1481.0700606454236,1
Candidate 3: ATR Protective Stop (1.5x ATR14),5,10,10,TIME_LIMIT_10D,4.952536012811028,4831.098498493839,1
Candidate 3: ATR Protective Stop (1.5x ATR14),5,11,5,STOP_LOSS,-3.3921228563064525,-3472.8238884169377,0
Candidate 3: ATR Protective Stop (1.5x ATR14),5,12,7,STOP_LOSS,-3.790313826033719,-3748.8571824925953,0
Candidate 3: ATR Protective Stop (1.5x ATR14),5,13,1,STOP_LOSS,-5.619978283178609,-5347.824683566734,0
Candidate 3: ATR Protective Stop (1.5x ATR14),5,14,1,STOP_LOSS,-7.135925541665442,-6408.7437492896515,0
Candidate 3: ATR Protective Stop (1.5x ATR14),5,15,10,TIME_LIMIT_10D,4.734819289670819,3948.8782131926205,1
Candidate 3: ATR Protective Stop (1.5x ATR14),5,16,10,TIME_LIMIT_10D,1.5896049386773046,1388.5151503191682,1
Candidate 3: ATR Protective Stop (1.5x ATR14),5,17,10,TIME_LIMIT_10D,6.0410827555774915,5360.749032812658,1
Candidate 3: ATR Protective Stop (1.5x ATR14),5,18,10,TIME_LIMIT_10D,7.940447125962901,7471.878523012361,1
Candidate 3: ATR Protective Stop (1.5x ATR14),5,19,10,TIME_LIMIT_10D,-0.8497677843956272,-863.1163024354316,0
Candidate 3: ATR Protective Stop (1.5x ATR14),5,20,10,TIME_LIMIT_10D,3.4311161727015564,3455.3990990203524,1
Candidate 3: ATR Protective Stop (1.5x ATR14),5,21,10,TIME_LIMIT_10D,4.2085393937446804,4383.746184303566,1
Candidate 3: ATR Protective Stop (1.5x ATR14),5,22,10,TIME_LIMIT_10D,-0.2282143147336247,-247.71950013180322,0
Candidate 3: ATR Protective Stop (1.5x ATR14),5,23,10,TIME_LIMIT_10D,0.27850104197388004,301.61426820033205,1
Candidate 3: ATR Protective Stop (1.5x ATR14),5,24,10,TIME_LIMIT_10D,10.389912712299369,11283.52487355695,1
Candidate 3: ATR Protective Stop (1.5x ATR14),5,25,10,TIME_LIMIT_10D,0.1122939572895573,134.62281526878846,1
Candidate 3: ATR Protective Stop (1.5x ATR14),5,26,10,TIME_LIMIT_10D,0.6678000620256022,801.4863852798719,1
Candidate 3: ATR Protective Stop (1.5x ATR14),5,27,10,TIME_LIMIT_10D,0.40176723547125776,485.4167844056153,1
Candidate 3: ATR Protective Stop (1.5x ATR14),5,28,2,STOP_LOSS,-2.894707095294828,-3511.4481102506725,0
Candidate 3: ATR Protective Stop (1.5x ATR14),5,29,10,TIME_LIMIT_10D,2.248938964356473,2649.123474188265,1
Candidate 3: ATR Protective Stop (1.5x ATR14),5,30,10,TIME_LIMIT_10D,1.6234560308730064,1955.3471509778542,1
Candidate 3: ATR Protective Stop (1.5x ATR14),5,31,5,STOP_LOSS,-3.801264986162915,-4652.704254304826,0
Candidate 3: ATR Protective Stop (1.5x ATR14),5,32,10,TIME_LIMIT_10D,1.537732623491157,1810.6207446546468,1
Candidate 3: ATR Protective Stop (1.5x ATR14),5,33,2,STOP_LOSS,-3.6056200076807197,-4310.762338160978,0
Candidate 3: ATR Protective Stop (1.5x ATR14),5,34,10,TIME_LIMIT_10D,0.9564062628084272,1102.2199071956588,1
Candidate 3: ATR Protective Stop (1.5x ATR14),5,35,10,TIME_LIMIT_10D,2.5525735294117653,2969.873717995319,1
Candidate 3: ATR Protective Stop (1.5x ATR14),5,36,10,TIME_LIMIT_10D,5.51316354954238,6578.201331932676,1
Candidate 3: ATR Protective Stop (1.5x ATR14),5,37,10,TIME_LIMIT_10D,1.3619779723715557,1714.679727821459,1
Candidate 3: ATR Protective Stop (1.5x ATR14),5,38,4,STOP_LOSS,-2.8099239185483254,-3585.7711404184793,0
Candidate 3: ATR Protective Stop (1.5x ATR14),5,39,10,TIME_LIMIT_10D,0.22124201481211425,274.39584660320224,1
Candidate 3: ATR Protective Stop (1.5x ATR14),5,40,10,TIME_LIMIT_10D,4.473566208275053,5560.624620738588,1
Candidate 3: ATR Protective Stop (1.5x ATR14),5,41,10,TIME_LIMIT_10D,9.687766913374608,12580.555264009034,1
Candidate 3: ATR Protective Stop (1.5x ATR14),5,42,10,TIME_LIMIT_10D,2.0052974730665505,2856.3612332899647,1
Candidate 3: ATR Protective Stop (1.5x ATR14),5,43,8,STOP_LOSS,-3.25808870100165,-4733.909532350805,0
Candidate 3: ATR Protective Stop (1.5x ATR14),5,44,7,STOP_LOSS,-4.000677763657633,-5623.481697841708,0
Candidate 3: ATR Protective Stop (1.5x ATR14),5,45,10,TIME_LIMIT_10D,0.26465595493936833,357.12606698231866,1
Candidate 3: ATR Protective Stop (1.5x ATR14),5,46,10,TIME_LIMIT_10D,-1.20098860030131,-1624.899981106167,0
Candidate 3: ATR Protective Stop (1.5x ATR14),5,47,10,TIME_LIMIT_10D,4.418246378912439,5905.956959682913,1
Candidate 3: ATR Protective Stop (1.5x ATR14),5,48,10,TIME_LIMIT_10D,3.848050671028453,5371.0293423831945,1
Candidate 3: ATR Protective Stop (1.5x ATR14),5,49,10,TIME_LIMIT_10D,3.2151742839924307,4660.361557414672,1
Candidate 3: ATR Protective Stop (1.5x ATR14),5,50,8,STOP_LOSS,-3.085507165874905,-4616.206213270521,0
Candidate 3: ATR Protective Stop (1.5x ATR14),5,51,2,STOP_LOSS,-3.2540082300798088,-4718.087775364582,0
Candidate 3: ATR Protective Stop (1.5x ATR14),5,52,10,TIME_LIMIT_10D,5.700200069503268,7995.956989522223,1
Candidate 3: ATR Protective Stop (1.5x ATR14),5,53,10,TIME_LIMIT_10D,-1.963314082586925,-2911.0250411945135,0
Candidate 3: ATR Protective Stop (1.5x ATR14),5,54,1,STOP_LOSS,-2.5090670725770337,-3647.1787799580425,0
Candidate 3: ATR Protective Stop (1.5x ATR14),5,55,10,TIME_LIMIT_10D,0.30632937355497686,434.10786114882876,1
Candidate 3: ATR Protective Stop (1.5x ATR14),5,56,3,STOP_LOSS,-3.63689052744698,-5169.726580097046,0
Candidate 3: ATR Protective Stop (1.5x ATR14),5,57,8,STOP_LOSS,-3.569625036863005,-4889.5709264986635,0
Candidate 3: ATR Protective Stop (1.5x ATR14),5,58,10,TIME_LIMIT_10D,4.832295135966036,6382.862045025578,1
Candidate 3: ATR Protective Stop (1.5x ATR14),5,59,7,STOP_LOSS,-3.8704833006222947,-5359.475609155242,0
Candidate 3: ATR Protective Stop (1.5x ATR14),5,60,3,STOP_LOSS,-3.788431733501991,-5042.81836093424,0
Candidate 3: ATR Protective Stop (1.5x ATR14),5,61,10,TIME_LIMIT_10D,7.2156787937908335,9240.986712134067,1
Candidate 3: ATR Protective Stop (1.5x ATR14),5,62,5,STOP_LOSS,-3.762978800523157,-5166.913899127151,0
Candidate 3: ATR Protective Stop (1.5x ATR14),5,63,3,STOP_LOSS,-3.7211932030393498,-4917.267604982565,0
Candidate 3: ATR Protective Stop (1.5x ATR14),5,64,10,TIME_LIMIT_10D,8.619908295122967,10966.674910623256,1
Candidate 3: ATR Protective Stop (1.5x ATR14),5,65,10,TIME_LIMIT_10D,4.221699088461796,5834.035006102078,1
Candidate 3: ATR Protective Stop (1.5x ATR14),5,66,3,STOP_LOSS,-2.4916864786610033,-3588.6681518214696,0
Candidate 3: ATR Protective Stop (1.5x ATR14),5,67,10,TIME_LIMIT_10D,2.987045610507426,4194.917307182987,1
Candidate 3: ATR Protective Stop (1.5x ATR14),5,68,2,STOP_LOSS,-3.210325109039416,-4643.15482487306,0
Candidate 3: ATR Protective Stop (1.5x ATR14),5,69,10,TIME_LIMIT_10D,-0.23779215304575316,-332.88229735639544,0
Candidate 3: ATR Protective Stop (1.5x ATR14),5,70,10,TIME_LIMIT_10D,3.464352381564517,4838.171884428628,1
Candidate 3: ATR Protective Stop (1.5x ATR14),5,71,10,TIME_LIMIT_10D,2.9814704583783587,4308.047539599272,1
Candidate 3: ATR Protective Stop (1.5x ATR14),5,72,10,TIME_LIMIT_10D,2.7655570840255037,4115.207065386646,1
Candidate 3: ATR Protective Stop (1.5x ATR14),5,73,2,STOP_LOSS,-2.570200790966956,-3930.2818800113578,0
Candidate 3: ATR Protective Stop (1.5x ATR14),5,74,2,STOP_LOSS,-2.6833508599747335,-3997.8446678038395,0
Candidate 3: ATR Protective Stop (1.5x ATR14),5,75,7,TIME_LIMIT_10D,1.6174934164262595,2345.190477275833,1
Candidate 4: Trailing ATR Exit (1.5x ATR14),5,1,7,TRAILING_STOP,-0.8984097881108105,-898.4097881108105,0
Candidate 4: Trailing ATR Exit (1.5x ATR14),5,2,3,TRAILING_STOP,-2.2761034931488897,-2255.654756578908,0
Candidate 4: Trailing ATR Exit (1.5x ATR14),5,3,1,TRAILING_STOP,-3.404944498096021,-3297.5503509152104,0
Candidate 4: Trailing ATR Exit (1.5x ATR14),5,4,10,TRAILING_STOP,0.159031331269869,148.77124221298328,1
Candidate 4: Trailing ATR Exit (1.5x ATR14),5,5,2,TRAILING_STOP,-3.9292532855035955,-3681.598594172538,0
Candidate 4: Trailing ATR Exit (1.5x ATR14),5,6,10,TIME_LIMIT_10D,6.378653506407334,5741.780530887846,1
Candidate 4: Trailing ATR Exit (1.5x ATR14),5,7,4,TRAILING_STOP,-3.060058379809149,-2930.230454421031,0
Candidate 4: Trailing ATR Exit (1.5x ATR14),5,8,9,TRAILING_STOP,0.5566068219619896,516.6820148056826,1
Candidate 4: Trailing ATR Exit (1.5x ATR14),5,9,3,TRAILING_STOP,-3.307511562705365,-3087.3566421480386,0
Candidate 4: Trailing ATR Exit (1.5x ATR14),5,10,10,TIME_LIMIT_10D,8.679374212823477,7833.693588710445,1
Candidate 4: Trailing ATR Exit (1.5x ATR14),5,11,10,TIME_LIMIT_10D,4.952536012811025,4857.948854300139,1
Candidate 4: Trailing ATR Exit (1.5x ATR14),5,12,5,TRAILING_STOP,-1.9245979928649053,-1981.3365975484496,0
Candidate 4: Trailing ATR Exit (1.5x ATR14),5,13,6,TRAILING_STOP,1.781727100932539,1798.951752528629,1
Candidate 4: Trailing ATR Exit (1.5x ATR14),5,14,2,TRAILING_STOP,-5.3922249349941085,-5541.357203912322,0
Candidate 4: Trailing ATR Exit (1.5x ATR14),5,15,1,TRAILING_STOP,-6.595254810714521,-6412.192538651477,0
Candidate 4: Trailing ATR Exit (1.5x ATR14),5,16,10,TIME_LIMIT_10D,4.734819289670819,4299.790772129291,1
Candidate 4: Trailing ATR Exit (1.5x ATR14),5,17,10,TIME_LIMIT_10D,1.5896049386773043,1511.9039656270227,1
Candidate 4: Trailing ATR Exit (1.5x ATR14),5,18,6,TRAILING_STOP,3.1405211725035866,3034.492020819011,1
Candidate 4: Trailing ATR Exit (1.5x ATR14),5,19,10,TIME_LIMIT_10D,5.15733489533083,5139.713716535183,1
Candidate 4: Trailing ATR Exit (1.5x ATR14),5,20,2,TRAILING_STOP,-2.9427095813076853,-3083.902009187839,0
Candidate 4: Trailing ATR Exit (1.5x ATR14),5,21,10,TIME_LIMIT_10D,6.535151764245851,6647.173383518915,1
Candidate 4: Trailing ATR Exit (1.5x ATR14),5,22,9,TRAILING_STOP,0.6308359362322453,683.5821027868212,1
Candidate 4: Trailing ATR Exit (1.5x ATR14),5,23,7,TRAILING_STOP,5.167779556862234,5635.199792088118,1
Candidate 4: Trailing ATR Exit (1.5x ATR14),5,24,10,TIME_LIMIT_10D,-0.22821431473362472,-261.7163924866659,0
Candidate 4: Trailing ATR Exit (1.5x ATR14),5,25,10,TIME_LIMIT_10D,0.27850104197388004,318.6563760781718,1
Candidate 4: Trailing ATR Exit (1.5x ATR14),5,26,8,TRAILING_STOP,6.394331285110313,7336.666110858442,1
Candidate 4: Trailing ATR Exit (1.5x ATR14),5,27,10,TIME_LIMIT_10D,0.1122939572895573,137.08138954565925,1
Candidate 4: Trailing ATR Exit (1.5x ATR14),5,28,10,TIME_LIMIT_10D,0.667800062025602,816.1236799032007,1
Candidate 4: Trailing ATR Exit (1.5x ATR14),5,29,10,TIME_LIMIT_10D,0.40176723547125776,494.2817989822171,1
Candidate 4: Trailing ATR Exit (1.5x ATR14),5,30,2,TRAILING_STOP,-2.76874710739866,-3419.989313245326,0
Candidate 4: Trailing ATR Exit (1.5x ATR14),5,31,10,TIME_LIMIT_10D,2.2489389643564723,2701.0026486222628,1
Candidate 4: Trailing ATR Exit (1.5x ATR14),5,32,10,TRAILING_STOP,1.2396270983457351,1522.2893621951878,1
Candidate 4: Trailing ATR Exit (1.5x ATR14),5,33,5,TRAILING_STOP,-3.801264986162916,-4725.903325148208,0
Candidate 4: Trailing ATR Exit (1.5x ATR14),5,34,4,TRAILING_STOP,-2.723986689333339,-3257.849594231948,0
Candidate 4: Trailing ATR Exit (1.5x ATR14),5,35,10,TIME_LIMIT_10D,5.831589702720013,6784.514470589742,1
Candidate 4: Trailing ATR Exit (1.5x ATR14),5,36,2,TRAILING_STOP,-3.4694493694191433,-4271.7682795595865,0
Candidate 4: Trailing ATR Exit (1.5x ATR14),5,37,7,TRAILING_STOP,0.312618138868786,371.557548828091,1
Candidate 4: Trailing ATR Exit (1.5x ATR14),5,38,10,TIME_LIMIT_10D,2.915172785796944,3475.615957314878,1
Candidate 4: Trailing ATR Exit (1.5x ATR14),5,39,10,TIME_LIMIT_10D,3.6061550966709266,4424.7760046927415,1
Candidate 4: Trailing ATR Exit (1.5x ATR14),5,40,8,TRAILING_STOP,0.09900983515881855,125.86668190005824,1
Candidate 4: Trailing ATR Exit (1.5x ATR14),5,41,7,TRAILING_STOP,-2.525297827574116,-3213.4743125946966,0
Candidate 4: Trailing ATR Exit (1.5x ATR14),5,42,4,TRAILING_STOP,-2.809923918548325,-3485.3685299623367,0
Candidate 4: Trailing ATR Exit (1.5x ATR14),5,43,10,TRAILING_STOP,-1.498744734236106,-1806.7736025324768,0
Candidate 4: Trailing ATR Exit (1.5x ATR14),5,44,10,TIME_LIMIT_10D,4.473566208275053,5312.166769993633,1
Candidate 4: Trailing ATR Exit (1.5x ATR14),5,45,2,TRAILING_STOP,1.0081673028478195,1250.7106828469625,1
Candidate 4: Trailing ATR Exit (1.5x ATR14),5,46,5,TRAILING_STOP,1.1507403123687894,1441.9761255155208,1
Candidate 4: Trailing ATR Exit (1.5x ATR14),5,47,8,TRAILING_STOP,0.6571070527690465,832.8867184400206,1
Candidate 4: Trailing ATR Exit (1.5x ATR14),5,48,6,TRAILING_STOP,-3.8899216478945364,-4962.895220659574,0
Candidate 4: Trailing ATR Exit (1.5x ATR14),5,49,6,TRAILING_STOP,-3.799814239862947,-4659.352305111296,0
Candidate 4: Trailing ATR Exit (1.5x ATR14),5,50,10,TIME_LIMIT_10D,4.473452984454326,5276.937759546018,1
Candidate 4: Trailing ATR Exit (1.5x ATR14),5,51,6,TRAILING_STOP,-1.9698469257556213,-2427.6022002171862,0
Candidate 4: Trailing ATR Exit (1.5x ATR14),5,52,5,TRAILING_STOP,1.1453848573096959,1383.7453083261973,1
Candidate 4: Trailing ATR Exit (1.5x ATR14),5,53,8,TRAILING_STOP,-2.8435437211296817,-3474.6471259092323,0
Candidate 4: Trailing ATR Exit (1.5x ATR14),5,54,10,TRAILING_STOP,3.623521194434428,4301.830230076104,1
Candidate 4: Trailing ATR Exit (1.5x ATR14),5,55,8,TRAILING_STOP,1.9145428550841996,2355.298194028358,1
Candidate 4: Trailing ATR Exit (1.5x ATR14),5,56,9,TRAILING_STOP,-0.9794640689223959,-1228.0201035904304,0
Candidate 4: Trailing ATR Exit (1.5x ATR14),5,57,2,TRAILING_STOP,-3.2540082300798088,-4039.8095114871567,0
Candidate 4: Trailing ATR Exit (1.5x ATR14),5,58,10,TIME_LIMIT_10D,5.700200069503267,6846.448103059718,1
Candidate 4: Trailing ATR Exit (1.5x ATR14),5,59,6,TRAILING_STOP,-0.21373170835682845,-271.3438531655114,0
Candidate 4: Trailing ATR Exit (1.5x ATR14),5,60,1,TRAILING_STOP,-2.5090670725770337,-3178.5868577256174,0
Candidate 4: Trailing ATR Exit (1.5x ATR14),5,61,7,TRAILING_STOP,-0.43559856943492115,-537.987869680007,0
Candidate 4: Trailing ATR Exit (1.5x ATR14),5,62,6,TRAILING_STOP,-2.8278862939732927,-3477.3793344523356,0
Candidate 4: Trailing ATR Exit (1.5x ATR14),5,63,9,TRAILING_STOP,-2.8149201050177974,-3363.5496940321073,0
Candidate 4: Trailing ATR Exit (1.5x ATR14),5,64,4,TRAILING_STOP,-2.115943682199856,-2457.1715368260316,0
Candidate 4: Trailing ATR Exit (1.5x ATR14),5,65,10,TIME_LIMIT_10D,7.358636758601015,8364.513671667833,1
Candidate 4: Trailing ATR Exit (1.5x ATR14),5,66,3,TRAILING_STOP,-3.7844863229227683,-4618.354416768456,0
Candidate 4: Trailing ATR Exit (1.5x ATR14),5,67,10,TIME_LIMIT_10D,7.2156787937908335,8472.325118730292,1
Candidate 4: Trailing ATR Exit (1.5x ATR14),5,68,5,TRAILING_STOP,-1.8909565749600117,-2380.484049710383,0
Candidate 4: Trailing ATR Exit (1.5x ATR14),5,69,3,TRAILING_STOP,-3.7211932030393484,-4595.94667003471,0
Candidate 4: Trailing ATR Exit (1.5x ATR14),5,70,10,TIME_LIMIT_10D,8.619908295122968,10250.052892334073,1
Candidate 4: Trailing ATR Exit (1.5x ATR14),5,71,10,TIME_LIMIT_10D,4.221699088461796,5452.807516920946,1
Candidate 4: Trailing ATR Exit (1.5x ATR14),5,72,3,TRAILING_STOP,-2.491686478661003,-3354.1651110285634,0
Candidate 4: Trailing ATR Exit (1.5x ATR14),5,73,4,TRAILING_STOP,-0.49328826782614005,-647.4906080894048,0
Candidate 4: Trailing ATR Exit (1.5x ATR14),5,74,7,TRAILING_STOP,0.33508243945443605,437.6598732602224,1
Candidate 4: Trailing ATR Exit (1.5x ATR14),5,75,2,TRAILING_STOP,-3.210325109039415,-4207.139273100036,0
Candidate 4: Trailing ATR Exit (1.5x ATR14),5,76,6,TRAILING_STOP,-1.9517547512796158,-2475.6665569455818,0
Candidate 4: Trailing ATR Exit (1.5x ATR14),5,77,9,TRAILING_STOP,0.8098428976551445,1007.1809620124296,1
Candidate 4: Trailing ATR Exit (1.5x ATR14),5,78,10,TIME_LIMIT_10D,1.2822690598666107,1607.6401036361651,1
Candidate 4: Trailing ATR Exit (1.5x ATR14),5,79,7,TRAILING_STOP,0.7070818448752577,897.868585956774,1
Candidate 4: Trailing ATR Exit (1.5x ATR14),5,80,8,TRAILING_STOP,1.7372628982938763,2221.6142230121195,1
Candidate 4: Trailing ATR Exit (1.5x ATR14),5,81,2,TRAILING_STOP,-2.570200790966956,-3343.876310932312,0
Candidate 4: Trailing ATR Exit (1.5x ATR14),5,82,2,TRAILING_STOP,-2.6833508599747335,-3401.358601642508,0
Candidate 4: Trailing ATR Exit (1.5x ATR14),5,83,7,TIME_LIMIT_10D,1.6174934164262598,1995.2835753256554,1
Candidate 5: Model Probability Deterioration,5,1,2,PROB_DETERIORATION,0.33487296285172363,334.8729628517236,1
Candidate 5: Model Probability Deterioration,5,2,1,PROB_DETERIORATION,1.9152023909225946,1921.615885913684,1
Candidate 5: Model Probability Deterioration,5,3,1,PROB_DETERIORATION,0.648321535282471,662.9508384302646,1
Candidate 5: Model Probability Deterioration,5,4,10,TIME_LIMIT_10D,-1.1741099544031555,-1208.387386383316,0
Candidate 5: Model Probability Deterioration,5,5,10,TIME_LIMIT_10D,-1.4428352035888614,-1467.5228685367993,0
Candidate 5: Model Probability Deterioration,5,6,6,PROB_DETERIORATION,9.707875398064441,9731.516931907365,1
Candidate 5: Model Probability Deterioration,5,7,10,TIME_LIMIT_10D,-1.523727115037235,-1675.7196012258257,0
Candidate 5: Model Probability Deterioration,5,8,10,PROB_DETERIORATION,4.189668029829204,4537.3822699078755,1
Candidate 5: Model Probability Deterioration,5,9,1,PROB_DETERIORATION,1.0267887097719308,1158.5945888276617,1
Candidate 5: Model Probability Deterioration,5,10,10,PROB_DETERIORATION,5.018823389870716,5721.222961519648,1
Candidate 5: Model Probability Deterioration,5,11,2,PROB_DETERIORATION,1.7005587776649325,2035.8499011263882,1
Candidate 5: Model Probability Deterioration,5,12,3,PROB_DETERIORATION,3.8372238445375,4671.911221748111,1
Candidate 5: Model Probability Deterioration,5,13,8,PROB_DETERIORATION,-8.958728245616845,-11326.0083720451,0
Candidate 5: Model Probability Deterioration,5,14,2,PROB_DETERIORATION,3.784915945615399,4356.373127643096,1
Candidate 5: Model Probability Deterioration,5,15,1,PROB_DETERIORATION,3.455623143750296,4127.902616752461,1
Candidate 5: Model Probability Deterioration,5,16,4,PROB_DETERIORATION,3.8850515294609025,4801.2459462216875,1
Candidate 5: Model Probability Deterioration,5,17,2,PROB_DETERIORATION,3.655907638912476,4693.593188786698,1
Candidate 5: Model Probability Deterioration,5,18,3,PROB_DETERIORATION,2.95511721853796,3932.5929903831698,1
Candidate 5: Model Probability Deterioration,5,19,2,PROB_DETERIORATION,2.8422710804412334,3894.195243610659,1
Candidate 5: Model Probability Deterioration,5,20,1,PROB_DETERIORATION,1.3624786612971749,1919.7894187216014,1
Candidate 5: Model Probability Deterioration,5,21,6,PROB_DETERIORATION,5.203493277902648,7431.835775289257,1
Candidate 5: Model Probability Deterioration,5,22,4,PROB_DETERIORATION,0.6234470192659893,936.7653540146604,1
Candidate 5: Model Probability Deterioration,5,23,4,PROB_DETERIORATION,4.377883997354838,6619.035458357491,1
Candidate 5: Model Probability Deterioration,5,24,4,PROB_DETERIORATION,8.586646363727395,13550.724738839855,1
Candidate 5: Model Probability Deterioration,5,25,4,PROB_DETERIORATION,0.8019474415315888,1374.2358467873917,1
Candidate 5: Model Probability Deterioration,5,26,10,TIME_LIMIT_10D,-0.3680919474905696,-635.8294010057026,0
Candidate 5: Model Probability Deterioration,5,27,2,PROB_DETERIORATION,0.2932239789450961,504.6406365617857,1
Candidate 5: Model Probability Deterioration,5,28,9,PROB_DETERIORATION,10.7978896538982,18637.73849878649,1
Candidate 5: Model Probability Deterioration,5,29,1,PROB_DETERIORATION,0.21382584990630205,408.92722410538005,1
Candidate 5: Model Probability Deterioration,5,30,5,PROB_DETERIORATION,-0.9161381875166796,-1755.7975805437725,0
Candidate 5: Model Probability Deterioration,5,31,2,PROB_DETERIORATION,1.421363036852354,2699.115083373591,1
Candidate 5: Model Probability Deterioration,5,32,1,PROB_DETERIORATION,-0.7225630514180421,-1391.6229354005266,0
Candidate 5: Model Probability Deterioration,5,33,5,PROB_DETERIORATION,0.628521847247674,1201.7572822078432,1
Candidate 5: Model Probability Deterioration,5,34,1,PROB_DETERIORATION,-1.5569655706273675,-2995.687357480297,0
Candidate 5: Model Probability Deterioration,5,35,2,PROB_DETERIORATION,2.4546827281845003,4649.409903586361,1
Candidate 5: Model Probability Deterioration,5,36,4,PROB_DETERIORATION,-1.8504180000463821,-3590.90674491361,0
Candidate 5: Model Probability Deterioration,5,37,1,PROB_DETERIORATION,0.7519650492501797,1432.2551485346385,1
Candidate 5: Model Probability Deterioration,5,38,3,PROB_DETERIORATION,-2.3835247286497,-4573.997511702167,0
Candidate 5: Model Probability Deterioration,5,39,5,PROB_DETERIORATION,-1.2565431413313843,-2353.839183379947,0
Candidate 5: Model Probability Deterioration,5,40,1,PROB_DETERIORATION,1.6528647126321967,3057.3490169086167,1
Candidate 5: Model Probability Deterioration,5,41,1,PROB_DETERIORATION,-0.006850295142425511,-12.880615513199658,0
Candidate 5: Model Probability Deterioration,5,42,4,PROB_DETERIORATION,3.0364620050823845,5709.0708563106255,1
Candidate 5: Model Probability Deterioration,5,43,2,PROB_DETERIORATION,-0.6775439498181755,-1312.5806308072472,0
Candidate 5: Model Probability Deterioration,5,44,10,TIME_LIMIT_10D,2.5525735294117644,4911.500936514678,1
Candidate 5: Model Probability Deterioration,5,45,6,PROB_DETERIORATION,4.115439674629426,8120.799225844383,1
Candidate 5: Model Probability Deterioration,5,46,3,PROB_DETERIORATION,1.1623346470510652,2387.969933108555,1
Candidate 5: Model Probability Deterioration,5,47,3,PROB_DETERIORATION,2.9674130642045595,6167.292105361369,1
Candidate 5: Model Probability Deterioration,5,48,2,PROB_DETERIORATION,0.16945380984490893,362.63327620556817,1
Candidate 5: Model Probability Deterioration,5,49,1,PROB_DETERIORATION,-0.5798443447343071,-1242.9768713188323,0
Candidate 5: Model Probability Deterioration,5,50,10,TIME_LIMIT_10D,-1.8875465132272191,-4022.756293107053,0
Candidate 5: Model Probability Deterioration,5,51,10,TIME_LIMIT_10D,1.999654938413578,4181.24154342968,1
Candidate 5: Model Probability Deterioration,5,52,3,PROB_DETERIORATION,1.419511623582946,3027.5257968430706,1
Candidate 5: Model Probability Deterioration,5,53,3,PROB_DETERIORATION,3.7804554362610534,8177.386730588675,1
Candidate 5: Model Probability Deterioration,5,54,1,PROB_DETERIORATION,1.3215394446750441,2966.648665597796,1
Candidate 5: Model Probability Deterioration,5,55,8,PROB_DETERIORATION,-2.9005355525649543,-6597.295836993931,0
Candidate 5: Model Probability Deterioration,5,56,10,TIME_LIMIT_10D,-4.560544320259344,-10072.129044531119,0
Candidate 5: Model Probability Deterioration,5,57,6,PROB_DETERIORATION,0.44104169185203107,929.6344299780707,1
Candidate 5: Model Probability Deterioration,5,58,1,PROB_DETERIORATION,0.011815928215384108,25.015639318944167,1
Candidate 5: Model Probability Deterioration,5,59,10,TIME_LIMIT_10D,4.635312377712813,9814.633404409618,1
Candidate 5: Model Probability Deterioration,5,60,1,PROB_DETERIORATION,-2.955306354255365,-6547.505294990813,0
Candidate 5: Model Probability Deterioration,5,61,1,PROB_DETERIORATION,-0.7927335498057255,-1704.4033642326967,0
Candidate 5: Model Probability Deterioration,5,62,1,PROB_DETERIORATION,0.12365335216940682,263.7512470524431,1
Candidate 5: Model Probability Deterioration,5,63,5,PROB_DETERIORATION,4.700294514176714,10038.073849334289,1
Candidate 5: Model Probability Deterioration,5,64,10,TIME_LIMIT_10D,-0.6499226857069353,-1453.2318749243823,0
Candidate 5: Model Probability Deterioration,5,65,5,PROB_DETERIORATION,-1.2211730731344965,-2712.8054396062503,0
Candidate 5: Model Probability Deterioration,5,66,1,PROB_DETERIORATION,-0.7014512509969552,-1539.2274026277069,0
Candidate 5: Model Probability Deterioration,5,67,1,PROB_DETERIORATION,0.12487980414577474,272.1074312961308,1
Candidate 5: Model Probability Deterioration,5,68,5,PROB_DETERIORATION,-1.4476563879747568,-3158.316814575388,0
Candidate 5: Model Probability Deterioration,5,69,10,TIME_LIMIT_10D,-3.883259930970364,-8349.368313582228,0
Candidate 5: Model Probability Deterioration,5,70,10,TIME_LIMIT_10D,-7.2543302332530395,-14991.790763734594,0
Candidate 5: Model Probability Deterioration,5,71,3,PROB_DETERIORATION,6.447203887814233,12357.233042083977,1
Candidate 5: Model Probability Deterioration,5,72,2,PROB_DETERIORATION,0.13201873271116346,269.3516559626986,1
Candidate 5: Model Probability Deterioration,5,73,7,PROB_DETERIORATION,2.957163056399826,6041.3268719866,1
Candidate 5: Model Probability Deterioration,5,74,1,PROB_DETERIORATION,1.3677236254377323,2876.8152906281384,1
Candidate 5: Model Probability Deterioration,5,75,3,PROB_DETERIORATION,1.53049251118709,3263.20631171602,1
Candidate 5: Model Probability Deterioration,5,76,7,PROB_DETERIORATION,1.5362322307488756,3325.574557027944,1
Candidate 5: Model Probability Deterioration,5,77,2,PROB_DETERIORATION,1.073493291804842,2359.555488809745,1
Candidate 5: Model Probability Deterioration,5,78,10,TIME_LIMIT_10D,-2.7299627551220147,-6064.916947495802,0
Candidate 5: Model Probability Deterioration,5,79,10,TIME_LIMIT_10D,-5.2137429998229985,-11266.70278924047,0
Candidate 5: Model Probability Deterioration,5,80,10,TIME_LIMIT_10D,1.8100386335463226,3707.493827028653,1
Candidate 5: Model Probability Deterioration,5,81,10,TIME_LIMIT_10D,2.2631277466717328,4719.459499773936,1
Candidate 5: Model Probability Deterioration,5,82,1,PROB_DETERIORATION,-0.24849293103237946,-529.9273136459352,0
Candidate 5: Model Probability Deterioration,5,83,1,PROB_DETERIORATION,1.9820663236166407,4216.381648357935,1
Candidate 5: Model Probability Deterioration,5,84,3,PROB_DETERIORATION,3.6104677915129204,7832.655291397805,1
Candidate 5: Model Probability Deterioration,5,85,2,PROB_DETERIORATION,-2.011208506823849,-4520.706070202439,0
Candidate 5: Model Probability Deterioration,5,86,9,TIME_LIMIT_10D,-1.5508486455222419,-3415.820102235193,0
Candidate 6: Expected Return Decay Exit,5,1,6,RETURN_DECAY,-0.3650091792134738,-365.0091792134738,0
Candidate 6: Expected Return Decay Exit,5,2,1,RETURN_DECAY,0.6483215352824713,645.9551021678725,1
Candidate 6: Expected Return Decay Exit,5,3,10,TIME_LIMIT_10D,-1.1741099544031555,-1177.408568451053,0
Candidate 6: Expected Return Decay Exit,5,4,10,TIME_LIMIT_10D,-1.4428352035888619,-1429.900724952612,0
Candidate 6: Expected Return Decay Exit,5,5,2,RETURN_DECAY,1.390177391724925,1357.8368140995692,1
Candidate 6: Expected Return Decay Exit,5,6,6,RETURN_DECAY,5.6051394064076,5550.852142736121,1
Candidate 6: Expected Return Decay Exit,5,7,10,TIME_LIMIT_10D,-1.5237271150372351,-1593.5492524962942,0
Candidate 6: Expected Return Decay Exit,5,8,10,TIME_LIMIT_10D,4.189668029829203,4314.8878363733,1
Candidate 6: Expected Return Decay Exit,5,9,4,RETURN_DECAY,2.26890635735573,2434.61965803475,1
Candidate 6: Expected Return Decay Exit,5,10,2,RETURN_DECAY,1.4771020801076244,1620.9464731022013,1
Candidate 6: Expected Return Decay Exit,5,11,1,RETURN_DECAY,0.7049014741631998,784.972856011364,1
Candidate 6: Expected Return Decay Exit,5,12,1,RETURN_DECAY,-0.45321290049806046,-508.2519958701433,0
Candidate 6: Expected Return Decay Exit,5,13,1,RETURN_DECAY,0.771302957821526,861.0513933011646,1
Candidate 6: Expected Return Decay Exit,5,14,9,RETURN_DECAY,-9.78208000632765,-11004.54679463518,0
Candidate 6: Expected Return Decay Exit,5,15,1,RETURN_DECAY,-2.3613548595590568,-2396.5970361794875,0
Candidate 6: Expected Return Decay Exit,5,16,1,RETURN_DECAY,-0.31691047107066117,-314.0451526938343,0
Candidate 6: Expected Return Decay Exit,5,17,1,RETURN_DECAY,-1.189941883051123,-1175.4461725227845,0
Candidate 6: Expected Return Decay Exit,5,18,1,RETURN_DECAY,-3.2892025620656544,-3210.4711372209226,0
Candidate 6: Expected Return Decay Exit,5,19,1,RETURN_DECAY,7.207399562813818,6803.489414472062,1
Candidate 6: Expected Return Decay Exit,5,20,1,RETURN_DECAY,3.455623143750296,3497.0693927551406,1
Candidate 6: Expected Return Decay Exit,5,21,1,RETURN_DECAY,0.5886072143272784,616.2508876799787,1
Candidate 6: Expected Return Decay Exit,5,22,2,RETURN_DECAY,-2.799852843070667,-2948.600791837653,0
Candidate 6: Expected Return Decay Exit,5,23,2,RETURN_DECAY,3.655907638912475,3742.337140219207,1
Candidate 6: Expected Return Decay Exit,5,24,2,RETURN_DECAY,2.2052030675259546,2339.862520549855,1
Candidate 6: Expected Return Decay Exit,5,25,1,RETURN_DECAY,0.6330000962534451,686.4652139282709,1
Candidate 6: Expected Return Decay Exit,5,26,2,RETURN_DECAY,2.8422710804412334,3101.84916211309,1
Candidate 6: Expected Return Decay Exit,5,27,1,RETURN_DECAY,1.3624786612971749,1529.172737208177,1
Candidate 6: Expected Return Decay Exit,5,28,2,RETURN_DECAY,3.0517626752082796,3471.8009402862017,1
Candidate 6: Expected Return Decay Exit,5,29,2,RETURN_DECAY,1.941061728488298,2275.6152255399397,1
Candidate 6: Expected Return Decay Exit,5,30,1,RETURN_DECAY,-0.007193526969884489,-8.597070987032332,0
Candidate 6: Expected Return Decay Exit,5,31,2,RETURN_DECAY,2.0667012119614414,2469.7619105552794,1
Candidate 6: Expected Return Decay Exit,5,32,1,RETURN_DECAY,0.6825077195234502,832.470861029231,1
Candidate 6: Expected Return Decay Exit,5,33,7,RETURN_DECAY,3.366109829419886,4133.745918327287,1
Candidate 6: Expected Return Decay Exit,5,34,3,RETURN_DECAY,5.537562399703769,7029.3036152388695,1
Candidate 6: Expected Return Decay Exit,5,35,10,TIME_LIMIT_10D,-0.2282143147336247,-305.73390974591547,0
Candidate 6: Expected Return Decay Exit,5,36,10,TIME_LIMIT_10D,0.27850104197388004,372.250506734338,1
Candidate 6: Expected Return Decay Exit,5,37,8,RETURN_DECAY,9.878313124713436,13240.338708306204,1
Candidate 6: Expected Return Decay Exit,5,38,1,RETURN_DECAY,0.21382584990630205,314.9114829853241,1
Candidate 6: Expected Return Decay Exit,5,39,1,RETURN_DECAY,-0.0479491433679175,-70.76797773049266,0
Candidate 6: Expected Return Decay Exit,5,40,1,RETURN_DECAY,-2.257279958063248,-3329.9143868412343,0
Candidate 6: Expected Return Decay Exit,5,41,1,RETURN_DECAY,-0.4019600218841496,-579.5820465681809,0
Candidate 6: Expected Return Decay Exit,5,42,1,RETURN_DECAY,0.7090349031923362,1018.2407398886817,1
Candidate 6: Expected Return Decay Exit,5,43,1,RETURN_DECAY,-0.7225630514180421,-1045.0258631680783,0
Candidate 6: Expected Return Decay Exit,5,44,1,RETURN_DECAY,2.303383140682267,3307.2576453397855,1
Candidate 6: Expected Return Decay Exit,5,45,1,RETURN_DECAY,-0.18067362469314946,-265.391249252349,0
Candidate 6: Expected Return Decay Exit,5,46,1,RETURN_DECAY,-0.861530817882066,-1263.2150558153298,0
Candidate 6: Expected Return Decay Exit,5,47,1,RETURN_DECAY,-1.6036846154798754,-2331.1361944837377,0
Candidate 6: Expected Return Decay Exit,5,48,1,RETURN_DECAY,-1.5569655706273675,-2226.929813370636,0
Candidate 6: Expected Return Decay Exit,5,49,1,RETURN_DECAY,0.27175312129516127,382.63707980938443,1
Candidate 6: Expected Return Decay Exit,5,50,1,RETURN_DECAY,2.0748364912344535,2929.3751836360193,1
Candidate 6: Expected Return Decay Exit,5,51,1,RETURN_DECAY,-1.0418492792127743,-1501.463257746754,0
Candidate 6: Expected Return Decay Exit,5,52,1,RETURN_DECAY,-0.12511407565421803,-178.4298687258414,0
Candidate 6: Expected Return Decay Exit,5,53,1,RETURN_DECAY,0.406026482538543,578.3250996386042,1
Candidate 6: Expected Return Decay Exit,5,54,1,RETURN_DECAY,0.75196504925018,1075.4125896753371,1
Candidate 6: Expected Return Decay Exit,5,55,1,RETURN_DECAY,-0.3269551136986571,-471.106526250114,0
Candidate 6: Expected Return Decay Exit,5,56,7,RETURN_DECAY,3.298722236219066,4737.557127324672,1
Candidate 6: Expected Return Decay Exit,5,57,1,RETURN_DECAY,-0.006850295142425501,-10.162789839664072,0
Candidate 6: Expected Return Decay Exit,5,58,1,RETURN_DECAY,1.4051725951538034,2084.508071771387,1
Candidate 6: Expected Return Decay Exit,5,59,1,RETURN_DECAY,0.5886982454155318,885.5778794910108,1
Candidate 6: Expected Return Decay Exit,5,60,10,TIME_LIMIT_10D,2.8896197539142277,4372.4404552603355,1
Candidate 6: Expected Return Decay Exit,5,61,9,RETURN_DECAY,3.525516353399932,5488.8012102513185,1
Candidate 6: Expected Return Decay Exit,5,62,1,RETURN_DECAY,-0.5146839365033946,-829.5504205099398,0
Candidate 6: Expected Return Decay Exit,5,63,1,RETURN_DECAY,0.25517577376733586,409.1669984544672,1
Candidate 6: Expected Return Decay Exit,5,64,1,RETURN_DECAY,1.2241254340041536,1967.8585684728696,1
Candidate 6: Expected Return Decay Exit,5,65,3,RETURN_DECAY,2.9674130642045586,4828.697487660585,1
Candidate 6: Expected Return Decay Exit,5,66,10,TIME_LIMIT_10D,-4.40077927448584,-7373.630692324864,0
Candidate 6: Expected Return Decay Exit,5,67,6,RETURN_DECAY,0.2973333385325322,476.2661930877962,1
Candidate 6: Expected Return Decay Exit,5,68,10,TIME_LIMIT_10D,2.023705515142575,3251.193734546681,1
Candidate 6: Expected Return Decay Exit,5,69,6,RETURN_DECAY,2.2739595882178048,3727.1714392993467,1
Candidate 6: Expected Return Decay Exit,5,70,1,RETURN_DECAY,1.3215394446750441,2215.3473378870276,1
Candidate 6: Expected Return Decay Exit,5,71,10,TIME_LIMIT_10D,-3.7014466293346566,-6286.877074745445,0
Candidate 6: Expected Return Decay Exit,5,72,10,TIME_LIMIT_10D,-6.483139141389363,-10603.972253694987,0
Candidate 6: Expected Return Decay Exit,5,73,10,TIME_LIMIT_10D,2.948112732587004,4509.384282275802,1
Candidate 6: Expected Return Decay Exit,5,74,3,RETURN_DECAY,-1.0312513420640106,-1623.8880147953098,0
Candidate 6: Expected Return Decay Exit,5,75,1,RETURN_DECAY,-0.02457080053208517,-38.29207802733333,0
Candidate 6: Expected Return Decay Exit,5,76,1,RETURN_DECAY,-0.0724529108770146,-112.88565170886648,0
Candidate 6: Expected Return Decay Exit,5,77,1,RETURN_DECAY,1.4984087175380487,2332.912360564948,1
Candidate 6: Expected Return Decay Exit,5,78,1,RETURN_DECAY,0.6744932164878997,1065.8717526352086,1
Candidate 6: Expected Return Decay Exit,5,79,2,RETURN_DECAY,3.119932650764787,4963.545848158025,1
Candidate 6: Expected Return Decay Exit,5,80,2,RETURN_DECAY,-3.020571600980557,-4955.398377413694,0
Candidate 6: Expected Return Decay Exit,5,81,1,RETURN_DECAY,-0.7927335498057254,-1261.2358245135547,0
Candidate 6: Expected Return Decay Exit,5,82,1,RETURN_DECAY,0.12365335216940682,195.17241547597084,1
Candidate 6: Expected Return Decay Exit,5,83,5,RETURN_DECAY,4.700294514176714,7428.041163009933,1
Candidate 6: Expected Return Decay Exit,5,84,10,RETURN_DECAY,-0.6499226857069353,-1075.372262483634,0
Candidate 6: Expected Return Decay Exit,5,85,10,TIME_LIMIT_10D,1.186917141811915,1951.1279285395408,1
Candidate 6: Expected Return Decay Exit,5,86,3,RETURN_DECAY,-0.8462958379347723,-1407.7058418119623,0
Candidate 6: Expected Return Decay Exit,5,87,1,RETURN_DECAY,0.12487980414577478,205.96378293434083,1
Candidate 6: Expected Return Decay Exit,5,88,10,TIME_LIMIT_10D,-3.2440831124181613,-5357.135495172788,0
Candidate 6: Expected Return Decay Exit,5,89,10,TIME_LIMIT_10D,-4.885575458260157,-7806.096520206832,0
Candidate 6: Expected Return Decay Exit,5,90,10,RETURN_DECAY,-0.1458569875890123,-221.66229016837116,0
Candidate 6: Expected Return Decay Exit,5,91,2,RETURN_DECAY,0.13201873271116346,200.33933342838446,1
Candidate 6: Expected Return Decay Exit,5,92,7,RETURN_DECAY,2.9571630563998257,4493.439604931903,1
Candidate 6: Expected Return Decay Exit,5,93,1,RETURN_DECAY,1.367723625437732,2139.7279168791897,1
Candidate 6: Expected Return Decay Exit,5,94,10,TIME_LIMIT_10D,-5.397553243152376,-8559.666281000536,0
Candidate 6: Expected Return Decay Exit,5,95,10,TIME_LIMIT_10D,7.573078138707258,11361.474675785848,1
Candidate 6: Expected Return Decay Exit,5,96,2,RETURN_DECAY,-1.11730982365718,-1803.1816535121523,0
Candidate 6: Expected Return Decay Exit,5,97,10,TIME_LIMIT_10D,0.5433259982038365,867.054951200224,1
Candidate 6: Expected Return Decay Exit,5,98,10,TIME_LIMIT_10D,-2.8132820359469775,-4513.907516330568,0
Candidate 6: Expected Return Decay Exit,5,99,10,TIME_LIMIT_10D,2.1262941548599477,3315.6573666580334,1
Candidate 6: Expected Return Decay Exit,5,100,2,RETURN_DECAY,0.17201692030684634,273.9397409886776,1
Candidate 6: Expected Return Decay Exit,5,101,1,RETURN_DECAY,-0.8258881297594982,-1317.5027037281147,0
Candidate 6: Expected Return Decay Exit,5,102,1,RETURN_DECAY,1.0344074863585153,1636.516038488243,1
Candidate 6: Expected Return Decay Exit,5,103,1,RETURN_DECAY,-0.24849293103237946,-397.20247733744236,0
Candidate 6: Expected Return Decay Exit,5,104,1,RETURN_DECAY,1.9820663236166405,3160.3527370677666,1
Candidate 6: Expected Return Decay Exit,5,105,2,RETURN_DECAY,3.0031856135998782,4883.411906156234,1
Candidate 6: Expected Return Decay Exit,5,106,1,RETURN_DECAY,-1.8233662514455673,-3053.976926653075,0
Candidate 6: Expected Return Decay Exit,5,107,7,RETURN_DECAY,-1.6778038055236897,-2758.9329850138724,0
Candidate 6: Expected Return Decay Exit,5,108,2,TIME_LIMIT_10D,0.028992444992366327,46.87447201412721,1
Candidate 7: Combined Adaptive Exit,5,1,2,PROB_DETERIORATION,0.33487296285172363,334.8729628517236,1
Candidate 7: Combined Adaptive Exit,5,2,1,PROFIT_TARGET,2.897000000000005,2906.7012697338196,1
Candidate 7: Combined Adaptive Exit,5,3,1,PROB_DETERIORATION,0.6483215352824712,669.3373591144907,1
Candidate 7: Combined Adaptive Exit,5,4,2,STOP_LOSS,-3.111276638472902,-3232.9559171767937,0
Candidate 7: Combined Adaptive Exit,5,5,2,PROFIT_TARGET,2.896999999999997,2916.6403758909355,1
Candidate 7: Combined Adaptive Exit,5,6,9,STOP_LOSS,-3.75318834013078,-3888.1002999697266,0
Candidate 7: Combined Adaptive Exit,5,7,1,STOP_LOSS,-4.024030688885256,-4012.2199878099577,0
Candidate 7: Combined Adaptive Exit,5,8,2,PROFIT_TARGET,2.8970000000000002,2772.2631688435213,1
Candidate 7: Combined Adaptive Exit,5,9,4,PROFIT_TARGET,2.8969999999999962,2852.5756328449143,1
Candidate 7: Combined Adaptive Exit,5,10,3,PROFIT_TARGET,2.8969999999999945,2935.2147489284293,1
Candidate 7: Combined Adaptive Exit,5,11,2,PROFIT_TARGET,2.896999999999996,3020.247920204887,1
Candidate 7: Combined Adaptive Exit,5,12,8,STOP_LOSS,-3.658467198241406,-3924.6052201381394,0
Candidate 7: Combined Adaptive Exit,5,13,2,PROFIT_TARGET,2.89700000000001,2994.0486892258355,1
Candidate 7: Combined Adaptive Exit,5,14,4,STOP_LOSS,-3.132891631967859,-3331.642925688166,0
Candidate 7: Combined Adaptive Exit,5,15,2,PROFIT_TARGET,2.8970000000000105,2984.268584195522,1
Candidate 7: Combined Adaptive Exit,5,16,2,PROFIT_TARGET,2.8970000000000034,3070.7228450796592,1
Candidate 7: Combined Adaptive Exit,5,17,2,PROFIT_TARGET,2.8970000000000113,3159.6816859016258,1
Candidate 7: Combined Adaptive Exit,5,18,1,PROFIT_TARGET,2.896999999999999,3251.217664342182,1
Candidate 7: Combined Adaptive Exit,5,19,2,PROFIT_TARGET,2.897000000000003,3345.40544007818,1
Candidate 7: Combined Adaptive Exit,5,20,5,PROFIT_TARGET,2.897000000000001,3442.3218356772427,1
Candidate 7: Combined Adaptive Exit,5,21,3,PROB_DETERIORATION,0.9847076488487092,1203.9626129000299,1
Candidate 7: Combined Adaptive Exit,5,22,3,PROFIT_TARGET,2.897000000000006,3576.9246961525323,1
Candidate 7: Combined Adaptive Exit,5,23,1,PROFIT_TARGET,2.896999999999993,3680.5482046000548,1
Candidate 7: Combined Adaptive Exit,5,24,1,PROB_DETERIORATION,-0.5042962453205089,-659.2535278807286,0
Candidate 7: Combined Adaptive Exit,5,25,2,STOP_LOSS,-5.3922249349941085,-7013.568716789389,0
Candidate 7: Combined Adaptive Exit,5,26,1,STOP_LOSS,-7.135925541665443,-8781.085281042866,0
Candidate 7: Combined Adaptive Exit,5,27,4,PROFIT_TARGET,2.8969999999999962,3310.503985067418,1
Candidate 7: Combined Adaptive Exit,5,28,2,PROFIT_TARGET,2.897000000000003,3406.4092855148283,1
Candidate 7: Combined Adaptive Exit,5,29,1,PROFIT_TARGET,2.8970000000000056,3505.0929625161966,1
Candidate 7: Combined Adaptive Exit,5,30,4,PROFIT_TARGET,2.8970000000000073,3606.6355056402936,1
Candidate 7: Combined Adaptive Exit,5,31,2,PROFIT_TARGET,2.8970000000000034,3711.119736238688,1
Candidate 7: Combined Adaptive Exit,5,32,2,PROFIT_TARGET,2.897000000000001,3818.6308749975196,1
Candidate 7: Combined Adaptive Exit,5,33,1,PROB_DETERIORATION,0.6330000962534449,858.550159906775,1
Candidate 7: Combined Adaptive Exit,5,34,1,PROFIT_TARGET,2.897000000000008,3954.128809578706,1
Candidate 7: Combined Adaptive Exit,5,35,1,PROB_DETERIORATION,1.362478661297175,1913.5276397213088,1
Candidate 7: Combined Adaptive Exit,5,36,1,PROFIT_TARGET,2.896999999999998,4124.114816914915,1
Candidate 7: Combined Adaptive Exit,5,37,3,PROFIT_TARGET,2.8970000000000073,4243.590423160953,1
Candidate 7: Combined Adaptive Exit,5,38,1,PROB_DETERIORATION,-0.14879955001275175,-224.2793538457533,0
Candidate 7: Combined Adaptive Exit,5,39,4,PROB_DETERIORATION,0.6234470192659893,938.2974191040978,1
Candidate 7: Combined Adaptive Exit,5,40,4,PROFIT_TARGET,2.897000000000003,4387.2123410704535,1
Candidate 7: Combined Adaptive Exit,5,41,2,PROFIT_TARGET,2.8970000000000007,4514.309882591262,1
Candidate 7: Combined Adaptive Exit,5,42,2,PROFIT_TARGET,2.8969999999999936,4645.08943988992,1
Candidate 7: Combined Adaptive Exit,5,43,2,PROB_DETERIORATION,-0.7724353349385658,-1274.4136975101005,0
Candidate 7: Combined Adaptive Exit,5,44,10,TIME_LIMIT_10D,-0.36809194749056956,-602.6108512225732,0
Candidate 7: Combined Adaptive Exit,5,45,2,PROB_DETERIORATION,0.2932239789450961,478.27597006208816,1
Candidate 7: Combined Adaptive Exit,5,46,2,PROFIT_TARGET,2.8969999999999994,4739.135934639453,1
Candidate 7: Combined Adaptive Exit,5,47,3,PROFIT_TARGET,2.897000000000006,4876.4287026659695,1
Candidate 7: Combined Adaptive Exit,5,48,4,PROFIT_TARGET,2.8970000000000056,5017.698842182202,1
Candidate 7: Combined Adaptive Exit,5,49,1,PROB_DETERIORATION,0.21382584990630205,381.08250947790503,1
Candidate 7: Combined Adaptive Exit,5,50,5,PROB_DETERIORATION,-0.9161381875166799,-1636.241630996003,0
Candidate 7: Combined Adaptive Exit,5,51,2,PROB_DETERIORATION,1.4213630368523542,2515.3266613440437,1
Candidate 7: Combined Adaptive Exit,5,52,1,PROB_DETERIORATION,-0.7225630514180421,-1296.8644032679456,0
Candidate 7: Combined Adaptive Exit,5,53,2,PROFIT_TARGET,2.896999999999996,5161.9984695062885,1
Candidate 7: Combined Adaptive Exit,5,54,3,PROB_DETERIORATION,-1.6560972641236387,-3036.392631809989,0
Candidate 7: Combined Adaptive Exit,5,55,1,PROB_DETERIORATION,-1.5569655706273673,-2807.3627773123226,0
Candidate 7: Combined Adaptive Exit,5,56,2,PROB_DETERIORATION,2.4546827281845,4357.123672202657,1
Candidate 7: Combined Adaptive Exit,5,57,4,PROB_DETERIORATION,-1.8504180000463826,-3365.16355997491,0
Candidate 7: Combined Adaptive Exit,5,58,1,PROB_DETERIORATION,0.7519650492501797,1342.2160966063104,1
Candidate 7: Combined Adaptive Exit,5,59,3,PROB_DETERIORATION,-2.3835247286497006,-4286.452097815854,0
Candidate 7: Combined Adaptive Exit,5,60,5,PROB_DETERIORATION,-1.2565431413313843,-2205.8645374656926,0
Candidate 7: Combined Adaptive Exit,5,61,1,PROB_DETERIORATION,1.6528647126321967,2865.1480622266927,1
Candidate 7: Combined Adaptive Exit,5,62,1,PROB_DETERIORATION,-0.006850295142425505,-12.070872633065207,0
Candidate 7: Combined Adaptive Exit,5,63,3,PROFIT_TARGET,2.8970000000000096,5104.440288993979,1
Candidate 7: Combined Adaptive Exit,5,64,2,PROB_DETERIORATION,-0.6775439498181755,-1228.4000265627933,0
Candidate 7: Combined Adaptive Exit,5,65,4,PROFIT_TARGET,2.897000000000006,5216.729175396605,1
Candidate 7: Combined Adaptive Exit,5,66,10,TIME_LIMIT_10D,1.2205081526040842,2261.482302675507,1
Candidate 7: Combined Adaptive Exit,5,67,2,PROFIT_TARGET,2.8970000000000047,5433.372961916352,1
Candidate 7: Combined Adaptive Exit,5,68,3,PROB_DETERIORATION,1.1623346470510652,2243.1324520994485,1
Candidate 7: Combined Adaptive Exit,5,69,3,PROFIT_TARGET,2.8970000000000073,5655.7613237603955,1
Candidate 7: Combined Adaptive Exit,5,70,2,PROB_DETERIORATION,0.16945380984490896,340.4055474588269,1
Candidate 7: Combined Adaptive Exit,5,71,1,PROB_DETERIORATION,-0.5798443447343071,-1166.7881855389699,0
Candidate 7: Combined Adaptive Exit,5,72,4,STOP_LOSS,-2.8099239185483254,-5621.466113003938,0
Candidate 7: Combined Adaptive Exit,5,73,10,TIME_LIMIT_10D,0.22124201481211417,430.17440121650054,1
Candidate 7: Combined Adaptive Exit,5,74,5,PROFIT_TARGET,2.8969999999999994,5645.276703394055,1
Candidate 7: Combined Adaptive Exit,5,75,7,PROFIT_TARGET,2.897000000000005,5808.820369491392,1
Candidate 7: Combined Adaptive Exit,5,76,1,PROB_DETERIORATION,1.3215394446750437,2726.6054262587127,1
Candidate 7: Combined Adaptive Exit,5,77,7,PROFIT_TARGET,2.897000000000001,6056.091654794263,1
Candidate 7: Combined Adaptive Exit,5,78,1,STOP_LOSS,-3.019403688244459,-6494.830750484658,0
Candidate 7: Combined Adaptive Exit,5,79,7,STOP_LOSS,-4.000677763657632,-8345.744396630715,0
Candidate 7: Combined Adaptive Exit,5,80,8,PROB_DETERIORATION,0.34902593624168887,698.9681309884022,1
Candidate 7: Combined Adaptive Exit,5,81,3,PROB_DETERIORATION,1.8783313444312457,3774.7225982132036,1
Candidate 7: Combined Adaptive Exit,5,82,8,PROFIT_TARGET,2.896999999999998,5931.207988446686,1
Candidate 7: Combined Adaptive Exit,5,83,3,PROB_DETERIORATION,-1.255982608682598,-2645.9461254825546,0
Candidate 7: Combined Adaptive Exit,5,84,1,PROB_DETERIORATION,-0.7927335498057255,-1649.0559940834864,0
Candidate 7: Combined Adaptive Exit,5,85,1,PROB_DETERIORATION,0.12365335216940679,255.186409523799,1
Candidate 7: Combined Adaptive Exit,5,86,3,PROFIT_TARGET,2.8969999999999994,5986.001622752065,1
Candidate 7: Combined Adaptive Exit,5,87,2,PROB_DETERIORATION,0.5295303627527724,1125.8535852114487,1
Candidate 7: Combined Adaptive Exit,5,88,10,TIME_LIMIT_10D,-0.6499226857069351,-1389.1412190888566,0
Candidate 7: Combined Adaptive Exit,5,89,2,STOP_LOSS,-3.2540082300798088,-6909.89675080473,0
Candidate 7: Combined Adaptive Exit,5,90,1,PROFIT_TARGET,2.897000000000001,5951.608938138954,1
Candidate 7: Combined Adaptive Exit,5,91,2,PROB_DETERIORATION,0.6207129856253994,1312.1377679265406,1
Candidate 7: Combined Adaptive Exit,5,92,1,PROB_DETERIORATION,-0.7014512509969552,-1492.0160311973611,0
Candidate 7: Combined Adaptive Exit,5,93,1,PROB_DETERIORATION,0.12487980414577476,263.76131883350985,1
Candidate 7: Combined Adaptive Exit,5,94,1,STOP_LOSS,-2.5090670725770345,-5306.07244892321,0
Candidate 7: Combined Adaptive Exit,5,95,3,PROFIT_TARGET,2.8970000000000065,5972.740222351195,1
Candidate 7: Combined Adaptive Exit,5,96,1,PROB_DETERIORATION,-0.5432434678176271,-1152.4507015577187,0
Candidate 7: Combined Adaptive Exit,5,97,8,STOP_LOSS,-3.551655292120538,-7493.642048935966,0
Candidate 7: Combined Adaptive Exit,5,98,8,STOP_LOSS,-3.569625036863004,-7264.061513627635,0
Candidate 7: Combined Adaptive Exit,5,99,7,PROFIT_TARGET,2.897000000000001,5684.853337561103,1
Candidate 7: Combined Adaptive Exit,5,100,2,PROB_DETERIORATION,0.13201873271116343,266.5686313167352,1
Candidate 7: Combined Adaptive Exit,5,101,3,STOP_LOSS,-3.7884317335019917,-7659.596999375273,0
Candidate 7: Combined Adaptive Exit,5,102,2,PROFIT_TARGET,2.8969999999999962,5635.367506927584,1
Candidate 7: Combined Adaptive Exit,5,103,2,PROFIT_TARGET,2.897000000000001,5798.624103603284,1
Candidate 7: Combined Adaptive Exit,5,104,1,PROB_DETERIORATION,1.3677236254377318,2816.939521691353,1
Candidate 7: Combined Adaptive Exit,5,105,3,PROB_DETERIORATION,1.53049251118709,3195.2885042189996,1
Candidate 7: Combined Adaptive Exit,5,106,3,STOP_LOSS,-3.721193203039349,-7887.830688559095,0
Candidate 7: Combined Adaptive Exit,5,107,4,PROFIT_TARGET,2.897000000000004,5912.274034747743,1
Candidate 7: Combined Adaptive Exit,5,108,2,PROB_DETERIORATION,1.073493291804842,2254.2812982295372,1
Candidate 7: Combined Adaptive Exit,5,109,3,STOP_LOSS,-2.4916864786610033,-5288.584461569392,0
Candidate 7: Combined Adaptive Exit,5,110,8,PROFIT_TARGET,2.8970000000000007,5995.648850892423,1
Candidate 7: Combined Adaptive Exit,5,111,3,STOP_LOSS,-3.031659155774216,-6456.107897472559,0
Candidate 7: Combined Adaptive Exit,5,112,2,STOP_LOSS,-3.210325109039416,-6629.326173203912,0
Candidate 7: Combined Adaptive Exit,5,113,10,TIME_LIMIT_10D,-0.23779215304575316,-475.2771358472483,0
Candidate 7: Combined Adaptive Exit,5,114,2,PROFIT_TARGET,2.896999999999995,5776.488994449774,1
Candidate 7: Combined Adaptive Exit,5,115,2,STOP_LOSS,-3.1843133848462615,-6533.320601780379,0
Candidate 7: Combined Adaptive Exit,5,116,10,TIME_LIMIT_10D,1.2822690598666107,2547.0827874493925,1
Candidate 7: Combined Adaptive Exit,5,117,1,PROB_DETERIORATION,-0.24849293103237952,-499.93248653508573,0
Candidate 7: Combined Adaptive Exit,5,118,1,PROB_DETERIORATION,1.9820663236166407,3977.726958706753,1
Candidate 7: Combined Adaptive Exit,5,119,2,PROFIT_TARGET,2.897000000000004,5929.104276996645,1
Candidate 7: Combined Adaptive Exit,5,120,2,STOP_LOSS,-2.570200790966956,-5412.655160296395,0
Candidate 7: Combined Adaptive Exit,5,121,2,STOP_LOSS,-2.6833508599747335,-5505.700413322351,0
Candidate 7: Combined Adaptive Exit,5,122,7,TIME_LIMIT_10D,1.6174934164262595,3229.7193245254766,1
