strategy,fold,trade_id,allocated_cash,position_weight,net_return_pct,net_pnl,is_win
Candidate 1: Baseline C59 (Fixed 100% Size),1,1,100000.0,1.0,3.506061576548527,3506.061576548527,1
Candidate 1: Baseline C59 (Fixed 100% Size),1,2,103506.06157654853,1.0,8.867857142857142,9178.769674806072,1
Candidate 1: Baseline C59 (Fixed 100% Size),1,3,112684.8312513546,1.0,2.2419103171362926,2526.29285767174,1
Candidate 1: Baseline C59 (Fixed 100% Size),1,4,115211.12410902634,1.0,-6.650095539108915,-7661.6498249315955,0
Candidate 1: Baseline C59 (Fixed 100% Size),1,5,107549.47428409474,1.0,0.9634215231940824,1036.1547833350535,1
Candidate 1: Baseline C59 (Fixed 100% Size),1,6,108585.62906742979,1.0,-0.8202009058917569,-890.620313279322,0
Candidate 1: Baseline C59 (Fixed 100% Size),1,7,107695.00875415048,1.0,4.864876908052885,5239.229612006199,1
Candidate 1: Baseline C59 (Fixed 100% Size),1,8,112934.23836615667,1.0,11.744441720257061,13263.49580712946,1
Candidate 1: Baseline C59 (Fixed 100% Size),1,9,126197.73417328612,1.0,2.138849567917158,2699.179692086574,1
Candidate 1: Baseline C59 (Fixed 100% Size),1,10,128896.9138653727,1.0,1.904391849230437,2454.7023215617346,1
Candidate 1: Baseline C59 (Fixed 100% Size),1,11,131351.61618693444,1.0,0.7414116061328017,973.8561272529437,1
Candidate 1: Baseline C59 (Fixed 100% Size),1,12,132325.47231418738,1.0,-5.79033851446468,-7662.092787855689,0
Candidate 1: Baseline C59 (Fixed 100% Size),1,13,124663.3795263317,1.0,-5.292544025811025,-6597.864245494992,0
Candidate 1: Baseline C59 (Fixed 100% Size),1,14,118065.51528083671,1.0,-6.169732441471571,-7284.326398472358,0
Candidate 1: Baseline C59 (Fixed 100% Size),1,15,110781.18888236435,1.0,7.794466842342675,8634.8030349889,1
Candidate 1: Baseline C59 (Fixed 100% Size),1,16,119415.99191735325,1.0,3.1630402384500744,3777.1758754901725,1
Candidate 1: Baseline C59 (Fixed 100% Size),1,17,123193.16779284342,1.0,0.6147255932919244,757.2999316096727,1
Candidate 1: Baseline C59 (Fixed 100% Size),1,18,123950.46772445309,1.0,2.9413394496058847,3645.804005150348,1
Candidate 1: Baseline C59 (Fixed 100% Size),1,19,127596.27172960344,1.0,2.5356191963138346,3235.3555597565874,1
Candidate 1: Baseline C59 (Fixed 100% Size),1,20,130831.62728936003,1.0,-1.3309616726826459,-1741.318814968391,0
Candidate 1: Baseline C59 (Fixed 100% Size),1,21,129090.30847439164,1.0,6.683272597768281,8627.457212643561,1
Candidate 1: Baseline C59 (Fixed 100% Size),1,22,137717.7656870352,1.0,3.7229629747573845,5127.18142619145,1
Candidate 1: Baseline C59 (Fixed 100% Size),1,23,142844.94711322663,1.0,-3.6489942399364406,-5212.403892201895,0
Candidate 1: Baseline C59 (Fixed 100% Size),1,24,137632.54322102474,1.0,2.5404118710538377,3496.4334664202165,1
Candidate 1: Baseline C59 (Fixed 100% Size),1,25,141128.97668744496,1.0,8.492955222829172,11986.020796501722,1
Candidate 1: Baseline C59 (Fixed 100% Size),1,26,153114.99748394667,1.0,-2.5484697513279833,-3902.089395624984,0
Candidate 1: Baseline C59 (Fixed 100% Size),1,27,149212.90808832168,1.0,7.503150533681496,11195.669109550588,1
Candidate 1: Baseline C59 (Fixed 100% Size),1,28,160408.57719787228,1.0,2.6802750902334473,4299.39113723246,1
Candidate 1: Baseline C59 (Fixed 100% Size),1,29,164707.96833510473,1.0,-0.08076108344159005,-133.01993974206164,0
Candidate 1: Baseline C59 (Fixed 100% Size),1,30,164574.94839536268,1.0,-1.2194931073616089,-2006.9801521253726,0
Candidate 1: Baseline C59 (Fixed 100% Size),1,31,162567.9682432373,1.0,-7.262665309791042,-11806.767434433712,0
Candidate 1: Baseline C59 (Fixed 100% Size),1,32,150761.20080880358,1.0,6.20346938604105,9352.424938202,1
Candidate 1: Baseline C59 (Fixed 100% Size),1,33,160113.62574700557,1.0,-5.8401143472215375,-9350.81882910747,0
Candidate 1: Baseline C59 (Fixed 100% Size),1,34,150762.8069178981,1.0,5.207873535478182,7851.536322821284,1
Candidate 1: Baseline C59 (Fixed 100% Size),1,35,158614.34324071938,1.0,0.6069633218343713,962.7308866396418,1
Candidate 1: Baseline C59 (Fixed 100% Size),1,36,159577.07412735902,1.0,-2.931638940982372,-4678.223645997963,0
Candidate 1: Baseline C59 (Fixed 100% Size),1,37,154898.85048136106,1.0,-1.9345894578030913,-2996.6568316705843,0
Candidate 1: Baseline C59 (Fixed 100% Size),1,38,151902.19364969048,1.0,-4.073510768520017,-6187.752215938272,0
Candidate 1: Baseline C59 (Fixed 100% Size),1,39,145714.44143375222,1.0,-2.8903124473834865,-4211.602638395061,0
Candidate 1: Baseline C59 (Fixed 100% Size),1,40,141502.83879535715,1.0,2.3939584071057998,3387.51910563482,1
Candidate 1: Baseline C59 (Fixed 100% Size),1,41,144890.35790099198,1.0,-0.05245522134571706,-76.00255794556699,0
Candidate 1: Baseline C59 (Fixed 100% Size),1,42,144814.35534304642,1.0,-2.3506267993045062,-3404.0450459337067,0
Candidate 1: Baseline C59 (Fixed 100% Size),1,43,141410.3102971127,1.0,-8.819431487692851,-12471.585433187724,0
Candidate 1: Baseline C59 (Fixed 100% Size),1,44,128938.72486392499,1.0,-1.649437803245513,-2126.7640709283005,0
Candidate 1: Baseline C59 (Fixed 100% Size),1,45,126811.96079299669,1.0,2.3738947413968736,3010.382468727213,1
Candidate 1: Baseline C59 (Fixed 100% Size),1,46,129822.3432617239,1.0,2.89963968292097,3764.3801825148244,1
Candidate 1: Baseline C59 (Fixed 100% Size),1,47,133586.7234442387,1.0,-2.1874649617209365,-2922.1627688537696,0
Candidate 1: Baseline C59 (Fixed 100% Size),1,48,130664.56067538494,1.0,-5.80598348073223,-7586.362807984192,0
Candidate 1: Baseline C59 (Fixed 100% Size),1,49,123078.19786740076,1.0,-2.9971163024827394,-3688.7967330858314,0
Candidate 1: Baseline C59 (Fixed 100% Size),1,50,119389.40113431492,1.0,10.467491766018037,12497.07573323266,1
Candidate 1: Baseline C59 (Fixed 100% Size),1,51,131886.47686754758,1.0,4.32808928020215,5708.164467340615,1
Candidate 1: Baseline C59 (Fixed 100% Size),1,52,137594.6413348882,1.0,-11.069463005004476,-15230.987919434046,0
Candidate 1: Baseline C59 (Fixed 100% Size),1,53,122363.65341545416,1.0,-19.07174472259201,-23336.883612632657,0
Candidate 1: Baseline C59 (Fixed 100% Size),1,54,99026.76980282151,1.0,19.224609535167232,19037.509829881332,1
Candidate 1: Baseline C59 (Fixed 100% Size),1,55,118064.27963270285,1.0,-8.42630507583333,-9948.456387436496,0
Candidate 1: Baseline C59 (Fixed 100% Size),1,56,108115.82324526635,1.0,-1.9999799140690264,-2162.2947488356986,0
Candidate 1: Baseline C59 (Fixed 100% Size),1,57,105953.52849643065,1.0,-5.60799095047901,-5941.86428979303,0
Candidate 1: Baseline C59 (Fixed 100% Size),1,58,100011.66420663762,1.0,7.465291918334669,7466.162685410126,1
Candidate 1: Baseline C59 (Fixed 100% Size),1,59,107477.82689204774,1.0,1.5365777758758918,1651.4804020175684,1
Candidate 1: Baseline C59 (Fixed 100% Size),1,60,109129.30729406531,1.0,8.85744327228786,9666.066487012533,1
Candidate 1: Baseline C59 (Fixed 100% Size),1,61,118795.37378107784,1.0,-0.6786786253272886,-806.2388097298333,0
Candidate 1: Baseline C59 (Fixed 100% Size),1,62,117989.134971348,1.0,2.051511282883194,2420.5604165134846,1
Candidate 1: Baseline C59 (Fixed 100% Size),1,63,120409.69538786149,1.0,-9.648925797385779,-11618.242160833002,0
Candidate 1: Baseline C59 (Fixed 100% Size),1,64,108791.45322702848,1.0,-3.626872253417969,-3945.7270311812836,0
Candidate 1: Baseline C59 (Fixed 100% Size),1,65,104845.7261958472,1.0,-8.659694425947503,-9079.31950722596,0
Candidate 1: Baseline C59 (Fixed 100% Size),1,66,95766.40668862124,1.0,6.341046919885095,6072.59278161345,1
Candidate 1: Baseline C59 (Fixed 100% Size),1,67,101838.99947023469,1.0,-0.1658995868276799,-168.9504793505625,0
Candidate 1: Baseline C59 (Fixed 100% Size),1,68,101670.04899088413,1.0,-2.61788282436885,-2661.6027500597506,0
Candidate 1: Baseline C59 (Fixed 100% Size),1,69,99008.44624082437,1.0,-6.446766290288218,-6382.843136791598,0
Candidate 1: Baseline C59 (Fixed 100% Size),1,70,92625.60310403278,1.0,-18.56691823808526,-17197.71999585913,0
Candidate 1: Baseline C59 (Fixed 100% Size),1,71,75427.88310817364,1.0,-12.490826514459425,-9421.566022571214,0
Candidate 1: Baseline C59 (Fixed 100% Size),1,72,66006.31708560242,1.0,-1.1300820957165252,-745.9255714262706,0
Candidate 1: Baseline C59 (Fixed 100% Size),1,73,65260.39151417615,1.0,-3.5384186046511634,-2309.185834805798,0
Candidate 1: Baseline C59 (Fixed 100% Size),1,74,62951.20567937035,1.0,2.565920156137102,1615.2776750582882,1
Candidate 1: Baseline C59 (Fixed 100% Size),1,75,64566.48335442864,1.0,-10.514645838005803,-6788.9370547731405,0
Candidate 1: Baseline C59 (Fixed 100% Size),1,76,57777.5462996555,1.0,4.295348949621123,2481.7472280991105,1
Candidate 1: Baseline C59 (Fixed 100% Size),1,77,60259.29352775461,1.0,0.3911824713592246,235.72379364547982,1
Candidate 1: Baseline C59 (Fixed 100% Size),1,78,60495.01732140009,1.0,-0.27954945633307854,-169.11349203057563,0
Candidate 1: Baseline C59 (Fixed 100% Size),1,79,60325.90382936951,1.0,-3.017956570834085,-1820.6095785335083,0
Candidate 1: Baseline C59 (Fixed 100% Size),1,80,58505.29425083601,1.0,-5.185072064878768,-3033.5416686752214,0
Candidate 1: Baseline C59 (Fixed 100% Size),1,81,55471.752582160785,1.0,10.583042298139683,5870.599039289467,1
Candidate 1: Baseline C59 (Fixed 100% Size),1,82,61342.35162145025,1.0,13.56815450538954,8323.025045237697,1
Candidate 1: Baseline C59 (Fixed 100% Size),1,83,69665.37666668795,1.0,-2.0736972540340015,-1444.6490029495521,0
Candidate 1: Baseline C59 (Fixed 100% Size),1,84,68220.7276637384,1.0,5.24582392092611,3578.739250814245,1
Candidate 2: Confidence-Scaled Sizing (Platt Calibrated),1,1,100000.0,1.0,3.506061576548527,3506.061576548527,1
Candidate 2: Confidence-Scaled Sizing (Platt Calibrated),1,2,103506.06157654853,1.0,8.867857142857142,9178.769674806072,1
Candidate 2: Confidence-Scaled Sizing (Platt Calibrated),1,3,112684.8312513546,1.0,2.2419103171362926,2526.29285767174,1
Candidate 2: Confidence-Scaled Sizing (Platt Calibrated),1,4,115211.12410902634,1.0,-6.650095539108915,-7661.6498249315955,0
Candidate 2: Confidence-Scaled Sizing (Platt Calibrated),1,5,107549.47428409474,1.0,0.9634215231940824,1036.1547833350535,1
Candidate 2: Confidence-Scaled Sizing (Platt Calibrated),1,6,108585.62906742979,1.0,-0.8202009058917569,-890.620313279322,0
Candidate 2: Confidence-Scaled Sizing (Platt Calibrated),1,7,107695.00875415048,1.0,4.864876908052885,5239.229612006199,1
Candidate 2: Confidence-Scaled Sizing (Platt Calibrated),1,8,112934.23836615667,1.0,11.744441720257061,13263.49580712946,1
Candidate 2: Confidence-Scaled Sizing (Platt Calibrated),1,9,126197.73417328612,1.0,2.138849567917158,2699.179692086574,1
Candidate 2: Confidence-Scaled Sizing (Platt Calibrated),1,10,128896.9138653727,1.0,1.904391849230437,2454.7023215617346,1
Candidate 2: Confidence-Scaled Sizing (Platt Calibrated),1,11,131351.61618693444,1.0,0.7414116061328017,973.8561272529437,1
Candidate 2: Confidence-Scaled Sizing (Platt Calibrated),1,12,132325.47231418738,1.0,-5.79033851446468,-7662.092787855689,0
Candidate 2: Confidence-Scaled Sizing (Platt Calibrated),1,13,124663.3795263317,1.0,-5.292544025811025,-6597.864245494992,0
Candidate 2: Confidence-Scaled Sizing (Platt Calibrated),1,14,118065.51528083671,1.0,-6.169732441471571,-7284.326398472358,0
Candidate 2: Confidence-Scaled Sizing (Platt Calibrated),1,15,110781.18888236435,1.0,3.087314525570289,3420.163735964693,1
Candidate 2: Confidence-Scaled Sizing (Platt Calibrated),1,16,114201.35261832905,1.0,7.687417370019298,8779.134617978416,1
Candidate 2: Confidence-Scaled Sizing (Platt Calibrated),1,17,122980.48723630747,1.0,-1.0274195132479793,-1263.5255233532635,0
Candidate 2: Confidence-Scaled Sizing (Platt Calibrated),1,18,121716.9617129542,1.0,4.112484560429537,5005.591257869172,1
Candidate 2: Confidence-Scaled Sizing (Platt Calibrated),1,19,126722.55297082338,1.0,1.2938094605503836,1639.548378987484,1
Candidate 2: Confidence-Scaled Sizing (Platt Calibrated),1,20,128362.10134981087,1.0,-2.915443288440671,-3742.324268704473,0
Candidate 2: Confidence-Scaled Sizing (Platt Calibrated),1,21,124619.7770811064,1.0,7.459684565809879,9296.24227686597,1
Candidate 2: Confidence-Scaled Sizing (Platt Calibrated),1,22,133916.01935797237,1.0,-1.4734278418156292,-1973.1559138715727,0
Candidate 2: Confidence-Scaled Sizing (Platt Calibrated),1,23,131942.8634441008,1.0,6.5912753336628755,8696.717412719509,1
Candidate 2: Confidence-Scaled Sizing (Platt Calibrated),1,24,140639.5808568203,1.0,-1.5486332536157923,-2177.991316894589,0
Candidate 2: Confidence-Scaled Sizing (Platt Calibrated),1,25,103846.19215494429,0.75,7.465767264611511,7752.915019449398,1
Candidate 2: Confidence-Scaled Sizing (Platt Calibrated),1,26,146214.5045593751,1.0,4.278785414553077,6256.204895047586,1
Candidate 2: Confidence-Scaled Sizing (Platt Calibrated),1,27,152470.7094544227,1.0,-4.897182049419718,-7466.768214024882,0
Candidate 2: Confidence-Scaled Sizing (Platt Calibrated),1,28,145003.9412403978,1.0,9.288561690738591,13468.780536116687,1
Candidate 2: Confidence-Scaled Sizing (Platt Calibrated),1,29,158472.7217765145,1.0,5.494167045335212,8706.756055691018,1
Candidate 2: Confidence-Scaled Sizing (Platt Calibrated),1,30,167179.4778322055,1.0,-0.6438161107725044,-1076.3284121890867,0
Candidate 2: Confidence-Scaled Sizing (Platt Calibrated),1,31,166103.14942001642,1.0,-1.0177064649698495,-1690.442490166036,0
Candidate 2: Confidence-Scaled Sizing (Platt Calibrated),1,32,164412.7069298504,1.0,-5.958311174313911,-9796.220688993257,0
Candidate 2: Confidence-Scaled Sizing (Platt Calibrated),1,33,154616.48624085714,1.0,6.84069047071109,10576.835240426639,1
Candidate 2: Confidence-Scaled Sizing (Platt Calibrated),1,34,165193.32148128378,1.0,-6.681807631696443,-11037.899961789259,0
Candidate 2: Confidence-Scaled Sizing (Platt Calibrated),1,35,154155.42151949453,1.0,2.411460629715157,3717.397298514057,1
Candidate 2: Confidence-Scaled Sizing (Platt Calibrated),1,36,157872.81881800859,1.0,-0.7645094129531484,-1206.952560358145,0
Candidate 2: Confidence-Scaled Sizing (Platt Calibrated),1,37,156665.86625765043,1.0,-0.5916398233442165,-926.8976543674494,0
Candidate 2: Confidence-Scaled Sizing (Platt Calibrated),1,38,155738.968603283,1.0,-2.7769092042933834,-4324.729753816148,0
Candidate 2: Confidence-Scaled Sizing (Platt Calibrated),1,39,151414.23884946684,1.0,-4.540090531458161,-6874.343521284089,0
Candidate 2: Confidence-Scaled Sizing (Platt Calibrated),1,40,144539.89532818276,1.0,-2.656288196194557,-3839.396178394486,0
Candidate 2: Confidence-Scaled Sizing (Platt Calibrated),1,41,140700.49914978826,1.0,4.279814694287952,6021.720637549133,1
Candidate 2: Confidence-Scaled Sizing (Platt Calibrated),1,42,146722.21978733738,1.0,-4.50993433534958,-6617.075767776204,0
Candidate 2: Confidence-Scaled Sizing (Platt Calibrated),1,43,140105.14401956118,1.0,-2.5322175309012533,-3547.767018557777,0
Candidate 2: Confidence-Scaled Sizing (Platt Calibrated),1,44,136557.3770010034,1.0,-3.9564338235294123,-5402.802252192273,0
Candidate 2: Confidence-Scaled Sizing (Platt Calibrated),1,45,131154.5747488111,1.0,-1.5516970574285969,-2035.1216770602916,0
Candidate 2: Confidence-Scaled Sizing (Platt Calibrated),1,46,129119.45307175082,1.0,2.972201175844479,3837.6899024425384,1
Candidate 2: Confidence-Scaled Sizing (Platt Calibrated),1,47,132957.14297419335,1.0,-0.005976470588235289,-7.946144544810608,0
Candidate 2: Confidence-Scaled Sizing (Platt Calibrated),1,48,132949.19682964854,1.0,0.632698521795663,841.1676030803927,1
Candidate 2: Confidence-Scaled Sizing (Platt Calibrated),1,49,133790.36443272894,1.0,-10.119846754078411,-13539.379852315196,0
Candidate 2: Confidence-Scaled Sizing (Platt Calibrated),1,50,120250.98458041374,1.0,2.1024952573241245,2528.271247688763,1
Candidate 2: Confidence-Scaled Sizing (Platt Calibrated),1,51,122779.25582810251,1.0,5.021256852127384,6165.061796259607,1
Candidate 2: Confidence-Scaled Sizing (Platt Calibrated),1,52,128944.31762436211,1.0,6.141345567082979,7918.916134429159,1
Candidate 2: Confidence-Scaled Sizing (Platt Calibrated),1,53,136863.23375879126,1.0,-9.542520800101356,-13060.202549123998,0
Candidate 2: Confidence-Scaled Sizing (Platt Calibrated),1,54,92852.27340725045,0.75,-12.56869689174037,-11670.320801647356,0
Candidate 2: Confidence-Scaled Sizing (Platt Calibrated),1,55,112132.71040801992,1.0,3.8125882146816314,4275.158501819251,1
Candidate 2: Confidence-Scaled Sizing (Platt Calibrated),1,56,116407.86890983918,1.0,-2.305054689145064,-2683.2650408400873,0
Candidate 2: Confidence-Scaled Sizing (Platt Calibrated),1,57,113724.6038689991,1.0,-1.3176038937413788,-1498.4398087198908,0
Candidate 2: Confidence-Scaled Sizing (Platt Calibrated),1,58,112226.1640602792,1.0,-5.9892238465955625,-6721.476180017701,0
Candidate 2: Confidence-Scaled Sizing (Platt Calibrated),1,59,105504.6878802615,1.0,9.651069834309968,10182.331105794801,1
Candidate 2: Confidence-Scaled Sizing (Platt Calibrated),1,60,115687.0189860563,1.0,-1.7519192151314804,-2026.7431150295242,0
Candidate 2: Confidence-Scaled Sizing (Platt Calibrated),1,61,113660.27587102677,1.0,6.399704664399664,7273.921976487625,1
Candidate 2: Confidence-Scaled Sizing (Platt Calibrated),1,62,120934.19784751438,1.0,-1.6401663791289929,-1983.5220539642692,0
Candidate 2: Confidence-Scaled Sizing (Platt Calibrated),1,63,118950.67579355011,1.0,3.521427168708525,4188.761414756468,1
Candidate 2: Confidence-Scaled Sizing (Platt Calibrated),1,64,123139.43720830658,1.0,-10.682455526047299,-13154.31561480229,0
Candidate 2: Confidence-Scaled Sizing (Platt Calibrated),1,65,109985.1215935043,1.0,-2.33772948505785,-2571.1546166680782,0
Candidate 2: Confidence-Scaled Sizing (Platt Calibrated),1,66,107413.96697683622,1.0,-6.091636991077375,-6543.268945944592,0
Candidate 2: Confidence-Scaled Sizing (Platt Calibrated),1,67,100870.69803089162,1.0,5.789431280109127,5839.839744264861,1
Candidate 2: Confidence-Scaled Sizing (Platt Calibrated),1,68,106710.53777515648,1.0,0.006948598039237038,7.414886335503823,1
Candidate 2: Confidence-Scaled Sizing (Platt Calibrated),1,69,106717.95266149199,1.0,-3.2576704884807066,-3476.5192497642356,0
Candidate 2: Confidence-Scaled Sizing (Platt Calibrated),1,70,77431.0750587958,0.75,-8.202820491485225,-6351.532091700206,0
Candidate 2: Confidence-Scaled Sizing (Platt Calibrated),1,71,96889.90132002754,1.0,-11.205929453349613,-10857.413989342342,0
Candidate 2: Confidence-Scaled Sizing (Platt Calibrated),1,72,86032.4873306852,1.0,-25.705375880658654,-22114.974247832666,0
Candidate 2: Confidence-Scaled Sizing (Platt Calibrated),1,73,63917.51308285253,1.0,10.475277654474434,6695.536965263824,1
Candidate 2: Confidence-Scaled Sizing (Platt Calibrated),1,74,70613.05004811635,1.0,-11.82557135995108,-8350.39662287797,0
Candidate 2: Confidence-Scaled Sizing (Platt Calibrated),1,75,62262.65342523838,1.0,10.579570434526989,6587.121273528525,1
Candidate 2: Confidence-Scaled Sizing (Platt Calibrated),1,76,68849.77469876691,1.0,-4.639208743320571,-3194.084767581709,0
Candidate 2: Confidence-Scaled Sizing (Platt Calibrated),1,77,65655.6899311852,1.0,0.829529872673849,544.6335610892977,1
Candidate 2: Confidence-Scaled Sizing (Platt Calibrated),1,78,66200.3234922745,1.0,-3.745063135405295,-2479.2439106282236,0
Candidate 2: Confidence-Scaled Sizing (Platt Calibrated),1,79,63721.07958164628,1.0,0.3426994971745807,218.3718193205162,1
Candidate 2: Confidence-Scaled Sizing (Platt Calibrated),1,80,47954.58855072509,0.75,-3.6861012977972814,-1767.654710921624,0
Candidate 2: Confidence-Scaled Sizing (Platt Calibrated),1,81,62171.796690045165,1.0,-3.7468929391941304,-2329.5106603494323,0
Candidate 2: Confidence-Scaled Sizing (Platt Calibrated),1,82,59842.28602969573,1.0,12.07477562794593,7225.821768719393,1
Candidate 2: Confidence-Scaled Sizing (Platt Calibrated),1,83,67068.10779841512,1.0,16.144683158666968,10827.933504567334,1
Candidate 2: Confidence-Scaled Sizing (Platt Calibrated),1,84,77896.04130298246,1.0,-3.448464649921998,-2686.2174480219887,0
Candidate 2: Confidence-Scaled Sizing (Platt Calibrated),1,85,75209.82385496047,1.0,2.3979234458823377,1803.4739998249047,1
Candidate 3: Risk-Normalized Sizing (Isotonic Calibrated),1,1,25000.0,0.25,3.506061576548527,876.5153941371317,1
Candidate 3: Risk-Normalized Sizing (Isotonic Calibrated),1,2,32615.823268276246,0.32332424589451925,8.867857142857142,2892.3246133974967,1
Candidate 3: Risk-Normalized Sizing (Isotonic Calibrated),1,3,25942.210001883657,0.25,2.241910317136293,581.601082525393,1
Candidate 3: Risk-Normalized Sizing (Isotonic Calibrated),1,4,26087.61027251501,0.25,-6.650095539108915,-1734.8510069926397,0
Candidate 3: Risk-Normalized Sizing (Isotonic Calibrated),1,5,40082.60162381402,0.3906092786814082,0.963421523194082,386.1644110999649,1
Candidate 3: Risk-Normalized Sizing (Isotonic Calibrated),1,6,48840.79601451628,0.47417440852701176,-0.8202009058917569,-400.5926513558076,0
Candidate 3: Risk-Normalized Sizing (Isotonic Calibrated),1,7,72867.62063525114,0.7102026851010401,4.864876908052885,3544.920049731911,1
Candidate 3: Risk-Normalized Sizing (Isotonic Calibrated),1,8,27117.595791597192,0.2554742983264288,11.744441720257063,3184.810233679014,1
Candidate 3: Risk-Normalized Sizing (Isotonic Calibrated),1,9,27332.723031555615,0.25,2.138849567917158,584.6058284604209,1
Candidate 3: Risk-Normalized Sizing (Isotonic Calibrated),1,10,27478.87448867072,0.25,1.904391849230437,523.3054460225071,1
Candidate 3: Risk-Normalized Sizing (Isotonic Calibrated),1,11,27609.700850176345,0.25,0.7414116061328017,204.70152652175423,1
Candidate 3: Risk-Normalized Sizing (Isotonic Calibrated),1,12,27660.876231806782,0.25,-5.790338514464681,-1601.6583698887148,0
Candidate 3: Risk-Normalized Sizing (Isotonic Calibrated),1,13,27260.4616393346,0.25,-5.292544025811024,-1442.7719339011094,0
Candidate 3: Risk-Normalized Sizing (Isotonic Calibrated),1,14,26899.768655859327,0.25,-6.169732441471573,-1659.6437534413544,0
Candidate 3: Risk-Normalized Sizing (Isotonic Calibrated),1,15,26484.857717498988,0.25,3.0873145255702896,817.67085938897,1
Candidate 3: Risk-Normalized Sizing (Isotonic Calibrated),1,16,26689.27543234623,0.25,7.687417370019298,2051.715995518477,1
Candidate 3: Risk-Normalized Sizing (Isotonic Calibrated),1,17,27202.204431225848,0.25,-1.0274195132479795,-279.4807563600209,0
Candidate 3: Risk-Normalized Sizing (Isotonic Calibrated),1,18,27132.33424213584,0.25,4.112484560429537,1115.8130565919728,1
Candidate 3: Risk-Normalized Sizing (Isotonic Calibrated),1,19,27411.287506283832,0.25,1.2938094605503836,354.64983101496557,1
Candidate 3: Risk-Normalized Sizing (Isotonic Calibrated),1,20,27499.949964037572,0.25,-2.9154432884406716,-801.7454455510763,0
Candidate 3: Risk-Normalized Sizing (Isotonic Calibrated),1,21,103170.01940506733,0.944797230700964,7.4596845658098765,7696.158014102863,1
Candidate 3: Risk-Normalized Sizing (Isotonic Calibrated),1,22,29223.55310617552,0.25,-1.473427841815629,-430.5879678341662,0
Candidate 3: Risk-Normalized Sizing (Isotonic Calibrated),1,23,29115.90611421698,0.25,6.5912753336628755,1919.109537878825,1
Candidate 3: Risk-Normalized Sizing (Isotonic Calibrated),1,24,29595.68349868669,0.25,-1.5486332536157923,-458.3285962955438,0
Candidate 3: Risk-Normalized Sizing (Isotonic Calibrated),1,25,29481.101349612803,0.25,7.46576726461151,2200.990413806335,1
Candidate 3: Risk-Normalized Sizing (Isotonic Calibrated),1,26,30031.34895306439,0.25,4.278785414553076,1284.976978797257,1
Candidate 3: Risk-Normalized Sizing (Isotonic Calibrated),1,27,30352.593197763705,0.25,-4.897182049419719,-1486.4217456142749,0
Candidate 3: Risk-Normalized Sizing (Isotonic Calibrated),1,28,29980.987761360135,0.25,9.288561690738588,2784.802543706722,1
Candidate 3: Risk-Normalized Sizing (Isotonic Calibrated),1,29,30677.188397286816,0.25,5.494167045335212,1685.4559753591298,1
Candidate 3: Risk-Normalized Sizing (Isotonic Calibrated),1,30,31098.5523911266,0.25,-0.6438161107725046,-200.21749051110098,0
Candidate 3: Risk-Normalized Sizing (Isotonic Calibrated),1,31,31048.498018498824,0.25,-1.017706464969849,-315.982571610298,0
Candidate 3: Risk-Normalized Sizing (Isotonic Calibrated),1,32,30969.50237559625,0.25,-5.958311174313909,-1845.259320674563,0
Candidate 3: Risk-Normalized Sizing (Isotonic Calibrated),1,33,30508.18754542761,0.25,6.840690470711089,2086.9706782067337,1
Candidate 3: Risk-Normalized Sizing (Isotonic Calibrated),1,34,31029.93021497929,0.25,-6.681807631696443,-2073.3602452145665,0
Candidate 3: Risk-Normalized Sizing (Isotonic Calibrated),1,35,30511.590153675646,0.25,2.411460629715157,735.7749840559345,1
Candidate 3: Risk-Normalized Sizing (Isotonic Calibrated),1,36,30695.53389968963,0.25,-0.7645094129531486,-234.67024601935194,0
Candidate 3: Risk-Normalized Sizing (Isotonic Calibrated),1,37,30636.866338184795,0.25,-0.5916398233442164,-181.25990188144021,0
Candidate 3: Risk-Normalized Sizing (Isotonic Calibrated),1,38,47070.82765685463,0.38467179302833143,-2.7769092042933843,-1307.114145740272,0
Candidate 3: Risk-Normalized Sizing (Isotonic Calibrated),1,39,30264.772826279364,0.25,-4.540090531458162,-1374.0480854532323,0
Candidate 3: Risk-Normalized Sizing (Isotonic Calibrated),1,40,81318.1569285213,0.6794345787992393,-2.6562881961945566,-2160.0446038552773,0
Candidate 3: Risk-Normalized Sizing (Isotonic Calibrated),1,41,61740.85279241935,0.5253422975502527,4.279814694287953,2642.3940901886576,1
Candidate 3: Risk-Normalized Sizing (Isotonic Calibrated),1,42,30041.8481764994,0.25,-4.50993433534958,-1354.8676258855382,0
Candidate 3: Risk-Normalized Sizing (Isotonic Calibrated),1,43,29703.131270028018,0.25,-2.532217530901254,-752.1478972462617,0
Candidate 3: Risk-Normalized Sizing (Isotonic Calibrated),1,44,29515.094295716455,0.25,-3.9564338235294123,-1167.745173762326,0
Candidate 3: Risk-Normalized Sizing (Isotonic Calibrated),1,45,29223.158002275875,0.25,-1.551697057428597,-453.45488280902435,0
Candidate 3: Risk-Normalized Sizing (Isotonic Calibrated),1,46,29109.79428157362,0.25,2.9722011758444795,865.2016479228403,1
Candidate 3: Risk-Normalized Sizing (Isotonic Calibrated),1,47,29326.094693554332,0.25,-0.0059764705882352975,-1.752665424038307,0
Candidate 3: Risk-Normalized Sizing (Isotonic Calibrated),1,48,29325.656527198324,0.25,0.632698521795663,185.54299535445716,1
Candidate 3: Risk-Normalized Sizing (Isotonic Calibrated),1,49,29372.042276036937,0.25,-10.11984675407841,-2972.405666878062,0
Candidate 3: Risk-Normalized Sizing (Isotonic Calibrated),1,50,71129.81354593851,0.6211355660646889,2.102495257324124,1495.5009563468495,1
Candidate 3: Risk-Normalized Sizing (Isotonic Calibrated),1,51,35727.1136023702,0.30796245337996736,5.021256852127383,1793.9501398263478,1
Candidate 3: Risk-Normalized Sizing (Isotonic Calibrated),1,52,29451.303633360716,0.25,6.141345567082979,1808.7063301355465,1
Candidate 3: Risk-Normalized Sizing (Isotonic Calibrated),1,53,29903.480215894604,0.25,-9.542520800101359,-2853.545819555937,0
Candidate 3: Risk-Normalized Sizing (Isotonic Calibrated),1,54,29190.093761005617,0.25,-12.568696891740366,-3668.8144072356117,0
Candidate 3: Risk-Normalized Sizing (Isotonic Calibrated),1,55,28272.890159196715,0.25,3.8125882146816297,1077.9288781594162,1
Candidate 3: Risk-Normalized Sizing (Isotonic Calibrated),1,56,28542.372378736567,0.25,-2.3050546891450647,-657.917292909313,0
Candidate 3: Risk-Normalized Sizing (Isotonic Calibrated),1,57,28377.89305550924,0.25,-1.3176038937413788,-373.90822386115406,0
Candidate 3: Risk-Normalized Sizing (Isotonic Calibrated),1,58,28284.415999543955,0.25,-5.989223846595562,-1694.0169879149769,0
Candidate 3: Risk-Normalized Sizing (Isotonic Calibrated),1,59,27860.91175256521,0.25,9.65106983430997,2688.876049715542,1
Candidate 3: Risk-Normalized Sizing (Isotonic Calibrated),1,60,28533.130764994097,0.25,-1.7519192151314804,-499.87740055052353,0
Candidate 3: Risk-Normalized Sizing (Isotonic Calibrated),1,61,28408.161414856466,0.25,6.399704664399664,1818.0384311367545,1
Candidate 3: Risk-Normalized Sizing (Isotonic Calibrated),1,62,28862.671022640654,0.25,-1.6401663791289929,-473.39582623195827,0
Candidate 3: Risk-Normalized Sizing (Isotonic Calibrated),1,63,28744.322066082663,0.25,3.521427168708525,1012.2103666961145,1
Candidate 3: Risk-Normalized Sizing (Isotonic Calibrated),1,64,28997.374657756693,0.25,-10.682455526047299,-3097.631651536169,0
Candidate 3: Risk-Normalized Sizing (Isotonic Calibrated),1,65,28222.96674487265,0.25,-2.33772948505785,-659.7766151529596,0
Candidate 3: Risk-Normalized Sizing (Isotonic Calibrated),1,66,28058.02259108441,0.25,-6.091636991077377,-1709.192883123345,0
Candidate 3: Risk-Normalized Sizing (Isotonic Calibrated),1,67,27630.72437030357,0.25,5.789431280109126,1599.6617996150903,1
Candidate 3: Risk-Normalized Sizing (Isotonic Calibrated),1,68,28030.639820207347,0.25,0.0069485980392370306,1.947736488932522,1
Candidate 3: Risk-Normalized Sizing (Isotonic Calibrated),1,69,28031.12675432958,0.25,-3.2576704884807066,-913.1617438644145,0
Candidate 3: Risk-Normalized Sizing (Isotonic Calibrated),1,70,28077.346360604002,0.2524683636508986,-8.202820491485223,-2303.1343207329055,0
Candidate 3: Risk-Normalized Sizing (Isotonic Calibrated),1,71,61513.799886338034,0.5648224256758958,-11.205929453349611,-6893.193019337694,0
Candidate 3: Risk-Normalized Sizing (Isotonic Calibrated),1,72,25503.754483345827,0.25,-25.70537588065866,-6555.83595362438,0
Candidate 3: Risk-Normalized Sizing (Isotonic Calibrated),1,73,23864.79549493973,0.25,10.47527765447443,2499.9035897674426,1
Candidate 3: Risk-Normalized Sizing (Isotonic Calibrated),1,74,24489.771392381594,0.25,-11.825571359951082,-2896.0553918949713,0
Candidate 3: Risk-Normalized Sizing (Isotonic Calibrated),1,75,23765.757544407854,0.25,10.579570434526984,2514.3150587095397,1
Candidate 3: Risk-Normalized Sizing (Isotonic Calibrated),1,76,24394.33630908524,0.25,-4.63920874332057,-1131.704182926107,0
Candidate 3: Risk-Normalized Sizing (Isotonic Calibrated),1,77,24111.410263353715,0.25,0.8295298726738491,200.01135085746748,1
Candidate 3: Risk-Normalized Sizing (Isotonic Calibrated),1,78,24161.413101068083,0.25,-3.7450631354052946,-904.860175041086,0
Candidate 3: Risk-Normalized Sizing (Isotonic Calibrated),1,79,23935.19805730781,0.25,0.34269949717458065,82.02580339013387,1
Candidate 3: Risk-Normalized Sizing (Isotonic Calibrated),1,80,23955.704508155344,0.25,-3.686101297797282,-883.0315347715961,0
Candidate 3: Risk-Normalized Sizing (Isotonic Calibrated),1,81,54645.1138325642,0.5755765401242168,-3.7468929391941304,-2047.493911806943,0
Candidate 3: Risk-Normalized Sizing (Isotonic Calibrated),1,82,23223.073146510706,0.25,12.074775627945932,2804.1339763549313,1
Candidate 3: Risk-Normalized Sizing (Isotonic Calibrated),1,83,23924.106640599435,0.25,16.144683158666968,3862.4712156663827,1
Candidate 3: Risk-Normalized Sizing (Isotonic Calibrated),1,84,24889.724444516032,0.25,-3.448464649921997,-858.3133489321295,0
Candidate 3: Risk-Normalized Sizing (Isotonic Calibrated),1,85,24675.146107283,0.25,2.397923445882338,591.6911138122621,1
Candidate 4: Causal Regime-Aware Adaptive Sizing,1,1,100000.0,1.0,3.506061576548527,3506.061576548527,1
Candidate 4: Causal Regime-Aware Adaptive Sizing,1,2,103506.06157654853,1.0,8.867857142857142,9178.769674806072,1
Candidate 4: Causal Regime-Aware Adaptive Sizing,1,3,112684.8312513546,1.0,2.2419103171362926,2526.29285767174,1
Candidate 4: Causal Regime-Aware Adaptive Sizing,1,4,115211.12410902634,1.0,-6.650095539108915,-7661.6498249315955,0
Candidate 4: Causal Regime-Aware Adaptive Sizing,1,5,107549.47428409474,1.0,0.9634215231940824,1036.1547833350535,1
Candidate 4: Causal Regime-Aware Adaptive Sizing,1,6,54292.814533714896,0.5,-0.8202009058917569,-445.310156639661,0
Candidate 4: Causal Regime-Aware Adaptive Sizing,1,7,54070.15945539507,0.5,4.864876908052886,2630.4467014928887,1
Candidate 4: Causal Regime-Aware Adaptive Sizing,1,8,55385.38280614151,0.5,11.744441720257063,6504.704005208565,1
Candidate 4: Causal Regime-Aware Adaptive Sizing,1,9,117275.46961749159,1.0,2.1388495679171577,2508.3458751865364,1
Candidate 4: Causal Regime-Aware Adaptive Sizing,1,10,119783.81549267813,1.0,1.9043918492304364,2281.153218939787,1
Candidate 4: Causal Regime-Aware Adaptive Sizing,1,11,122064.96871161791,1.0,0.7414116061328015,905.0038450503081,1
Candidate 4: Causal Regime-Aware Adaptive Sizing,1,12,122969.97255666822,1.0,-5.790338514464681,-7120.377682175408,0
Candidate 4: Causal Regime-Aware Adaptive Sizing,1,13,57924.7974372464,0.5,-5.292544025811025,-3065.695406228122,0
Candidate 4: Causal Regime-Aware Adaptive Sizing,1,14,56391.949734132344,0.5,-6.169732441471573,-3479.2324171251057,0
Candidate 4: Causal Regime-Aware Adaptive Sizing,1,15,54652.33352556979,0.5,3.0873145255702896,1687.2894314980372,1
Candidate 4: Causal Regime-Aware Adaptive Sizing,1,16,55495.97824131881,0.5,7.687417370019296,4266.207470985271,1
Candidate 4: Causal Regime-Aware Adaptive Sizing,1,17,57629.081976811445,0.5,-1.0274195132479793,-592.0924335354351,0
Candidate 4: Causal Regime-Aware Adaptive Sizing,1,18,114666.07152008745,1.0,4.112484560429537,4715.624487314687,1
Candidate 4: Causal Regime-Aware Adaptive Sizing,1,19,119381.69600740215,1.0,1.2938094605503836,1544.5716771092686,1
Candidate 4: Causal Regime-Aware Adaptive Sizing,1,20,120926.26768451142,1.0,-2.915443288440671,-3525.5367551698882,0
Candidate 4: Causal Regime-Aware Adaptive Sizing,1,21,117400.73092934153,1.0,7.459684565809879,8757.724205284076,1
Candidate 4: Causal Regime-Aware Adaptive Sizing,1,22,126158.4551346256,1.0,-1.473427841815629,-1858.8538027580528,0
Candidate 4: Causal Regime-Aware Adaptive Sizing,1,23,124299.60133186755,1.0,6.591275333662877,8192.92896242868,1
Candidate 4: Causal Regime-Aware Adaptive Sizing,1,24,132492.53029429624,1.0,-1.5486332536157923,-2051.8233826944493,0
Candidate 4: Causal Regime-Aware Adaptive Sizing,1,25,130440.7069116018,1.0,7.46576726461151,9738.39959633421,1
Candidate 4: Causal Regime-Aware Adaptive Sizing,1,26,140179.106507936,1.0,4.278785414553077,5997.963163512389,1
Candidate 4: Causal Regime-Aware Adaptive Sizing,1,27,146177.06967144838,1.0,-4.897182049419719,-7158.557216317926,0
Candidate 4: Causal Regime-Aware Adaptive Sizing,1,28,139018.51245513046,1.0,9.288561690738591,12912.820290941903,1
Candidate 4: Causal Regime-Aware Adaptive Sizing,1,29,151931.33274607235,1.0,5.494167045335212,8347.361215273293,1
Candidate 4: Causal Regime-Aware Adaptive Sizing,1,30,160278.69396134565,1.0,-0.6438161107725046,-1031.9000538589007,0
Candidate 4: Causal Regime-Aware Adaptive Sizing,1,31,159246.79390748675,1.0,-1.0177064649698493,-1620.6649168537047,0
Candidate 4: Causal Regime-Aware Adaptive Sizing,1,32,157626.12899063303,1.0,-5.958311174313909,-9391.855257287345,0
Candidate 4: Causal Regime-Aware Adaptive Sizing,1,33,74117.13686667284,0.5,6.84069047071109,5070.123918802386,1
Candidate 4: Causal Regime-Aware Adaptive Sizing,1,34,76652.19882607403,0.5,-6.681807631696443,-5121.752471023746,0
Candidate 4: Causal Regime-Aware Adaptive Sizing,1,35,74091.32259056217,0.5,2.411460629715157,1786.6830743066587,1
Candidate 4: Causal Regime-Aware Adaptive Sizing,1,36,74984.66412771548,0.5,-0.7645094129531486,-573.2648155276878,0
Candidate 4: Causal Regime-Aware Adaptive Sizing,1,37,149396.0634399033,1.0,-0.5916398233442164,-883.8866058190572,0
Candidate 4: Causal Regime-Aware Adaptive Sizing,1,38,74256.08841704212,0.5,-2.776909204293383,-2062.024154001075,0
Candidate 4: Causal Regime-Aware Adaptive Sizing,1,39,73225.07634004159,0.5,-4.540090531458161,-3324.4847575672384,0
Candidate 4: Causal Regime-Aware Adaptive Sizing,1,40,71562.83396125797,0.5,-2.656288196194557,-1900.9151113752052,0
Candidate 4: Causal Regime-Aware Adaptive Sizing,1,41,70612.37640557037,0.5,4.279814694287953,3022.07886139152,1
Candidate 4: Causal Regime-Aware Adaptive Sizing,1,42,72123.41583626613,0.5,-4.509934335349579,-3252.7186946267216,0
Candidate 4: Causal Regime-Aware Adaptive Sizing,1,43,70497.05648895277,0.5,-2.5322175309012533,-1785.1388231826218,0
Candidate 4: Causal Regime-Aware Adaptive Sizing,1,44,69604.48707736147,0.5,-3.9564338235294123,-2753.855469422888,0
Candidate 4: Causal Regime-Aware Adaptive Sizing,1,45,68227.55934265003,0.5,-1.551697057428597,-1058.6850306752503,0
Candidate 4: Causal Regime-Aware Adaptive Sizing,1,46,67698.2168273124,0.5,2.972201175844479,2012.127196567124,1
Candidate 4: Causal Regime-Aware Adaptive Sizing,1,47,68704.28042559596,0.5,-0.005976470588235282,-4.106091112494433,0
Candidate 4: Causal Regime-Aware Adaptive Sizing,1,48,68702.22738003972,0.5,0.6326985217956629,434.67797707420647,1
Candidate 4: Causal Regime-Aware Adaptive Sizing,1,49,137839.13273715365,1.0,-10.11984675407841,-13949.109000150675,0
Candidate 4: Causal Regime-Aware Adaptive Sizing,1,50,61945.01186850149,0.5,2.102495257324124,1302.3909366841096,1
Candidate 4: Causal Regime-Aware Adaptive Sizing,1,51,62596.207336843545,0.5,5.021256852127383,3143.11635007312,1
Candidate 4: Causal Regime-Aware Adaptive Sizing,1,52,64167.765511880105,0.5,6.141345567082977,3940.764222760048,1
Candidate 4: Causal Regime-Aware Adaptive Sizing,1,53,132276.29524652025,1.0,-9.542520800101357,-12622.49298750268,0
Candidate 4: Causal Regime-Aware Adaptive Sizing,1,54,59826.901129508784,0.5,-12.56869689174037,-7519.461862689154,0
Candidate 4: Causal Regime-Aware Adaptive Sizing,1,55,56067.17019816421,0.5,3.81258821468163,2137.6103232807,1
Candidate 4: Causal Regime-Aware Adaptive Sizing,1,56,57135.975359804565,0.5,-2.3050546891450643,-1317.0154792199437,0
Candidate 4: Causal Regime-Aware Adaptive Sizing,1,57,56477.46762019459,0.5,-1.3176038937413788,-744.1493124502103,0
Candidate 4: Causal Regime-Aware Adaptive Sizing,1,58,56105.39296396948,0.5,-5.9892238465955625,-3360.277574624209,0
Candidate 4: Causal Regime-Aware Adaptive Sizing,1,59,54425.25417665738,0.5,9.651069834309965,5252.619288089904,1
Candidate 4: Causal Regime-Aware Adaptive Sizing,1,60,57051.56382070233,0.5,-1.7519192151314804,-999.4973091078839,0
Candidate 4: Causal Regime-Aware Adaptive Sizing,1,61,113103.63033229677,1.0,6.399704664399664,7238.298305981349,1
Candidate 4: Causal Regime-Aware Adaptive Sizing,1,62,120341.92863827813,1.0,-1.6401663791289929,-1973.807853520443,0
Candidate 4: Causal Regime-Aware Adaptive Sizing,1,63,118368.12078475769,1.0,3.521427168708525,4168.24716440418,1
Candidate 4: Causal Regime-Aware Adaptive Sizing,1,64,122536.36794916187,1.0,-10.682455526047297,-13089.893009402891,0
Candidate 4: Causal Regime-Aware Adaptive Sizing,1,65,54723.23746987949,0.5,-2.3377294850578503,-1279.2812575115984,0
Candidate 4: Causal Regime-Aware Adaptive Sizing,1,66,54083.59684112369,0.5,-6.091636991077376,-3294.5763912790458,0
Candidate 4: Causal Regime-Aware Adaptive Sizing,1,67,52436.30864548417,0.5,5.7894312801091266,3035.7640548562267,1
Candidate 4: Causal Regime-Aware Adaptive Sizing,1,68,53954.190672912286,0.5,0.006948598039237022,3.7490598351841875,1
Candidate 4: Causal Regime-Aware Adaptive Sizing,1,69,53956.06520282988,0.5,-3.2576704884807075,-1757.7108128579969,0
Candidate 4: Causal Regime-Aware Adaptive Sizing,1,70,53077.20979640088,0.5,-8.202820491485221,-4353.828241487773,0
Candidate 4: Causal Regime-Aware Adaptive Sizing,1,71,50900.29567565699,0.5,-11.20592945334961,-5703.851224960485,0
Candidate 4: Causal Regime-Aware Adaptive Sizing,1,72,48048.37006317675,0.5,-25.70537588065866,-12351.014129269453,0
Candidate 4: Causal Regime-Aware Adaptive Sizing,1,73,41872.86299854203,0.5,10.475277654474432,4386.298660974966,1
Candidate 4: Causal Regime-Aware Adaptive Sizing,1,74,44066.01232902951,0.5,-11.82557135995108,-5211.057733454226,0
Candidate 4: Causal Regime-Aware Adaptive Sizing,1,75,41460.48346230239,0.5,10.579570434526987,4386.341050389695,1
Candidate 4: Causal Regime-Aware Adaptive Sizing,1,76,43653.65398749724,0.5,-4.63920874332057,-2025.1841325668806,0
Candidate 4: Causal Regime-Aware Adaptive Sizing,1,77,42641.0619212138,0.5,0.8295298726738491,353.720346661822,1
Candidate 4: Causal Regime-Aware Adaptive Sizing,1,78,42817.92209454471,0.5,-3.745063135405295,-1603.5582157093527,0
Candidate 4: Causal Regime-Aware Adaptive Sizing,1,79,42016.14298669003,0.5,0.34269949717458076,143.9891107475396,1
Candidate 4: Causal Regime-Aware Adaptive Sizing,1,80,42088.1375420638,0.5,-3.6861012977972814,-1551.4113841567184,0
Candidate 4: Causal Regime-Aware Adaptive Sizing,1,81,41312.43184998544,0.5,-3.7468929391941304,-1547.9325919964915,0
Candidate 4: Causal Regime-Aware Adaptive Sizing,1,82,40538.4655539872,0.5,12.07477562794593,4894.928758656102,1
Candidate 4: Causal Regime-Aware Adaptive Sizing,1,83,42985.929933315245,0.5,16.144683158666968,6939.94219054033,1
Candidate 4: Causal Regime-Aware Adaptive Sizing,1,84,92911.80205717082,1.0,-3.448464649921998,-3204.030649547035,0
Candidate 4: Causal Regime-Aware Adaptive Sizing,1,85,89707.77140762379,1.0,2.397923445882338,2151.123683361943,1
Candidate 1: Baseline C59 (Fixed 100% Size),2,1,100000.0,1.0,19.451238510408547,19451.238510408548,1
Candidate 1: Baseline C59 (Fixed 100% Size),2,2,119451.23851040856,1.0,3.6290033594624864,4334.889458462274,1
Candidate 1: Baseline C59 (Fixed 100% Size),2,3,123786.12796887083,1.0,11.913880936333326,14747.731901908477,1
Candidate 1: Baseline C59 (Fixed 100% Size),2,4,138533.8598707793,1.0,3.5095659717647534,4861.937205397137,1
Candidate 1: Baseline C59 (Fixed 100% Size),2,5,143395.79707617644,1.0,10.926177914469601,15667.679910414836,1
Candidate 1: Baseline C59 (Fixed 100% Size),2,6,159063.47698659127,1.0,-3.2665294968244973,-5195.85539444165,0
Candidate 1: Baseline C59 (Fixed 100% Size),2,7,153867.6215921496,1.0,6.4104539699897085,9863.613056882696,1
Candidate 1: Baseline C59 (Fixed 100% Size),2,8,163731.2346490323,1.0,8.822994727895491,14445.998201002316,1
Candidate 1: Baseline C59 (Fixed 100% Size),2,9,178177.2328500346,1.0,8.020986077238508,14291.571039710114,1
Candidate 1: Baseline C59 (Fixed 100% Size),2,10,192468.8038897447,1.0,-2.874348577176781,-5532.224326114046,0
Candidate 1: Baseline C59 (Fixed 100% Size),2,11,186936.57956363066,1.0,11.441938976728816,21389.16935885473,1
Candidate 1: Baseline C59 (Fixed 100% Size),2,12,208325.7489224854,1.0,4.111776574398004,8565.889342633956,1
Candidate 1: Baseline C59 (Fixed 100% Size),2,13,216891.63826511934,1.0,7.765866192556342,16843.514410512496,1
Candidate 1: Baseline C59 (Fixed 100% Size),2,14,233735.15267563183,1.0,4.560158949550795,10658.694482984038,1
Candidate 1: Baseline C59 (Fixed 100% Size),2,15,244393.84715861588,1.0,7.6910838095179095,18796.53561027425,1
Candidate 1: Baseline C59 (Fixed 100% Size),2,16,263190.3827688901,1.0,-7.6317100250001255,-20085.92682660959,0
Candidate 1: Baseline C59 (Fixed 100% Size),2,17,243104.45594228053,1.0,-3.158714789326636,-7678.976403360871,0
Candidate 1: Baseline C59 (Fixed 100% Size),2,18,235425.47953891967,1.0,6.3843902356999855,15030.481328032654,1
Candidate 1: Baseline C59 (Fixed 100% Size),2,19,250455.96086695231,1.0,-1.7039274503014794,-4267.587868128331,0
Candidate 1: Baseline C59 (Fixed 100% Size),2,20,246188.372998824,1.0,6.737414700867698,16586.731634249772,1
Candidate 1: Baseline C59 (Fixed 100% Size),2,21,262775.1046330738,1.0,0.4796540109006687,1260.4113290209675,1
Candidate 1: Baseline C59 (Fixed 100% Size),2,22,264035.51596209477,1.0,2.5981003545395547,6859.907676321527,1
Candidate 1: Baseline C59 (Fixed 100% Size),2,23,270895.4236384163,1.0,2.5063217738196677,6789.510986930658,1
Candidate 1: Baseline C59 (Fixed 100% Size),2,24,277684.9346253469,1.0,8.333815677675341,23141.750616349684,1
Candidate 1: Baseline C59 (Fixed 100% Size),2,25,300826.6852416966,1.0,7.962635340977574,23953.7319541467,1
Candidate 1: Baseline C59 (Fixed 100% Size),2,26,324780.4171958433,1.0,8.08934900130149,26272.621434854766,1
Candidate 1: Baseline C59 (Fixed 100% Size),2,27,351053.03863069805,1.0,-4.166645210927392,-14627.134621921068,0
Candidate 1: Baseline C59 (Fixed 100% Size),2,28,336425.904008777,1.0,3.851290439720582,12956.73867783357,1
Candidate 1: Baseline C59 (Fixed 100% Size),2,29,349382.6426866106,1.0,-1.7743253217268475,-6199.1846989069645,0
Candidate 1: Baseline C59 (Fixed 100% Size),2,30,343183.4579877036,1.0,-1.3147455680513773,-4511.989304178794,0
Candidate 1: Baseline C59 (Fixed 100% Size),2,31,338671.4686835248,1.0,-5.209998729570956,-17644.779215830942,0
Candidate 1: Baseline C59 (Fixed 100% Size),2,32,321026.68946769385,1.0,-15.314953427030664,-49165.08798031567,0
Candidate 1: Baseline C59 (Fixed 100% Size),2,33,271861.6014873782,1.0,5.895517752965283,16027.648979184112,1
Candidate 1: Baseline C59 (Fixed 100% Size),2,34,287889.2504665623,1.0,1.6650986691142722,4793.6400780417825,1
Candidate 1: Baseline C59 (Fixed 100% Size),2,35,292682.89054460404,1.0,0.8128557780368393,2379.089787117052,1
Candidate 1: Baseline C59 (Fixed 100% Size),2,36,295061.9803317211,1.0,12.58445523343841,37131.942825742284,1
Candidate 1: Baseline C59 (Fixed 100% Size),2,37,332193.9231574634,1.0,1.842762430849356,6121.544813510314,1
Candidate 1: Baseline C59 (Fixed 100% Size),2,38,338315.4679709737,1.0,-3.6845881458603875,-12465.531628470593,0
Candidate 2: Confidence-Scaled Sizing (Platt Calibrated),2,1,50000.0,0.5,3.176068472521748,1588.0342362608742,1
Candidate 2: Confidence-Scaled Sizing (Platt Calibrated),2,2,101588.03423626086,1.0,-6.304712339251929,-6404.833329697013,0
Candidate 2: Confidence-Scaled Sizing (Platt Calibrated),2,3,47591.60045328193,0.5,-0.47692870195383236,-226.9780022808917,0
Candidate 2: Confidence-Scaled Sizing (Platt Calibrated),2,4,71217.16717821223,0.75,-0.25701534968228146,-183.03905125689715,0
Candidate 2: Confidence-Scaled Sizing (Platt Calibrated),2,5,71079.88788976955,0.75,22.217944448318804,15792.490005276284,1
Candidate 2: Confidence-Scaled Sizing (Platt Calibrated),2,6,55282.83692915118,0.5,13.332835907050116,7370.76993252583,1
Candidate 2: Confidence-Scaled Sizing (Platt Calibrated),2,7,88452.33284312114,0.75,-5.944813269342953,-5258.32601990126,0
Candidate 2: Confidence-Scaled Sizing (Platt Calibrated),2,8,28169.52944273173,0.25,4.882715728319955,1375.4380446939829,1
Candidate 2: Confidence-Scaled Sizing (Platt Calibrated),2,9,57026.77790781046,0.5,6.4291171740696385,3666.3183722895924,1
Candidate 2: Confidence-Scaled Sizing (Platt Calibrated),2,10,117719.87418791051,1.0,-5.028223588842249,-5919.218482671935,0
Candidate 2: Confidence-Scaled Sizing (Platt Calibrated),2,11,27950.163926309644,0.25,1.1940414771793493,333.7365502197573,1
Candidate 2: Confidence-Scaled Sizing (Platt Calibrated),2,12,28033.598063864585,0.25,9.671265942471269,2711.203821999821,1
Candidate 2: Confidence-Scaled Sizing (Platt Calibrated),2,13,114845.59607745816,1.0,-0.4781389564934598,-549.1215346634523,0
Candidate 2: Confidence-Scaled Sizing (Platt Calibrated),2,14,28574.118635698676,0.25,4.63405010835609,1324.1389755993923,1
Candidate 2: Confidence-Scaled Sizing (Platt Calibrated),2,15,115620.6135183941,1.0,3.922258818450578,4534.939709671874,1
Candidate 2: Confidence-Scaled Sizing (Platt Calibrated),2,16,120155.55322806597,1.0,3.7333693582967142,4485.850606508513,1
Candidate 2: Confidence-Scaled Sizing (Platt Calibrated),2,17,31160.35095864362,0.25,-3.650947811775931,-1137.6481514662994,0
Candidate 2: Confidence-Scaled Sizing (Platt Calibrated),2,18,30875.938920777044,0.25,1.5171973335634164,468.44892201869834,1
Candidate 2: Confidence-Scaled Sizing (Platt Calibrated),2,19,30993.051151281717,0.25,8.400729300883789,2603.6423293036237,1
Candidate 2: Confidence-Scaled Sizing (Platt Calibrated),2,20,126575.84693443049,1.0,-3.666993556793599,-4641.528151542494,0
Candidate 2: Confidence-Scaled Sizing (Platt Calibrated),2,21,60967.159391444,0.5,-6.252091040647029,-3811.722310049464,0
Candidate 2: Confidence-Scaled Sizing (Platt Calibrated),2,22,88591.94735462891,0.75,-6.928610761395449,-6138.191198142608,0
Candidate 2: Confidence-Scaled Sizing (Platt Calibrated),2,23,27996.101318673984,0.25,-0.770062628024962,-215.5875135591119,0
Candidate 2: Confidence-Scaled Sizing (Platt Calibrated),2,24,55884.40888056841,0.5,2.954905022628144,1651.3312048779644,1
Candidate 2: Confidence-Scaled Sizing (Platt Calibrated),2,25,85065.11172451108,0.75,0.33268802864221336,283.00144325857224,1
Candidate 2: Confidence-Scaled Sizing (Platt Calibrated),2,26,28425.787602318338,0.25,8.503646426351473,2417.2284716068034,1
Candidate 2: Confidence-Scaled Sizing (Platt Calibrated),2,27,87090.28416066011,0.75,3.9435952260192497,3434.488288486391,1
Candidate 2: Confidence-Scaled Sizing (Platt Calibrated),2,28,119554.86716936655,1.0,-0.7600430559115003,-908.6684659249886,0
Candidate 2: Confidence-Scaled Sizing (Platt Calibrated),2,29,118646.19870344157,1.0,-3.3018878029562138,-3917.5643636601308,0
Candidate 2: Confidence-Scaled Sizing (Platt Calibrated),2,30,86046.47575483608,0.75,11.415922066519796,9822.998613158938,1
Candidate 2: Confidence-Scaled Sizing (Platt Calibrated),2,31,124551.63295294037,1.0,-0.4874744113973579,-607.1573396231438,0
Candidate 2: Confidence-Scaled Sizing (Platt Calibrated),2,32,92958.35670998793,0.75,1.7397790055248614,1617.2699739212815,1
Candidate 2: Confidence-Scaled Sizing (Platt Calibrated),2,33,94171.30919042889,0.75,8.302662864440128,7818.7263171108325,1
Candidate 2: Confidence-Scaled Sizing (Platt Calibrated),2,34,133380.47190434934,1.0,-2.907837823859102,-3878.487811676433,0
Candidate 2: Confidence-Scaled Sizing (Platt Calibrated),2,35,64750.992046336454,0.5,0.3475988623635355,225.07371172216887,1
Candidate 2: Confidence-Scaled Sizing (Platt Calibrated),2,36,97295.2933532963,0.75,6.421675642803268,6247.988154862616,1
Candidate 2: Confidence-Scaled Sizing (Platt Calibrated),2,37,135975.0459592577,1.0,-4.269941695677911,-5806.055183131547,0
Candidate 2: Confidence-Scaled Sizing (Platt Calibrated),2,38,32542.247694031536,0.25,5.480054218370629,1783.3328175093939,1
Candidate 2: Confidence-Scaled Sizing (Platt Calibrated),2,39,98964.24269522664,0.75,-9.149639167939293,-9054.871111896957,0
Candidate 2: Confidence-Scaled Sizing (Platt Calibrated),2,40,30724.363120434642,0.25,1.7749654576634137,545.3468324747918,1
Candidate 2: Confidence-Scaled Sizing (Platt Calibrated),2,41,30860.69982855334,0.25,-1.2249492771234054,-378.02791946508813,0
Candidate 2: Confidence-Scaled Sizing (Platt Calibrated),2,42,30766.19284868707,0.25,1.93431503048004,595.1150925786292,1
Candidate 2: Confidence-Scaled Sizing (Platt Calibrated),2,43,61829.94324366345,0.5,6.16404034849055,3811.222648988222,1
Candidate 2: Confidence-Scaled Sizing (Platt Calibrated),2,44,95603.33185223634,0.75,-3.769572937492352,-3603.837324842907,0
Candidate 2: Confidence-Scaled Sizing (Platt Calibrated),2,45,30966.817952868052,0.25,-2.046989309757314,-633.8874530672177,0
Candidate 2: Confidence-Scaled Sizing (Platt Calibrated),2,46,61616.692179202495,0.5,-3.8199136618201965,-2353.7044425150525,0
Candidate 2: Confidence-Scaled Sizing (Platt Calibrated),2,47,30219.919978972484,0.25,0.425291057495373,128.5226172528276,1
Candidate 2: Confidence-Scaled Sizing (Platt Calibrated),2,48,30252.050633285693,0.25,-1.5466994896296964,-467.90831274754714,0
Candidate 2: Confidence-Scaled Sizing (Platt Calibrated),2,49,30135.073555098807,0.25,-14.303629265291349,-4310.409200144187,0
Candidate 2: Confidence-Scaled Sizing (Platt Calibrated),2,50,58114.94251012552,0.5,-3.5161184728960917,-2043.390229111467,0
Candidate 2: Confidence-Scaled Sizing (Platt Calibrated),2,51,57093.247395569786,0.5,3.6105099851946076,2061.3573980889073,1
Candidate 2: Confidence-Scaled Sizing (Platt Calibrated),2,52,58123.92609461424,0.5,1.0401795536996983,604.5931950437008,1
Candidate 2: Confidence-Scaled Sizing (Platt Calibrated),2,53,29213.111346068043,0.25,4.299023308946004,1255.8784660358149,1
Candidate 2: Confidence-Scaled Sizing (Platt Calibrated),2,54,88581.242887731,0.75,5.447605335417467,4825.55651373114,1
Candidate 2: Confidence-Scaled Sizing (Platt Calibrated),2,55,61466.94018201956,0.5,2.6051608191471667,1601.3126423505998,1
Candidate 2: Confidence-Scaled Sizing (Platt Calibrated),2,56,93401.39475479229,0.75,-3.6324462537428923,-3392.755464714063,0
Candidate 2: Confidence-Scaled Sizing (Platt Calibrated),2,57,60571.218770837826,0.5,5.895517752965284,3570.9869558221844,1
Candidate 2: Confidence-Scaled Sizing (Platt Calibrated),2,58,124713.42449749784,1.0,-1.5193022223506871,-1894.7738299601308,0
Candidate 2: Confidence-Scaled Sizing (Platt Calibrated),2,59,30704.662666884426,0.25,-6.630304058447985,-2035.8124949352014,0
Candidate 2: Confidence-Scaled Sizing (Platt Calibrated),2,60,30195.709543150624,0.25,2.2922634123877503,692.1652019685181,1
Candidate 2: Confidence-Scaled Sizing (Platt Calibrated),2,61,60737.50168728551,0.5,10.139352482186027,6158.389384947563,1
Candidate 2: Confidence-Scaled Sizing (Platt Calibrated),2,62,127633.39275951858,1.0,-0.030713258348277175,-39.20037365690224,0
Candidate 2: Confidence-Scaled Sizing (Platt Calibrated),2,63,31898.54809646542,0.25,-6.35468842225291,-2027.053342752864,0
Candidate 2: Confidence-Scaled Sizing (Platt Calibrated),2,64,31391.784760777206,0.25,16.054707643917023,5039.859267550478,1
Candidate 2: Confidence-Scaled Sizing (Platt Calibrated),2,65,130606.99831065931,1.0,-3.556786396555658,-4645.411948863208,0
Candidate 2: Confidence-Scaled Sizing (Platt Calibrated),2,66,31490.396590449025,0.25,0.5938912401377506,187.01870683531365,1
Candidate 2: Confidence-Scaled Sizing (Platt Calibrated),2,67,94611.45380147356,0.75,0.28637365313808316,270.9422765383297,1
Candidate 2: Confidence-Scaled Sizing (Platt Calibrated),2,68,63209.77367258487,0.5,-1.913331695838225,-1209.412634545172,0
Candidate 2: Confidence-Scaled Sizing (Platt Calibrated),2,69,31302.533677656145,0.25,-2.0269949687765174,-634.500782745665,0
Candidate 2: Confidence-Scaled Sizing (Platt Calibrated),2,70,31143.90848196973,0.25,4.363825007785681,1359.0656667380808,1
Candidate 2: Confidence-Scaled Sizing (Platt Calibrated),2,71,125934.699594617,1.0,5.429402985074627,6837.5023390349,1
Candidate 2: Confidence-Scaled Sizing (Platt Calibrated),2,72,132772.2019336519,1.0,2.9874416497320353,3966.4920598322396,1
Candidate 2: Confidence-Scaled Sizing (Platt Calibrated),2,73,136738.69399348414,1.0,-6.760476356892162,-9244.187078152618,0
Candidate 3: Risk-Normalized Sizing (Isotonic Calibrated),2,1,25000.0,0.25,3.176068472521748,794.0171181304371,1
Candidate 3: Risk-Normalized Sizing (Isotonic Calibrated),2,2,25198.504279532608,0.25,9.29204082783404,2341.455305657678,1
Candidate 3: Risk-Normalized Sizing (Isotonic Calibrated),2,3,25783.868105947025,0.25,8.399867196989371,2165.810679146449,1
Candidate 3: Risk-Normalized Sizing (Isotonic Calibrated),2,4,26325.32077573364,0.25,3.852619250866192,1014.2143760581913,1
Candidate 3: Risk-Normalized Sizing (Isotonic Calibrated),2,5,26578.874369748188,0.25,2.8230159110207964,750.3258524282197,1
Candidate 3: Risk-Normalized Sizing (Isotonic Calibrated),2,6,26766.455832855245,0.25,20.709355422685725,5543.160472482187,1
Candidate 3: Risk-Normalized Sizing (Isotonic Calibrated),2,7,28152.24595097579,0.25,-3.266529496824497,-919.6014180072043,0
Candidate 3: Risk-Normalized Sizing (Isotonic Calibrated),2,8,27922.345596473988,0.25,6.4104539699897085,1789.9491118034132,1
Candidate 3: Risk-Normalized Sizing (Isotonic Calibrated),2,9,28369.832874424843,0.25,9.12902380811321,2589.888797428172,1
Candidate 3: Risk-Normalized Sizing (Isotonic Calibrated),2,10,29017.305073781885,0.25,-1.188461716702539,-344.85956202068115,0
Candidate 3: Risk-Normalized Sizing (Isotonic Calibrated),2,11,28931.090183276716,0.25,9.021676042198928,2610.0692318116417,1
Candidate 3: Risk-Normalized Sizing (Isotonic Calibrated),2,12,29583.607491229628,0.25,11.34578492338042,3356.4924785319718,1
Candidate 3: Risk-Normalized Sizing (Isotonic Calibrated),2,13,30422.73061086262,0.25,5.212001307642581,1585.6331172587395,1
Candidate 3: Risk-Normalized Sizing (Isotonic Calibrated),2,14,30819.138890177306,0.25,4.894299674070007,1508.3810142531308,1
Candidate 3: Risk-Normalized Sizing (Isotonic Calibrated),2,15,31196.23414374059,0.25,7.765866192556342,2422.657800719469,1
Candidate 3: Risk-Normalized Sizing (Isotonic Calibrated),2,16,31801.898593920458,0.25,-6.212096658332232,-1975.5646798391379,0
Candidate 3: Risk-Normalized Sizing (Isotonic Calibrated),2,17,31308.007423960673,0.25,4.560158949550795,1427.6949024697699,1
Candidate 3: Risk-Normalized Sizing (Isotonic Calibrated),2,18,31664.931149578115,0.25,2.2529802872696885,713.4046567775141,1
Candidate 3: Risk-Normalized Sizing (Isotonic Calibrated),2,19,31843.28231377249,0.25,4.308569800088662,1371.9900451281758,1
Candidate 3: Risk-Normalized Sizing (Isotonic Calibrated),2,20,32186.27982505454,0.25,-0.3023123503925022,-97.30309904303012,0
Candidate 3: Risk-Normalized Sizing (Isotonic Calibrated),2,21,32161.954050293778,0.25,4.434615384615384,1426.2589623072586,1
Candidate 3: Risk-Normalized Sizing (Isotonic Calibrated),2,22,32518.518790870592,0.25,2.9549050226281435,960.8913450357118,1
Candidate 3: Risk-Normalized Sizing (Isotonic Calibrated),2,23,32758.741627129522,0.25,0.3326880286422134,108.98441172729336,1
Candidate 3: Risk-Normalized Sizing (Isotonic Calibrated),2,24,32785.987730061344,0.25,8.503646426351473,2788.0044739513937,1
Candidate 3: Risk-Normalized Sizing (Isotonic Calibrated),2,25,33482.98884854919,0.25,3.943595226019249,1320.4335497599434,1
Candidate 3: Risk-Normalized Sizing (Isotonic Calibrated),2,26,33813.097235989175,0.25,0.39100843530269996,132.21206242982174,1
Candidate 3: Risk-Normalized Sizing (Isotonic Calibrated),2,27,33846.15025159663,0.25,-3.7386873750472103,-1265.4017463959526,0
Candidate 3: Risk-Normalized Sizing (Isotonic Calibrated),2,28,33529.79981499764,0.25,7.226117654014046,2422.9027837871135,1
Candidate 3: Risk-Normalized Sizing (Isotonic Calibrated),2,29,34135.52551094442,0.25,2.5063217738196673,855.5461084885671,1
Candidate 3: Risk-Normalized Sizing (Isotonic Calibrated),2,30,34349.412038066555,0.25,13.283342923120092,4562.750193091875,1
Candidate 3: Risk-Normalized Sizing (Isotonic Calibrated),2,31,35490.09958633952,0.25,1.4773229869752063,524.3033992893863,1
Candidate 3: Risk-Normalized Sizing (Isotonic Calibrated),2,32,35621.175436161866,0.25,-1.7419347264616105,-620.4976248963166,0
Candidate 3: Risk-Normalized Sizing (Isotonic Calibrated),2,33,35466.051029937786,0.25,2.5376103499306217,899.9901816473772,1
Candidate 3: Risk-Normalized Sizing (Isotonic Calibrated),2,34,38381.76648443198,0.26884728816107634,5.932555771864356,2277.0197029156684,1
Candidate 3: Risk-Normalized Sizing (Isotonic Calibrated),2,35,36260.30350107855,0.25,-6.737188823471513,-2442.925114831514,0
Candidate 3: Risk-Normalized Sizing (Isotonic Calibrated),2,36,35649.572222370676,0.25,1.1120144596525112,396.42839791702704,1
Candidate 3: Risk-Normalized Sizing (Isotonic Calibrated),2,37,35748.67932184993,0.25,-5.628324159912008,-2012.0515551211477,0
Candidate 3: Risk-Normalized Sizing (Isotonic Calibrated),2,38,35245.666433069644,0.25,14.68296646865436,5175.109384021381,1
Candidate 3: Risk-Normalized Sizing (Isotonic Calibrated),2,39,36539.44377907499,0.25,-2.0622703669902127,-753.5421213189121,0
Candidate 3: Risk-Normalized Sizing (Isotonic Calibrated),2,40,36351.058248745256,0.25,-5.295778110744684,-1925.071385761101,0
Candidate 3: Risk-Normalized Sizing (Isotonic Calibrated),2,41,35869.79040230498,0.25,2.0565999550258605,737.6980932816746,1
Candidate 3: Risk-Normalized Sizing (Isotonic Calibrated),2,42,36054.2149256254,0.25,4.3507484578781925,1568.628199876736,1
Candidate 3: Risk-Normalized Sizing (Isotonic Calibrated),2,43,36446.371975594586,0.25,-7.623970788322039,-2778.6607528225213,0
Candidate 3: Risk-Normalized Sizing (Isotonic Calibrated),2,44,35751.70678738896,0.25,8.906483535975246,3184.2198788489422,1
Candidate 3: Risk-Normalized Sizing (Isotonic Calibrated),2,45,36547.761757101194,0.25,-6.2273203540784134,-2275.946206860049,0
Candidate 3: Risk-Normalized Sizing (Isotonic Calibrated),2,46,35978.775205386184,0.25,-6.750310706311479,-2428.6791146889236,0
Candidate 3: Risk-Normalized Sizing (Isotonic Calibrated),2,47,35371.605426713955,0.25,-2.459999062632083,-870.1411619350823,0
Candidate 3: Risk-Normalized Sizing (Isotonic Calibrated),2,48,35154.070136230184,0.25,-1.2331348885380709,-433.49710359099737,0
Candidate 3: Risk-Normalized Sizing (Isotonic Calibrated),2,49,35045.69586033244,0.25,1.3121348237828336,459.8467796204409,1
Candidate 3: Risk-Normalized Sizing (Isotonic Calibrated),2,50,35160.65755523755,0.25,4.641722620977078,1632.0601954257475,1
Candidate 3: Risk-Normalized Sizing (Isotonic Calibrated),2,51,35568.67260409398,0.25,-6.02686787005761,-2143.6769009821237,0
Candidate 3: Risk-Normalized Sizing (Isotonic Calibrated),2,52,35032.75337884845,0.25,0.9123809927452715,319.63218306394015,1
Candidate 3: Risk-Normalized Sizing (Isotonic Calibrated),2,53,35112.66142461443,0.25,1.6608534895449,583.1698625427948,1
Candidate 3: Risk-Normalized Sizing (Isotonic Calibrated),2,54,35258.45389025013,0.25,-8.321288500059994,-2933.9576688683396,0
Candidate 3: Risk-Normalized Sizing (Isotonic Calibrated),2,55,34524.96447303305,0.25,3.2663214399726725,1127.6963167256267,1
Candidate 3: Risk-Normalized Sizing (Isotonic Calibrated),2,56,34806.888552214456,0.25,-5.964253160213213,-2075.9709504473417,0
Candidate 3: Risk-Normalized Sizing (Isotonic Calibrated),2,57,34287.89581460262,0.25,0.8128557780368393,278.71114229624897,1
Candidate 3: Risk-Normalized Sizing (Isotonic Calibrated),2,58,34357.573600176685,0.25,-8.18903087466637,-2813.5523099046904,0
Candidate 3: Risk-Normalized Sizing (Isotonic Calibrated),2,59,33654.185522700514,0.25,5.146445278874441,1731.994241976666,1
Candidate 3: Risk-Normalized Sizing (Isotonic Calibrated),2,60,34087.18408319468,0.25,-0.9996792924666116,-340.762520664672,0
Candidate 3: Risk-Normalized Sizing (Isotonic Calibrated),2,61,34001.99345302852,0.25,0.6932066601945609,235.7040832153122,1
Candidate 3: Risk-Normalized Sizing (Isotonic Calibrated),2,62,34060.91947383234,0.25,-0.39561525086161387,-134.75019202217413,0
Candidate 3: Risk-Normalized Sizing (Isotonic Calibrated),2,63,34027.231925826796,0.25,0.829533810256492,282.2673935191245,1
Candidate 3: Risk-Normalized Sizing (Isotonic Calibrated),2,64,34097.798774206574,0.25,-3.6845881458603875,-1256.363451633744,0
Candidate 3: Risk-Normalized Sizing (Isotonic Calibrated),2,65,33783.70791129814,0.25,5.789879704256025,1956.0360477013878,1
Candidate 3: Risk-Normalized Sizing (Isotonic Calibrated),2,66,34272.71692322348,0.25,4.721871473528086,1618.3136436007223,1
Candidate 3: Risk-Normalized Sizing (Isotonic Calibrated),2,67,34677.29533412366,0.25,-5.319166210202869,-1844.5429760249617,0
Candidate 4: Causal Regime-Aware Adaptive Sizing,2,1,100000.0,1.0,3.176068472521748,3176.0684725217484,1
Candidate 4: Causal Regime-Aware Adaptive Sizing,2,2,103176.06847252174,1.0,-6.304712339251928,-6504.954320142097,0
Candidate 4: Causal Regime-Aware Adaptive Sizing,2,3,96671.11415237965,1.0,-0.47692870195383236,-461.05228989125186,0
Candidate 4: Causal Regime-Aware Adaptive Sizing,2,4,96210.06186248841,1.0,-0.25701534968228146,-247.27462692541388,0
Candidate 4: Causal Regime-Aware Adaptive Sizing,2,5,95962.787235563,1.0,22.217944448318804,21320.958759055753,1
Candidate 4: Causal Regime-Aware Adaptive Sizing,2,6,117283.74599461874,1.0,13.332835907050116,15637.249399103981,1
Candidate 4: Causal Regime-Aware Adaptive Sizing,2,7,132920.99539372273,1.0,-5.944813269342952,-7901.904971908763,0
Candidate 4: Causal Regime-Aware Adaptive Sizing,2,8,125019.09042181396,1.0,4.882715728319955,6104.326791428456,1
Candidate 4: Causal Regime-Aware Adaptive Sizing,2,9,131123.4172132424,1.0,6.42911717406964,8430.078135283555,1
Candidate 4: Causal Regime-Aware Adaptive Sizing,2,10,139553.49534852596,1.0,-5.028223588842249,-7017.061772168453,0
Candidate 4: Causal Regime-Aware Adaptive Sizing,2,11,132536.43357635752,1.0,1.1940414771793495,1582.5399892759667,1
Candidate 4: Causal Regime-Aware Adaptive Sizing,2,12,134118.9735656335,1.0,9.67126594247127,12971.002612845157,1
Candidate 4: Causal Regime-Aware Adaptive Sizing,2,13,147089.97617847865,1.0,-0.4781389564934597,-703.2944772062563,0
Candidate 4: Causal Regime-Aware Adaptive Sizing,2,14,146386.6817012724,1.0,4.634050108356089,6783.632181996697,1
Candidate 4: Causal Regime-Aware Adaptive Sizing,2,15,153170.3138832691,1.0,3.9222588184505796,6007.736143534954,1
Candidate 4: Causal Regime-Aware Adaptive Sizing,2,16,159178.05002680403,1.0,3.7333693582967147,5942.704544834917,1
Candidate 4: Causal Regime-Aware Adaptive Sizing,2,17,165120.75457163894,1.0,-3.650947811775931,-6028.472575821157,0
Candidate 4: Causal Regime-Aware Adaptive Sizing,2,18,159092.2819958178,1.0,1.5171973335634164,2413.7438603457385,1
Candidate 4: Causal Regime-Aware Adaptive Sizing,2,19,161506.02585616353,1.0,8.400729300883789,13567.684036791677,1
Candidate 4: Causal Regime-Aware Adaptive Sizing,2,20,175073.7098929552,1.0,-3.666993556793597,-6419.941661414182,0
Candidate 4: Causal Regime-Aware Adaptive Sizing,2,21,168653.768231541,1.0,-6.252091040647027,-10544.387133317778,0
Candidate 4: Causal Regime-Aware Adaptive Sizing,2,22,79054.69054911162,0.5,-6.928610761395449,-5477.391796773618,0
Candidate 4: Causal Regime-Aware Adaptive Sizing,2,23,76315.99465072481,0.5,-0.7700626280249618,-587.6809540107607,0
Candidate 4: Causal Regime-Aware Adaptive Sizing,2,24,76022.15417371943,0.5,2.9549050226281435,2246.3824519893465,1
Candidate 4: Causal Regime-Aware Adaptive Sizing,2,25,154290.6907994282,1.0,0.33268802864221336,513.3066575990706,1
Candidate 4: Causal Regime-Aware Adaptive Sizing,2,26,154803.9974570273,1.0,8.503646426351475,13163.984597603729,1
Candidate 4: Causal Regime-Aware Adaptive Sizing,2,27,167967.98205463102,1.0,3.94359522601925,6623.9773215473,1
Candidate 4: Causal Regime-Aware Adaptive Sizing,2,28,174591.95937617833,1.0,-0.7600430559115002,-1326.974063418471,0
Candidate 4: Causal Regime-Aware Adaptive Sizing,2,29,173264.98531275988,1.0,-3.3018878029562133,-5721.015416835893,0
Candidate 4: Causal Regime-Aware Adaptive Sizing,2,30,167543.96989592398,1.0,11.415922066519794,19126.689030472065,1
Candidate 4: Causal Regime-Aware Adaptive Sizing,2,31,186670.65892639605,1.0,-0.4874744113973579,-909.9716958530187,0
Candidate 4: Causal Regime-Aware Adaptive Sizing,2,32,185760.68723054303,1.0,1.7397790055248619,3231.8254369556903,1
Candidate 4: Causal Regime-Aware Adaptive Sizing,2,33,188992.51266749873,1.0,8.302662864440128,15691.411165816722,1
Candidate 4: Causal Regime-Aware Adaptive Sizing,2,34,204683.92383331544,1.0,-2.907837823859103,-5951.876556584103,0
Candidate 4: Causal Regime-Aware Adaptive Sizing,2,35,198732.04727673132,1.0,0.34759886236353543,690.7903354856815,1
Candidate 4: Causal Regime-Aware Adaptive Sizing,2,36,199422.837612217,1.0,6.421675642803269,12806.287789130856,1
Candidate 4: Causal Regime-Aware Adaptive Sizing,2,37,212229.12540134785,1.0,-4.269941695677911,-9062.059915884713,0
Candidate 4: Causal Regime-Aware Adaptive Sizing,2,38,203167.06548546313,1.0,5.480054218370629,11133.66534247594,1
Candidate 4: Causal Regime-Aware Adaptive Sizing,2,39,214300.73082793906,1.0,-9.149639167939293,-19607.743605013267,0
Candidate 4: Causal Regime-Aware Adaptive Sizing,2,40,97346.4936114629,0.5,1.7749654576634133,1727.8666358499877,1
Candidate 4: Causal Regime-Aware Adaptive Sizing,2,41,98210.42692938789,0.5,-1.2249492771234052,-1203.027914731347,0
Candidate 4: Causal Regime-Aware Adaptive Sizing,2,42,97608.91297202223,0.5,1.9343150304800396,1888.0638747060073,1
Candidate 4: Causal Regime-Aware Adaptive Sizing,2,43,98552.94490937522,0.5,6.16404034849055,6074.843288839552,1
Candidate 4: Causal Regime-Aware Adaptive Sizing,2,44,203180.73310759,1.0,-3.769572937492352,-7659.0459294222765,0
Candidate 4: Causal Regime-Aware Adaptive Sizing,2,45,195521.68717816772,1.0,-2.046989309757314,-4002.30803479423,0
Candidate 4: Causal Regime-Aware Adaptive Sizing,2,46,95759.68957168674,0.5,-3.819913661820197,-3657.937464465472,0
Candidate 4: Causal Regime-Aware Adaptive Sizing,2,47,93930.720839454,0.5,0.425291057495373,399.47895597114064,1
Candidate 4: Causal Regime-Aware Adaptive Sizing,2,48,188260.92063487915,1.0,-1.5466994896296962,-2911.830698631843,0
Candidate 4: Causal Regime-Aware Adaptive Sizing,2,49,92674.54496812365,0.5,-14.30362926529135,-13255.823335536128,0
Candidate 4: Causal Regime-Aware Adaptive Sizing,2,50,86046.63330035558,0.5,-3.5161184728960926,-3025.501568778963,0
Candidate 4: Causal Regime-Aware Adaptive Sizing,2,51,84533.8825159661,0.5,3.6105099851946076,3052.104269111635,1
Candidate 4: Causal Regime-Aware Adaptive Sizing,2,52,86059.93465052193,0.5,1.0401795536996983,895.177844162051,1
Candidate 4: Causal Regime-Aware Adaptive Sizing,2,53,86507.52357260295,0.5,4.299023308946006,3718.9786023781608,1
Candidate 4: Causal Regime-Aware Adaptive Sizing,2,54,176734.02574758406,1.0,5.447605335417468,9627.77221612347,1
Candidate 4: Causal Regime-Aware Adaptive Sizing,2,55,186361.79796370753,1.0,2.6051608191471667,4855.024542408711,1
Candidate 4: Causal Regime-Aware Adaptive Sizing,2,56,191216.82250611624,1.0,-3.6324462537428928,-6945.848305649616,0
Candidate 4: Causal Regime-Aware Adaptive Sizing,2,57,184270.97420046662,1.0,5.895517752965286,10863.72799755059,1
Candidate 4: Causal Regime-Aware Adaptive Sizing,2,58,195134.7021980172,1.0,-1.5193022223506871,-2964.6858670718707,0
Candidate 4: Causal Regime-Aware Adaptive Sizing,2,59,192170.01633094533,1.0,-6.630304058447985,-12741.456391910822,0
Candidate 4: Causal Regime-Aware Adaptive Sizing,2,60,89714.27996951726,0.5,2.2922634123877503,2056.487615428356,1
Candidate 4: Causal Regime-Aware Adaptive Sizing,2,61,90742.52377723143,0.5,10.139352482186025,9200.704337004958,1
Candidate 4: Causal Regime-Aware Adaptive Sizing,2,62,95342.8759457339,0.5,-0.03071325834827716,-29.282903805890655,0
Candidate 4: Causal Regime-Aware Adaptive Sizing,2,63,95328.23449383097,0.5,-6.354688422252909,-6057.812280517581,0
Candidate 4: Causal Regime-Aware Adaptive Sizing,2,64,92299.32835357217,0.5,16.054707643917023,14818.387324465024,1
Candidate 4: Causal Regime-Aware Adaptive Sizing,2,65,99708.52201580469,0.5,-3.556786396555658,-3546.419147264844,0
Candidate 4: Causal Regime-Aware Adaptive Sizing,2,66,195870.62488434452,1.0,0.5938912401377507,1163.2584831911954,1
Candidate 4: Causal Regime-Aware Adaptive Sizing,2,67,197033.88336753572,1.0,0.2863736531380831,564.253129719442,1
Candidate 4: Causal Regime-Aware Adaptive Sizing,2,68,197598.13649725515,1.0,-1.9133316958382254,-3780.707775987663,0
Candidate 4: Causal Regime-Aware Adaptive Sizing,2,69,193817.4287212675,1.0,-2.026994968776517,-3928.6695287921043,0
Candidate 4: Causal Regime-Aware Adaptive Sizing,2,70,94944.37959623769,0.5,4.36382500778568,4143.206580307585,1
Candidate 4: Causal Regime-Aware Adaptive Sizing,2,71,97015.98288639149,0.5,5.429402985074627,5267.388670833228,1
Candidate 4: Causal Regime-Aware Adaptive Sizing,2,72,199299.3544436162,1.0,2.9874416497320353,5953.951922295664,1
Candidate 4: Causal Regime-Aware Adaptive Sizing,2,73,205253.30636591188,1.0,-6.760476356892162,-13876.101248606907,0
Candidate 1: Baseline C59 (Fixed 100% Size),3,1,100000.0,1.0,-1.4602118003025721,-1460.211800302572,0
Candidate 1: Baseline C59 (Fixed 100% Size),3,2,98539.78819969743,1.0,-1.1955328818479196,-1178.075569630679,0
Candidate 1: Baseline C59 (Fixed 100% Size),3,3,97361.71263006676,1.0,1.432289551926549,1394.5016375771975,1
Candidate 1: Baseline C59 (Fixed 100% Size),3,4,98756.21426764395,1.0,2.2416586763165234,2213.777245532377,1
Candidate 1: Baseline C59 (Fixed 100% Size),3,5,100969.99151317633,1.0,2.586463441087238,2611.5519169571926,1
Candidate 1: Baseline C59 (Fixed 100% Size),3,6,103581.54343013352,1.0,1.2253412805229764,1269.2274106522611,1
Candidate 1: Baseline C59 (Fixed 100% Size),3,7,104850.77084078579,1.0,4.362174605540603,4573.773699330329,1
Candidate 1: Baseline C59 (Fixed 100% Size),3,8,109424.54454011611,1.0,6.017770477866667,6584.917936875169,1
Candidate 1: Baseline C59 (Fixed 100% Size),3,9,116009.46247699128,1.0,-2.715462535782946,-3150.193491525873,0
Candidate 1: Baseline C59 (Fixed 100% Size),3,10,112859.2689854654,1.0,3.7945892688965017,4282.545709877508,1
Candidate 1: Baseline C59 (Fixed 100% Size),3,11,117141.81469534291,1.0,-0.9280415450243227,-1087.1247069681895,0
Candidate 1: Baseline C59 (Fixed 100% Size),3,12,116054.68998837472,1.0,3.0960536243014194,3593.115435556852,1
Candidate 1: Baseline C59 (Fixed 100% Size),3,13,119647.80542393158,1.0,4.764761257588484,5700.932278394344,1
Candidate 1: Baseline C59 (Fixed 100% Size),3,14,125348.73770232593,1.0,15.128936161178366,18963.930505827808,1
Candidate 1: Baseline C59 (Fixed 100% Size),3,15,144312.66820815374,1.0,3.985627437289088,5751.765299588143,1
Candidate 1: Baseline C59 (Fixed 100% Size),3,16,150064.4335077419,1.0,-1.1772937585812806,-1766.699209537001,0
Candidate 1: Baseline C59 (Fixed 100% Size),3,17,148297.7342982049,1.0,-1.422472575134336,-2109.4945999375504,0
Candidate 1: Baseline C59 (Fixed 100% Size),3,18,146188.23969826734,1.0,0.08649803664280162,126.44995714167395,1
Candidate 1: Baseline C59 (Fixed 100% Size),3,19,146314.68965540902,1.0,-0.3908601907177768,-571.8858750352549,0
Candidate 1: Baseline C59 (Fixed 100% Size),3,20,145742.80378037377,1.0,2.2780250158604725,3320.057528933357,1
Candidate 1: Baseline C59 (Fixed 100% Size),3,21,149062.86130930713,1.0,-3.692143727989164,-5503.61508459277,0
Candidate 1: Baseline C59 (Fixed 100% Size),3,22,143559.24622471436,1.0,6.998503385693311,10046.99870751243,1
Candidate 1: Baseline C59 (Fixed 100% Size),3,23,153606.24493222678,1.0,-8.49683291589908,-13051.665980278009,0
Candidate 1: Baseline C59 (Fixed 100% Size),3,24,140554.57895194876,1.0,4.327499368126341,6082.498516018222,1
Candidate 1: Baseline C59 (Fixed 100% Size),3,25,146637.07746796697,1.0,7.1596083957921675,10498.640509740828,1
Candidate 1: Baseline C59 (Fixed 100% Size),3,26,157135.7179777078,1.0,-1.3694609086000935,-2151.9122311527976,0
Candidate 1: Baseline C59 (Fixed 100% Size),3,27,154983.805746555,1.0,1.567740772082173,2429.744312813377,1
Candidate 1: Baseline C59 (Fixed 100% Size),3,28,157413.5500593684,1.0,2.1821155942220694,3434.945623264041,1
Candidate 1: Baseline C59 (Fixed 100% Size),3,29,160848.49568263243,1.0,5.041083306406943,8108.5066644638755,1
Candidate 1: Baseline C59 (Fixed 100% Size),3,30,168957.0023470963,1.0,-4.141312660980353,-6997.037729813172,0
Candidate 1: Baseline C59 (Fixed 100% Size),3,31,161959.96461728314,1.0,5.56063813272211,9006.007552251882,1
Candidate 1: Baseline C59 (Fixed 100% Size),3,32,170965.97216953503,1.0,0.17045077304042838,291.4128211990561,1
Candidate 1: Baseline C59 (Fixed 100% Size),3,33,171257.38499073408,1.0,1.4639823053513386,2507.177812871766,1
Candidate 1: Baseline C59 (Fixed 100% Size),3,34,173764.56280360583,1.0,-1.630433074732397,-2833.1149041141375,0
Candidate 1: Baseline C59 (Fixed 100% Size),3,35,170931.4478994917,1.0,-1.6070290234469307,-2746.9179779429005,0
Candidate 1: Baseline C59 (Fixed 100% Size),3,36,168184.5299215488,1.0,-0.609380892635225,-1024.884389710291,0
Candidate 1: Baseline C59 (Fixed 100% Size),3,37,167159.6455318385,1.0,0.368595102737723,616.1422671840937,1
Candidate 1: Baseline C59 (Fixed 100% Size),3,38,167775.7877990226,1.0,-4.93416135127895,-8278.328078383158,0
Candidate 1: Baseline C59 (Fixed 100% Size),3,39,159497.45972063945,1.0,-6.980577420693604,-11133.843659838833,0
Candidate 1: Baseline C59 (Fixed 100% Size),3,40,148363.61606080062,1.0,-0.8223568154660545,-1220.0783083478839,0
Candidate 2: Confidence-Scaled Sizing (Platt Calibrated),3,1,25000.0,0.25,-1.4602118003025721,-365.052950075643,0
Candidate 2: Confidence-Scaled Sizing (Platt Calibrated),3,2,49817.47352496218,0.5,-1.1955328818479198,-595.5842768968049,0
Candidate 2: Confidence-Scaled Sizing (Platt Calibrated),3,3,74279.52207977067,0.75,2.289644779825734,1700.7371997789726,1
Candidate 2: Confidence-Scaled Sizing (Platt Calibrated),3,4,75555.0749796049,0.75,-3.4361853719735707,-2596.212434232847,0
Candidate 2: Confidence-Scaled Sizing (Platt Calibrated),3,5,73607.91565393026,0.75,-1.062640706733056,-782.1876751163963,0
Candidate 2: Confidence-Scaled Sizing (Platt Calibrated),3,6,73021.27489759297,0.75,-0.5306943846691703,-387.5198054953643,0
Candidate 2: Confidence-Scaled Sizing (Platt Calibrated),3,7,24243.545014490483,0.25,2.586463441087238,627.050428623324,1
Candidate 2: Confidence-Scaled Sizing (Platt Calibrated),3,8,48800.615243292625,0.5,1.2253412805229762,597.9740837252526,1
Candidate 2: Confidence-Scaled Sizing (Platt Calibrated),3,9,49099.602285155255,0.5,3.126375618921963,1535.037994830745,1
Candidate 2: Confidence-Scaled Sizing (Platt Calibrated),3,10,49867.12128257063,0.5,6.03334046580676,3008.653207474269,1
Candidate 2: Confidence-Scaled Sizing (Platt Calibrated),3,11,51371.44788630777,0.5,6.585142346723141,3382.882968886063,1
Candidate 2: Confidence-Scaled Sizing (Platt Calibrated),3,12,79594.33405612619,0.75,0.3280995686027378,261.14866667037205,1
Candidate 2: Confidence-Scaled Sizing (Platt Calibrated),3,13,79790.19555612898,0.75,-2.6156619505869156,-2087.041785460558,0
Candidate 2: Confidence-Scaled Sizing (Platt Calibrated),3,14,78224.91421703355,0.75,-3.7473668257299404,-2931.3744848248193,0
Candidate 2: Confidence-Scaled Sizing (Platt Calibrated),3,15,50684.25556894329,0.5,1.1962399318775812,606.3053042905864,1
Candidate 2: Confidence-Scaled Sizing (Platt Calibrated),3,16,76481.11233163287,0.75,1.3425625409206385,1026.8067650439382,1
Candidate 2: Confidence-Scaled Sizing (Platt Calibrated),3,17,77251.21740541582,0.75,-1.9402719931195467,-1498.8837356611757,0
Candidate 2: Confidence-Scaled Sizing (Platt Calibrated),3,18,101502.73947155992,1.0,-1.5691628068200099,-1592.7432356911315,0
Candidate 2: Confidence-Scaled Sizing (Platt Calibrated),3,19,49954.998117934396,0.5,3.8266690734645468,1911.6124636287918,1
Candidate 2: Confidence-Scaled Sizing (Platt Calibrated),3,20,50910.804349748796,0.5,9.80644243736794,4992.538722959129,1
Candidate 2: Confidence-Scaled Sizing (Platt Calibrated),3,21,106814.14742245672,1.0,8.558388170055451,9141.569356949127,1
Candidate 2: Confidence-Scaled Sizing (Platt Calibrated),3,22,115955.71677940585,1.0,2.196420805635435,2546.8754886665693,1
Candidate 2: Confidence-Scaled Sizing (Platt Calibrated),3,23,118502.59226807242,1.0,6.0896032511781595,7216.337711486936,1
Candidate 2: Confidence-Scaled Sizing (Platt Calibrated),3,24,125718.92997955935,1.0,0.24119328606376553,303.2256184219037,1
Candidate 2: Confidence-Scaled Sizing (Platt Calibrated),3,25,94516.61669848594,0.75,-0.3888995209033109,-367.5746695144306,0
Candidate 2: Confidence-Scaled Sizing (Platt Calibrated),3,26,125654.58092846682,1.0,13.471447959703825,16927.491478762335,1
Candidate 2: Confidence-Scaled Sizing (Platt Calibrated),3,27,142582.07240722916,1.0,-6.553824481785249,-9344.578768061756,0
Candidate 2: Confidence-Scaled Sizing (Platt Calibrated),3,28,133237.4936391674,1.0,-1.1039254173881012,-1470.8425577736234,0
Candidate 2: Confidence-Scaled Sizing (Platt Calibrated),3,29,65883.32554069688,0.5,-3.239854777435258,-2134.5240700634918,0
Candidate 2: Confidence-Scaled Sizing (Platt Calibrated),3,30,64816.06350566514,0.5,2.129958143893996,1380.555023190419,1
Candidate 2: Confidence-Scaled Sizing (Platt Calibrated),3,31,98259.51152589053,0.75,6.3871667636639,6275.998862320179,1
Candidate 2: Confidence-Scaled Sizing (Platt Calibrated),3,32,137288.68089684087,1.0,5.459889636432542,7495.810460281557,1
Candidate 2: Confidence-Scaled Sizing (Platt Calibrated),3,33,144784.49135712243,1.0,-1.5103096408417134,-2186.6941314102573,0
Candidate 2: Confidence-Scaled Sizing (Platt Calibrated),3,34,142597.7972257122,1.0,-4.733599459323014,-6750.008558482839,0
Candidate 2: Confidence-Scaled Sizing (Platt Calibrated),3,35,33961.94716680734,0.25,2.755752264881433,935.9071282471289,1
Candidate 2: Confidence-Scaled Sizing (Platt Calibrated),3,36,102587.77184660737,0.75,-2.9556467413363388,-3032.132135593809,0
Candidate 2: Confidence-Scaled Sizing (Platt Calibrated),3,37,66875.78182994135,0.5,0.0864980366428016,57.846238272422724,1
Candidate 2: Confidence-Scaled Sizing (Platt Calibrated),3,38,100357.05742361635,0.75,-0.3908601907177768,-392.25578604469564,0
Candidate 2: Confidence-Scaled Sizing (Platt Calibrated),3,39,100062.86558408283,0.75,2.2780250158604725,2279.457109592246,1
Candidate 2: Confidence-Scaled Sizing (Platt Calibrated),3,40,101772.45841627702,0.75,0.7935246669645056,807.5895617093522,1
Candidate 2: Confidence-Scaled Sizing (Platt Calibrated),3,41,102378.15058755902,0.75,-3.6921437279891647,-3779.9484657498624,0
Candidate 2: Confidence-Scaled Sizing (Platt Calibrated),3,42,99543.18923824663,0.75,1.1514134430432263,1146.15366252313,1
Candidate 2: Confidence-Scaled Sizing (Platt Calibrated),3,43,133870.4059801853,1.0,6.885114712104891,9217.131017296284,1
Candidate 2: Confidence-Scaled Sizing (Platt Calibrated),3,44,143087.5369974816,1.0,5.974337908465427,8548.532965130036,1
Candidate 2: Confidence-Scaled Sizing (Platt Calibrated),3,45,151636.06996261163,1.0,3.2830861161730445,4978.342760052947,1
Candidate 2: Confidence-Scaled Sizing (Platt Calibrated),3,46,156614.41272266457,1.0,-1.1158052042330309,-1747.511767738489,0
Candidate 2: Confidence-Scaled Sizing (Platt Calibrated),3,47,154866.90095492607,1.0,-3.0571641078155585,-4734.53531088027,0
Candidate 2: Confidence-Scaled Sizing (Platt Calibrated),3,48,150132.36564404579,1.0,6.723737370543839,10094.505974090227,1
Candidate 2: Confidence-Scaled Sizing (Platt Calibrated),3,49,160226.871618136,1.0,4.344094871168052,6960.407312196465,1
Candidate 2: Confidence-Scaled Sizing (Platt Calibrated),3,50,125390.45919774935,0.75,-1.2409992099745237,-1556.094608027497,0
Candidate 2: Confidence-Scaled Sizing (Platt Calibrated),3,51,124223.38824172872,0.75,-8.516219547136966,-10579.136471557946,0
Candidate 2: Confidence-Scaled Sizing (Platt Calibrated),3,52,38763.01196268675,0.25,4.327499368126341,1677.4690977520074,1
Candidate 2: Confidence-Scaled Sizing (Platt Calibrated),3,53,117547.13771137426,0.75,2.4028588066484877,2824.491750460982,1
Candidate 2: Confidence-Scaled Sizing (Platt Calibrated),3,54,159554.00869896,1.0,-6.167500598320727,-9840.494441153063,0
Candidate 2: Confidence-Scaled Sizing (Platt Calibrated),3,55,112285.1356933552,0.75,0.4151073595741942,466.10386197098785,1
Candidate 2: Confidence-Scaled Sizing (Platt Calibrated),3,56,37544.904529944484,0.25,0.19112769578031436,71.75871091100176,1
Candidate 2: Confidence-Scaled Sizing (Platt Calibrated),3,57,112688.53262301671,0.75,-0.4459479780194727,-502.5322326921569,0
Candidate 2: Confidence-Scaled Sizing (Platt Calibrated),3,58,74874.4222989984,0.5,0.2710858172401345,202.9739395930693,1
Candidate 2: Confidence-Scaled Sizing (Platt Calibrated),3,59,112463.8639031924,0.75,7.526975009224862,8465.126930401952,1
Candidate 2: Confidence-Scaled Sizing (Platt Calibrated),3,60,118812.70910099386,0.75,-3.7270173295388895,-4428.170257888671,0
Candidate 2: Confidence-Scaled Sizing (Platt Calibrated),3,61,115491.58140757735,0.75,-1.3571118208157427,-1567.3499033292687,0
Candidate 2: Confidence-Scaled Sizing (Platt Calibrated),3,62,114316.0689800804,0.75,3.0051966974259345,3435.4227296165295,1
Candidate 2: Confidence-Scaled Sizing (Platt Calibrated),3,63,116892.63602729279,0.75,-5.880367358616933,-6873.716413575822,0
Candidate 2: Confidence-Scaled Sizing (Platt Calibrated),3,64,37245.78290570364,0.25,0.807017505142899,300.5799879765499,1
Candidate 2: Confidence-Scaled Sizing (Platt Calibrated),3,65,74641.85580539556,0.5,3.303394840890058,2465.7152138200336,1
Candidate 2: Confidence-Scaled Sizing (Platt Calibrated),3,66,113812.07011845836,0.75,-1.9074244725501475,-2170.8792781554084,0
Candidate 2: Confidence-Scaled Sizing (Platt Calibrated),3,67,149578.54754645575,1.0,0.40503564539989356,605.8464354345737,1
Candidate 2: Confidence-Scaled Sizing (Platt Calibrated),3,68,112638.29548641774,0.75,1.5161054479600045,1707.7153343588673,1
Candidate 2: Confidence-Scaled Sizing (Platt Calibrated),3,69,113919.0819871869,0.75,-2.194419400232919,-2499.8624356940745,0
Candidate 2: Confidence-Scaled Sizing (Platt Calibrated),3,70,74696.12344027756,0.5,-2.1476107597259264,-1604.1819841015606,0
Candidate 2: Confidence-Scaled Sizing (Platt Calibrated),3,71,110841.04867234017,0.75,9.13783367297708,10128.470669062015,1
Candidate 2: Confidence-Scaled Sizing (Platt Calibrated),3,72,118437.40167413668,0.75,-7.517144268061765,-8903.110351188654,0
Candidate 2: Confidence-Scaled Sizing (Platt Calibrated),3,73,37253.356303581735,0.25,-0.10590180685622029,-39.45197744007869,0
Candidate 2: Confidence-Scaled Sizing (Platt Calibrated),3,74,111730.47992766515,0.75,4.126731601481675,4610.817023662096,1
Candidate 2: Confidence-Scaled Sizing (Platt Calibrated),3,75,76792.39513027448,0.5,-6.619983785503369,-5083.64410612385,0
Candidate 2: Confidence-Scaled Sizing (Platt Calibrated),3,76,37125.28653860628,0.25,1.732716325185831,643.2759006264488,1
Candidate 2: Confidence-Scaled Sizing (Platt Calibrated),3,77,37286.10551376289,0.25,-6.683678865017449,-2492.0835538114757,0
Candidate 2: Confidence-Scaled Sizing (Platt Calibrated),3,78,73326.16925062003,0.5,-0.129737023335523,-95.13118931172201,0
Candidate 2: Confidence-Scaled Sizing (Platt Calibrated),3,79,73278.60365596417,0.5,3.6822397107306184,2698.2938432888113,1
Candidate 2: Confidence-Scaled Sizing (Platt Calibrated),3,80,74627.75057760857,0.5,-1.0561122065209039,-788.1527833020984,0
Candidate 2: Confidence-Scaled Sizing (Platt Calibrated),3,81,74233.67418595753,0.5,-6.520481342195572,-4840.392874921611,0
Candidate 2: Confidence-Scaled Sizing (Platt Calibrated),3,82,71813.47774849672,0.5,6.1561694552460695,4420.959381902888,1
Candidate 2: Confidence-Scaled Sizing (Platt Calibrated),3,83,74023.95743944816,0.5,-5.652774024664431,-4184.407038165779,0
Candidate 2: Confidence-Scaled Sizing (Platt Calibrated),3,84,35965.876960182635,0.25,-2.682079411364087,-964.6333810655982,0
Candidate 3: Risk-Normalized Sizing (Isotonic Calibrated),3,1,25000.0,0.25,-1.4602118003025721,-365.052950075643,0
Candidate 3: Risk-Normalized Sizing (Isotonic Calibrated),3,2,24908.73676248109,0.25,-1.1955328818479198,-297.79213844840245,0
Candidate 3: Risk-Normalized Sizing (Isotonic Calibrated),3,3,24834.28872786899,0.25,1.1614769449512652,288.44453801682914,1
Candidate 3: Risk-Normalized Sizing (Isotonic Calibrated),3,4,24906.399862373197,0.25,-2.343122464642035,-583.5874503088393,0
Candidate 3: Risk-Normalized Sizing (Isotonic Calibrated),3,5,24760.50299979599,0.25,-0.5306943846691703,-131.40259903575878,0
Candidate 3: Risk-Normalized Sizing (Isotonic Calibrated),3,6,72871.41034645845,0.7367400806485099,2.769140842980545,2017.9119867597317,1
Candidate 3: Risk-Normalized Sizing (Isotonic Calibrated),3,7,25232.130346726983,0.25,2.6118874813090582,659.0348537937459,1
Candidate 3: Risk-Normalized Sizing (Isotonic Calibrated),3,8,25396.88906017542,0.25,1.879219970703125,477.26341115613366,1
Candidate 3: Risk-Normalized Sizing (Isotonic Calibrated),3,9,25516.204912964455,0.25,4.982095420853463,1271.2416765443886,1
Candidate 3: Risk-Normalized Sizing (Isotonic Calibrated),3,10,25834.01533210055,0.25,6.057233459401718,1564.826620602964,1
Candidate 3: Risk-Normalized Sizing (Isotonic Calibrated),3,11,26225.22198725129,0.25,0.3280995686027378,86.04484020528183,1
Candidate 3: Risk-Normalized Sizing (Isotonic Calibrated),3,12,26246.73319730261,0.25,-2.6156619505869156,-686.5258135139089,0
Candidate 3: Risk-Normalized Sizing (Isotonic Calibrated),3,13,26075.10174392413,0.25,-3.74736682572994,-977.1297125271419,0
Candidate 3: Risk-Normalized Sizing (Isotonic Calibrated),3,14,25830.819315792345,0.25,1.1962399318775812,308.99857538665543,1
Candidate 3: Risk-Normalized Sizing (Isotonic Calibrated),3,15,25908.068959639008,0.25,1.3425625409206388,347.83202892800074,1
Candidate 3: Risk-Normalized Sizing (Isotonic Calibrated),3,16,25995.02696687101,0.25,-1.9402719931195467,-504.3742278420718,0
Candidate 3: Risk-Normalized Sizing (Isotonic Calibrated),3,17,25868.933409910493,0.25,-6.459870589954159,-1671.0996212816333,0
Candidate 3: Risk-Normalized Sizing (Isotonic Calibrated),3,18,25451.158504590087,0.25,7.482492615271795,1904.3810556070728,1
Candidate 3: Risk-Normalized Sizing (Isotonic Calibrated),3,19,25927.253768491853,0.25,15.803502587041486,4097.414220052421,1
Candidate 3: Risk-Normalized Sizing (Isotonic Calibrated),3,20,26951.60732350496,0.25,6.768191992081684,1824.1365286067635,1
Candidate 3: Risk-Normalized Sizing (Isotonic Calibrated),3,21,27407.641455656652,0.25,-0.2840589760871445,-77.85386568857403,0
Candidate 3: Risk-Normalized Sizing (Isotonic Calibrated),3,22,27388.17798923451,0.25,3.0416740517317336,833.0591031406482,1
Candidate 3: Risk-Normalized Sizing (Isotonic Calibrated),3,23,27596.442765019674,0.25,-0.3888995209033109,-107.32243369951793,0
Candidate 3: Risk-Normalized Sizing (Isotonic Calibrated),3,24,27569.612156594794,0.25,13.471447959703825,3714.025954367847,1
Candidate 3: Risk-Normalized Sizing (Isotonic Calibrated),3,25,28498.118645186754,0.25,0.07057542943311601,20.112669614199454,1
Candidate 3: Risk-Normalized Sizing (Isotonic Calibrated),3,26,28503.146812590305,0.25,-3.3242739330778175,-947.5226795978404,0
Candidate 3: Risk-Normalized Sizing (Isotonic Calibrated),3,27,28266.266142690845,0.25,-0.5478484408598239,-154.85629835202008,0
Candidate 3: Risk-Normalized Sizing (Isotonic Calibrated),3,28,28227.55206810284,0.25,5.905586515401926,1667.0025085619388,1
Candidate 3: Risk-Normalized Sizing (Isotonic Calibrated),3,29,28644.30269524332,0.25,5.508497608675706,1577.8707289893089,1
Candidate 3: Risk-Normalized Sizing (Isotonic Calibrated),3,30,29038.770377490648,0.25,-5.011808421248792,-1455.3675392061757,0
Candidate 3: Risk-Normalized Sizing (Isotonic Calibrated),3,31,28674.928492689105,0.25,-5.096473951161504,-1461.4102611440883,0
Candidate 3: Risk-Normalized Sizing (Isotonic Calibrated),3,32,69338.73393455372,0.6123257913891537,4.044870973239088,2804.6623221302443,1
Candidate 3: Risk-Normalized Sizing (Isotonic Calibrated),3,33,29010.741507935647,0.25,-0.5312897638944006,-154.13110006152618,0
Candidate 3: Risk-Normalized Sizing (Isotonic Calibrated),3,34,28972.208732920266,0.25,-4.005331763867186,-1160.4330790735582,0
Candidate 3: Risk-Normalized Sizing (Isotonic Calibrated),3,35,31473.42481509865,0.2743298460265559,3.2319922434567867,1017.2186487741918,1
Candidate 3: Risk-Normalized Sizing (Isotonic Calibrated),3,36,28936.405125345424,0.25,-2.0645210866406334,-597.3981855285173,0
Candidate 3: Risk-Normalized Sizing (Isotonic Calibrated),3,37,28787.055578963293,0.25,-8.087667881837126,-2328.2014481864167,0
Candidate 3: Risk-Normalized Sizing (Isotonic Calibrated),3,38,64838.53228449657,0.574707678529412,4.469008620260808,2897.6395970447384,1
Candidate 3: Risk-Normalized Sizing (Isotonic Calibrated),3,39,28929.415116177872,0.25,6.99850338569331,2024.6260963669804,1
Candidate 3: Risk-Normalized Sizing (Isotonic Calibrated),3,40,29435.571640269616,0.25,7.729886843856668,2275.3363796352055,1
Candidate 3: Risk-Normalized Sizing (Isotonic Calibrated),3,41,30004.405735178418,0.25,1.1723190715910858,351.7473707510661,1
Candidate 3: Risk-Normalized Sizing (Isotonic Calibrated),3,42,30092.342577866184,0.25,3.3722779474865625,1014.7974326354908,1
Candidate 3: Risk-Normalized Sizing (Isotonic Calibrated),3,43,30346.041936025056,0.25,-3.5624214520164434,-1081.0539077668627,0
Candidate 3: Risk-Normalized Sizing (Isotonic Calibrated),3,44,30075.77845908334,0.25,6.778490975657422,2038.6839287076832,1
Candidate 3: Risk-Normalized Sizing (Isotonic Calibrated),3,45,30585.449441260258,0.25,-0.6825948353914747,-208.77469826731317,0
Candidate 3: Risk-Normalized Sizing (Isotonic Calibrated),3,46,30533.25576669343,0.25,-1.2409992099745237,-378.91746284416615,0
Candidate 3: Risk-Normalized Sizing (Isotonic Calibrated),3,47,30438.526400982388,0.25,-8.516219547136966,-2592.2117352209084,0
Candidate 3: Risk-Normalized Sizing (Isotonic Calibrated),3,48,51537.27866513496,0.4324979822989236,5.372417349480144,2768.797700455639,1
Candidate 3: Risk-Normalized Sizing (Isotonic Calibrated),3,49,30482.67289229107,0.25,1.2702902972623469,387.2184360969931,1
Candidate 3: Risk-Normalized Sizing (Isotonic Calibrated),3,50,30579.47750131532,0.25,-6.167500598320727,-1885.9894578569745,0
Candidate 3: Risk-Normalized Sizing (Isotonic Calibrated),3,51,30107.980136851074,0.25,0.4151073595741941,124.98044136720533,1
Candidate 3: Risk-Normalized Sizing (Isotonic Calibrated),3,52,32526.35761088687,0.2698008769644496,0.19112769578031436,62.16687782295298,1
Candidate 3: Risk-Normalized Sizing (Isotonic Calibrated),3,53,30154.76696664861,0.25,-0.4459479780194727,-134.47457356425338,0
Candidate 3: Risk-Normalized Sizing (Isotonic Calibrated),3,54,41526.05390188246,0.3446586220437917,0.27108581724013453,112.57124258749683,1
Candidate 3: Risk-Normalized Sizing (Isotonic Calibrated),3,55,30149.291133904422,0.25,7.526975009224861,2269.3296091074326,1
Candidate 3: Risk-Normalized Sizing (Isotonic Calibrated),3,56,30716.62353618128,0.25,-3.7270173295388895,-1144.8138822426977,0
Candidate 3: Risk-Normalized Sizing (Isotonic Calibrated),3,57,30430.4200656206,0.25,-1.357111820815743,-412.97482783442297,0
Candidate 3: Risk-Normalized Sizing (Isotonic Calibrated),3,58,33409.85794457797,0.27541187439822024,3.0051966974259354,1004.0319475651536,1
Candidate 3: Risk-Normalized Sizing (Isotonic Calibrated),3,59,32078.059599804248,0.26226262518811944,0.1704507730404284,54.67730056423569,1
Candidate 3: Risk-Normalized Sizing (Isotonic Calibrated),3,60,96841.83504345333,0.7914021497839437,1.4639823053513383,1417.7473292136883,1
Candidate 3: Risk-Normalized Sizing (Isotonic Calibrated),3,61,30946.290502997766,0.25,-1.004517446339749,-310.86088709759343,0
Candidate 3: Risk-Normalized Sizing (Isotonic Calibrated),3,62,30868.575281223366,0.25,3.368473074723028,1039.7996468986173,1
Candidate 3: Risk-Normalized Sizing (Isotonic Calibrated),3,63,31128.52519294802,0.25,-4.663849853141809,-1451.787676496517,0
Candidate 3: Risk-Normalized Sizing (Isotonic Calibrated),3,64,30765.57827382389,0.25,1.1435186480667174,351.81012474673867,1
Candidate 3: Risk-Normalized Sizing (Isotonic Calibrated),3,65,91286.92692504964,0.7396797428304767,2.9025428931423676,2649.642209831095,1
Candidate 3: Risk-Normalized Sizing (Isotonic Calibrated),3,66,31515.94135746835,0.25,0.154393477484599,48.65855782380232,1
Candidate 3: Risk-Normalized Sizing (Isotonic Calibrated),3,67,51031.884601921076,0.40465390314676253,-1.6070290234469307,-820.0971967648169,0
Candidate 3: Risk-Normalized Sizing (Isotonic Calibrated),3,68,83756.3044293797,0.6684871019207641,-0.6093808926352249,-510.39491557003043,0
Candidate 3: Risk-Normalized Sizing (Isotonic Calibrated),3,69,31195.48296884059,0.25,4.130370347253026,1288.48897822736,1
Candidate 3: Risk-Normalized Sizing (Isotonic Calibrated),3,70,31517.605213397434,0.25,-3.765938740522495,-1186.9337048162715,0
Candidate 3: Risk-Normalized Sizing (Isotonic Calibrated),3,71,106060.25575390126,0.8492736563926332,-1.336367721608758,-1417.355023350832,0
Candidate 3: Risk-Normalized Sizing (Isotonic Calibrated),3,72,83127.56431650509,0.6732823235448911,-5.593854086772298,-4650.03465375309,0
Candidate 3: Risk-Normalized Sizing (Isotonic Calibrated),3,73,29704.024367917387,0.25,-0.11265857748169604,-33.46413130771208,0
Candidate 3: Risk-Normalized Sizing (Isotonic Calibrated),3,74,29695.65833509046,0.25,1.9821643582236192,588.6167554580245,1
Candidate 3: Risk-Normalized Sizing (Isotonic Calibrated),3,75,29842.812523954966,0.25,-1.6040876015777448,-478.70485565885207,0
Candidate 3: Risk-Normalized Sizing (Isotonic Calibrated),3,76,29723.136310040252,0.25,-4.343753896158778,-1291.0998915279579,0
Candidate 3: Risk-Normalized Sizing (Isotonic Calibrated),3,77,29400.36133715826,0.25,-1.1078211869134305,-325.703431922144,0
Candidate 3: Risk-Normalized Sizing (Isotonic Calibrated),3,78,29318.935479177726,0.25,-0.861922643353701,-252.7065436852947,0
Candidate 3: Risk-Normalized Sizing (Isotonic Calibrated),3,79,46972.23781519541,0.4013930903899861,-2.46071113074205,-1155.8510842771398,0
Candidate 4: Causal Regime-Aware Adaptive Sizing,3,1,100000.0,1.0,-1.4602118003025721,-1460.211800302572,0
Candidate 4: Causal Regime-Aware Adaptive Sizing,3,2,98539.78819969743,1.0,-1.1955328818479196,-1178.075569630679,0
Candidate 4: Causal Regime-Aware Adaptive Sizing,3,3,48680.85631503338,0.5,2.289644779825734,1114.6186853916279,1
Candidate 4: Causal Regime-Aware Adaptive Sizing,3,4,49238.165657729194,0.5,-3.4361853719735698,-1691.9146457590045,0
Candidate 4: Causal Regime-Aware Adaptive Sizing,3,5,48392.208334849696,0.5,-1.062640706733056,-514.2353046531797,0
Candidate 4: Causal Regime-Aware Adaptive Sizing,3,6,48135.09068252311,0.5,-0.5306943846691703,-255.45022330756314,0
Candidate 4: Causal Regime-Aware Adaptive Sizing,3,7,48007.365570869326,0.5,2.586463441087237,1241.6929595196364,1
Candidate 4: Causal Regime-Aware Adaptive Sizing,3,8,48628.21205062914,0.5,1.2253412805229762,595.8615562366074,1
Candidate 4: Causal Regime-Aware Adaptive Sizing,3,9,97852.28565749488,1.0,3.1263756189219643,3059.2300013537943,1
Candidate 4: Causal Regime-Aware Adaptive Sizing,3,10,100911.51565884867,1.0,6.033340465806761,6088.335308904243,1
Candidate 4: Causal Regime-Aware Adaptive Sizing,3,11,106999.85096775292,1.0,6.585142346723141,7046.092497008148,1
Candidate 4: Causal Regime-Aware Adaptive Sizing,3,12,114045.94346476108,1.0,0.3280995686027378,374.18424851680334,1
Candidate 4: Causal Regime-Aware Adaptive Sizing,3,13,114420.12771327788,1.0,-2.6156619505869165,-2992.843744409165,0
Candidate 4: Causal Regime-Aware Adaptive Sizing,3,14,111427.28396886871,1.0,-3.7473668257299404,-4175.589074261282,0
Candidate 4: Causal Regime-Aware Adaptive Sizing,3,15,53625.84744730371,0.5,1.1962399318775816,641.4938009724017,1
Candidate 4: Causal Regime-Aware Adaptive Sizing,3,16,53946.59434778991,0.5,1.3425625409206388,724.266767815838,1
Candidate 4: Causal Regime-Aware Adaptive Sizing,3,17,54308.72773169783,0.5,-1.9402719931195471,-1053.7370339976817,0
Candidate 4: Causal Regime-Aware Adaptive Sizing,3,18,53781.85921469898,0.5,-1.5691628068200099,-843.9249316133565,0
Candidate 4: Causal Regime-Aware Adaptive Sizing,3,19,53359.89674889231,0.5,3.8266690734645463,2041.9066665224757,1
Candidate 4: Causal Regime-Aware Adaptive Sizing,3,20,108761.70016430708,1.0,9.80644243736794,10665.653520515485,1
Candidate 4: Causal Regime-Aware Adaptive Sizing,3,21,119427.35368482256,1.0,8.558388170055451,10221.056509572138,1
Candidate 4: Causal Regime-Aware Adaptive Sizing,3,22,129648.4101943947,1.0,2.196420805635435,2847.6246556852575,1
Candidate 4: Causal Regime-Aware Adaptive Sizing,3,23,132496.03485007997,1.0,6.08960325117816,8068.482845912618,1
Candidate 4: Causal Regime-Aware Adaptive Sizing,3,24,140564.5176959926,1.0,0.24119328606376556,339.0321792706478,1
Candidate 4: Causal Regime-Aware Adaptive Sizing,3,25,140903.54987526324,1.0,-0.388899520903311,-547.9732304006566,0
Candidate 4: Causal Regime-Aware Adaptive Sizing,3,26,140355.5766448626,1.0,13.471447959703822,18907.928466254878,1
Candidate 4: Causal Regime-Aware Adaptive Sizing,3,27,159263.50511111747,1.0,-6.553824481785251,-10437.850588521722,0
Candidate 4: Causal Regime-Aware Adaptive Sizing,3,28,148825.65452259575,1.0,-1.1039254173881012,-1642.9242278691388,0
Candidate 4: Causal Regime-Aware Adaptive Sizing,3,29,147182.7302947266,1.0,-3.239854777435258,-4768.506719013351,0
Candidate 4: Causal Regime-Aware Adaptive Sizing,3,30,71207.11178785663,0.5,2.129958143893996,1516.681676557154,1
Candidate 4: Causal Regime-Aware Adaptive Sizing,3,31,71965.4526261352,0.5,6.3871667636639,4596.553471456797,1
Candidate 4: Causal Regime-Aware Adaptive Sizing,3,32,74263.7293618636,0.5,5.459889636432541,4054.717663056701,1
Candidate 4: Causal Regime-Aware Adaptive Sizing,3,33,152582.1763867839,1.0,-1.5103096408417132,-2304.463320175705,0
Candidate 4: Causal Regime-Aware Adaptive Sizing,3,34,150277.71306660818,1.0,-4.733599459323013,-7113.545013203954,0
Candidate 4: Causal Regime-Aware Adaptive Sizing,3,35,71582.08402670211,0.5,2.7557522648814325,1972.6249018151736,1
Candidate 4: Causal Regime-Aware Adaptive Sizing,3,36,72568.3964776097,0.5,-2.9556467413363396,-2144.865445730506,0
Candidate 4: Causal Regime-Aware Adaptive Sizing,3,37,71495.96375474444,0.5,0.08649803664280163,61.84260492670302,1
Candidate 4: Causal Regime-Aware Adaptive Sizing,3,38,71526.8850572078,0.5,-0.3908601907177767,-279.57011934908735,0
Candidate 4: Causal Regime-Aware Adaptive Sizing,3,39,71387.09999753325,0.5,2.2780250158604725,1626.2159960411382,1
Candidate 4: Causal Regime-Aware Adaptive Sizing,3,40,144400.41599110764,1.0,0.7935246669645056,1145.8529200887976,1
Candidate 4: Causal Regime-Aware Adaptive Sizing,3,41,145546.26891119644,1.0,-3.6921437279891647,-5373.7774389269825,0
Candidate 4: Causal Regime-Aware Adaptive Sizing,3,42,70086.24573613473,0.5,1.151413443043226,806.9824551301651,1
Candidate 4: Causal Regime-Aware Adaptive Sizing,3,43,70489.73696369982,0.5,6.8851147121048895,4853.299250211735,1
Candidate 4: Causal Regime-Aware Adaptive Sizing,3,44,145832.77317761138,1.0,5.974337908465426,8712.542650916437,1
Candidate 4: Causal Regime-Aware Adaptive Sizing,3,45,154545.31582852782,1.0,3.2830861161730454,5073.85580716218,1
Candidate 4: Causal Regime-Aware Adaptive Sizing,3,46,159619.17163569,1.0,-1.1158052042330306,-1781.0390240646825,0
Candidate 4: Causal Regime-Aware Adaptive Sizing,3,47,157838.1326116253,1.0,-3.0571641078155585,-4825.370738648932,0
Candidate 4: Causal Regime-Aware Adaptive Sizing,3,48,153012.76187297638,1.0,6.723737370543841,10288.17625175457,1
Candidate 4: Causal Regime-Aware Adaptive Sizing,3,49,163300.93812473095,1.0,4.344094871168052,7093.94767764575,1
Candidate 4: Causal Regime-Aware Adaptive Sizing,3,50,170394.8858023767,1.0,-1.2409992099745237,-2114.5991866444865,0
Candidate 4: Causal Regime-Aware Adaptive Sizing,3,51,168280.2866157322,1.0,-8.516219547136966,-14331.1186627471,0
Candidate 4: Causal Regime-Aware Adaptive Sizing,3,52,76974.58397649256,0.5,4.327499368126342,3331.0746352005963,1
Candidate 4: Causal Regime-Aware Adaptive Sizing,3,53,78640.12129409285,0.5,2.4028588066484877,1889.6110800741628,1
Candidate 4: Causal Regime-Aware Adaptive Sizing,3,54,79584.92683412993,0.5,-6.167500598320727,-4908.400838668076,0
Candidate 4: Causal Regime-Aware Adaptive Sizing,3,55,77130.72641479589,0.5,0.41510735957419426,320.1753218408548,1
Candidate 4: Causal Regime-Aware Adaptive Sizing,3,56,77290.81407571632,0.5,0.19112769578031438,147.7241519927635,1
Candidate 4: Causal Regime-Aware Adaptive Sizing,3,57,77364.6761517127,0.5,-0.4459479780194727,-345.00620899987604,0
Candidate 4: Causal Regime-Aware Adaptive Sizing,3,58,77192.17304721277,0.5,0.2710858172401344,209.2570331504555,1
Candidate 4: Causal Regime-Aware Adaptive Sizing,3,59,77296.801563788,0.5,7.526975009224859,5818.1109366364535,1
Candidate 4: Causal Regime-Aware Adaptive Sizing,3,60,160411.71406421246,1.0,-3.7270173295388904,-5978.5723817835715,0
Candidate 4: Causal Regime-Aware Adaptive Sizing,3,61,154433.1416824289,1.0,-1.3571118208157427,-2095.8304210293663,0
Candidate 4: Causal Regime-Aware Adaptive Sizing,3,62,76168.65563069977,0.5,3.0051966974259354,2289.017923487523,1
Candidate 4: Causal Regime-Aware Adaptive Sizing,3,63,77313.16459244353,0.5,-5.880367358616935,-4546.298094607835,0
Candidate 4: Causal Regime-Aware Adaptive Sizing,3,64,75040.01554513961,0.5,0.8070175051428992,605.5860613112294,1
Candidate 4: Causal Regime-Aware Adaptive Sizing,3,65,75342.80857579524,0.5,3.303394840890058,2488.870451474492,1
Candidate 4: Causal Regime-Aware Adaptive Sizing,3,66,76587.24380153249,0.5,-1.9074244725501481,-1460.843831122077,0
Candidate 4: Causal Regime-Aware Adaptive Sizing,3,67,151713.64377194288,1.0,0.40503564539989345,614.4943362113842,1
Candidate 4: Causal Regime-Aware Adaptive Sizing,3,68,152328.13810815426,1.0,1.5161054479600045,2309.4552006337667,1
Candidate 4: Causal Regime-Aware Adaptive Sizing,3,69,154637.59330878803,1.0,-2.194419400232919,-3393.397347621327,0
Candidate 4: Causal Regime-Aware Adaptive Sizing,3,70,75622.09798058335,0.5,-2.147610759725927,-1624.0683129614908,0
Candidate 4: Causal Regime-Aware Adaptive Sizing,3,71,74810.0638241026,0.5,9.137833672977077,6836.019202894491,1
Candidate 4: Causal Regime-Aware Adaptive Sizing,3,72,156456.14685109968,1.0,-7.517144268061767,-11761.03427504774,0
Candidate 4: Causal Regime-Aware Adaptive Sizing,3,73,72347.55628802597,0.5,-0.10590180685622029,-76.61736932534052,0
Candidate 4: Causal Regime-Aware Adaptive Sizing,3,74,72309.2476033633,0.5,4.126731601481674,2984.008571641623,1
Candidate 4: Causal Regime-Aware Adaptive Sizing,3,75,73801.25188918412,0.5,-6.619983785503368,-4885.630908562487,0
Candidate 4: Causal Regime-Aware Adaptive Sizing,3,76,71358.43643490288,0.5,1.7327163251858309,1236.4392775049162,1
Candidate 4: Causal Regime-Aware Adaptive Sizing,3,77,71976.65607365534,0.5,-6.683678865017449,-4810.6885497411995,0
Candidate 4: Causal Regime-Aware Adaptive Sizing,3,78,69571.31179878474,0.5,-0.129737023335523,-90.25974902321883,0
Candidate 4: Causal Regime-Aware Adaptive Sizing,3,79,69526.18192427313,0.5,3.682239710730618,2560.120680170398,1
Candidate 4: Causal Regime-Aware Adaptive Sizing,3,80,70806.24226435833,0.5,-1.0561122065209037,-747.7933675326515,0
Candidate 4: Causal Regime-Aware Adaptive Sizing,3,81,70432.345580592,0.5,-6.520481342195571,-4592.527952453208,0
Candidate 4: Causal Regime-Aware Adaptive Sizing,3,82,68136.08160436539,0.5,6.156169455246069,4194.572643729478,1
Candidate 4: Causal Regime-Aware Adaptive Sizing,3,83,70233.36792623013,0.5,-5.652774024664432,-3970.1335787809376,0
Candidate 4: Causal Regime-Aware Adaptive Sizing,3,84,68248.30113683967,0.5,-2.682079411364087,-1830.4736333969388,0
Candidate 1: Baseline C59 (Fixed 100% Size),4,1,100000.0,1.0,6.9262196908920455,6926.219690892045,1
Candidate 1: Baseline C59 (Fixed 100% Size),4,2,106926.21969089205,1.0,3.1470959558315323,3365.0707356156036,1
Candidate 1: Baseline C59 (Fixed 100% Size),4,3,110291.29042650765,1.0,2.8470136222192797,3140.008062564101,1
Candidate 1: Baseline C59 (Fixed 100% Size),4,4,113431.29848907175,1.0,-3.4875931478380626,-3956.0221936086064,0
Candidate 1: Baseline C59 (Fixed 100% Size),4,5,109475.27629546315,1.0,-1.3368229312681343,-1463.4905975868994,0
Candidate 1: Baseline C59 (Fixed 100% Size),4,6,108011.78569787624,1.0,3.452303213956213,3728.8943490992788,1
Candidate 1: Baseline C59 (Fixed 100% Size),4,7,111740.68004697553,1.0,-4.410710327300337,-4928.557714627576,0
Candidate 1: Baseline C59 (Fixed 100% Size),4,8,106812.12233234795,1.0,-6.051120720454471,-6463.330466409884,0
Candidate 1: Baseline C59 (Fixed 100% Size),4,9,100348.79186593807,1.0,2.82293682456743,2832.782998592091,1
Candidate 1: Baseline C59 (Fixed 100% Size),4,10,103181.57486453016,1.0,-1.35758996809841,-1400.7827092868122,0
Candidate 1: Baseline C59 (Fixed 100% Size),4,11,101780.79215524335,1.0,-8.47075633229398,-8621.602896549251,0
Candidate 1: Baseline C59 (Fixed 100% Size),4,12,93159.1892586941,1.0,4.448173994561377,4143.882830149446,1
Candidate 1: Baseline C59 (Fixed 100% Size),4,13,97303.07208884355,1.0,4.602516122662682,4478.389580735116,1
Candidate 1: Baseline C59 (Fixed 100% Size),4,14,101781.46166957867,1.0,3.6129885675155244,3677.3525739720726,1
Candidate 1: Baseline C59 (Fixed 100% Size),4,15,105458.81424355075,1.0,7.805350137262038,8231.429702313906,1
Candidate 1: Baseline C59 (Fixed 100% Size),4,16,113690.24394586465,1.0,-0.3037327505018955,-345.31450498908947,0
Candidate 1: Baseline C59 (Fixed 100% Size),4,17,113344.92944087557,1.0,-4.667623077716999,-5290.514084004357,0
Candidate 1: Baseline C59 (Fixed 100% Size),4,18,108054.4153568712,1.0,0.8054294276748053,870.3020591862047,1
Candidate 1: Baseline C59 (Fixed 100% Size),4,19,108924.7174160574,1.0,9.609672488660168,10467.3086028817,1
Candidate 1: Baseline C59 (Fixed 100% Size),4,20,119392.02601893911,1.0,-2.860738873266751,-3415.494099904545,0
Candidate 1: Baseline C59 (Fixed 100% Size),4,21,115976.53191903456,1.0,-4.236097488544845,-4912.878955923633,0
Candidate 1: Baseline C59 (Fixed 100% Size),4,22,111063.65296311093,1.0,3.7003659745860222,4109.761624379257,1
Candidate 1: Baseline C59 (Fixed 100% Size),4,23,115173.41458749019,1.0,4.6729406673567535,5381.985328242225,1
Candidate 1: Baseline C59 (Fixed 100% Size),4,24,120555.39991573241,1.0,0.3785351858860707,456.3446071667136,1
Candidate 1: Baseline C59 (Fixed 100% Size),4,25,121011.74452289913,1.0,0.0869655410482575,105.23851835627434,1
Candidate 1: Baseline C59 (Fixed 100% Size),4,26,121116.9830412554,1.0,-2.8944373094759643,-3505.655145257773,0
Candidate 1: Baseline C59 (Fixed 100% Size),4,27,117611.32789599763,1.0,6.244480518893263,7344.21645847725,1
Candidate 1: Baseline C59 (Fixed 100% Size),4,28,124955.54435447489,1.0,-2.72733747415299,-3407.959387211454,0
Candidate 1: Baseline C59 (Fixed 100% Size),4,29,121547.58496726344,1.0,-2.3837642573611095,-2897.407886135251,0
Candidate 1: Baseline C59 (Fixed 100% Size),4,30,118650.17708112819,1.0,3.4985091403892796,4150.987290271336,1
Candidate 1: Baseline C59 (Fixed 100% Size),4,31,122801.16437139953,1.0,1.4015430404302902,1721.1111728147114,1
Candidate 1: Baseline C59 (Fixed 100% Size),4,32,124522.27554421424,1.0,-4.874714014342104,-6070.104816931502,0
Candidate 1: Baseline C59 (Fixed 100% Size),4,33,118452.17072728273,1.0,-1.4530898191043842,-1721.216433346289,0
Candidate 1: Baseline C59 (Fixed 100% Size),4,34,116730.95429393645,1.0,10.127850678560401,11822.336746548475,1
Candidate 1: Baseline C59 (Fixed 100% Size),4,35,128553.29104048492,1.0,-2.4230274430824856,-3114.8815208966475,0
Candidate 1: Baseline C59 (Fixed 100% Size),4,36,125438.40951958828,1.0,-1.159750598090669,-1454.772704638848,0
Candidate 1: Baseline C59 (Fixed 100% Size),4,37,123983.63681494944,1.0,3.400687096330905,4216.295538727759,1
Candidate 1: Baseline C59 (Fixed 100% Size),4,38,128199.9323536772,1.0,6.501041331194646,8334.330588876132,1
Candidate 1: Baseline C59 (Fixed 100% Size),4,39,136534.26294255332,1.0,3.161867289521821,4317.032198970307,1
Candidate 1: Baseline C59 (Fixed 100% Size),4,40,140851.29514152362,1.0,-1.2080128436944242,-1701.5017358195457,0
Candidate 1: Baseline C59 (Fixed 100% Size),4,41,139149.79340570408,1.0,1.0899153550231828,1516.6149648118048,1
Candidate 1: Baseline C59 (Fixed 100% Size),4,42,140666.40837051588,1.0,-9.41735065008296,-13247.048923129129,0
Candidate 1: Baseline C59 (Fixed 100% Size),4,43,127419.35944738676,1.0,2.9298840378145243,3733.239473534498,1
Candidate 1: Baseline C59 (Fixed 100% Size),4,44,131152.59892092124,1.0,-3.4017429930091527,-4461.474343941836,0
Candidate 1: Baseline C59 (Fixed 100% Size),4,45,126691.1245769794,1.0,6.918600015300942,8765.252164367832,1
Candidate 1: Baseline C59 (Fixed 100% Size),4,46,135456.37674134722,1.0,-4.046821792778395,-5481.678173676845,0
Candidate 1: Baseline C59 (Fixed 100% Size),4,47,129974.69856767038,1.0,1.166816692254485,1516.5664785950287,1
Candidate 1: Baseline C59 (Fixed 100% Size),4,48,131491.2650462654,1.0,6.696128964924816,8804.824685109039,1
Candidate 1: Baseline C59 (Fixed 100% Size),4,49,140296.08973137446,1.0,0.8025085718102152,1125.8881460088312,1
Candidate 1: Baseline C59 (Fixed 100% Size),4,50,141421.9778773833,1.0,1.643643357710351,2324.472945724213,1
Candidate 1: Baseline C59 (Fixed 100% Size),4,51,143746.4508231075,1.0,2.5194610991836317,3621.635909945323,1
Candidate 1: Baseline C59 (Fixed 100% Size),4,52,147368.08673305283,1.0,3.947832235311336,5817.844832609028,1
Candidate 1: Baseline C59 (Fixed 100% Size),4,53,153185.93156566186,1.0,-0.6402002990786418,-980.6967920297708,0
Candidate 1: Baseline C59 (Fixed 100% Size),4,54,152205.23477363208,1.0,3.866365321599493,5884.810414946804,1
Candidate 2: Confidence-Scaled Sizing (Platt Calibrated),4,1,25000.0,0.25,6.9262196908920455,1731.5549227230113,1
Candidate 2: Confidence-Scaled Sizing (Platt Calibrated),4,2,76298.66619204226,0.75,8.063859148908078,6152.616974221835,1
Candidate 2: Confidence-Scaled Sizing (Platt Calibrated),4,3,53942.08594847242,0.5,-0.12180291110784124,-65.70303099753318,0
Candidate 2: Confidence-Scaled Sizing (Platt Calibrated),4,4,80863.85164946047,0.75,-1.7512849465782818,-1416.1564611603949,0
Candidate 2: Confidence-Scaled Sizing (Platt Calibrated),4,5,53201.15620239345,0.5,3.612834431067935,1922.0696890063048,1
Candidate 2: Confidence-Scaled Sizing (Platt Calibrated),4,6,54162.19104689661,0.5,-0.13109675490159664,-71.00487484608458,0
Candidate 2: Confidence-Scaled Sizing (Platt Calibrated),4,7,54126.68860947357,0.5,-1.443319693105322,-781.2211559263271,0
Candidate 2: Confidence-Scaled Sizing (Platt Calibrated),4,8,53736.078031510406,0.5,-2.894218340697153,-1555.239425959308,0
Candidate 2: Confidence-Scaled Sizing (Platt Calibrated),4,9,52958.45831853076,0.5,0.6583603316387495,348.657481816648,1
Candidate 2: Confidence-Scaled Sizing (Platt Calibrated),4,10,53132.787059439084,0.5,3.7563286143201418,1995.8420838994996,1
Candidate 2: Confidence-Scaled Sizing (Platt Calibrated),4,11,81196.06215208326,0.75,3.3574497448279574,2726.116981535469,1
Candidate 2: Confidence-Scaled Sizing (Platt Calibrated),4,12,55493.76659215657,0.5,-6.918148561904546,-3839.1412154419454,0
Candidate 2: Confidence-Scaled Sizing (Platt Calibrated),4,13,53574.1959844356,0.5,-6.663852973184126,-3570.1056519683025,0
Candidate 2: Confidence-Scaled Sizing (Platt Calibrated),4,14,25894.571579225725,0.25,-0.08964316054419331,-23.21271237299637,0
Candidate 2: Confidence-Scaled Sizing (Platt Calibrated),4,15,25888.768401132475,0.25,-0.7876167847518248,-203.904285292846,0
Candidate 2: Confidence-Scaled Sizing (Platt Calibrated),4,16,77513.3769894278,0.75,-3.2553794520673613,-2523.3545471173425,0
Candidate 2: Confidence-Scaled Sizing (Platt Calibrated),4,17,25206.95369302993,0.25,-8.470756332293984,-2135.219626130745,0
Candidate 2: Confidence-Scaled Sizing (Platt Calibrated),4,18,24673.14878649724,0.25,4.448173994561378,1097.5045879604063,1
Candidate 2: Confidence-Scaled Sizing (Platt Calibrated),4,19,49895.04986697468,0.5,2.633712996519608,1314.0924129664515,1
Candidate 2: Confidence-Scaled Sizing (Platt Calibrated),4,20,75828.14411018685,0.75,3.52811862882944,2675.3068782471364,1
Candidate 2: Confidence-Scaled Sizing (Platt Calibrated),4,21,77834.62426887221,0.75,-5.009376153657444,-3899.029107413754,0
Candidate 2: Confidence-Scaled Sizing (Platt Calibrated),4,22,24970.1174794373,0.25,3.612988567515524,902.1674898272651,1
Candidate 2: Confidence-Scaled Sizing (Platt Calibrated),4,23,50391.31870378824,0.5,3.3835934228016824,1705.0373453244129,1
Candidate 2: Confidence-Scaled Sizing (Platt Calibrated),4,24,76865.75606467566,0.75,2.0517241379310343,1577.0732709821384,1
Candidate 2: Confidence-Scaled Sizing (Platt Calibrated),4,25,52032.37401194151,0.5,1.1982462758964774,623.4759838586157,1
Candidate 2: Confidence-Scaled Sizing (Platt Calibrated),4,26,52344.11200387082,0.5,-2.2473101778093834,-1176.3345565469322,0
Candidate 2: Confidence-Scaled Sizing (Platt Calibrated),4,27,25877.972362798675,0.25,-4.838371941825704,-1252.0725539150612,0
Candidate 2: Confidence-Scaled Sizing (Platt Calibrated),4,28,25564.95422431991,0.25,-1.1767541769734429,-300.8366666760332,0
Candidate 2: Confidence-Scaled Sizing (Platt Calibrated),4,29,25489.7450576509,0.25,5.9749707818065705,1523.0048195516256,1
Candidate 2: Confidence-Scaled Sizing (Platt Calibrated),4,30,77611.48878761643,0.75,4.91526254100837,3814.8084358966216,1
Candidate 2: Confidence-Scaled Sizing (Platt Calibrated),4,31,53648.39674302592,0.5,-3.998337774776622,-2145.0441125384364,0
Candidate 2: Confidence-Scaled Sizing (Platt Calibrated),4,32,26287.93734337835,0.25,-4.2360974885448455,-1113.5826535930928,0
Candidate 2: Confidence-Scaled Sizing (Platt Calibrated),4,33,26009.54167998008,0.25,1.6516318435651618,429.58187275190414,1
Candidate 2: Confidence-Scaled Sizing (Platt Calibrated),4,34,52233.87429633611,0.5,3.7701393528091653,1969.289850343039,1
Candidate 2: Confidence-Scaled Sizing (Platt Calibrated),4,35,53218.519221507624,0.5,-0.4713751022518537,-250.85884939730397,0
Candidate 2: Confidence-Scaled Sizing (Platt Calibrated),4,36,79639.63469521346,0.75,0.060330605389577824,48.047073741670545,1
Candidate 2: Confidence-Scaled Sizing (Platt Calibrated),4,37,53117.11333367981,0.5,-0.47617906024909407,-252.93257110376277,0
Candidate 2: Confidence-Scaled Sizing (Platt Calibrated),4,38,52990.647048127925,0.5,-0.521781708757639,-276.4955036494512,0
Candidate 2: Confidence-Scaled Sizing (Platt Calibrated),4,39,79278.5989444548,0.75,3.213937206728343,2547.964388448776,1
Candidate 2: Confidence-Scaled Sizing (Platt Calibrated),4,40,81189.57223579138,0.75,2.148974105598593,1744.742883793421,1
Candidate 2: Confidence-Scaled Sizing (Platt Calibrated),4,41,54998.7529324243,0.5,5.350930840974976,2942.945232812721,1
Candidate 2: Confidence-Scaled Sizing (Platt Calibrated),4,42,56470.22554883066,0.5,-2.74690389294996,-1551.1828239584522,0
Candidate 2: Confidence-Scaled Sizing (Platt Calibrated),4,43,55694.63413685144,0.5,-1.0205744587747456,-568.4052109087463,0
Candidate 2: Confidence-Scaled Sizing (Platt Calibrated),4,44,27705.215765698533,0.25,-0.537356578512066,-148.87579950794313,0
Candidate 2: Confidence-Scaled Sizing (Platt Calibrated),4,45,27667.996815821545,0.25,2.145390548063899,593.586588525256,1
Candidate 2: Confidence-Scaled Sizing (Platt Calibrated),4,46,83449.18038885857,0.75,14.392691029900332,12010.582700352594,1
Candidate 2: Confidence-Scaled Sizing (Platt Calibrated),4,47,61638.078276082015,0.5,-4.832527441028469,-2978.677046814271,0
Candidate 2: Confidence-Scaled Sizing (Platt Calibrated),4,48,60148.73975267488,0.5,3.116688410374025,1874.6488008576518,1
Candidate 2: Confidence-Scaled Sizing (Platt Calibrated),4,49,61086.06415310371,0.5,-0.6273016169294102,-383.1938681509564,0
Candidate 2: Confidence-Scaled Sizing (Platt Calibrated),4,50,91341.70082854235,0.75,-7.210320627979137,-6586.02949678738,0
Candidate 2: Confidence-Scaled Sizing (Platt Calibrated),4,51,28800.72623531727,0.25,4.134364716296482,1190.7270635101013,1
Candidate 2: Confidence-Scaled Sizing (Platt Calibrated),4,52,29098.408001194795,0.25,15.136987336701463,4404.622334322581,1
Candidate 2: Confidence-Scaled Sizing (Platt Calibrated),4,53,60399.12716955088,0.5,2.958393493852083,1786.8438485274387,1
Candidate 2: Confidence-Scaled Sizing (Platt Calibrated),4,54,61292.549093814596,0.5,0.06605762468730259,40.48840204167273,1
Candidate 2: Confidence-Scaled Sizing (Platt Calibrated),4,55,61312.79329483543,0.5,-1.346216026482387,-825.4026496190929,0
Candidate 2: Confidence-Scaled Sizing (Platt Calibrated),4,56,60900.09197002588,0.5,5.497754670184158,3348.137650428546,1
Candidate 2: Confidence-Scaled Sizing (Platt Calibrated),4,57,93861.24119286024,0.75,2.2954772058828463,2154.563396740827,1
Candidate 2: Confidence-Scaled Sizing (Platt Calibrated),4,58,63651.442493610564,0.5,7.078730212347983,4505.713890390513,1
Candidate 2: Confidence-Scaled Sizing (Platt Calibrated),4,59,65904.29943880581,0.5,-1.286164229471316,-847.6375250655857,0
Candidate 2: Confidence-Scaled Sizing (Platt Calibrated),4,60,32740.24033813651,0.25,1.517404502909183,496.8018811541721,1
Candidate 2: Confidence-Scaled Sizing (Platt Calibrated),4,61,65728.8816168501,0.5,3.376724044879574,2219.4829499866078,1
Candidate 2: Confidence-Scaled Sizing (Platt Calibrated),4,62,66838.62309184342,0.5,-0.3042797440094273,-203.37639124328712,0
Candidate 2: Confidence-Scaled Sizing (Platt Calibrated),4,63,66736.93489622176,0.5,4.172183751861821,2784.387554230766,1
Candidate 2: Confidence-Scaled Sizing (Platt Calibrated),4,64,68129.12867333714,0.5,-10.88283804419308,-7414.38273443919,0
Candidate 2: Confidence-Scaled Sizing (Platt Calibrated),4,65,32210.96865305877,0.25,0.22878747434856342,73.69466164454064,1
Candidate 2: Confidence-Scaled Sizing (Platt Calibrated),4,66,32229.392318469905,0.25,-2.636529737292958,-849.7375126252715,0
Candidate 2: Confidence-Scaled Sizing (Platt Calibrated),4,67,32016.957940313587,0.25,4.9728426808959965,1592.1529495804336,1
Candidate 2: Confidence-Scaled Sizing (Platt Calibrated),4,68,64829.99235541739,0.5,0.49968342631362744,323.94472708041235,1
Candidate 2: Confidence-Scaled Sizing (Platt Calibrated),4,69,64991.96471895759,0.5,-4.683487828409408,-3043.8907570565157,0
Candidate 2: Confidence-Scaled Sizing (Platt Calibrated),4,70,31735.00967021467,0.25,-1.9375551346834288,-614.883309357527,0
Candidate 2: Confidence-Scaled Sizing (Platt Calibrated),4,71,31581.28884287529,0.25,6.0481421040090275,1910.0812274946456,1
Candidate 2: Confidence-Scaled Sizing (Platt Calibrated),4,72,96176.42744924685,0.75,3.3689823507045134,3240.166866303258,1
Candidate 2: Confidence-Scaled Sizing (Platt Calibrated),4,73,98606.55259897429,0.75,0.21650905102891058,213.4921112843628,1
Candidate 2: Confidence-Scaled Sizing (Platt Calibrated),4,74,65844.4477882917,0.5,-3.531775415072257,-2325.478019176975,0
Candidate 2: Confidence-Scaled Sizing (Platt Calibrated),4,75,32340.854389351603,0.25,2.124300566416316,687.0169529768722,1
Candidate 2: Confidence-Scaled Sizing (Platt Calibrated),4,76,32512.608627595822,0.25,3.914883144707619,1272.830635066504,1
Candidate 2: Confidence-Scaled Sizing (Platt Calibrated),4,77,98492.44885908734,0.75,0.7839848005048938,772.1658287003005,1
Candidate 2: Confidence-Scaled Sizing (Platt Calibrated),4,78,66047.71548707504,0.5,-1.812640655689347,-1197.2077430727513,0
Candidate 2: Confidence-Scaled Sizing (Platt Calibrated),4,79,65449.11161553866,0.5,4.719919344869599,3089.1452801871046,1
Candidate 2: Confidence-Scaled Sizing (Platt Calibrated),4,80,66993.68425563221,0.5,2.294539221606503,1537.1963612447016,1
Candidate 2: Confidence-Scaled Sizing (Platt Calibrated),4,81,67762.28243625455,0.5,-0.5286080673433903,-358.19689157405475,0
Candidate 2: Confidence-Scaled Sizing (Platt Calibrated),4,82,101374.77598570127,0.75,-4.286387690136819,-4345.315918754875,0
Candidate 2: Confidence-Scaled Sizing (Platt Calibrated),4,83,65410.52603109008,0.5,-0.8309619973723337,-543.5366135996964,0
Candidate 2: Confidence-Scaled Sizing (Platt Calibrated),4,84,65138.75772429023,0.5,2.247417783065581,1463.9400247637034,1
Candidate 3: Risk-Normalized Sizing (Isotonic Calibrated),4,1,25000.0,0.25,6.9262196908920455,1731.5549227230113,1
Candidate 3: Risk-Normalized Sizing (Isotonic Calibrated),4,2,25432.888730680752,0.25,8.063859148908078,2050.8723247406115,1
Candidate 3: Risk-Normalized Sizing (Isotonic Calibrated),4,3,25945.606811865906,0.25,-0.12180291110784124,-31.602504401447028,0
Candidate 3: Risk-Normalized Sizing (Isotonic Calibrated),4,4,25937.706185765546,0.25,1.0272777905421275,266.4522950224411,1
Candidate 3: Risk-Normalized Sizing (Isotonic Calibrated),4,5,26004.319259521155,0.25,2.8470136222192797,740.346511683959,1
Candidate 3: Risk-Normalized Sizing (Isotonic Calibrated),4,6,26189.405887442143,0.25,6.5169511874067485,1706.7507979564334,1
Candidate 3: Risk-Normalized Sizing (Isotonic Calibrated),4,7,26616.09358693125,0.25,0.6612640679063837,176.00266317071168,1
Candidate 3: Risk-Normalized Sizing (Isotonic Calibrated),4,8,26660.094252723924,0.25,-6.351282645360228,-1693.257939509934,0
Candidate 3: Risk-Normalized Sizing (Isotonic Calibrated),4,9,26236.77976784644,0.25,0.2878908885046635,75.5332983886649,1
Candidate 3: Risk-Normalized Sizing (Isotonic Calibrated),4,10,26255.663092443607,0.25,6.360600441419019,1670.0178225554585,1
Candidate 3: Risk-Normalized Sizing (Isotonic Calibrated),4,11,26673.16754808247,0.25,-0.7675544808209036,-204.73109269217417,0
Candidate 3: Risk-Normalized Sizing (Isotonic Calibrated),4,12,26621.984774909426,0.25,-5.061778111332121,-1347.545798138535,0
Candidate 3: Risk-Normalized Sizing (Isotonic Calibrated),4,13,26285.098325374795,0.25,-3.9266799114375632,-1032.1316756441033,0
Candidate 3: Risk-Normalized Sizing (Isotonic Calibrated),4,14,26027.065406463767,0.25,-0.0896431605441933,-23.33148402725851,0
Candidate 3: Risk-Normalized Sizing (Isotonic Calibrated),4,15,26021.232535456955,0.25,-0.7876167847518246,-204.94759504856177,0
Candidate 3: Risk-Normalized Sizing (Isotonic Calibrated),4,16,25969.995636694817,0.25,-3.2553794520673613,-845.4219016597534,0
Candidate 3: Risk-Normalized Sizing (Isotonic Calibrated),4,17,25758.64016127988,0.25,-8.47075633229398,-2181.951642574436,0
Candidate 3: Risk-Normalized Sizing (Isotonic Calibrated),4,18,40441.39226754761,0.40099500317861925,4.448173994561378,1798.9034938836087,1
Candidate 3: Risk-Normalized Sizing (Isotonic Calibrated),4,19,25662.878124107174,0.25,2.6337129965196073,675.8865564355979,1
Candidate 3: Risk-Normalized Sizing (Isotonic Calibrated),4,20,25831.849763216072,0.25,3.528118628829441,911.3783036672601,1
Candidate 3: Risk-Normalized Sizing (Isotonic Calibrated),4,21,26059.69433913289,0.25,-4.449090331045306,-1159.4193411423223,0
Candidate 3: Risk-Normalized Sizing (Isotonic Calibrated),4,22,25769.839503847306,0.25,-1.3716676353885695,-353.47654816585185,0
Candidate 3: Risk-Normalized Sizing (Isotonic Calibrated),4,23,25681.470366805843,0.25,7.805350137262035,2004.5286825263888,1
Candidate 3: Risk-Normalized Sizing (Isotonic Calibrated),4,24,26182.602537437437,0.25,2.9431895596590913,770.603624328895,1
Candidate 3: Risk-Normalized Sizing (Isotonic Calibrated),4,25,26375.25344351966,0.25,1.565967729977156,413.0279576252065,1
Candidate 3: Risk-Normalized Sizing (Isotonic Calibrated),4,26,26478.510432925963,0.25,-3.266329705007144,-864.8754517140765,0
Candidate 3: Risk-Normalized Sizing (Isotonic Calibrated),4,27,26262.291569997444,0.25,-5.262791988586902,-1382.1297767651588,0
Candidate 3: Risk-Normalized Sizing (Isotonic Calibrated),4,28,49140.594443884744,0.4740233356854587,-1.176754176973443,-578.2639977079934,0
Candidate 3: Risk-Normalized Sizing (Isotonic Calibrated),4,29,25772.193126379156,0.25,5.974970781806569,1539.8810091319156,1
Candidate 3: Risk-Normalized Sizing (Isotonic Calibrated),4,30,26157.16337866213,0.25,2.0899458686365695,546.6705553848669,1
Candidate 3: Risk-Normalized Sizing (Isotonic Calibrated),4,31,26293.831017508346,0.25,-8.081684398076785,-2124.9844389986465,0
Candidate 3: Risk-Normalized Sizing (Isotonic Calibrated),4,32,36369.346294998846,0.352927961472199,-2.539066151728784,-923.4417613813423,0
Candidate 3: Risk-Normalized Sizing (Isotonic Calibrated),4,33,36563.13131155463,0.35801666430934664,4.0342144117376355,1475.0351127532929,1
Candidate 3: Risk-Normalized Sizing (Isotonic Calibrated),4,34,25900.483245601667,0.25,1.728659994801014,447.7312923268552,1
Candidate 3: Risk-Normalized Sizing (Isotonic Calibrated),4,35,26012.41606868338,0.25,0.8771535092377628,228.16882038398398,1
Candidate 3: Risk-Normalized Sizing (Isotonic Calibrated),4,36,26069.458273779375,0.25,-1.140374869182445,-297.2895506861836,0
Candidate 3: Risk-Normalized Sizing (Isotonic Calibrated),4,37,25995.135886107833,0.25,1.2343721645309715,320.8767215101166,1
Candidate 3: Risk-Normalized Sizing (Isotonic Calibrated),4,38,26075.35506648536,0.25,5.988035640853743,1561.4015548603059,1
Candidate 3: Risk-Normalized Sizing (Isotonic Calibrated),4,39,26465.70545520044,0.25,1.2995896313314854,343.9455639545162,1
Candidate 3: Risk-Normalized Sizing (Isotonic Calibrated),4,40,26551.69184618907,0.25,3.2247871445303873,856.2355453112283,1
Candidate 3: Risk-Normalized Sizing (Isotonic Calibrated),4,41,26765.750732516877,0.25,-2.954236551727683,-790.7235914843336,0
Candidate 3: Risk-Normalized Sizing (Isotonic Calibrated),4,42,26568.069834645794,0.25,-3.304072519500291,-877.828294368178,0
Candidate 3: Risk-Normalized Sizing (Isotonic Calibrated),4,43,26348.61276105375,0.25,3.824418454099627,1007.6812088329889,1
Candidate 3: Risk-Normalized Sizing (Isotonic Calibrated),4,44,26600.533063262,0.25,3.694961305336525,982.8794037007794,1
Candidate 3: Risk-Normalized Sizing (Isotonic Calibrated),4,45,26846.252914187193,0.25,14.69710263827626,3945.6213453293235,1
Candidate 3: Risk-Normalized Sizing (Isotonic Calibrated),4,46,27832.658250519526,0.25,-7.737819475093607,-2153.6408505449476,0
Candidate 3: Risk-Normalized Sizing (Isotonic Calibrated),4,47,27294.248037883288,0.25,4.128544128555573,1126.8550748014252,1
Candidate 3: Risk-Normalized Sizing (Isotonic Calibrated),4,48,27575.961806583644,0.25,-5.5425707945862,-1528.41720541795,0
Candidate 3: Risk-Normalized Sizing (Isotonic Calibrated),4,49,27193.857505229156,0.25,1.2907377739754784,351.0013910210584,1
Candidate 3: Risk-Normalized Sizing (Isotonic Calibrated),4,50,27281.60785298442,0.25,9.444859667697216,2576.7095768058416,1
Candidate 3: Risk-Normalized Sizing (Isotonic Calibrated),4,51,27925.78524718588,0.25,10.694966688913372,2986.6534298040146,1
Candidate 3: Risk-Normalized Sizing (Isotonic Calibrated),4,52,28672.448604636884,0.25,-1.5056933196806463,-431.71914322888426,0
Candidate 3: Risk-Normalized Sizing (Isotonic Calibrated),4,53,28564.518818829663,0.25,1.0790431515622294,308.22348409128574,1
Candidate 3: Risk-Normalized Sizing (Isotonic Calibrated),4,54,28641.574689852485,0.25,0.9915708812260537,284.00151454918864,1
Candidate 3: Risk-Normalized Sizing (Isotonic Calibrated),4,55,28712.575068489783,0.25,3.882537900056148,1114.7766091161884,1
Candidate 3: Risk-Normalized Sizing (Isotonic Calibrated),4,56,28991.26922076883,0.25,6.454258578560196,1871.1714807149538,1
Candidate 3: Risk-Normalized Sizing (Isotonic Calibrated),4,57,29459.06209094757,0.25,-0.43699619407628776,-128.73498014801135,0
Candidate 3: Risk-Normalized Sizing (Isotonic Calibrated),4,58,29426.878345910565,0.25,2.4363665908862537,716.9466327605064,1
Candidate 3: Risk-Normalized Sizing (Isotonic Calibrated),4,59,29606.11500410069,0.25,3.714353346123636,1099.6757233120259,1
Candidate 3: Risk-Normalized Sizing (Isotonic Calibrated),4,60,50066.40872428862,0.4188811608169014,-1.208012843694424,-604.8086477659522,0
Candidate 3: Risk-Normalized Sizing (Isotonic Calibrated),4,61,29729.831772987214,0.25,6.86188137122022,2040.0257881257196,1
Candidate 3: Risk-Normalized Sizing (Isotonic Calibrated),4,62,30239.838220018646,0.25,-10.88283804419308,-3290.9526183106286,0
Candidate 3: Risk-Normalized Sizing (Isotonic Calibrated),4,63,31171.352206467927,0.26490843877476405,0.22878747434856342,71.31614943347317,1
Candidate 3: Risk-Normalized Sizing (Isotonic Calibrated),4,64,29434.929102799357,0.25,-2.6365297372929577,-776.0606589464043,0
Candidate 3: Risk-Normalized Sizing (Isotonic Calibrated),4,65,29940.899658116505,0.2559846429692352,4.972842680895996,1488.9138372430607,1
Candidate 3: Risk-Normalized Sizing (Isotonic Calibrated),4,66,29613.142397373515,0.25,0.4996834263136275,147.97196457032948,1
Candidate 3: Risk-Normalized Sizing (Isotonic Calibrated),4,67,29650.1353885161,0.25,-4.683487828409408,-1388.660482028062,0
Candidate 3: Risk-Normalized Sizing (Isotonic Calibrated),4,68,29302.970268009085,0.25,-1.9375551346834288,-567.7612050425686,0
Candidate 3: Risk-Normalized Sizing (Isotonic Calibrated),4,69,29161.029966748443,0.25,6.048142104009027,1763.700531381602,1
Candidate 3: Risk-Normalized Sizing (Isotonic Calibrated),4,70,29601.955099593844,0.25,3.3689823507045142,997.2846427687915,1
Candidate 3: Risk-Normalized Sizing (Isotonic Calibrated),4,71,29851.276260286042,0.25,-1.7882114428426212,-533.8039379209979,0
Candidate 3: Risk-Normalized Sizing (Isotonic Calibrated),4,72,29717.825275805793,0.25,1.2717863112528653,377.94723385974214,1
Candidate 3: Risk-Normalized Sizing (Isotonic Calibrated),4,73,29812.31208427073,0.25,2.6903647734584335,802.0599424687115,1
Candidate 3: Risk-Normalized Sizing (Isotonic Calibrated),4,74,30012.827069887906,0.25,7.18731701269313,2157.1170259842224,1
Candidate 3: Risk-Normalized Sizing (Isotonic Calibrated),4,75,30552.10632638396,0.25,-1.812640655689347,-553.7999004414727,0
Candidate 3: Risk-Normalized Sizing (Isotonic Calibrated),4,76,30413.656351273592,0.25,4.719919344869599,1435.5000496059236,1
Candidate 3: Risk-Normalized Sizing (Isotonic Calibrated),4,77,30772.531363675072,0.25,2.2945392216065033,706.0878016206871,1
Candidate 3: Risk-Normalized Sizing (Isotonic Calibrated),4,78,30949.053314080244,0.25,-0.5286080673433902,-163.59919258463503,0
Candidate 3: Risk-Normalized Sizing (Isotonic Calibrated),4,79,30908.153515934086,0.25,-5.47526010281696,-1692.3017979753563,0
Candidate 3: Risk-Normalized Sizing (Isotonic Calibrated),4,80,30485.07806644025,0.25,4.073408960713337,1241.7819016388332,1
Candidate 3: Risk-Normalized Sizing (Isotonic Calibrated),4,81,30795.523541849958,0.25,-1.2617288393098183,-388.55600174396534,0
Candidate 4: Causal Regime-Aware Adaptive Sizing,4,1,50000.0,0.5,6.9262196908920455,3463.1098454460225,1
Candidate 4: Causal Regime-Aware Adaptive Sizing,4,2,51731.55492272301,0.5,8.06385914890808,4171.559724508407,1
Candidate 4: Causal Regime-Aware Adaptive Sizing,4,3,107634.66956995442,1.0,-0.12180291110784124,-131.10216089751023,0
Candidate 4: Causal Regime-Aware Adaptive Sizing,4,4,107503.56740905691,1.0,-1.7512849465782816,-1882.6937930694492,0
Candidate 4: Causal Regime-Aware Adaptive Sizing,4,5,105620.87361598745,1.0,3.612834431067935,3815.907288393143,1
Candidate 4: Causal Regime-Aware Adaptive Sizing,4,6,109436.78090438059,1.0,-0.13109675490159667,-143.46806843441317,0
Candidate 4: Causal Regime-Aware Adaptive Sizing,4,7,109293.31283594617,1.0,-1.4433196931053218,-1577.4519074084176,0
Candidate 4: Causal Regime-Aware Adaptive Sizing,4,8,107715.86092853775,1.0,-2.894218340697153,-3117.532202833578,0
Candidate 4: Causal Regime-Aware Adaptive Sizing,4,9,52299.16436285208,0.5,0.6583603316387495,344.3169519435677,1
Candidate 4: Causal Regime-Aware Adaptive Sizing,4,10,52471.322838823864,0.5,3.756328614320142,1970.9953141070407,1
Candidate 4: Causal Regime-Aware Adaptive Sizing,4,11,53456.820495877386,0.5,3.357449744827956,1794.785883331974,1
Candidate 4: Causal Regime-Aware Adaptive Sizing,4,12,108708.42687508675,1.0,-6.918148561904546,-7520.61047052787,0
Candidate 4: Causal Regime-Aware Adaptive Sizing,4,13,50593.90820227944,0.5,-6.663852973184127,-3371.503655987646,0
Candidate 4: Causal Regime-Aware Adaptive Sizing,4,14,48908.156374285616,0.5,-0.0896431605441933,-43.842817137805966,0
Candidate 4: Causal Regime-Aware Adaptive Sizing,4,15,48886.234965716714,0.5,-0.7876167847518248,-385.03619202320033,0
Candidate 4: Causal Regime-Aware Adaptive Sizing,4,16,48693.71686970511,0.5,-3.2553794520673613,-1585.1652534242385,0
Candidate 4: Causal Regime-Aware Adaptive Sizing,4,17,47901.134242992994,0.5,-8.47075633229398,-4057.58836212897,0
Candidate 4: Causal Regime-Aware Adaptive Sizing,4,18,45872.34006192851,0.5,4.448173994561378,2040.4815013314646,1
Candidate 4: Causal Regime-Aware Adaptive Sizing,4,19,46892.58081259424,0.5,2.633712996519608,1235.0159952647546,1
Candidate 4: Causal Regime-Aware Adaptive Sizing,4,20,47510.08881022662,0.5,3.52811862882944,1676.2122938870166,1
Candidate 4: Causal Regime-Aware Adaptive Sizing,4,21,48348.194957170126,0.5,-5.009376153657445,-2421.9429489082913,0
Candidate 4: Causal Regime-Aware Adaptive Sizing,4,22,47137.223482715985,0.5,3.612988567515524,1703.0624954747714,1
Candidate 4: Causal Regime-Aware Adaptive Sizing,4,23,95977.50946090673,1.0,3.3835934228016824,3247.488697488103,1
Candidate 4: Causal Regime-Aware Adaptive Sizing,4,24,99224.99815839484,1.0,2.0517241379310343,2035.8232380774111,1
Candidate 4: Causal Regime-Aware Adaptive Sizing,4,25,101260.82139647225,1.0,1.1982462758964774,1213.354021325412,1
Candidate 4: Causal Regime-Aware Adaptive Sizing,4,26,102474.17541779767,1.0,-2.2473101778093834,-2302.9125737904083,0
Candidate 4: Causal Regime-Aware Adaptive Sizing,4,27,100171.26284400726,1.0,-4.838371941825703,-4846.658275216923,0
Candidate 4: Causal Regime-Aware Adaptive Sizing,4,28,47662.30228439517,0.5,-1.176754176973443,-560.8681329733289,0
Candidate 4: Causal Regime-Aware Adaptive Sizing,4,29,47381.8682179085,0.5,5.9749707818065705,2831.0527818941264,1
Candidate 4: Causal Regime-Aware Adaptive Sizing,4,30,48797.39460885557,0.5,4.915262541008369,2398.5200581971153,1
Candidate 4: Causal Regime-Aware Adaptive Sizing,4,31,99993.30927590825,1.0,-3.998337774776622,-3998.070257027855,0
Candidate 4: Causal Regime-Aware Adaptive Sizing,4,32,95995.2390188804,1.0,-4.236097488544845,-4066.4519092014134,0
Candidate 4: Causal Regime-Aware Adaptive Sizing,4,33,45964.393554839495,0.5,1.6516318435651618,759.162560653342,1
Candidate 4: Causal Regime-Aware Adaptive Sizing,4,34,46343.97483516617,0.5,3.7701393528091653,1747.2324329165763,1
Candidate 4: Causal Regime-Aware Adaptive Sizing,4,35,47217.59105162446,0.5,-0.4713751022518537,-222.57196810045693,0
Candidate 4: Causal Regime-Aware Adaptive Sizing,4,36,94212.61013514847,1.0,0.060330605389577845,56.83903804785784,1
Candidate 4: Causal Regime-Aware Adaptive Sizing,4,37,94269.44917319632,1.0,-0.4761790602490942,-448.8913771749237,0
Candidate 4: Causal Regime-Aware Adaptive Sizing,4,38,93820.5577960214,1.0,-0.5217817087576389,-489.5385096340286,0
Candidate 4: Causal Regime-Aware Adaptive Sizing,4,39,46665.50964319368,0.5,3.213937206728342,1499.8001771320044,1
Candidate 4: Causal Regime-Aware Adaptive Sizing,4,40,47415.40973175969,0.5,2.148974105598593,1018.944877198991,1
Candidate 4: Causal Regime-Aware Adaptive Sizing,4,41,95849.76434071836,1.0,5.350930840974976,5128.854601109334,1
Candidate 4: Causal Regime-Aware Adaptive Sizing,4,42,100978.61894182769,1.0,-2.74690389294996,-2773.78561476017,0
Candidate 4: Causal Regime-Aware Adaptive Sizing,4,43,98204.83332706752,1.0,-1.0205744587747456,-1002.2534462183604,0
Candidate 4: Causal Regime-Aware Adaptive Sizing,4,44,97202.57988084917,1.0,-0.5373565785120661,-522.324457473189,0
Candidate 4: Causal Regime-Aware Adaptive Sizing,4,45,48340.12771168799,0.5,2.1453905480638986,1037.0845308485714,1
Candidate 4: Causal Regime-Aware Adaptive Sizing,4,46,48858.66997711227,0.5,14.392691029900332,7032.077411124445,1
Candidate 4: Causal Regime-Aware Adaptive Sizing,4,47,104749.41736534899,1.0,-4.832527441028469,-5062.04433849793,0
Candidate 4: Causal Regime-Aware Adaptive Sizing,4,48,99687.37302685106,1.0,3.1166884103740244,3106.9448017341883,1
Candidate 4: Causal Regime-Aware Adaptive Sizing,4,49,102794.31782858525,1.0,-0.6273016169294101,-644.8304178502722,0
Candidate 4: Causal Regime-Aware Adaptive Sizing,4,50,102149.48741073498,1.0,-7.210320627979138,-7365.305562151178,0
Candidate 4: Causal Regime-Aware Adaptive Sizing,4,51,47392.0909242919,0.5,4.134364716296482,1959.3618854890715,1
Candidate 4: Causal Regime-Aware Adaptive Sizing,4,52,48371.77186703644,0.5,15.136987336701461,7322.028982051425,1
Candidate 4: Causal Regime-Aware Adaptive Sizing,4,53,104065.5727161243,1.0,2.9583934938520824,3078.669132573729,1
Candidate 4: Causal Regime-Aware Adaptive Sizing,4,54,107144.24184869803,1.0,0.06605762468730263,70.77694115446877,1
Candidate 4: Causal Regime-Aware Adaptive Sizing,4,55,107215.0187898525,1.0,-1.346216026482387,-1443.345765745097,0
Candidate 4: Causal Regime-Aware Adaptive Sizing,4,56,105771.67302410741,1.0,5.497754670184158,5815.067093414783,1
Candidate 4: Causal Regime-Aware Adaptive Sizing,4,57,111586.74011752219,1.0,2.295477205882846,2561.448184185451,1
Candidate 4: Causal Regime-Aware Adaptive Sizing,4,58,114148.18830170765,1.0,7.078730212347983,8080.242292160845,1
Candidate 4: Causal Regime-Aware Adaptive Sizing,4,59,122228.43059386848,1.0,-1.286164229471316,-1572.0583525425109,0
Candidate 4: Causal Regime-Aware Adaptive Sizing,4,60,120656.37224132597,1.0,1.517404502909183,1830.8452254367455,1
Candidate 4: Causal Regime-Aware Adaptive Sizing,4,61,122487.21746676271,1.0,3.3767240448795746,4136.055324104111,1
Candidate 4: Causal Regime-Aware Adaptive Sizing,4,62,126623.27279086682,1.0,-0.30427974400942737,-385.2889703044084,0
Candidate 4: Causal Regime-Aware Adaptive Sizing,4,63,126237.98382056241,1.0,4.172183751861821,5266.880649639459,1
Candidate 4: Causal Regime-Aware Adaptive Sizing,4,64,131504.86447020186,1.0,-10.882838044193077,-14311.461420527674,0
Candidate 4: Causal Regime-Aware Adaptive Sizing,4,65,58596.701524837095,0.5,0.22878747434856342,134.06191347024094,1
Candidate 4: Causal Regime-Aware Adaptive Sizing,4,66,58663.73248157222,0.5,-2.6365297372929586,-1546.68675188264,0
Candidate 4: Causal Regime-Aware Adaptive Sizing,4,67,57890.38910563089,0.5,4.9728426808959965,2878.797977581579,1
Candidate 4: Causal Regime-Aware Adaptive Sizing,4,68,59329.78809442168,0.5,0.4996834263136275,296.4611179748209,1
Candidate 4: Causal Regime-Aware Adaptive Sizing,4,69,118956.03730681818,1.0,-4.683487828409408,-5571.291528422985,0
Candidate 4: Causal Regime-Aware Adaptive Sizing,4,70,56692.3728891976,0.5,-1.9375551346834285,-1098.445981888524,0
Candidate 4: Causal Regime-Aware Adaptive Sizing,4,71,56143.14989825334,0.5,6.0481421040090275,3395.6174875131614,1
Candidate 4: Causal Regime-Aware Adaptive Sizing,4,72,57840.95864200992,0.5,3.3689823507045142,1948.6516881276116,1
Candidate 4: Causal Regime-Aware Adaptive Sizing,4,73,117630.56897214745,1.0,0.21650905102891058,254.6808286015046,1
Candidate 4: Causal Regime-Aware Adaptive Sizing,4,74,117885.24980074895,1.0,-3.5317754150722567,-4163.442270459368,0
Candidate 4: Causal Regime-Aware Adaptive Sizing,4,75,113721.80753028957,1.0,2.1243005664163164,2415.7930015048146,1
Candidate 4: Causal Regime-Aware Adaptive Sizing,4,76,116137.6005317944,1.0,3.914883144707619,4546.651347887085,1
Candidate 4: Causal Regime-Aware Adaptive Sizing,4,77,120684.25187968148,1.0,0.7839848005048937,946.1461913397443,1
Candidate 4: Causal Regime-Aware Adaptive Sizing,4,78,121630.39807102123,1.0,-1.812640655689347,-2204.722045112122,0
Candidate 4: Causal Regime-Aware Adaptive Sizing,4,79,119425.67602590911,1.0,4.719919344869598,5636.7955854881775,1
Candidate 4: Causal Regime-Aware Adaptive Sizing,4,80,125062.47161139728,1.0,2.2945392216065033,2869.607462634009,1
Candidate 4: Causal Regime-Aware Adaptive Sizing,4,81,127932.0790740313,1.0,-0.5286080673433902,-676.2592907054545,0
Candidate 4: Causal Regime-Aware Adaptive Sizing,4,82,127255.81978332585,1.0,-4.286387690136819,-5454.677794175174,0
Candidate 4: Causal Regime-Aware Adaptive Sizing,4,83,60900.57099457533,0.5,-0.8309619973723337,-506.0606011476793,0
Candidate 4: Causal Regime-Aware Adaptive Sizing,4,84,60647.540694001495,0.5,2.247417783065581,1363.0036145489244,1
Candidate 1: Baseline C59 (Fixed 100% Size),5,1,100000.0,1.0,-0.940316436266545,-940.316436266545,0
Candidate 1: Baseline C59 (Fixed 100% Size),5,2,99059.68356373346,1.0,-3.0508988341196273,-3022.210730928536,0
Candidate 1: Baseline C59 (Fixed 100% Size),5,3,96037.47283280492,1.0,-1.5063933923986272,-1446.7021449800002,0
Candidate 1: Baseline C59 (Fixed 100% Size),5,4,94590.77068782493,1.0,8.259634914820953,7812.852321929811,1
Candidate 1: Baseline C59 (Fixed 100% Size),5,5,102403.62300975474,1.0,-1.5237271150372353,-1560.3517705801423,0
Candidate 1: Baseline C59 (Fixed 100% Size),5,6,100843.27123917459,1.0,4.189668029829204,4224.998295341647,1
Candidate 1: Baseline C59 (Fixed 100% Size),5,7,105068.26953451624,1.0,4.952536012811027,5203.543886734274,1
Candidate 1: Baseline C59 (Fixed 100% Size),5,8,110271.81342125051,1.0,-8.465397240457508,-9334.947050364992,0
Candidate 1: Baseline C59 (Fixed 100% Size),5,9,100936.86637088552,1.0,-17.23669816678002,-17398.182995355623,0
Candidate 1: Baseline C59 (Fixed 100% Size),5,10,83538.68337552989,1.0,10.028581158646055,8377.744661179375,1
Candidate 1: Baseline C59 (Fixed 100% Size),5,11,91916.42803670926,1.0,1.5896049386773043,1461.1080795273008,1
Candidate 1: Baseline C59 (Fixed 100% Size),5,12,93377.53611623656,1.0,6.041082755577492,5641.014231901112,1
Candidate 1: Baseline C59 (Fixed 100% Size),5,13,99018.55034813767,1.0,7.940447125962903,7862.515635288827,1
Candidate 1: Baseline C59 (Fixed 100% Size),5,14,106881.0659834265,1.0,-0.8497677843956272,-908.2408663457917,0
Candidate 1: Baseline C59 (Fixed 100% Size),5,15,105972.8251170807,1.0,3.4311161727015564,3636.0507412608936,1
Candidate 1: Baseline C59 (Fixed 100% Size),5,16,109608.8758583416,1.0,4.208539393744682,4612.932719539011,1
Candidate 1: Baseline C59 (Fixed 100% Size),5,17,114221.80857788061,1.0,-0.2282143147336247,-260.6705177223628,0
Candidate 1: Baseline C59 (Fixed 100% Size),5,18,113961.13806015825,1.0,0.2785010419738799,317.3829569428326,1
Candidate 1: Baseline C59 (Fixed 100% Size),5,19,114278.52101710108,1.0,10.389912712299367,11873.438582583489,1
Candidate 1: Baseline C59 (Fixed 100% Size),5,20,126151.95959968457,1.0,0.1122939572895573,141.66102763280935,1
Candidate 1: Baseline C59 (Fixed 100% Size),5,21,126293.62062731739,1.0,0.667800062025602,843.3888768836041,1
Candidate 1: Baseline C59 (Fixed 100% Size),5,22,127137.00950420099,1.0,0.40176723547125787,510.79484834585867,1
Candidate 1: Baseline C59 (Fixed 100% Size),5,23,127647.80435254685,1.0,2.213349913286379,2825.2925669490623,1
Candidate 1: Baseline C59 (Fixed 100% Size),5,24,130473.09691949592,1.0,5.132576511455471,6696.6315262585795,1
Candidate 1: Baseline C59 (Fixed 100% Size),5,25,137169.7284457545,1.0,-8.344942806300445,-11446.735386355844,0
Candidate 1: Baseline C59 (Fixed 100% Size),5,26,125722.99305939866,1.0,4.06291847619685,5108.0227138379905,1
Candidate 1: Baseline C59 (Fixed 100% Size),5,27,130831.01577323665,1.0,2.07785076496819,2718.4732620598506,1
Candidate 1: Baseline C59 (Fixed 100% Size),5,28,133549.4890352965,1.0,0.956406262808427,1277.275677082229,1
Candidate 1: Baseline C59 (Fixed 100% Size),5,29,134826.7647123787,1.0,2.552573529411765,3441.552306610461,1
Candidate 1: Baseline C59 (Fixed 100% Size),5,30,138268.31701898915,1.0,5.51316354954238,7622.958454456613,1
Candidate 1: Baseline C59 (Fixed 100% Size),5,31,145891.27547344577,1.0,1.3619779723715555,1987.0070355602372,1
Candidate 1: Baseline C59 (Fixed 100% Size),5,32,147878.282509006,1.0,-1.8875465132272193,-2791.27136531904,0
Candidate 1: Baseline C59 (Fixed 100% Size),5,33,145087.01114368698,1.0,1.9996549384135773,2901.239583331394,1
Candidate 1: Baseline C59 (Fixed 100% Size),5,34,147988.25072701837,1.0,8.28242064806942,12257.009434931313,1
Candidate 1: Baseline C59 (Fixed 100% Size),5,35,160245.26016194967,1.0,2.0052974730665505,3213.3941527364964,1
Candidate 1: Baseline C59 (Fixed 100% Size),5,36,163458.65431468617,1.0,-3.701446629334657,-6050.33485048674,0
Candidate 1: Baseline C59 (Fixed 100% Size),5,37,157408.31946419942,1.0,-6.483139141389365,-10205.000370986727,0
Candidate 1: Baseline C59 (Fixed 100% Size),5,38,147203.3190932127,1.0,2.948112732587004,4339.719792977679,1
Candidate 1: Baseline C59 (Fixed 100% Size),5,39,151543.03888619036,1.0,4.635312377712813,7024.493239053723,1
Candidate 1: Baseline C59 (Fixed 100% Size),5,40,158567.5321252441,1.0,-1.6394732633000126,-2599.672293468035,0
Candidate 1: Baseline C59 (Fixed 100% Size),5,41,155967.85983177606,1.0,3.8480506710284517,6001.722276845374,1
Candidate 1: Baseline C59 (Fixed 100% Size),5,42,161969.58210862143,1.0,3.21517428399243,5207.6043518464,1
Candidate 1: Baseline C59 (Fixed 100% Size),5,43,167177.18646046784,1.0,-9.869158979325347,-16498.98230894674,0
Candidate 1: Baseline C59 (Fixed 100% Size),5,44,150678.2041515211,1.0,5.700200069503267,8588.95909777128,1
Candidate 1: Baseline C59 (Fixed 100% Size),5,45,159267.16324929235,1.0,-1.9633140825869255,-3126.914645010065,0
Candidate 1: Baseline C59 (Fixed 100% Size),5,46,156140.2486042823,1.0,-3.2440831124181604,-5065.319436659254,0
Candidate 1: Baseline C59 (Fixed 100% Size),5,47,151074.92916762305,1.0,-4.885575458260159,-7380.879662997309,0
Candidate 1: Baseline C59 (Fixed 100% Size),5,48,143694.04950462573,1.0,-0.14585698758901233,-209.58781195211117,0
Candidate 1: Baseline C59 (Fixed 100% Size),5,49,143484.46169267362,1.0,-8.30096406660824,-11910.5936062751,0
Candidate 1: Baseline C59 (Fixed 100% Size),5,50,131573.86808639852,1.0,3.87756198467835,5101.858290689029,1
Candidate 1: Baseline C59 (Fixed 100% Size),5,51,136675.72637708756,1.0,-8.30549537955418,-11351.596139221123,0
Candidate 1: Baseline C59 (Fixed 100% Size),5,52,125324.13023786644,1.0,8.619908295122968,10802.825098164561,1
Candidate 1: Baseline C59 (Fixed 100% Size),5,53,136126.955336031,1.0,4.221699088461796,5746.870432572018,1
Candidate 1: Baseline C59 (Fixed 100% Size),5,54,141873.82576860304,1.0,-2.7299627551220143,-3873.102602749562,0
Candidate 1: Baseline C59 (Fixed 100% Size),5,55,138000.72316585347,1.0,-5.213742999822997,-7195.003043764798,0
Candidate 1: Baseline C59 (Fixed 100% Size),5,56,130805.72012208868,1.0,1.8100386335463223,2367.6340690982806,1
Candidate 1: Baseline C59 (Fixed 100% Size),5,57,133173.35419118695,1.0,2.2631277466717328,3013.8831298741748,1
Candidate 1: Baseline C59 (Fixed 100% Size),5,58,136187.23732106114,1.0,1.2758658340720888,1737.5664313460918,1
Candidate 1: Baseline C59 (Fixed 100% Size),5,59,137924.80375240723,1.0,-2.8087865047811285,-3874.0132745434694,0
Candidate 1: Baseline C59 (Fixed 100% Size),5,60,134050.79047786375,1.0,-0.179677691229699,-240.85936540578678,0
Candidate 2: Confidence-Scaled Sizing (Platt Calibrated),5,1,25000.0,0.25,-2.872291364874804,-718.072841218701,0
Candidate 2: Confidence-Scaled Sizing (Platt Calibrated),5,2,24820.481789695325,0.25,1.2297501696041453,305.2299169053442,1
Candidate 2: Confidence-Scaled Sizing (Platt Calibrated),5,3,24896.78926892166,0.25,-6.422559505395061,-1599.0111057293057,0
Candidate 2: Confidence-Scaled Sizing (Platt Calibrated),5,4,24497.036492489337,0.25,-2.066535480032396,-506.23995067377575,0
Candidate 2: Confidence-Scaled Sizing (Platt Calibrated),5,5,24370.476504820894,0.25,5.905612658456336,1439.22594539483,1
Candidate 2: Confidence-Scaled Sizing (Platt Calibrated),5,6,24730.282991169603,0.25,0.13506435985682108,33.40179841280353,1
Candidate 2: Confidence-Scaled Sizing (Platt Calibrated),5,7,24738.633440772803,0.25,-2.372424344716323,-586.9053622990274,0
Candidate 2: Confidence-Scaled Sizing (Platt Calibrated),5,8,24591.90710019805,0.25,-1.110280988676285,-273.03926928643244,0
Candidate 2: Confidence-Scaled Sizing (Platt Calibrated),5,9,24523.647282876438,0.25,8.202980128330681,2011.6699133562613,1
Candidate 2: Confidence-Scaled Sizing (Platt Calibrated),5,10,25026.564761215504,0.25,-1.2571449669364865,-314.620199292721,0
Candidate 2: Confidence-Scaled Sizing (Platt Calibrated),5,11,24947.909711392327,0.25,-1.1556933324424823,-288.3213291183316,0
Candidate 2: Confidence-Scaled Sizing (Platt Calibrated),5,12,24875.829379112743,0.25,-2.2435836656340022,-558.1100446407577,0
Candidate 2: Confidence-Scaled Sizing (Platt Calibrated),5,13,24736.301867952552,0.25,-1.0912593076075818,-269.93719649194037,0
Candidate 2: Confidence-Scaled Sizing (Platt Calibrated),5,14,24668.817568829567,0.25,-6.853355962520055,-1690.6418797365761,0
Candidate 2: Confidence-Scaled Sizing (Platt Calibrated),5,15,24246.15709889542,0.25,-13.735042185695786,-3330.219905943359,0
Candidate 2: Confidence-Scaled Sizing (Platt Calibrated),5,16,23413.60212240958,0.25,3.595329189902241,841.7960715145622,1
Candidate 2: Confidence-Scaled Sizing (Platt Calibrated),5,17,23624.05114028822,0.25,3.884910695457608,917.773289449432,1
Candidate 2: Confidence-Scaled Sizing (Platt Calibrated),5,18,23853.49446265058,0.25,6.041082755577493,1441.0093405858163,1
Candidate 2: Confidence-Scaled Sizing (Platt Calibrated),5,19,24213.746797797034,0.25,2.759412607299147,668.1571818379049,1
Candidate 2: Confidence-Scaled Sizing (Platt Calibrated),5,20,24380.78609325651,0.25,5.05366771576641,1232.1239156449706,1
Candidate 2: Confidence-Scaled Sizing (Platt Calibrated),5,21,24688.817072167752,0.25,-3.2527444590063723,-803.0641293091559,0
Candidate 2: Confidence-Scaled Sizing (Platt Calibrated),5,22,24488.051039840462,0.25,8.543779034438268,2092.204970684432,1
Candidate 2: Confidence-Scaled Sizing (Platt Calibrated),5,23,25011.102282511572,0.25,-1.3583713754374427,-339.74365408701806,0
Candidate 2: Confidence-Scaled Sizing (Platt Calibrated),5,24,24926.16636898982,0.25,3.025653269380623,754.1793676745938,1
Candidate 2: Confidence-Scaled Sizing (Platt Calibrated),5,25,25114.711210908466,0.25,4.601781525020863,1155.7241405659295,1
Candidate 2: Confidence-Scaled Sizing (Platt Calibrated),5,26,25403.64224604995,0.25,-2.7103699209801215,-688.5326782703368,0
Candidate 2: Confidence-Scaled Sizing (Platt Calibrated),5,27,25231.509076482365,0.25,16.379814612917425,4132.874410769245,1
Candidate 2: Confidence-Scaled Sizing (Platt Calibrated),5,28,26264.727679174677,0.25,-7.041456650280642,-1849.4194138433459,0
Candidate 2: Confidence-Scaled Sizing (Platt Calibrated),5,29,25802.37282571384,0.25,0.6387694937034801,164.81768626229663,1
Candidate 2: Confidence-Scaled Sizing (Platt Calibrated),5,30,25843.577247279412,0.25,2.63163868331398,680.1095759915354,1
Candidate 2: Confidence-Scaled Sizing (Platt Calibrated),5,31,26013.6046412773,0.25,3.157149883712451,821.288488681503,1
Candidate 2: Confidence-Scaled Sizing (Platt Calibrated),5,32,26218.926763447675,0.25,3.3812864494398824,886.537017841023,1
Candidate 2: Confidence-Scaled Sizing (Platt Calibrated),5,33,26440.56101790793,0.25,4.160455480164912,1100.047769855898,1
Candidate 2: Confidence-Scaled Sizing (Platt Calibrated),5,34,26715.57296037191,0.25,7.8401541447595795,2094.5421007488676,1
Candidate 2: Confidence-Scaled Sizing (Platt Calibrated),5,35,27239.208485559124,0.25,-2.791744039579296,-760.4489793241746,0
Candidate 2: Confidence-Scaled Sizing (Platt Calibrated),5,36,27049.096240728082,0.25,-8.046065417319346,-2176.38797832265,0
Candidate 2: Confidence-Scaled Sizing (Platt Calibrated),5,37,26504.99924614742,0.25,1.5377326234911566,407.57602026409404,1
Candidate 2: Confidence-Scaled Sizing (Platt Calibrated),5,38,26606.893251213445,0.25,4.406709407819629,1172.488468029749,1
Candidate 2: Confidence-Scaled Sizing (Platt Calibrated),5,39,26900.01536822088,0.25,5.45512138277467,1467.4284903214896,1
Candidate 2: Confidence-Scaled Sizing (Platt Calibrated),5,40,27266.872490801252,0.25,-6.621274282510586,-1805.414415878377,0
Candidate 2: Confidence-Scaled Sizing (Platt Calibrated),5,41,26815.518886831658,0.25,1.3401203082275344,359.3602143590211,1
Candidate 2: Confidence-Scaled Sizing (Platt Calibrated),5,42,26905.358940421414,0.25,-1.1004291845493563,-296.0744219881567,0
Candidate 2: Confidence-Scaled Sizing (Platt Calibrated),5,43,26831.340334924374,0.25,1.0560770056382665,283.35961558168174,1
Candidate 2: Confidence-Scaled Sizing (Platt Calibrated),5,44,26902.180238819794,0.25,4.769536384033623,1283.1092745888134,1
Candidate 2: Confidence-Scaled Sizing (Platt Calibrated),5,45,27222.957557466994,0.25,-3.5083766371265397,-955.0838828810456,0
Candidate 2: Confidence-Scaled Sizing (Platt Calibrated),5,46,26984.186586746735,0.25,-0.4300735309897233,-116.05184406247697,0
Candidate 2: Confidence-Scaled Sizing (Platt Calibrated),5,47,26955.173625731113,0.25,3.810017060944104,1026.9967139474609,1
Candidate 2: Confidence-Scaled Sizing (Platt Calibrated),5,48,27211.92280421798,0.25,8.634147057053609,2349.5174319680864,1
Candidate 2: Confidence-Scaled Sizing (Platt Calibrated),5,49,27799.30216221,0.25,5.504374348422839,1530.1776572572428,1
Candidate 2: Confidence-Scaled Sizing (Platt Calibrated),5,50,28181.84657652431,0.25,2.00529747306655,565.1298572625341,1
Candidate 2: Confidence-Scaled Sizing (Platt Calibrated),5,51,28323.12904083994,0.25,-4.0405909794557155,-1144.4217971237806,0
Candidate 2: Confidence-Scaled Sizing (Platt Calibrated),5,52,56074.04718311799,0.5,-5.602414657763951,-3141.5006385884762,0
Candidate 2: Confidence-Scaled Sizing (Platt Calibrated),5,53,27251.648431911875,0.25,-0.05123611172451213,-13.962685037345627,0
Candidate 2: Confidence-Scaled Sizing (Platt Calibrated),5,54,27248.15776065254,0.25,-1.2009886003013097,-327.24726849755365,0
Candidate 2: Confidence-Scaled Sizing (Platt Calibrated),5,55,27166.34594352815,0.25,5.405316327789652,1468.426932949349,1
Candidate 2: Confidence-Scaled Sizing (Platt Calibrated),5,56,27533.45267676549,0.25,2.292579542440152,631.2263033949661,1
Candidate 2: Confidence-Scaled Sizing (Platt Calibrated),5,57,27691.259252614233,0.25,4.8664848123675535,1347.5909258817967,1
Candidate 2: Confidence-Scaled Sizing (Platt Calibrated),5,58,28028.156984084682,0.25,-2.893703294502986,-811.0517020369273,0
Candidate 2: Confidence-Scaled Sizing (Platt Calibrated),5,59,27825.394058575454,0.25,-0.8390522125010924,-233.46958448562486,0
Candidate 2: Confidence-Scaled Sizing (Platt Calibrated),5,60,27767.02666245405,0.25,-4.291133869178137,-1191.5202855762893,0
Candidate 2: Confidence-Scaled Sizing (Platt Calibrated),5,61,27469.146591059976,0.25,1.186917141811915,326.0360095987342,1
Candidate 2: Confidence-Scaled Sizing (Platt Calibrated),5,62,27550.655593459658,0.25,2.912975333666438,802.5438017008726,1
Candidate 2: Confidence-Scaled Sizing (Platt Calibrated),5,63,27751.291543884876,0.25,-0.48419446542998895,-134.3702177408311,0
Candidate 2: Confidence-Scaled Sizing (Platt Calibrated),5,64,27717.69898944967,0.25,0.3063293735549768,84.90745367823531,1
Candidate 2: Confidence-Scaled Sizing (Platt Calibrated),5,65,27738.92585286923,0.25,-2.660665294248594,-738.0399731646424,0
Candidate 2: Confidence-Scaled Sizing (Platt Calibrated),5,66,27554.41585957807,0.25,-2.6252853034506045,-723.3820300131656,0
Candidate 2: Confidence-Scaled Sizing (Platt Calibrated),5,67,27373.570352074777,0.25,-4.66689239583994,-1277.4950732308741,0
Candidate 2: Confidence-Scaled Sizing (Platt Calibrated),5,68,27054.196583767058,0.25,3.2480946263816963,878.7459054480782,1
Candidate 2: Confidence-Scaled Sizing (Platt Calibrated),5,69,27273.883060129076,0.25,-7.128510106067615,-1944.2215102583643,0
Candidate 2: Confidence-Scaled Sizing (Platt Calibrated),5,70,26787.827682564486,0.25,0.9104305674482907,243.88457157744213,1
Candidate 2: Confidence-Scaled Sizing (Platt Calibrated),5,71,26848.798825458845,0.25,7.219762462743645,1938.4194992980345,1
Candidate 2: Confidence-Scaled Sizing (Platt Calibrated),5,72,27333.403700283354,0.25,-5.946596019847972,-1625.4070965300282,0
Candidate 2: Confidence-Scaled Sizing (Platt Calibrated),5,73,26927.05192615085,0.25,0.5433259982038365,146.3016736646245,1
Candidate 2: Confidence-Scaled Sizing (Platt Calibrated),5,74,26963.627344567005,0.25,-7.756655283550412,-2091.4756250592004,0
Candidate 2: Confidence-Scaled Sizing (Platt Calibrated),5,75,26440.758438302204,0.25,2.407180028930958,636.4766566246877,1
Candidate 2: Confidence-Scaled Sizing (Platt Calibrated),5,76,26599.877602458375,0.25,2.912086374502829,774.6114112956201,1
Candidate 2: Confidence-Scaled Sizing (Platt Calibrated),5,77,26793.530455282278,0.25,1.2758658340720888,341.84950082064637,1
Candidate 2: Confidence-Scaled Sizing (Platt Calibrated),5,78,26878.99283048744,0.25,5.338070447822304,1434.819572956526,1
Candidate 2: Confidence-Scaled Sizing (Platt Calibrated),5,79,27237.697723726575,0.25,-0.9748207776704151,-265.51873676994836,0
Candidate 2: Confidence-Scaled Sizing (Platt Calibrated),5,80,27171.31803953409,0.25,-2.808786504781128,-763.1843142655937,0
Candidate 2: Confidence-Scaled Sizing (Platt Calibrated),5,81,26980.521960967693,0.25,-0.17967769122969895,-48.47797894118865,0
Candidate 3: Risk-Normalized Sizing (Isotonic Calibrated),5,1,28288.78659321572,0.2828878659321572,-2.872291364874804,-812.5363745447963,0
Candidate 3: Risk-Normalized Sizing (Isotonic Calibrated),5,2,24796.8659063638,0.25,-3.1401345765690287,-778.6549602311868,0
Candidate 3: Risk-Normalized Sizing (Isotonic Calibrated),5,3,28864.6895399536,0.2933140836827739,-4.95998601754371,-1431.6845651891006,0
Candidate 3: Risk-Normalized Sizing (Isotonic Calibrated),5,4,28072.30404352851,0.28947346401581325,6.378653506407331,1790.6350062018585,1
Candidate 3: Risk-Normalized Sizing (Isotonic Calibrated),5,5,24691.939776559193,0.25,-5.799795428857542,-1432.0819944571372,0
Candidate 3: Risk-Normalized Sizing (Isotonic Calibrated),5,6,35314.60498031129,0.3628125475487907,-0.7030094969191552,-248.2650268110733,0
Candidate 3: Risk-Normalized Sizing (Isotonic Calibrated),5,7,24271.853021242143,0.25,7.730445904271743,1876.3224677714707,1
Candidate 3: Risk-Normalized Sizing (Isotonic Calibrated),5,8,24740.933638185008,0.25,4.952536012811026,1225.3036483367898,1
Candidate 3: Risk-Normalized Sizing (Isotonic Calibrated),5,9,33261.03870022114,0.33198281266526475,-15.271174476719246,-5079.351252679882,0
Candidate 3: Risk-Normalized Sizing (Isotonic Calibrated),5,10,23777.421737099237,0.25,4.734819289670819,1125.817950994557,1
Candidate 3: Risk-Normalized Sizing (Isotonic Calibrated),5,11,24058.876224847874,0.25,1.5896049386773046,382.4410846604417,1
Candidate 3: Risk-Normalized Sizing (Isotonic Calibrated),5,12,24154.486496012985,0.25,9.440701458373683,2280.3529588917722,1
Candidate 3: Risk-Normalized Sizing (Isotonic Calibrated),5,13,24724.57473573593,0.25,2.5239756587843587,624.042248067922,1
Candidate 3: Risk-Normalized Sizing (Isotonic Calibrated),5,14,24880.58529775291,0.25,6.954265197132373,1730.2618842044644,1
Candidate 3: Risk-Normalized Sizing (Isotonic Calibrated),5,15,25313.150768804026,0.25,3.4311161727015573,868.5236098487635,1
Candidate 3: Risk-Normalized Sizing (Isotonic Calibrated),5,16,25530.281671266217,0.25,3.4937464278382007,891.9633039068943,1
Candidate 3: Risk-Normalized Sizing (Isotonic Calibrated),5,17,27539.00802678663,0.2673350350885976,-1.1299152964602377,-311.1674641880748,0
Candidate 3: Risk-Normalized Sizing (Isotonic Calibrated),5,18,28182.794845472923,0.2744135080691595,10.389912712299369,2928.1677843310426,1
Candidate 3: Risk-Normalized Sizing (Isotonic Calibrated),5,19,26407.522577278687,0.25,0.11229395728955734,29.654052124159538,1
Candidate 3: Risk-Normalized Sizing (Isotonic Calibrated),5,20,26414.936090309726,0.25,0.44416634448493425,117.32625603036031,1
Candidate 3: Risk-Normalized Sizing (Isotonic Calibrated),5,21,26444.267654317315,0.25,-1.9152157599744086,-506.4647817253001,0
Candidate 3: Risk-Normalized Sizing (Isotonic Calibrated),5,22,26317.65145888599,0.25,3.3343167997161673,877.5138738843826,1
Candidate 3: Risk-Normalized Sizing (Isotonic Calibrated),5,23,26537.029927357085,0.25,2.9086387365220805,771.8663319895655,1
Candidate 3: Risk-Normalized Sizing (Isotonic Calibrated),5,24,26729.996510354475,0.25,-8.046065417319346,-2150.7130052702996,0
Candidate 3: Risk-Normalized Sizing (Isotonic Calibrated),5,25,26192.318259036896,0.25,1.537732623491157,402.7678227178414,1
Candidate 3: Risk-Normalized Sizing (Isotonic Calibrated),5,26,26293.010214716356,0.25,4.406709407819629,1158.6565547308817,1
Candidate 3: Risk-Normalized Sizing (Isotonic Calibrated),5,27,26582.674353399078,0.25,1.3401203082275344,356.2398174798934,1
Candidate 3: Risk-Normalized Sizing (Isotonic Calibrated),5,28,26671.73430776905,0.25,-1.1004291845493563,-293.50354834815386,0
Candidate 3: Risk-Normalized Sizing (Isotonic Calibrated),5,29,26598.358420682012,0.25,1.2205081526040844,324.63513298327894,1
Candidate 3: Risk-Normalized Sizing (Isotonic Calibrated),5,30,40304.01707369088,0.37766816361052075,1.808874382982775,729.0490401589981,1
Candidate 3: Risk-Normalized Sizing (Isotonic Calibrated),5,31,26861.779463967585,0.25,-0.4300735309897234,-115.52540342735777,0
Candidate 3: Risk-Normalized Sizing (Isotonic Calibrated),5,32,26832.898113110747,0.25,3.810017060944105,1022.3379960552683,1
Candidate 3: Risk-Normalized Sizing (Isotonic Calibrated),5,33,34889.37897077611,0.32199458594960145,8.634147057053609,3012.400287629546,1
Candidate 3: Risk-Normalized Sizing (Isotonic Calibrated),5,34,27841.582684031953,0.25,2.00529747306655,558.306554024627,1
Candidate 3: Risk-Normalized Sizing (Isotonic Calibrated),5,35,27981.15932253811,0.25,-3.4386742559368266,-962.1809221367854,0
Candidate 3: Risk-Normalized Sizing (Isotonic Calibrated),5,36,27740.614092003918,0.25,-4.560544320259343,-1265.1230003779476,0
Candidate 3: Risk-Normalized Sizing (Isotonic Calibrated),5,37,40899.80748047857,0.3728423127972279,-0.14437277109526112,-59.04818543219381,0
Candidate 3: Risk-Normalized Sizing (Isotonic Calibrated),5,38,27409.57129555138,0.25,-1.284235543843512,-352.0034569925994,0
Candidate 3: Risk-Normalized Sizing (Isotonic Calibrated),5,39,27321.570431303233,0.25,5.405316327789652,1476.8173075317834,1
Candidate 3: Risk-Normalized Sizing (Isotonic Calibrated),5,40,27690.774758186177,0.25,2.622034817133503,726.0617552936571,1
Candidate 3: Risk-Normalized Sizing (Isotonic Calibrated),5,41,27872.29019700959,0.25,-0.3477652962696005,-96.93015258075323,0
Candidate 3: Risk-Normalized Sizing (Isotonic Calibrated),5,42,27848.057658864403,0.25,-5.32671543917493,-1483.3867868250668,0
Candidate 3: Risk-Normalized Sizing (Isotonic Calibrated),5,43,32454.390058354435,0.2952846096993879,1.5020189589530961,487.4710916890724,1
Candidate 3: Risk-Normalized Sizing (Isotonic Calibrated),5,44,27599.078735080406,0.25,2.286487003832609,631.0493484551428,1
Candidate 3: Risk-Normalized Sizing (Isotonic Calibrated),5,45,27756.84107219419,0.25,-0.6874185509210466,-190.8056746799352,0
Candidate 3: Risk-Normalized Sizing (Isotonic Calibrated),5,46,42138.736625153935,0.3801880638668123,0.30632937355497686,129.08332792781565,1
Candidate 3: Risk-Normalized Sizing (Isotonic Calibrated),5,47,27741.410485506163,0.25,-2.6606652942485938,-738.1060809229028,0
Candidate 3: Risk-Normalized Sizing (Isotonic Calibrated),5,48,27556.88396527544,0.25,-2.625285303450604,-723.4468248293122,0
Candidate 3: Risk-Normalized Sizing (Isotonic Calibrated),5,49,27376.02225906811,0.25,-10.300100575877092,-2819.757826358515,0
Candidate 3: Risk-Normalized Sizing (Isotonic Calibrated),5,50,26671.082802478482,0.25,7.2156787937908335,1924.499665852834,1
Candidate 3: Risk-Normalized Sizing (Isotonic Calibrated),5,51,27152.20771894169,0.25,-5.397553243152375,-1465.5548683212066,0
Candidate 3: Risk-Normalized Sizing (Isotonic Calibrated),5,52,31340.58603745427,0.2925109928062716,7.57307813870726,2373.4470697451893,1
Candidate 3: Risk-Normalized Sizing (Isotonic Calibrated),5,53,27379.180769297684,0.25,2.998027987952829,820.8355023357432,1
Candidate 3: Risk-Normalized Sizing (Isotonic Calibrated),5,54,27584.38964488162,0.25,-2.7299627551220147,-753.0435635330019,0
Candidate 3: Risk-Normalized Sizing (Isotonic Calibrated),5,55,43289.16100896906,0.3950299091313326,-5.213742999822997,-2256.9856017872303,0
Candidate 3: Risk-Normalized Sizing (Isotonic Calibrated),5,56,54075.662898590774,0.5038377683128997,1.8100386335463226,978.7903898107681,1
Candidate 3: Risk-Normalized Sizing (Isotonic Calibrated),5,57,27076.57995100425,0.25,2.2631277466717328,612.7775937209327,1
Candidate 3: Risk-Normalized Sizing (Isotonic Calibrated),5,58,27229.774349434483,0.25,2.966352768973736,807.7311653997499,1
Candidate 3: Risk-Normalized Sizing (Isotonic Calibrated),5,59,27431.707140784423,0.25,2.765557084025503,758.6395201010934,1
Candidate 3: Risk-Normalized Sizing (Isotonic Calibrated),5,60,27621.367020809696,0.25,-0.9748207776704152,-269.2588247954567,0
Candidate 3: Risk-Normalized Sizing (Isotonic Calibrated),5,61,27554.05231461083,0.25,-2.808786504781128,-773.934502933121,0
Candidate 3: Risk-Normalized Sizing (Isotonic Calibrated),5,62,27360.568688877553,0.25,-0.17967769122969898,-49.16083812749111,0
Candidate 4: Causal Regime-Aware Adaptive Sizing,5,1,50000.0,0.5,-2.872291364874804,-1436.145682437402,0
Candidate 4: Causal Regime-Aware Adaptive Sizing,5,2,49281.9271587813,0.5,1.2297501696041453,606.0445828193043,1
Candidate 4: Causal Regime-Aware Adaptive Sizing,5,3,49584.94945019095,0.5,-6.422559505395063,-3184.6228841585757,0
Candidate 4: Causal Regime-Aware Adaptive Sizing,5,4,47992.638008111666,0.5,-2.066535480032396,-991.7848922411405,0
Candidate 4: Causal Regime-Aware Adaptive Sizing,5,5,47496.74556199109,0.5,5.905612658456338,2804.9738182637448,1
Candidate 4: Causal Regime-Aware Adaptive Sizing,5,6,48899.23247112296,0.5,0.13506435985682105,66.045435312021,1
Candidate 4: Causal Regime-Aware Adaptive Sizing,5,7,48932.255188778974,0.5,-2.3724243447163236,-1160.8807345173088,0
Candidate 4: Causal Regime-Aware Adaptive Sizing,5,8,48351.81482152032,0.5,-1.110280988676285,-536.8410076433023,0
Candidate 4: Causal Regime-Aware Adaptive Sizing,5,9,48083.394317698665,0.5,8.202980128330681,3944.2712809077057,1
Candidate 4: Causal Regime-Aware Adaptive Sizing,5,10,50055.52995815252,0.5,-1.2571449669364865,-629.2705755422995,0
Candidate 4: Causal Regime-Aware Adaptive Sizing,5,11,99481.78934076274,1.0,-1.1556933324424823,-1149.704406405671,0
Candidate 4: Causal Regime-Aware Adaptive Sizing,5,12,98332.08493435707,1.0,-2.2435836656340022,-2206.162595664589,0
Candidate 4: Causal Regime-Aware Adaptive Sizing,5,13,48062.96116934624,0.5,-1.091259307607582,-524.4915372723088,0
Candidate 4: Causal Regime-Aware Adaptive Sizing,5,14,47800.71540071009,0.5,-6.853355962520056,-3275.953179041808,0
Candidate 4: Causal Regime-Aware Adaptive Sizing,5,15,46162.738811189185,0.5,-13.735042185695784,-6340.471649789395,0
Candidate 4: Causal Regime-Aware Adaptive Sizing,5,16,42992.50298629449,0.5,3.595329189902241,1545.7220093358385,1
Candidate 4: Causal Regime-Aware Adaptive Sizing,5,17,43765.3639909624,0.5,3.884910695457608,1700.245306590851,1
Candidate 4: Causal Regime-Aware Adaptive Sizing,5,18,44615.48664425783,0.5,6.0410827555774915,2695.2584699832387,1
Candidate 4: Causal Regime-Aware Adaptive Sizing,5,19,45963.115879249446,0.5,2.7594126072991467,1268.3120142795253,1
Candidate 4: Causal Regime-Aware Adaptive Sizing,5,20,93194.54377277842,1.0,5.053667715766409,4709.742571500697,1
Candidate 4: Causal Regime-Aware Adaptive Sizing,5,21,97904.28634427911,1.0,-3.2527444590063723,-3184.5762491932715,0
Candidate 4: Causal Regime-Aware Adaptive Sizing,5,22,94719.71009508584,1.0,8.54377903443827,8092.642732584654,1
Candidate 4: Causal Regime-Aware Adaptive Sizing,5,23,102812.3528276705,1.0,-1.358371375437443,-1396.5735712248247,0
Candidate 4: Causal Regime-Aware Adaptive Sizing,5,24,101415.77925644568,1.0,3.025653269380623,3068.4898407404844,1
Candidate 4: Causal Regime-Aware Adaptive Sizing,5,25,104484.26909718616,1.0,4.601781525020863,4808.137791867396,1
Candidate 4: Causal Regime-Aware Adaptive Sizing,5,26,109292.40688905356,1.0,-2.7103699209801215,-2962.2285222361133,0
Candidate 4: Causal Regime-Aware Adaptive Sizing,5,27,106330.17836681745,1.0,16.37981461291743,17416.68609406913,1
Candidate 4: Causal Regime-Aware Adaptive Sizing,5,28,123746.86446088657,1.0,-7.041456650280642,-8713.58181709487,0
Candidate 4: Causal Regime-Aware Adaptive Sizing,5,29,115033.2826437917,1.0,0.6387694937034802,734.7975171342416,1
Candidate 4: Causal Regime-Aware Adaptive Sizing,5,30,115768.08016092594,1.0,2.63163868331398,3046.5975804448644,1
Candidate 4: Causal Regime-Aware Adaptive Sizing,5,31,118814.6777413708,1.0,3.157149883712452,3751.1574601450125,1
Candidate 4: Causal Regime-Aware Adaptive Sizing,5,32,122565.83520151582,1.0,3.3812864494398824,4144.301977311672,1
Candidate 4: Causal Regime-Aware Adaptive Sizing,5,33,126710.13717882748,1.0,4.160455480164912,5271.7188461810065,1
Candidate 4: Causal Regime-Aware Adaptive Sizing,5,34,131981.85602500848,1.0,7.840154144759579,10347.580955475321,1
Candidate 4: Causal Regime-Aware Adaptive Sizing,5,35,142329.43698048382,1.0,-2.7917440395792954,-3973.4735734694264,0
Candidate 4: Causal Regime-Aware Adaptive Sizing,5,36,138355.96340701438,1.0,-8.046065417319346,-11132.211324490794,0
Candidate 4: Causal Regime-Aware Adaptive Sizing,5,37,63611.87604126179,0.5,1.5377326234911566,978.1805703012375,1
Candidate 4: Causal Regime-Aware Adaptive Sizing,5,38,64100.96632641241,0.5,4.406709407819628,2824.7433136093077,1
Candidate 4: Causal Regime-Aware Adaptive Sizing,5,39,65513.33798321706,0.5,5.455121382774669,3573.8321088919133,1
Candidate 4: Causal Regime-Aware Adaptive Sizing,5,40,134600.50807532604,1.0,-6.621274282510586,-8912.268825320149,0
Candidate 4: Causal Regime-Aware Adaptive Sizing,5,41,62844.119625002946,0.5,1.3401203082275341,842.1868096214697,1
Candidate 4: Causal Regime-Aware Adaptive Sizing,5,42,126530.42605962735,1.0,-1.1004291845493563,-1392.3777356947835,0
Candidate 4: Causal Regime-Aware Adaptive Sizing,5,43,62569.024161966285,0.5,1.0560770056382665,660.777076826777,1
Candidate 4: Causal Regime-Aware Adaptive Sizing,5,44,62899.412700379675,0.5,4.769536384033622,3000.0103740880736,1
Candidate 4: Causal Regime-Aware Adaptive Sizing,5,45,128798.83577484742,1.0,-3.50837663712654,-4518.748263215727,0
Candidate 4: Causal Regime-Aware Adaptive Sizing,5,46,124280.08751163169,1.0,-0.4300735309897233,-534.4957606783926,0
Candidate 4: Causal Regime-Aware Adaptive Sizing,5,47,61872.79587547665,0.5,3.810017060944105,2357.364078938781,1
Candidate 4: Causal Regime-Aware Adaptive Sizing,5,48,63051.47791494604,0.5,8.63414705705361,5443.9573248221195,1
Candidate 4: Causal Regime-Aware Adaptive Sizing,5,49,131546.9131547142,1.0,5.504374348422839,7240.834543830158,1
Candidate 4: Causal Regime-Aware Adaptive Sizing,5,50,138787.74769854435,1.0,2.0052974730665505,2783.1071975248897,1
Candidate 4: Causal Regime-Aware Adaptive Sizing,5,51,141570.85489606924,1.0,-4.040590979455715,-5720.299192468912,0
Candidate 4: Causal Regime-Aware Adaptive Sizing,5,52,135850.55570360034,1.0,-5.602414657763951,-7610.911445392287,0
Candidate 4: Causal Regime-Aware Adaptive Sizing,5,53,64119.82212910403,0.5,-0.05123611172451214,-32.8525037036262,0
Candidate 4: Causal Regime-Aware Adaptive Sizing,5,54,64103.39587725222,0.5,-1.20098860030131,-769.874476891819,0
Candidate 4: Causal Regime-Aware Adaptive Sizing,5,55,63718.4586388063,0.5,5.405316327789652,3444.1842486192936,1
Candidate 4: Causal Regime-Aware Adaptive Sizing,5,56,65440.55076311595,0.5,2.2925795424401523,1500.276679255359,1
Candidate 4: Causal Regime-Aware Adaptive Sizing,5,57,132381.37820548724,1.0,4.8664848123675535,6442.319664772887,1
Candidate 4: Causal Regime-Aware Adaptive Sizing,5,58,138823.69787026013,1.0,-2.893703294502987,-4017.1459188225904,0
Candidate 4: Causal Regime-Aware Adaptive Sizing,5,59,134806.55195143755,1.0,-0.8390522125010924,-1131.0973567449714,0
Candidate 4: Causal Regime-Aware Adaptive Sizing,5,60,133675.45459469256,1.0,-4.291133869178137,-5736.192706890694,0
Candidate 4: Causal Regime-Aware Adaptive Sizing,5,61,63969.630943900935,0.5,1.186917141811915,759.2665152269793,1
Candidate 4: Causal Regime-Aware Adaptive Sizing,5,62,64349.26420151442,0.5,2.912975333666438,1874.4781935859623,1
Candidate 4: Causal Regime-Aware Adaptive Sizing,5,63,65286.503298307405,0.5,-0.48419446542998884,-316.11363564317156,0
Candidate 4: Causal Regime-Aware Adaptive Sizing,5,64,65128.446480485814,0.5,0.30632937355497686,199.50756210976056,1
Candidate 4: Causal Regime-Aware Adaptive Sizing,5,65,65228.2002615407,0.5,-2.660665294248594,-1735.504086421784,0
Candidate 4: Causal Regime-Aware Adaptive Sizing,5,66,64360.44821832981,0.5,-2.625285303450605,-1689.6453883107492,0
Candidate 4: Causal Regime-Aware Adaptive Sizing,5,67,63515.62552417444,0.5,-4.666892395839939,-2964.2058977578686,0
Candidate 4: Causal Regime-Aware Adaptive Sizing,5,68,62033.5225752955,0.5,3.248094626381696,2014.9075133234494,1
Candidate 4: Causal Regime-Aware Adaptive Sizing,5,69,63040.97633195722,0.5,-7.128510106067614,-4493.882368787263,0
Candidate 4: Causal Regime-Aware Adaptive Sizing,5,70,60794.03514756359,0.5,0.9104305674482907,553.4874791686765,1
Candidate 4: Causal Regime-Aware Adaptive Sizing,5,71,61070.77888714793,0.5,7.219762462743644,4409.165169799477,1
Candidate 4: Causal Regime-Aware Adaptive Sizing,5,72,63275.36147204766,0.5,-5.9465960198479735,-3762.7301268412043,0
Candidate 4: Causal Regime-Aware Adaptive Sizing,5,73,61393.99640862706,0.5,0.5433259982038366,333.5695438244006,1
Candidate 4: Causal Regime-Aware Adaptive Sizing,5,74,123121.56236107853,1.0,-7.756655283550412,-9550.115172070413,0
Candidate 4: Causal Regime-Aware Adaptive Sizing,5,75,56785.72359450406,0.5,2.407180028930959,1366.934597650837,1
Candidate 4: Causal Regime-Aware Adaptive Sizing,5,76,57469.190893329476,0.5,2.9120863745028283,1673.552477541668,1
Candidate 4: Causal Regime-Aware Adaptive Sizing,5,77,58305.96713210031,0.5,1.275865834072089,743.9059138637697,1
Candidate 4: Causal Regime-Aware Adaptive Sizing,5,78,117355.84017806439,1.0,5.338070447822303,6264.537423338828,1
Candidate 4: Causal Regime-Aware Adaptive Sizing,5,79,123620.37760140322,1.0,-0.9748207776704151,-1205.0771262931025,0
Candidate 4: Causal Regime-Aware Adaptive Sizing,5,80,122415.30047511011,1.0,-2.808786504781128,-3438.3844395321607,0
Candidate 4: Causal Regime-Aware Adaptive Sizing,5,81,59488.45801778897,0.5,-0.17967769122969898,-106.88748791451198,0
