config_id,asset,target_name,model,fold,feature_count,train_samples,validation_samples,base_positive_rate,roc_auc,pr_auc,mcc,f1,precision,recall,accuracy,ppr,mean_prob,median_prob,std_prob,q10_prob,q25_prob,q50_prob,q75_prob,q90_prob,buy_signals_count,sell_signals_count,mean_realized_ret_buy,mean_realized_ret_sell,return_spread,spread_minus_5bps,spread_minus_10bps,spread_minus_20bps,spread_minus_50bps,total_strat_return,buy_hold_return,win_rate,profit_factor,max_drawdown,sharpe_ratio,total_trades,filtered_trades_count,filtered_ppr,filtered_precision,filtered_return_spread,filtered_cum_return,training_time,prediction_time
C0,reliance_ns,TARGET_D,random_forest,1,16,883,926,0.5096262740656852,0.538606705480827,0.6399973842493664,0.039241941669519324,0.5180598555211559,0.6553524804177546,0.4283276450511945,0.4956803455723542,0.4136069114470842,0.47210583153347735,0.475,0.12450005260136511,0.305,0.395,0.475,0.55,0.625,383,543,0.023352986362322622,0.028341240833793083,-0.004988254471470461,-0.005488254471470461,-0.005988254471470461,-0.006988254471470461,-0.009988254471470462,1029.2449865904946,231674167.09477738,0.6501305483028721,2.270952297674642,0.8192244720762298,2.854857641279151,383,234,0.2526997840172786,0.6324786324786325,-0.005020195730569176,84.82501265420684,0.4778789000120014,0.06835810001939535
C0,reliance_ns,TARGET_D,xgboost,1,16,883,926,0.5096262740656852,0.5198002409154788,0.6404390482358588,0.014559197936472692,0.37681159420289856,0.6446280991735537,0.26621160409556316,0.4427645788336933,0.2613390928725702,0.36985185742378235,0.3267708420753479,0.20957878232002258,0.12883485853672028,0.1994042545557022,0.3267708271741867,0.5070319026708603,0.6928546130657196,242,684,0.029425078887687063,0.02516464686944289,0.0042604320182441716,0.0037604320182441715,0.0032604320182441715,0.0022604320182441715,-0.0007395679817558285,246.40854582528962,231674167.09477738,0.6363636363636364,2.7175588537448783,0.8121297953913723,2.537269354494723,242,191,0.20626349892008639,0.643979057591623,0.003242706038293349,58.284244354450486,0.41067669994663447,0.00522430008277297
C0,reliance_ns,TARGET_D,logistic_regression,1,16,883,926,0.5096262740656852,0.43832061834972896,0.5937476256836511,-0.08163362630747974,0.08978328173374613,0.48333333333333334,0.04948805460750853,0.3650107991360691,0.06479481641468683,0.2261583392579314,0.22896273643066972,0.2057706521123835,0.00045811306124849945,0.02367542964886095,0.22896273643066972,0.3541830302926112,0.4509817415093297,60,866,-0.0034764631750803013,0.028339578914577394,-0.031816042089657694,-0.032316042089657694,-0.032816042089657695,-0.033816042089657695,-0.03681604208965769,-0.6447704665949656,231674167.09477738,0.48333333333333334,0.84864904715612,0.8722496738753875,-0.16185454419965303,60,40,0.04319654427645788,0.475,-0.04296178032537735,-0.7400660809980395,0.01716709998436272,0.00247150007635355
C0,reliance_ns,TARGET_D,random_forest,2,16,1809,937,0.5726920950801547,0.5474897025171626,0.6216308860448239,0.07245472116826408,0.556237218813906,0.5690376569037657,0.544,0.5368196371398078,0.5101387406616862,0.48849519743863395,0.505,0.18364368610287682,0.245,0.32,0.505,0.64,0.735,478,459,0.009530329067835512,0.000611997949745505,0.008918331118090006,0.008418331118090006,0.007918331118090007,0.006918331118090006,0.003918331118090006,22.39358794988757,4.077570544871448,0.5690376569037657,1.4270520689191388,0.8871248209175208,1.5465887758201924,478,398,0.4247598719316969,0.5728643216080402,0.0046206715674373955,6.773548690007815,0.47531180002260953,0.07517150009516627
C0,reliance_ns,TARGET_D,xgboost,2,16,1809,937,0.5726920950801547,0.5240228832951945,0.5683894228132863,0.03282970382116118,0.5251046025104602,0.5504385964912281,0.502,0.5154749199573105,0.48665955176093917,0.4852028489112854,0.48743849992752075,0.24707838892936707,0.1712324023246765,0.2520208954811096,0.48743849992752075,0.704805850982666,0.8249468564987182,456,481,0.00623371191694547,0.004145180289462426,0.002088531627483044,0.001588531627483044,0.001088531627483044,8.853162748304402e-05,-0.002911468372516956,3.7276739188283026,4.077570544871448,0.5504385964912281,1.250968187322953,0.9319743389858364,0.9530412622186683,456,416,0.4439701173959445,0.5528846153846154,0.00030166329012439735,1.9911721554944313,0.42178710002917796,0.005550600006245077
C0,reliance_ns,TARGET_D,logistic_regression,2,16,1809,937,0.5726920950801547,0.4864851258581236,0.5147845580221637,0.002185622746383895,0.6735598227474151,0.5339578454332553,0.912,0.528281750266809,0.9114194236926361,0.6983934089314646,0.6951755514015178,0.14758257703644023,0.5118136711569594,0.5960720586661604,0.6951755514015178,0.8023452594903986,0.9015715127946656,854,83,0.004267224111595686,0.014363794723564405,-0.01009657061196872,-0.01059657061196872,-0.011096570611968719,-0.01209657061196872,-0.015096570611968719,-0.04000886119924063,4.077570544871448,0.531615925058548,1.1149437457646028,0.9999097682070377,0.6142525493188156,854,800,0.8537886872998933,0.53875,0.0024131679760442536,1.6388148632579846,0.01968919998034835,0.0017701000906527042
C0,reliance_ns,TARGET_D,random_forest,3,16,2746,938,0.5593590677348871,0.5445758228349504,0.5335200088378277,0.06132454123075309,0.6071118820468343,0.4985754985754986,0.7760532150776053,0.5170575692963753,0.7484008528784648,0.588901918976546,0.59,0.12219548538620219,0.4285,0.495,0.59,0.685,0.745,702,236,0.0005885827097782571,-0.0012886480717200005,0.0018772307814982577,0.0013772307814982577,0.0008772307814982577,-0.0001227692185017423,-0.0031227692185017424,-0.7029181817452554,-0.6551898879648992,0.48717948717948717,0.9803553215435439,0.9772347689297425,-0.11006084198748613,702,582,0.6204690831556503,0.506872852233677,0.0032259662216893173,-0.4512370067508099,0.7226605000905693,0.07131989998742938
C0,reliance_ns,TARGET_D,xgboost,3,16,2746,938,0.5593590677348871,0.5901100452109618,0.5898528416840094,0.09487117705971387,0.6151142355008787,0.5094614264919942,0.7760532150776053,0.5330490405117271,0.732409381663113,0.5963792204856873,0.6200830936431885,0.14279904961585999,0.38905503749847414,0.49432186782360077,0.6200831234455109,0.7159391641616821,0.7675461590290069,687,251,0.0012686248020551479,-0.0030377733931213945,0.004306398195176543,0.003806398195176543,0.003306398195176543,0.0023063981951765428,-0.0006936018048234573,-0.5262789163346339,-0.6551898879648992,0.4992721979621543,1.0128003093333613,0.9705921287672671,0.07004551661519981,687,596,0.6353944562899787,0.5302013422818792,0.008291698785427763,0.5771335434882834,0.3765300000086427,0.005095399916172028
C0,reliance_ns,TARGET_D,logistic_regression,3,16,2746,938,0.5593590677348871,0.522899147229292,0.48962163605778475,-0.001775402499720153,0.6488824801730353,0.4807692307692308,0.9977827050997783,0.48081023454157784,0.997867803837953,0.5641592870210045,0.5643415298784237,0.022081015823860965,0.539784193568215,0.5518162048042107,0.5643415298784237,0.5757565308280271,0.5867702531902689,936,2,0.00012352263249210151,-0.003276533337095269,0.003400055969587371,0.002900055969587371,0.002400055969587371,0.0014000559695873708,-0.0015999440304126293,-0.8642017838042733,-0.6551898879648992,0.4722222222222222,0.9570993363577777,0.987498322939288,-0.27693383865054577,936,730,0.7782515991471215,0.4986301369863014,0.009967116123141634,0.06155062711053283,0.025120100006461143,0.0017466000281274319
C0,reliance_ns,TARGET_D,random_forest,4,16,3684,940,0.5393593919652552,0.5091153262730144,0.590646009501159,0.09231985231850764,0.49150622876557193,0.638235294117647,0.3996316758747698,0.5223404255319148,0.3617021276595745,0.4637074468085106,0.45,0.11859821564026873,0.32,0.38,0.45,0.535,0.625,340,600,0.015732833940032203,0.008211799229584956,0.007521034710447247,0.007021034710447247,0.006521034710447247,0.005521034710447247,0.002521034710447247,89.12979422159235,8662.12780022233,0.6264705882352941,2.1363049472771856,0.5675066279174766,2.545883836062923,340,213,0.22659574468085106,0.6525821596244131,0.009512850925077594,27.246565638185825,0.7519979999633506,0.09847490000538528
C0,reliance_ns,TARGET_D,xgboost,4,16,3684,940,0.5393593919652552,0.5335504311804464,0.6054670668146537,0.07755250218934463,0.4910313901345291,0.6275071633237822,0.40331491712707185,0.5170212765957447,0.37127659574468086,0.44242000579833984,0.4370361864566803,0.15959462523460388,0.23251629620790482,0.3269272968173027,0.4370361864566803,0.5581567138433456,0.6455647706985473,349,591,0.015161271704527185,0.00843478722924185,0.006726484475285335,0.0062264844752853345,0.005726484475285335,0.004726484475285335,0.0017264844752853349,82.2882919744577,8662.12780022233,0.6103151862464183,2.074138411728058,0.596939892240945,2.4807401138633605,349,256,0.2723404255319149,0.6171875,0.003657369759520449,16.035026259018377,0.5191972999600694,0.00626559997908771
C0,reliance_ns,TARGET_D,logistic_regression,4,16,3684,940,0.5393593919652552,0.5759587328536769,0.6321797618495478,0.12871606380243908,0.7214814814814815,0.6034696406443618,0.8968692449355433,0.6,0.8585106382978723,0.5257558225015433,0.5270356192305308,0.0289522611692669,0.49074245199310823,0.511187661611491,0.5270356192305308,0.5403734631389783,0.5556202129735468,807,133,0.013065369059738244,-0.0020113515326830203,0.015076720592421265,0.014576720592421264,0.014076720592421266,0.013076720592421265,0.010076720592421266,6219.501335913855,8662.12780022233,0.5910780669144982,1.9383843719645821,0.8457462860783582,3.5854085049175906,807,135,0.14361702127659576,0.6888888888888889,0.010172148541583562,9.387934394006296,0.024662200012244284,0.0018489999929443002
C0,reliance_ns,TARGET_D,random_forest,5,16,4624,940,0.5471453287197232,0.5295845311808934,0.6008289303296456,0.008326509981374679,0.4707182320441989,0.5710455764075067,0.40037593984962405,0.49042553191489363,0.39680851063829786,0.4759414893617021,0.475,0.08693719781393491,0.365,0.415,0.475,0.535,0.59,373,567,0.013495517059067832,0.009978123076240871,0.003517393982826961,0.003017393982826961,0.002517393982826961,0.001517393982826961,-0.001482606017173039,48.05877371995665,5295.333646123012,0.5630026809651475,1.6636394733547333,0.7013926989642031,1.9312763873763639,373,201,0.21382978723404256,0.6467661691542289,0.010029739745047018,24.9276418746641,0.7007373999804258,0.06737339997198433
C0,reliance_ns,TARGET_D,xgboost,5,16,4624,940,0.5471453287197232,0.5533088235294117,0.6249225599512348,0.07299516680655868,0.4960893854748603,0.6115702479338843,0.41729323308270677,0.5202127659574468,0.3861702127659574,0.4586109519004822,0.45723673701286316,0.12155818194150925,0.29563426673412324,0.37069688737392426,0.45723673701286316,0.55023592710495,0.6133818626403809,363,577,0.016681088369384464,0.008034988854721512,0.008646099514662952,0.008146099514662952,0.007646099514662952,0.006646099514662952,0.003646099514662952,122.53503935974571,5295.333646123012,0.6060606060606061,1.8595402935880234,0.8636488364299099,2.2370078759293643,363,236,0.251063829787234,0.6101694915254238,0.007233376635049115,21.291766047176544,0.47389319993089885,0.006079600076191127
C0,reliance_ns,TARGET_D,logistic_regression,5,16,4624,940,0.5471453287197232,0.5262881468376825,0.5910718150938631,0.03193676649944094,0.41605839416058393,0.5896551724137931,0.32142857142857145,0.48936170212765956,0.30851063829787234,0.4568300673855807,0.46224618603637335,0.08030450202376593,0.34975757575597566,0.40882370069359636,0.46224618603637335,0.5126766638978388,0.5491790205694832,290,650,0.010941965429736328,0.011566544111749753,-0.0006245786820134255,-0.0011245786820134255,-0.0016245786820134256,-0.0026245786820134256,-0.005624578682013426,7.306934005400118,5295.333646123012,0.5793103448275863,1.4663752546902793,0.9434595212768773,1.2215200783848141,290,90,0.09574468085106383,0.6222222222222222,0.006327952037594321,2.218797770590764,0.029381999978795648,0.0021991999819874763
C5,reliance_ns,TARGET_D,random_forest,1,21,660,926,0.5136363636363637,0.5467175266010841,0.6668462427235249,0.034697737405229266,0.4893162393162393,0.6542857142857142,0.39078498293515357,0.4838012958963283,0.3779697624190065,0.47272678185745143,0.455,0.13212558606203173,0.315,0.38,0.455,0.56,0.665,350,576,0.042400223579718864,0.016481613362183345,0.02591861021753552,0.02541861021753552,0.024918610217535518,0.023918610217535517,0.020918610217535518,81012.5556311178,231674167.09477738,0.6514285714285715,3.8888755961376296,0.7382355729380382,1.887278142949501,350,256,0.27645788336933047,0.6484375,0.030065989465894963,9119.343727430381,0.6171361999586225,0.07901670003775507
C5,reliance_ns,TARGET_D,xgboost,1,21,660,926,0.5136363636363637,0.5412868901826943,0.6594589782100448,0.028011565748310267,0.46373626373626375,0.6512345679012346,0.36006825938566556,0.47300215982721383,0.34989200863930886,0.38901764154434204,0.31550005078315735,0.2676650583744049,0.08220382034778595,0.1576235592365265,0.31550005078315735,0.6032242178916931,0.7983348965644836,324,602,0.04257470114244305,0.017507116909248607,0.025067584233194443,0.024567584233194443,0.024067584233194442,0.023067584233194445,0.020067584233194442,32778.756107716225,231674167.09477738,0.6481481481481481,4.0787699860189575,0.7782826509312225,1.7668500228858006,324,280,0.3023758099352052,0.6321428571428571,0.022811245044739144,5387.904499955874,0.4300700998865068,0.00524060009047389
C5,reliance_ns,TARGET_D,logistic_regression,1,21,660,926,0.5136363636363637,0.4413521381248745,0.5887003240536761,-0.07381618370538626,0.16208393632416787,0.5333333333333333,0.09556313993174062,0.3747300215982721,0.11339092872570194,0.1582840833245834,0.041485008278262715,0.21916890176817372,1.4033577707455847e-07,0.00013513650501802683,0.041485008278262715,0.24722470713495762,0.525121682805018,105,821,0.0168575961826286,0.027482874482756645,-0.010625278300128046,-0.011125278300128046,-0.011625278300128047,-0.012625278300128046,-0.015625278300128047,2.9583122650296647,231674167.09477738,0.5333333333333333,1.6953133621548737,0.75373593890202,1.138806108048737,105,81,0.08747300215982722,0.5185185185185185,-0.008181854868462912,2.4613889144811725,0.026792600052431226,0.002155900001525879
C5,reliance_ns,TARGET_D,random_forest,2,21,1586,937,0.5832282471626734,0.5518741418764302,0.5954048036078702,0.04888105412918074,0.6233766233766234,0.549618320610687,0.72,0.535752401280683,0.6990394877267876,0.5722038420490928,0.585,0.12036108989048329,0.43,0.48,0.585,0.665,0.715,655,282,0.009451325249511651,-0.00480217618819706,0.014253501437708711,0.01375350143770871,0.01325350143770871,0.012253501437708711,0.00925350143770871,34.400870424368456,4.077570544871448,0.5480916030534351,1.3487801470755163,0.996335989757088,1.444958417702685,655,545,0.5816435432230523,0.5596330275229358,0.01611010207321783,91.26722174135871,0.45630269998218864,0.07868489995598793
C5,reliance_ns,TARGET_D,xgboost,2,21,1586,937,0.5832282471626734,0.5424805491990847,0.5565585292916744,0.0778006425199032,0.6534979423868312,0.5552447552447553,0.794,0.5506937033084311,0.7630736392742796,0.6273971199989319,0.6513089537620544,0.18049238622188568,0.37638996839523314,0.5079342722892761,0.6513089537620544,0.7728331685066223,0.842359745502472,715,222,0.008315100112173303,-0.00499501003083491,0.013310110143008213,0.012810110143008212,0.012310110143008212,0.011310110143008213,0.008310110143008212,19.193522049337084,4.077570544871448,0.5538461538461539,1.2865185331553284,0.9981034446033925,1.2932770624183514,715,643,0.6862326574172892,0.5552099533437014,0.012938408604840156,24.38477078651726,0.3936007999582216,0.008433300070464611
C5,reliance_ns,TARGET_D,logistic_regression,2,21,1586,937,0.5832282471626734,0.5171807780320367,0.5304901879482591,0.041307662668204556,0.584817244611059,0.5502645502645502,0.624,0.5272145144076841,0.6051227321237994,0.5420442835979693,0.5472378146457684,0.18439857945887345,0.3122497175959959,0.4233395560348163,0.5472378146457684,0.6662071079966487,0.7706091915618914,567,370,0.007792421896010772,0.0011300030765417635,0.006662418819469009,0.006162418819469009,0.005662418819469009,0.004662418819469009,0.0016624188194690089,6.007022879493236,4.077570544871448,0.54673721340388,1.251601193284998,0.9945246926234979,1.0247830078630902,567,466,0.4973319103521878,0.5579399141630901,0.006182015215906866,4.7903864300153,0.03295400005299598,0.0024836999364197254
C5,reliance_ns,TARGET_D,random_forest,3,21,2523,938,0.5648038049940547,0.5465017278509541,0.5145117436117995,0.1029047259779948,0.5717171717171717,0.5250463821892394,0.6274944567627494,0.5479744136460555,0.5746268656716418,0.5104850746268658,0.52,0.11163045516003911,0.365,0.44,0.52,0.59,0.645,539,399,0.0037211779697402126,-0.0047535107978735796,0.008474688767613793,0.007974688767613793,0.007474688767613793,0.006474688767613793,0.003474688767613793,1.1494701455933702,-0.6551898879648992,0.5139146567717996,1.1426443635841508,0.9132480474689051,0.6421050376389924,539,368,0.39232409381663114,0.529891304347826,0.00680206732855622,1.0149042728073194,0.5465061999857426,0.10131170006934553
C5,reliance_ns,TARGET_D,xgboost,3,21,2523,938,0.5648038049940547,0.5699722724313299,0.567609358245029,0.08841780549705988,0.5800193986420951,0.5155172413793103,0.6629711751662971,0.5383795309168443,0.6183368869936035,0.5298972129821777,0.5435258150100708,0.13767500221729279,0.33733187317848207,0.4506372734904289,0.5435258150100708,0.6195476353168488,0.6945751130580904,580,358,0.0015666321685576107,-0.0022334707833100488,0.0038001029518676594,0.0033001029518676594,0.0028001029518676594,0.0018001029518676594,-0.0011998970481323407,-0.36466681502446396,-0.6551898879648992,0.5017241379310344,1.0277484087342232,0.9434713887687624,0.13616257663231926,580,446,0.47547974413646055,0.5403587443946188,0.006233642480207321,0.572573049916625,0.46225810004398227,0.006289100041612983
C5,reliance_ns,TARGET_D,logistic_regression,3,21,2523,938,0.5648038049940547,0.5013362957971562,0.4705952488351013,-0.002867832437585224,0.5334645669291339,0.479646017699115,0.6008869179600886,0.4946695095948827,0.6023454157782516,0.5228090677291253,0.5219480120095882,0.06707865040911799,0.43838387614866164,0.47564562095885665,0.5219480120095882,0.5666522262713061,0.613565792594013,565,373,-0.0013259565747123097,0.002300883597991614,-0.0036268401727039233,-0.004126840172703924,-0.004626840172703923,-0.005626840172703923,-0.008626840172703924,-0.8719275799176249,-0.6551898879648992,0.47079646017699117,0.8915977638810111,0.949974593109113,-0.5606092498992279,565,304,0.32409381663113007,0.4769736842105263,-0.0008092721703839562,-0.5599569281642043,0.025629400042816997,0.002334199962206185
C5,reliance_ns,TARGET_D,random_forest,4,21,3461,940,0.5420398728691129,0.5144221625357771,0.594068896913734,0.03644077131207324,0.48630887185104055,0.6,0.4088397790055249,0.5010638297872341,0.39361702127659576,0.45729255319148937,0.46,0.11575577072087309,0.3,0.375,0.46,0.545,0.6,370,570,0.015023826446116424,0.008276188232103238,0.006747638214013186,0.0062476382140131854,0.005747638214013186,0.004747638214013186,0.0017476382140131858,103.5133757269574,8662.12780022233,0.581081081081081,2.0313870329508417,0.5267590117269794,2.5574717965999585,370,225,0.2393617021276596,0.5733333333333334,0.006195789141284873,17.812167649003488,0.6947317000012845,0.09123760007787496
C5,reliance_ns,TARGET_D,xgboost,4,21,3461,940,0.5420398728691129,0.5287631453210311,0.6065422339005732,0.053834400368094844,0.44912280701754387,0.6153846153846154,0.35359116022099446,0.498936170212766,0.33191489361702126,0.4271727204322815,0.42868107557296753,0.17260952293872833,0.1918805480003357,0.3002418130636215,0.4286810904741287,0.5523920953273773,0.6633945643901825,312,628,0.01773770853126692,0.007551079642685737,0.010186628888581184,0.009686628888581184,0.009186628888581183,0.008186628888581184,0.005186628888581184,115.49680837041194,8662.12780022233,0.5961538461538461,2.377928868624173,0.5094190879671849,2.7705830989560014,312,241,0.25638297872340426,0.6224066390041494,0.0122340273149549,64.97039908269595,0.48829610005486757,0.00843769998755306
C5,reliance_ns,TARGET_D,logistic_regression,4,21,3461,940,0.5420398728691129,0.5651548677697836,0.6132891620708076,0.08770993702310782,0.5917387127761767,0.6184738955823293,0.567219152854512,0.5478723404255319,0.5297872340425532,0.5055114473727235,0.5041262278975178,0.05134989123639941,0.4436034389763611,0.47410158718925455,0.5041262278975178,0.5394908256536164,0.5730272778479027,498,442,0.01348100779344795,0.00806040994621005,0.005420597847237899,0.004920597847237898,0.004420597847237899,0.003420597847237899,0.00042059784723789875,292.0221028685995,8662.12780022233,0.606425702811245,2.100945321657178,0.47682835348973396,3.1018818065729614,498,188,0.2,0.6595744680851063,0.007218212130675718,13.935922673145031,0.018842300050891936,0.001601399970240891
C5,reliance_ns,TARGET_D,random_forest,5,21,4401,940,0.549647807316519,0.5321138323750553,0.5830457351539013,0.05789671932998002,0.5170940170940171,0.599009900990099,0.4548872180451128,0.5191489361702127,0.4297872340425532,0.47966489361702125,0.48,0.08014195810181418,0.37950000000000006,0.425,0.48,0.535,0.58,404,536,0.014910368613784945,0.008708273744947304,0.006202094868837641,0.00570209486883764,0.005202094868837641,0.004202094868837641,0.0012020948688376406,119.26522478047507,5295.333646123012,0.594059405940594,1.7813648272978007,0.781277930734189,2.2573967197868394,404,199,0.21170212765957447,0.6231155778894473,0.004541488003186309,9.772951150500635,0.5986541999736801,0.07036110002081841
C5,reliance_ns,TARGET_D,xgboost,5,21,4401,940,0.549647807316519,0.5552253796255343,0.6197038204832432,0.06409050706676186,0.34379263301500684,0.6268656716417911,0.23684210526315788,0.48829787234042554,0.21382978723404256,0.4084531366825104,0.39541661739349365,0.11650878936052322,0.2677861928939819,0.32200465351343155,0.39541663229465485,0.4881715923547745,0.5731977999210358,201,739,0.018392952670765572,0.009464736347005403,0.008928216323760169,0.008428216323760169,0.00792821632376017,0.006928216323760169,0.003928216323760169,20.72190936605542,5295.333646123012,0.6218905472636815,2.034165504916856,0.6905059114183536,1.9539060755668156,201,129,0.1372340425531915,0.6046511627906976,0.007619274365003429,5.490187647203812,0.49580140004400164,0.005890800035558641
C5,reliance_ns,TARGET_D,logistic_regression,5,21,4401,940,0.549647807316519,0.5107437711926877,0.579830956955273,0.01579765090929987,0.4722838137472284,0.5756756756756757,0.40037593984962405,0.49361702127659574,0.39361702127659576,0.47344600755087846,0.47654961407863783,0.09674220339319253,0.3540421406743112,0.4233341000339321,0.47654961407863783,0.5335623315925947,0.5804256460903919,370,570,0.008685770355966826,0.013118751957110786,-0.00443298160114396,-0.0049329816011439605,-0.00543298160114396,-0.00643298160114396,-0.009432981601143961,6.407586115483472,5295.333646123012,0.5675675675675675,1.3644614268303688,0.8642686556296674,1.1459916013820082,370,180,0.19148936170212766,0.6222222222222222,0.008534510081159762,14.64038041251687,0.0267307999311015,0.0020987000316381454
C7,reliance_ns,TARGET_D,random_forest,1,20,883,926,0.5096262740656852,0.5553553503312587,0.6547153562575655,0.05129612108153732,0.48425624321389793,0.6656716417910448,0.38054607508532423,0.4870410367170626,0.3617710583153348,0.4468844492440605,0.445,0.13424610164056974,0.27,0.355,0.445,0.535,0.62,335,591,0.02516532309811602,0.02690880594187875,-0.0017434828437627309,-0.002243482843762731,-0.002743482843762731,-0.003743482843762731,-0.006743482843762731,1467.987738027923,231674167.09477738,0.6597014925373135,2.5914500615762432,0.7782306436900042,3.34768857034308,335,193,0.2084233261339093,0.6735751295336787,0.004737472888295093,172.17941271205257,0.3872735999757424,0.0678998000221327
C7,reliance_ns,TARGET_D,xgboost,1,20,883,926,0.5096262740656852,0.5525346316000803,0.6665016271914024,0.048062005353504335,0.36926889714993805,0.6742081447963801,0.25426621160409557,0.4503239740820734,0.2386609071274298,0.355001837015152,0.3203136920928955,0.2108488827943802,0.1105864942073822,0.18285993859171867,0.3203136771917343,0.4880608171224594,0.6674177348613739,221,705,0.03179825931627794,0.024547620199463525,0.007250639116814412,0.0067506391168144116,0.006250639116814412,0.005250639116814412,0.002250639116814412,510.97299205058454,231674167.09477738,0.669683257918552,3.366039531491457,0.62370092479992,3.311195082098231,221,180,0.19438444924406048,0.6777777777777778,0.00903689573887869,224.16067885027064,0.43939280009362847,0.0056798000587150455
C7,reliance_ns,TARGET_D,logistic_regression,1,20,883,926,0.5096262740656852,0.446431439469986,0.608165104571804,-0.005207588762395396,0.10328638497652583,0.6226415094339622,0.05631399317406143,0.38120950323974084,0.05723542116630669,0.22083087824590017,0.22134530538660124,0.20239691915105168,0.00043746837835312237,0.020913000665072862,0.22134530538660124,0.3478634532719333,0.4414386991452943,53,873,0.02560198883279982,0.02631910898210861,-0.0007171201493087892,-0.0012171201493087892,-0.0017171201493087892,-0.0027171201493087892,-0.005717120149308789,2.3808657702259914,231674167.09477738,0.6226415094339622,3.2051783193204266,0.22648458672842003,1.6121057999418282,53,40,0.04319654427645788,0.625,-0.006627354513702277,1.0247192436146788,0.02221510000526905,0.0027150000678375363
C7,reliance_ns,TARGET_D,random_forest,2,20,1809,937,0.5726920950801547,0.5517894736842106,0.6183702359171755,0.06249834727018823,0.5566801619433198,0.5635245901639344,0.55,0.5325506937033084,0.5208110992529349,0.5149199573105656,0.51,0.1535074417797015,0.315,0.395,0.51,0.64,0.7269999999999999,488,449,0.011346280624247267,-0.0015603131208777419,0.01290659374512501,0.012406593745125009,0.01190659374512501,0.01090659374512501,0.00790659374512501,48.08691915854961,4.077570544871448,0.5635245901639344,1.4973196450033623,0.9133014236348009,1.6990266105695138,488,410,0.4375667022411953,0.5829268292682926,0.013314129930163485,48.546921336164885,0.48099710000678897,0.13028320006560534
C7,reliance_ns,TARGET_D,xgboost,2,20,1809,937,0.5726920950801547,0.5185903890160183,0.5639634424570515,0.020529488551450394,0.5336048879837068,0.5435684647302904,0.524,0.5112059765208111,0.5144076840981857,0.4975208044052124,0.5126047134399414,0.2297932505607605,0.17719082534313202,0.2942688465118408,0.5126047134399414,0.6990428566932678,0.7907174110412598,482,455,0.008993954705743521,0.0011017982092091946,0.007892156496534327,0.007392156496534326,0.006892156496534327,0.005892156496534327,0.0028921564965343266,15.751613763595895,4.077570544871448,0.5414937759336099,1.3776617840581822,0.9010069223046012,1.3718984184097374,482,423,0.45144076840981856,0.5460992907801419,0.004535350328301808,6.069215269128714,0.4988662999821827,0.00594719999935478
C7,reliance_ns,TARGET_D,logistic_regression,2,20,1809,937,0.5726920950801547,0.48952402745995427,0.5175093166738141,0.03946158316378564,0.686046511627907,0.5388127853881278,0.944,0.5389541088580576,0.9348986125933831,0.720699160826433,0.7249268498298772,0.14123964460454233,0.540918189589202,0.6225829086809348,0.7249268498298772,0.8238056222269907,0.9080795294236909,876,61,0.005639403634058576,-0.0017002168865041065,0.007339620520562682,0.006839620520562683,0.006339620520562682,0.005339620520562682,0.002339620520562682,1.7329245602340406,4.077570544871448,0.5365296803652968,1.1636048655015507,0.9999547696627118,0.8602471881616919,876,828,0.8836712913553896,0.535024154589372,0.00431610779551312,1.5047075112395967,0.022333299973979592,0.00174840004183352
C7,reliance_ns,TARGET_D,random_forest,3,20,2746,938,0.5593590677348871,0.5401935921543273,0.517821525898089,0.058192947378052036,0.6087704213241617,0.49719101123595505,0.7849223946784922,0.5149253731343284,0.7590618336886994,0.5867803837953093,0.595,0.11969879023112612,0.43,0.5,0.595,0.67,0.75,712,226,0.0015426334719343018,-0.004377393427782326,0.005920026899716628,0.005420026899716627,0.004920026899716628,0.003920026899716628,0.0009200268997166276,-0.40734574081482144,-0.6551898879648992,0.4887640449438202,1.0269469067038883,0.9568023538175685,0.14821595978356286,712,579,0.6172707889125799,0.5094991364421416,0.004430158990591488,-0.24781558382515945,0.6644648000365123,0.08026799990329891
C7,reliance_ns,TARGET_D,xgboost,3,20,2746,938,0.5593590677348871,0.5837449974275737,0.5549189895750134,0.126201169564902,0.6362098138747885,0.5143638850889193,0.8337028824833703,0.5415778251599147,0.779317697228145,0.6093986630439758,0.6182724237442017,0.1367247849702835,0.42021380364894867,0.5132303237915039,0.618272453546524,0.7192621529102325,0.7784805834293366,731,207,0.0025435155184652656,-0.00845529336550576,0.010998808883971025,0.010498808883971025,0.009998808883971026,0.008998808883971025,0.005998808883971025,0.212879544218173,-0.6551898879648992,0.5047879616963065,1.078545661361475,0.9267451694446169,0.42702369211173363,731,622,0.6631130063965884,0.522508038585209,0.010168448320468433,1.1841657160887027,0.41836210002657026,0.00830869993660599
C7,reliance_ns,TARGET_D,logistic_regression,3,20,2746,938,0.5593590677348871,0.5253714082782045,0.5042160423207755,0.03356074300946954,0.6410835214446953,0.48519362186788156,0.9445676274944568,0.4914712153518124,0.9360341151385928,0.5675500404097905,0.5660230673593523,0.04510195758165545,0.5105196839638221,0.5362446583614374,0.5660230673593523,0.596398614735981,0.6233020795655967,878,60,0.00040669819217086634,-0.004133614923126734,0.0045403131152976,0.0040403131152976,0.0035403131152976003,0.0025403131152976002,-0.00045968688470239983,-0.8004125483621886,-0.6551898879648992,0.4760820045558087,0.9706746682383621,0.9801339310191137,-0.18266010758752313,878,608,0.6481876332622601,0.4967105263157895,0.004541895181626736,-0.266997193574377,0.036085100029595196,0.0026311000110581517
C7,reliance_ns,TARGET_D,random_forest,4,20,3684,940,0.5393593919652552,0.515250195991112,0.5847984680675437,0.042691073970220594,0.49015317286652077,0.6037735849056604,0.4125230202578269,0.5042553191489362,0.3946808510638298,0.4765,0.47,0.11129668516024893,0.34,0.395,0.47,0.55,0.6255000000000002,371,569,0.012906781453248207,0.009644687448518166,0.003262094004730041,0.002762094004730041,0.002262094004730041,0.001262094004730041,-0.001737905995269959,48.3221612836111,8662.12780022233,0.5902964959568733,1.8571183225264467,0.6965362906655568,2.2196516823395145,371,240,0.2553191489361702,0.6,0.0026827637695086386,10.954672097686084,0.8086009999969974,0.09319500008132309
C7,reliance_ns,TARGET_D,xgboost,4,20,3684,940,0.5393593919652552,0.5334854873800279,0.6052590044932951,0.07573241351827525,0.4759725400457666,0.6283987915407855,0.3830570902394107,0.5127659574468085,0.35212765957446807,0.444344699382782,0.43581342697143555,0.1578715294599533,0.24054963737726212,0.32914818823337555,0.43581341207027435,0.551429957151413,0.6598708927631378,331,609,0.015066568839032825,0.00868507190745822,0.006381496931574604,0.005881496931574604,0.005381496931574604,0.004381496931574604,0.0013814969315746042,64.2696741864633,8662.12780022233,0.6072507552870091,2.0911817485841424,0.7561931067960249,2.438786148399911,331,237,0.2521276595744681,0.6160337552742616,0.004253771764093086,14.647690519051224,0.4739611999830231,0.005981200025416911
C7,reliance_ns,TARGET_D,logistic_regression,4,20,3684,940,0.5393593919652552,0.5648115933961433,0.618130847145194,0.11586746978062352,0.6896551724137931,0.6107954545454546,0.7918968692449355,0.5882978723404255,0.7489361702127659,0.5311393861917736,0.5326261239838596,0.04713094870097933,0.47229208744471324,0.4997253852153298,0.5326261239838596,0.5617240567397883,0.5877463075841415,704,236,0.012947212030495897,0.004921211050393262,0.008026000980102636,0.007526000980102636,0.007026000980102636,0.006026000980102636,0.0030260009801026362,1988.0347949531085,8662.12780022233,0.5980113636363636,1.970871707074287,0.7569290529798982,3.4219538440074952,704,334,0.3553191489361702,0.6137724550898204,0.00027767608998402124,19.424183174482042,0.036186200100928545,0.0026100999675691128
C7,reliance_ns,TARGET_D,random_forest,5,20,4624,940,0.5471453287197232,0.535548429898275,0.5864568102228,0.05595713758063484,0.4961411245865491,0.6,0.42293233082706766,0.5138297872340426,0.39893617021276595,0.48097340425531915,0.475,0.07716164530018993,0.39,0.425,0.475,0.535,0.585,375,565,0.01582048527606546,0.008422551626081994,0.007397933649983467,0.0068979336499834665,0.006397933649983467,0.005397933649983467,0.002397933649983467,101.58917534697204,5295.333646123012,0.592,1.7831213623439228,0.8099463242279176,2.1214137027191566,375,194,0.20638297872340425,0.6134020618556701,0.007784416394145835,14.134834966288016,0.8070649999426678,0.10526300000492483
C7,reliance_ns,TARGET_D,xgboost,5,20,4624,940,0.5471453287197232,0.5667707872622734,0.6246916462610115,0.0815215727798776,0.47141190198366395,0.6215384615384615,0.37969924812030076,0.5180851063829788,0.34574468085106386,0.45566320419311523,0.44551944732666016,0.11946015059947968,0.3079660564661026,0.3702109754085541,0.44551943242549896,0.5321933478116989,0.6242740690708161,325,615,0.018987082009620883,0.007350604868510711,0.011636477141110171,0.011136477141110171,0.01063647714111017,0.009636477141110171,0.006636477141110171,156.70627045176832,5295.333646123012,0.6153846153846154,2.025073773689622,0.6881858200843153,2.387534873527223,325,193,0.2053191489361702,0.6321243523316062,0.013466772594265578,35.63212696996295,0.4444408999988809,0.008884400012902915
C7,reliance_ns,TARGET_D,logistic_regression,5,20,4624,940,0.5471453287197232,0.5183086392451717,0.588378445710472,0.020215953718857777,0.43478260869565216,0.5799373040752351,0.34774436090225563,0.48829787234042554,0.3393617021276596,0.4619967785240979,0.466486370236638,0.09033014561186031,0.34276133430854006,0.40649605306078157,0.466486370236638,0.5204675372033899,0.5676317422891297,319,621,0.009688430781765355,0.012239636437806322,-0.002551205656040967,-0.003051205656040967,-0.003551205656040967,-0.004551205656040967,-0.007551205656040967,6.162980329365438,5295.333646123012,0.5705329153605015,1.397462347545535,0.9313559748949222,1.144444924341264,319,135,0.14361702127659576,0.6444444444444445,0.011064947080225122,9.312417286600066,0.037539999932050705,0.0020625999895855784
C57,reliance_ns,TARGET_D,random_forest,1,25,660,926,0.5136363636363637,0.5540679582413169,0.6769737014794721,0.06640125071838904,0.5548902195608783,0.6682692307692307,0.47440273037542663,0.5183585313174947,0.44924406047516197,0.4884233261339093,0.475,0.14143452054841396,0.305,0.385,0.475,0.595,0.68,416,510,0.03937101556170149,0.015598323678139974,0.02377269188356152,0.02327269188356152,0.02277269188356152,0.02177269188356152,0.01877269188356152,315896.76355118625,231674167.09477738,0.6634615384615384,3.8136876342131023,0.814270319968916,2.067866663099084,416,331,0.357451403887689,0.6616314199395771,0.025755109461999687,45918.6457152771,0.41912720003165305,0.06446389993652701
C57,reliance_ns,TARGET_D,xgboost,1,25,660,926,0.5136363636363637,0.5628036538847621,0.6729047115668341,0.06577052318007183,0.5254413291796469,0.6710875331564987,0.431740614334471,0.5064794816414687,0.40712742980561556,0.44224727153778076,0.3989120423793793,0.2657054364681244,0.11148011684417725,0.20997698605060577,0.3989120423793793,0.6671869158744812,0.8247150182723999,377,549,0.043000097294993475,0.01479499247596843,0.028205104819025044,0.027705104819025043,0.027205104819025043,0.026205104819025042,0.023205104819025043,295723.67803977896,231674167.09477738,0.6684350132625995,4.18792294433453,0.8053952353081916,2.059089691680397,377,333,0.3596112311015119,0.6726726726726727,0.030165694682990053,120736.28175814703,0.3526257999474183,0.008177699986845255
C57,reliance_ns,TARGET_D,logistic_regression,1,25,660,926,0.5136363636363637,0.4381098173057619,0.5834810984840022,-0.0925744103624647,0.1277860326894502,0.4942528735632184,0.07337883959044368,0.36609071274298055,0.0939524838012959,0.15405930060870573,0.04390196534694729,0.21469292072440213,9.837094829174922e-08,0.00012020196940090655,0.04390196534694729,0.25044079236640837,0.4870413724689058,87,839,0.012577265509549664,0.027698766925135142,-0.015121501415585478,-0.015621501415585479,-0.01612150141558548,-0.01712150141558548,-0.02012150141558548,1.2020717920611594,231674167.09477738,0.4942528735632184,1.4819599788054565,0.7411154792465571,0.7896102455132732,87,72,0.07775377969762419,0.5138888888888888,-0.008140207609585288,1.9953937608928207,0.027107100002467632,0.0023156999377533793
C57,reliance_ns,TARGET_D,random_forest,2,25,1586,937,0.5832282471626734,0.5719450800915331,0.6254957553235648,0.06140808843851787,0.6336464560204953,0.5529061102831595,0.742,0.5421558164354322,0.7161152614727855,0.5658964781216649,0.58,0.11762296619040809,0.41,0.485,0.58,0.655,0.705,671,266,0.010364644033198594,-0.007963427792923672,0.018328071826122266,0.017828071826122265,0.017328071826122265,0.016328071826122267,0.013328071826122265,67.99907777524973,4.077570544871448,0.5514157973174366,1.3923965181042128,0.9967894416210487,1.6115985872300984,671,545,0.5816435432230523,0.5559633027522936,0.009888168407689524,16.337309077818954,0.41355339996516705,0.06803159997798502
C57,reliance_ns,TARGET_D,xgboost,2,25,1586,937,0.5832282471626734,0.5282562929061786,0.5382530029425274,0.03863826233087326,0.6614664586583463,0.5421994884910486,0.848,0.5368196371398078,0.8345784418356457,0.6793712973594666,0.726597785949707,0.18661780655384064,0.40155903697013856,0.5692987442016602,0.726597785949707,0.8242596387863159,0.8855412125587463,782,155,0.007210259986820185,-0.0051743158473214375,0.012384575834141622,0.011884575834141622,0.011384575834141621,0.010384575834141622,0.007384575834141622,7.803795125872176,4.077570544871448,0.5396419437340153,1.2296687410270382,0.9997479718097975,1.097146799314919,782,729,0.7780149413020278,0.5541838134430727,0.017344121003749866,25.90127798603499,0.3723994999891147,0.0055942999897524714
C57,reliance_ns,TARGET_D,logistic_regression,2,25,1586,937,0.5832282471626734,0.5204210526315789,0.5333805346058791,0.04592611227303739,0.6012715712988193,0.5507487520798668,0.662,0.5314834578441836,0.6414087513340448,0.5572372303553235,0.5630155548667621,0.18405502320631834,0.3264162515649813,0.4399306429300651,0.5630155548667621,0.6842181508748943,0.7831215965390481,601,336,0.008804493315477684,-0.001354452765605735,0.01015894608108342,0.00965894608108342,0.009158946081083419,0.00815894608108342,0.00515894608108342,11.968212066990693,4.077570544871448,0.5474209650582362,1.288541958105098,0.9983233513426715,1.1858411661694912,601,492,0.5250800426894343,0.5548780487804879,0.008139803745608154,6.9600975926192685,0.03263859997969121,0.002183699980378151
C57,reliance_ns,TARGET_D,random_forest,3,25,2523,938,0.5648038049940547,0.5488305704412281,0.505055427060789,0.09404699806717405,0.5668016194331984,0.521415270018622,0.6208425720620843,0.5437100213219617,0.5724946695095949,0.5139072494669509,0.52,0.11047824381672118,0.3685,0.44,0.52,0.59,0.65,537,401,0.0027552523536786416,-0.0034177216872494118,0.006172974040928054,0.005672974040928053,0.005172974040928054,0.004172974040928054,0.0011729740409280537,0.32316444409338785,-0.6551898879648992,0.5102420856610801,1.0925967050012846,0.9106141329844325,0.4246380453282511,537,377,0.40191897654584224,0.5278514588859416,0.00558317123435006,0.6064287853182846,0.5014480999670923,0.07642080006189644
C57,reliance_ns,TARGET_D,xgboost,3,25,2523,938,0.5648038049940547,0.5623961354416606,0.5646779359433725,0.09818782178369419,0.5812133072407045,0.5201401050788091,0.6585365853658537,0.5437100213219617,0.6087420042643923,0.5267895460128784,0.529028594493866,0.12417807430028915,0.3611510396003723,0.45551227778196335,0.529028594493866,0.6077249646186829,0.6797928392887116,571,367,0.0010917669998170277,-0.001401457328493476,0.0024932243283105034,0.0019932243283105034,0.0014932243283105034,0.0004932243283105034,-0.0025067756716894967,-0.48918315399879364,-0.6551898879648992,0.5061295971978984,1.0045741287339949,0.9335879230789358,0.022612283686744915,571,405,0.43176972281449894,0.5382716049382716,0.005263369670652937,0.36950335961117764,0.4474806999787688,0.006194400019012392
C57,reliance_ns,TARGET_D,logistic_regression,3,25,2523,938,0.5648038049940547,0.5072915765558627,0.47797740136071487,-0.00303242870092507,0.5325443786982249,0.47957371225577267,0.5986696230598669,0.4946695095948827,0.6002132196162047,0.5208024882629548,0.5176301995844612,0.06804296085253576,0.43374992713363053,0.4712420972935782,0.5176301995844612,0.5664699170564506,0.610108643049696,563,375,-0.0010530035164921096,0.001871746925662599,-0.0029247504421547085,-0.0034247504421547085,-0.003924750442154708,-0.004924750442154709,-0.007924750442154708,-0.84760259126926,-0.6551898879648992,0.4706927175843694,0.902873645600137,0.9420637753818325,-0.4982513938343778,563,305,0.3251599147121535,0.4819672131147541,-0.00031495653951888196,-0.5166546875877907,0.04121319996193051,0.002575900056399405
C57,reliance_ns,TARGET_D,random_forest,4,25,3461,940,0.5420398728691129,0.5340514262122456,0.6006292842992733,0.03900599629068587,0.4868421052631579,0.6016260162601627,0.4088397790055249,0.502127659574468,0.3925531914893617,0.4550372340425532,0.465,0.11569987631619803,0.29950000000000004,0.365,0.465,0.53625,0.6,369,571,0.014683619604232234,0.008507858920140504,0.00617576068409173,0.00567576068409173,0.00517576068409173,0.00417576068409173,0.00117576068409173,90.22622709403208,8662.12780022233,0.5799457994579946,1.9868089639901994,0.5285177855626486,2.4960997684692843,369,210,0.22340425531914893,0.638095238095238,0.010853559132360595,32.01048975237161,0.5956970000406727,0.06830229994375259
C57,reliance_ns,TARGET_D,xgboost,4,25,3461,940,0.5420398728691129,0.5360832393967649,0.6131247013357835,0.035898909810348836,0.4541284403669725,0.601823708206687,0.36464088397790057,0.49361702127659574,0.35,0.42750808596611023,0.4258190989494324,0.17710506916046143,0.18069244027137757,0.30106066167354584,0.42581911385059357,0.5522247850894928,0.6676223456859589,329,611,0.015377845869642203,0.008538349895662253,0.00683949597397995,0.006339495973979949,0.00583949597397995,0.00483949597397995,0.0018394959739799497,68.77007300190299,8662.12780022233,0.5805471124620061,2.074408936391308,0.7502430243375988,2.453905616383416,329,240,0.2553191489361702,0.6375,0.012303645234776544,64.81772734242824,0.5641663999995217,0.006656799931079149
C57,reliance_ns,TARGET_D,logistic_regression,4,25,3461,940,0.5420398728691129,0.5622463132796156,0.6103204113330118,0.0728149878694018,0.5883476599808978,0.6111111111111112,0.567219152854512,0.5414893617021277,0.5361702127659574,0.5068569556531959,0.5047633779775492,0.05879207982973756,0.43418445923862237,0.4716504411527929,0.5047633779775492,0.5461224431803091,0.58075188309268,504,436,0.012576662523386576,0.009031204508199742,0.003545458015186834,0.003045458015186834,0.002545458015186834,0.001545458015186834,-0.001454541984813166,198.9163993485387,8662.12780022233,0.5952380952380952,1.999474227037298,0.4494642359512024,2.903270333969468,504,211,0.22446808510638297,0.6113744075829384,0.003554187156829149,10.057812986836204,0.02886900003068149,0.0018149999668821692
C57,reliance_ns,TARGET_D,random_forest,5,25,4401,940,0.549647807316519,0.5397178608285419,0.5982568648633575,0.04598874578060931,0.4989106753812636,0.5932642487046632,0.43045112781954886,0.5106382978723404,0.4106382978723404,0.4810638297872341,0.475,0.08532251810613085,0.375,0.42,0.475,0.535,0.6,386,554,0.014932459760296758,0.008894393826329108,0.00603806593396765,0.00553806593396765,0.00503806593396765,0.00403806593396765,0.00103806593396765,100.96546411779703,5295.333646123012,0.5906735751295337,1.7887576427772804,0.818057618764424,2.2629710282437254,386,207,0.22021276595744682,0.6376811594202898,0.004176330620906334,10.19989672064015,0.7414895999245346,0.08011840004473925
C57,reliance_ns,TARGET_D,xgboost,5,25,4401,940,0.549647807316519,0.5464258071649712,0.6125023464515278,0.02466212688199764,0.38071065989847713,0.5859375,0.2819548872180451,0.4808510638297872,0.2723404255319149,0.4372035264968872,0.43728119134902954,0.11232580244541168,0.30000975728034973,0.3553648889064789,0.43728117644786835,0.5078481286764145,0.5851217806339264,256,684,0.014893822141210086,0.010056440320337855,0.004837381820872231,0.004337381820872231,0.0038373818208722313,0.0028373818208722312,-0.00016261817912776883,18.997600644684198,5295.333646123012,0.58203125,1.7350390349594877,0.6750612786716537,1.726669700798853,256,149,0.15851063829787235,0.6174496644295302,0.0077776101069930055,7.400669009440554,0.4886426000157371,0.0063356999307870865
C57,reliance_ns,TARGET_D,logistic_regression,5,25,4401,940,0.549647807316519,0.5000967492260062,0.5787932477002362,0.01036241299219459,0.47754654983570644,0.5721784776902887,0.40977443609022557,0.4925531914893617,0.4053191489361702,0.4760365066146294,0.48048193320941524,0.1045792564215533,0.35097027671370234,0.41796108323608105,0.48048193320941524,0.5388705709797353,0.5990788463263594,381,559,0.008447284671167746,0.013368529852497252,-0.004921245181329506,-0.005421245181329507,-0.005921245181329506,-0.0069212451813295064,-0.009921245181329506,5.715413950556336,5295.333646123012,0.5669291338582677,1.3406122880892872,0.9165627409165417,1.082734153686701,381,208,0.22127659574468084,0.6057692307692307,0.005628650167643048,12.529504168809254,0.05593670008238405,0.0027209999971091747
C8,reliance_ns,TARGET_D,random_forest,1,41,660,926,0.5136363636363637,0.5201490664525196,0.6410931081661568,0.029844100776195814,0.52834008097166,0.6492537313432836,0.4453924914675768,0.49676025917926564,0.43412526997840173,0.4884287257019438,0.475,0.11977137506510158,0.345,0.41,0.475,0.56,0.6475,402,524,0.0372364038673088,0.017871093883322652,0.01936530998398615,0.01886530998398615,0.01836530998398615,0.017365309983986152,0.01436530998398615,92152.95314294648,231674167.09477738,0.6417910447761194,3.817885607576723,0.7355273436221603,1.904718163288862,402,256,0.27645788336933047,0.64453125,0.02610230898311097,4740.072921710147,0.4119469999568537,0.06337970006279647
C8,reliance_ns,TARGET_D,xgboost,1,41,660,926,0.5136363636363637,0.4824131700461755,0.6017845293839917,-0.0481702524424498,0.494949494949495,0.6064356435643564,0.4180887372013652,0.46004319654427644,0.43628509719222464,0.47466883063316345,0.4545414447784424,0.24552416801452637,0.15155447274446487,0.28435300290584564,0.4545414447784424,0.6697033196687698,0.8220236003398895,404,522,0.03541436754357037,0.01920705567417007,0.0162073118694003,0.0157073118694003,0.0152073118694003,0.0142073118694003,0.0112073118694003,48227.85277576946,231674167.09477738,0.599009900990099,3.641869199048766,0.6173433206362529,1.8172169934471931,404,348,0.3758099352051836,0.6005747126436781,0.014842652727212219,8455.880465096612,0.40545530000235885,0.005865999963134527
C8,reliance_ns,TARGET_D,logistic_regression,1,41,660,926,0.5136363636363637,0.47031720538044575,0.6265687806873226,0.036702992847589835,0.10142630744849446,0.7111111111111111,0.05460750853242321,0.3876889848812095,0.04859611231101512,0.0834664477807629,0.011992104443952366,0.20407700112365368,3.6655289928814815e-14,1.8964871373080664e-09,0.011992104443952366,0.05715827373830116,0.17985665783992444,45,881,0.02463805852412261,0.02636183304873291,-0.0017237745246103005,-0.0022237745246103005,-0.0027237745246103005,-0.0037237745246103005,-0.006723774524610301,1.7297644441604447,231674167.09477738,0.7111111111111111,3.107356802651241,0.40370423436443875,1.5919314622963818,45,43,0.04643628509719223,0.6976744186046512,-0.003814799093373112,1.3996062352020764,0.03198809991590679,0.0018967000069096684
C8,reliance_ns,TARGET_D,random_forest,2,41,1586,937,0.5832282471626734,0.5203546910755148,0.5703247484618524,-0.06470511025149975,0.6093366093366094,0.5159500693481276,0.744,0.49092849519743864,0.7694770544290288,0.5679882604055495,0.59,0.12878312691862054,0.395,0.505,0.59,0.655,0.705,721,216,0.0019275176262860997,0.015956778448177233,-0.014029260821891133,-0.014529260821891134,-0.015029260821891134,-0.016029260821891135,-0.019029260821891134,-0.8636279407713928,4.077570544871448,0.5131761442441054,1.030173938233091,0.999939655792145,0.15214509123318518,721,594,0.6339381003201707,0.5471380471380471,0.004282048337593441,1.9242496944657876,0.42959879990667105,0.0954591000918299
C8,reliance_ns,TARGET_D,xgboost,2,41,1586,937,0.5832282471626734,0.49933638443935924,0.5403259273917731,-0.02472035826392202,0.6188118811881188,0.526685393258427,0.75,0.5069370330843116,0.759871931696905,0.6518150568008423,0.7107082009315491,0.22444599866867065,0.3018976390361786,0.5067535638809204,0.7107082009315491,0.8304387927055359,0.89058917760849,712,225,0.0049791474512778785,0.005738894969105382,-0.0007597475178275038,-0.0012597475178275038,-0.0017597475178275038,-0.002759747517827504,-0.005759747517827504,0.2890126817257981,4.077570544871448,0.523876404494382,1.1362057031503714,0.999662714122512,0.6528055374649113,712,667,0.7118463180362861,0.5262368815592204,0.0016073467544555319,0.9058909127070889,0.48850119998678565,0.010915799997746944
C8,reliance_ns,TARGET_D,logistic_regression,2,41,1586,937,0.5832282471626734,0.507162471395881,0.5303465168489547,0.04143099148983872,0.6625097427903351,0.5427841634738186,0.85,0.5378868729989328,0.8356456776947705,0.6582562349970522,0.6858013937979941,0.18288859954443976,0.4140946790702614,0.565951860032876,0.6858013937979941,0.787339161798688,0.8632166989356608,783,154,0.005126501032273967,0.005339961331740551,-0.00021346029946658386,-0.0007134602994665839,-0.0012134602994665839,-0.002213460299466584,-0.005213460299466584,1.0640608467795798,4.077570544871448,0.5402298850574713,1.1513708809376673,0.9998378904637941,0.7552256899605675,783,720,0.768409818569904,0.5402777777777777,-0.0026266417335062964,0.35004686395975715,0.04894840007182211,0.0020644000032916665
C8,reliance_ns,TARGET_D,random_forest,3,41,2523,938,0.5648038049940547,0.546722546747588,0.5205618532243592,0.026847349062047634,0.5112299465240642,0.493801652892562,0.5299334811529933,0.5127931769722814,0.5159914712153518,0.5133422174840085,0.5,0.1234241700168022,0.36,0.425,0.5,0.6,0.69,484,454,0.00018666119399599057,4.12336992166462e-05,0.00014542749477934437,-0.0003545725052206556,-0.0008545725052206556,-0.0018545725052206558,-0.004854572505220656,-0.5970778902940802,-0.6551898879648992,0.48140495867768596,0.956111478892789,0.9084257625250803,-0.2011947086064584,484,328,0.34968017057569295,0.5274390243902439,0.0015341303244169953,-0.2843026172134112,0.7148256999207661,0.09642770001664758
C8,reliance_ns,TARGET_D,xgboost,3,41,2523,938,0.5648038049940547,0.5334620305321962,0.5533085458214544,0.03104585193829683,0.5350966429298067,0.4943609022556391,0.5831485587583148,0.5127931769722814,0.5671641791044776,0.5358964800834656,0.5260862708091736,0.14321646094322205,0.35218876600265503,0.4385710135102272,0.5260862708091736,0.647903561592102,0.73325035572052,532,406,8.646511254053502e-05,0.0001553317178986496,-6.886660535811459e-05,-0.0005688666053581146,-0.0010688666053581147,-0.0020688666053581147,-0.005068866605358114,-0.6629387709152028,-0.6551898879648992,0.4830827067669173,0.9518226671246869,0.9134456235335772,-0.22980313663998037,532,413,0.44029850746268656,0.5278450363196125,0.0050540177107973715,0.42120324825211175,0.5358820999972522,0.010637500090524554
C8,reliance_ns,TARGET_D,logistic_regression,3,41,2523,938,0.5648038049940547,0.5190883138997527,0.4893822381086438,0.0362676359359516,0.5802919708029197,0.4930232558139535,0.70509977827051,0.509594882729211,0.6876332622601279,0.5451917171555041,0.5463059867570355,0.0833962228495793,0.43153849825692603,0.48608885660879475,0.5463059867570355,0.6038650566134087,0.6570263385046539,645,293,0.0005877820267926172,-0.000921690409361165,0.0015094724361537823,0.0010094724361537823,0.0005094724361537823,-0.0004905275638462177,-0.0034905275638462178,-0.6583205769489531,-0.6551898879648992,0.48527131782945737,0.9797253431299826,0.8946784566278619,-0.10843448493688175,645,452,0.48187633262260127,0.5022123893805309,0.004055840329640745,-0.0013125744659995275,0.061402900028042495,0.0023277999134734273
C8,reliance_ns,TARGET_D,random_forest,4,41,3461,940,0.5420398728691129,0.5810869736652889,0.6541914198137339,0.13268948460189886,0.5766871165644172,0.6482758620689655,0.5193370165745856,0.5595744680851064,0.4627659574468085,0.48889893617021274,0.49,0.11645168571236418,0.34,0.41,0.49,0.57,0.64,435,505,0.01803891270295196,0.00481052683480756,0.013228385868144402,0.012728385868144402,0.012228385868144401,0.011228385868144402,0.008228385868144401,923.0232160086242,8662.12780022233,0.6367816091954023,2.5606729884192996,0.6280690753385446,3.547962469726959,435,310,0.32978723404255317,0.6645161290322581,0.015006120640258832,316.89668765470685,0.773885800037533,0.07942159997764975
C8,reliance_ns,TARGET_D,xgboost,4,41,3461,940,0.5420398728691129,0.5757360683950995,0.643962113753857,0.10260739658215454,0.5311827956989247,0.6382428940568475,0.4548802946593002,0.5361702127659574,0.4117021276595745,0.46159622073173523,0.45006880164146423,0.16585871577262878,0.2510751992464066,0.3261401504278183,0.45006880164146423,0.584830641746521,0.6898104667663575,387,553,0.01795259969231306,0.006019144659017659,0.011933455033295402,0.011433455033295402,0.010933455033295403,0.009933455033295402,0.006933455033295402,417.422005788051,8662.12780022233,0.6227390180878553,2.5551620316211103,0.64945445933675,3.299036142117706,387,299,0.3180851063829787,0.6655518394648829,0.013500798178580705,199.02644978332796,0.5460890999529511,0.007829300011508167
C8,reliance_ns,TARGET_D,logistic_regression,4,41,3461,940,0.5420398728691129,0.571973966813718,0.616414571833177,0.11662082041472845,0.6240740740740741,0.62756052141527,0.6206261510128913,0.5680851063829787,0.5712765957446808,0.5094034234007847,0.5100795709489544,0.0699569901809374,0.42095928276069955,0.46839693322316045,0.5100795709489544,0.55746421711613,0.5922929640692864,537,403,0.013567446489933238,0.00742065586170663,0.006146790628226609,0.005646790628226608,0.005146790628226609,0.004146790628226609,0.0011467906282266087,461.62690039780904,8662.12780022233,0.6145251396648045,2.0481872330797493,0.5628763481653514,3.1603725563452847,537,266,0.28297872340425534,0.6165413533834586,0.0035333671627822,19.630640068889473,0.07742880005389452,0.0027764999540522695
C8,reliance_ns,TARGET_D,random_forest,5,41,4401,940,0.549647807316519,0.521736326109391,0.5680903328947358,0.0696707224159809,0.5114254624591947,0.6072351421188631,0.4417293233082707,0.5223404255319148,0.4117021276595745,0.4845265957446809,0.485,0.07580535218786295,0.39,0.44,0.485,0.535,0.575,387,553,0.009378713006149373,0.012770093515155635,-0.003391380509006262,-0.003891380509006262,-0.004391380509006262,-0.005391380509006262,-0.008391380509006261,8.256640349526972,5295.333646123012,0.599483204134367,1.3811757155124609,0.9448698449267646,1.1997937788198212,387,188,0.2,0.6063829787234043,-0.0050397185893984574,0.7871283679652425,0.8314504999434575,0.07719260000158101
C8,reliance_ns,TARGET_D,xgboost,5,41,4401,940,0.549647807316519,0.5116006929087424,0.5803891381585573,0.050697372639123495,0.3641160949868074,0.6106194690265486,0.2593984962406015,0.48723404255319147,0.2404255319148936,0.41771870851516724,0.41130614280700684,0.1167311891913414,0.28022793531417844,0.33461955189704895,0.41130612790584564,0.49554286897182465,0.5740047812461853,226,714,0.003838091642836632,0.013759124560195792,-0.00992103291735916,-0.010421032917359161,-0.010921032917359162,-0.01192103291735916,-0.014921032917359162,-0.18889392853205644,5295.333646123012,0.5973451327433629,1.0993620521640926,0.9803810525564945,0.26289109685844425,226,125,0.13297872340425532,0.568,-0.007614238923802065,0.03686381307475517,0.6140780000714585,0.007693600025959313
C8,reliance_ns,TARGET_D,logistic_regression,5,41,4401,940,0.549647807316519,0.4725692908742445,0.5541717740024115,-0.01412404428741356,0.5081967213114754,0.5585585585585585,0.46616541353383456,0.48936170212765956,0.4723404255319149,0.4851127694549569,0.4936759812349901,0.10919769304359336,0.3423851571126531,0.4250331198404268,0.4936759812349901,0.5541407310730952,0.6123654125976443,444,496,0.004038024624966158,0.01794060627777399,-0.013902581652807831,-0.014402581652807831,-0.01490258165280783,-0.01590258165280783,-0.01890258165280783,0.41932391325317075,5295.333646123012,0.5518018018018018,1.1340163120701954,0.9737274293660227,0.5015530108864098,444,247,0.26276595744680853,0.5384615384615384,-0.012011840895299938,-0.23286394477909322,0.08382419997360557,0.0017897000070661306
C0,tcs_ns,TARGET_D,random_forest,1,16,520,843,0.6346153846153846,0.5224114595082338,0.537577424676761,-0.004849676519314767,0.6715210355987055,0.5213567839195979,0.9431818181818182,0.5183867141162515,0.9442467378410438,0.6788018979833926,0.685,0.10962645469662602,0.536,0.605,0.685,0.76,0.815,796,47,0.0009614255469331563,-0.010642062325682846,0.011603487872616003,0.011103487872616002,0.010603487872616002,0.009603487872616003,0.006603487872616003,-0.8467975381806233,-0.8209240001219655,0.5100502512562815,0.9984866924832829,0.9999025104241265,-0.008861028790739639,796,749,0.8884934756820878,0.520694259012016,0.00558558582859583,-0.8343508368481911,0.4332600999623537,0.07724630006123334
C0,tcs_ns,TARGET_D,xgboost,1,16,520,843,0.6346153846153846,0.4814177757726144,0.5093127408358337,-0.03592091819901643,0.656172328086164,0.516297262059974,0.9,0.5077105575326216,0.9098457888493475,0.7592564821243286,0.7951406836509705,0.16906145215034485,0.517046332359314,0.6741378605365753,0.7951406836509705,0.892251580953598,0.9390776753425598,767,76,8.62397690866235e-05,0.00261805135739815,-0.0025318115883115264,-0.0030318115883115264,-0.0035318115883115264,-0.004531811588311526,-0.0075318115883115265,-0.921621529408216,-0.8209240001219655,0.5045632333767927,0.9652436002981976,0.9999267816795814,-0.20267310974598682,767,742,0.8801897983392646,0.5148247978436657,-0.001029841969360448,-0.9071961692046691,0.3300516000017524,0.005133199971169233
C0,tcs_ns,TARGET_D,logistic_regression,1,16,520,843,0.6346153846153846,0.50787841191067,0.5099455487288527,0.04267834854099815,0.6836248012718601,0.5256723716381418,0.9772727272727273,0.527876631079478,0.970344009489917,0.7383135655005149,0.7502953284900264,0.11068111922242063,0.6011831143102725,0.6710905918233318,0.7502953284900264,0.8171151902428944,0.8681502116106927,818,25,0.0004839367069463755,-0.005229696809217409,0.0057136335161637845,0.005213633516163784,0.0047136335161637845,0.0037136335161637845,0.0007136335161637844,-0.9063632039331292,-0.8209240001219655,0.5134474327628362,0.9800385640895873,0.9999624567372492,-0.1188910565473783,818,801,0.9501779359430605,0.5280898876404494,0.010081755767643105,-0.8695226562798195,0.01557340007275343,0.0020403999369591475
C0,tcs_ns,TARGET_D,random_forest,2,16,1363,842,0.5649303008070433,0.5762745981673427,0.6972202141771362,0.11379520847405002,0.44152431011826543,0.711864406779661,0.32,0.49524940617577196,0.28028503562945367,0.441478622327791,0.435,0.09512795555352396,0.32,0.375,0.435,0.505,0.57,236,606,0.0338185008818454,0.012327035181608999,0.021491465700236398,0.020991465700236397,0.020491465700236397,0.019491465700236396,0.016491465700236397,1400.452940004979,1134747.0100849564,0.7033898305084746,4.887575810591071,0.28468567867714695,4.224655028105174,236,115,0.13657957244655583,0.7043478260869566,0.022737930814343887,52.422212990835234,0.40607360005378723,0.07873129996005446
C0,tcs_ns,TARGET_D,xgboost,2,16,1363,842,0.5649303008070433,0.610797656602073,0.7079539409003985,0.15527534383865915,0.42090784044016505,0.7574257425742574,0.2914285714285714,0.5,0.23990498812351543,0.3881918787956238,0.386764794588089,0.15760774910449982,0.17850411087274554,0.27179185301065445,0.386764794588089,0.49336814880371094,0.5909738302230835,202,640,0.03708164094819764,0.012438840713491633,0.024642800234706004,0.024142800234706004,0.023642800234706003,0.022642800234706002,0.019642800234706003,972.9970254910586,1134747.0100849564,0.7425742574257426,6.405743410156577,0.2628688499055055,4.416069934222345,202,128,0.15201900237529692,0.734375,0.027302326929305516,130.75114160496588,0.41457549994811416,0.00540510006248951
C0,tcs_ns,TARGET_D,logistic_regression,2,16,1363,842,0.5649303008070433,0.47966952080516756,0.588919783126334,0.03349586086416819,0.6549815498154982,0.6350626118067979,0.6761904761904762,0.5558194774346793,0.663895486935867,0.5704000933213953,0.5504879718760544,0.13313587168164068,0.4211967461058646,0.47699125930627984,0.5504879718760544,0.671350684279743,0.7571819733045219,559,283,0.019887872409487334,0.015314589580449291,0.004573282829038043,0.004073282829038042,0.0035732828290380428,0.0025732828290380427,-0.00042671717096195733,15716.667246301995,1134747.0100849564,0.6261180679785331,2.5144903081737793,0.6947549955643485,4.354023207665265,559,425,0.504750593824228,0.6211764705882353,-0.00010452360176444256,843.9725512406507,0.01856620004400611,0.0019785999320447445
C0,tcs_ns,TARGET_D,random_forest,3,16,2205,842,0.5873015873015873,0.5940874475913408,0.6496964877986073,0.1277414769370029,0.5543608124253285,0.6236559139784946,0.4989247311827957,0.5570071258907363,0.4418052256532066,0.4711935866983373,0.475,0.13338114196731024,0.29,0.365,0.475,0.575,0.65,372,470,0.015177134227845356,0.0023674670756748174,0.012809667152170539,0.012309667152170538,0.01180966715217054,0.010809667152170539,0.0078096671521705385,135.56038069952234,355.4930388076766,0.6129032258064516,2.4309007670443914,0.5322144294700798,3.430746999312451,372,266,0.3159144893111639,0.6165413533834586,0.009217877668108089,26.23199359995176,0.5142645000014454,0.09381900005973876
C0,tcs_ns,TARGET_D,xgboost,3,16,2205,842,0.5873015873015873,0.590142893813639,0.6507493110535896,0.1391229996372855,0.5052356020942408,0.6454849498327759,0.4150537634408602,0.5510688836104513,0.35510688836104515,0.404127836227417,0.39103859663009644,0.22814147174358368,0.11160456389188768,0.195355374366045,0.39103859663009644,0.5903185307979584,0.7300692617893219,299,543,0.014499113617987917,0.004462925389589777,0.01003618822839814,0.00953618822839814,0.009036188228398141,0.00803618822839814,0.00503618822839814,43.01917014927906,355.4930388076766,0.6354515050167224,2.460582063564406,0.46498549947199236,3.1117150991408544,299,245,0.29097387173396677,0.6571428571428571,0.011542760155516456,32.99979354408106,0.3668604000704363,0.005137300002388656
C0,tcs_ns,TARGET_D,logistic_regression,3,16,2205,842,0.5873015873015873,0.4688343173326488,0.5504891066897204,-0.0461216468413207,0.5928777670837344,0.5365853658536586,0.6623655913978495,0.497624703087886,0.6817102137767221,0.5330208342468061,0.5352470019188114,0.06826026154234756,0.4424273885341508,0.48503466306964066,0.5352470019188114,0.5801826237628529,0.6206061318354437,574,268,0.009186854058925805,0.00554234786754562,0.0036445061913801848,0.0031445061913801847,0.0026445061913801847,0.0016445061913801847,-0.0013554938086198154,54.635641271724026,355.4930388076766,0.5313588850174216,1.5272699807008157,0.8804420133397873,2.1966273853896308,574,360,0.42755344418052255,0.5027777777777778,-0.007168444827240085,0.9984671797897882,0.01571819989476353,0.002411500085145235
C0,tcs_ns,TARGET_D,random_forest,4,16,3047,844,0.5776173285198556,0.5510894665843563,0.5973711416223537,0.08892555060619362,0.5326991676575505,0.6170798898071626,0.4686192468619247,0.5343601895734598,0.43009478672985785,0.4681990521327014,0.47,0.15487597300201073,0.265,0.35,0.47,0.58,0.68,363,481,0.013981967816496296,0.0047560605078970876,0.009225907308599207,0.008725907308599207,0.008225907308599206,0.007225907308599207,0.004225907308599207,76.73857169391347,613.3011982094608,0.6060606060606061,2.1416487350287308,0.6849183650816627,3.053589706521454,363,266,0.31516587677725116,0.5939849624060151,0.004388949795915188,12.630086094132519,0.7821553000248969,0.08203499997034669
C0,tcs_ns,TARGET_D,xgboost,4,16,3047,844,0.5776173285198556,0.5642533781466492,0.6156638990298111,0.0689338501314856,0.5138721351025332,0.6068376068376068,0.4456066945606695,0.5225118483412322,0.4158767772511848,0.4387812912464142,0.4479594826698303,0.21910667419433594,0.12846717983484268,0.2536384016275406,0.4479594975709915,0.6104691475629807,0.7212659120559692,351,493,0.012350383016892832,0.0061422616283108925,0.00620812138858194,0.005708121388581939,0.00520812138858194,0.00420812138858194,0.0012081213885819396,36.381722533126506,613.3011982094608,0.5982905982905983,1.9123741794530091,0.7365576445483424,2.5631856252160565,351,289,0.3424170616113744,0.6332179930795848,0.008459346982026219,33.69730717406779,0.4509147999342531,0.00622580002527684
C0,tcs_ns,TARGET_D,logistic_regression,4,16,3047,844,0.5776173285198556,0.4751068889041315,0.5583839210436958,-0.042617551604068264,0.5894941634241245,0.5509090909090909,0.6338912133891214,0.5,0.6516587677725119,0.5148327796263965,0.5280273315436408,0.07455658715802134,0.40898378852129685,0.4764901558433614,0.5280273315436408,0.5645758500538292,0.5964018056287512,550,294,0.007896119917812947,0.010272970975814743,-0.0023768510580017953,-0.0028768510580017954,-0.0033768510580017954,-0.004376851058001795,-0.0073768510580017954,24.085935009648754,613.3011982094608,0.5436363636363636,1.4724784081122044,0.8681332857889352,1.9353738744853344,550,284,0.33649289099526064,0.5211267605633803,-0.004742236847753619,1.7553792554928256,0.019590799929574132,0.0031720000552013516
C0,tcs_ns,TARGET_D,random_forest,5,16,3891,844,0.5751734772552043,0.5596714126757045,0.5963629000744368,0.07222792248150298,0.5268176400476758,0.5924932975871313,0.4742489270386266,0.5296208530805687,0.4419431279620853,0.4847689573459716,0.48,0.1316828731602823,0.31650000000000006,0.39,0.48,0.57,0.665,373,471,0.007166348832298067,0.0049087444344629695,0.002257604397835097,0.0017576043978350972,0.0012576043978350972,0.00025760439783509715,-0.002742395602164903,5.1521264120932235,51.56329329406319,0.5844504021447721,1.376939223520176,0.8604229073952816,1.2950207208351379,373,264,0.3127962085308057,0.6553030303030303,0.009966783167126554,14.821912668006966,0.8421950000338256,0.11996439995709807
C0,tcs_ns,TARGET_D,xgboost,5,16,3891,844,0.5751734772552043,0.5903501600926494,0.6286542199947043,0.14482321556407815,0.5338345864661654,0.641566265060241,0.4570815450643777,0.5592417061611374,0.3933649289099526,0.430035263299942,0.42106133699417114,0.2085333913564682,0.16405114978551866,0.25098659098148346,0.42106135189533234,0.5973677635192871,0.7122817933559419,332,512,0.012448324433545856,0.0016644981076992457,0.01078382632584661,0.01028382632584661,0.009783826325846609,0.00878382632584661,0.00578382632584661,27.807985631780028,51.56329329406319,0.6325301204819277,1.8315852984533356,0.8499487028177424,2.251535962719907,332,257,0.30450236966824645,0.6653696498054474,0.014699041989598335,32.92103280015271,0.4484421999659389,0.0057746999664232135
C0,tcs_ns,TARGET_D,logistic_regression,5,16,3891,844,0.5751734772552043,0.515691350455299,0.5599959091187378,0.011995333841981978,0.46153846153846156,0.5596330275229358,0.3927038626609442,0.4940758293838863,0.38744075829383884,0.47656116804499987,0.48362366956906394,0.06483602806082352,0.3946333356292278,0.4390520698471383,0.48362366956906394,0.5225289852292475,0.5515263552976407,327,517,0.006994611404106962,0.005218237551133967,0.0017763738529729947,0.0012763738529729947,0.0007763738529729947,-0.00022362614702700536,-0.0032236261470270054,3.6853778541548543,51.56329329406319,0.5504587155963303,1.375564911518049,0.8694646114216679,1.1827828589053153,327,89,0.10545023696682465,0.5393258426966292,0.0003111046008472977,0.4083813338546136,0.02175610000267625,0.002017199993133545
C5,tcs_ns,TARGET_D,random_forest,1,21,384,843,0.7291666666666666,0.5458662305436499,0.555089302279266,-0.010557788191614927,0.6605809128630705,0.5202614379084968,0.9045454545454545,0.5148279952550415,0.9074733096085409,0.653944246737841,0.665,0.11334769139876222,0.501,0.5725,0.665,0.735,0.7940000000000004,765,78,0.0005495404998098724,-0.001990777901318636,0.0025403184011285086,0.0020403184011285086,0.0015403184011285086,0.0005403184011285086,-0.0024596815988714915,-0.8894767022235592,-0.8209240001219655,0.5098039215686274,0.982828583957448,0.9999132614742593,-0.09916723816240954,765,674,0.7995255041518387,0.5237388724035609,0.005392820593060312,-0.7460292441979857,0.5109972000354901,0.17650980001781136
C5,tcs_ns,TARGET_D,xgboost,1,21,384,843,0.7291666666666666,0.5126494473268667,0.5302784277432129,0.02305302022744916,0.633969118982743,0.5279878971255674,0.7931818181818182,0.5219454329774614,0.7841043890865955,0.6929720044136047,0.7761960625648499,0.24589498341083527,0.2838340997695923,0.5414138436317444,0.7761960625648499,0.8840314447879791,0.9418201684951782,661,182,-6.85313762172354e-05,0.001705588163358746,-0.0017741195395759816,-0.0022741195395759818,-0.0027741195395759814,-0.0037741195395759814,-0.0067741195395759814,-0.9170058625885431,-0.8209240001219655,0.518910741301059,0.9616902963683635,0.9998972263469158,-0.20817249361189508,661,628,0.7449584816132859,0.5207006369426752,-0.0037905662599414954,-0.9360623942119826,0.40144990000408143,0.004777000052854419
C5,tcs_ns,TARGET_D,logistic_regression,1,21,384,843,0.7291666666666666,0.5805831265508685,0.5914180083806537,0.09779094070559162,0.45897079276773295,0.5913978494623656,0.375,0.538552787663108,0.3309608540925267,0.37674871874128946,0.3058799026325969,0.2914268436967486,0.03736309584813896,0.12201527750303258,0.3058799026325969,0.6097910195379146,0.832821598110193,279,564,0.01231396705771282,-0.00562141667207478,0.017935383729787598,0.017435383729787597,0.016935383729787597,0.015935383729787596,0.012935383729787597,9.301539586153794,-0.8209240001219655,0.5878136200716846,1.4792288304002572,0.9624217370237577,1.3617206173026786,279,238,0.2823250296559905,0.6050420168067226,0.021128497649256023,14.426134848097766,0.02092160005122423,0.0027302999515086412
C5,tcs_ns,TARGET_D,random_forest,2,21,1227,842,0.58679706601467,0.5919032597266036,0.7308197279354051,0.15332193155540202,0.4262295081967213,0.7536231884057971,0.29714285714285715,0.501187648456057,0.24584323040380046,0.44383610451306416,0.435,0.08951213364335446,0.34,0.38,0.435,0.495,0.555,207,635,0.033224874230235846,0.013502048129939758,0.01972282610029609,0.01922282610029609,0.01872282610029609,0.017722826100296088,0.014722826100296089,514.4322168293481,1134747.0100849564,0.748792270531401,4.821478933031065,0.409749796215923,3.955848216454251,207,95,0.11282660332541568,0.8526315789473684,0.031637023278606534,58.47738850389589,0.45360220002476126,0.0657648000633344
C5,tcs_ns,TARGET_D,xgboost,2,21,1227,842,0.58679706601467,0.5448580441640378,0.6894660985862284,0.08381577594405801,0.41909814323607425,0.6899563318777293,0.30095238095238097,0.47980997624703087,0.27197149643705465,0.39698636531829834,0.39493879675865173,0.17560726404190063,0.16695438474416732,0.25880327075719833,0.39493879675865173,0.5114394873380661,0.6231311619281769,229,613,0.024812843403888386,0.015936718415465134,0.008876124988423252,0.008376124988423252,0.007876124988423251,0.006876124988423252,0.003876124988423252,156.4425061226613,1134747.0100849564,0.6899563318777293,3.1661090732726356,0.605389956771844,3.347646644062582,229,163,0.19358669833729217,0.6993865030674846,0.014093165336519343,77.7058370686405,0.38950870011467487,0.00623630010522902
C5,tcs_ns,TARGET_D,logistic_regression,2,21,1227,842,0.58679706601467,0.5980231335436382,0.7184681021065427,0.13879961784711045,0.29675425038639874,0.7868852459016393,0.18285714285714286,0.45961995249406173,0.14489311163895488,0.34677602191285123,0.33912360664130237,0.13650822499173795,0.17392378615209722,0.23934891801838262,0.33912360664130237,0.4480779275971735,0.5351015156388068,122,720,0.04632520562348353,0.013610658947368855,0.032714546676114675,0.032214546676114675,0.031714546676114674,0.030714546676114673,0.027714546676114674,174.9951554194163,1134747.0100849564,0.7868852459016393,7.081964989480224,0.31779880132434835,3.492061401937756,122,72,0.0855106888361045,0.75,0.02626405678289827,15.364419448341568,0.027254900080151856,0.002054999931715429
C5,tcs_ns,TARGET_D,random_forest,3,21,2069,842,0.6017399710004834,0.5846324976469582,0.660672659555433,0.14617092085937897,0.5155440414507773,0.6482084690553745,0.42795698924731185,0.5558194774346793,0.3646080760095012,0.463812351543943,0.435,0.13785561808968214,0.3,0.35624999999999996,0.435,0.555,0.67,307,535,0.014696392860632826,0.004199646448806278,0.010496746411826548,0.009996746411826548,0.009496746411826549,0.008496746411826548,0.005496746411826548,52.3772044216319,355.4930388076766,0.6384364820846905,2.6550124303204674,0.5313067807016448,3.431843909450776,307,226,0.2684085510688836,0.672566371681416,0.011882759708117648,28.563988475050245,0.45478400005958974,0.0772309999447316
C5,tcs_ns,TARGET_D,xgboost,3,21,2069,842,0.6017399710004834,0.5661960582983943,0.6229277236928015,0.10155047351983168,0.5228113440197287,0.6127167630057804,0.4559139784946237,0.5403800475059383,0.41092636579572445,0.46223345398902893,0.4390990734100342,0.2200932651758194,0.17873019725084305,0.2846858352422714,0.439099058508873,0.6251414120197296,0.7931080162525176,346,496,0.012509292660718926,0.00489997620507437,0.007609316455644556,0.007109316455644556,0.006609316455644556,0.0056093164556445555,0.0026093164556445555,39.8478030191875,355.4930388076766,0.6040462427745664,2.2060284197407976,0.5631660421816567,2.956419527996396,346,281,0.333729216152019,0.6263345195729537,0.008060430069255137,25.727806523778103,0.4124826999614015,0.008730100002139807
C5,tcs_ns,TARGET_D,logistic_regression,3,21,2069,842,0.6017399710004834,0.4735518097030889,0.5227420470471745,-0.07458313020271909,0.42012578616352203,0.5060606060606061,0.35913978494623655,0.4524940617577197,0.3919239904988123,0.4650831784262156,0.4658539724252324,0.12669548132804412,0.29970517397260005,0.3797808057954878,0.4658539724252324,0.551997987089176,0.6230653821254833,330,512,0.0035521038068935702,0.010910955472755387,-0.007358851665861817,-0.007858851665861817,-0.008358851665861818,-0.009358851665861817,-0.012358851665861818,0.6633282812695906,355.4930388076766,0.503030303030303,1.1479310034580836,0.8376951775092825,0.5632149888935271,330,215,0.25534441805225655,0.4930232558139535,-0.007023465779530994,0.17979292545807657,0.03284870006609708,0.003106999909505248
C5,tcs_ns,TARGET_D,random_forest,4,21,2911,844,0.5874270010305737,0.5513724078011752,0.6076679208727167,0.05993942029625097,0.5024390243902439,0.6023391812865497,0.4309623430962343,0.5165876777251185,0.4052132701421801,0.473489336492891,0.46,0.15071098838170705,0.285,0.36,0.46,0.57,0.675,342,502,0.014060058283565735,0.005088803762364887,0.008971254521200848,0.008471254521200847,0.007971254521200847,0.006971254521200848,0.003971254521200848,59.24790432842892,613.3011982094608,0.5964912280701754,2.062852365620841,0.7064982524181034,2.8512669554919166,342,252,0.2985781990521327,0.6111111111111112,0.00879087665068058,24.422957834431255,0.66971500008367,0.06373760011047125
C5,tcs_ns,TARGET_D,xgboost,4,21,2911,844,0.5874270010305737,0.5854996913368543,0.6309085253744124,0.10263663686956093,0.5507584597432905,0.6226912928759895,0.49372384937238495,0.5438388625592417,0.4490521327014218,0.46339234709739685,0.470339298248291,0.21560509502887726,0.1661330059170723,0.28463444858789444,0.470339298248291,0.610885888338089,0.7572376310825352,379,465,0.014543360651581688,0.0039810445908326775,0.01056231606074901,0.01006231606074901,0.009562316060749011,0.00856231606074901,0.00556231606074901,112.9990894051164,613.3011982094608,0.6174142480211082,2.1532111598147674,0.7503675328054091,3.1732821222062517,379,308,0.36492890995260663,0.6233766233766234,0.010272944100515304,57.26291522308529,0.4129516000393778,0.005927199963480234
C5,tcs_ns,TARGET_D,logistic_regression,4,21,2911,844,0.5874270010305737,0.480519925920845,0.5993523584762379,-0.053097620960936974,0.5414480587618048,0.5431578947368421,0.5397489539748954,0.4822274881516588,0.5627962085308057,0.5065287968115388,0.5098090484441101,0.07631634089094108,0.4095218500178152,0.4629403595948638,0.5098090484441101,0.5462653068285186,0.5988891383123228,475,369,0.0068440117553025,0.011144210942867121,-0.004300199187564621,-0.004800199187564622,-0.005300199187564621,-0.006300199187564621,-0.009300199187564622,8.596879706811487,613.3011982094608,0.5347368421052632,1.3807497084663638,0.82411775849462,1.490633126740746,475,200,0.23696682464454977,0.565,-0.0006387277152660447,2.4578858524964597,0.03696289996150881,0.0023618999402970076
C5,tcs_ns,TARGET_D,random_forest,5,21,3755,844,0.5826897470039947,0.5994163998455845,0.6246645945340913,0.16279447544584405,0.6163934426229508,0.6280623608017817,0.6051502145922747,0.5841232227488151,0.5319905213270142,0.5051481042654029,0.505,0.11407393714699522,0.36150000000000004,0.425,0.505,0.58,0.645,449,395,0.011917201764803279,-0.000925966707132748,0.012843168471936027,0.012343168471936027,0.011843168471936026,0.010843168471936027,0.007843168471936026,77.44333630792826,51.56329329406319,0.621380846325167,1.804631017309762,0.6555599245907379,2.618040999657589,449,304,0.36018957345971564,0.6480263157894737,0.011309993037353,25.176425212660376,0.6900220999959856,0.06878020009025931
C5,tcs_ns,TARGET_D,xgboost,5,21,3755,844,0.5826897470039947,0.5880906964597952,0.6344192845828553,0.1364649996955491,0.5821917808219178,0.6219512195121951,0.5472103004291845,0.566350710900474,0.48578199052132703,0.4778175950050354,0.4854430556297302,0.22316931188106537,0.14131426066160202,0.31151966750621796,0.48544304072856903,0.662389874458313,0.7572497427463531,410,434,0.012821994386062777,-0.0006266151041624465,0.013448609490225224,0.012948609490225223,0.012448609490225224,0.011448609490225223,0.008448609490225224,75.60094924668495,51.56329329406319,0.6121951219512195,1.8486113303160692,0.7478443098483105,2.6572242958015213,410,354,0.4194312796208531,0.672316384180791,0.019152925027269313,184.12346842932928,0.36533539998345077,0.005175799946300685
C5,tcs_ns,TARGET_D,logistic_regression,5,21,3755,844,0.5826897470039947,0.5837364034788928,0.6330577563923219,0.08683718759172827,0.6202020202020202,0.5858778625954199,0.6587982832618026,0.5545023696682464,0.6208530805687204,0.5160501084721794,0.5178443274826389,0.07222511004083687,0.42300589688352863,0.47519890249885427,0.5178443274826389,0.5598105948344221,0.5990503850028686,524,320,0.008798890207491247,0.0011701508573557068,0.007628739350135539,0.007128739350135539,0.006628739350135539,0.005628739350135539,0.002628739350135539,30.860720832896085,51.56329329406319,0.5782442748091603,1.5103479611250459,0.8272060724253597,2.0120580717639744,524,257,0.30450236966824645,0.6536964980544747,0.013260313384792676,26.938170715480837,0.03603810002095997,0.001693699974566698
C7,tcs_ns,TARGET_D,random_forest,1,20,520,843,0.6346153846153846,0.5258600270697045,0.5442650372054569,0.007837336842650238,0.6793953858392999,0.5226438188494492,0.9704545454545455,0.5219454329774614,0.9691577698695136,0.680379596678529,0.685,0.09596564559938049,0.555,0.61,0.685,0.745,0.8040000000000004,817,26,0.000912381379306403,-0.018472991570831966,0.01938537295013837,0.018885372950138368,0.018385372950138368,0.017385372950138367,0.014385372950138368,-0.8633862210522862,-0.8209240001219655,0.5104039167686658,0.9965877986125528,0.9999528461723345,-0.020259178595545917,817,769,0.9122182680901542,0.5227568270481144,0.010083090765014204,-0.8067077755958476,0.45176210009958595,0.15518349991180003
C7,tcs_ns,TARGET_D,xgboost,1,20,520,843,0.6346153846153846,0.4936498984886082,0.5232523926444052,-0.026807416949181588,0.6526845637583892,0.5172872340425532,0.884090909090909,0.5088967971530249,0.8920521945432978,0.7398324608802795,0.7859983444213867,0.17588455975055695,0.484460186958313,0.6242266595363617,0.7859983444213867,0.8770466446876526,0.9309806585311889,752,91,-0.00019071008855645586,0.0044893603587489485,-0.004680070447305404,-0.005180070447305405,-0.005680070447305404,-0.006680070447305404,-0.009680070447305403,-0.9367020545562729,-0.8209240001219655,0.5053191489361702,0.9555067715430576,0.9999324605897377,-0.25785717008209247,752,716,0.8493475682087782,0.5083798882681564,-0.008168629482511793,-0.9580275139260129,0.3914438000647351,0.00612029992043972
C7,tcs_ns,TARGET_D,logistic_regression,1,20,520,843,0.6346153846153846,0.503654410106023,0.5020342135666204,0.052376218969227284,0.6806790622473726,0.5282308657465495,0.9568181818181818,0.531435349940688,0.9454329774614472,0.7278875834152435,0.7505307816277179,0.12444065979779734,0.5498057165363817,0.6577849837156144,0.7505307816277179,0.8219112056470468,0.8672918996174527,797,46,0.0007279855670811323,-0.00684971067199918,0.007577696239080313,0.0070776962390803125,0.006577696239080313,0.005577696239080313,0.002577696239080313,-0.8746932085020966,-0.8209240001219655,0.5156838143036386,0.9893378665379997,0.9999223429902498,-0.06244279456048177,797,758,0.8991696322657177,0.5316622691292876,0.005078461537230535,-0.8536495266891744,0.018684200011193752,0.0018777999794110656
C7,tcs_ns,TARGET_D,random_forest,2,20,1363,842,0.5649303008070433,0.5876641129637976,0.7017222962456822,0.1347176062970796,0.4880503144654088,0.7185185185185186,0.36952380952380953,0.5166270783847982,0.32066508313539194,0.4541805225653206,0.455,0.08720920161475362,0.3405000000000001,0.39,0.455,0.515,0.5694999999999998,270,572,0.030867954517108505,0.012442310854110612,0.01842564366299789,0.01792564366299789,0.01742564366299789,0.01642564366299789,0.01342564366299789,1962.399664091904,1134747.0100849564,0.7148148148148148,4.532118263713293,0.2968962830713316,4.536805368607736,270,125,0.14845605700712589,0.784,0.02533440796194439,97.48500707062621,0.43593669997062534,0.07696850004140288
C7,tcs_ns,TARGET_D,xgboost,2,20,1363,842,0.5649303008070433,0.6134715337238996,0.70125247755043,0.12435690292023902,0.39330543933054396,0.734375,0.26857142857142857,0.4833729216152019,0.22802850356294538,0.37325340509414673,0.36270615458488464,0.16251082718372345,0.16616373956203462,0.2533979117870331,0.36270615458488464,0.48666611313819885,0.585517966747284,192,650,0.03457735144217075,0.013557689309651974,0.021019662132518775,0.020519662132518775,0.020019662132518774,0.019019662132518773,0.016019662132518774,438.5526616922432,1134747.0100849564,0.7291666666666666,5.562661414731913,0.2500185262631509,4.151365620487429,192,117,0.13895486935866982,0.7264957264957265,0.022754951699760197,57.59874120563141,0.3978960000677034,0.005043099983595312
C7,tcs_ns,TARGET_D,logistic_regression,2,20,1363,842,0.5649303008070433,0.4753973261228782,0.5891375084307604,0.03151481261964977,0.6537396121883656,0.6344086021505376,0.6742857142857143,0.5546318289786223,0.66270783847981,0.5645276977055983,0.551383859217708,0.1306112193159159,0.403102739130653,0.47161076499865895,0.551383859217708,0.6598745506834379,0.7431776059171572,558,284,0.019332199140906715,0.016422473266002185,0.002909725874904529,0.002409725874904529,0.0019097258749045292,0.0009097258749045291,-0.002090274125095471,11491.587614373346,1134747.0100849564,0.6254480286738351,2.462708932630303,0.717220109828877,4.250181603672861,558,426,0.505938242280285,0.6173708920187794,-0.0035384654627861716,420.724039659081,0.02775929996278137,0.0026017000200226903
C7,tcs_ns,TARGET_D,random_forest,3,20,2205,842,0.5873015873015873,0.5911611191922649,0.6490412585696814,0.0939899262855946,0.5555555555555556,0.6015037593984962,0.5161290322580645,0.5439429928741093,0.47387173396674587,0.4913182897862233,0.485,0.12315400193578621,0.335,0.4,0.485,0.585,0.655,399,443,0.013436580756414733,0.0031544192697881665,0.010282161486626567,0.009782161486626566,0.009282161486626566,0.008282161486626567,0.005282161486626567,98.31083802841535,355.4930388076766,0.5889724310776943,2.2198675559622583,0.5335405493471065,3.1893315847038863,399,280,0.332541567695962,0.6357142857142857,0.01121993836304171,45.248776042255834,0.5440236000576988,0.07426609995309263
C7,tcs_ns,TARGET_D,xgboost,3,20,2205,842,0.5873015873015873,0.5940275519808335,0.6520509874536284,0.13940287927145253,0.5498783454987834,0.6330532212885154,0.4860215053763441,0.5605700712589073,0.42399049881235157,0.43594443798065186,0.43337470293045044,0.22878505289554596,0.12581994086503984,0.2299678921699524,0.43337471783161163,0.6300245076417923,0.7442511498928069,357,485,0.015558099328851688,0.002483220614279554,0.013074878714572134,0.012574878714572134,0.012074878714572135,0.011074878714572134,0.008074878714572135,130.84512539944592,355.4930388076766,0.6246498599439776,2.5906603195665303,0.4903174623752082,3.59799133751214,357,302,0.3586698337292161,0.6324503311258278,0.012666950090326708,73.0863550034565,0.41480879997834563,0.005550700007006526
C7,tcs_ns,TARGET_D,logistic_regression,3,20,2205,842,0.5873015873015873,0.45594250021391286,0.533823256952714,-0.06934297426904444,0.5883476599808978,0.5292096219931272,0.6623655913978495,0.48812351543942994,0.6912114014251781,0.5351319193461375,0.5400908864708209,0.07054227768965893,0.4416745184407202,0.4849959294203814,0.5400908864708209,0.581969368366911,0.6267571823175034,582,260,0.007859179513045848,0.008402157622049817,-0.0005429781090039686,-0.0010429781090039686,-0.0015429781090039686,-0.0025429781090039686,-0.005542978109003969,26.714190608308666,355.4930388076766,0.5240549828178694,1.429825021190611,0.9053440321843114,1.8803346594352395,582,389,0.46199524940617576,0.5115681233933161,-0.006831583880079355,1.4888524644061927,0.026777899940498173,0.0033813000191003084
C7,tcs_ns,TARGET_D,random_forest,4,20,3047,844,0.5776173285198556,0.5566939890710383,0.6117123794104047,0.08339337953706655,0.5364705882352941,0.6129032258064516,0.4769874476987448,0.533175355450237,0.44075829383886256,0.4716113744075829,0.47,0.152465358239306,0.27,0.355,0.47,0.575,0.6685000000000003,372,472,0.015304127057927495,0.0035381020257153105,0.011766025032212184,0.011266025032212183,0.010766025032212183,0.009766025032212184,0.006766025032212184,138.07570431057766,613.3011982094608,0.6021505376344086,2.3031873683562045,0.6765100283615034,3.3272540313271772,372,264,0.3127962085308057,0.6098484848484849,0.009722283634260321,33.456851595227036,0.6489288000157103,0.0889475999865681
C7,tcs_ns,TARGET_D,xgboost,4,20,3047,844,0.5776173285198556,0.5718899330086654,0.6376931800766064,0.08340028395400628,0.531435349940688,0.6136986301369863,0.4686192468619247,0.5319905213270142,0.4324644549763033,0.454368531703949,0.4632681906223297,0.22048431634902954,0.13586003780364994,0.2937914878129959,0.4632681906223297,0.6071899384260178,0.7651214361190796,365,479,0.015367509094744517,0.003661750735083309,0.011705758359661209,0.011205758359661208,0.01070575835966121,0.009705758359661209,0.006705758359661209,126.86262083033782,613.3011982094608,0.6027397260273972,2.2869040825883244,0.6909096806750019,3.2458032126838856,365,288,0.3412322274881517,0.625,0.011891129518380755,63.77055282462753,0.3912359999958426,0.004980900092050433
C7,tcs_ns,TARGET_D,logistic_regression,4,20,3047,844,0.5776173285198556,0.47905663397123716,0.5609494965375325,-0.020324181964328215,0.6023166023166023,0.5591397849462365,0.6527196652719666,0.5118483412322274,0.6611374407582938,0.5149631712065305,0.5286757782357258,0.07441136806533286,0.41109160864744254,0.47489703109301784,0.5286757782357258,0.5638363892739995,0.596603316921023,558,286,0.008726396306031987,0.008719546443779043,6.849862252944136e-06,-0.0004931501377470559,-0.0009931501377470559,-0.001993150137747056,-0.004993150137747056,39.97795867866974,613.3011982094608,0.5519713261648745,1.533826400586941,0.8749459562265532,2.151493839492474,558,279,0.3305687203791469,0.5268817204301075,-0.0047563328122682495,1.7369526761349268,0.015404000063426793,0.0018275000620633364
C7,tcs_ns,TARGET_D,random_forest,5,20,3891,844,0.5751734772552043,0.5839578082067353,0.6121454607917016,0.12866297787037304,0.5575326215895611,0.623342175066313,0.5042918454935622,0.5580568720379147,0.4466824644549763,0.481978672985782,0.475,0.14365859185705804,0.295,0.375,0.475,0.58,0.68,377,467,0.009279159198600728,0.003183776713504848,0.00609538248509588,0.00559538248509588,0.00509538248509588,0.00409538248509588,0.00109538248509588,12.90189673343973,51.56329329406319,0.6153846153846154,1.5457072124978748,0.8544693990446394,1.749989794534377,377,274,0.3246445497630332,0.6423357664233577,0.007076703751228283,8.6494310091609,0.6092586000449955,0.11655239993706346
C7,tcs_ns,TARGET_D,xgboost,5,20,3891,844,0.5751734772552043,0.6023684628834844,0.6435481161112901,0.14261222912546745,0.5265822784810127,0.6419753086419753,0.44635193133047213,0.556872037914692,0.38388625592417064,0.4447542130947113,0.4338299632072449,0.199911430478096,0.18495975136756898,0.2766603082418442,0.4338299632072449,0.5882903784513474,0.7444704532623293,324,520,0.012958534666031038,0.0015125029063176568,0.011446031759713381,0.010946031759713381,0.01044603175971338,0.009446031759713381,0.006446031759713381,31.223252771787145,51.56329329406319,0.6327160493827161,1.9009032753742112,0.7511033859476365,2.393365676792628,324,259,0.3068720379146919,0.6756756756756757,0.01493031913623904,35.82649556947699,0.42515780008397996,0.0056510999565944076
C7,tcs_ns,TARGET_D,logistic_regression,5,20,3891,844,0.5751734772552043,0.5311726502713627,0.5697588301491721,0.03480628742898549,0.4780976220275344,0.5735735735735735,0.40987124463519314,0.5059241706161137,0.39454976303317535,0.47617207868959427,0.48462224973547885,0.06430652386950726,0.3935246360597435,0.4381567910132692,0.48462224973547885,0.5226378497603242,0.5504029797651118,333,511,0.009153921607929966,0.0037902364924433636,0.005363685115486602,0.0048636851154866025,0.004363685115486602,0.003363685115486602,0.00036368511548660193,8.870353838041941,51.56329329406319,0.5645645645645646,1.5360242652888458,0.8693297601552757,1.6192600464064113,333,86,0.1018957345971564,0.5581395348837209,0.006423262466586887,1.2723438986260915,0.017645400017499924,0.00180159998126328
C57,tcs_ns,TARGET_D,random_forest,1,25,384,843,0.7291666666666666,0.5499379652605458,0.5513472725174429,0.014807923187752975,0.6633249791144528,0.52443857331572,0.9022727272727272,0.5219454329774614,0.8979833926453143,0.6657947805456702,0.68,0.12058313974510756,0.495,0.585,0.68,0.76,0.81,757,86,0.0008622263899433604,-0.0045068322225049395,0.0053690586124483,0.004869058612448299,0.0043690586124483,0.0033690586124483,0.0003690586124482998,-0.8626807661911684,-0.8209240001219655,0.5138705416116248,0.9947543590444385,0.9999078536355168,-0.029867070548550426,757,686,0.8137603795966786,0.5306122448979592,0.001012276517646726,-0.8780683118102867,0.3442380999913439,0.08132999995723367
C57,tcs_ns,TARGET_D,xgboost,1,25,384,843,0.7291666666666666,0.5280735393638619,0.5510572337019236,-0.0015937309368908685,0.6307277628032345,0.5215453194650818,0.7977272727272727,0.5124555160142349,0.7983392645314353,0.7016631960868835,0.7858057618141174,0.2409142404794693,0.28543525338172915,0.5572287440299988,0.7858057618141174,0.8919948041439056,0.9377113580703735,673,170,-0.0008586186694067822,0.004958636297426257,-0.005817254966833039,-0.0063172549668330386,-0.006817254966833039,-0.00781725496683304,-0.010817254966833039,-0.9528998068438669,-0.8209240001219655,0.5111441307578009,0.9343295545865395,0.999910619739655,-0.3665741852042095,673,638,0.7568208778173191,0.5250783699059561,-0.0045797026260731896,-0.945254838943934,0.36616959993261844,0.005438099964521825
C57,tcs_ns,TARGET_D,logistic_regression,1,25,384,843,0.7291666666666666,0.5804195804195804,0.5861900048977071,0.10163738882317867,0.47696476964769646,0.5906040268456376,0.4,0.5421115065243179,0.3534994068801898,0.389078221160521,0.3255607877243136,0.29058665547119117,0.04362544644379369,0.13136545861004603,0.3255607877243136,0.6188597848732389,0.844075213270245,298,545,0.012632463774242271,-0.006420837428756876,0.019053301202999147,0.018553301202999146,0.018053301202999146,0.017053301202999145,0.014053301202999146,11.951018409992104,-0.8209240001219655,0.587248322147651,1.4928833058131927,0.9704709451515946,1.4304258252642437,298,249,0.29537366548042704,0.5863453815261044,0.017455469916688934,7.430487754796864,0.019224900053814054,0.0019586000125855207
C57,tcs_ns,TARGET_D,random_forest,2,25,1227,842,0.58679706601467,0.5564188072705423,0.7052482021484117,0.13716989696833226,0.4470899470899471,0.7316017316017316,0.3219047619047619,0.503562945368171,0.27434679334916867,0.4540261282660333,0.445,0.08568815626978249,0.35,0.395,0.445,0.505,0.555,231,611,0.03158624115204696,0.013346854045904615,0.018239387106142344,0.017739387106142344,0.017239387106142343,0.016239387106142346,0.013239387106142343,765.8163955439379,1134747.0100849564,0.7229437229437229,4.701880725799279,0.4261851483928668,4.222464361122579,231,104,0.12351543942992874,0.8173076923076923,0.030088503473728243,71.6744786279901,0.4203533000545576,0.054040699964389205
C57,tcs_ns,TARGET_D,xgboost,2,25,1227,842,0.58679706601467,0.5459035601622353,0.6855507591321861,0.039464660867349365,0.37158469945355194,0.6570048309178744,0.259047619047619,0.45368171021377673,0.24584323040380046,0.38372036814689636,0.3744927644729614,0.16926206648349762,0.1693265452980995,0.2527403458952904,0.37449274957180023,0.4956376850605011,0.6033381998538971,207,635,0.024779666725550455,0.016255052781073424,0.008524613944477032,0.008024613944477031,0.007524613944477032,0.006524613944477032,0.0035246139444770315,92.83401319373453,1134747.0100849564,0.6570048309178744,3.05620446818691,0.5737385579149195,3.0586902057905996,207,137,0.16270783847980996,0.7153284671532847,0.013502036895144183,37.849909335685425,0.3204569999361411,0.004883300047367811
C57,tcs_ns,TARGET_D,logistic_regression,2,25,1227,842,0.58679706601467,0.5969656001201742,0.7124015303048361,0.1256887315721359,0.28081123244929795,0.7758620689655172,0.17142857142857143,0.4524940617577197,0.1377672209026128,0.3343351169397983,0.3288140513788907,0.14081535199205822,0.15481938145073218,0.222722787220396,0.3288140513788907,0.4372925663051127,0.5250616275076598,116,726,0.04332883084096105,0.014359786708841716,0.028969044132119336,0.028469044132119335,0.027969044132119335,0.026969044132119334,0.023969044132119335,99.01610917850631,1134747.0100849564,0.7758620689655172,6.870857414472857,0.33624865975623425,3.369130595918278,116,64,0.07600950118764846,0.78125,0.029693248503158798,13.83816354757676,0.02377099997829646,0.002159500028938055
C57,tcs_ns,TARGET_D,random_forest,3,25,2069,842,0.6017399710004834,0.5864892615726877,0.6568546349158069,0.12175732361354305,0.519546027742749,0.6280487804878049,0.443010752688172,0.5475059382422803,0.38954869358669836,0.4799524940617577,0.46,0.12400314195966938,0.335,0.39,0.46,0.56375,0.67,328,514,0.013614601964858183,0.004461116758467222,0.009153485206390961,0.00865348520639096,0.008153485206390962,0.007153485206390961,0.004153485206390961,47.85518736212216,355.4930388076766,0.6158536585365854,2.4308196035154173,0.5493453873663744,3.220354713060682,328,235,0.27909738717339666,0.6553191489361702,0.010662833392206231,25.809852704923312,0.5209610000019893,0.07622629997786134
C57,tcs_ns,TARGET_D,xgboost,3,25,2069,842,0.6017399710004834,0.5641710162288582,0.6236329500683064,0.1390840109584543,0.5110246433203631,0.6437908496732027,0.4236559139784946,0.5522565320665083,0.36342042755344417,0.43053364753723145,0.4072815179824829,0.22262147068977356,0.14581758081912996,0.253600113093853,0.4072815030813217,0.5760834366083145,0.7698890805244446,306,536,0.014772574759117169,0.004175738026186161,0.010596836732931008,0.010096836732931007,0.009596836732931009,0.008596836732931008,0.0055968367329310076,53.07822107223409,355.4930388076766,0.6339869281045751,2.728113265328309,0.5496705422128997,3.460995469350371,306,248,0.29453681710213775,0.6411290322580645,0.008785118786158647,21.243066057345548,0.4617778999963775,0.006072000018320978
C57,tcs_ns,TARGET_D,logistic_regression,3,25,2069,842,0.6017399710004834,0.4713784546932489,0.5231614344305301,-0.07990178541206275,0.4190715181932246,0.5030120481927711,0.35913978494623655,0.4501187648456057,0.39429928741092635,0.46552960517577,0.4643017084549843,0.12585113697122316,0.299587100994292,0.3785035263277642,0.4643017084549843,0.5522056295937874,0.6248029473761968,332,510,0.0037006835824857013,0.010843091194000754,-0.007142407611515052,-0.0076424076115150525,-0.008142407611515051,-0.009142407611515052,-0.012142407611515051,0.7457987148202239,355.4930388076766,0.5,1.1573142042642255,0.8509189353414621,0.5935043709738149,332,215,0.25534441805225655,0.49767441860465117,-0.005816962874460867,0.4474793845947018,0.040024799993261695,0.0020445999689400196
C57,tcs_ns,TARGET_D,random_forest,4,25,2911,844,0.5874270010305737,0.5726815968173401,0.6262753190092967,0.10895750026094456,0.5411203814064363,0.628808864265928,0.47489539748953974,0.5438388625592417,0.4277251184834123,0.4837736966824644,0.465,0.15180238532266901,0.3,0.37,0.465,0.575,0.6935000000000002,361,483,0.016291495462652204,0.0030680943264372856,0.013223401136214919,0.012723401136214918,0.01222340113621492,0.011223401136214919,0.00822340113621492,169.2227718479559,613.3011982094608,0.6204986149584487,2.3989317410193096,0.6833785342179434,3.473045387028707,361,262,0.3104265402843602,0.6259541984732825,0.011729883451251115,46.75598350058484,0.6584997000172734,0.13712249998934567
C57,tcs_ns,TARGET_D,xgboost,4,25,2911,844,0.5874270010305737,0.5966687244209709,0.635598833262609,0.09511397672451243,0.5379146919431279,0.6202185792349727,0.47489539748953974,0.5379146919431279,0.43364928909952605,0.4690525233745575,0.4570605456829071,0.21620270609855652,0.18653474301099776,0.30011576414108276,0.4570605456829071,0.6312680095434189,0.7700858533382416,366,478,0.014806053436817809,0.004067162895002797,0.010738890541815012,0.010238890541815012,0.009738890541815013,0.008738890541815012,0.005738890541815012,100.99136179015665,613.3011982094608,0.6147540983606558,2.079062837954339,0.8018378051210493,2.9998874373458477,366,297,0.3518957345971564,0.6296296296296297,0.011412237914061305,64.09789140256309,0.43656259996350855,0.005902600008994341
C57,tcs_ns,TARGET_D,logistic_regression,4,25,2911,844,0.5874270010305737,0.48227473306353885,0.5989567567086561,-0.06546610919514662,0.5411030176899063,0.5383022774327122,0.5439330543933054,0.4774881516587678,0.5722748815165877,0.5072254411755549,0.5105224658136581,0.07534175696668026,0.4146356653361208,0.46424810177420844,0.5105224658136581,0.5466472520151361,0.5972740208541294,483,361,0.006509346139086909,0.011687272123289967,-0.005177925984203058,-0.005677925984203058,-0.006177925984203058,-0.007177925984203058,-0.010177925984203058,7.472683945722276,613.3011982094608,0.5300207039337475,1.3536089551247052,0.8241177584946201,1.415273666513026,483,201,0.2381516587677725,0.5621890547263682,8.712687142130304e-05,2.902846572882988,0.044032199890352786,0.002360900049097836
C57,tcs_ns,TARGET_D,random_forest,5,25,3755,844,0.5826897470039947,0.5971853214342485,0.613962945583169,0.17108340713490927,0.628755364806867,0.628755364806867,0.628755364806867,0.590047393364929,0.5521327014218009,0.5118068720379148,0.515,0.1179154424329125,0.355,0.43,0.515,0.595,0.665,466,378,0.011297795747201484,-0.0007399631616842681,0.012037758908885752,0.011537758908885752,0.011037758908885753,0.010037758908885752,0.007037758908885752,67.501012664232,51.56329329406319,0.6244635193133047,1.7448234050164044,0.7971111054051655,2.500255405348662,466,331,0.3921800947867299,0.6253776435045317,0.00923533872516748,21.158623352334565,0.7249869999941438,0.06440240005031228
C57,tcs_ns,TARGET_D,xgboost,5,25,3755,844,0.5826897470039947,0.5946760678520335,0.6374643943548084,0.17838049594395908,0.5782556750298686,0.6522911051212938,0.51931330472103,0.5817535545023697,0.4395734597156398,0.46097004413604736,0.45509767532348633,0.20940257608890533,0.16368593126535416,0.3007892072200775,0.4550976902246475,0.6307823210954666,0.7390442132949829,371,473,0.015632216040153097,-0.0017219564647305728,0.01735417250488367,0.01685417250488367,0.01635417250488367,0.01535417250488367,0.01235417250488367,139.8537111187315,51.56329329406319,0.6442048517520216,2.132421730625427,0.7138402853438307,3.070462473326966,371,310,0.36729857819905215,0.6838709677419355,0.020757019353377655,175.2353463552508,0.4342430999968201,0.007790899951942265
C57,tcs_ns,TARGET_D,logistic_regression,5,25,3755,844,0.5826897470039947,0.5886073074914278,0.6415326651985591,0.10041180762855029,0.6285140562248996,0.590566037735849,0.6716738197424893,0.5616113744075829,0.6279620853080569,0.5166830285689895,0.5182267138870271,0.07252916276114206,0.42579534812339404,0.47643632671086095,0.5182267138870271,0.5610349818301762,0.6023576809371338,530,314,0.009127840345316189,0.0004691444587950885,0.0086586958865211,0.0081586958865211,0.0076586958865211005,0.0066586958865211005,0.0036586958865211005,38.79372428884784,51.56329329406319,0.5792452830188679,1.5479870630431476,0.8423447013193378,2.1259541285583348,530,269,0.3187203791469194,0.6579925650557621,0.014783640769793376,40.23421374288362,0.040401199948973954,0.002230800106190145
C8,tcs_ns,TARGET_D,random_forest,1,41,384,843,0.7291666666666666,0.46051206857658467,0.525012314905501,-0.024012080592115032,0.6633906633906634,0.5185659411011524,0.9204545454545454,0.5124555160142349,0.9264531435349941,0.6930189798339265,0.715,0.11570323277216417,0.53,0.63,0.715,0.7775000000000001,0.82,781,62,0.0005065812147957521,-0.002105195527480359,0.0026117767422761114,0.0021117767422761113,0.0016117767422761113,0.0006117767422761113,-0.0023882232577238888,-0.9011161512882248,-0.8209240001219655,0.5070422535211268,0.981384800020316,0.9999594177269057,-0.10897229808980513,781,745,0.8837485172004745,0.5140939597315436,-0.003999846538556301,-0.9351236571015569,0.34872409992385656,0.06340500002261251
C8,tcs_ns,TARGET_D,xgboost,1,41,384,843,0.7291666666666666,0.44009699977441913,0.49622929608491395,-0.10197111675665811,0.5917808219178082,0.4946564885496183,0.7363636363636363,0.4697508896797153,0.7769869513641756,0.7483295798301697,0.9087204337120056,0.29525893926620483,0.22885252535343173,0.5742694437503815,0.9087204337120056,0.9674782454967499,0.9825734853744507,655,188,-0.002589412965182789,0.010431826054502265,-0.013021239019685054,-0.013521239019685055,-0.014021239019685054,-0.015021239019685054,-0.018021239019685054,-0.9835364799191094,-0.8209240001219655,0.4854961832061069,0.8767524431085528,0.9999393959851397,-0.6993483718325016,655,640,0.7591933570581257,0.4921875,-0.014309060202305893,-0.9874209297304422,0.37198120006360114,0.005514899967238307
C8,tcs_ns,TARGET_D,logistic_regression,1,41,384,843,0.7291666666666666,0.5091867809609746,0.5328980438476947,-0.030477822402482146,0.5933014354066986,0.512396694214876,0.7045454545454546,0.4958481613285884,0.7176749703440095,0.6834430295913948,0.7870166960099375,0.29169598609417774,0.21325704474762053,0.42999606068690766,0.7870166960099375,0.9425109297586289,0.9833394628440619,605,238,-0.0006119721063636253,0.002669583741183582,-0.003281555847547207,-0.003781555847547207,-0.004281555847547207,-0.005281555847547207,-0.008281555847547207,-0.9278685882348074,-0.8209240001219655,0.5024793388429752,0.9427663861435016,0.9996071782218342,-0.29859516343386133,605,581,0.6892052194543298,0.5180722891566265,-0.000692634251365265,-0.8817876417228978,0.02778589993249625,0.0031501000048592687
C8,tcs_ns,TARGET_D,random_forest,2,41,1227,842,0.58679706601467,0.6019678533874118,0.7306539331768842,0.2049646573317342,0.5286783042394015,0.7653429602888087,0.4038095238095238,0.5510688836104513,0.32897862232779096,0.4642161520190024,0.455,0.09083037792412361,0.355,0.405,0.455,0.52,0.585,277,565,0.03996371659705846,0.007754690319974111,0.03220902627708435,0.03170902627708435,0.03120902627708435,0.03020902627708435,0.02720902627708435,26149.530386517752,1134747.0100849564,0.7617328519855595,6.423832931324044,0.412119541834347,5.394677459601745,277,143,0.16983372921615203,0.8111888111888111,0.03720610715389503,697.4196478882895,0.5689371000044048,0.12650230003055185
C8,tcs_ns,TARGET_D,xgboost,2,41,1227,842,0.58679706601467,0.5612858645035301,0.6847737968050133,0.112048653127549,0.46153846153846156,0.7058823529411765,0.34285714285714286,0.501187648456057,0.3028503562945368,0.40726250410079956,0.4019274115562439,0.1942821443080902,0.1532379701733589,0.25363433361053467,0.4019274115562439,0.5476047843694687,0.6826391637325285,255,587,0.029385706234566794,0.01355706037198643,0.015828645862580364,0.015328645862580363,0.014828645862580363,0.013828645862580364,0.010828645862580363,866.7797876573468,1134747.0100849564,0.7019607843137254,3.8551577717672005,0.4971454865206871,4.082730190857772,255,210,0.2494061757719715,0.7238095238095238,0.018591155345813733,471.12408514664804,0.4284373000264168,0.0055544000351801515
C8,tcs_ns,TARGET_D,logistic_regression,2,41,1227,842,0.58679706601467,0.6356677181913775,0.7506460073058978,0.18331671037809744,0.2807017543859649,0.8627450980392157,0.1676190476190476,0.4643705463182898,0.12114014251781473,0.28535152892007,0.2541855536038762,0.15622811749723714,0.10714472740577796,0.1624178617635532,0.2541855536038762,0.38370244394930764,0.5214035641176977,102,740,0.0575054395409897,0.012953776614850832,0.04455166292613887,0.04405166292613887,0.04355166292613887,0.04255166292613887,0.039551662926138875,232.6835439810235,1134747.0100849564,0.8627450980392157,15.404718726695442,0.10291846793512041,3.9555158937922315,102,58,0.0688836104513064,0.8793103448275862,0.055877354493990804,43.137839578923106,0.040784900076687336,0.0022760999854654074
C8,tcs_ns,TARGET_D,random_forest,3,41,2069,842,0.6017399710004834,0.5960126636433645,0.6807820091372389,0.09456340897379968,0.6174358974358974,0.5901960784313726,0.6473118279569893,0.5570071258907363,0.6057007125890737,0.5304453681710214,0.535,0.1020424320649457,0.405,0.46,0.535,0.605,0.6644999999999999,510,332,0.01106623258928224,0.003357906137926789,0.007708326451355451,0.0072083264513554506,0.006708326451355451,0.005708326451355451,0.002708326451355451,105.95764298541077,355.4930388076766,0.5803921568627451,1.8563516218012193,0.8193192754054903,2.935515534405468,510,367,0.4358669833729216,0.6158038147138964,0.01067068865324191,85.61164959685595,0.4817186000291258,0.11341940006241202
C8,tcs_ns,TARGET_D,xgboost,3,41,2069,842,0.6017399710004834,0.56440489432703,0.6456277126022403,0.05807136794101102,0.5503963759909399,0.5813397129186603,0.5225806451612903,0.5285035629453682,0.49643705463182897,0.50576251745224,0.4991745352745056,0.19529536366462708,0.24401892572641373,0.35196830332279205,0.4991745203733444,0.650664210319519,0.7779383420944214,418,424,0.012183891584449857,0.0039286244717584825,0.008255267112691374,0.007755267112691373,0.007255267112691374,0.006255267112691374,0.0032552671126913737,69.16444348781317,355.4930388076766,0.569377990430622,1.9598583031140366,0.7368133605454472,2.7751949277628896,418,351,0.4168646080760095,0.5982905982905983,0.00923776098275678,54.91253739836952,0.5483483000425622,0.007282799924723804
C8,tcs_ns,TARGET_D,logistic_regression,3,41,2069,842,0.6017399710004834,0.47809246741393574,0.5348487253233194,-0.03746042611448618,0.535483870967742,0.535483870967742,0.535483870967742,0.48693586698337293,0.5522565320665083,0.5092703594278475,0.5154830365671214,0.11613087032113158,0.3525088708615113,0.4384287756528498,0.5154830365671214,0.5847684024756901,0.6614771554291594,465,377,0.006495544296785876,0.009915584510133168,-0.003420040213347292,-0.003920040213347293,-0.004420040213347292,-0.005420040213347292,-0.008420040213347291,6.937207364013614,355.4930388076766,0.5311827956989247,1.351448789894556,0.7662067955692177,1.4170815661564948,465,299,0.35510688836104515,0.5217391304347826,-0.005179886282845675,1.2023275692353907,0.03671669994946569,0.0024933000095188618
C8,tcs_ns,TARGET_D,random_forest,4,41,2911,844,0.5874270010305737,0.5750623042275419,0.6455467181132285,0.12595545495336505,0.5681293302540416,0.634020618556701,0.5146443514644351,0.556872037914692,0.4597156398104265,0.5075651658767772,0.48,0.1424197263542881,0.35,0.405,0.48,0.59,0.73,388,456,0.017537769680206663,0.0012247034775580456,0.016313066202648618,0.015813066202648617,0.015313066202648617,0.014313066202648618,0.011313066202648617,380.76939344581206,613.3011982094608,0.6262886597938144,2.377284967381471,0.7857615376517062,3.6506903331359,388,268,0.3175355450236967,0.6567164179104478,0.016383791549790656,113.55342725237077,0.5456710000289604,0.07605429994873703
C8,tcs_ns,TARGET_D,xgboost,4,41,2911,844,0.5874270010305737,0.5853167798431533,0.6465268775769846,0.08979751776135184,0.5607264472190693,0.6129032258064516,0.5167364016736402,0.5414691943127962,0.4774881516587678,0.50298672914505,0.483318030834198,0.21325016021728516,0.22592836022377014,0.3378441110253334,0.483318030834198,0.6499210000038147,0.8296072244644166,403,441,0.014770337479214265,0.003198805935517702,0.011571531543696563,0.011071531543696563,0.010571531543696562,0.009571531543696563,0.006571531543696563,158.52200945369248,613.3011982094608,0.6054590570719603,2.082217422737294,0.8276963592221274,3.121349514299761,403,325,0.38507109004739337,0.6246153846153846,0.01329713203299742,115.10264562549087,0.521565500064753,0.006075399927794933
C8,tcs_ns,TARGET_D,logistic_regression,4,41,2911,844,0.5874270010305737,0.5460708324759358,0.6488223763017404,0.0526250551909595,0.5925155925155925,0.5888429752066116,0.5962343096234309,0.5355450236966824,0.5734597156398105,0.5195697051921512,0.5141470168822925,0.09203478023199395,0.4069373256037783,0.46322826026972047,0.5141470168822925,0.5711742814762544,0.6414650251712993,484,360,0.011488798616236563,0.005007058031744882,0.006481740584491681,0.005981740584491682,0.005481740584491681,0.004481740584491681,0.0014817405844916812,89.78693243460823,613.3011982094608,0.5805785123966942,1.7425404451017887,0.8489378717693123,2.6134789760958896,484,277,0.3281990521327014,0.6137184115523465,0.007450385997623244,23.669551986542885,0.06119799998123199,0.0023227999918162823
C8,tcs_ns,TARGET_D,random_forest,5,41,3755,844,0.5826897470039947,0.567318391352726,0.6049519306789317,0.09641278116637754,0.5848849945235487,0.5973154362416108,0.572961373390558,0.5509478672985783,0.5296208530805687,0.5096919431279621,0.505,0.11951308156408917,0.365,0.43374999999999997,0.505,0.585,0.6685000000000003,447,397,0.008048734451794094,0.003494414214426393,0.004554320237367701,0.0040543202373677,0.0035543202373677007,0.0025543202373677007,-0.00044567976263229937,12.133940488542793,51.56329329406319,0.5906040268456376,1.4566396333900329,0.8597747724320726,1.6289204883841921,447,307,0.3637440758293839,0.6091205211726385,0.004011229811930386,5.446044285881835,0.7216597999213263,0.07127730001229793
C8,tcs_ns,TARGET_D,xgboost,5,41,3755,844,0.5826897470039947,0.5923200944660172,0.6453139889121982,0.1510831076581658,0.6105032822757112,0.6227678571428571,0.5987124463519313,0.5781990521327014,0.5308056872037915,0.5263482928276062,0.5219453573226929,0.2192588448524475,0.23162977844476704,0.3571859300136566,0.5219453275203705,0.706534817814827,0.8302675366401673,448,396,0.009789159821941753,0.0015139473304276085,0.008275212491514144,0.007775212491514144,0.007275212491514144,0.006275212491514144,0.003275212491514144,26.88053774109354,51.56329329406319,0.6116071428571429,1.5573346249655837,0.8611656712529859,1.976560874077519,448,381,0.4514218009478673,0.6272965879265092,0.00930917789293204,25.305060352329527,0.529250199906528,0.006693300092592835
C8,tcs_ns,TARGET_D,logistic_regression,5,41,3755,844,0.5826897470039947,0.633211844585235,0.6946926171767138,0.2105454093710169,0.6382513661202186,0.6503340757238307,0.6266094420600858,0.6078199052132701,0.5319905213270142,0.4992135098313137,0.5103444241949608,0.11365348803092039,0.3423435848203126,0.43087157630093215,0.5103444241949608,0.5824892628205013,0.6317324261809297,449,395,0.012957911169416043,-0.0021089503088318113,0.015066861478247854,0.014566861478247853,0.014066861478247854,0.013066861478247854,0.010066861478247854,122.10851172255919,51.56329329406319,0.6414253897550112,1.9006743939161204,0.8277269627336488,2.825690914181168,449,298,0.35308056872037913,0.7080536912751678,0.016250415560215118,68.6337309037977,0.0804104000562802,0.0030361999524757266
C0,hdfcbank_ns,TARGET_D,random_forest,1,16,886,924,0.5248306997742663,0.49447676126681944,0.5876166440851165,0.04463716810896232,0.5897920604914934,0.624,0.5591397849462365,0.5303030303030303,0.5411255411255411,0.512987012987013,0.5125,0.14921115026634243,0.31150000000000005,0.415,0.5125,0.62,0.71,500,424,0.01754146812660462,0.012202192642395856,0.005339275484208764,0.004839275484208764,0.004339275484208764,0.0033392754842087643,0.0003392754842087642,1678.4212220304762,242919.6838502698,0.616,2.158185674368479,0.8111900206111196,3.3468856459012053,500,394,0.4264069264069264,0.5939086294416244,0.00035672995040864595,141.76768420613507,0.4336485000094399,0.07682840002235025
C0,hdfcbank_ns,TARGET_D,xgboost,1,16,886,924,0.5248306997742663,0.5137983038564742,0.6024713935961099,0.006247034026969591,0.5144628099173554,0.6073170731707317,0.44623655913978494,0.49134199134199136,0.44372294372294374,0.4617602825164795,0.4432954490184784,0.24311237037181854,0.14283645898103714,0.2553956136107445,0.4432954490184784,0.6655663698911667,0.802032220363617,410,514,0.01740947670173842,0.013242370225613616,0.004167106476124805,0.003667106476124805,0.0031671064761248048,0.0021671064761248048,-0.0008328935238751953,424.36128221373536,242919.6838502698,0.5975609756097561,2.1827194855538536,0.702154269209968,3.0265843589625048,410,347,0.37554112554112556,0.5936599423631124,0.004115153976285058,180.20972839786046,0.30275360005907714,0.007380599970929325
C0,hdfcbank_ns,TARGET_D,logistic_regression,1,16,886,924,0.5248306997742663,0.5119963961846564,0.6028924529499138,-0.010123469640040949,0.04145077720207254,0.5714285714285714,0.021505376344086023,0.39935064935064934,0.022727272727272728,0.09877271672831787,0.020532506642226445,0.13735459732971952,1.0277730415870084e-05,0.0007603629636594878,0.020532506642226445,0.15997356853628197,0.3125980907010869,21,903,0.021561628582054702,0.014940940801168331,0.006620687780886371,0.006120687780886371,0.005620687780886371,0.004620687780886371,0.0016206877808863712,0.4898957817249463,242919.6838502698,0.5714285714285714,2.721319053755859,0.12482273620420783,0.8593128010265014,21,7,0.007575757575757576,0.5714285714285714,0.00915298419037582,0.1624286489796385,0.01775580004323274,0.0021309000439941883
C0,hdfcbank_ns,TARGET_D,random_forest,2,16,1810,937,0.5651933701657459,0.49679442702117627,0.5706379074862522,0.015470797654622984,0.5376128385155466,0.5690021231422505,0.5095057034220533,0.5080042689434365,0.5026680896478122,0.5006883671291356,0.5,0.117958356901332,0.35,0.41,0.5,0.59,0.655,471,466,0.013631395115519244,0.007648609128420981,0.005982785987098263,0.005482785987098263,0.004982785987098263,0.003982785987098263,0.0009827859870982633,73.63500991484486,1516.0730867589618,0.5562632696390658,1.488327165239187,0.9901924864339765,1.7050879277205462,471,351,0.37459978655282816,0.5641025641025641,0.0047247114982737,22.608187869855183,0.50240009999834,0.09844329999759793
C0,hdfcbank_ns,TARGET_D,xgboost,2,16,1810,937,0.5651933701657459,0.4873581082956343,0.5442742996234964,-0.007576622167512969,0.4777415852334419,0.5569620253164557,0.41825095057034223,0.48665955176093917,0.4215581643543223,0.4576408863067627,0.43322721123695374,0.22213536500930786,0.177138289809227,0.2597176134586334,0.43322721123695374,0.6537509560585022,0.7667824745178222,395,542,0.009908270817503215,0.01120087081243537,-0.001292599994932156,-0.001792599994932156,-0.002292599994932156,-0.003292599994932156,-0.006292599994932156,7.459235007108781,1516.0730867589618,0.5443037974683544,1.3186161872118063,0.9938376043522664,1.096023403549422,395,345,0.368196371398079,0.5565217391304348,-0.0007153559714528843,6.160440944287224,0.32239410001784563,0.006853200029581785
C0,hdfcbank_ns,TARGET_D,logistic_regression,2,16,1810,937,0.5651933701657459,0.5137011647377722,0.5454650468383766,0.023393701646444755,0.6708074534161491,0.5669291338582677,0.8212927756653993,0.5474919957310566,0.8132337246531484,0.6170897115839078,0.608129245981391,0.13082557467137898,0.45919777111332394,0.5239780935342568,0.608129245981391,0.7028317601447204,0.7990128180536359,762,175,0.01188600882323705,0.005300001313983478,0.006586007509253572,0.0060860075092535725,0.005586007509253572,0.004586007509253572,0.001586007509253572,546.4584128061033,1516.0730867589618,0.5577427821522309,1.4776230447901488,0.9935383779878892,2.1558522450867126,762,627,0.6691568836712913,0.5741626794258373,0.004651252627396367,209.06919743513106,0.027647400042042136,0.0026951999170705676
C0,hdfcbank_ns,TARGET_D,random_forest,3,16,2747,938,0.563887877684747,0.537490899697048,0.6071642417817733,0.022359516071407914,0.4608501118568233,0.6041055718475073,0.37251356238698013,0.4861407249466951,0.36353944562899787,0.47029317697228146,0.465,0.09742551895931101,0.35,0.405,0.465,0.53,0.5915000000000004,341,597,0.010748015484277224,0.008675489764923694,0.0020725257193535303,0.0015725257193535303,0.0010725257193535303,7.252571935353024e-05,-0.00292747428064647,17.81284216540077,2695.472447976432,0.5953079178885631,1.693593640924889,0.7015852875863677,1.945232345621374,341,186,0.19829424307036247,0.5860215053763441,0.0024082480850575894,4.506253946689039,0.5743735999567434,0.06743950000964105
C0,hdfcbank_ns,TARGET_D,xgboost,3,16,2747,938,0.563887877684747,0.5058218454240154,0.5897753235317236,-0.026110324111491928,0.43924191750278707,0.5726744186046512,0.3562386980108499,0.46375266524520253,0.36673773987206826,0.44886109232902527,0.44412821531295776,0.1514156013727188,0.25037440061569216,0.3464285433292389,0.44412823021411896,0.5461680591106415,0.6562433242797852,344,594,0.011121662194339715,0.008448634469604574,0.0026730277247351414,0.0021730277247351414,0.0016730277247351414,0.0006730277247351413,-0.0023269722752648587,20.87007192741233,2695.472447976432,0.563953488372093,1.7383883844114802,0.6937799031921351,2.0168683605138598,344,223,0.23773987206823027,0.5695067264573991,0.0031540687245466027,7.5726550980506815,0.4016305999830365,0.006912800017744303
C0,hdfcbank_ns,TARGET_D,logistic_regression,3,16,2747,938,0.563887877684747,0.47984312251943356,0.5748105557130236,-0.01371432908654316,0.590339892665474,0.584070796460177,0.596745027124774,0.511727078891258,0.6023454157782516,0.5148321793267114,0.5160049512444229,0.07915640255411341,0.41706470001087076,0.4717065979657352,0.5160049512444229,0.565252930185644,0.6090997886692882,565,373,0.010836514465281478,0.007296809643200923,0.003539704822080556,0.003039704822080556,0.002539704822080556,0.0015397048220805558,-0.0014602951779194443,142.88590160691484,2695.472447976432,0.5769911504424778,1.74560052324193,0.718399322219096,2.670870786377999,565,289,0.30810234541577824,0.5605536332179931,0.0012371573930933955,9.88642571891764,0.019672199967317283,0.002048299997113645
C0,hdfcbank_ns,TARGET_D,random_forest,4,16,3685,940,0.5704206241519675,0.4583099145683453,0.5533097210328046,-0.06012473918726527,0.6108786610878661,0.5712050078247262,0.6564748201438849,0.5053191489361702,0.6797872340425531,0.540595744680851,0.55,0.09163245489673895,0.42,0.475,0.55,0.605,0.65,639,301,0.007278976050528831,0.01037375702179153,-0.003094780971262699,-0.003594780971262699,-0.004094780971262699,-0.005094780971262699,-0.008094780971262698,38.72515418659327,1493.7739663665077,0.5571205007824727,1.6392417292673487,0.7345099576836838,2.5785528468777144,639,475,0.5053191489361702,0.5473684210526316,-0.005216663470755909,6.234488638710242,0.8093080000253394,0.0878604999743402
C0,hdfcbank_ns,TARGET_D,xgboost,4,16,3685,940,0.5704206241519675,0.45348564898081534,0.5484679362236152,-0.05273285965578011,0.6155129274395329,0.5738724727838258,0.6636690647482014,0.5095744680851064,0.6840425531914893,0.5784241557121277,0.584186315536499,0.16041037440299988,0.349485370516777,0.4634169638156891,0.5841863453388214,0.7018638402223587,0.7945768177509308,643,297,0.0073871137532823695,0.01018132126763168,-0.0027942075143493113,-0.0032942075143493114,-0.0037942075143493114,-0.004794207514349311,-0.0077942075143493115,42.598043527051914,1493.7739663665077,0.5583203732503889,1.6562491127906356,0.6840677352183385,2.6333932416446992,643,541,0.575531914893617,0.5730129390018485,-0.0029300019131783825,18.422849922286417,0.4354067000094801,0.00633969996124506
C0,hdfcbank_ns,TARGET_D,logistic_regression,4,16,3685,940,0.5704206241519675,0.46657673860911275,0.5709006726905457,0.012167112245136176,0.7426273458445041,0.5918803418803419,0.9964028776978417,0.5914893617021276,0.9957446808510638,0.5723182597988393,0.5679952497172756,0.034818255714253454,0.5354124098179521,0.5492511091646661,0.5679952497172756,0.5902298195124431,0.6150202937931744,936,4,0.008298743992881536,0.0015355456275139053,0.006763198365367631,0.006263198365367631,0.005763198365367631,0.004763198365367631,0.0017631983653676308,585.4370074318128,1493.7739663665077,0.5737179487179487,1.826411370660178,0.7693087430107374,3.7768026745335495,936,695,0.7393617021276596,0.5870503597122302,-0.00026839247264423896,106.46515880125979,0.032858100021258,0.0021228999830782413
C0,hdfcbank_ns,TARGET_D,random_forest,5,16,4625,940,0.5747027027027027,0.5275114468864469,0.5687200363648628,0.05211544257671995,0.4349939246658566,0.5907590759075908,0.34423076923076923,0.5053191489361702,0.3223404255319149,0.4625904255319149,0.46,0.08500261143566563,0.36,0.405,0.46,0.515,0.575,303,637,0.008641912048042474,0.004311998458312557,0.004329913589729917,0.003829913589729917,0.003329913589729917,0.002329913589729917,-0.000670086410270083,5.082982346626277,46.45048667861327,0.5742574257425742,1.4724649658683546,0.865499357803165,1.1923501144921707,303,143,0.15212765957446808,0.5804195804195804,0.003713120547565913,1.3516442832511038,0.7133596000494435,0.07938230002764612
C0,hdfcbank_ns,TARGET_D,xgboost,5,16,4625,940,0.5747027027027027,0.48792582417582414,0.5431088406004153,-0.03213855248313363,0.40617577197149646,0.531055900621118,0.32884615384615384,0.46808510638297873,0.3425531914893617,0.4490075409412384,0.4467739760875702,0.11724892258644104,0.29584914445877075,0.36497166752815247,0.4467739760875702,0.5335870236158371,0.607329261302948,322,618,0.005875618766436217,0.005620215413769428,0.0002554033526667894,-0.0002445966473332106,-0.0007445966473332106,-0.0017445966473332106,-0.004744596647333211,1.9080425811525568,46.45048667861327,0.515527950310559,1.2670426928198162,0.8057257670288976,0.8031083013364407,322,191,0.20319148936170212,0.5026178010471204,-0.002164736697246274,0.3296979990074118,0.4346846000989899,0.005200999905355275
C0,hdfcbank_ns,TARGET_D,logistic_regression,5,16,4625,940,0.5747027027027027,0.5143772893772894,0.5560930794675574,-0.0032459636780471754,0.6978723404255319,0.5528089887640449,0.9461538461538461,0.5468085106382978,0.9468085106382979,0.5768197897691124,0.5700543218283376,0.05652970922644194,0.51552357430684,0.5421680523068999,0.5700543218283376,0.6049350711427401,0.6450724827135815,890,50,0.006156505389879882,-0.0022809485698225187,0.008437453959702402,0.007937453959702401,0.007437453959702402,0.006437453959702402,0.003437453959702402,24.428166481932994,46.45048667861327,0.5348314606741573,1.307964307838397,0.97696135554329,1.4568141931589818,890,653,0.6946808510638298,0.555895865237366,0.004014697088032479,16.918038736857582,0.029298200039193034,0.0019694999791681767
C5,hdfcbank_ns,TARGET_D,random_forest,1,21,663,924,0.521870286576169,0.5261129717766418,0.6275604576705623,0.00791675750888779,0.4527027027027027,0.6090909090909091,0.3602150537634409,0.474025974025974,0.35714285714285715,0.4468073593073593,0.44,0.12698587758492577,0.285,0.345,0.44,0.54,0.615,330,594,0.020612013163431298,0.012024409763881857,0.008587603399549441,0.008087603399549441,0.007587603399549441,0.006587603399549441,0.0035876033995494412,345.7812116440541,242919.6838502698,0.6,2.4095190721585835,0.554813821263391,3.0172546739487593,330,220,0.23809523809523808,0.6363636363636364,0.014251836064899267,152.5597926147872,0.5074974000453949,0.06679700000677258
C5,hdfcbank_ns,TARGET_D,xgboost,1,21,663,924,0.521870286576169,0.5086716806706231,0.6136722573043423,0.0037846318846294826,0.6037735849056604,0.6054054054054054,0.6021505376344086,0.5227272727272727,0.6006493506493507,0.5604754686355591,0.5895428657531738,0.24198175966739655,0.20559498071670534,0.34566525369882584,0.5895428359508514,0.7765006572008133,0.8592439293861389,555,369,0.01539642540776859,0.014632649437307816,0.0007637759704607738,0.00026377597046077375,-0.00023622402953922626,-0.0012362240295392263,-0.004236224029539226,1084.7166148328968,242919.6838502698,0.5981981981981982,1.9267634962801008,0.867506561982707,2.9740606429408034,555,513,0.5551948051948052,0.6140350877192983,0.002623228158724851,1051.3931743339895,0.3024956000735983,0.005512199946679175
C5,hdfcbank_ns,TARGET_D,logistic_regression,1,21,663,924,0.521870286576169,0.48498736706034434,0.576963398912665,-0.051296434800627,0.33459119496855344,0.5611814345991561,0.23835125448028674,0.4274891774891775,0.2564935064935065,0.2622092967692593,0.16088198686165894,0.27564515108814014,0.00019502864917673445,0.0053897140759162085,0.16088198686165894,0.5073603810787652,0.6721614766530398,237,687,0.013844522662737103,0.015521560222138948,-0.0016770375594018453,-0.0021770375594018453,-0.0026770375594018453,-0.0036770375594018453,-0.006677037559401845,12.377962300154799,242919.6838502698,0.5527426160337553,1.7978554564960347,0.6565648972294886,1.6716755077125929,237,193,0.20887445887445888,0.538860103626943,-0.0037572641569194615,4.781412107103107,0.022735700011253357,0.0021485999459400773
C5,hdfcbank_ns,TARGET_D,random_forest,2,21,1587,937,0.569628229363579,0.48757088803160237,0.5492238478952073,-0.0016698787591650503,0.5700934579439252,0.5606617647058824,0.5798479087452472,0.5090715048025614,0.5805763073639274,0.5231430096051227,0.53,0.14164500411119904,0.32,0.42,0.53,0.63,0.7019999999999998,544,393,0.013090575949268766,0.00728591765102171,0.005804658298247056,0.005304658298247056,0.004804658298247056,0.003804658298247056,0.0008046582982470562,95.66373763217658,1516.0730867589618,0.5514705882352942,1.4354563395424982,0.9966524838030785,1.698269488248839,544,423,0.45144076840981856,0.5531914893617021,0.002524281327342408,17.516671043471007,0.4221579000586644,0.06390939990524203
C5,hdfcbank_ns,TARGET_D,xgboost,2,21,1587,937,0.569628229363579,0.4861693171620734,0.5283246710496958,0.01427980677214178,0.5201238390092879,0.5688487584650113,0.4790874524714829,0.503735325506937,0.4727854855923159,0.49562278389930725,0.4663837254047394,0.28206419944763184,0.10726332813501359,0.2574511170387268,0.4663837254047394,0.7702561616897583,0.87857985496521,443,494,0.01429964164200616,0.0073884568944231,0.0069111847475830605,0.00641118474758306,0.0059111847475830604,0.00491118474758306,0.0019111847475830604,53.520985445259114,1516.0730867589618,0.5620767494356659,1.4414099878591342,0.9972253267198842,1.5664964620822248,443,404,0.4311632870864461,0.5668316831683168,0.006554032195478093,35.56971468128151,0.41640040010679513,0.0054960999405011535
C5,hdfcbank_ns,TARGET_D,logistic_regression,2,21,1587,937,0.569628229363579,0.4956565179983903,0.5404351465883139,0.05521499461018571,0.6816074188562596,0.57421875,0.8384030418250951,0.5602988260405549,0.8196371398078975,0.6435344258954017,0.6413357846776133,0.15172126592261426,0.45926195874773335,0.5329008122682107,0.6413357846776133,0.7433969117789002,0.8503965892061813,768,169,0.012906368905442207,0.0004292759400835851,0.012477092965358622,0.011977092965358621,0.01147709296535862,0.010477092965358622,0.0074770929653586215,1035.7914496521294,1516.0730867589618,0.5651041666666666,1.5077552675708359,0.9970877976596232,2.2637031257576044,768,674,0.7193169690501601,0.5667655786350149,0.0086570484231802,471.4767458417959,0.0268047999124974,0.002200000104494393
C5,hdfcbank_ns,TARGET_D,random_forest,3,21,2524,938,0.5665610142630745,0.5332871468495338,0.6136241408902169,0.03653828399418081,0.48748639825897716,0.6120218579234973,0.4050632911392405,0.4978678038379531,0.39019189765458423,0.4781823027718551,0.465,0.10790960950382812,0.35,0.4,0.465,0.54,0.6265000000000004,366,572,0.015546285161929085,0.005514685840090792,0.010031599321838293,0.009531599321838292,0.009031599321838293,0.008031599321838293,0.0050315993218382924,130.49448866384506,2695.472447976432,0.6065573770491803,2.165794612114359,0.5672796122148607,2.9288251457103707,366,220,0.2345415778251599,0.6454545454545455,0.01128483204330025,32.181759610391325,0.5086497999727726,0.09046189999207854
C5,hdfcbank_ns,TARGET_D,xgboost,3,21,2524,938,0.5665610142630745,0.4911956036729997,0.587518448085839,-0.046902544374204276,0.3990719257540603,0.5566343042071198,0.31103074141048825,0.44776119402985076,0.3294243070362473,0.4506914019584656,0.43233540654182434,0.14415474236011505,0.27610122263431547,0.3509974032640457,0.43233540654182434,0.5382859855890274,0.6580846548080446,309,629,0.011363747920953673,0.008478446044870101,0.002885301876083572,0.002385301876083572,0.0018853018760835718,0.0008853018760835718,-0.0021146981239164283,16.321191213350954,2695.472447976432,0.5469255663430421,1.7650208733474877,0.6027204595886865,1.9661025396614835,309,224,0.23880597014925373,0.5669642857142857,0.004297356462374519,9.564874664018499,0.35146809997968376,0.005548699991777539
C5,hdfcbank_ns,TARGET_D,logistic_regression,3,21,2524,938,0.5665610142630745,0.4736009018106667,0.5699196644423404,-0.06893659937571395,0.45665961945031713,0.549618320610687,0.39059674502712477,0.4520255863539446,0.4189765458422175,0.4795251092979348,0.48530785986050007,0.0805751436994348,0.38184588957197413,0.4344170372083848,0.48530785986050007,0.5320443117972824,0.5722238748165469,393,545,0.009424211723066496,0.009432340298408894,-8.128575342398331e-06,-0.0005081285753423983,-0.0010081285753423984,-0.0020081285753423984,-0.0050081285753423984,17.68600500862967,2695.472447976432,0.5419847328244275,1.6284979519694158,0.6679439111887101,1.9574547138506067,393,172,0.18336886993603413,0.563953488372093,0.0018614509395875872,3.7610049134685237,0.03291089995764196,0.0020927999867126346
C5,hdfcbank_ns,TARGET_D,random_forest,4,21,3462,940,0.5727902946273831,0.5038313099520383,0.614908971933637,-0.019124234035385476,0.5776566757493188,0.5834862385321101,0.5719424460431655,0.5053191489361702,0.5797872340425532,0.5199521276595744,0.515,0.09049610809631234,0.405,0.455,0.515,0.585,0.64,545,395,0.00851860957583077,0.007926897065871907,0.0005917125099588628,9.171250995886277e-05,-0.00040828749004113724,-0.0014082874900411373,-0.004408287490041137,43.88479969783988,1493.7739663665077,0.5669724770642202,1.799548743294034,0.6838445190550055,2.792264942720678,545,354,0.37659574468085105,0.5734463276836158,0.00031323788598362594,10.538749168251758,0.5733344999607652,0.09166639996692538
C5,hdfcbank_ns,TARGET_D,xgboost,4,21,3462,940,0.5727902946273831,0.5095829586330936,0.6349356046060367,-0.00181237686324399,0.6414473684210527,0.5909090909090909,0.7014388489208633,0.5361702127659574,0.7021276595744681,0.5933274030685425,0.5954296588897705,0.1783326119184494,0.3412178009748459,0.46684178709983826,0.5954296290874481,0.7329339385032654,0.8373546123504638,660,280,0.007643563295110406,0.009746481375265374,-0.0021029180801549682,-0.0026029180801549682,-0.0031029180801549682,-0.004102918080154968,-0.007102918080154968,56.94728235932106,1493.7739663665077,0.5757575757575758,1.7170091979273436,0.6375159348316909,2.8468439746894,660,550,0.5851063829787234,0.6,-0.0001939854952609059,38.166760419901316,0.4520797000732273,0.006460699951276183
C5,hdfcbank_ns,TARGET_D,logistic_regression,4,21,3462,940,0.5727902946273831,0.46209438699040767,0.562803088756364,0.0,0.7433155080213903,0.5914893617021276,1.0,0.5914893617021276,1.0,0.5735693834184127,0.5687459625482818,0.03237885242912947,0.5408486111722315,0.5521791989771717,0.5687459625482818,0.5891720974791061,0.6145352692905595,940,0,0.008269964425369333,0.0,0.008269964425369333,0.0077699644253693325,0.007269964425369333,0.006269964425369333,0.003269964425369333,586.642104873528,1493.7739663665077,0.573404255319149,1.825628003770773,0.7693087430107374,3.7776678927701397,940,728,0.774468085106383,0.5865384615384616,0.0003393507766083926,142.93053971829866,0.03545199998188764,0.003347699996083975
C5,hdfcbank_ns,TARGET_D,random_forest,5,21,4402,940,0.576783280327124,0.5306936813186813,0.5804881490345954,0.03844608593356719,0.5744274809160306,0.5700757575757576,0.5788461538461539,0.5255319148936171,0.5617021276595745,0.5152659574468086,0.515,0.1219787368575355,0.35,0.435,0.515,0.6,0.675,528,412,0.00887655172804704,0.001646657903138672,0.007229893824908367,0.006729893824908366,0.006229893824908367,0.005229893824908367,0.0022298938249083666,23.141671404951524,46.45048667861327,0.5492424242424242,1.450009081495792,0.9361107285260075,1.556895213579207,528,368,0.39148936170212767,0.5733695652173914,0.0062057070880927444,9.615048295430691,0.7843329000752419,0.09277459990698844
C5,hdfcbank_ns,TARGET_D,xgboost,5,21,4402,940,0.576783280327124,0.49327838827838827,0.5391515991643923,0.012570677262288077,0.5629770992366412,0.5587121212121212,0.5673076923076923,0.5127659574468085,0.5617021276595745,0.5201421976089478,0.5310126543045044,0.18262235820293427,0.2529443144798279,0.39209023118019104,0.5310126543045044,0.6664101481437683,0.748322355747223,528,412,0.0076561362836088925,0.0032106854630011526,0.00444545082060774,0.003945450820607739,0.00344545082060774,0.00244545082060774,-0.0005545491793922603,12.423175013068981,46.45048667861327,0.5397727272727273,1.3738557265345572,0.9054758737537714,1.3434081533000721,528,436,0.46382978723404256,0.5481651376146789,0.0020973292670544786,4.995972493824697,0.43399399996269494,0.008480300079099834
C5,hdfcbank_ns,TARGET_D,logistic_regression,5,21,4402,940,0.576783280327124,0.5015750915750915,0.5471474628771542,0.023470973884118593,0.6767600302800908,0.5580524344569289,0.8596153846153847,0.5457446808510639,0.8521276595744681,0.5543320852727929,0.5609145873493357,0.05195338313979706,0.48496890025677913,0.5292061021177991,0.5609145873493357,0.5863369048748099,0.6117133018135701,801,139,0.005299079632264973,0.008062443043580754,-0.0027633634113157814,-0.0032633634113157814,-0.0037633634113157814,-0.004763363411315781,-0.0077633634113157815,7.39403323885384,46.45048667861327,0.5393258426966292,1.2466616963308161,0.9840501615102347,1.1139472473741052,801,562,0.597872340425532,0.5551601423487544,0.0017615356451784175,8.319249231246353,0.04571910004597157,0.0021847999887540936
C7,hdfcbank_ns,TARGET_D,random_forest,1,20,886,924,0.5248306997742663,0.5095285661123842,0.5930943106047681,0.0305285278843798,0.5456369107321966,0.6195899772209568,0.4874551971326165,0.5097402597402597,0.4751082251082251,0.4930952380952381,0.49,0.15658558376255244,0.28,0.38,0.49,0.61,0.7035000000000002,439,485,0.01852694830916213,0.011981718424651495,0.006545229884510636,0.006045229884510636,0.005545229884510636,0.004545229884510636,0.0015452298845106361,1018.6684049625644,242919.6838502698,0.6104783599088838,2.2241237287260445,0.7367445864697517,3.259920499136771,439,335,0.3625541125541126,0.6208955223880597,0.00784804947132397,325.9561990393254,0.4270937000401318,0.0766855999827385
C7,hdfcbank_ns,TARGET_D,xgboost,1,20,886,924,0.5248306997742663,0.5085443719764184,0.5936531292403808,0.02396811951008784,0.5551181102362205,0.6157205240174672,0.5053763440860215,0.5108225108225108,0.49567099567099565,0.48510611057281494,0.49613049626350403,0.24495744705200195,0.14380814284086227,0.28122588992118835,0.49613049626350403,0.696301057934761,0.8185733914375305,458,466,0.016843383035037105,0.013369515694487459,0.003473867340549646,0.002973867340549646,0.002473867340549646,0.001473867340549646,-0.001526132659450354,653.8559191125938,242919.6838502698,0.6069868995633187,2.1368382970581825,0.7367445864697517,3.0743355560824126,458,393,0.4253246753246753,0.6157760814249363,0.0032387063603006305,270.4448510153987,0.38658990000840276,0.0065373999532312155
C7,hdfcbank_ns,TARGET_D,logistic_regression,1,20,886,924,0.5248306997742663,0.5120502575552814,0.6104679957246595,0.001567892259644971,0.04819277108433735,0.6086956521739131,0.025089605734767026,0.4015151515151515,0.024891774891774892,0.10691791986208583,0.029795330843103415,0.14267982292246081,2.1934301965933897e-05,0.0013246079426236191,0.029795330843103415,0.180866652237765,0.319356931644736,23,901,0.03012324319952198,0.014707690510642779,0.015415552688879201,0.0149155526888792,0.014415552688879202,0.013415552688879201,0.010415552688879202,0.8806948526041722,242919.6838502698,0.6086956521739131,4.187444011511441,0.12482273620420774,1.2409959147758367,23,15,0.016233766233766232,0.6,0.01880172414996747,0.5897997599108267,0.028340899967588484,0.0024630000116303563
C7,hdfcbank_ns,TARGET_D,random_forest,2,20,1810,937,0.5651933701657459,0.49882508580574136,0.5601244953056242,0.0210285879022233,0.5560975609756098,0.5711422845691383,0.5418250950570342,0.5144076840981857,0.5325506937033084,0.5039007470651014,0.51,0.10819646824721597,0.355,0.42,0.51,0.585,0.645,499,438,0.011178372435223809,0.01006080161661429,0.0011175708186095187,0.0006175708186095187,0.00011757081860951871,-0.0008824291813904813,-0.0038824291813904814,31.128718843368837,1516.0730867589618,0.561122244488978,1.3943332747527517,0.9912881624017855,1.4692424645129831,499,341,0.3639274279615795,0.5630498533724341,0.0028330215873691635,12.859450248014982,0.5085583999752998,0.0776031999848783
C7,hdfcbank_ns,TARGET_D,xgboost,2,20,1810,937,0.5651933701657459,0.5063880177254771,0.5611174559626082,0.027267654958664664,0.4671201814058957,0.5786516853932584,0.3916349809885932,0.4983991462113127,0.3799359658484525,0.4184522330760956,0.3987133204936981,0.22574228048324585,0.12890292704105377,0.22287309169769287,0.3987133204936981,0.6084066033363342,0.7440226078033447,356,581,0.013773937858501048,0.008745468288515261,0.005028469569985787,0.004528469569985786,0.004028469569985787,0.0030284695699857866,2.8469569985786584e-05,23.39493103548652,1516.0730867589618,0.5646067415730337,1.472365466770017,0.9900479369867519,1.433221980616991,356,295,0.31483457844183566,0.5661016949152542,-0.0007912879777053784,3.891141297636322,0.44477639999240637,0.004763200064189732
C7,hdfcbank_ns,TARGET_D,logistic_regression,2,20,1810,937,0.5651933701657459,0.5196682486377471,0.5471837301444421,0.052786996740379406,0.6765625,0.5742705570291777,0.8231939163498099,0.5581643543223053,0.8046958377801494,0.6260285762986005,0.6189601743720037,0.1405163246860953,0.449928773512522,0.522942968493449,0.6189601743720037,0.7229051398199793,0.8243551460610897,754,183,0.012198629651973871,0.004299848063745585,0.007898781588228286,0.007398781588228286,0.006898781588228286,0.005898781588228286,0.002898781588228286,644.0264814574626,1516.0730867589618,0.5649867374005305,1.4948843645292833,0.992597167080155,2.2077442160805445,754,652,0.695837780149413,0.5797546012269938,0.011380601676302277,936.5895912253255,0.033015199936926365,0.0025351999793201685
C7,hdfcbank_ns,TARGET_D,random_forest,3,20,2747,938,0.563887877684747,0.5469974871421527,0.6211485452486307,0.05828246103649558,0.4664391353811149,0.6288343558282209,0.3707052441229656,0.5,0.34754797441364604,0.4688539445628998,0.46,0.10345416561016288,0.34,0.395,0.46,0.53,0.6115000000000004,326,612,0.014347061432872572,0.006809148108956731,0.0075379133239158415,0.007037913323915842,0.006537913323915841,0.005537913323915841,0.0025379133239158413,51.637642395353645,2695.472447976432,0.6226993865030674,2.033860430090328,0.6023188553820283,2.5665656190773234,326,189,0.20149253731343283,0.6190476190476191,0.006774642250606143,10.031568113426788,0.7118595000356436,0.09243189997505397
C7,hdfcbank_ns,TARGET_D,xgboost,3,20,2747,938,0.563887877684747,0.5307954251896386,0.6147456597198694,0.02618234044556238,0.4892241379310345,0.6053333333333333,0.4104882459312839,0.4946695095948827,0.3997867803837953,0.47059953212738037,0.4610894024372101,0.14765651524066925,0.2844681292772293,0.3739045262336731,0.4610894024372101,0.5689744651317596,0.6724279642105103,375,563,0.012970273558288918,0.007070138695274661,0.005900134863014257,0.005400134863014256,0.004900134863014257,0.003900134863014257,0.0009001348630142568,58.30249520010273,2695.472447976432,0.5973333333333334,1.963430094098947,0.6388693467591302,2.5825300502332262,375,273,0.291044776119403,0.6227106227106227,0.008107385794765625,34.70886252043569,0.4103437999729067,0.005952199921011925
C7,hdfcbank_ns,TARGET_D,logistic_regression,3,20,2747,938,0.563887877684747,0.4952255700899462,0.5803804615112487,-0.009706915455102369,0.5866425992779783,0.5855855855855856,0.5877034358047016,0.511727078891258,0.591684434968017,0.5131274433297291,0.5194088764430647,0.08622143096695688,0.3991581974949076,0.4656513197651142,0.5194088764430647,0.5709029235258786,0.6149711110625268,555,383,0.012252688353849402,0.005337072149899638,0.0069156162039497645,0.006415616203949764,0.0059156162039497645,0.0049156162039497645,0.0019156162039497644,280.7023967789688,2695.472447976432,0.5783783783783784,1.8783572013631127,0.7100204827058105,2.960017374285322,555,325,0.3464818763326226,0.5753846153846154,0.0030667311151157638,20.2872076889324,0.021747199934907258,0.001660600071772933
C7,hdfcbank_ns,TARGET_D,random_forest,4,20,3685,940,0.5704206241519675,0.470045057703837,0.5582244647081348,-0.029071950284318873,0.642453591606134,0.582723279648609,0.7158273381294964,0.5287234042553192,0.7265957446808511,0.5535212765957446,0.565,0.09289060469672643,0.42,0.48875,0.565,0.62,0.665,683,257,0.00779287969224469,0.00953785887176673,-0.0017449791795220394,-0.0022449791795220394,-0.0027449791795220394,-0.0037449791795220394,-0.0067449791795220395,72.05188329615075,1493.7739663665077,0.5651537335285505,1.7153605690668654,0.7596371650907227,2.9119441167096256,683,546,0.5808510638297872,0.575091575091575,-0.0020058372564438296,24.1017625943883,0.5949507999466732,0.06781859998591244
C7,hdfcbank_ns,TARGET_D,xgboost,4,20,3685,940,0.5704206241519675,0.46091408123501204,0.5632527834208885,-0.01714052932513738,0.6324503311258278,0.5858895705521472,0.6870503597122302,0.5276595744680851,0.6936170212765957,0.5962204933166504,0.6108500957489014,0.17981672286987305,0.3396898150444031,0.45824360847473145,0.6108501255512238,0.7392726987600327,0.8318248331546784,652,288,0.008681391303746356,0.007338539686821351,0.001342851616925005,0.0008428516169250049,0.0003428516169250049,-0.0006571483830749951,-0.003657148383074995,104.52776609081651,1493.7739663665077,0.5705521472392638,1.8244303868629024,0.725237870820274,3.1443737439570825,652,565,0.601063829787234,0.5805309734513274,-0.0015126060876501733,30.98206381994162,0.4182491999818012,0.00577829999383539
C7,hdfcbank_ns,TARGET_D,logistic_regression,4,20,3685,940,0.5704206241519675,0.43416516786570747,0.5441983782886423,-0.03666707505313995,0.7295081967213115,0.5881057268722467,0.960431654676259,0.5787234042553191,0.9659574468085106,0.5730626818462894,0.5708164667670049,0.04107075291745843,0.5237843470568708,0.5440516741249547,0.5708164667670049,0.6009672512482852,0.6258561901331124,908,32,0.00820601910523731,0.01008441288411551,-0.0018783937788781988,-0.002378393778878199,-0.002878393778878199,-0.003878393778878199,-0.006878393778878199,444.7193422358176,1493.7739663665077,0.5693832599118943,1.8136994651148257,0.7764728009782411,3.6680211976154475,908,662,0.7042553191489361,0.5709969788519638,-0.005140413585718951,32.197643148359525,0.02986010001040995,0.0017775000305846334
C7,hdfcbank_ns,TARGET_D,random_forest,5,20,4625,940,0.5747027027027027,0.5353731684981685,0.5594648105967155,0.047377563482459986,0.4528301886792453,0.5853658536585366,0.36923076923076925,0.5063829787234042,0.34893617021276596,0.47000531914893623,0.465,0.08158682213553081,0.37,0.41,0.465,0.52,0.575,328,612,0.006886316909125481,0.005076030101811784,0.0018102868073136963,0.0013102868073136963,0.0008102868073136963,-0.00018971319268630375,-0.003189713192686304,3.0050256240835225,46.45048667861327,0.5701219512195121,1.3435021095924797,0.88701710595644,0.9645211801519901,328,161,0.17127659574468085,0.5590062111801242,-0.001814775610458839,0.33285446658217066,0.7971864000428468,0.06711750000249594
C7,hdfcbank_ns,TARGET_D,xgboost,5,20,4625,940,0.5747027027027027,0.5157554945054945,0.5652977431171475,0.042894969797529256,0.5505505505505506,0.5741127348643006,0.5288461538461539,0.5223404255319148,0.5095744680851064,0.500116229057312,0.5043764114379883,0.12145231664180756,0.33570935428142545,0.41280647367239,0.5043764412403107,0.5955570489168167,0.6589129865169525,479,461,0.010000008194314292,0.0012478057341115494,0.008752202460202743,0.008252202460202742,0.007752202460202743,0.006752202460202743,0.0037522024602027427,33.53651974522377,46.45048667861327,0.5594989561586639,1.5336797442814356,0.8260514406198425,1.784645693562114,479,340,0.3617021276595745,0.5676470588235294,0.006275780340470485,9.748268763866895,0.4547418999718502,0.0050566999707371
C7,hdfcbank_ns,TARGET_D,logistic_regression,5,20,4625,940,0.5747027027027027,0.5187271062271062,0.5558486122636641,-0.0022178162929755445,0.6947819871336669,0.552901023890785,0.9346153846153846,0.5457446808510639,0.9351063829787234,0.5744720859129735,0.5678694675672087,0.05890819165910502,0.5113475483190365,0.5394348716870899,0.5678694675672087,0.6050456124554238,0.6467390602774093,879,61,0.006198789533472427,-0.0013687480560704026,0.00756753758954283,0.00706753758954283,0.00656753758954283,0.00556753758954283,0.0025675375895428303,24.5148975039863,46.45048667861327,0.5358361774744027,1.312397891287429,0.97696135554329,1.4635379663530421,879,614,0.6531914893617021,0.5700325732899023,0.006435309886242305,27.833415453147374,0.029111800016835332,0.0023047999711707234
C57,hdfcbank_ns,TARGET_D,random_forest,1,25,663,924,0.521870286576169,0.5320524120101064,0.6218280788837154,0.04552802542078054,0.4923413566739606,0.6320224719101124,0.4032258064516129,0.49783549783549785,0.3852813852813853,0.4529166666666667,0.45,0.13351907213074515,0.27,0.35,0.45,0.56,0.625,356,568,0.021325010398084654,0.011184436693591574,0.01014057370449308,0.00964057370449308,0.009140573704493081,0.00814057370449308,0.00514057370449308,745.7562838831052,242919.6838502698,0.6235955056179775,2.639328813588184,0.6691254983063001,3.3999022181046747,356,258,0.2792207792207792,0.6550387596899225,0.014203883174748466,320.12745694707303,0.394046499975957,0.06447880004998296
C57,hdfcbank_ns,TARGET_D,xgboost,1,25,663,924,0.521870286576169,0.5144079166421842,0.6137296632286828,0.029114871849106973,0.6106594399277326,0.6156648451730419,0.6057347670250897,0.5335497835497836,0.5941558441558441,0.5533420443534851,0.5680592060089111,0.23584352433681488,0.21110842227935792,0.3662910908460617,0.5680592358112335,0.7608548998832703,0.8568602681159974,549,375,0.017357799364566825,0.011773418380082572,0.005584380984484253,0.005084380984484252,0.004584380984484253,0.0035843809844842527,0.0005843809844842526,3002.517451100384,242919.6838502698,0.6083788706739527,2.1459392035421434,0.8302548969293939,3.4010615481832454,549,481,0.5205627705627706,0.6195426195426196,0.004735358472849057,1100.6246991257758,0.36178310005925596,0.005666099954396486
C57,hdfcbank_ns,TARGET_D,logistic_regression,1,25,663,924,0.521870286576169,0.4873621638560824,0.5817186257404141,-0.06047967020139427,0.38875878220140514,0.5608108108108109,0.2974910394265233,0.43506493506493504,0.3203463203463203,0.2992350283843589,0.18868732533266563,0.30529234171164366,0.0002482937230233021,0.006365950275419109,0.18868732533266563,0.5798541878564303,0.7475057428032733,296,628,0.01338342071487109,0.015896450974643803,-0.002513030259772713,-0.003013030259772713,-0.003513030259772713,-0.004513030259772713,-0.007513030259772713,22.53360991807386,242919.6838502698,0.5506756756756757,1.8328694267080092,0.708324033921444,1.8980189990080312,296,259,0.2803030303030303,0.555984555984556,-0.0031057803808597056,12.492207628530364,0.03107690007891506,0.0018671000143513083
C57,hdfcbank_ns,TARGET_D,random_forest,2,25,1587,937,0.569628229363579,0.4987742036949664,0.5457600146202297,0.021002536108212583,0.5823255813953488,0.5701275045537341,0.5950570342205324,0.5208110992529349,0.5859124866595518,0.5284418356456777,0.53,0.15248974309871588,0.31,0.42,0.53,0.65,0.73,549,388,0.013117111815754784,0.007173568470114342,0.0059435433456404415,0.005443543345640442,0.0049435433456404415,0.0039435433456404415,0.0009435433456404414,99.61381943816184,1516.0730867589618,0.5591985428051002,1.4341220219257225,0.9973810047461306,1.7045149664234955,549,441,0.47065101387406616,0.5736961451247166,0.002584145131560479,20.203167813039215,0.44839200004935265,0.08999809995293617
C57,hdfcbank_ns,TARGET_D,xgboost,2,25,1587,937,0.569628229363579,0.50165135577697,0.5428702461560855,0.04902840267986172,0.53125,0.5875576036866359,0.4847908745247148,0.5197438633938101,0.4631803628601921,0.48961013555526733,0.4657132029533386,0.28544938564300537,0.10080329477787019,0.24549277126789093,0.4657132029533386,0.7627260684967041,0.8777594208717345,434,503,0.015471046658434478,0.006501401000980473,0.008969645657454004,0.008469645657454004,0.007969645657454005,0.0069696456574540044,0.003969645657454004,86.65754247849618,1516.0730867589618,0.5806451612903226,1.4996402908816502,0.9973000902898513,1.7117531283061285,434,402,0.42902881536819637,0.5870646766169154,0.009865387857415225,79.38183296450991,0.4461880000308156,0.007117599947378039
C57,hdfcbank_ns,TARGET_D,logistic_regression,2,25,1587,937,0.569628229363579,0.49125290259313736,0.5382316440193489,0.04197234058417037,0.6769945778466305,0.5712418300653594,0.8307984790874525,0.5549626467449307,0.816435432230523,0.6394778582792546,0.6451190462800158,0.15850037427995967,0.43920677871306396,0.5277292573323471,0.6451190462800158,0.7547433101404296,0.8440057578169406,765,172,0.012732398132222291,0.0014206650122307375,0.011311733119991554,0.010811733119991554,0.010311733119991555,0.009311733119991554,0.006311733119991554,879.7863114272378,1516.0730867589618,0.5607843137254902,1.493858364910068,0.9951502505521721,2.2212623482496907,765,662,0.7065101387406617,0.5709969788519638,0.007317473393820676,347.57999785392354,0.034328100038692355,0.0024333999026566744
C57,hdfcbank_ns,TARGET_D,random_forest,3,25,2524,938,0.5665610142630745,0.5460933280101454,0.6282166954586124,0.07196117478398291,0.4691075514874142,0.6386292834890965,0.3707052441229656,0.5053304904051172,0.3422174840085288,0.46644456289978675,0.455,0.10313666806651381,0.345,0.39125,0.455,0.525,0.605,321,617,0.01612274389120217,0.00594641795903093,0.01017632593217124,0.009676325932171239,0.009176325932171239,0.00817632593217124,0.005176325932171239,85.3103409015802,2695.472447976432,0.6292834890965732,2.2195815672494215,0.5245909643297608,2.8275848601202247,321,190,0.2025586353944563,0.6631578947368421,0.010502203880922082,18.910414681708726,0.5198496000375599,0.06328150001354516
C57,hdfcbank_ns,TARGET_D,xgboost,3,25,2524,938,0.5665610142630745,0.49163711514525266,0.5826205193949151,-0.04859327191739051,0.43784378437843785,0.5589887640449438,0.35985533453887886,0.4552238805970149,0.3795309168443497,0.4660511910915375,0.4464495778083801,0.15168292820453644,0.27716205418109896,0.35569312423467636,0.4464495927095413,0.5682199001312256,0.6888504266738892,356,582,0.010650439792650271,0.008681759628203577,0.0019686801644466945,0.0014686801644466945,0.0009686801644466945,-3.13198355533055e-05,-0.0030313198355533056,19.70708647109074,2695.472447976432,0.550561797752809,1.6990125334012642,0.6361188363837896,1.9665837842123401,356,260,0.2771855010660981,0.5461538461538461,0.0005488079345635499,6.491704728797533,0.4389751999406144,0.0060897000366821885
C57,hdfcbank_ns,TARGET_D,logistic_regression,3,25,2524,938,0.5665610142630745,0.465569150560109,0.5580683722812996,-0.03818884368649869,0.4714587737843552,0.5674300254452926,0.40325497287522605,0.4669509594882729,0.4189765458422175,0.47830325445360816,0.48570354390744697,0.0920449206417984,0.35515246237667153,0.42522071130166694,0.48570354390744697,0.5390314828405214,0.5884583155274025,393,545,0.010011124829010691,0.00900911671926014,0.001002008109750551,0.0005020081097505511,2.008109750551053e-06,-0.000997991890249449,-0.003997991890249449,22.150025011222933,2695.472447976432,0.55470737913486,1.6776676875869556,0.6613519773447404,2.051134973459598,393,206,0.21961620469083157,0.5339805825242718,-0.001098638781756412,2.948623868605374,0.044327399926260114,0.0025606000563129783
C57,hdfcbank_ns,TARGET_D,random_forest,4,25,3462,940,0.5727902946273831,0.5252946080635492,0.6314230331008699,0.008180837781856147,0.5905797101449275,0.5948905109489051,0.5863309352517986,0.5191489361702127,0.5829787234042553,0.5154042553191489,0.515,0.08307774097628105,0.405,0.46,0.515,0.575,0.63,548,392,0.009150243540671595,0.007039370151936579,0.0021108733887350156,0.0016108733887350156,0.0011108733887350156,0.00011087338873501558,-0.0028891266112649845,63.14122421654716,1493.7739663665077,0.583941605839416,1.8665911620508642,0.6583678332160369,2.992691032592924,548,331,0.35212765957446807,0.6193353474320241,0.0037521737768804984,18.997849456112217,0.6552426000125706,0.07781889999751002
C57,hdfcbank_ns,TARGET_D,xgboost,4,25,3462,940,0.5727902946273831,0.4801549385491607,0.6052271732379491,0.00457923252154706,0.6215753424657534,0.5931372549019608,0.6528776978417267,0.5297872340425532,0.6510638297872341,0.578214704990387,0.5796915292739868,0.18625901639461517,0.31854528188705444,0.42903510481119156,0.5796914994716644,0.7257373631000519,0.8333660185337066,612,328,0.008296329610263121,0.008220770848677266,7.555876158585502e-05,-0.000424441238414145,-0.000924441238414145,-0.001924441238414145,-0.004924441238414145,62.47151011385966,1493.7739663665077,0.5816993464052288,1.7846025851633274,0.6548234946488565,2.9506706208365836,612,518,0.551063829787234,0.5945945945945946,-2.0500463802617525e-05,31.983473879593262,0.5332827999955043,0.005051900050602853
C57,hdfcbank_ns,TARGET_D,logistic_regression,4,25,3462,940,0.5727902946273831,0.4416732239208633,0.5497838196556702,-0.015456020169567736,0.732605729877217,0.5901098901098901,0.9658273381294964,0.5829787234042553,0.9680851063829787,0.568574449641622,0.5667292123858362,0.04009279699744191,0.5221787542090367,0.5435897312388082,0.5667292123858362,0.5886262216733971,0.6148453561107063,910,30,0.007858018432830694,0.020765659532374733,-0.012907641099544039,-0.01340764109954404,-0.013907641099544038,-0.014907641099544039,-0.017907641099544038,329.6168898705896,1493.7739663665077,0.5714285714285714,1.7661043864934294,0.7764728009782412,3.5073928884763514,910,641,0.6819148936170213,0.5631825273010921,-0.006886581944021766,18.056095875836842,0.0287001000251621,0.0021445000311359763
C57,hdfcbank_ns,TARGET_D,random_forest,5,25,4402,940,0.576783280327124,0.5340613553113553,0.5773045492924127,0.05828724397351267,0.6065573770491803,0.5761245674740484,0.6403846153846153,0.5404255319148936,0.6148936170212767,0.5265106382978724,0.53,0.10908763261229147,0.375,0.455,0.53,0.6,0.67,578,362,0.008355549340511203,0.0014799305239958382,0.006875618816515365,0.006375618816515365,0.005875618816515365,0.004875618816515365,0.0018756188165153648,22.494956470398467,46.45048667861327,0.5553633217993079,1.4197372041203016,0.9559144974763081,1.5061759407909838,578,397,0.4223404255319149,0.5894206549118388,0.006631363627759276,12.333807875631994,0.7944145000074059,0.06433309998828918
C57,hdfcbank_ns,TARGET_D,xgboost,5,25,4402,940,0.576783280327124,0.5156868131868132,0.5475579909168967,0.062207995889561246,0.5897920604914934,0.5799256505576208,0.6,0.5382978723404256,0.5723404255319149,0.5278546214103699,0.5305662155151367,0.16937129199504852,0.2865350306034088,0.41951674968004227,0.5305661857128143,0.6703494936227798,0.7503632366657257,538,402,0.008694321499857714,0.0017106900536779082,0.0069836314461798055,0.006483631446179805,0.0059836314461798054,0.004983631446179805,0.0019836314461798054,21.5809702892501,46.45048667861327,0.5557620817843866,1.4325185192486718,0.9484361684648768,1.5164259137145688,538,426,0.4531914893617021,0.5868544600938967,0.008862367884054752,27.405098276548856,0.4604791000019759,0.007715999963693321
C57,hdfcbank_ns,TARGET_D,logistic_regression,5,25,4402,940,0.576783280327124,0.5088369963369963,0.5616614075955193,0.052463463047597234,0.6809160305343511,0.5645569620253165,0.8576923076923076,0.5553191489361702,0.8404255319148937,0.5518244020077595,0.55910870293324,0.05266243465923974,0.4796483172380684,0.5245104387873367,0.55910870293324,0.5876947041555125,0.6094510891813661,790,150,0.006115006382687843,0.003562582174523822,0.0025524242081640214,0.0020524242081640214,0.0015524242081640213,0.0005524242081640213,-0.0024475757918359787,14.371672718082682,46.45048667861327,0.5455696202531646,1.2996496691746378,0.9824296698375194,1.3107696790533954,790,551,0.5861702127659575,0.5499092558983666,-0.00029008110831438023,4.546601924301512,0.033585200086236,0.0019367000786587596
C8,hdfcbank_ns,TARGET_D,random_forest,1,41,663,924,0.521870286576169,0.4697127719999217,0.5814717442202799,-0.03924108959526191,0.49846153846153846,0.5827338129496403,0.43548387096774194,0.4707792207792208,0.4512987012987013,0.4899891774891775,0.48,0.15388704567505415,0.29,0.365,0.48,0.615,0.705,417,507,0.017034415300041524,0.013493318665800464,0.0035410966342410595,0.0030410966342410595,0.0025410966342410595,0.0015410966342410595,-0.0014589033657589406,343.02865845318166,242919.6838502698,0.5731414868105515,1.9730797308193904,0.7367445864697517,2.689586482829721,417,340,0.36796536796536794,0.5764705882352941,0.003097456412672119,114.42772411400381,0.39205510006286204,0.06799509993288666
C8,hdfcbank_ns,TARGET_D,xgboost,1,41,663,924,0.521870286576169,0.4305041424290499,0.5415188184848714,-0.10886614360263942,0.5218216318785579,0.5544354838709677,0.492831541218638,0.45454545454545453,0.5367965367965368,0.5316203236579895,0.5542349815368652,0.3038412034511566,0.129472953081131,0.24092765524983406,0.5542349517345428,0.8293736726045609,0.9357854187488557,496,428,0.010832921919778792,0.020026482409971662,-0.00919356049019287,-0.009693560490192871,-0.01019356049019287,-0.01119356049019287,-0.01419356049019287,50.050436083981,242919.6838502698,0.5443548387096774,1.5258696977403579,0.8386505474930883,1.8516413941965149,496,465,0.5032467532467533,0.567741935483871,-0.00608631267457504,69.64628660090555,0.45118039997760206,0.006307999952696264
C8,hdfcbank_ns,TARGET_D,logistic_regression,1,41,663,924,0.521870286576169,0.4980707836339777,0.5973018626083647,-0.045511415284498896,0.2344632768361582,0.5533333333333333,0.14874551971326164,0.4134199134199134,0.16233766233766234,0.16956262275376838,0.003989995890222351,0.2737280873479222,3.9555277012505176e-09,9.695658417232294e-07,0.003989995890222351,0.2446020386394545,0.6815052817326884,150,774,0.013037804147758535,0.015489396797822186,-0.002451592650063651,-0.002951592650063651,-0.003451592650063651,-0.004451592650063651,-0.007451592650063651,3.215593740585687,242919.6838502698,0.5466666666666666,1.61015392654728,0.6940419198193327,1.09952787002322,150,138,0.14935064935064934,0.572463768115942,-0.0002972796115932423,3.7225719804774,0.03597319999244064,0.002051000017672777
C8,hdfcbank_ns,TARGET_D,random_forest,2,41,1587,937,0.569628229363579,0.5030390497071966,0.5615044011630113,-0.02077995492948959,0.6134239592183517,0.554531490015361,0.6863117870722434,0.5144076840981857,0.6947705442902882,0.5566275346851653,0.56,0.141642646418833,0.355,0.48,0.56,0.65,0.7469999999999999,651,286,0.00908835364047931,0.014224198368187795,-0.005135844727708484,-0.005635844727708485,-0.006135844727708484,-0.007135844727708484,-0.010135844727708485,23.913517604186424,1516.0730867589618,0.5453149001536098,1.3016461500472678,0.9983671572454225,1.3507446639583645,651,504,0.5378868729989328,0.5555555555555556,-0.005198034233784796,5.713382909334129,0.4293504999950528,0.0635163999395445
C8,hdfcbank_ns,TARGET_D,xgboost,2,41,1587,937,0.569628229363579,0.5111061770882481,0.5714604279592745,-0.0034196630637653323,0.5926589077887198,0.560067681895093,0.629277566539924,0.5144076840981857,0.6307363927427961,0.6070465445518494,0.6396419405937195,0.2710050046443939,0.21764403879642485,0.4016583561897278,0.6396419405937195,0.8544070720672607,0.9562343955039978,591,346,0.00963072060597687,0.012407176517691935,-0.002776455911715065,-0.003276455911715065,-0.003776455911715065,-0.004776455911715065,-0.007776455911715065,21.79502133645044,1516.0730867589618,0.5516074450084603,1.3137767543828387,0.9979225110687588,1.3328170560223596,591,546,0.5827107790821772,0.5604395604395604,-0.0036922294622939254,11.752680334943324,0.46594160003587604,0.009650499909184873
C8,hdfcbank_ns,TARGET_D,logistic_regression,2,41,1587,937,0.569628229363579,0.5125216248970793,0.5602989580696982,0.015547335865239537,0.6773211567732116,0.5647208121827412,0.8460076045627376,0.5474919957310566,0.8409818569903948,0.6636418297385039,0.6922168162640309,0.158184276200236,0.44969710053719875,0.5712814878557372,0.6922168162640309,0.7815398198601577,0.8420062021390751,788,149,0.011389878992954143,0.006774592663126689,0.004615286329827454,0.0041152863298274545,0.003615286329827454,0.002615286329827454,-0.000384713670172546,420.053515880653,1516.0730867589618,0.5558375634517766,1.4398081125053588,0.996092172743275,2.04986947086417,788,731,0.7801494130202775,0.5677154582763337,0.002540516030358682,250.53684943726455,0.04504220001399517,0.0022465999936684966
C8,hdfcbank_ns,TARGET_D,random_forest,3,41,2524,938,0.5665610142630745,0.5381790000234846,0.6214746873322478,0.005176452439338272,0.5489815712900097,0.5920502092050209,0.5117540687160941,0.5042643923240938,0.509594882729211,0.5011727078891257,0.5,0.08472997383587526,0.395,0.445,0.5,0.555,0.61,478,460,0.012761873389283212,0.005965576499392616,0.0067962968898905955,0.006296296889890595,0.0057962968898905955,0.0047962968898905955,0.0017962968898905954,150.86272874620624,2695.472447976432,0.5878661087866108,1.8149298910815854,0.7304231394745664,2.6668453553642797,478,265,0.28251599147121537,0.630188679245283,0.007183920468878732,24.6753904431068,0.5066569000482559,0.06504629994742572
C8,hdfcbank_ns,TARGET_D,xgboost,3,41,2524,938,0.5665610142630745,0.4818017425612362,0.5671182866190903,-0.04859607880904924,0.4280936454849498,0.5581395348837209,0.3471971066907776,0.453091684434968,0.36673773987206826,0.44760918617248535,0.4398467540740967,0.1516021192073822,0.2570857346057892,0.32905544340610504,0.4398467540740967,0.5588324218988419,0.6500983715057375,344,594,0.009810654050421882,0.009207871509179883,0.0006027825412419988,0.00010278254124199875,-0.00039721745875800126,-0.0013972174587580013,-0.004397217458758001,12.332864659884,2695.472447976432,0.5523255813953488,1.5704497109575952,0.7154429930887337,1.6618508373424268,344,254,0.27078891257995735,0.547244094488189,0.0014665871402551982,7.1189249049553975,0.45319589995779097,0.005726300063543022
C8,hdfcbank_ns,TARGET_D,logistic_regression,3,41,2524,938,0.5665610142630745,0.500476738451422,0.5978048196705132,-0.009718356323623507,0.6304347826086957,0.5863141524105754,0.6817359855334539,0.5287846481876333,0.685501066098081,0.5360939971212855,0.5422080924399169,0.09280279886865132,0.42275963291429414,0.4789827297623146,0.5422080924399169,0.5976015924652429,0.6473654774564619,643,295,0.009486999902937466,0.009302371973590472,0.00018462792934699317,-0.00031537207065300684,-0.0008153720706530069,-0.0018153720706530069,-0.004815372070653007,116.54769023306355,2695.472447976432,0.5769828926905132,1.60602641280102,0.8357546544684705,2.4170776741132927,643,431,0.4594882729211087,0.5823665893271461,-0.00027773045519885464,21.221226470937477,0.05844210006762296,0.002813700004480779
C8,hdfcbank_ns,TARGET_D,random_forest,4,41,3462,940,0.5727902946273831,0.5720220698441247,0.6570936168841562,0.11346540773968151,0.671152228763667,0.6303317535545023,0.7176258992805755,0.5840425531914893,0.6734042553191489,0.5381595744680852,0.535,0.09163303352973466,0.42950000000000005,0.475,0.535,0.595,0.655,633,307,0.01066262196833007,0.003336569556658758,0.007326052411671311,0.006826052411671311,0.006326052411671311,0.005326052411671311,0.002326052411671311,316.6689170145863,1493.7739663665077,0.6113744075829384,2.123388254610084,0.6770047496119133,3.834820550986896,633,412,0.43829787234042555,0.6480582524271845,0.008027037209477898,98.14989737812174,0.7281702999025583,0.09054180001839995
C8,hdfcbank_ns,TARGET_D,xgboost,4,41,3462,940,0.5727902946273831,0.4728998051558754,0.5800931699276712,-0.02298095904653326,0.6545166402535658,0.5849858356940509,0.7428057553956835,0.5361702127659574,0.7510638297872341,0.6070947647094727,0.6301987171173096,0.1596338301897049,0.3904830425977707,0.5000355541706085,0.6301987171173096,0.7285420149564743,0.7982478737831116,706,234,0.008383934233328975,0.007926106799644944,0.0004578274336840306,-4.217256631596942e-05,-0.0005421725663159694,-0.0015421725663159695,-0.0045421725663159695,123.5253953617838,1493.7739663665077,0.5694050991501416,1.7665251161344262,0.7365639655613715,3.101447075994488,706,625,0.6648936170212766,0.5712,-0.0004506783586010199,58.935242813973765,0.4504002000903711,0.009557500015944242
C8,hdfcbank_ns,TARGET_D,logistic_regression,4,41,3462,940,0.5727902946273831,0.48844986510791366,0.5805115764045627,0.06630597871797837,0.7353760445682451,0.6,0.9496402877697842,0.5957446808510638,0.9361702127659575,0.6047064851911087,0.6101876304217098,0.06897719749591566,0.5171841141669015,0.5590684258822827,0.6101876304217098,0.6530822907832825,0.6896276674266154,880,60,0.00903403674782768,-0.002936429637353089,0.01197046638518077,0.01147046638518077,0.01097046638518077,0.00997046638518077,0.00697046638518077,756.0692586285446,1493.7739663665077,0.5806818181818182,1.9315010798066399,0.7820649006061307,3.9941087367693657,880,741,0.7882978723404256,0.6180836707152496,0.009183725026378285,619.576966971404,0.06734519999008626,0.0028460000175982714
C8,hdfcbank_ns,TARGET_D,random_forest,5,41,4402,940,0.576783280327124,0.5322252747252746,0.5772837592631721,0.05383493940182809,0.618921308576481,0.5728314238952537,0.6730769230769231,0.5414893617021277,0.65,0.541845744680851,0.535,0.10221573260770847,0.415,0.465,0.535,0.61,0.68,611,329,0.008183448513850684,0.0011098946095416447,0.007073553904309039,0.0065735539043090385,0.006073553904309039,0.005073553904309039,0.002073553904309039,24.016171271063108,46.45048667861327,0.5482815057283142,1.4151737226170635,0.9699853592319138,1.5080393554263107,611,431,0.45851063829787236,0.5614849187935035,0.004017894955620651,6.536510599219416,0.8373473000247031,0.08016629994381219
C8,hdfcbank_ns,TARGET_D,xgboost,5,41,4402,940,0.576783280327124,0.5307600732600732,0.5826826257124125,0.02662680225866067,0.5952813067150635,0.563573883161512,0.6307692307692307,0.5255319148936171,0.6191489361702127,0.5509244799613953,0.55259770154953,0.16978569328784943,0.3233094274997711,0.43540941178798676,0.55259770154953,0.683648869395256,0.7800305843353271,582,358,0.009376907538276802,-0.0002573123429472847,0.009634219881224086,0.009134219881224086,0.008634219881224085,0.007634219881224086,0.004634219881224086,41.776296379677895,46.45048667861327,0.5429553264604811,1.4797496075833245,0.9518039875401705,1.706140397002408,582,472,0.502127659574468,0.5614406779661016,0.005898209788322197,12.930759566985557,0.5657875000033528,0.006660499959252775
C8,hdfcbank_ns,TARGET_D,logistic_regression,5,41,4402,940,0.576783280327124,0.5152930402930402,0.5766256151895724,0.007461112993407351,0.5673892554194157,0.55637707948244,0.5788461538461539,0.5117021276595745,0.575531914893617,0.5071155627239948,0.5205107832815257,0.12050063889068191,0.35182148728148505,0.4452706425470295,0.5205107832815257,0.5903362711926899,0.6495686765610473,541,399,0.007495923212434728,0.0032830774701122336,0.004212845742322494,0.003712845742322494,0.003212845742322494,0.002212845742322494,-0.000787154257677506,14.926422999181241,46.45048667861327,0.5341959334565619,1.423710790908271,0.9060015033927363,1.486658787431061,541,370,0.39361702127659576,0.572972972972973,0.0074603743892970725,17.5985121698771,0.08194099995307624,0.0030957000562921166
C0,infy_ns,TARGET_D,random_forest,1,16,886,924,0.4909706546275395,0.49963806696285723,0.6809845203598008,0.007240560047831852,0.20470262793914246,0.6727272727272727,0.12071778140293637,0.3777056277056277,0.11904761904761904,0.2994426406926407,0.27,0.14186656876546525,0.14,0.195,0.27,0.385,0.515,110,814,0.020385948112245346,0.016518110698868375,0.0038678374133769705,0.0033678374133769705,0.0028678374133769705,0.0018678374133769705,-0.0011321625866230296,6.00637968475894,1708001.1207336541,0.6454545454545455,2.4390501001697915,0.44928222931721423,1.8080159948718235,110,70,0.07575757575757576,0.7285714285714285,0.00441702780220286,2.6374687281816898,0.44912869995459914,0.08726749999914318
C0,infy_ns,TARGET_D,xgboost,1,16,886,924,0.4909706546275395,0.5175432614887512,0.6942486118458036,0.058819389193919686,0.17579250720461095,0.7530864197530864,0.09951060358890701,0.38095238095238093,0.08766233766233766,0.19148042798042297,0.12172376364469528,0.173589825630188,0.04622626230120659,0.07182669453322887,0.12172376364469528,0.24907197430729866,0.4788701534271241,81,843,0.028118202241284536,0.01590821117399976,0.012209991067284775,0.011709991067284774,0.011209991067284774,0.010209991067284775,0.007209991067284775,6.960908025090882,1708001.1207336541,0.7283950617283951,4.162416996254107,0.2533067913224078,2.3036222687028096,81,66,0.07142857142857142,0.7727272727272727,0.01662379945507532,6.1245311420718345,0.3394175000721589,0.005356099922209978
C0,infy_ns,TARGET_D,logistic_regression,1,16,886,924,0.4909706546275395,0.5957365337305854,0.745120747780255,0.09207416726908674,0.1377245508982036,0.8363636363636363,0.07504078303425775,0.37662337662337664,0.05952380952380952,0.3614230068356652,0.37099614793289853,0.0983622653754642,0.22936136510160765,0.3005754320713586,0.37099614793289853,0.4286950260757355,0.4771654446669657,55,869,0.04245231181956372,0.015366305237226516,0.027086006582337206,0.026586006582337205,0.026086006582337205,0.025086006582337207,0.022086006582337205,7.594123630836812,1708001.1207336541,0.8181818181818182,6.59676181298611,0.23145014223707963,2.3055390749659046,55,16,0.017316017316017316,1.0,0.04627025797525718,1.5499934496925514,0.020104499999433756,0.0023910999298095703
C0,infy_ns,TARGET_D,random_forest,2,16,1810,937,0.5790055248618785,0.5245464617089046,0.5679629407399038,0.049909509196438044,0.6501240694789082,0.5720524017467249,0.7528735632183908,0.5485592315901814,0.7331910352187834,0.5623159018143009,0.56,0.10786407160636807,0.425,0.49,0.56,0.63,0.705,687,250,0.008719746358709392,0.0008118067708636358,0.007907939587845757,0.007407939587845757,0.006907939587845757,0.005907939587845757,0.0029079395878457573,54.03748172771314,75.41494314775011,0.5589519650655022,1.3945146828497825,0.9612771627693304,1.7196920191473903,687,517,0.551760939167556,0.574468085106383,0.006263570896138419,29.79437620369316,0.450577599927783,0.06511790002696216
C0,infy_ns,TARGET_D,xgboost,2,16,1810,937,0.5790055248618785,0.5451599501454092,0.6118989655952396,0.03590417227667021,0.6161971830985915,0.5700325732899023,0.6704980842911877,0.5346851654215582,0.655282817502668,0.5628907680511475,0.5704232454299927,0.162819966673851,0.3422106564044952,0.4439217448234558,0.5704232454299927,0.6874424815177917,0.7778632044792175,614,323,0.009768309288978637,0.0006058066183169561,0.009162502670661682,0.008662502670661681,0.008162502670661681,0.007162502670661682,0.004162502670661682,73.32469906817207,75.41494314775011,0.5553745928338762,1.480907368323494,0.8999568799436576,1.9124785498357488,614,514,0.5485592315901814,0.5817120622568094,0.012368170539329919,136.74081955225313,0.39791399997193366,0.0054694999707862735
C0,infy_ns,TARGET_D,logistic_regression,2,16,1810,937,0.5790055248618785,0.5259705488621151,0.5850775278806034,0.002907720855805346,0.6388206388206388,0.5579399141630901,0.7471264367816092,0.5293489861259338,0.7459978655282817,0.549119733084356,0.555860565476625,0.09419903089643315,0.42831210883286325,0.49841074941271285,0.555860565476625,0.6106639365244871,0.6577325024312382,699,238,0.006989639436364042,0.00549436754256637,0.0014952718937976716,0.0009952718937976716,0.0004952718937976715,-0.0005047281062023285,-0.0035047281062023285,19.821014580070557,75.41494314775011,0.5464949928469242,1.3165056698809245,0.9479892414440398,1.4415778734044822,699,491,0.5240128068303095,0.5661914460285132,0.0018623381961636052,10.794387939042727,0.015351599897257984,0.0016924000810831785
C0,infy_ns,TARGET_D,random_forest,3,16,2747,938,0.5715325809974517,0.45398001858736065,0.5356159391880665,-0.06687081249362395,0.5862966175195143,0.5495934959349593,0.6282527881040892,0.4914712153518124,0.6556503198294243,0.5405330490405117,0.545,0.10399526126792073,0.405,0.465,0.545,0.62,0.675,615,323,0.0007327288139638773,0.011879181640061704,-0.011146452826097827,-0.011646452826097827,-0.012146452826097828,-0.013146452826097827,-0.016146452826097828,-0.7290121479352191,11.224378311274984,0.5414634146341464,0.9876180516276772,0.9940925989840048,-0.05724003590111424,615,445,0.4744136460554371,0.5460674157303371,-0.007448673551789742,-0.6440400707630454,0.6031383000081405,0.11443800001870841
C0,infy_ns,TARGET_D,xgboost,3,16,2747,938,0.5715325809974517,0.4515845724907063,0.5276310414721871,-0.053899422326482774,0.5765124555160143,0.552901023890785,0.6022304832713755,0.4925373134328358,0.6247334754797441,0.5438448190689087,0.55470210313797,0.16334933042526245,0.3132989853620529,0.4283823072910309,0.55470210313797,0.664225846529007,0.7519255220890045,586,352,0.001399603359662096,0.00985067136808445,-0.008451068008422354,-0.008951068008422354,-0.009451068008422353,-0.010451068008422354,-0.013451068008422353,-0.5331925808810757,11.224378311274984,0.5443686006825939,1.0195713706832528,0.9918213164172875,0.08717453555569063,586,484,0.5159914712153518,0.5475206611570248,-0.009579535423983423,-0.7445454786210095,0.43879879999440163,0.005362299969419837
C0,infy_ns,TARGET_D,logistic_regression,3,16,2747,938,0.5715325809974517,0.49220260223048323,0.5568033170968567,0.006244534473679929,0.6927621861152142,0.5747549019607843,0.8717472118959108,0.5565031982942431,0.8699360341151386,0.590207015842072,0.5892471765593905,0.10263486104398184,0.4834549329260992,0.5373861092286399,0.5892471765593905,0.6487627496113979,0.7149251175788905,816,122,0.005397466228929082,-0.0009567914137575145,0.006354257642686597,0.0058542576426865965,0.005354257642686597,0.004354257642686597,0.0013542576426865969,6.705064216757945,11.224378311274984,0.5637254901960784,1.22714321534955,0.9742725765349136,1.0694032058929186,816,662,0.7057569296375267,0.5785498489425982,0.001004147116478032,3.069505554588038,0.018369499943219125,0.0018613000866025686
C0,infy_ns,TARGET_D,random_forest,4,16,3685,940,0.5720488466757123,0.530458657516148,0.5888400796158478,0.05074409742518229,0.6541291905151267,0.5722460658082976,0.7633587786259542,0.55,0.7436170212765958,0.551063829787234,0.55,0.08179590695042978,0.45,0.495,0.55,0.605,0.66,699,241,0.005449211717762315,0.0007743072827249197,0.004674904435037395,0.004174904435037395,0.0036749044350373947,0.0026749044350373946,-0.0003250955649626054,10.655766388708692,22.607054919104588,0.5636623748211731,1.3103581133148474,0.8801250592383959,1.4091576948931543,699,491,0.5223404255319148,0.5763747454175153,0.0037906056962774084,6.373922138650904,0.7378448999952525,0.09004579996690154
C0,infy_ns,TARGET_D,xgboost,4,16,3685,940,0.5720488466757123,0.5240522240164416,0.5752350823726969,0.02117302843706206,0.6656274356975838,0.5625823451910409,0.8148854961832062,0.5436170212765957,0.8074468085106383,0.5939412713050842,0.6020553708076477,0.1089668720960617,0.4494068592786789,0.5211894810199738,0.6020553708076477,0.6727952510118484,0.7296437859535218,759,181,0.004574034586316516,0.0028945568775598247,0.0016794777087566918,0.0011794777087566917,0.0006794777087566917,-0.0003205222912433083,-0.0033205222912433083,6.635401327852006,22.607054919104588,0.5546772068511199,1.2465658885102493,0.8906713000426311,1.2055144310349128,759,627,0.6670212765957447,0.5725677830940988,0.0035069539048712337,8.19906962217578,0.4119762000627816,0.0071959999622777104
C0,infy_ns,TARGET_D,logistic_regression,4,16,3685,940,0.5720488466757123,0.522666801233118,0.5721049456202298,0.03682736072638726,0.6822995461422088,0.5651629072681704,0.8606870229007634,0.5531914893617021,0.8489361702127659,0.5557724854570503,0.568785718674477,0.07001482347135723,0.47413971205683436,0.532237589369419,0.568785718674477,0.5986474235960002,0.6210090853923793,798,142,0.005241866731166787,-0.0013197366592854435,0.0065616033904522305,0.00606160339045223,0.0055616033904522305,0.0045616033904522305,0.0015616033904522304,13.166406896092656,22.607054919104588,0.556390977443609,1.293320022638838,0.9557913354710158,1.449276963569223,798,596,0.6340425531914894,0.5788590604026845,0.005974913631003852,14.143486542661577,0.01911559992004186,0.0026307000080123544
C0,infy_ns,TARGET_D,random_forest,5,16,4625,940,0.5690810810810811,0.5131355852817747,0.614509655917088,0.034110249708205156,0.5868152274837511,0.6065259117082533,0.5683453237410072,0.526595744680851,0.5542553191489362,0.5108829787234043,0.515,0.09239293474680414,0.39,0.45,0.515,0.575,0.63,521,419,0.011874462199663408,0.00968717716730241,0.002187285032360998,0.0016872850323609982,0.0011872850323609982,0.00018728503236099814,-0.002812714967639002,88.75903654303669,5140.059748882499,0.5988483685220729,1.6022947066778166,0.9705452913733055,1.9633341604684358,521,315,0.3351063829787234,0.6095238095238096,0.0005392855249557373,12.148586079184206,0.7007595999166369,0.06466420006472617
C0,infy_ns,TARGET_D,xgboost,5,16,4625,940,0.5690810810810811,0.5206038294364508,0.6379001131858258,0.054737902484626455,0.5348360655737705,0.6214285714285714,0.4694244604316547,0.5170212765957447,0.44680851063829785,0.4787469208240509,0.47928598523139954,0.1440441906452179,0.28075293600559237,0.3736414909362793,0.47928598523139954,0.5880136042833328,0.6616772890090943,420,520,0.014541455464638127,0.00795790527687756,0.006583550187760566,0.006083550187760566,0.005583550187760566,0.004583550187760566,0.0015835501877605662,111.2040895967858,5140.059748882499,0.6142857142857143,1.8093277008569055,0.9279842291360807,2.1727543689385076,420,323,0.34361702127659577,0.6160990712074303,0.003996492977349995,24.651096622852947,0.4291117999237031,0.0052755000069737434
C0,infy_ns,TARGET_D,logistic_regression,5,16,4625,940,0.5690810810810811,0.4195705935251799,0.5247727998451142,-0.061379484478029385,0.661042944785276,0.5762032085561497,0.7751798561151079,0.5297872340425532,0.7957446808510639,0.5446654479073967,0.5532882188188415,0.07586849355087878,0.45211831203139186,0.5104770025470142,0.5532882188188415,0.5803519570036463,0.6188316576031857,748,192,0.009609407248818999,0.01592544488024861,-0.006316037631429612,-0.006816037631429612,-0.007316037631429612,-0.008316037631429612,-0.011316037631429611,170.00382496184653,5140.059748882499,0.5668449197860963,1.5157248322026544,0.9497621177103756,2.110510499870261,748,493,0.524468085106383,0.539553752535497,-0.0027977466020088493,29.704929169683584,0.01706199999898672,0.002026999951340258
C5,infy_ns,TARGET_D,random_forest,1,21,663,924,0.48717948717948717,0.5982805558032553,0.723905475960558,0.005212873775741812,0.08269525267993874,0.675,0.04404567699836868,0.35173160173160173,0.04329004329004329,0.3244047619047619,0.32,0.09484535498697683,0.205,0.255,0.32,0.39,0.45,40,884,0.02410194335774985,0.01665624283587766,0.007445700521872191,0.00694570052187219,0.006445700521872191,0.005445700521872191,0.0024457005218721907,1.3464534542209452,1708001.1207336541,0.6,3.148886362994814,0.18101951990983692,1.241099375534431,40,12,0.012987012987012988,0.8333333333333334,0.036009965328168775,0.7812198277790086,0.4551254999823868,0.06368319992907345
C5,infy_ns,TARGET_D,xgboost,1,21,663,924,0.48717948717948717,0.6499950168639814,0.7594153379976734,0.04211186368742843,0.15204678362573099,0.7323943661971831,0.08482871125611746,0.3722943722943723,0.07683982683982683,0.21207468211650848,0.15977934002876282,0.16523510217666626,0.049976736307144165,0.08319457620382309,0.15977933257818222,0.3038767799735069,0.4678995281457901,71,853,0.024758356526904515,0.016331011826278576,0.008427344700625939,0.007927344700625939,0.007427344700625939,0.006427344700625939,0.003427344700625939,3.916790531891782,1708001.1207336541,0.676056338028169,3.967569837412038,0.25859370696454476,1.9875361478718714,71,50,0.05411255411255411,0.7,0.006975838990285546,1.880901133564854,0.39351239998359233,0.00472490000538528
C5,infy_ns,TARGET_D,logistic_regression,1,21,663,924,0.48717948717948717,0.6630927964834795,0.8034979321845735,0.046966266625349896,0.012965964343598054,1.0,0.0065252854812398045,0.3409090909090909,0.004329004329004329,0.12271454288980059,0.10154433987227839,0.10260702849004023,0.009752343905854987,0.04044181068059459,0.10154433987227839,0.183035638072585,0.2588011132711492,4,920,0.15258665820277864,0.016388967139581233,0.1361976910631974,0.1356976910631974,0.1351976910631974,0.1341976910631974,0.1311976910631974,0.7565654139346785,1708001.1207336541,1.0,99.0,0.0,1.0289185240722785,4,2,0.0021645021645021645,1.0,0.15496486012875405,0.36981355990775167,0.018817199976183474,0.0021626000525429845
C5,infy_ns,TARGET_D,random_forest,2,21,1587,937,0.5897920604914934,0.4816668974749572,0.5372560924776316,0.009821585389927714,0.6198630136986302,0.5603715170278638,0.6934865900383141,0.5261472785485592,0.6894343649946638,0.56034151547492,0.56,0.1075011638518717,0.425,0.48,0.56,0.64,0.7,646,291,0.008632894080536246,0.0021187899145114967,0.006514104166024749,0.006014104166024749,0.005514104166024749,0.004514104166024749,0.0015141041660247491,35.907521261111135,75.41494314775011,0.5464396284829721,1.3720678791396057,0.9706344295640422,1.579825290741197,646,501,0.5346851654215582,0.5489021956087824,0.0018975340133846573,8.643820593223483,0.42130629997700453,0.06473720003850758
C5,infy_ns,TARGET_D,xgboost,2,21,1587,937,0.5897920604914934,0.47688224161011866,0.5500204321446219,-0.06375907623436637,0.5983050847457627,0.5364741641337386,0.6762452107279694,0.49413020277481323,0.7022411953041622,0.6257637739181519,0.6745400428771973,0.24093112349510193,0.26212561726570127,0.4382764995098114,0.6745400428771973,0.8353528380393982,0.8963497161865234,658,279,0.003907520617682183,0.012983042561700303,-0.00907552194401812,-0.00957552194401812,-0.010075521944018121,-0.01107552194401812,-0.014075521944018121,0.6652164249833672,75.41494314775011,0.5197568389057751,1.1253485457719135,0.9936198769797561,0.5959897608608415,658,606,0.6467449306296692,0.5297029702970297,-0.011982515645553277,-0.35286523292859384,0.3622269000625238,0.007575599942356348
C5,infy_ns,TARGET_D,logistic_regression,2,21,1587,937,0.5897920604914934,0.46809767806859626,0.5274118897265896,-0.050862921542722025,0.6078925272879933,0.5411061285500748,0.6934865900383141,0.5016008537886874,0.7139807897545357,0.5607302900656979,0.5811140400465162,0.14476713729630816,0.3460275596976784,0.4750608394005453,0.5811140400465162,0.6712309551355387,0.7309312357919717,669,268,0.0056871415716820495,0.008913133319753621,-0.003225991748071572,-0.003725991748071572,-0.004225991748071572,-0.005225991748071572,-0.008225991748071572,4.749956378710763,75.41494314775011,0.5291479820627802,1.2116895556925107,0.9861098328030198,0.9816621370655861,669,539,0.575240128068303,0.5287569573283859,-0.004128804339595405,1.5844998242011106,0.022752300021238625,0.0016302999574691057
C5,infy_ns,TARGET_D,random_forest,3,21,2524,938,0.5776545166402536,0.5052439591078067,0.5611343182571565,0.020922434939199545,0.5450941526263627,0.583864118895966,0.5111524163568774,0.5106609808102346,0.502132196162047,0.5035820895522388,0.5,0.10164328998954217,0.37,0.43,0.5,0.58,0.645,471,467,0.0033376074468009823,0.005814969556497756,-0.002477362109696774,-0.002977362109696774,-0.003477362109696774,-0.004477362109696775,-0.007477362109696774,0.24828283210851154,11.224378311274984,0.5753715498938429,1.11645063648571,0.9672079348430691,0.43756702808883857,471,325,0.3464818763326226,0.5846153846153846,-0.0019966929239749955,0.281496849037862,0.5336916000815108,0.08065999997779727
C5,infy_ns,TARGET_D,xgboost,3,21,2524,938,0.5776545166402536,0.4991635687732342,0.5474889380383194,0.02868819123727404,0.5697896749521989,0.5866141732283464,0.5539033457249071,0.5202558635394456,0.5415778251599147,0.5213624835014343,0.5224294662475586,0.1775994747877121,0.2828123986721039,0.38281241804361343,0.5224294662475586,0.6571914851665497,0.7622496783733368,508,430,0.002671443374737812,0.006815141060374202,-0.0041436976856363905,-0.00464369768563639,-0.005143697685636391,-0.006143697685636391,-0.00914369768563639,-0.16004547063794983,11.224378311274984,0.5748031496062992,1.079857679083201,0.9930761141904451,0.3118239371561557,508,426,0.4541577825159915,0.57981220657277,-0.007968227669952269,-0.6815545148768595,0.4481081999838352,0.005149899981915951
C5,infy_ns,TARGET_D,logistic_regression,3,21,2524,938,0.5776545166402536,0.4724210037174722,0.5415633660431819,-0.009266439128988502,0.6953352769679301,0.5719424460431655,0.8866171003717472,0.5543710021321961,0.8891257995735607,0.6049689792616194,0.6158327202702811,0.09404550056333147,0.49380833898479437,0.5584687125530847,0.6158327202702811,0.6599744896560429,0.708683794712206,834,104,0.00464518626923991,0.0039761398248233625,0.0006690464444165474,0.00016904644441654735,-0.00033095355558345266,-0.0013309535555834527,-0.004330953555583453,3.1890117804068128,11.224378311274984,0.5623501199040767,1.1837940662670536,0.9832055968143282,0.8897614352284189,834,727,0.7750533049040512,0.5722145804676754,-0.0014054167595682048,1.8820773961484467,0.024020200013183057,0.002229299978353083
C5,infy_ns,TARGET_D,random_forest,4,21,3462,940,0.5765453495089543,0.5405167351732236,0.6088459235876923,0.07044686938307376,0.6650485436893204,0.577247191011236,0.7843511450381679,0.5595744680851064,0.7574468085106383,0.5648882978723404,0.57,0.10074226263133804,0.425,0.5,0.57,0.635,0.695,712,228,0.005712763466036211,-0.00031526553493516903,0.006028029000971381,0.005528029000971381,0.005028029000971381,0.004028029000971381,0.0010280290009713807,13.933333236766183,22.607054919104588,0.5688202247191011,1.332881686786513,0.8629802057042487,1.5248551325509705,712,553,0.5882978723404255,0.5822784810126582,0.004147390207149624,8.3688962859984,0.5327065999154001,0.06520429998636246
C5,infy_ns,TARGET_D,xgboost,4,21,3462,940,0.5765453495089543,0.51174398120963,0.5615317385644292,0.053995871515156044,0.6580016246953696,0.5728429985855729,0.7729007633587787,0.5521276595744681,0.752127659574468,0.6192196607589722,0.6482515335083008,0.1585741639137268,0.38384580612182617,0.5032764971256256,0.6482515037059784,0.7542507201433182,0.8102297246456146,707,233,0.00484986967673217,0.0024323999330597406,0.0024174697436724294,0.0019174697436724294,0.0014174697436724294,0.00041746974367242937,-0.0025825302563275707,6.949317998816446,22.607054919104588,0.5657708628005658,1.25860357909541,0.8692515251745226,1.2384406789019233,707,616,0.6553191489361702,0.5714285714285714,0.0013988150948535867,4.621575087884134,0.42677500005811453,0.007750699995085597
C5,infy_ns,TARGET_D,logistic_regression,4,21,3462,940,0.5765453495089543,0.5420076702877276,0.5804930782851269,0.0688633581779894,0.6865443425076453,0.5727040816326531,0.8568702290076335,0.5638297872340425,0.8340425531914893,0.5584695123187089,0.5722940082101959,0.0798815268368775,0.4636280543228794,0.5284939293069939,0.5722940082101959,0.6092828133719992,0.6378210118624313,784,156,0.00564546119057436,-0.0027591956894726607,0.008404656880047021,0.00790465688004702,0.007404656880047021,0.006404656880047021,0.003404656880047021,17.549663709509847,22.607054919104588,0.5637755102040817,1.326953688609001,0.9589792389265429,1.5738209519884616,784,603,0.6414893617021277,0.5804311774461028,0.004743044709591096,10.135102227556402,0.027838299982249737,0.0016729000490158796
C5,infy_ns,TARGET_D,random_forest,5,21,4402,940,0.5724670604270786,0.49928104391486805,0.5806471686221442,0.020260878555596377,0.5820203892493049,0.6003824091778203,0.564748201438849,0.5202127659574468,0.5563829787234043,0.5115372340425532,0.515,0.09742320323475148,0.385,0.44,0.515,0.58,0.6405000000000002,523,417,0.010143132102348303,0.011848114987041206,-0.001704982884692903,-0.002204982884692903,-0.002704982884692903,-0.003704982884692903,-0.006704982884692903,38.672283000026454,5140.059748882499,0.5946462715105163,1.4952558534961,0.9693179419643084,1.711994274931524,523,328,0.34893617021276596,0.5853658536585366,-0.005826396137668949,2.464094609030502,0.8094148999080062,0.09121100010816008
C5,infy_ns,TARGET_D,xgboost,5,21,4402,940,0.5724670604270786,0.5278074415467626,0.6192076830495152,0.02655007936542599,0.5757290686735654,0.6035502958579881,0.5503597122302158,0.5202127659574468,0.5393617021276595,0.5080047845840454,0.5159309506416321,0.1661534309387207,0.27446102201938627,0.38355056941509247,0.5159309506416321,0.6399728357791901,0.7211459815502167,507,433,0.013375376592474845,0.00800047599708914,0.0053749005953857044,0.004874900595385704,0.004374900595385704,0.0033749005953857044,0.00037490059538570434,186.37554005373497,5140.059748882499,0.5956607495069034,1.7232081471271203,0.9409292279637724,2.2841943919299457,507,412,0.43829787234042555,0.6237864077669902,0.011036935558808605,334.51080071525246,0.4279625000199303,0.0066368000116199255
C5,infy_ns,TARGET_D,logistic_regression,5,21,4402,940,0.5724670604270786,0.48244061001199035,0.563322737080465,-0.06045014045937041,0.36754176610978523,0.5460992907801419,0.27697841726618705,0.43617021276595747,0.3,0.41288400876790493,0.40568725992507815,0.11721567822999066,0.26028672458874863,0.32647495297860046,0.40568725992507815,0.5224819767965926,0.56515739945711,282,658,0.004874749962384746,0.013481523631811316,-0.00860677366942657,-0.00910677366942657,-0.009606773669426569,-0.01060677366942657,-0.013606773669426569,0.6657642740004985,5140.059748882499,0.5354609929078015,1.1994855259860286,0.9249167143311791,0.53862647936497,282,152,0.16170212765957448,0.5328947368421053,-0.006243382734436023,0.730235697859102,0.0386034999974072,0.002168699982576072
C7,infy_ns,TARGET_D,random_forest,1,20,886,924,0.4909706546275395,0.5096174525159591,0.697607850269392,0.09065413039396668,0.19971469329529243,0.7954545454545454,0.11419249592169657,0.39285714285714285,0.09523809523809523,0.29849567099567104,0.275,0.1307301712952577,0.15,0.195,0.275,0.375,0.485,88,836,0.03082653184523283,0.015520887079958563,0.015305644765274266,0.014805644765274266,0.014305644765274267,0.013305644765274266,0.010305644765274267,10.836784506941415,1708001.1207336541,0.7727272727272727,4.392700487865552,0.14693540293584575,2.4479356089977222,88,51,0.05519480519480519,0.8431372549019608,0.020678480109178457,4.630011266122922,0.48977610003203154,0.06547340005636215
C7,infy_ns,TARGET_D,xgboost,1,20,886,924,0.4909706546275395,0.5251071374244006,0.6989761082458383,0.06543953341955036,0.1581259150805271,0.7714285714285715,0.08809135399673736,0.3777056277056277,0.07575757575757576,0.18228866159915924,0.11875498294830322,0.16490177810192108,0.04616169221699238,0.07003318704664707,0.11875498667359352,0.23110553994774818,0.4495720863342287,70,854,0.02778327633616169,0.01609293566474769,0.011690340671414001,0.011190340671414,0.010690340671414,0.009690340671414001,0.006690340671414001,4.880251146473378,1708001.1207336541,0.7571428571428571,4.254895095410837,0.1909866903222359,2.1318625127260886,70,48,0.05194805194805195,0.8333333333333334,0.01942085166300668,3.829778504135148,0.4031551999505609,0.00490580010227859
C7,infy_ns,TARGET_D,logistic_regression,1,20,886,924,0.4909706546275395,0.5953011650047471,0.7508106861823458,0.12976848852047118,0.22127659574468084,0.8478260869565217,0.1272430668841762,0.40584415584415584,0.09956709956709957,0.3745407470904841,0.38550595631237694,0.1021880422140647,0.23844306469247548,0.31081031429475026,0.38550595631237694,0.4421892460861856,0.4997455221752335,92,832,0.04072407935858726,0.014352861899321898,0.026371217459265364,0.025871217459265364,0.025371217459265363,0.024371217459265362,0.021371217459265363,31.76636056589036,1708001.1207336541,0.8260869565217391,9.899483790565377,0.18214594259507216,3.28245210048561,92,29,0.031385281385281384,0.9310344827586207,0.032822543244617836,2.750051739708452,0.027021000045351684,0.002647800021804869
C7,infy_ns,TARGET_D,random_forest,2,20,1810,937,0.5790055248618785,0.5388427272307621,0.583178554457088,0.040722625367449736,0.6421404682274248,0.56973293768546,0.735632183908046,0.5432230522945571,0.7193169690501601,0.5585165421558164,0.56,0.10101875938508549,0.425,0.49,0.56,0.63,0.685,674,263,0.00933028034948802,-0.00036194492169454366,0.009692225271182563,0.009192225271182563,0.008692225271182564,0.007692225271182563,0.004692225271182563,81.41286178203913,75.41494314775011,0.5608308605341247,1.443498152263326,0.9616028390577385,1.8887708574536548,674,507,0.5410885805763074,0.591715976331361,0.012342306971372653,134.7879467113568,0.44902279996313155,0.06480290007311851
C7,infy_ns,TARGET_D,xgboost,2,20,1810,937,0.5790055248618785,0.5447121820615797,0.5966495982932443,0.07966880258748345,0.6134067952249771,0.5890652557319224,0.6398467432950191,0.5506937033084311,0.6051227321237994,0.5446969270706177,0.5505040884017944,0.16329139471054077,0.32391005754470825,0.42712584137916565,0.5505040884017944,0.6722485423088074,0.7544426560401917,567,370,0.012430657078650697,-0.0023101760066099528,0.01474083308526065,0.014240833085260649,0.01374083308526065,0.01274083308526065,0.00974083308526065,229.37497367604814,75.41494314775011,0.5731922398589065,1.6602067425226479,0.8325122245412557,2.344198944107796,567,470,0.5016008537886874,0.5893617021276596,0.011985808438176275,104.87463904851026,0.3835022000130266,0.00716499995905906
C7,infy_ns,TARGET_D,logistic_regression,2,20,1810,937,0.5790055248618785,0.5374740340673037,0.5913934154659415,0.05821794427688564,0.6511627906976745,0.5747800586510264,0.7509578544061303,0.551760939167556,0.727854855923159,0.5520100915111312,0.5558037398551127,0.1030078967289038,0.4242950288498118,0.49306479826044775,0.5558037398551127,0.6169621044281635,0.6763694233248897,682,255,0.00934652864971663,-0.00070947097238228,0.01005599962209891,0.00955599962209891,0.00905599962209891,0.00805599962209891,0.00505599962209891,100.30298275987735,75.41494314775011,0.5630498533724341,1.476699773338612,0.9285563690970531,2.0266027253322125,682,491,0.5240128068303095,0.5743380855397149,0.0012439118157368022,9.17182324365606,0.01616429991554469,0.0023588000331074
C7,infy_ns,TARGET_D,random_forest,3,20,2747,938,0.5715325809974517,0.49072490706319705,0.5581400731558199,-0.014497805001570779,0.6091458153580673,0.5684380032206119,0.6561338289962825,0.5170575692963753,0.662046908315565,0.5446055437100213,0.545,0.10382197352560434,0.41,0.47,0.545,0.62,0.68,621,317,0.0028523297865017568,0.007937877264700707,-0.00508554747819895,-0.005585547478198951,-0.00608554747819895,-0.00708554747819895,-0.01008554747819895,-0.02604202789117238,11.224378311274984,0.5587761674718197,1.0889274101089153,0.9836233133423588,0.3938800609631492,621,466,0.4968017057569296,0.572961373390558,-0.0034740085306292925,-0.08422492129356096,0.5207343000220135,0.06685870001092553
C7,infy_ns,TARGET_D,xgboost,3,20,2747,938,0.5715325809974517,0.46471189591078066,0.5354757152249948,-0.057842241545977426,0.5836985100788782,0.5522388059701493,0.6189591078066915,0.4936034115138593,0.6428571428571429,0.5527167916297913,0.5621329545974731,0.15679743885993958,0.3303696602582932,0.44450003653764725,0.5621329843997955,0.6636300683021545,0.7535100877285005,603,335,0.0012925501897661008,0.010472227241488823,-0.009179677051722722,-0.009679677051722723,-0.010179677051722721,-0.011179677051722722,-0.014179677051722721,-0.6320865910318172,11.224378311274984,0.5422885572139303,1.0135891204079968,0.992184473425435,0.06037027882196558,603,493,0.5255863539445629,0.5578093306288032,-0.008985522406269406,-0.7520243056847105,0.41392640001140535,0.00552050000987947
C7,infy_ns,TARGET_D,logistic_regression,3,20,2747,938,0.5715325809974517,0.48410315985130115,0.5480641490553024,-0.011310383541608954,0.6897568165070007,0.5714285714285714,0.8698884758364313,0.5511727078891258,0.8731343283582089,0.5965341217396556,0.5942616978576464,0.10630798682616888,0.4816490043088086,0.5415760215964859,0.5942616978576464,0.6577808722256059,0.7264487037298657,819,119,0.004866731133674125,0.0025357234609126584,0.0023310076727614663,0.0018310076727614663,0.0013310076727614663,0.00033100767276146624,-0.002668992327238534,3.9858153953311355,11.224378311274984,0.5616605616605617,1.1959426450941653,0.976961208253461,0.9396372305618149,819,672,0.7164179104477612,0.5818452380952381,0.005209785852622214,7.785317744625994,0.02163739991374314,0.002120500081218779
C7,infy_ns,TARGET_D,random_forest,4,20,3685,940,0.5720488466757123,0.5254284718144452,0.5823480732392455,0.03255255866845812,0.6458504519309778,0.5670995670995671,0.75,0.5414893617021277,0.7372340425531915,0.5437393617021277,0.545,0.08146713959404202,0.44,0.495,0.545,0.6,0.645,693,247,0.004996175069139074,0.0021589381495513574,0.0028372369195877167,0.0023372369195877167,0.0018372369195877166,0.0008372369195877166,-0.0021627630804122834,7.4409429344595654,22.607054919104588,0.5584415584415584,1.2754526355931968,0.9206430610060735,1.2729905151667085,693,461,0.49042553191489363,0.5574837310195228,-0.0004776170660784713,1.512135064068541,0.7857728999806568,0.0540418999735266
C7,infy_ns,TARGET_D,xgboost,4,20,3685,940,0.5720488466757123,0.5261716456253671,0.5780673746730212,0.01719488529074925,0.648910411622276,0.5622377622377622,0.767175572519084,0.5372340425531915,0.7606382978723404,0.5775688290596008,0.5777830481529236,0.11140981316566467,0.43258447051048277,0.5039958357810974,0.5777830481529236,0.6559181362390518,0.72187140583992,715,225,0.0036711275488466866,0.006092225993009699,-0.002421098444163013,-0.002921098444163013,-0.003421098444163013,-0.004421098444163013,-0.007421098444163013,2.5691959230899433,22.607054919104588,0.5552447552447553,1.1779565227942739,0.8868082544435828,0.878080541075424,715,561,0.5968085106382979,0.5721925133689839,-6.447339686966452e-05,2.741461985655039,0.419355999911204,0.005499100079759955
C7,infy_ns,TARGET_D,logistic_regression,4,20,3685,940,0.5720488466757123,0.5341951702877276,0.5860958411169528,0.05793705483832266,0.6873580620741863,0.5696361355081556,0.8664122137404581,0.5606382978723404,0.847872340425532,0.5570293959436681,0.5696858951680677,0.07109405960300573,0.4728039336741144,0.5322644921112126,0.5696858951680677,0.6008397505192137,0.6244231089375915,797,143,0.005514457008901384,-0.002793113218474407,0.008307570227375792,0.007807570227375792,0.007307570227375792,0.006307570227375792,0.003307570227375792,16.57581021393928,22.607054919104588,0.560853199498118,1.3158128279671688,0.9445724681769375,1.5438715619419472,797,600,0.6382978723404256,0.5766666666666667,0.005199918098374034,11.777252546498058,0.016150099923834205,0.0018221000209450722
C7,infy_ns,TARGET_D,random_forest,5,20,4625,940,0.5690810810810811,0.5146226768585132,0.611099769198866,0.002188554890197796,0.5902527075812274,0.592391304347826,0.5881294964028777,0.5170212765957447,0.5872340425531914,0.5188829787234043,0.52,0.08993275932405191,0.3995000000000001,0.455,0.52,0.58,0.635,552,388,0.009767302596400006,0.01251023455131841,-0.0027429319549184036,-0.0032429319549184036,-0.0037429319549184036,-0.004742931954918404,-0.007742931954918404,39.090831938506476,5140.059748882499,0.5851449275362319,1.4812281190669179,0.9727567921951986,1.6912553086286133,552,364,0.3872340425531915,0.5989010989010989,0.0006504001217454685,20.180934437267517,0.7121545999543741,0.06398780003655702
C7,infy_ns,TARGET_D,xgboost,5,20,4625,940,0.5690810810810811,0.5223930230815348,0.6358937077776565,0.020904152993018496,0.5904936014625228,0.6003717472118959,0.5809352517985612,0.5234042553191489,0.5723404255319149,0.506537675857544,0.520816445350647,0.14621177315711975,0.2957714915275574,0.40872129052877426,0.5208164155483246,0.6091187447309494,0.6856139779090882,538,402,0.01028690063552893,0.011719327107487017,-0.0014324264719580877,-0.0019324264719580877,-0.0024324264719580877,-0.0034324264719580878,-0.006432426471958088,49.09276309381593,5140.059748882499,0.5910780669144982,1.529033052323981,0.9535707590384037,1.8058019440087847,538,402,0.4276595744680851,0.6144278606965174,0.0009112065480558276,27.688006891756157,0.3942442999687046,0.0057212000247091055
C7,infy_ns,TARGET_D,logistic_regression,5,20,4625,940,0.5690810810810811,0.4192146282973621,0.5251197618812498,-0.05453272620522873,0.6599845797995374,0.5775978407557355,0.7697841726618705,0.5308510638297872,0.7882978723404256,0.5428099108906774,0.5481177581122916,0.078846214622644,0.44518315222850846,0.5062799730818065,0.5481177581122916,0.5846250428229429,0.62161130141613,741,199,0.009795505789351516,0.015010312810124977,-0.005214807020773461,-0.005714807020773462,-0.006214807020773461,-0.007214807020773461,-0.010214807020773462,184.20249089673848,5140.059748882499,0.5681511470985156,1.5235140216248033,0.9453815675656511,2.1369568934685685,741,460,0.48936170212765956,0.5347826086956522,-0.004709660693439324,14.280580590632505,0.018604899989441037,0.0016700000269338489
C57,infy_ns,TARGET_D,random_forest,1,25,663,924,0.48717948717948717,0.59853758071369,0.7464154250954849,0.10463521844902349,0.08709175738724728,0.9333333333333333,0.04567699836867863,0.3647186147186147,0.032467532467532464,0.3125595238095239,0.31,0.09998767091848863,0.18150000000000005,0.235,0.31,0.39,0.44,30,894,0.04829004113517315,0.01592784694314391,0.03236219419202924,0.031862194192029236,0.031362194192029236,0.030362194192029235,0.027362194192029236,2.8817164494200367,1708001.1207336541,0.8333333333333334,20.275375166229793,0.06063430429810018,2.0472105530084335,30,6,0.006493506493506494,1.0,0.08151767153981601,0.7343806383376552,0.4584378000581637,0.06905399996321648
C57,infy_ns,TARGET_D,xgboost,1,25,663,924,0.48717948717948717,0.6465540303079578,0.7601477711284638,0.07165366517416377,0.15835777126099707,0.782608695652174,0.08809135399673736,0.3787878787878788,0.07467532467532467,0.20815043151378632,0.15115106105804443,0.16507099568843842,0.04695032648742199,0.07538333348929882,0.15115106850862503,0.3101930543780327,0.4631645560264588,69,855,0.03381767769175678,0.015619621801748102,0.01819805589000868,0.01769805589000868,0.017198055890008678,0.01619805589000868,0.013198055890008678,7.587677163611007,1708001.1207336541,0.7536231884057971,6.024327319183813,0.22809110479868872,2.428975205495419,69,48,0.05194805194805195,0.75,0.01411044428717222,2.775099257993663,0.42682219995185733,0.005999900051392615
C57,infy_ns,TARGET_D,logistic_regression,1,25,663,924,0.48717948717948717,0.664430375099007,0.7992831593685152,0.046966266625349896,0.012965964343598054,1.0,0.0065252854812398045,0.3409090909090909,0.004329004329004329,0.11284500584265648,0.0901724117913868,0.09774859294673731,0.008509694054295323,0.03638425205843771,0.0901724117913868,0.16435112217588044,0.25095925134507485,4,920,0.15258665820277864,0.016388967139581233,0.1361976910631974,0.1356976910631974,0.1351976910631974,0.1341976910631974,0.1311976910631974,0.7565654139346785,1708001.1207336541,1.0,99.0,0.0,1.0289185240722785,4,3,0.003246753246753247,1.0,0.12213984232981541,0.47217002329405555,0.026100500021129847,0.0024181000189855695
C57,infy_ns,TARGET_D,random_forest,2,25,1587,937,0.5897920604914934,0.4718621612888335,0.5349767559513117,-0.017474614096916453,0.6089193825042881,0.5512422360248447,0.6800766283524904,0.5133404482390609,0.687299893276414,0.5632017075773746,0.56,0.11650433586165582,0.415,0.475,0.56,0.645,0.71,644,293,0.006666057747676565,0.0064862670704626405,0.00017979067721392468,-0.00032020932278607533,-0.0008202093227860753,-0.0018202093227860754,-0.004820209322786075,9.270749514411099,75.41494314775011,0.5341614906832298,1.2658344856100123,0.9677534450636449,1.169002474108573,644,498,0.5314834578441836,0.5381526104417671,-0.001392543929120119,3.337799434992057,0.6201277000363916,0.10469089995604008
C57,infy_ns,TARGET_D,xgboost,2,25,1587,937,0.5897920604914934,0.489599778424041,0.5703181683911722,-0.010733643458875536,0.62248322147651,0.5537313432835821,0.710727969348659,0.5197438633938101,0.7150480256136607,0.6229034662246704,0.665314257144928,0.22150413691997528,0.2831675946712494,0.4502768814563751,0.665314257144928,0.8059890866279602,0.8847163081169128,670,267,0.0072645661048963825,0.004966884460182341,0.002297681644714041,0.001797681644714041,0.001297681644714041,0.000297681644714041,-0.002702318355285959,16.30713649448059,75.41494314775011,0.5388059701492537,1.2987408506327385,0.9783646319580654,1.332034110052899,670,617,0.6584845250800427,0.5478119935170178,-0.0015537681561470533,5.714802128461508,0.48670580005273223,0.005120799993164837
C57,infy_ns,TARGET_D,logistic_regression,2,25,1587,937,0.5897920604914934,0.4622489959839357,0.5243900073286606,-0.0704661407821113,0.5954198473282443,0.5342465753424658,0.6724137931034483,0.49092849519743864,0.7011739594450374,0.5611917277739403,0.5896324484003689,0.14598873398989182,0.33986889082270205,0.4743744023787031,0.5896324484003689,0.668299300166541,0.726520917095984,657,280,0.005167476981480471,0.009994232372559255,-0.004826755391078783,-0.005326755391078783,-0.005826755391078783,-0.006826755391078783,-0.009826755391078783,2.895341523660009,75.41494314775011,0.5220700152207002,1.1852595304102966,0.9896511846227196,0.8597503532805053,657,547,0.583778014941302,0.5301645338208409,-0.0033977802835770156,2.0960750153130383,0.028565599932335317,0.002129600034095347
C57,infy_ns,TARGET_D,random_forest,3,25,2524,938,0.5776545166402536,0.49989079925650554,0.5613343510237835,0.008438031665356262,0.5505836575875487,0.5775510204081633,0.5260223048327137,0.5074626865671642,0.5223880597014925,0.5081556503198295,0.505,0.10389616390026706,0.37,0.43,0.505,0.58375,0.6465000000000004,490,448,0.003126726058609005,0.006150687771449336,-0.003023961712840331,-0.003523961712840331,-0.004023961712840331,-0.0050239617128403306,-0.008023961712840331,0.16901352562779737,11.224378311274984,0.5714285714285714,1.1072742219134788,0.9679877194028661,0.4115447050256054,490,332,0.35394456289978676,0.5813253012048193,-0.003513243286203896,-0.04483049695304453,0.6220325999893248,0.0949409999884665
C57,infy_ns,TARGET_D,xgboost,3,25,2524,938,0.5776545166402536,0.4717983271375465,0.5378811776447707,-0.02853592095054932,0.5575304022450889,0.5612052730696798,0.5539033457249071,0.4957356076759062,0.5660980810234542,0.5287879705429077,0.5285325050354004,0.1781741827726364,0.28258199989795685,0.39266540855169296,0.5285325050354004,0.6641082763671875,0.7701622903347017,531,407,-0.00028079467106628203,0.01090099720064843,-0.01118179187171471,-0.011681791871714711,-0.012181791871714712,-0.01318179187171471,-0.016181791871714712,-0.8186985391187335,11.224378311274984,0.5499058380414312,0.9412084647463974,0.9967486842674803,-0.2500773640406796,531,425,0.453091684434968,0.56,-0.01393265348879867,-0.9246292792253893,0.4294358000624925,0.008109499933198094
C57,infy_ns,TARGET_D,logistic_regression,3,25,2524,938,0.5776545166402536,0.4684804832713755,0.5414966872809848,-0.01898028355063462,0.6929248723559446,0.5702280912364946,0.8828996282527881,0.5511727078891258,0.8880597014925373,0.5997230105230774,0.6080967632443502,0.09369277767857509,0.4958345185885624,0.5538777886562027,0.6080967632443502,0.6545307567750864,0.7094612051961635,833,105,0.0042433289552709684,0.007170579719876165,-0.002927250764605196,-0.003427250764605196,-0.003927250764605196,-0.004927250764605196,-0.007927250764605195,1.9565106925498403,11.224378311274984,0.56062424969988,1.1616804725036247,0.9854936915206218,0.7884354477016859,833,716,0.7633262260127932,0.5698324022346368,-0.004474871135217303,0.5424297684586668,0.027306500007398427,0.001803999999538064
C57,infy_ns,TARGET_D,random_forest,4,25,3462,940,0.5765453495089543,0.5345071197886084,0.5730861376814771,0.07522477345833338,0.6532999164578112,0.5809806835066865,0.7461832061068703,0.5585106382978723,0.7159574468085106,0.5520691489361701,0.55,0.09664477897709224,0.425,0.49,0.55,0.625,0.675,673,267,0.005810134004057479,0.000319800977984568,0.005490333026072911,0.004990333026072911,0.004490333026072911,0.003490333026072911,0.0004903330260729111,12.402143770231255,22.607054919104588,0.575037147102526,1.331368784340804,0.820761551941729,1.4817866469372365,673,484,0.5148936170212766,0.5888429752066116,0.004585220760462994,7.798334472536048,0.6137688000453636,0.06976009998470545
C57,infy_ns,TARGET_D,xgboost,4,25,3462,940,0.5765453495089543,0.5139046902524955,0.5533097342740356,0.01985432208570026,0.635,0.5636094674556213,0.7270992366412213,0.5340425531914894,0.7191489361702128,0.6138070225715637,0.6488125324249268,0.16819004714488983,0.36896044909954073,0.475906141102314,0.6488125324249268,0.7572890967130661,0.811565774679184,676,264,0.0035920966000204616,0.005936930849389135,-0.0023448342493686738,-0.002844834249368674,-0.003344834249368674,-0.004344834249368674,-0.007344834249368674,2.054674009405196,22.607054919104588,0.5576923076923077,1.1645593030886898,0.9450357006702862,0.8062604344632429,676,613,0.652127659574468,0.566068515497553,-0.0011163665745341288,2.2531287246929588,0.42748040007427335,0.005338000017218292
C57,infy_ns,TARGET_D,logistic_regression,4,25,3462,940,0.5765453495089543,0.5358053802113917,0.57401842932738,0.0833731092029286,0.6901300688599847,0.5759897828863346,0.8606870229007634,0.5691489361702128,0.8329787234042553,0.5574509153770242,0.5716638086504553,0.07900952930237162,0.46333365103262064,0.5279108261767842,0.5716638086504553,0.6071941722604677,0.6351215566729251,783,157,0.005701490662845226,-0.002985096453218137,0.008686587116063363,0.008186587116063362,0.007686587116063363,0.006686587116063363,0.0036865871160633628,18.226058986618035,22.607054919104588,0.5670498084291188,1.3299281467703485,0.9603111641584942,1.5872563996418854,783,600,0.6382978723404256,0.5783333333333334,0.005301851059392691,11.579429621208723,0.031654899939894676,0.001739000086672604
C57,infy_ns,TARGET_D,random_forest,5,25,4402,940,0.5724670604270786,0.5097726506294964,0.5989957253936004,-0.005970492576900832,0.5831062670299727,0.5889908256880734,0.5773381294964028,0.5117021276595745,0.5797872340425532,0.518531914893617,0.52,0.09124274405749586,0.4,0.45,0.52,0.585,0.64,545,395,0.00956631044256034,0.012738943918807494,-0.003172633476247154,-0.003672633476247154,-0.004172633476247154,-0.005172633476247154,-0.008172633476247155,31.629919616122372,5140.059748882499,0.581651376146789,1.4515673525796653,0.983694747680567,1.6072438082520533,545,363,0.3861702127659574,0.6060606060606061,-0.006493714507792571,2.673860289979437,0.7033712998963892,0.0780166001059115
C57,infy_ns,TARGET_D,xgboost,5,25,4402,940,0.5724670604270786,0.5102457096822542,0.6226351669447725,-0.021548635183676727,0.5489078822412156,0.5814889336016097,0.5197841726618705,0.4946808510638298,0.5287234042553192,0.5023072361946106,0.513381838798523,0.15210890769958496,0.2899272859096527,0.38965246081352234,0.5133818089962006,0.6189895123243332,0.6978051722049713,497,443,0.009019592002390742,0.013008543598049989,-0.003988951595659247,-0.004488951595659247,-0.004988951595659247,-0.005988951595659247,-0.008988951595659246,16.28127185105411,5140.059748882499,0.5754527162977867,1.4043617141157718,0.9842682249803459,1.402282423048809,497,382,0.40638297872340423,0.612565445026178,0.005768963231609513,73.62726814272273,0.5178891000105068,0.0063047000439837575
C57,infy_ns,TARGET_D,logistic_regression,5,25,4402,940,0.5724670604270786,0.48914306055155876,0.5698623311380551,-0.055727473235982095,0.36992840095465396,0.549645390070922,0.2787769784172662,0.43829787234042555,0.3,0.40842403081896667,0.4000524265695414,0.11884543553276768,0.2529131781990633,0.318039394262138,0.4000524265695414,0.5193382827373563,0.5634128802349453,282,658,0.004532464962085831,0.013628217203367994,-0.009095752241282163,-0.009595752241282163,-0.010095752241282164,-0.011095752241282163,-0.014095752241282164,0.5569712402839617,5140.059748882499,0.5390070921985816,1.1869362828844707,0.9157016606541843,0.5059561622091595,282,142,0.15106382978723404,0.528169014084507,-0.006142521048060749,0.661586321676328,0.0407328000292182,0.0022429999662563205
C8,infy_ns,TARGET_D,random_forest,1,41,663,924,0.48717948717948717,0.6707327308109923,0.782062309823895,0.17800162232639,0.3191489361702128,0.8633093525179856,0.19575856443719414,0.4458874458874459,0.15043290043290045,0.3605248917748918,0.345,0.12263838560101721,0.205,0.265,0.345,0.455,0.53,139,785,0.03906160776369275,0.013068322193722998,0.025993285569969757,0.025493285569969756,0.024993285569969756,0.023993285569969755,0.020993285569969756,156.25490670774468,1708001.1207336541,0.8489208633093526,8.103891186894117,0.28233205298021674,4.0788239200951635,139,66,0.07142857142857142,0.8787878787878788,0.02642429304500429,11.92826308148684,0.4489947999827564,0.06518489995505661
C8,infy_ns,TARGET_D,xgboost,1,41,663,924,0.48717948717948717,0.6402333156737986,0.7607012209618468,0.15444822881879663,0.40969696969696967,0.7971698113207547,0.27569331158238175,0.47294372294372294,0.22943722943722944,0.29863569140434265,0.23976832628250122,0.2244928926229477,0.049671470373868945,0.09503586031496525,0.23976831883192062,0.48195408284664154,0.6414991021156311,212,712,0.03388009275313705,0.011946090923540436,0.021934001829596615,0.021434001829596615,0.020934001829596614,0.019934001829596613,0.016934001829596614,750.2122192792151,1708001.1207336541,0.7783018867924528,5.22024611604441,0.4049180577890358,4.427096560463297,212,167,0.18073593073593072,0.8143712574850299,0.023064849257756613,253.289655464426,0.36595130001660436,0.009532500058412552
C8,infy_ns,TARGET_D,logistic_regression,1,41,663,924,0.48717948717948717,0.657249413825842,0.791344209096424,0.05253844367715304,0.016181229773462782,1.0,0.008156606851549755,0.341991341991342,0.005411255411255411,0.07853392751924505,0.04774715522428773,0.0877326697599483,0.002205382189656501,0.015087214632867349,0.04774715522428773,0.11389456365990816,0.19846207450147774,5,919,0.11732369696056874,0.01643262014844723,0.1008910768121215,0.1003910768121215,0.0998910768121215,0.0988910768121215,0.0958910768121215,0.7272003821921544,1708001.1207336541,1.0,99.0,0.0,1.100051833136002,5,5,0.005411255411255411,1.0,0.1008910768121215,0.7272003821921544,0.040310800075531006,0.0025126999244093895
C8,infy_ns,TARGET_D,random_forest,2,41,1587,937,0.5897920604914934,0.47698610534090385,0.5590009579494265,-0.05317712539164059,0.5970915312232677,0.5394126738794436,0.6685823754789272,0.4973319103521878,0.6905016008537886,0.5690394877267876,0.575,0.12535152509696318,0.405,0.475,0.575,0.67,0.735,647,290,0.006429469970991694,0.007012242654888395,-0.000582772683896701,-0.001082772683896701,-0.001582772683896701,-0.002582772683896701,-0.005582772683896701,9.269538702507859,75.41494314775011,0.5255023183925811,1.2690872056369897,0.9801547472765795,1.1861113073873408,647,532,0.567769477054429,0.5451127819548872,0.0016905926982046437,10.99169109626298,0.4437164000701159,0.07577260001562536
C8,infy_ns,TARGET_D,xgboost,2,41,1587,937,0.5897920604914934,0.445206111803536,0.5219543946064327,-0.08680733135641869,0.5729257641921397,0.5264847512038523,0.6283524904214559,0.4781216648879402,0.6648879402347919,0.6363322138786316,0.6994855999946594,0.25554269552230835,0.26444534063339237,0.41157403588294983,0.6994855999946594,0.8595911264419556,0.9401212215423584,623,314,0.0028498565128838413,0.014069926221728115,-0.011220069708844274,-0.011720069708844275,-0.012220069708844275,-0.013220069708844274,-0.016220069708844275,0.035514278935255605,75.41494314775011,0.5136436597110754,1.0855617041660564,0.9898554882506564,0.4020803423525014,623,592,0.6318036286019211,0.5219594594594594,-0.010866806073296294,-0.07737134944753443,0.42174620006699115,0.006388299982063472
C8,infy_ns,TARGET_D,logistic_regression,2,41,1587,937,0.5897920604914934,0.4381895397682684,0.5091389874326308,-0.12107417428966741,0.5664939550949913,0.5157232704402516,0.6283524904214559,0.464247598719317,0.6787620064034151,0.5673459008672393,0.5916522138050135,0.16970396662634915,0.31966117754379597,0.45872327533740803,0.5916522138050135,0.6964740128017953,0.7745937872359546,636,301,0.001268005701488986,0.01789689639535636,-0.016628890693867374,-0.017128890693867374,-0.017628890693867375,-0.018628890693867375,-0.021628890693867375,-0.6701301306557552,75.41494314775011,0.5031446540880503,1.0113059433306715,0.9913184994120026,0.055691015515313434,636,542,0.5784418356456777,0.522140221402214,-0.009987261815915537,-0.30159329397764656,0.043448699987493455,0.002031699987128377
C8,infy_ns,TARGET_D,random_forest,3,41,2524,938,0.5776545166402536,0.5033015799256505,0.5654558026837683,0.016894310358869773,0.5259938837920489,0.582392776523702,0.4795539033457249,0.5042643923240938,0.4722814498933902,0.4882622601279317,0.49,0.10710334906842178,0.3485,0.405,0.49,0.56,0.63,443,495,0.0015869444007531757,0.007241590951099107,-0.005654646550345931,-0.006154646550345932,-0.006654646550345931,-0.007654646550345931,-0.010654646550345932,-0.3592803913138587,11.224378311274984,0.5733634311512416,1.0302582577037613,0.9598259381386606,0.11622499798499016,443,285,0.30383795309168443,0.5543859649122806,-0.00938365370297731,-0.7290531781077123,0.5723248000722378,0.16237889998592436
C8,infy_ns,TARGET_D,xgboost,3,41,2524,938,0.5776545166402536,0.47840148698884755,0.5319467726347396,-0.04370496852062512,0.4531590413943355,0.5473684210526316,0.38661710037174724,0.464818763326226,0.4051172707889126,0.4476926624774933,0.44141513109207153,0.1914808303117752,0.1822928234934807,0.2954530268907547,0.44141513109207153,0.5934091955423355,0.7073551058769226,380,558,-0.0018483706333275503,0.008942624965935814,-0.010790995599263364,-0.011290995599263364,-0.011790995599263363,-0.012790995599263364,-0.015790995599263363,-0.8340015518046244,11.224378311274984,0.5368421052631579,0.874321846517602,0.9690408790639289,-0.4806197160209813,380,304,0.32409381663113007,0.5230263157894737,-0.01627026438229169,-0.9415800167067273,0.47235519997775555,0.009413799969479442
C8,infy_ns,TARGET_D,logistic_regression,3,41,2524,938,0.5776545166402536,0.46365706319702604,0.5426453176107908,0.012271003428217912,0.6895522388059702,0.5760598503740648,0.8587360594795539,0.5565031982942431,0.8550106609808102,0.5924423218746092,0.5966930783025413,0.10081771127478421,0.4752199451097449,0.5345297218439533,0.5966930783025413,0.6544173602933654,0.7081654039966636,802,136,0.004325729768111359,0.00601741629634122,-0.0016916865282298613,-0.0021916865282298613,-0.0026916865282298613,-0.0036916865282298613,-0.006691686528229861,2.067050614719434,11.224378311274984,0.5648379052369077,1.1669478722995867,0.9779919930406434,0.7967964317092892,802,650,0.6929637526652452,0.5553846153846154,-0.007294986287365026,-0.2650797049572049,0.08391150005627424,0.0021118998993188143
C8,infy_ns,TARGET_D,random_forest,4,41,3462,940,0.5765453495089543,0.530889881826189,0.5625360832449079,0.07997432256169403,0.6549707602339181,0.5824665676077266,0.7480916030534351,0.5606382978723404,0.7159574468085106,0.5467234042553192,0.56,0.094537553526146,0.415,0.48375,0.56,0.615,0.66,673,267,0.005270969889734367,0.001678817640679155,0.0035921522490552126,0.0030921522490552126,0.0025921522490552126,0.0015921522490552125,-0.0014078477509447875,8.259421308923443,22.607054919104588,0.5735512630014858,1.2872765900580991,0.8281468074206243,1.3087148971377511,673,498,0.5297872340425532,0.5943775100401606,0.005451538287181264,10.044267306108862,1.5529813000466675,0.182076400029473
C8,infy_ns,TARGET_D,xgboost,4,41,3462,940,0.5765453495089543,0.5642524221961245,0.6323702165396143,0.05496891008159909,0.6483790523690773,0.5743740795287187,0.7442748091603053,0.55,0.7223404255319149,0.5732787847518921,0.5922176837921143,0.1342001110315323,0.3803545445203781,0.4785563126206398,0.5922177135944366,0.6714641600847244,0.7297712087631226,679,261,0.004732357539242536,0.002997456998876944,0.0017349005403655914,0.0012349005403655914,0.0007349005403655914,-0.00026509945963440864,-0.0032650994596344087,5.807214748425255,22.607054919104588,0.5670103092783505,1.252917259926127,0.8717888826278983,1.1847048230182666,679,576,0.6127659574468085,0.5833333333333334,0.002230091166576603,5.245631023318985,2.496900900034234,0.03585029998794198
C8,infy_ns,TARGET_D,logistic_regression,4,41,3462,940,0.5765453495089543,0.5234879624192602,0.566392058212851,0.05125325363943323,0.6739469578783152,0.5699208443271768,0.8244274809160306,0.5553191489361702,0.8063829787234043,0.5530680738869553,0.5651081412740975,0.08386687431758916,0.45077341050044867,0.5172316567369483,0.5651081412740975,0.610631956211459,0.6363003922744095,758,182,0.0057578121399131255,-0.0020264536055032184,0.0077842657454163435,0.007284265745416343,0.0067842657454163435,0.0057842657454163435,0.0027842657454163434,17.307215746861672,22.607054919104588,0.5633245382585752,1.3350575718269688,0.9556755521191338,1.5823497695939441,758,573,0.6095744680851064,0.5636998254799301,0.003980634643031321,8.171795449691182,0.32845640007872134,0.02183739992324263
C8,infy_ns,TARGET_D,random_forest,5,41,4402,940,0.5724670604270786,0.5161144521882495,0.592201781997017,0.029589471890519917,0.603060306030603,0.6036036036036037,0.6025179856115108,0.5308510638297872,0.5904255319148937,0.5194042553191489,0.515,0.09163884003613781,0.405,0.455,0.515,0.575,0.645,555,385,0.011197648384359667,0.010469681002090208,0.0007279673822694586,0.00022796738226945864,-0.0002720326177305414,-0.0012720326177305414,-0.0042720326177305415,105.96815064278245,5140.059748882499,0.5963963963963964,1.596540881732859,0.9178748300297909,2.1218697062113754,555,344,0.3659574468085106,0.5813953488372093,-0.0073341239883389295,2.127265832739562,5.193148700054735,0.2566960999974981
C8,infy_ns,TARGET_D,xgboost,5,41,4402,940,0.5724670604270786,0.5390999700239809,0.6204822066980096,0.04872225866035361,0.5908667287977633,0.6131528046421664,0.5701438848920863,0.5329787234042553,0.55,0.5071880221366882,0.5207048654556274,0.1516161412000656,0.31143456101417544,0.4101627692580223,0.5207048952579498,0.6151556819677353,0.6911653280258179,517,423,0.014195778990098136,0.006870695747620823,0.007325083242477313,0.006825083242477313,0.006325083242477313,0.005325083242477313,0.002325083242477313,332.6802562353595,5140.059748882499,0.6034816247582205,1.7810245311767003,0.924310295417986,2.5087072855947814,517,379,0.4031914893617021,0.6385224274406333,0.006716173109051102,93.20019391776104,3.248923399951309,0.033655500039458275
C8,infy_ns,TARGET_D,logistic_regression,5,41,4402,940,0.5724670604270786,0.48841239508393286,0.5836135575697045,-0.02800952229373914,0.4014002333722287,0.5714285714285714,0.30935251798561153,0.4542553191489362,0.3202127659574468,0.4141823318416733,0.4070683178566442,0.12102627900013847,0.2514610225560135,0.3234468676519472,0.4070683178566442,0.5271742415876748,0.5712750325998897,301,639,0.008138106886461428,0.01220023766244046,-0.004062130775979032,-0.004562130775979032,-0.005062130775979032,-0.006062130775979032,-0.009062130775979033,3.919641270696296,5140.059748882499,0.5614617940199336,1.4190406913131934,0.8471947063879273,1.078827388341621,301,161,0.17127659574468085,0.546583850931677,-0.0017287972738894413,2.313772647970128,0.28100309998262674,0.011009700014255941
C0,icicibank_ns,TARGET_D,random_forest,1,16,804,846,0.6019900497512438,0.5683746516227637,0.6379828099457754,0.14587556299962973,0.3443708609271523,0.6933333333333334,0.2290748898678414,0.5319148936170213,0.1773049645390071,0.3324763593380614,0.295,0.17251061922014996,0.15,0.205,0.295,0.405,0.61,150,696,0.0251221399664881,-0.003082331318615714,0.028204471285103814,0.027704471285103813,0.027204471285103813,0.026204471285103816,0.023204471285103813,17.735903042980635,-0.9601031539314613,0.6933333333333334,2.089586895805874,0.6804057966188243,1.6965481370434958,150,118,0.13947990543735225,0.7372881355932204,0.040436744993506746,41.26814144606597,1.5655257999897003,0.24824540002737194
C0,icicibank_ns,TARGET_D,xgboost,1,16,804,846,0.6019900497512438,0.59599478557943,0.6315411257587549,0.15811494067150192,0.43283582089552236,0.6712962962962963,0.31938325991189426,0.5508274231678487,0.2553191489361702,0.3574252426624298,0.2932075560092926,0.22727833688259125,0.10778640955686569,0.18008504062891006,0.2932075560092926,0.5056657046079636,0.7148981392383575,216,630,0.021900047738840727,-0.004932368118052254,0.026832415856892982,0.02633241585689298,0.02583241585689298,0.024832415856892984,0.02183241585689298,35.71614102511673,-0.9601031539314613,0.6712962962962963,1.9035652378130812,0.8649686291985482,1.853279356999574,216,171,0.20212765957446807,0.672514619883041,0.0217619522408478,10.75979697948833,1.8237731999251992,0.02387490007095039
C0,icicibank_ns,TARGET_D,logistic_regression,1,16,804,846,0.6019900497512438,0.5373494111300908,0.5590121106728185,0.054817000373008566,0.48284625158831,0.5705705705705706,0.4185022026431718,0.5189125295508275,0.39361702127659576,0.437122563837288,0.43488828339859564,0.1946686287302477,0.1794019528994863,0.297323364724878,0.43488828339859564,0.5814211868160349,0.6850088520432627,333,513,0.004929961127759694,-3.637165365945346e-05,0.004966332781419148,0.004466332781419148,0.003966332781419148,0.0029663327814191476,-3.366721858085245e-05,-0.1801399287489439,-0.9601031539314613,0.5675675675675675,1.1196668365081948,0.9973094018691875,0.42214440720240726,333,257,0.3037825059101655,0.5680933852140078,0.0029975389566480725,-0.33594621411530123,0.0911177999805659,0.007052100030705333
C0,icicibank_ns,TARGET_D,random_forest,2,16,1650,846,0.5684848484848485,0.5299662787882882,0.5668472540187965,0.05070702453804522,0.5701943844492441,0.5653104925053534,0.5751633986928104,0.5295508274231678,0.5520094562647754,0.5189775413711584,0.515,0.12927919176993646,0.36,0.425,0.515,0.60875,0.69,467,379,0.015483681151872195,0.010896544790384868,0.0045871363614873265,0.004087136361487326,0.0035871363614873265,0.0025871363614873265,-0.0004128636385126736,263.1263313810731,7457.084175974625,0.5588865096359743,1.748173624274856,0.9245714640153024,2.340907579630342,467,330,0.3900709219858156,0.5727272727272728,0.0032300616506340633,52.085907440497806,2.50181899999734,0.2633851000573486
C0,icicibank_ns,TARGET_D,xgboost,2,16,1650,846,0.5684848484848485,0.5259495701812162,0.5821829292738063,0.003728136795179856,0.5602536997885835,0.5441478439425051,0.5773420479302832,0.508274231678487,0.5756501182033097,0.5415520071983337,0.5349278450012207,0.17184951901435852,0.32045136392116547,0.4061332643032074,0.5349278748035431,0.6713815182447433,0.7767282426357269,487,359,0.010100466313986313,0.017943572363701518,-0.007843106049715205,-0.008343106049715205,-0.008843106049715204,-0.009843106049715205,-0.012843106049715204,26.21206589045977,7457.084175974625,0.5379876796714579,1.43115468519424,0.9591258014318446,1.583610702698917,487,400,0.4728132387706856,0.57,-0.00291558292522626,31.8238581168984,0.8485773000866175,0.01668160001281649
C0,icicibank_ns,TARGET_D,logistic_regression,2,16,1650,846,0.5684848484848485,0.4971035787269258,0.5491076557409571,-0.08126737882454112,0.6339362618432386,0.5242165242165242,0.8017429193899782,0.49763593380614657,0.8297872340425532,0.5506211270451001,0.5646329359276347,0.06962845929828061,0.4669467248224624,0.5218428228627832,0.5646329359276347,0.5941196953080342,0.6176780180357301,702,144,0.006051020107997487,0.04939481567823572,-0.043343795570238236,-0.043843795570238236,-0.04434379557023824,-0.04534379557023824,-0.048343795570238234,7.215004491297135,7457.084175974625,0.5170940170940171,1.2270116323609128,0.9930575809902574,1.1365084027590548,702,514,0.607565011820331,0.5389105058365758,-0.014268139875143509,11.802720373491322,0.050795599934645,0.003984300070442259
C0,icicibank_ns,TARGET_D,random_forest,3,16,2496,846,0.5596955128205128,0.5507042253521127,0.5603013135855527,0.09089415896779036,0.4270986745213549,0.5731225296442688,0.3403755868544601,0.5401891252955082,0.2990543735224586,0.453871158392435,0.44,0.09999850445846675,0.34,0.385,0.44,0.51,0.6,253,593,0.013410264802356844,-0.002100614639761263,0.015510879442118108,0.015010879442118107,0.014510879442118107,0.013510879442118108,0.010510879442118107,12.285675808162146,0.6119190312049609,0.5652173913043478,1.669135039142597,0.8966523777782661,1.5984749167586125,253,144,0.1702127659574468,0.5972222222222222,0.022145645897758613,11.688948085289978,1.155460900045,0.14572969998698682
C0,icicibank_ns,TARGET_D,xgboost,3,16,2496,846,0.5596955128205128,0.5008774871450928,0.5369392276477986,0.04447047069013468,0.36645962732919257,0.5412844036697247,0.27699530516431925,0.5177304964539007,0.2576832151300236,0.4343568980693817,0.4161764085292816,0.13693459331989288,0.27465012669563293,0.33802349865436554,0.4161764085292816,0.5053043216466904,0.6405484676361084,218,628,0.011566938242019665,-0.0005962739222013269,0.012163212164220992,0.011663212164220992,0.011163212164220993,0.010163212164220992,0.007163212164220992,4.985706439259424,0.6119190312049609,0.5275229357798165,1.5260759108059887,0.8809732939810913,1.216442964001874,218,159,0.1879432624113475,0.5534591194968553,0.014063532153492953,4.36836635618608,0.8769376999698579,0.010810700012370944
C0,icicibank_ns,TARGET_D,logistic_regression,3,16,2496,846,0.5596955128205128,0.5656941649899396,0.5755082586441311,0.08014677978254522,0.5701657458563536,0.5386221294363257,0.6056338028169014,0.5401891252955082,0.566193853427896,0.5059042769882283,0.5122529373882367,0.05247681531738751,0.43230198237842793,0.47308712748485937,0.5122529373882367,0.5441567534419225,0.5704280126890443,479,367,0.005508828914147334,-0.0013395000987975986,0.006848329012944932,0.006348329012944931,0.005848329012944932,0.004848329012944932,0.0018483290129449317,2.2567715599362406,0.6119190312049609,0.5281837160751566,1.200675865322007,0.9747460555432461,0.834549455671871,479,182,0.21513002364066194,0.5989010989010989,0.01706903489614065,10.018662631830715,0.05266870011109859,0.003618100075982511
C0,icicibank_ns,TARGET_D,random_forest,4,16,3342,848,0.5454817474566128,0.47089986901875547,0.4933964513217816,-0.0237926738852663,0.43410852713178294,0.5075528700906344,0.3792325056433409,0.4834905660377358,0.3903301886792453,0.46738797169811325,0.455,0.10863073245893741,0.33,0.39,0.455,0.545,0.615,331,517,0.008468465880338963,0.013855679820607127,-0.005387213940268164,-0.005887213940268164,-0.006387213940268164,-0.007387213940268164,-0.010387213940268165,5.917320485008634,4851.763420949303,0.4954682779456193,1.4031697176950253,0.8460576830685342,1.280936500709312,331,211,0.24882075471698112,0.46919431279620855,-0.011030483363156388,0.19849025584107038,1.3830527999671176,0.177229700027965
C0,icicibank_ns,TARGET_D,xgboost,4,16,3342,848,0.5454817474566128,0.5080623136304099,0.5094868400715874,-0.020939946172909465,0.4112903225806452,0.5083056478405316,0.345372460496614,0.4834905660377358,0.35495283018867924,0.4531406760215759,0.4376886487007141,0.14187070727348328,0.27796190679073335,0.35487207025289536,0.4376886337995529,0.5517881661653519,0.6380422055721284,301,547,0.00993386575419109,0.012753848412494632,-0.0028199826583035423,-0.0033199826583035423,-0.0038199826583035423,-0.004819982658303542,-0.007819982658303543,7.2658054825537395,4851.763420949303,0.5049833887043189,1.453388881119284,0.8829650560595952,1.3427965633902703,301,215,0.2535377358490566,0.49767441860465117,-0.003104203994246069,3.1120464376000827,0.8967758000362664,0.010823599994182587
C0,icicibank_ns,TARGET_D,logistic_regression,4,16,3342,848,0.5454817474566128,0.49595630242733335,0.5119104622958861,0.017214088397653683,0.48714810281517745,0.5320855614973262,0.4492099322799097,0.5058962264150944,0.4410377358490566,0.4781242195709983,0.4893867108907458,0.08119927270537124,0.3737555935562159,0.43582685444153274,0.4893867108907458,0.5314290166501627,0.5688730507952691,374,474,0.014058735442598159,0.009933505523448035,0.004125229919150123,0.0036252299191501234,0.0031252299191501234,0.0021252299191501234,-0.0008747700808498767,66.03409244511602,4851.763420949303,0.5240641711229946,1.759270877767624,0.6311108725163744,2.261273036472642,374,140,0.1650943396226415,0.5357142857142857,0.005819164883189076,5.81122857392925,0.05044100002851337,0.004115399904549122
C0,icicibank_ns,TARGET_D,random_forest,5,16,4190,848,0.5408114558472553,0.5239664093743404,0.5865743589114953,0.07399930127564824,0.5497737556561086,0.6183206106870229,0.49490835030549896,0.5306603773584906,0.4634433962264151,0.49262382075471695,0.49,0.07120705424381125,0.4,0.45,0.49,0.54,0.575,393,455,0.013488890918804173,0.01004770975672073,0.0034411811620834436,0.0029411811620834436,0.0024411811620834436,0.0014411811620834436,-0.0015588188379165565,38.676423141509325,2159.8115768702496,0.6106870229007634,1.5837384869748543,0.9713983321947692,1.7573599560739896,393,174,0.20518867924528303,0.5632183908045977,0.001981768970642799,3.2963485730713877,1.6852013999596238,0.16134910006076097
C0,icicibank_ns,TARGET_D,xgboost,5,16,4190,848,0.5408114558472553,0.5417230028467599,0.6135239150755005,0.06851239033556741,0.569247546346783,0.6126760563380281,0.5315682281059063,0.5341981132075472,0.5023584905660378,0.5035567283630371,0.5012087821960449,0.13184504210948944,0.33648809492588044,0.4076916575431824,0.5012087523937225,0.6010399013757706,0.6759992957115174,426,422,0.016656985595048367,0.006580488641960588,0.01007649695308778,0.00957649695308778,0.009076496953087779,0.00807649695308778,0.0050764969530877795,230.26172718648226,2159.8115768702496,0.596244131455399,1.8073140086103543,0.9549114526750799,2.3878504166674728,426,304,0.3584905660377358,0.6052631578947368,0.006432065388157935,35.92580990033462,0.9145640000933781,0.010556400055065751
C0,icicibank_ns,TARGET_D,logistic_regression,5,16,4190,848,0.5408114558472553,0.5491622310838796,0.6105811879520535,-0.00913187761421445,0.043052837573385516,0.55,0.02240325865580448,0.4233490566037736,0.02358490566037736,0.35025099978452773,0.3596257439066956,0.0837907077241108,0.23597986960936526,0.29982231093056744,0.3596257439066956,0.4100347338348637,0.4518461062329431,20,828,0.02358325258057887,0.011354078525104342,0.012229174055474527,0.011729174055474526,0.011229174055474526,0.010229174055474527,0.0072291740554745266,0.5188891541406211,2159.8115768702496,0.55,3.65762940727308,0.1253301802964643,0.910927559935494,20,0,0.0,0.0,0.0,0.0,0.0634186000097543,0.0036404000129550695
C5,icicibank_ns,TARGET_D,random_forest,1,21,585,846,0.6376068376068376,0.5953626494650724,0.6419860384684117,0.12815917891805034,0.5341614906832298,0.6125356125356125,0.473568281938326,0.5567375886524822,0.4148936170212766,0.4717789598108747,0.455,0.167844588090185,0.23,0.365,0.455,0.585,0.715,351,495,0.01950417072762109,-0.010551405107430958,0.03005557583505205,0.02955557583505205,0.02905557583505205,0.028055575835052048,0.02505557583505205,61.87288500169991,-0.9601031539314613,0.6096866096866097,1.5564671912042822,0.9901936430551178,1.6415368958356524,351,274,0.32387706855791965,0.6204379562043796,0.02257943864349416,12.192077167949977,0.9702411000616848,0.1497575999237597
C5,icicibank_ns,TARGET_D,xgboost,1,21,585,846,0.6376068376068376,0.6343949474062753,0.682659267567892,0.19179706807652494,0.6034682080924856,0.635036496350365,0.5748898678414097,0.5945626477541371,0.4858156028368794,0.4992726743221283,0.4913461208343506,0.25768864154815674,0.15663501620292664,0.26245611906051636,0.4913461208343506,0.7235664278268814,0.8590595722198486,411,435,0.022242413931487588,-0.01728416949109131,0.03952658342257889,0.03902658342257889,0.03852658342257889,0.03752658342257889,0.034526583422578895,566.1012441639608,-0.9601031539314613,0.635036496350365,1.7220712768865574,0.9951260471814914,2.1892304740745914,411,381,0.450354609929078,0.6430446194225722,0.042006376714829166,1010.0104099127836,0.8583499999949709,0.011020599980838597
C5,icicibank_ns,TARGET_D,logistic_regression,1,21,585,846,0.6376068376068376,0.6507518205520093,0.6682496926117675,0.20797538455654077,0.4064,0.7426900584795322,0.27973568281938327,0.5614657210401891,0.20212765957446807,0.276384612302991,0.22758320582156097,0.22448692929046477,0.015557258402258311,0.06922661702543309,0.22758320582156097,0.45633690383437014,0.6302813074763167,171,675,0.03804850380024809,-0.0072344825964825825,0.04528298639673067,0.04478298639673067,0.04428298639673067,0.04328298639673067,0.040282986396730676,391.39027409335307,-0.9601031539314613,0.7426900584795322,5.572707919049827,0.38057247368982033,4.063121850226778,171,133,0.15721040189125296,0.7819548872180451,0.04752361797312073,174.14871596241022,0.06049150007311255,0.003959800000302494
C5,icicibank_ns,TARGET_D,random_forest,2,21,1431,846,0.5779175401816912,0.4744163528173256,0.560537875942215,-0.10814093625570644,0.4652223489167617,0.4880382775119617,0.4444444444444444,0.44562647754137114,0.4940898345153664,0.49862884160756504,0.485,0.18235736177931514,0.275,0.34,0.485,0.64,0.745,418,428,0.0020701195461071643,0.024521868231792955,-0.02245174868568579,-0.02295174868568579,-0.02345174868568579,-0.024451748685685788,-0.02745174868568579,-0.28451364657651534,7457.084175974625,0.48325358851674644,1.0464979343791037,0.9899420143026978,0.19356013566278732,418,356,0.42080378250591016,0.49719101123595505,-0.019301273791055916,-0.11246015323235792,1.0197464999509975,0.17454979999456555
C5,icicibank_ns,TARGET_D,xgboost,2,21,1431,846,0.5779175401816912,0.46960868757494384,0.5558644847907859,-0.08618893648583713,0.47368421052631576,0.4987951807228916,0.45098039215686275,0.4562647754137116,0.4905437352245863,0.47294366359710693,0.4948650598526001,0.28559184074401855,0.08877548575401306,0.19019920378923416,0.4948650449514389,0.7218084931373596,0.8532151877880096,415,431,0.0022810062818664073,0.024162533564978238,-0.02188152728311183,-0.02238152728311183,-0.02288152728311183,-0.023881527283111832,-0.02688152728311183,-0.20217194925517856,7457.084175974625,0.4939759036144578,1.0568315543582085,0.9859856907880544,0.23349273554052793,415,378,0.44680851063829785,0.5052910052910053,-0.017414689227303264,0.4431879941168333,0.8717789000365883,0.010987199959345162
C5,icicibank_ns,TARGET_D,logistic_regression,2,21,1431,846,0.5779175401816912,0.49700787578884553,0.562396201085182,-0.08437419698536149,0.5584158415841585,0.5117967332123412,0.6143790849673203,0.4728132387706856,0.6513002364066194,0.49906454015954804,0.6101160088540569,0.25278609068317925,0.09415127293339748,0.21548434140901218,0.6101160088540569,0.6997535342045365,0.7543092143954422,551,295,0.00173324291944339,0.03527339906734533,-0.033540156147901935,-0.034040156147901936,-0.034540156147901936,-0.03554015614790194,-0.03854015614790193,-0.48370877972008464,7457.084175974625,0.5063520871143375,1.0310766320151403,0.9973491908999303,0.15177634503729104,551,506,0.5981087470449172,0.5276679841897233,-0.025609850184146132,0.07653712675323399,0.06188340007793158,0.005488900002092123
C5,icicibank_ns,TARGET_D,random_forest,3,21,2277,846,0.56477821695213,0.5564106863402638,0.5780082497568776,0.13093464251544495,0.4715909090909091,0.5971223021582733,0.38967136150234744,0.5602836879432624,0.32860520094562645,0.4531855791962175,0.445,0.09923072824470364,0.33,0.38,0.445,0.52,0.58,278,568,0.01606320443060042,-0.004081757602269479,0.0201449620328699,0.0196449620328699,0.0191449620328699,0.018144962032869902,0.0151449620328699,33.131611282575165,0.6119190312049609,0.5827338129496403,1.789369386199962,0.9187158006326264,1.9641105343703233,278,133,0.15721040189125296,0.6616541353383458,0.032115834592426895,28.67289703073503,1.3574096000520512,0.25892719998955727
C5,icicibank_ns,TARGET_D,xgboost,3,21,2277,846,0.56477821695213,0.5365247037782249,0.5466975590548258,0.048867666762357584,0.41219158200290273,0.5399239543726235,0.3333333333333333,0.5212765957446809,0.3108747044917258,0.4290838837623596,0.42050331830978394,0.14746250212192535,0.24306435883045197,0.3165866881608963,0.42050331830978394,0.524003803730011,0.636739045381546,263,583,0.012209900236367486,-0.0018251650918469896,0.014035065328214476,0.013535065328214475,0.013035065328214475,0.012035065328214476,0.009035065328214475,9.404207896678928,0.6119190312049609,0.5285171102661597,1.5618382032755782,0.9068411463518523,1.437945771788057,263,173,0.2044917257683215,0.5838150289017341,0.026882933535433348,32.123666193585166,0.943976299953647,0.011943000019527972
C5,icicibank_ns,TARGET_D,logistic_regression,3,21,2277,846,0.56477821695213,0.560267158506595,0.5698422031133414,0.07083057123909509,0.5760517799352751,0.5329341317365269,0.6267605633802817,0.5354609929078015,0.5921985815602837,0.5105637679599527,0.5166718929290403,0.07262849731536766,0.40835335950456947,0.461213411799115,0.5166718929290403,0.5658144332579379,0.6017503710775658,501,345,0.007427440571102087,-0.00456236293479505,0.011989803505897137,0.011489803505897137,0.010989803505897136,0.009989803505897137,0.006989803505897137,7.457429223135806,0.6119190312049609,0.5249500998003992,1.2881823761618667,0.9719000984377888,1.1768742402331271,501,284,0.33569739952718675,0.5950704225352113,0.021161830058106353,44.61601018657246,0.06718499993439764,0.005642300006002188
C5,icicibank_ns,TARGET_D,random_forest,4,21,3123,848,0.548190842138969,0.4798567566814369,0.49073967121370066,-0.030128692426886376,0.4430379746835443,0.5043227665706052,0.39503386004514673,0.4811320754716981,0.4091981132075472,0.4754893867924529,0.475,0.09785838767475798,0.35,0.41,0.475,0.545,0.61,347,501,0.00609487377113957,0.015671711527067166,-0.009576837755927596,-0.010076837755927597,-0.010576837755927597,-0.011576837755927596,-0.014576837755927597,2.4588053563281975,4851.763420949303,0.49279538904899134,1.2669844329345534,0.8752716000202714,0.9271732625479091,347,197,0.23231132075471697,0.5025380710659898,-0.007410071453289073,1.0353482544638668,1.3536379999713972,0.1666319000069052
C5,icicibank_ns,TARGET_D,xgboost,4,21,3123,848,0.548190842138969,0.48480896246133265,0.48888000650043667,-0.0360042581541026,0.4823529411764706,0.5036855036855037,0.46275395033860045,0.4811320754716981,0.47995283018867924,0.49081969261169434,0.4941384792327881,0.14147457480430603,0.3013242959976196,0.397505059838295,0.4941384941339493,0.5871450453996658,0.6674378573894502,407,441,0.0070221893251330375,0.016118860812510058,-0.009096671487377021,-0.009596671487377022,-0.010096671487377022,-0.011096671487377021,-0.014096671487377022,5.3988667634623395,4851.763420949303,0.49385749385749383,1.3336622661064288,0.9003610225694382,1.2096716685055167,407,308,0.3632075471698113,0.5,-0.010472154699691184,1.2145270167483395,0.9068168000085279,0.011484400019980967
C5,icicibank_ns,TARGET_D,logistic_regression,4,21,3123,848,0.548190842138969,0.5121979767577961,0.5469907157331829,0.022924275081486083,0.46954314720812185,0.5362318840579711,0.417607223476298,0.5070754716981132,0.4068396226415094,0.46828675869859954,0.48065082602493964,0.08669882368699518,0.35694831141957933,0.41886130007304534,0.48065082602493964,0.5265897374374142,0.5678209957173458,345,503,0.014007565990733883,0.010206438184578311,0.0038011278061555725,0.0033011278061555725,0.0028011278061555725,0.0018011278061555724,-0.0011988721938444276,48.4825878648364,4851.763420949303,0.527536231884058,1.7819308725988576,0.62581665159067,2.2341924317389226,345,126,0.14858490566037735,0.5555555555555556,0.010406022954155148,8.09035657818276,0.06980729999486357,0.0038585999282076955
C5,icicibank_ns,TARGET_D,random_forest,5,21,3971,848,0.5426844623520524,0.5462270447894024,0.6151748766009888,0.07656358030411511,0.5754614549402823,0.6162790697674418,0.539714867617108,0.5389150943396226,0.5070754716981132,0.4937794811320755,0.5,0.0768798358117898,0.395,0.44,0.5,0.55,0.59,430,418,0.01657671891470079,0.006566633820757493,0.0100100850939433,0.009510085093943299,0.009010085093943299,0.0080100850939433,0.005010085093943299,200.41055996026233,2159.8115768702496,0.6046511627906976,1.742212481275559,0.9631033387305726,2.24759238963738,430,215,0.2535377358490566,0.6,0.004791380354802869,8.672923073536168,1.5765930999768898,0.1595857999054715
C5,icicibank_ns,TARGET_D,xgboost,5,21,3971,848,0.5426844623520524,0.5880755560880158,0.6573569797618075,0.12656953098144738,0.6099893730074389,0.6377777777777778,0.5845213849287169,0.5672169811320755,0.5306603773584906,0.509440541267395,0.5161709785461426,0.1757403165102005,0.2651373952627182,0.37561801820993423,0.5161709487438202,0.6518968790769577,0.7357852697372437,450,398,0.014028855302756951,0.00894436478431494,0.005084490518442012,0.004584490518442012,0.004084490518442012,0.003084490518442012,8.449051844201198e-05,71.93009182889378,2159.8115768702496,0.6266666666666667,1.573628553260572,0.989094480005932,1.866215772118695,450,382,0.45047169811320753,0.6570680628272252,0.0047073686896009735,38.93552783536381,0.9592807999579236,0.013140899944119155
C5,icicibank_ns,TARGET_D,logistic_regression,5,21,3971,848,0.5426844623520524,0.5352707274355771,0.5990048696519394,0.016755110963055046,0.03564356435643564,0.6428571428571429,0.018329938900203666,0.4257075471698113,0.01650943396226415,0.2869115887203835,0.28862397583683685,0.09605726201140506,0.1560752598930003,0.22124053479382816,0.28862397583683685,0.35430078425093925,0.4087295101178243,14,834,0.042362544517009396,0.011126818281966235,0.03123572623504316,0.03073572623504316,0.03023572623504316,0.029235726235043162,0.02623572623504316,0.7195434636301095,2159.8115768702496,0.6428571428571429,10.743322524376918,0.03850272145404223,1.10844747405394,14,0,0.0,0.0,0.0,0.0,0.07869180000852793,0.0053786999778822064
C7,icicibank_ns,TARGET_D,random_forest,1,20,804,846,0.6019900497512438,0.5810201834037579,0.6445318348031054,0.1856127170578507,0.391653290529695,0.7218934911242604,0.2687224669603524,0.5520094562647754,0.19976359338061467,0.37066784869976366,0.35,0.1545182311746684,0.195,0.25125,0.35,0.445,0.6025,169,677,0.03073330077665742,-0.005274607731223675,0.036007908507881096,0.035507908507881096,0.035007908507881096,0.034007908507881095,0.031007908507881096,67.8948044312729,-0.9601031539314613,0.7218934911242604,2.4653604700837204,0.8050529124180091,2.182424408841262,169,124,0.14657210401891252,0.7741935483870968,0.045612998097126135,80.09638300932575,1.1554868000093848,0.15256200009025633
C7,icicibank_ns,TARGET_D,xgboost,1,20,804,846,0.6019900497512438,0.5939382360873864,0.6239727225874494,0.1423042017170248,0.444121915820029,0.6510638297872341,0.3370044052863436,0.5472813238770685,0.2777777777777778,0.35707587003707886,0.2929341197013855,0.24892379343509674,0.0749540627002716,0.15005357936024666,0.2929341346025467,0.5382033884525299,0.7513670921325684,235,611,0.023282145402249415,-0.006298340052883691,0.029580485455133105,0.029080485455133104,0.028580485455133104,0.027580485455133107,0.024580485455133104,49.08844564374145,-0.9601031539314613,0.6510638297872341,1.8246981595223986,0.9415736602852844,1.7673738299832187,235,204,0.24113475177304963,0.6470588235294118,0.02611573762137115,21.645842911919175,0.8559377000201494,0.011410600040107965
C7,icicibank_ns,TARGET_D,logistic_regression,1,20,804,846,0.6019900497512438,0.5639440798345771,0.5741361205079405,0.11637851327661944,0.5423728813559322,0.6021505376344086,0.4933920704845815,0.5531914893617021,0.4397163120567376,0.457981259214388,0.4651862675686941,0.18714337155270613,0.20411514745518516,0.3262759403593264,0.4651862675686941,0.5864327012856834,0.6882017716147875,372,474,0.013533659884660359,-0.007197263881596997,0.020730923766257355,0.020230923766257354,0.019730923766257354,0.018730923766257353,0.015730923766257354,13.302501175282803,-0.9601031539314613,0.6021505376344086,1.4013599832330408,0.9893769394798015,1.2832455402601426,372,279,0.32978723404255317,0.5913978494623656,0.017979692756805367,7.492147978695648,0.053526800009422004,0.009172899997793138
C7,icicibank_ns,TARGET_D,random_forest,2,20,1650,846,0.5684848484848485,0.4998198532930256,0.5537000189495401,0.00622298819097651,0.5406593406593406,0.5454545454545454,0.5359477124183006,0.5059101654846335,0.533096926713948,0.5182210401891254,0.515,0.12434389353687986,0.36,0.43,0.515,0.61,0.685,451,395,0.009864664177822578,0.017497989947549867,-0.007633325769727289,-0.008133325769727289,-0.00863332576972729,-0.009633325769727289,-0.01263332576972729,20.403928674682554,7457.084175974625,0.5388026607538803,1.4341373770237218,0.9018141785606895,1.5793226343482314,451,345,0.4078014184397163,0.5449275362318841,-0.007506869498498967,7.359547649853026,1.058183600078337,0.14870689995586872
C7,icicibank_ns,TARGET_D,xgboost,2,20,1650,846,0.5684848484848485,0.5260396435347036,0.5676626223689598,0.018500894267753212,0.5521739130434783,0.5509761388286334,0.5533769063180828,0.5130023640661938,0.5449172576832151,0.5299124717712402,0.5256365537643433,0.1703515201807022,0.31030185520648956,0.4115111902356148,0.5256365835666656,0.6519726067781448,0.7642638087272644,461,385,0.011394904976391658,0.015863943842502927,-0.004469038866111269,-0.00496903886611127,-0.005469038866111269,-0.006469038866111269,-0.009469038866111269,44.33441341630008,7457.084175974625,0.544468546637744,1.5249961535639287,0.9148179613331576,1.8445450905304632,461,382,0.4515366430260047,0.56282722513089,-0.0025465927931773696,30.185355543113733,0.8743103999877349,0.011020899983122945
C7,icicibank_ns,TARGET_D,logistic_regression,2,20,1650,846,0.5684848484848485,0.4683532902107153,0.5235273235379276,-0.06974571394497912,0.611764705882353,0.5232198142414861,0.7363834422657952,0.4929078014184397,0.7635933806146572,0.5430852625033643,0.5619262422553328,0.09738432103857621,0.43437715359315154,0.5056416580308739,0.5619262422553328,0.602346172240847,0.6385727413863305,646,200,0.005341558477338919,0.03955011398559619,-0.03420855550825727,-0.03470855550825727,-0.03520855550825727,-0.03620855550825727,-0.03920855550825727,4.0086317647417955,7457.084175974625,0.5170278637770898,1.2015950813408351,0.9884791153506004,0.992014817834584,646,484,0.5721040189125296,0.5330578512396694,-0.011988109558692842,13.37418161958076,0.05822130001615733,0.0037005000049248338
C7,icicibank_ns,TARGET_D,random_forest,3,20,2496,846,0.5596955128205128,0.5560921082047843,0.5582227738684127,0.07004547550574619,0.4170337738619677,0.5568627450980392,0.3333333333333333,0.5307328605200946,0.30141843971631205,0.4464007092198582,0.445,0.10371933828485787,0.3125,0.375,0.445,0.52,0.58,255,591,0.016560914373688725,-0.0035125222532534205,0.020073436626942144,0.019573436626942144,0.019073436626942143,0.018073436626942142,0.015073436626942143,27.57565097418116,0.6119190312049609,0.5411764705882353,1.8456395033428423,0.8519467640781522,1.912894196637699,255,148,0.17494089834515367,0.5675675675675675,0.01663651938624271,5.82460392378329,1.2188466000370681,0.16773129999637604
C7,icicibank_ns,TARGET_D,xgboost,3,20,2496,846,0.5596955128205128,0.5196400625978091,0.5473590151747916,0.04061073676930631,0.37936267071320184,0.5364806866952789,0.2934272300469484,0.516548463356974,0.27541371158392436,0.416035532951355,0.4005814790725708,0.1432047188282013,0.24331046640872955,0.30360667407512665,0.4005814641714096,0.5083398818969727,0.6147500574588776,233,613,0.014409412267460757,-0.001974323890212892,0.016383736157673648,0.015883736157673647,0.015383736157673647,0.014383736157673648,0.011383736157673647,12.271082772306809,0.6119190312049609,0.5278969957081545,1.7261001414910182,0.8124052481990438,1.6049723848162702,233,158,0.1867612293144208,0.5506329113924051,0.02004133766102441,10.418942578208302,0.923432599985972,0.011204199981875718
C7,icicibank_ns,TARGET_D,logistic_regression,3,20,2496,846,0.5596955128205128,0.5714788732394367,0.5822057918567954,0.06582452591897732,0.5546786922209695,0.5336225596529284,0.5774647887323944,0.533096926713948,0.5449172576832151,0.5046759431196188,0.5071507786018217,0.054794231002917124,0.4313790293750759,0.46979364133130785,0.5071507786018217,0.5429229708640053,0.571792339501619,461,385,0.005750104193127492,-0.001308222128347849,0.007058326321475341,0.006558326321475341,0.006058326321475341,0.005058326321475341,0.0020583263214753412,2.6469673029830414,0.6119190312049609,0.5227765726681128,1.2214717997147895,0.9662692228477094,0.8825834148569192,461,163,0.19267139479905437,0.6257668711656442,0.02156254516975992,15.546528584763546,0.06533130002208054,0.005014399997889996
C7,icicibank_ns,TARGET_D,random_forest,4,20,3342,848,0.5454817474566128,0.4617144608867709,0.48496502549210607,-0.058984898661947796,0.4031620553359684,0.48417721518987344,0.345372460496614,0.4658018867924528,0.37264150943396224,0.46509433962264146,0.455,0.11197357153666712,0.32,0.38,0.455,0.545,0.615,316,532,0.007114760227960935,0.01450786549174892,-0.007393105263787984,-0.007893105263787984,-0.008393105263787984,-0.009393105263787983,-0.012393105263787984,2.8586112028384454,4851.763420949303,0.47468354430379744,1.301401280055399,0.8130726546348999,0.9586367864329233,316,210,0.24764150943396226,0.4666666666666667,-0.010092373834547114,0.3537555268522796,1.489237800007686,0.17013590002898127
C7,icicibank_ns,TARGET_D,xgboost,4,20,3342,848,0.5454817474566128,0.4801883900454254,0.48578767376467136,-0.04353616854679721,0.4032042723631509,0.4934640522875817,0.34085778781038373,0.47287735849056606,0.3608490566037736,0.455197811126709,0.44362175464630127,0.15929003059864044,0.2561129957437515,0.3394383564591408,0.44362176954746246,0.5610930174589157,0.6726610183715821,306,542,0.00910522209289389,0.013247695042842345,-0.0041424729499484544,-0.004642472949948455,-0.0051424729499484545,-0.0061424729499484545,-0.009142472949948455,5.583363060278925,4851.763420949303,0.4869281045751634,1.4041376009510542,0.8213173190478915,1.216120076670071,306,225,0.2653301886792453,0.48444444444444446,-0.007375231855028008,1.2720010906628296,0.9566355999559164,0.011312999995425344
C7,icicibank_ns,TARGET_D,logistic_regression,4,20,3342,848,0.5454817474566128,0.490750494663211,0.5050374756462084,-0.02002167827973113,0.4622991347342398,0.5109289617486339,0.4221218961625282,0.48702830188679247,0.43160377358490565,0.47668727367509856,0.48314340792156757,0.08606338498406503,0.36545500133059977,0.42657964235069346,0.48314340792156757,0.5343639291329632,0.5745757618446294,366,482,0.010974720529387295,0.012343777925083673,-0.0013690573956963784,-0.0018690573956963784,-0.0023690573956963784,-0.0033690573956963784,-0.0063690573956963785,19.623545924689452,4851.763420949303,0.5027322404371585,1.552965431135585,0.6838829698546935,1.7592456052665348,366,152,0.1792452830188679,0.4868421052631579,-0.0041004048935575545,1.3499056534184586,0.0660199000267312,0.004345800029113889
C7,icicibank_ns,TARGET_D,random_forest,5,20,4190,848,0.5408114558472553,0.5459360933782882,0.6083376873644861,0.045382284440331384,0.4847001223990208,0.6073619631901841,0.40325865580448067,0.5035377358490566,0.38443396226415094,0.4794162735849057,0.48,0.07345488648400447,0.385,0.43,0.48,0.525,0.58,326,522,0.01606008809757464,0.00888362710840736,0.00717646098916728,0.00667646098916728,0.00617646098916728,0.00517646098916728,0.00217646098916728,46.64210537861196,2159.8115768702496,0.588957055214724,1.726058039787318,0.9187075582641131,1.9009188869082632,326,148,0.17452830188679244,0.6554054054054054,0.014641389768322487,14.460339255955626,1.5588507000356913,0.15972670004703104
C7,icicibank_ns,TARGET_D,xgboost,5,20,4190,848,0.5408114558472553,0.5325266562836948,0.6088635985541844,0.05653407101920443,0.547085201793722,0.6084788029925187,0.4969450101832994,0.5235849056603774,0.47287735849056606,0.49401935935020447,0.48611196875572205,0.13714076578617096,0.3210003226995468,0.38565874099731445,0.48611196875572205,0.5961350649595261,0.6797715067863465,401,447,0.015953049403297406,0.007775546442227546,0.00817750296106986,0.00767750296106986,0.0071775029610698605,0.0061775029610698605,0.0031775029610698604,94.69211579000249,2159.8115768702496,0.5910224438902744,1.6811530426492218,0.9799484344997569,1.9868769272593205,401,292,0.3443396226415094,0.5924657534246576,0.006161600713271209,21.956976972132598,0.9809622999746352,0.010635399958118796
C7,icicibank_ns,TARGET_D,logistic_regression,5,20,4190,848,0.5408114558472553,0.5462298972542174,0.6069792043143889,-0.02846103660057994,0.05029013539651837,0.5,0.026476578411405296,0.4209905660377358,0.030660377358490566,0.3465633289563414,0.35562688240728557,0.08653907116576606,0.23084118270656595,0.29493359229037985,0.35562688240728557,0.4074893782610646,0.4478307902291662,26,822,0.015364895862425555,0.011524762503619109,0.0038401333588064454,0.0033401333588064454,0.0028401333588064454,0.0018401333588064454,-0.0011598666411935547,0.4101477087822345,2159.8115768702496,0.5,2.6858110468493694,0.12839077433179436,0.8015411785948982,26,1,0.0011792452830188679,1.0,0.005769595537276085,0.016405294210460886,0.0789195999968797,0.005390799953602254
C57,icicibank_ns,TARGET_D,random_forest,1,25,585,846,0.6376068376068376,0.5737211184033084,0.6268934522705889,0.08197373895176645,0.544392523364486,0.5796019900497512,0.513215859030837,0.5390070921985816,0.475177304964539,0.5007269503546099,0.485,0.16890667728960998,0.275,0.385,0.485,0.63375,0.725,402,444,0.007915773892062454,-0.003511537629262226,0.01142731152132468,0.01092731152132468,0.01042731152132468,0.00942731152132468,0.00642731152132468,-0.008487560202162125,-0.9601031539314613,0.5771144278606966,1.175009388336539,0.9995911851719282,0.6518242380667809,402,341,0.4030732860520095,0.6041055718475073,0.021488622465759916,10.391195053742774,1.0033692999277264,0.21213340002577752
C57,icicibank_ns,TARGET_D,xgboost,1,25,585,846,0.6376068376068376,0.5862739368875304,0.6189892597380793,0.15106174889805665,0.6163793103448276,0.6033755274261603,0.6299559471365639,0.5791962174940898,0.5602836879432624,0.5441405177116394,0.5644116401672363,0.26850199699401855,0.16701029241085052,0.2980518341064453,0.5644116699695587,0.7962676584720612,0.8921574354171753,474,372,0.01407563894544442,-0.013572135653021443,0.027647774598465864,0.027147774598465863,0.026647774598465863,0.025647774598465865,0.022647774598465863,24.665260244679352,-0.9601031539314613,0.6012658227848101,1.3831232685381045,0.9997816540467307,1.4061901936445598,474,435,0.5141843971631206,0.6114942528735632,0.029480323920298,49.45425688546313,0.8878951000515372,0.010524200042709708
C57,icicibank_ns,TARGET_D,logistic_regression,1,25,585,846,0.6376068376068376,0.6417389643081902,0.6650752308494654,0.23131845076025292,0.43573667711598746,0.7554347826086957,0.30616740088105726,0.574468085106383,0.21749408983451538,0.2674459054958777,0.21801030436473373,0.23447967283107307,0.008301466724708002,0.043907166294682706,0.21801030436473373,0.45595249290163553,0.6243135834846227,184,662,0.04377222072623277,-0.00971460757765884,0.053486828303891606,0.052986828303891606,0.052486828303891606,0.051486828303891605,0.04848682830389161,1455.1489170267387,-0.9601031539314613,0.7554347826086957,5.7897551852635205,0.40253322266198205,3.884024856589951,184,145,0.17139479905437352,0.7655172413793103,0.05156203892513851,366.81319977549117,0.06856419995892793,0.004249699995853007
C57,icicibank_ns,TARGET_D,random_forest,2,25,1431,846,0.5779175401816912,0.4788946873610197,0.5612101208043281,-0.08089156575493053,0.46565774155995343,0.5,0.4357298474945534,0.4574468085106383,0.4728132387706856,0.49732860520094563,0.4775,0.1751887285192235,0.28,0.35,0.4775,0.63875,0.725,400,446,0.002744972442898821,0.023010494610584423,-0.020265522167685603,-0.020765522167685603,-0.021265522167685603,-0.022265522167685604,-0.025265522167685604,0.00847600310919372,7457.084175974625,0.495,1.0787484732484927,0.9790272967633737,0.3217683010208099,400,344,0.4066193853427896,0.4941860465116279,-0.021147566508622852,-0.4507828895386874,1.7594997000414878,0.22813489998225123
C57,icicibank_ns,TARGET_D,xgboost,2,25,1431,846,0.5779175401816912,0.4717873368124166,0.5555538757435126,-0.09293920639300719,0.47737556561085975,0.4964705882352941,0.4596949891067538,0.45390070921985815,0.5023640661938534,0.48679623007774353,0.5046761631965637,0.2763696014881134,0.10966049507260323,0.22585715726017952,0.5046761631965637,0.7335879802703857,0.8550332188606262,425,421,0.0021520377186882524,0.024812478724555047,-0.022660441005866793,-0.023160441005866794,-0.023660441005866794,-0.02466044100586679,-0.027660441005866794,-0.24889880112143303,7457.084175974625,0.49176470588235294,1.0511390134513665,0.9890002261638852,0.21260882076798462,425,388,0.458628841607565,0.5025773195876289,-0.021462154217093413,-0.3297475318976374,0.9754305999958888,0.011011299910023808
C57,icicibank_ns,TARGET_D,logistic_regression,2,25,1431,846,0.5779175401816912,0.4903931138921259,0.5574614818292775,-0.07123557947705393,0.5571142284569138,0.5157699443413729,0.6056644880174292,0.47754137115839246,0.6371158392434988,0.49672922371738176,0.6108199175590705,0.2545991177745241,0.08748810390805423,0.21124253075959407,0.6108199175590705,0.6973484554191147,0.755354307228618,539,307,0.0020229652316431554,0.03345371763395609,-0.03143075240231293,-0.03193075240231293,-0.03243075240231293,-0.033430752402312934,-0.03643075240231293,-0.392409669165352,7457.084175974625,0.5120593692022264,1.0435034689604266,0.9973016033766481,0.20867850225142406,539,503,0.5945626477541371,0.5168986083499006,-0.027719790606288194,-0.3213963815659422,0.07701200002338737,0.005492700031027198
C57,icicibank_ns,TARGET_D,random_forest,3,25,2277,846,0.56477821695213,0.5530991504583054,0.5741080484775672,0.11184045268431023,0.43722304283604135,0.5896414342629482,0.3474178403755869,0.549645390070922,0.2966903073286052,0.4452955082742317,0.435,0.10178040448104725,0.325,0.37,0.435,0.515,0.5874999999999999,251,595,0.015868626036011937,-0.0030855338175145267,0.018954159853526463,0.018454159853526463,0.017954159853526462,0.01695415985352646,0.013954159853526462,22.916984858962294,0.6119190312049609,0.5776892430278885,1.8401114663764306,0.9081163316749571,1.8946895276654163,251,142,0.16784869976359337,0.6197183098591549,0.02400393120573446,14.082200864979281,1.4139644999522716,0.17786970001179725
C57,icicibank_ns,TARGET_D,xgboost,3,25,2277,846,0.56477821695213,0.5360160965794768,0.5481107283867308,0.08879395687157329,0.4030534351145038,0.5764192139737991,0.30985915492957744,0.5378250591016549,0.2706855791962175,0.40075352787971497,0.38874486088752747,0.16186712682247162,0.19637800008058548,0.2717984542250633,0.38874486088752747,0.5080804824829102,0.6343055665493011,229,617,0.0176519208068356,-0.003071567830060776,0.020723488636896374,0.020223488636896374,0.019723488636896373,0.018723488636896372,0.015723488636896373,24.807144472918488,0.6119190312049609,0.5589519650655022,1.9025903086370237,0.8753517228811455,1.925444684443717,229,155,0.18321513002364065,0.5870967741935483,0.026469134312045898,24.000935955553963,0.9637784999795258,0.010960199986584485
C57,icicibank_ns,TARGET_D,logistic_regression,3,25,2277,846,0.56477821695213,0.5566230717639168,0.5656319437837892,0.07294468580023905,0.5585585585585585,0.5367965367965368,0.5821596244131455,0.5366430260047281,0.5460992907801419,0.5033133545749539,0.5116088752244136,0.07462983053750949,0.4014617298134694,0.44889763443209185,0.5116088752244136,0.5571061051873722,0.5981521595724943,462,384,0.008031451690794902,-0.00407134939460779,0.012102801085402692,0.011602801085402691,0.01110280108540269,0.010102801085402692,0.007102801085402692,8.97009245945101,0.6119190312049609,0.5281385281385281,1.3308524830455222,0.967585095976663,1.2700568232018723,462,251,0.2966903073286052,0.5856573705179283,0.018256302257217853,20.81083248591763,0.10497240000404418,0.008636399987153709
C57,icicibank_ns,TARGET_D,random_forest,4,25,3123,848,0.548190842138969,0.4401164897026447,0.4674295692360241,-0.11787154941203394,0.37809647979139505,0.44753086419753085,0.327313769751693,0.4375,0.38207547169811323,0.468626179245283,0.4625,0.10750315100044498,0.335,0.39,0.4625,0.545,0.61,324,524,0.0010854121509180142,0.01834880751287909,-0.017263395361961077,-0.017763395361961077,-0.018263395361961077,-0.019263395361961075,-0.022263395361961077,-0.37254434433785755,4851.763420949303,0.4351851851851852,1.0039946546741167,0.9130165034141507,0.014988695482169037,324,203,0.23938679245283018,0.4433497536945813,-0.014987812515779669,-0.348085757278624,1.6407999999355525,0.11650460003875196
C57,icicibank_ns,TARGET_D,xgboost,4,25,3123,848,0.548190842138969,0.4688794136499178,0.4773867211921739,-0.06158143594428637,0.4287515762925599,0.4857142857142857,0.3837471783295711,0.4658018867924528,0.41273584905660377,0.4715743958950043,0.47504135966300964,0.14202211797237396,0.2959885001182556,0.371203288435936,0.47504135966300964,0.5573895126581192,0.6538085997104647,350,498,0.004267127221317763,0.017013964148965593,-0.012746836927647831,-0.013246836927647831,-0.013746836927647832,-0.014746836927647831,-0.017746836927647832,0.8168131203526641,4851.763420949303,0.4742857142857143,1.1596884626504482,0.9350071659449783,0.5894979756288967,350,222,0.2617924528301887,0.45495495495495497,-0.0151970892568648,-0.36390319352805245,0.680698600015603,0.00693229993339628
C57,icicibank_ns,TARGET_D,logistic_regression,4,25,3123,848,0.548190842138969,0.4966976005350723,0.5146414839813027,-0.008652519061083481,0.4375,0.5169230769230769,0.3792325056433409,0.49056603773584906,0.38325471698113206,0.46696303812714346,0.47747363981130464,0.08883211255753547,0.3541073192508984,0.4108995414064617,0.47747363981130464,0.5309877585041183,0.5677273512097567,325,523,0.013276589378724949,0.010806036568949278,0.002470552809775671,0.001970552809775671,0.001470552809775671,0.00047055280977567095,-0.002529447190224329,29.52963926379524,4851.763420949303,0.5076923076923077,1.708483804306355,0.6952334867778762,2.0109134750452684,325,145,0.17099056603773585,0.4827586206896552,-0.002064771902316064,1.8218735742104695,0.040454500005580485,0.0019135999027639627
C57,icicibank_ns,TARGET_D,random_forest,5,25,3971,848,0.5426844623520524,0.5661629213803648,0.6277610856906263,0.08646528729954252,0.5631284916201117,0.6237623762376238,0.5132382892057027,0.5389150943396226,0.47641509433962265,0.48448702830188684,0.49,0.07911138148706325,0.375,0.43,0.49,0.545,0.58,404,444,0.011387797567500968,0.011874260930467529,-0.0004864633629665608,-0.0009864633629665608,-0.0014864633629665608,-0.002486463362966561,-0.005486463362966561,14.866073691071293,2159.8115768702496,0.6089108910891089,1.4422674320640336,0.9879518903017961,1.406126722016457,404,196,0.23113207547169812,0.6683673469387755,0.005379280417883055,7.854948553121137,0.8927192999981344,0.09268839994911104
C57,icicibank_ns,TARGET_D,xgboost,5,25,3971,848,0.5426844623520524,0.58446433563242,0.6595858547820441,0.10933300550903989,0.60695468914647,0.62882096069869,0.5865580448065173,0.5601415094339622,0.5400943396226415,0.5169667601585388,0.5278950333595276,0.16924823820590973,0.2821823924779892,0.3854106217622757,0.5278950333595276,0.6552737653255463,0.7280488789081575,458,390,0.012928228501548154,0.010132598504330558,0.002795629997217596,0.002295629997217596,0.0017956299972175958,0.0007956299972175958,-0.0022043700027824043,43.78092305617797,2159.8115768702496,0.6179039301310044,1.5044082366604803,0.992387744170878,1.6936292804342226,458,395,0.4658018867924528,0.6506329113924051,0.0066649818205843404,62.688985579635776,1.1694047999335453,0.011536400066688657
C57,icicibank_ns,TARGET_D,logistic_regression,5,25,3971,848,0.5426844623520524,0.5352536126466879,0.5925220478714593,-0.006995727329889416,0.03929273084479371,0.5555555555555556,0.020366598778004074,0.4233490566037736,0.02122641509433962,0.2839391531096953,0.28577680973086617,0.10046905044451968,0.14630639623163894,0.21661852075074176,0.28577680973086617,0.3559403828104656,0.409019352404277,18,830,0.028783638328112853,0.011270766964448122,0.01751287136366473,0.01701287136366473,0.01651287136366473,0.01551287136366473,0.012512871363664729,0.5934152922813796,2159.8115768702496,0.5,7.747942302501809,0.041783746202601224,0.9933629254977232,18,0,0.0,0.0,0.0,0.0,0.1319562999997288,0.010487199993804097
C8,icicibank_ns,TARGET_D,random_forest,1,41,585,846,0.6376068376068376,0.5815202733075608,0.604390105022593,0.12409795150858018,0.582392776523702,0.5972222222222222,0.5682819383259912,0.5626477541371159,0.5106382978723404,0.5175531914893617,0.5,0.14825456154656835,0.34,0.405,0.5,0.62,0.7,432,414,0.013031590870869773,-0.009677847485504983,0.022709438356374755,0.022209438356374754,0.021709438356374754,0.020709438356374753,0.017709438356374754,11.224648922041084,-0.9601031539314613,0.5949074074074074,1.3435143990590392,0.9985525173178244,1.2298351881990313,432,351,0.4148936170212766,0.5754985754985755,0.014295731476191117,1.73883343531427,1.1348594999872148,0.22346100001595914
C8,icicibank_ns,TARGET_D,xgboost,1,41,585,846,0.6376068376068376,0.564129506428122,0.5813079723969423,0.08704125961289154,0.585945945945946,0.5753715498938429,0.5969162995594713,0.5472813238770685,0.5567375886524822,0.533989667892456,0.5356786251068115,0.24555709958076477,0.18972090631723404,0.3400585502386093,0.5356785953044891,0.7270523011684418,0.8859593868255615,471,375,0.005443689215965024,-0.002509224596007594,0.007952913811972618,0.007452913811972618,0.006952913811972618,0.005952913811972618,0.002952913811972618,-0.4766207364367189,-0.9601031539314613,0.5753715498938429,1.1214707641836144,0.9996622249994214,0.49602901883175565,471,403,0.47635933806146574,0.5905707196029777,0.010747693039048281,0.5374532258583757,0.5494224999565631,0.006986799999140203
C8,icicibank_ns,TARGET_D,logistic_regression,1,41,585,846,0.6376068376068376,0.6166052324013306,0.6464761722731738,0.1820721723876873,0.5466155810983397,0.6504559270516718,0.4713656387665198,0.5803782505910166,0.3888888888888889,0.41056637937061397,0.3584554265191503,0.3228703141549566,0.01859333787285915,0.10424591545609647,0.3584554265191503,0.6995384917142403,0.907539354605567,329,517,0.035600182827845744,-0.019515361224651005,0.055115544052496745,0.054615544052496745,0.054115544052496745,0.053115544052496744,0.05011554405249675,14405.694032355243,-0.9601031539314613,0.6504559270516718,2.5744493773222166,0.9749306646934933,3.2437162798712507,329,296,0.34988179669030733,0.6655405405405406,0.054151781184424305,8122.788620611966,0.031883199932053685,0.0017864999826997519
C8,icicibank_ns,TARGET_D,random_forest,2,41,1431,846,0.5779175401816912,0.4519543102914436,0.5637200592177551,-0.13973341160597397,0.5128733264675592,0.486328125,0.5424836601307189,0.44089834515366433,0.6052009456264775,0.5422044917257683,0.56,0.17614775129746338,0.29,0.4,0.56,0.6787500000000001,0.76,512,334,0.0012161381286140138,0.032149721112664086,-0.03093358298405007,-0.03143358298405007,-0.03193358298405007,-0.032933582984050074,-0.03593358298405007,-0.5341423516811298,7457.084175974625,0.482421875,1.0095726990445948,0.9918038909257577,0.045522950802443125,512,440,0.5200945626477541,0.4818181818181818,-0.02619221264664241,-0.519700578681913,0.577152399928309,0.09047609998378903
C8,icicibank_ns,TARGET_D,xgboost,2,41,1431,846,0.5779175401816912,0.4843413104547015,0.5852718191582528,-0.10550794462012636,0.5152471083070452,0.49796747967479676,0.5337690631808278,0.45508274231678486,0.5815602836879432,0.532089114189148,0.5981287360191345,0.2783493995666504,0.11182669177651405,0.28194380551576614,0.5981287360191345,0.7822683900594711,0.856354147195816,492,354,0.003738213798792673,0.026896803345972272,-0.0231585895471796,-0.0236585895471796,-0.0241585895471796,-0.025158589547179602,-0.0281585895471796,0.6384329403047371,7457.084175974625,0.49390243902439024,1.1283377937137917,0.974676251460994,0.5570658024394314,492,452,0.5342789598108747,0.5110619469026548,-0.019184536584275304,1.185258065238977,0.9355201000580564,0.016124599962495267
C8,icicibank_ns,TARGET_D,logistic_regression,2,41,1431,846,0.5779175401816912,0.5237427730207789,0.5831016431041844,-0.03686537591074926,0.5481171548117155,0.5271629778672032,0.5708061002178649,0.48936170212765956,0.5874704491725768,0.4771908250572797,0.5840237562472426,0.29392259433587037,0.033336969699522934,0.11522949040581089,0.5840237562472426,0.7279520711445477,0.7949143449627782,497,349,0.004055641182400166,0.02677654987343065,-0.022720908691030484,-0.023220908691030485,-0.023720908691030485,-0.024720908691030483,-0.027720908691030485,0.6746955775324164,7457.084175974625,0.5231388329979879,1.1331595398500547,0.996472075983755,0.5876811298952522,497,461,0.5449172576832151,0.5531453362255966,-0.016961342815750804,2.343851216518746,0.12313990003895015,0.003718899912200868
C8,icicibank_ns,TARGET_D,random_forest,3,41,2277,846,0.56477821695213,0.5665492957746479,0.5627616710175886,0.1118161906322205,0.49056603773584906,0.5759493670886076,0.4272300469483568,0.5531914893617021,0.3735224586288416,0.4659515366430261,0.46,0.10354079501753555,0.33,0.395,0.46,0.54,0.6,316,530,0.013370737235966452,-0.0039207933074481985,0.01729153054341465,0.01679153054341465,0.01629153054341465,0.01529153054341465,0.012291530543414649,21.67297858496603,0.6119190312049609,0.569620253164557,1.598473871490984,0.9689687074563105,1.667493093137712,316,191,0.22576832151300236,0.581151832460733,0.022668133385279298,20.434050704022198,1.6427282000659034,0.14750989992171526
C8,icicibank_ns,TARGET_D,xgboost,3,41,2277,846,0.56477821695213,0.5831544824502571,0.5604857418088863,0.07395847200184072,0.4558011049723757,0.5536912751677853,0.3873239436619718,0.5342789598108747,0.35224586288416077,0.43203532695770264,0.4128216505050659,0.19052499532699585,0.1973852515220642,0.2772161364555359,0.4128216654062271,0.5649566203355789,0.7076449394226074,298,548,0.014929975855188406,-0.004200730458445787,0.019130706313634192,0.018630706313634192,0.01813070631363419,0.01713070631363419,0.014130706313634191,28.61240587681395,0.6119190312049609,0.540268456375839,1.6667538454864268,0.9707318488413673,1.7978134210522059,298,230,0.2718676122931442,0.5826086956521739,0.023238469654216724,35.70304824967321,1.068926600040868,0.013966399943456054
C8,icicibank_ns,TARGET_D,logistic_regression,3,41,2277,846,0.56477821695213,0.5581433042700649,0.5911047538513032,0.07419264047162312,0.5172413793103449,0.5440414507772021,0.49295774647887325,0.5366430260047281,0.4562647754137116,0.48761025865167623,0.48634793572739793,0.10431615903274942,0.3491565182576487,0.4189806234119229,0.48634793572739793,0.5628184624580432,0.6248854054524545,386,460,0.005761244744553791,-0.0001667564299563259,0.005928001174510117,0.005428001174510116,0.004928001174510117,0.003928001174510117,0.0009280011745101168,2.015003030044856,0.6119190312049609,0.5362694300518135,1.223421770567322,0.9329035728537903,0.8197973546187551,386,249,0.29432624113475175,0.606425702811245,0.01636794126469394,15.210051307868568,0.16349279996939003,0.005150199984200299
C8,icicibank_ns,TARGET_D,random_forest,4,41,3123,848,0.548190842138969,0.4318535239528467,0.47024381521849384,-0.09414092260851172,0.398970398970399,0.46407185628742514,0.34988713318284426,0.4492924528301887,0.3938679245283019,0.4733195754716981,0.47,0.10176467950207183,0.345,0.4,0.47,0.545,0.605,334,514,0.004632532877594016,0.016379732864843732,-0.011747199987249716,-0.012247199987249716,-0.012747199987249717,-0.013747199987249716,-0.016747199987249717,0.9727421690636577,4851.763420949303,0.4491017964071856,1.1806223211359108,0.8713133684198796,0.6295745623832685,334,201,0.23702830188679244,0.43781094527363185,-0.01241025485760096,-0.09574773088169897,1.7311491000000387,0.24385400000028312
C8,icicibank_ns,TARGET_D,xgboost,4,41,3123,848,0.548190842138969,0.46229690939999446,0.48408737615918496,-0.0671750917740692,0.3765347885402456,0.47586206896551725,0.3115124153498871,0.46108490566037735,0.3419811320754717,0.447537362575531,0.43120282888412476,0.15060432255268097,0.2645840644836426,0.3353610783815384,0.43120282888412476,0.5489070266485214,0.6603308737277985,290,558,0.005072545412821979,0.015224750007038903,-0.010152204594216924,-0.010652204594216924,-0.011152204594216925,-0.012152204594216924,-0.015152204594216925,1.0281075107581774,4851.763420949303,0.46206896551724136,1.202300072194949,0.9073566752431235,0.651412708153104,290,210,0.24764150943396226,0.4666666666666667,-0.009185879689059897,0.5738625802819484,1.7802910000318661,0.01633289991877973
C8,icicibank_ns,TARGET_D,logistic_regression,4,41,3123,848,0.548190842138969,0.48085165677340236,0.5213279884791773,-0.06849235065645862,0.39470198675496687,0.4775641025641026,0.3363431151241535,0.46108490566037735,0.36792452830188677,0.4547628909198651,0.46397636968052225,0.10905441279556555,0.31630254592176266,0.39180748704201895,0.46397636968052225,0.5310067446607952,0.5797948981240363,312,536,0.010657737175745108,0.01239036319927912,-0.0017326260235340125,-0.0022326260235340126,-0.0027326260235340126,-0.0037326260235340126,-0.006732626023534013,10.462461035368113,4851.763420949303,0.46794871794871795,1.5121493684499703,0.5658157572596048,1.5053298932784638,312,143,0.16863207547169812,0.4965034965034965,0.004886328624618703,5.4724758223188,0.26920660003088415,0.00955479999538511
C8,icicibank_ns,TARGET_D,random_forest,5,41,3971,848,0.5426844623520524,0.5211424692076423,0.5833987881828995,0.01764972828468505,0.4398976982097187,0.5910652920962199,0.35030549898167007,0.4834905660377358,0.3431603773584906,0.4630424528301887,0.465,0.08422650610011483,0.3485,0.405,0.465,0.515,0.575,291,557,0.015183690198434989,0.009792438460778081,0.0053912517376569075,0.004891251737656907,0.0043912517376569074,0.0033912517376569074,0.00039125173765690736,28.5085603336,2159.8115768702496,0.5738831615120275,1.7495312424833622,0.7217745530410208,1.8733516777175485,291,141,0.16627358490566038,0.5319148936170213,-0.0018283182930683602,1.6946050569998174,1.7616189999971539,0.16024909995030612
C8,icicibank_ns,TARGET_D,xgboost,5,41,3971,848,0.5426844623520524,0.5663340692692556,0.6218461206212398,0.08974595217233014,0.5912486659551761,0.6210762331838565,0.5641547861507128,0.5483490566037735,0.5259433962264151,0.5052613019943237,0.5107029676437378,0.16857394576072693,0.2769998997449875,0.369326688349247,0.5107029676437378,0.6372289657592773,0.723627233505249,446,402,0.01651369715906038,0.006238142132977718,0.010275555026082663,0.009775555026082662,0.009275555026082662,0.008275555026082662,0.005275555026082662,219.58691670760257,2159.8115768702496,0.6121076233183856,1.7058095889195373,0.9853289907995441,2.2173421088300302,446,351,0.41391509433962265,0.6381766381766382,0.01431780593125661,298.12065961641144,1.0981978999916464,0.01465889997780323
C8,icicibank_ns,TARGET_D,logistic_regression,5,41,3971,848,0.5426844623520524,0.5246709681836075,0.58514023023785,-0.0221920936664788,0.03155818540433925,0.5,0.016293279022403257,0.4209905660377358,0.018867924528301886,0.26659813957542855,0.2634573220069053,0.10432183886514843,0.12851444766875436,0.19649173986498825,0.2634573220069053,0.3354016984798975,0.3995169434999824,16,832,0.03846484895502948,0.011126688085477766,0.027338160869551716,0.026838160869551715,0.026338160869551715,0.025338160869551714,0.022338160869551715,0.7386731567717291,2159.8115768702496,0.4375,6.579213901236882,0.07702360802810293,1.0251905068688967,16,4,0.0047169811320754715,0.75,0.06606509504133401,0.3241106829963587,0.1663216999731958,0.004872000077739358
