asset,model,fold,target_name,train_samples,validation_samples,base_positive_rate,roc_auc,pr_auc,mcc,f1,precision,recall,accuracy,ppr,mean_realized_ret_buy,mean_realized_ret_sell,training_time,prediction_time
reliance_ns,logistic_regression,1,TARGET_A,883,926,0.4813137032842582,0.4933581684860774,0.5610721466157638,0.01864732935055233,0.015473887814313346,0.6666666666666666,0.007827788649706457,0.4503239740820734,0.0064794816414686825,0.024783908288566126,0.014197396692407877,0.10919230000581592,0.003564199898391962
reliance_ns,random_forest,1,TARGET_A,883,926,0.4813137032842582,0.5130384551906255,0.5719337981182006,0.0514991785110227,0.311046511627907,0.6045197740112994,0.20939334637964774,0.48812095032397407,0.19114470842332612,0.01489117220012301,0.014118252239419054,0.8553544000023976,0.1792650999268517
reliance_ns,xgboost,1,TARGET_A,883,926,0.4813137032842582,0.4905995803173555,0.5586488918275654,-0.0019233964280454916,0.25075528700906347,0.5496688741721855,0.162426614481409,0.46436285097192226,0.1630669546436285,0.017961962349898813,0.013545873666983123,0.3851881999289617,0.009285000036470592
reliance_ns,logistic_regression,1,TARGET_B,883,926,0.49377123442808607,0.4843245106346311,0.5631355622631794,-0.07729746008887559,0.06518010291595197,0.41304347826086957,0.035381750465549346,0.4114470842332613,0.04967602591792657,-0.015837603220986606,0.015839588812400034,0.024125399999320507,0.0028821000596508384
reliance_ns,random_forest,1,TARGET_B,883,926,0.49377123442808607,0.5311523124278937,0.6221027823082154,0.08710429946616995,0.3968871595330739,0.6538461538461539,0.2849162011173184,0.4978401727861771,0.2526997840172786,0.01359815567139627,0.01449182077982647,0.4838288000319153,0.12794939999002963
reliance_ns,xgboost,1,TARGET_B,883,926,0.49377123442808607,0.5356857338445999,0.6296738499893889,0.07679197450587684,0.34924965893587995,0.6530612244897959,0.2383612662942272,0.48488120950323976,0.21166306695464362,0.010702101686214341,0.015222871885272098,0.3681691000238061,0.008463699952699244
reliance_ns,logistic_regression,1,TARGET_C,883,926,0.4971687429218573,0.45929098608590446,0.5663943330691852,-0.048175904394194176,0.08925619834710743,0.5,0.04900181488203267,0.40496760259179265,0.058315334773218146,-0.007213115818528796,0.015596120024022017,0.0195409000152722,0.004509499995037913
reliance_ns,random_forest,1,TARGET_C,883,926,0.4971687429218573,0.5301101028433153,0.6221707642029625,0.03233346590634042,0.4541284403669725,0.616822429906542,0.35934664246823955,0.48596112311015116,0.3466522678185745,0.011644533652739722,0.01565688116399536,0.4275646999012679,0.1528203000780195
reliance_ns,xgboost,1,TARGET_C,883,926,0.4971687429218573,0.5076781609195402,0.6184367892172637,-0.0025239926043619113,0.41371158392434987,0.5932203389830508,0.3176043557168784,0.46436285097192226,0.3185745140388769,0.01062733882982709,0.01596710531211989,0.4375923000043258,0.01584890007507056
reliance_ns,logistic_regression,1,TARGET_D,883,926,0.5096262740656852,0.43832061834972896,0.5937476256836511,-0.08163362630747974,0.08978328173374613,0.48333333333333334,0.04948805460750853,0.3650107991360691,0.06479481641468683,-0.006448207867653932,0.015701155749198475,0.015769199933856726,0.004140199976973236
reliance_ns,random_forest,1,TARGET_D,883,926,0.5096262740656852,0.538606705480827,0.6399973842493664,0.039241941669519324,0.5180598555211559,0.6553524804177546,0.4283276450511945,0.4956803455723542,0.4136069114470842,0.010269409760511572,0.01708494377250592,0.5102477000327781,0.13999599998351187
reliance_ns,xgboost,1,TARGET_D,883,926,0.5096262740656852,0.5198002409154788,0.6404390482358588,0.014559197936472692,0.37681159420289856,0.6446280991735537,0.26621160409556316,0.4427645788336933,0.2613390928725702,0.01498898967821852,0.014010194304996728,0.40533129998948425,0.00973719998728484
reliance_ns,logistic_regression,1,TARGET_E,883,926,0.4971687429218573,0.45929098608590446,0.5663943330691852,-0.048175904394194176,0.08925619834710743,0.5,0.04900181488203267,0.40496760259179265,0.058315334773218146,-0.007213115818528796,0.015596120024022017,0.021089599933475256,0.0043898000149056315
reliance_ns,random_forest,1,TARGET_E,883,926,0.4971687429218573,0.5301101028433153,0.6221707642029625,0.03233346590634042,0.4541284403669725,0.616822429906542,0.35934664246823955,0.48596112311015116,0.3466522678185745,0.011644533652739722,0.01565688116399536,0.5085602999897674,0.17119999998249114
reliance_ns,xgboost,1,TARGET_E,883,926,0.4971687429218573,0.5076781609195402,0.6184367892172637,-0.0025239926043619113,0.41371158392434987,0.5932203389830508,0.3176043557168784,0.46436285097192226,0.3185745140388769,0.01062733882982709,0.01596710531211989,0.3609776000957936,0.00901709997560829
reliance_ns,logistic_regression,1,TARGET_F,883,926,0.304643261608154,0.5,0.23810373430995085,-0.026838498967333868,0.21582906483649925,0.22795685332659166,0.3262137399994532,0.3262137399994532,0.02159827213822894,-0.04623921113063745,0.02940256964182285,0.04223070002626628,0.00404040003195405
reliance_ns,random_forest,1,TARGET_F,883,926,0.304643261608154,0.5,0.4354567721538798,0.03186582695827057,0.3027770302303134,0.37367309633615875,0.3581255844694078,0.3581255844694078,0.05183585313174946,0.0023236272412260023,0.008578601564698847,0.6381698000477627,0.18802809994667768
reliance_ns,xgboost,1,TARGET_F,883,926,0.304643261608154,0.5,0.39414219295388836,0.029701750733203094,0.2986115244947993,0.3511780929866036,0.36541780967770215,0.36541780967770215,0.05075593952483801,-0.004640000825360323,0.006208643253755719,0.7159467999590561,0.011983599979430437
reliance_ns,logistic_regression,2,TARGET_A,1809,937,0.5174129353233831,0.5112122537495672,0.49551587074137554,0.0514916394511161,0.6617429837518464,0.5056433408577878,0.9572649572649573,0.5112059765208111,0.9455709711846318,0.002965587499271407,0.004835567128224226,0.018854600028134882,0.004127599997445941
reliance_ns,random_forest,2,TARGET_A,1809,937,0.5174129353233831,0.47204453920871825,0.49083380123421766,-0.01194484770706743,0.46258503401360546,0.4927536231884058,0.4358974358974359,0.49413020277481323,0.4418356456776948,0.004146467938353807,0.0022131677273717508,0.5650661999825388,0.19208189996425062
reliance_ns,xgboost,2,TARGET_A,1809,937,0.5174129353233831,0.49425947187141217,0.5005343990016966,0.007516913237962388,0.41064638783269963,0.5046728971962616,0.34615384615384615,0.503735325506937,0.3425827107790822,0.005309213186916926,0.0018991347644376128,0.5555677999509498,0.009710700018331409
reliance_ns,logistic_regression,2,TARGET_B,1809,937,0.5378662244333886,0.5245726106291463,0.5275350641585477,0.0013073538434245709,0.630659253375695,0.5050890585241731,0.8393234672304439,0.503735325506937,0.8388473852721452,0.002915956785087831,0.003855512680893162,0.023953299969434738,0.0030212999554350972
reliance_ns,random_forest,2,TARGET_B,1809,937,0.5378662244333886,0.5310176241160603,0.5323297759231117,0.0494432962761402,0.5500505561172901,0.5271317829457365,0.5750528541226215,0.5250800426894343,0.5506937033084311,0.005720683911324517,-0.00018467565403693328,0.5700000000651926,0.1552875000052154
reliance_ns,xgboost,2,TARGET_B,1809,937,0.5378662244333886,0.5447391922432019,0.54803457001731,0.07993359369564011,0.4826762246117085,0.554945054945055,0.427061310782241,0.5378868729989328,0.38847385272145146,0.010332219029314853,-0.0015476497011809847,0.3768951001111418,0.008382399915717542
reliance_ns,logistic_regression,2,TARGET_C,1809,937,0.5472636815920398,0.4882556178745555,0.5315710112914587,0.005316336629860015,0.6854256854256854,0.5385487528344671,0.9424603174603174,0.5346851654215582,0.9413020277481323,0.003470765035487347,-0.0034016420619261407,0.02592489996459335,0.0034914000425487757
reliance_ns,random_forest,2,TARGET_C,1809,937,0.5472636815920398,0.518457421459731,0.5517458871196528,-0.016825914650482103,0.36150845253576075,0.5245283018867924,0.2757936507936508,0.4759871931696905,0.28281750266808964,0.0006015036661690873,0.004039770798153415,0.5456256000325084,0.14083469996694475
reliance_ns,xgboost,2,TARGET_C,1809,937,0.5472636815920398,0.5328595256424355,0.5416901679594925,0.012470422029514762,0.3738562091503268,0.5478927203065134,0.2837301587301587,0.4887940234791889,0.27854855923159016,0.0035070691004364424,0.002897602681479277,0.5231766999932006,0.008673600037582219
reliance_ns,logistic_regression,2,TARGET_D,1809,937,0.5726920950801547,0.4864851258581236,0.5147845580221637,0.002185622746383895,0.6735598227474151,0.5339578454332553,0.912,0.528281750266809,0.9114194236926361,0.002583461683711261,0.008046363494029946,0.025378799997270107,0.004289399948902428
reliance_ns,random_forest,2,TARGET_D,1809,937,0.5726920950801547,0.5474897025171626,0.6216308860448239,0.07245472116826408,0.556237218813906,0.5690376569037657,0.544,0.5368196371398078,0.5101387406616862,0.004487209222294033,0.0015887547704517538,0.47275379998609424,0.14505980000831187
reliance_ns,xgboost,2,TARGET_D,1809,937,0.5726920950801547,0.5240228832951945,0.5683894228132863,0.03282970382116118,0.5251046025104602,0.5504385964912281,0.502,0.5154749199573105,0.48665955176093917,0.003216034579395357,0.0029264296875044045,0.38703690003603697,0.00993719999678433
reliance_ns,logistic_regression,2,TARGET_E,1809,937,0.5472636815920398,0.4882556178745555,0.5315710112914587,0.005316336629860015,0.6854256854256854,0.5385487528344671,0.9424603174603174,0.5346851654215582,0.9413020277481323,0.003470765035487347,-0.0034016420619261407,0.019413999980315566,0.0032968000741675496
reliance_ns,random_forest,2,TARGET_E,1809,937,0.5472636815920398,0.518457421459731,0.5517458871196528,-0.016825914650482103,0.36150845253576075,0.5245283018867924,0.2757936507936508,0.4759871931696905,0.28281750266808964,0.0006015036661690873,0.004039770798153415,0.4887172000017017,0.20357290003448725
reliance_ns,xgboost,2,TARGET_E,1809,937,0.5472636815920398,0.5328595256424355,0.5416901679594925,0.012470422029514762,0.3738562091503268,0.5478927203065134,0.2837301587301587,0.4887940234791889,0.27854855923159016,0.0035070691004364424,0.002897602681479277,0.5027922999579459,0.009719099965877831
reliance_ns,logistic_regression,2,TARGET_F,1809,937,0.33941404090657823,0.5,0.3520910663185285,0.011009075853052674,0.24139770506242209,0.28488777815577593,0.33637003036697033,0.33637003036697033,0.11312700106723586,-0.006242353632850971,0.031181438764308917,0.06437950010877103,0.0031000999733805656
reliance_ns,random_forest,2,TARGET_F,1809,937,0.33941404090657823,0.5,0.33196959924710656,0.005720648536933305,0.24862826973289484,0.3208312617148566,0.3340068754222896,0.3340068754222896,0.04375667022411953,0.008858623129224604,0.012565024603795166,0.5452970000915229,0.15465889999177307
reliance_ns,xgboost,2,TARGET_F,1809,937,0.33941404090657823,0.5,0.3282761035162316,-0.022148458776665044,0.24359760872987823,0.30676092470886657,0.322228777843334,0.322228777843334,0.03735325506937033,0.008664347110976646,0.012283410987019351,0.7074498999863863,0.011291999951936305
reliance_ns,logistic_regression,3,TARGET_A,2746,938,0.5112891478514202,0.5352626669396855,0.5186425919742969,0.03270754772952767,0.6081081081081081,0.49382716049382713,0.7912087912087912,0.5053304904051172,0.7771855010660981,0.0008461641326286576,-0.002115018637196911,0.022541700047440827,0.004167299950495362
reliance_ns,random_forest,3,TARGET_A,2746,938,0.5112891478514202,0.5277887743726253,0.5015971367718185,0.01306843783713242,0.5317220543806647,0.49070631970260226,0.5802197802197803,0.5042643923240938,0.5735607675906184,0.0007151959070639936,-0.000524901601220729,0.7042133000213653,0.13604749995283782
reliance_ns,xgboost,3,TARGET_A,2746,938,0.5112891478514202,0.5378563465519988,0.5127120952239621,0.06016329539147856,0.570877531340405,0.5085910652920962,0.6505494505494506,0.5255863539445629,0.6204690831556503,-5.236200512409612e-05,0.0005766557429616872,0.4162985999137163,0.008587100077420473
reliance_ns,logistic_regression,3,TARGET_B,2746,938,0.526584122359796,0.5268959114573852,0.49815823454616787,0.060682538166978064,0.630048465266559,0.49744897959183676,0.8590308370044053,0.511727078891258,0.835820895522388,0.0014047070683917424,-0.006016075221473954,0.02740700007416308,0.0032047999557107687
reliance_ns,random_forest,3,TARGET_B,2746,938,0.526584122359796,0.530231732624604,0.5261716573026518,0.014664183650299003,0.5265306122448979,0.49049429657794674,0.5682819383259912,0.5053304904051172,0.5607675906183369,0.0014152948998075441,-0.0013825979606471631,0.5621526999166235,0.1236482000676915
reliance_ns,xgboost,3,TARGET_B,2746,938,0.526584122359796,0.5416636327229039,0.5292761474352823,0.05109334689700087,0.5537848605577689,0.5054545454545455,0.6123348017621145,0.5223880597014925,0.5863539445628998,0.0024107569387117325,-0.0029667565947920508,0.36411870003212243,0.009539199993014336
reliance_ns,logistic_regression,3,TARGET_C,2746,938,0.5440640932265113,0.5107322285116733,0.5051602753321605,-0.03294839762664603,0.6619115549215406,0.4951974386339381,0.9978494623655914,0.4946695095948827,0.9989339019189766,0.00018071277175224393,0.005486890380284385,0.022614300018176436,0.005202900036238134
reliance_ns,random_forest,3,TARGET_C,2746,938,0.5440640932265113,0.5264270613107822,0.521539545687804,-0.01961829909395903,0.5852813852813853,0.48985507246376814,0.7268817204301076,0.48933901918976547,0.7356076759061834,0.000136507521457903,0.00032509906333138525,0.5773755999980494,0.18003530008718371
reliance_ns,xgboost,3,TARGET_C,2746,938,0.5440640932265113,0.5200481938666485,0.5232865985819034,0.010152712870335904,0.6032285471537808,0.49859550561797755,0.7634408602150538,0.502132196162047,0.7590618336886994,0.00121563955977307,-0.0030562858807357926,0.45326270000077784,0.010023899958468974
reliance_ns,logistic_regression,3,TARGET_D,2746,938,0.5593590677348871,0.522899147229292,0.48962163605778475,-0.001775402499720153,0.6488824801730353,0.4807692307692308,0.9977827050997783,0.48081023454157784,0.997867803837953,0.0002499876718023459,-0.029586851647429493,0.02675930003169924,0.0030984999611973763
reliance_ns,random_forest,3,TARGET_D,2746,938,0.5593590677348871,0.5445758228349504,0.5335200088378277,0.06132454123075309,0.6071118820468343,0.4985754985754986,0.7760532150776053,0.5170575692963753,0.7484008528784648,0.000934284199743437,-0.0020383591131684577,0.6694048999343067,0.15154310001526028
reliance_ns,xgboost,3,TARGET_D,2746,938,0.5593590677348871,0.5901100452109618,0.5898528416840094,0.09487117705971387,0.6151142355008787,0.5094614264919942,0.7760532150776053,0.5330490405117271,0.732409381663113,0.0013710149116908743,-0.003056065684539817,0.40242930001113564,0.014010300044901669
reliance_ns,logistic_regression,3,TARGET_E,2746,938,0.5440640932265113,0.5107322285116733,0.5051602753321605,-0.03294839762664603,0.6619115549215406,0.4951974386339381,0.9978494623655914,0.4946695095948827,0.9989339019189766,0.00018071277175224393,0.005486890380284385,0.024977399967610836,0.002987600048072636
reliance_ns,random_forest,3,TARGET_E,2746,938,0.5440640932265113,0.5264270613107822,0.521539545687804,-0.01961829909395903,0.5852813852813853,0.48985507246376814,0.7268817204301076,0.48933901918976547,0.7356076759061834,0.000136507521457903,0.00032509906333138525,0.562300999998115,0.14324290002696216
reliance_ns,xgboost,3,TARGET_E,2746,938,0.5440640932265113,0.5200481938666485,0.5232865985819034,0.010152712870335904,0.6032285471537808,0.49859550561797755,0.7634408602150538,0.502132196162047,0.7590618336886994,0.00121563955977307,-0.0030562858807357926,0.3706468000309542,0.010504800011403859
reliance_ns,logistic_regression,3,TARGET_F,2746,938,0.331755280407866,0.5,0.3606633713927636,-0.04013245615701254,0.22592301657544014,0.3133320433436533,0.3217907441390768,0.3217907441390768,0.03411513859275053,0.012066717566935805,0.009133877304355565,0.06781969999428838,0.003341499948874116
reliance_ns,random_forest,3,TARGET_F,2746,938,0.331755280407866,0.5,0.3884332294957905,0.029970385542080962,0.336659067897436,0.35874266203264465,0.35156427017616254,0.35156427017616254,0.2622601279317697,0.0009089510032098479,-0.0005717695844698244,0.6338915000669658,0.15483569994103163
reliance_ns,xgboost,3,TARGET_F,2746,938,0.331755280407866,0.5,0.4151455101808298,0.04790156510889742,0.3410079476357122,0.3750318038650126,0.3625877283470695,0.3625877283470695,0.2857142857142857,0.001782646555298197,-0.007234213525316534,0.710325000109151,0.010525799938477576
reliance_ns,logistic_regression,4,TARGET_A,3684,940,0.504614549402823,0.5259589473732045,0.5388993666560582,0.05992484699746532,0.6224934612031386,0.5509259259259259,0.7154308617234469,0.5393617021276595,0.6893617021276596,0.006609118131184609,0.0033741838594089865,0.021196900052018464,0.002883699955418706
reliance_ns,random_forest,4,TARGET_A,3684,940,0.504614549402823,0.5270404755088408,0.5441816792748717,0.05734368167320502,0.5173160173160173,0.5623529411764706,0.4789579158316633,0.5255319148936171,0.4521276595744681,0.006152670462036014,0.005151621921533485,0.6414022999815643,0.11939710006117821
reliance_ns,xgboost,4,TARGET_A,3684,940,0.504614549402823,0.4937948459276831,0.5251159563125729,-0.0057792848693012525,0.4694104560622914,0.5275,0.4228456913827655,0.4925531914893617,0.425531914893617,0.005368414702642131,0.005778896953515181,0.4426760000642389,0.010924499947577715
reliance_ns,logistic_regression,4,TARGET_B,3684,940,0.5157437567861021,0.4860720488287393,0.527091070500803,0.007266107266054077,0.6096718480138169,0.5439137134052389,0.693516699410609,0.5191489361702127,0.6904255319148936,0.006946178130112981,0.002611342369456102,0.02895800000987947,0.002925700042396784
reliance_ns,random_forest,4,TARGET_B,3684,940,0.5157437567861021,0.5383992998418261,0.5619779096506615,0.07932817799074803,0.5039370078740157,0.5894736842105263,0.4400785854616896,0.5308510638297872,0.40425531914893614,0.00805603786843086,0.003940492582055935,0.7016072999686003,0.1562880000565201
reliance_ns,xgboost,4,TARGET_B,3684,940,0.5157437567861021,0.5352517788849434,0.5652461454076559,0.06908246929858448,0.4966139954853273,0.583554376657825,0.43222003929273084,0.5255319148936171,0.40106382978723404,0.00829669858947051,0.003801269747290707,0.3940087999217212,0.008379600010812283
reliance_ns,logistic_regression,4,TARGET_C,3684,940,0.5317589576547231,0.5061044154503908,0.5676338219650358,0.011327863967198492,0.7081272084805653,0.5673839184597962,0.9417293233082706,0.5606382978723404,0.9393617021276596,0.006158999904291016,-0.0029899417462090658,0.025735999923199415,0.0022862000623717904
reliance_ns,random_forest,4,TARGET_C,3684,940,0.5317589576547231,0.5206421384343211,0.5863920952251037,0.03651985886606012,0.5203761755485894,0.5858823529411765,0.4680451127819549,0.5117021276595745,0.4521276595744681,0.007816354447839277,0.0037786788264531235,0.5304285000311211,0.12880710000172257
reliance_ns,xgboost,4,TARGET_C,3684,940,0.5317589576547231,0.5062242002063984,0.5733098078996346,0.02368575672379532,0.49406688241639696,0.579746835443038,0.43045112781954886,0.5010638297872341,0.42021276595744683,0.007647481740289705,0.00412333018080847,0.40257849998306483,0.013400300056673586
reliance_ns,logistic_regression,4,TARGET_D,3684,940,0.5393593919652552,0.5759587328536769,0.6321797618495478,0.12871606380243908,0.7214814814814815,0.6034696406443618,0.8968692449355433,0.6,0.8585106382978723,0.006239627829215507,0.001748801336677716,0.023102200007997453,0.002643299987539649
reliance_ns,random_forest,4,TARGET_D,3684,940,0.5393593919652552,0.5091153262730144,0.590646009501159,0.09231985231850764,0.49150622876557193,0.638235294117647,0.3996316758747698,0.5223404255319148,0.3617021276595745,0.010693554708534078,0.002720269391755773,0.5466404999606311,0.1282140000257641
reliance_ns,xgboost,4,TARGET_D,3684,940,0.5393593919652552,0.5335504311804464,0.6054670668146537,0.07755250218934463,0.4910313901345291,0.6275071633237822,0.40331491712707185,0.5170212765957447,0.37127659574468086,0.008887333643716652,0.0036654666570185086,0.44366180000361055,0.009681000025011599
reliance_ns,logistic_regression,4,TARGET_E,3684,940,0.5317589576547231,0.5061044154503908,0.5676338219650358,0.011327863967198492,0.7081272084805653,0.5673839184597962,0.9417293233082706,0.5606382978723404,0.9393617021276596,0.006158999904291016,-0.0029899417462090658,0.021442700061015785,0.002504899981431663
reliance_ns,random_forest,4,TARGET_E,3684,940,0.5317589576547231,0.5206421384343211,0.5863920952251037,0.03651985886606012,0.5203761755485894,0.5858823529411765,0.4680451127819549,0.5117021276595745,0.4521276595744681,0.007816354447839277,0.0037786788264531235,0.5244697000598535,0.1448962000431493
reliance_ns,xgboost,4,TARGET_E,3684,940,0.5317589576547231,0.5062242002063984,0.5733098078996346,0.02368575672379532,0.49406688241639696,0.579746835443038,0.43045112781954886,0.5010638297872341,0.42021276595744683,0.007647481740289705,0.00412333018080847,0.43587269994895905,0.007684800075367093
reliance_ns,logistic_regression,4,TARGET_F,3684,940,0.31840390879478825,0.5,0.3895131706624382,2.175411778544248e-05,0.21979238994584085,0.32351101632220985,0.3324623756598678,0.3324623756598678,0.03297872340425532,0.006077533692766017,0.00961038609486731,0.04458039999008179,0.0026848999550566077
reliance_ns,random_forest,4,TARGET_F,3684,940,0.31840390879478825,0.5,0.43906630111595935,-0.027196314184195144,0.2926269947546543,0.3320338358114249,0.313619671864186,0.313619671864186,0.12127659574468085,0.014052045248210127,0.006608329729907562,0.4946619999827817,0.11488560005091131
reliance_ns,xgboost,4,TARGET_F,3684,940,0.31840390879478825,0.5,0.4268458404278391,-0.023282669115716473,0.29217542741613356,0.33108395892272396,0.31699254072294825,0.31699254072294825,0.1127659574468085,0.014163130890651425,0.006814865440275968,0.7238412000006065,0.014444399974308908
reliance_ns,logistic_regression,5,TARGET_A,4624,940,0.5099480968858131,0.5344443236189649,0.5418758632357797,0.03725707639369522,0.6177474402730375,0.5261627906976745,0.7479338842975206,0.5234042553191489,0.7319148936170212,0.005209394638508627,0.006412292580910268,0.018484200001694262,0.0025391000090166926
reliance_ns,random_forest,5,TARGET_A,4624,940,0.5099480968858131,0.5184409888357256,0.5335197678781136,0.0396035378383913,0.5919854280510018,0.5293159609120521,0.6714876033057852,0.5234042553191489,0.6531914893617021,0.006238211730843039,0.0042015314078088836,0.6508464999496937,0.12892469996586442
reliance_ns,xgboost,5,TARGET_A,4624,940,0.5099480968858131,0.5178383717558359,0.5342177829293593,0.028798968975809,0.6042031523642732,0.5243161094224924,0.7128099173553719,0.5191489361702127,0.7,0.005546779809068406,0.005497092650057844,0.44343350001145154,0.009516900056041777
reliance_ns,logistic_regression,5,TARGET_B,4624,940,0.5209775086505191,0.5029534367263725,0.5340301308340006,0.005379343447507783,0.5078698845750262,0.5389755011135857,0.4801587301587302,0.5010638297872341,0.4776595744680851,0.004580927165740849,0.006401476464899557,0.02617860003374517,0.003323200042359531
reliance_ns,random_forest,5,TARGET_B,4624,940,0.5209775086505191,0.4929144823066842,0.5259981911594813,-0.0042950088923063056,0.5719557195571956,0.5344827586206896,0.6150793650793651,0.5063829787234042,0.6170212765957447,0.00621641883953533,0.004428995318757866,0.7240953000728041,0.14140139997471124
reliance_ns,xgboost,5,TARGET_B,4624,940,0.5209775086505191,0.503631498470948,0.5403626791365278,-0.011628511711844617,0.5829596412556054,0.5319148936170213,0.6448412698412699,0.5053191489361702,0.65,0.0056370713519302675,0.005336506521744468,0.38628560001961887,0.00813390000257641
reliance_ns,logistic_regression,5,TARGET_C,4624,940,0.5387110726643599,0.5048535691238861,0.545521181195814,0.01870403378645166,0.6339434276206323,0.5578330893118595,0.7341040462427746,0.5319148936170213,0.7265957446808511,0.004366203410443772,0.008629744406032012,0.019435200025327504,0.002762199961580336
reliance_ns,random_forest,5,TARGET_C,4624,940,0.5387110726643599,0.5313754296358335,0.5838052656761095,0.03267145939783,0.5441767068273092,0.5681341719077568,0.5221579961464354,0.5170212765957447,0.5074468085106383,0.00754604275535091,0.0034568009662655293,0.5422240999760106,0.10363330005202442
reliance_ns,xgboost,5,TARGET_C,4624,940,0.5387110726643599,0.5125744282582528,0.5768768818759347,0.009160947768603999,0.6059544658493871,0.5553772070626003,0.6666666666666666,0.5212765957446809,0.6627659574468086,0.006360290930598053,0.003903785463472353,0.43689379992429167,0.008740500081330538
reliance_ns,logistic_regression,5,TARGET_D,4624,940,0.5471453287197232,0.5262881468376825,0.5910718150938631,0.03193676649944094,0.41605839416058393,0.5896551724137931,0.32142857142857145,0.48936170212765956,0.30851063829787234,0.005990021103380909,0.005327469418004399,0.02302279998548329,0.0027894999366253614
reliance_ns,random_forest,5,TARGET_D,4624,940,0.5471453287197232,0.5295845311808934,0.6008289303296456,0.008326509981374679,0.4707182320441989,0.5710455764075067,0.40037593984962405,0.49042553191489363,0.39680851063829786,0.006080292588075386,0.005171097189296657,0.6289817999349907,0.10161110002081841
reliance_ns,xgboost,5,TARGET_D,4624,940,0.5471453287197232,0.5533088235294117,0.6249225599512348,0.07299516680655868,0.4960893854748603,0.6115702479338843,0.41729323308270677,0.5202127659574468,0.3861702127659574,0.008023773315979005,0.003964179424580493,0.3996751999948174,0.007585100014694035
reliance_ns,logistic_regression,5,TARGET_E,4624,940,0.5387110726643599,0.5048535691238861,0.545521181195814,0.01870403378645166,0.6339434276206323,0.5578330893118595,0.7341040462427746,0.5319148936170213,0.7265957446808511,0.004366203410443772,0.008629744406032012,0.020633599953725934,0.0028206000570207834
reliance_ns,random_forest,5,TARGET_E,4624,940,0.5387110726643599,0.5313754296358335,0.5838052656761095,0.03267145939783,0.5441767068273092,0.5681341719077568,0.5221579961464354,0.5170212765957447,0.5074468085106383,0.00754604275535091,0.0034568009662655293,0.5906055000377819,0.11149059992749244
reliance_ns,xgboost,5,TARGET_E,4624,940,0.5387110726643599,0.5125744282582528,0.5768768818759347,0.009160947768603999,0.6059544658493871,0.5553772070626003,0.6666666666666666,0.5212765957446809,0.6627659574468086,0.006360290930598053,0.003903785463472353,0.3562825999688357,0.00727609999012202
reliance_ns,logistic_regression,5,TARGET_F,4624,940,0.3289359861591695,0.5,0.36519492324266095,0.006744334896200704,0.3018578258272185,0.3411279990682507,0.3389189111179049,0.3389189111179049,0.0851063829787234,0.002445142461492619,0.0006295370530887307,0.04843359999358654,0.0029646001057699323
reliance_ns,random_forest,5,TARGET_F,4624,940,0.3289359861591695,0.5,0.4616822165469729,0.07598359609522526,0.34854508546518653,0.39036598462333066,0.37453751728143514,0.37453751728143514,0.2734042553191489,0.005706547116815024,-0.00010958434769979921,0.6430542001035064,0.10148939990904182
reliance_ns,xgboost,5,TARGET_F,4624,940,0.3289359861591695,0.5,0.4768032199653179,0.09179456256063209,0.36985104734848595,0.4111804341940701,0.3865283444988929,0.3865283444988929,0.2691489361702128,0.0067184381564253,-0.004685015371049516,0.7525759999407455,0.01833810005337
tcs_ns,logistic_regression,1,TARGET_A,520,843,0.49615384615384617,0.5068326480031544,0.48603605113993287,0.037324924251658786,0.6314863676341249,0.4938101788170564,0.875609756097561,0.5029655990510083,0.8623962040332147,0.0018145657894890052,-0.008575168142108961,0.01706810004543513,0.0023623999441042542
tcs_ns,random_forest,1,TARGET_A,520,843,0.49615384615384617,0.5138568129330254,0.4966615799835103,0.04060554853785213,0.5252051582649473,0.5056433408577878,0.5463414634146342,0.5195729537366548,0.5255041518386714,0.003958582212445595,-0.003572955239098828,0.4224468000466004,0.13886309997178614
tcs_ns,xgboost,1,TARGET_A,520,843,0.49615384615384617,0.4949079028896525,0.4739347201508248,0.005024165009838287,0.5081967213114754,0.48873873873873874,0.5292682926829269,0.501779359430605,0.5266903914590747,0.002726653416549812,-0.0022209631390332054,0.4860096999909729,0.007268100045621395
tcs_ns,logistic_regression,1,TARGET_B,520,843,0.5403846153846154,0.4790716529846965,0.49704167476829175,-0.008077465372658172,0.6145552560646901,0.4892703862660944,0.8260869565217391,0.49110320284697506,0.8291814946619217,0.001030088027930178,-0.0027469562989536553,0.018959400011226535,0.003449499956332147
tcs_ns,random_forest,1,TARGET_B,520,843,0.5403846153846154,0.49610373523417006,0.4976973815090625,-0.0071953191788054005,0.4739454094292804,0.4872448979591837,0.4613526570048309,0.4970344009489917,0.465005931198102,0.004469123516792136,-0.003165025707557981,0.39006260002497584,0.11518309998791665
tcs_ns,xgboost,1,TARGET_B,520,843,0.5403846153846154,0.49657106178845306,0.48068677816087674,0.0012100140308411687,0.5269058295964125,0.4916317991631799,0.5676328502415459,0.49940688018979834,0.5670225385527876,0.001466567581936952,-0.0010316424101150562,0.3627587000373751,0.009331199922598898
tcs_ns,logistic_regression,1,TARGET_C,520,843,0.5884615384615385,0.5131088462188186,0.512755874311114,0.044428677295876344,0.6199052132701421,0.5232,0.7604651162790698,0.5243179122182681,0.741399762752076,0.002394850678152122,-0.005377577290693617,0.020997799932956696,0.004240100039169192
tcs_ns,random_forest,1,TARGET_C,520,843,0.5884615384615385,0.5064558815248607,0.521172485478205,0.011832282318165976,0.5542427497314716,0.5149700598802395,0.6,0.5077105575326216,0.594306049822064,0.0019909197249077556,-0.001967780578084553,0.6634997999062762,0.18082670005969703
tcs_ns,xgboost,1,TARGET_C,520,843,0.5884615384615385,0.4989132270961203,0.5082529849585998,0.009271196289823744,0.5812310797174571,0.5133689839572193,0.6697674418604651,0.5077105575326216,0.6654804270462633,0.0015114294271397885,-0.0018561776033743035,0.3087537999963388,0.008324800059199333
tcs_ns,logistic_regression,1,TARGET_D,520,843,0.6346153846153846,0.50787841191067,0.5099455487288527,0.04267834854099815,0.6836248012718601,0.5256723716381418,0.9772727272727273,0.527876631079478,0.970344009489917,0.00046769718520755035,-0.0023242589210363436,0.019079099991358817,0.004573200014419854
tcs_ns,random_forest,1,TARGET_D,520,843,0.6346153846153846,0.5224114595082338,0.537577424676761,-0.004849676519314767,0.6715210355987055,0.5213567839195979,0.9431818181818182,0.5183867141162515,0.9442467378410438,0.0013368783399572062,-0.01573798583259719,0.43117110000457615,0.12874359998386353
tcs_ns,xgboost,1,TARGET_D,520,843,0.6346153846153846,0.4814177757726144,0.5093127408358337,-0.03592091819901643,0.656172328086164,0.516297262059974,0.9,0.5077105575326216,0.9098457888493475,0.00018044263627239185,0.002448293716486099,0.33270730008371174,0.0076157000148668885
tcs_ns,logistic_regression,1,TARGET_E,520,843,0.5884615384615385,0.5131088462188186,0.512755874311114,0.044428677295876344,0.6199052132701421,0.5232,0.7604651162790698,0.5243179122182681,0.741399762752076,0.002394850678152122,-0.005377577290693617,0.016480699996463954,0.004161699907854199
tcs_ns,random_forest,1,TARGET_E,520,843,0.5884615384615385,0.5064558815248607,0.521172485478205,0.011832282318165976,0.5542427497314716,0.5149700598802395,0.6,0.5077105575326216,0.594306049822064,0.0019909197249077556,-0.001967780578084553,0.40261779993306845,0.13731860008556396
tcs_ns,xgboost,1,TARGET_E,520,843,0.5884615384615385,0.4989132270961203,0.5082529849585998,0.009271196289823744,0.5812310797174571,0.5133689839572193,0.6697674418604651,0.5077105575326216,0.6654804270462633,0.0015114294271397885,-0.0018561776033743035,0.33702610002364963,0.008506200043484569
tcs_ns,logistic_regression,1,TARGET_F,520,843,0.3230769230769231,0.5,0.4055331000727693,0.039887422515665884,0.3068338833107961,0.3969396309039725,0.35422244188669466,0.35422244188669466,0.14827995255041518,0.009206256457282656,-0.018244251572564416,0.03163350000977516,0.003575199982151389
tcs_ns,random_forest,1,TARGET_F,520,843,0.3230769230769231,0.5,0.40023061825519946,0.07475654166602488,0.29445703794043343,0.38391549434454575,0.359030291584666,0.359030291584666,0.08659549228944247,0.005896986719856303,0.018698379740471473,0.5355185000225902,0.1571736999321729
tcs_ns,xgboost,1,TARGET_F,520,843,0.3230769230769231,0.5,0.39375668492580645,0.0717431191811536,0.3171607815605634,0.39466858388725323,0.36330086641963044,0.36330086641963044,0.11150652431791222,0.005046880671454051,0.006679987803530778,0.532577499980107,0.010376499965786934
tcs_ns,logistic_regression,2,TARGET_A,1363,842,0.4900953778429934,0.5458485182360088,0.5502937527484217,0.04075025921113646,0.3630769230769231,0.5539906103286385,0.2700228832951945,0.5083135391923991,0.2529691211401425,0.015385175283834379,0.007269853820243853,0.019753200002014637,0.00289339991286397
tcs_ns,random_forest,2,TARGET_A,1363,842,0.4900953778429934,0.5254908608074131,0.5510050380668622,0.03020776713593208,0.4804045512010114,0.536723163841808,0.43478260869565216,0.5118764845605701,0.42042755344418054,0.014867139941475762,0.0053008460022698515,0.416010900051333,0.13711799995508045
tcs_ns,xgboost,2,TARGET_A,1363,842,0.4900953778429934,0.5169421137384524,0.5379751933871652,0.06255277069059459,0.46236559139784944,0.5602605863192183,0.39359267734553777,0.5249406175771971,0.3646080760095012,0.018355468549563273,0.004139535595652675,0.40922420006245375,0.012272799969650805
tcs_ns,logistic_regression,2,TARGET_B,1363,842,0.5099046221570066,0.5076819468541686,0.5422438189440546,-0.0171655087627422,0.4315245478036176,0.5422077922077922,0.3583690987124464,0.47743467933491684,0.3657957244655582,0.00877450680427104,0.00963901178403488,0.024635700043290854,0.004570299992337823
tcs_ns,random_forest,2,TARGET_B,1363,842,0.5099046221570066,0.5197413478221167,0.5999611361939097,0.05133089102400792,0.3369397217928903,0.6022099447513812,0.23390557939914164,0.49049881235154397,0.21496437054631828,0.018914707789025844,0.006696245504654203,0.4185857999837026,0.15409780002664775
tcs_ns,xgboost,2,TARGET_B,1363,842,0.5099046221570066,0.5136174778559035,0.5905105043908141,0.02824677476652843,0.37985611510791367,0.5764192139737991,0.2832618025751073,0.48812351543942994,0.27197149643705465,0.016561336748753788,0.006618652973777306,0.36085699999239296,0.008559999987483025
tcs_ns,logistic_regression,2,TARGET_C,1363,842,0.5399853264856933,0.5103606215213359,0.5731315579717471,-0.001642800302493763,0.49056603773584906,0.5810055865921788,0.42448979591836733,0.48693586698337293,0.4251781472684085,0.010866988679530412,0.008180575291566568,0.02314689999911934,0.0030687000835314393
tcs_ns,random_forest,2,TARGET_C,1363,842,0.5399853264856933,0.5396538729128015,0.648581484621513,0.1152113326481222,0.4343015214384509,0.6738197424892703,0.32040816326530613,0.5142517814726841,0.27672209026128264,0.018496546455169578,0.0058129475604853775,0.4254800999769941,0.17395610001403838
tcs_ns,xgboost,2,TARGET_C,1363,842,0.5399853264856933,0.5678745361781077,0.6487881746824806,0.08635605208299733,0.3742690058479532,0.6597938144329897,0.2612244897959184,0.4916864608076009,0.23040380047505937,0.018637029802736224,0.006534254022622343,0.4082084000110626,0.012996100005693734
tcs_ns,logistic_regression,2,TARGET_D,1363,842,0.5649303008070433,0.47966952080516756,0.588919783126334,0.03349586086416819,0.6549815498154982,0.6350626118067979,0.6761904761904762,0.5558194774346793,0.663895486935867,0.010661386031289336,0.00667867702084582,0.019584699999541044,0.002882600063458085
tcs_ns,random_forest,2,TARGET_D,1363,842,0.5649303008070433,0.5762745981673427,0.6972202141771362,0.11379520847405002,0.44152431011826543,0.711864406779661,0.32,0.49524940617577196,0.28028503562945367,0.02183785612613005,0.004448921357464378,0.4747402999782935,0.16714209993369877
tcs_ns,xgboost,2,TARGET_D,1363,842,0.5649303008070433,0.610797656602073,0.7079539409003985,0.15527534383865915,0.42090784044016505,0.7574257425742574,0.2914285714285714,0.5,0.23990498812351543,0.020330293241305836,0.005848533052572386,0.32058030006010085,0.007771099917590618
tcs_ns,logistic_regression,2,TARGET_E,1363,842,0.5399853264856933,0.5103606215213359,0.5731315579717471,-0.001642800302493763,0.49056603773584906,0.5810055865921788,0.42448979591836733,0.48693586698337293,0.4251781472684085,0.010866988679530412,0.008180575291566568,0.018605099990963936,0.00400329998228699
tcs_ns,random_forest,2,TARGET_E,1363,842,0.5399853264856933,0.5396538729128015,0.648581484621513,0.1152113326481222,0.4343015214384509,0.6738197424892703,0.32040816326530613,0.5142517814726841,0.27672209026128264,0.018496546455169578,0.0058129475604853775,0.42845699994359165,0.20649380004033446
tcs_ns,xgboost,2,TARGET_E,1363,842,0.5399853264856933,0.5678745361781077,0.6487881746824806,0.08635605208299733,0.3742690058479532,0.6597938144329897,0.2612244897959184,0.4916864608076009,0.23040380047505937,0.018637029802736224,0.006534254022622343,0.3411676000105217,0.008771699969656765
tcs_ns,logistic_regression,2,TARGET_F,1363,842,0.2978723404255319,0.5,0.3847944766738307,0.008227118465975215,0.2528246385780632,0.345148563217099,0.3363180106400807,0.3363180106400807,0.07838479809976247,0.010428929543885941,0.006033905909906478,0.034120399970561266,0.004087500041350722
tcs_ns,random_forest,2,TARGET_F,1363,842,0.2978723404255319,0.5,0.5584637886782828,0.04637636755601731,0.25183158534731725,0.4862387876761936,0.3481897768859013,0.3481897768859013,0.009501187648456057,0.033781948542685285,0.00823821902476982,0.43662379996385425,0.14983819995541126
tcs_ns,xgboost,2,TARGET_F,1363,842,0.2978723404255319,0.5,0.4032978167992476,-0.02308704071851459,0.248292918839811,0.35914943798368837,0.32665405656832125,0.32665405656832125,0.019002375296912115,0.021637593927324415,0.004135631117319485,0.6099389001028612,0.011095200083218515
tcs_ns,logistic_regression,3,TARGET_A,2205,842,0.5011337868480725,0.5135693948569621,0.530607019230751,-7.92268672958168e-05,0.5259593679458239,0.5177777777777778,0.5344036697247706,0.501187648456057,0.5344418052256532,0.004194031771909841,0.003889895125940693,0.022306200000457466,0.0044602000853046775
tcs_ns,random_forest,3,TARGET_A,2205,842,0.5011337868480725,0.5236052108283998,0.5438078087260727,0.034831452512963636,0.5148986889153755,0.5359801488833746,0.4954128440366973,0.5166270783847982,0.47862232779097386,0.005779381825848133,0.002467112325538457,0.5160982999950647,0.17775209993124008
tcs_ns,xgboost,3,TARGET_A,2205,842,0.5011337868480725,0.5238057576716229,0.546911674396982,0.006707469620770921,0.5150812064965197,0.5211267605633803,0.5091743119266054,0.503562945368171,0.505938242280285,0.005916216438872184,0.0021438581340592084,0.34995189995970577,0.00793850002810359
tcs_ns,logistic_regression,3,TARGET_B,2205,842,0.5265306122448979,0.5461145100904027,0.5831236523569052,0.08285045651883112,0.5662921348314607,0.5943396226415094,0.5407725321888412,0.5415676959619953,0.503562945368171,0.006697020097273043,0.001369896328910073,0.01882400002796203,0.004088500048965216
tcs_ns,random_forest,3,TARGET_B,2205,842,0.5265306122448979,0.5276030727787416,0.5946183143641655,0.001577338097173574,0.5570971184631803,0.554140127388535,0.5600858369098712,0.5071258907363421,0.5593824228028503,0.004738477118227046,0.0031814837305747766,0.5674524999922141,0.1582244000164792
tcs_ns,xgboost,3,TARGET_B,2205,842,0.5265306122448979,0.5443338507898823,0.5907506789000141,0.06597289004346872,0.5979166666666667,0.5809716599190283,0.6158798283261803,0.5415676959619953,0.5866983372921615,0.004989472276383826,0.0027222812706740518,0.4262853000545874,0.008644399931654334
tcs_ns,logistic_regression,3,TARGET_C,2205,842,0.5560090702947846,0.576676174851518,0.6094938430195431,0.10800269156636207,0.5391095066185319,0.6187845303867403,0.47761194029850745,0.5451306413301663,0.42992874109263657,0.006367892165714272,0.002306200464040862,0.021924400003626943,0.0040213000029325485
tcs_ns,random_forest,3,TARGET_C,2205,842,0.5560090702947846,0.5206988801682891,0.5814720316870674,0.031479007736091955,0.5680600214362272,0.5711206896551724,0.5650319829424307,0.5213776722090261,0.5510688836104513,0.006097863347772805,0.001541652363390475,0.4829271000344306,0.13423659990075976
tcs_ns,xgboost,3,TARGET_C,2205,842,0.5560090702947846,0.5106981370436214,0.5762907483258504,-0.011515013968211169,0.5636743215031316,0.5521472392638037,0.5756929637526652,0.503562945368171,0.5807600950118765,0.005124884953660651,0.0025668114571901495,0.47129189991392195,0.008892900077626109
tcs_ns,logistic_regression,3,TARGET_D,2205,842,0.5873015873015873,0.4688343173326488,0.5504891066897204,-0.0461216468413207,0.5928777670837344,0.5365853658536586,0.6623655913978495,0.497624703087886,0.6817102137767221,0.004707536877737721,0.0026493545481594367,0.015088399988599122,0.0049347999738529325
tcs_ns,random_forest,3,TARGET_D,2205,842,0.5873015873015873,0.5940874475913408,0.6496964877986073,0.1277414769370029,0.5543608124253285,0.6236559139784946,0.4989247311827957,0.5570071258907363,0.4418052256532066,0.006506736428609879,0.002109887734649587,0.4928227999480441,0.14147330005653203
tcs_ns,xgboost,3,TARGET_D,2205,842,0.5873015873015873,0.590142893813639,0.6507493110535896,0.1391229996372855,0.5052356020942408,0.6454849498327759,0.4150537634408602,0.5510688836104513,0.35510688836104515,0.007613413438013733,0.0020916069406299717,0.45392540004104376,0.01132829999551177
tcs_ns,logistic_regression,3,TARGET_E,2205,842,0.5560090702947846,0.576676174851518,0.6094938430195431,0.10800269156636207,0.5391095066185319,0.6187845303867403,0.47761194029850745,0.5451306413301663,0.42992874109263657,0.006367892165714272,0.002306200464040862,0.019434900023043156,0.003925899975001812
tcs_ns,random_forest,3,TARGET_E,2205,842,0.5560090702947846,0.5206988801682891,0.5814720316870674,0.031479007736091955,0.5680600214362272,0.5711206896551724,0.5650319829424307,0.5213776722090261,0.5510688836104513,0.006097863347772805,0.001541652363390475,0.4804048000369221,0.13903099996969104
tcs_ns,xgboost,3,TARGET_E,2205,842,0.5560090702947846,0.5106981370436214,0.5762907483258504,-0.011515013968211169,0.5636743215031316,0.5521472392638037,0.5756929637526652,0.503562945368171,0.5807600950118765,0.005124884953660651,0.0025668114571901495,0.37556090008001775,0.008825099910609424
tcs_ns,logistic_regression,3,TARGET_F,2205,842,0.31927437641723355,0.5,0.4162095327475375,0.04185852083258359,0.3034255707809075,0.3595058125031183,0.3517018650493548,0.3517018650493548,0.16152019002375298,0.0037346783163932787,0.004059904202040677,0.03103529999498278,0.0036874000215902925
tcs_ns,random_forest,3,TARGET_F,2205,842,0.31927437641723355,0.5,0.4478084823430727,0.09838377686063524,0.34134035958814396,0.4208344286715738,0.3835789318119062,0.3835789318119062,0.07600950118764846,0.016762169048577687,-0.001775500253734394,0.5057001000968739,0.18132219999097288
tcs_ns,xgboost,3,TARGET_F,2205,842,0.31927437641723355,0.5,0.44256179291808745,0.08304519024643849,0.3199583176154894,0.4086156802380974,0.37097797798541016,0.37097797798541016,0.07482185273159145,0.009153043443930984,5.21367728240985e-05,0.6790152000030503,0.014019199996255338
tcs_ns,logistic_regression,4,TARGET_A,3047,844,0.5057433541188053,0.5269267343000061,0.5461101855638122,0.05135842108019131,0.5807814149947201,0.5434782608695652,0.6235827664399093,0.5296208530805687,0.5995260663507109,0.0023589599720480916,0.007581911334603168,0.022488399990834296,0.0033419999526813626
tcs_ns,random_forest,4,TARGET_A,3047,844,0.5057433541188053,0.5275681819460621,0.5529903327157752,0.0431863129408646,0.5425652667423383,0.5431818181818182,0.5419501133786848,0.5225118483412322,0.5213270142180095,0.005737531963316254,0.0030490240423095396,0.5605963999405503,0.1540046000154689
tcs_ns,xgboost,4,TARGET_A,3047,844,0.5057433541188053,0.5228192186717532,0.5554778648282921,0.033315925160213936,0.5266821345707656,0.5391923990498813,0.5147392290249433,0.5165876777251185,0.49881516587677727,0.007009930789067208,0.0019034016897279214,0.44945329998154193,0.008144999970681965
tcs_ns,logistic_regression,4,TARGET_B,3047,844,0.5339678372169346,0.5028928894927536,0.5594273429211942,0.017497536399294727,0.6301115241635687,0.5503246753246753,0.7369565217391304,0.5284360189573459,0.7298578199052133,0.003525076604162679,0.00695119556485963,0.01656130002811551,0.002974900067783892
tcs_ns,random_forest,4,TARGET_B,3047,844,0.5339678372169346,0.5213485054347826,0.5660865845225937,0.018570243970891326,0.5714285714285714,0.5528455284552846,0.591304347826087,0.5165876777251185,0.5829383886255924,0.0053213122624388,0.0032336197267963523,0.5145103000104427,0.17137970007024705
tcs_ns,xgboost,4,TARGET_B,3047,844,0.5339678372169346,0.5348731884057971,0.592764147203449,0.05791026858681815,0.5735930735930735,0.5711206896551724,0.5760869565217391,0.533175355450237,0.5497630331753555,0.007038038747821172,0.0012912363104294255,0.4201257999520749,0.011913500027731061
tcs_ns,logistic_regression,4,TARGET_C,3047,844,0.5562848703642927,0.4940380568816888,0.5431929456944209,-0.02890283572485225,0.5431309904153354,0.5301455301455301,0.5567685589519651,0.49170616113744076,0.5699052132701422,0.0033351263582388573,0.005928716249695082,0.023697800002992153,0.003581699915230274
tcs_ns,random_forest,4,TARGET_C,3047,844,0.5562848703642927,0.5210845758761906,0.5757521568370243,0.015227868882511417,0.5093896713615024,0.550761421319797,0.4737991266375546,0.504739336492891,0.466824644549763,0.006051755416259206,0.003048729206546842,0.670748500037007,0.1404513999586925
tcs_ns,xgboost,4,TARGET_C,3047,844,0.5562848703642927,0.5292214403692558,0.5999418832234552,0.026523913697794402,0.5169590643274854,0.5566750629722922,0.48253275109170307,0.5106635071090048,0.4703791469194313,0.006351551261601465,0.0027623130337727604,0.36138060002122074,0.009377799928188324
tcs_ns,logistic_regression,4,TARGET_D,3047,844,0.5776173285198556,0.4751068889041315,0.5583839210436958,-0.042617551604068264,0.5894941634241245,0.5509090909090909,0.6338912133891214,0.5,0.6516587677725119,0.004035393982208009,0.0052273914514891166,0.016446500085294247,0.0035921999951824546
tcs_ns,random_forest,4,TARGET_D,3047,844,0.5776173285198556,0.5510894665843563,0.5973711416223537,0.08892555060619362,0.5326991676575505,0.6170798898071626,0.4686192468619247,0.5343601895734598,0.43009478672985785,0.007507304569285188,0.002143800869650067,0.5308498000958934,0.20775289996527135
tcs_ns,xgboost,4,TARGET_D,3047,844,0.5776173285198556,0.5642533781466492,0.6156638990298111,0.0689338501314856,0.5138721351025332,0.6068376068376068,0.4456066945606695,0.5225118483412322,0.4158767772511848,0.007337735627942001,0.0023950802668246713,0.40563499997369945,0.009269600035622716
tcs_ns,logistic_regression,4,TARGET_E,3047,844,0.5562848703642927,0.4940380568816888,0.5431929456944209,-0.02890283572485225,0.5431309904153354,0.5301455301455301,0.5567685589519651,0.49170616113744076,0.5699052132701422,0.0033351263582388573,0.005928716249695082,0.019925900036469102,0.0035873999586328864
tcs_ns,random_forest,4,TARGET_E,3047,844,0.5562848703642927,0.5210845758761906,0.5757521568370243,0.015227868882511417,0.5093896713615024,0.550761421319797,0.4737991266375546,0.504739336492891,0.466824644549763,0.006051755416259206,0.003048729206546842,0.5193976000882685,0.17372380010783672
tcs_ns,xgboost,4,TARGET_E,3047,844,0.5562848703642927,0.5292214403692558,0.5999418832234552,0.026523913697794402,0.5169590643274854,0.5566750629722922,0.48253275109170307,0.5106635071090048,0.4703791469194313,0.006351551261601465,0.0027623130337727604,0.4384351000189781,0.008282499969936907
tcs_ns,logistic_regression,4,TARGET_F,3047,844,0.3249097472924188,0.5,0.3698041519257726,0.007610887645389091,0.2714499027977673,0.3639017434024608,0.33687249980832806,0.33687249980832806,0.1481042654028436,0.0028249191907578977,-0.004897356253046398,0.02437959995586425,0.003334400011226535
tcs_ns,random_forest,4,TARGET_F,3047,844,0.3249097472924188,0.5,0.4217787596132009,0.01762599785875741,0.3320141390601446,0.3415255191812811,0.34150532397072153,0.34150532397072153,0.21208530805687204,0.0038967209700202536,0.004984529941106742,0.571159900049679,0.13380750000942498
tcs_ns,xgboost,4,TARGET_F,3047,844,0.3249097472924188,0.5,0.40861127346671633,0.03470775105707989,0.3386194464221875,0.3507425474254742,0.3523934191121754,0.3523934191121754,0.1943127962085308,0.002592764963948763,0.005649556792597655,0.668264799984172,0.015295300050638616
tcs_ns,logistic_regression,5,TARGET_A,3891,844,0.5093806219480853,0.4931281912859617,0.5033168644534887,0.013816420712137874,0.5778688524590164,0.5241635687732342,0.6438356164383562,0.5118483412322274,0.6374407582938388,0.0023797150084307103,0.003838978518443031,0.02397520001977682,0.003945100004784763
tcs_ns,random_forest,5,TARGET_A,3891,844,0.5093806219480853,0.5212115077490609,0.5485684567301403,0.01895362663592223,0.5343855693348365,0.5278396436525612,0.541095890410959,0.5106635071090048,0.5319905213270142,0.00359086717803203,0.002133455033526351,0.5826501999981701,0.1426237999694422
tcs_ns,xgboost,5,TARGET_A,3891,844,0.5093806219480853,0.5121521920057582,0.5275174160355667,0.0398437245975499,0.5006134969325153,0.5411140583554377,0.4657534246575342,0.5177725118483413,0.4466824644549763,0.004915504523179784,0.0012887984923779683,0.36864689993672073,0.008847900084219873
tcs_ns,logistic_regression,5,TARGET_B,3891,844,0.5363659727576459,0.5193284400573694,0.5504012693828833,0.035860218182916064,0.4956843403205919,0.5403225806451613,0.45785876993166286,0.5154028436018957,0.44075829383886256,0.001862532125597716,0.003733373200120634,0.017821699962951243,0.0030090999789536
tcs_ns,random_forest,5,TARGET_B,3891,844,0.5363659727576459,0.536573019488737,0.5602362060143338,0.0551769722233422,0.4759427828348505,0.5545454545454546,0.4168564920273349,0.5225118483412322,0.3909952606635071,0.0049606186634176125,0.001591459031617661,0.6667849000077695,0.12984840001445264
tcs_ns,xgboost,5,TARGET_B,3891,844,0.5363659727576459,0.5474563401670463,0.5727424868086998,0.09836097436387174,0.4218289085545723,0.5983263598326359,0.32574031890660593,0.5355450236966824,0.283175355450237,0.009041425169837927,0.00048613799270747973,0.4336218999233097,0.009630999993532896
tcs_ns,logistic_regression,5,TARGET_C,3891,844,0.5533281932665125,0.506709392014519,0.5597705937974762,0.004838846336160415,0.2778675282714055,0.5548387096774193,0.1853448275862069,0.4703791469194313,0.18364928909952608,0.0024019426044756256,0.003022805511590083,0.02547769993543625,0.0034663999686017632
tcs_ns,random_forest,5,TARGET_C,3891,844,0.5533281932665125,0.5379849137931034,0.5661251788867462,0.06891605244004874,0.5186972255729795,0.589041095890411,0.46336206896551724,0.5272511848341233,0.4324644549763033,0.006204291799191352,0.00039759414295291516,0.6988279999932274,0.20978990010917187
tcs_ns,xgboost,5,TARGET_C,3891,844,0.5533281932665125,0.5480433303085299,0.5813119223179082,0.06086270554187346,0.5103280680437424,0.584958217270195,0.4525862068965517,0.5225118483412322,0.4253554502369668,0.004613116273702049,0.0016472275441654716,0.474305700045079,0.008348100003786385
tcs_ns,logistic_regression,5,TARGET_D,3891,844,0.5751734772552043,0.515691350455299,0.5599959091187378,0.011995333841981978,0.46153846153846156,0.5596330275229358,0.3927038626609442,0.4940758293838863,0.38744075829383884,0.002289804233302547,0.003300286493016164,0.019044100074097514,0.005119899986311793
tcs_ns,random_forest,5,TARGET_D,3891,844,0.5751734772552043,0.5596714126757045,0.5963629000744368,0.07222792248150298,0.5268176400476758,0.5924932975871313,0.4742489270386266,0.5296208530805687,0.4419431279620853,0.004149176296070806,0.0019264784347025037,0.8685438999673352,0.1628842999925837
tcs_ns,xgboost,5,TARGET_D,3891,844,0.5751734772552043,0.5903501600926494,0.6286542199947043,0.14482321556407815,0.5338345864661654,0.641566265060241,0.4570815450643777,0.5592417061611374,0.3933649289099526,0.007373638851732505,1.3605473445504673e-05,0.44238499994389713,0.00838150002527982
tcs_ns,logistic_regression,5,TARGET_E,3891,844,0.5533281932665125,0.506709392014519,0.5597705937974762,0.004838846336160415,0.2778675282714055,0.5548387096774193,0.1853448275862069,0.4703791469194313,0.18364928909952608,0.0024019426044756256,0.003022805511590083,0.021190900006331503,0.0032374999718740582
tcs_ns,random_forest,5,TARGET_E,3891,844,0.5533281932665125,0.5379849137931034,0.5661251788867462,0.06891605244004874,0.5186972255729795,0.589041095890411,0.46336206896551724,0.5272511848341233,0.4324644549763033,0.006204291799191352,0.00039759414295291516,0.6433970999205485,0.15367679996415973
tcs_ns,xgboost,5,TARGET_E,3891,844,0.5533281932665125,0.5480433303085299,0.5813119223179082,0.06086270554187346,0.5103280680437424,0.584958217270195,0.4525862068965517,0.5225118483412322,0.4253554502369668,0.004613116273702049,0.0016472275441654716,0.3964881000574678,0.009059199946932495
tcs_ns,logistic_regression,5,TARGET_F,3891,844,0.3274222564893344,0.5,0.4779520880260679,0.019027899533008576,0.25632631146047247,0.38907509754441216,0.33888764077869055,0.33888764077869055,0.04383886255924171,0.00864924408394288,0.007530768606235718,0.045585300074890256,0.003202499938197434
tcs_ns,random_forest,5,TARGET_F,3891,844,0.3274222564893344,0.5,0.4387888788857792,0.02739432825021639,0.3278408461601594,0.3586822004118906,0.3483851082003011,0.3483851082003011,0.1623222748815166,0.0061200495812413856,0.003256226839019489,0.6552407999988645,0.1405123999575153
tcs_ns,xgboost,5,TARGET_F,3891,844,0.3274222564893344,0.5,0.40368530989770646,0.06397024422337204,0.334721638548261,0.38192458405853125,0.37495332765559475,0.37495332765559475,0.07227488151658767,0.005417730061526576,-0.00031273878537407037,0.6999996000668034,0.01058920007199049
hdfcbank_ns,logistic_regression,1,TARGET_A,886,924,0.4616252821670429,0.5122974055730746,0.5055246126999833,-0.013954752516032893,0.008658008658008658,0.4,0.00437636761487965,0.5043290043290043,0.005411255411255411,0.003285347185198237,0.007681466556607916,0.016995099955238402,0.002738300012424588
hdfcbank_ns,random_forest,1,TARGET_A,886,924,0.4616252821670429,0.5102591615554379,0.4983600578752463,-0.025153361849751043,0.25949367088607594,0.4685714285714286,0.17943107221006566,0.4935064935064935,0.1893939393939394,0.011825905506084596,0.006683793107989136,0.4212186000077054,0.16505319997668266
hdfcbank_ns,xgboost,1,TARGET_A,886,924,0.4616252821670429,0.4975611356064831,0.4875990910868423,-0.02614877397257251,0.35567715458276333,0.4744525547445255,0.2844638949671772,0.4902597402597403,0.29653679653679654,0.008184110188932552,0.007435766630278688,0.36899920005816966,0.008131399983540177
hdfcbank_ns,logistic_regression,1,TARGET_B,886,924,0.4887133182844244,0.5527122641509434,0.5768322519542366,-0.02379929599955355,0.003976143141153081,0.3333333333333333,0.002,0.4577922077922078,0.003246753246753247,0.0005925186173377962,0.007680691580452392,0.0248819999396801,0.0037490000249817967
hdfcbank_ns,random_forest,1,TARGET_B,886,924,0.4887133182844244,0.5322665094339624,0.5796873524899235,0.08266115364501224,0.4105960264900662,0.6078431372549019,0.31,0.5183982683982684,0.275974025974026,0.01617413917740871,0.004411493290298123,0.492283400031738,0.14308359997812659
hdfcbank_ns,xgboost,1,TARGET_B,886,924,0.4887133182844244,0.5181745283018868,0.5711851554085963,0.04863569145994389,0.24522292993630573,0.6015625,0.154,0.487012987012987,0.13852813852813853,0.01603528715082,0.006310524806713198,0.3466011000564322,0.009697899920865893
hdfcbank_ns,logistic_regression,1,TARGET_C,886,924,0.4932279909706546,0.5295791159146794,0.5772423154808224,0.050085104852706765,0.011428571428571429,1.0,0.005747126436781609,0.4383116883116883,0.003246753246753247,0.07301381028153621,0.00744479160760484,0.017274899990297854,0.003850799985229969
hdfcbank_ns,random_forest,1,TARGET_C,886,924,0.4932279909706546,0.5165098835325289,0.5670595663335865,-0.007918351330480133,0.3676092544987147,0.55859375,0.2739463601532567,0.4675324675324675,0.27705627705627706,0.009994508621490525,0.006762126189142354,0.39848720002919436,0.15001059998758137
hdfcbank_ns,xgboost,1,TARGET_C,886,924,0.4932279909706546,0.5083728865252283,0.5722168714308106,0.018314539446801694,0.2819767441860465,0.5843373493975904,0.18582375478927204,0.4653679653679654,0.17965367965367965,0.011529937026165522,0.006809663529162519,0.3760704000014812,0.008619100088253617
hdfcbank_ns,logistic_regression,1,TARGET_D,886,924,0.5248306997742663,0.5119963961846564,0.6028924529499138,-0.010123469640040949,0.04145077720207254,0.5714285714285714,0.021505376344086023,0.39935064935064934,0.022727272727272728,0.010021448706992947,0.0076027066208215,0.019243699964135885,0.0043478000443428755
hdfcbank_ns,random_forest,1,TARGET_D,886,924,0.5248306997742663,0.49447676126681944,0.5876166440851165,0.04463716810896232,0.5897920604914934,0.624,0.5591397849462365,0.5303030303030303,0.5411255411255411,0.010365242096559424,0.0044647958801154585,0.39562140009365976,0.14094939990900457
hdfcbank_ns,xgboost,1,TARGET_D,886,924,0.5248306997742663,0.5137983038564742,0.6024713935961099,0.006247034026969591,0.5144628099173554,0.6073170731707317,0.44623655913978494,0.49134199134199136,0.44372294372294374,0.008783638879110375,0.0067595380564463275,0.36071509995963424,0.009056300041265786
hdfcbank_ns,logistic_regression,1,TARGET_E,886,924,0.4932279909706546,0.5295791159146794,0.5772423154808224,0.050085104852706765,0.011428571428571429,1.0,0.005747126436781609,0.4383116883116883,0.003246753246753247,0.07301381028153621,0.00744479160760484,0.019388000015169382,0.0035414000740274787
hdfcbank_ns,random_forest,1,TARGET_E,886,924,0.4932279909706546,0.5165098835325289,0.5670595663335865,-0.007918351330480133,0.3676092544987147,0.55859375,0.2739463601532567,0.4675324675324675,0.27705627705627706,0.009994508621490525,0.006762126189142354,0.5139737999998033,0.1262224999954924
hdfcbank_ns,xgboost,1,TARGET_E,886,924,0.4932279909706546,0.5083728865252283,0.5722168714308106,0.018314539446801694,0.2819767441860465,0.5843373493975904,0.18582375478927204,0.4653679653679654,0.17965367965367965,0.011529937026165522,0.006809663529162519,0.339453799999319,0.009151000063866377
hdfcbank_ns,logistic_regression,1,TARGET_F,886,924,0.22460496613995484,0.5,0.658008658008658,0.06757711655010365,0.2465489315594875,0.261718599701504,0.3664363396022352,0.3664363396022352,0.0,0.0,0.006601062525291374,0.042812799918465316,0.0048454999923706055
hdfcbank_ns,random_forest,1,TARGET_F,886,924,0.22460496613995484,0.5,0.2829122931862658,0.018538395685474413,0.2628549001230342,0.31897709821337505,0.338812771670018,0.338812771670018,0.022727272727272728,0.013748909014659604,0.013215387101074115,0.4274431999074295,0.13880600000265986
hdfcbank_ns,xgboost,1,TARGET_F,886,924,0.22460496613995484,0.5,0.262693470912649,0.03138286134634983,0.28843489372476955,0.3094865929597153,0.3477775701770487,0.3477775701770487,0.021645021645021644,-0.0008711105557831229,0.006933054095104004,0.5894058999838307,0.011522900080308318
hdfcbank_ns,logistic_regression,2,TARGET_A,1810,937,0.47845303867403316,0.5437365503154976,0.5561196855616337,0.07228612235604452,0.4704463208685163,0.5603448275862069,0.40540540540540543,0.5314834578441836,0.37139807897545357,0.0076937573211523684,0.004534536160747328,0.016540899989195168,0.003226200002245605
hdfcbank_ns,random_forest,2,TARGET_A,1810,937,0.47845303867403316,0.5408688040266988,0.5421501847953607,0.03976357223560937,0.3708791208791209,0.5465587044534413,0.2806652806652807,0.5112059765208111,0.26360725720384204,0.01117748630121495,0.003749898884117548,0.45220429997425526,0.13633450004272163
hdfcbank_ns,xgboost,2,TARGET_A,1810,937,0.47845303867403316,0.5448581172265383,0.5414869723561992,0.03591568464275774,0.3805668016194332,0.5423076923076923,0.29313929313929316,0.5101387406616862,0.27748132337246534,0.011946178506547717,0.003312057510692458,0.38442560005933046,0.010034599923528731
hdfcbank_ns,logistic_regression,2,TARGET_B,1810,937,0.5154696132596686,0.5375881006864989,0.5661476957345659,0.06423439297362038,0.47719298245614034,0.5746478873239437,0.408,0.5229455709711847,0.37886872998932764,0.01136591123576721,0.0022566509583227495,0.01500120002310723,0.0035685000475496054
hdfcbank_ns,random_forest,2,TARGET_B,1810,937,0.5154696132596686,0.5404599542334096,0.550695425994378,0.017332201898462705,0.28486646884273,0.5517241379310345,0.192,0.4855923159018143,0.18569903948772679,0.012477424469386812,0.004164085830626337,0.5649095999542624,0.23209509998559952
hdfcbank_ns,xgboost,2,TARGET_B,1810,937,0.5154696132596686,0.4867368421052632,0.5457182441730792,0.034756106217477746,0.26461538461538464,0.5733333333333334,0.172,0.48986125933831376,0.16008537886872998,0.013533552707718496,0.0042163105975647095,0.6819734999444336,0.00954900006763637
hdfcbank_ns,logistic_regression,2,TARGET_C,1810,937,0.5298342541436464,0.5299995407999265,0.5509982996325118,0.024365345661047887,0.6084656084656085,0.5528846153846154,0.6764705882352942,0.5261472785485592,0.6659551760939167,0.0074447204965028815,0.002245251618605122,0.022651700070127845,0.004536699969321489
hdfcbank_ns,random_forest,2,TARGET_C,1810,937,0.5298342541436464,0.5085181613629058,0.5462215463909259,0.020275291232690958,0.46029919447640966,0.5571030640668524,0.39215686274509803,0.4994663820704376,0.3831376734258271,0.009222496729105014,0.0035249014198832193,0.6564584000734612,0.21856309997383505
hdfcbank_ns,xgboost,2,TARGET_C,1810,937,0.5298342541436464,0.48643522982963683,0.5428926100763095,0.003302497716734131,0.41412911084043846,0.5466237942122186,0.3333333333333333,0.48665955176093917,0.3319103521878335,0.008477891326588806,0.0043317015077828785,0.472100600018166,0.008961300016380847
hdfcbank_ns,logistic_regression,2,TARGET_D,1810,937,0.5651933701657459,0.5137011647377722,0.5454650468383766,0.023393701646444755,0.6708074534161491,0.5669291338582677,0.8212927756653993,0.5474919957310566,0.8132337246531484,0.007404525624555539,-0.001679881025543541,0.022257299977354705,0.0060021000681445
hdfcbank_ns,random_forest,2,TARGET_D,1810,937,0.5651933701657459,0.49679442702117627,0.5706379074862522,0.015470797654622984,0.5376128385155466,0.5690021231422505,0.5095057034220533,0.5080042689434365,0.5026680896478122,0.009133531095081132,0.002245442490682375,0.48121680004987866,0.18624249997083098
hdfcbank_ns,xgboost,2,TARGET_D,1810,937,0.5651933701657459,0.4873581082956343,0.5442742996234964,-0.007576622167512969,0.4777415852334419,0.5569620253164557,0.41825095057034223,0.48665955176093917,0.4215581643543223,0.006290923523554258,0.005282941982725589,0.37594679999165237,0.009003499988466501
hdfcbank_ns,logistic_regression,2,TARGET_E,1810,937,0.5298342541436464,0.5299995407999265,0.5509982996325118,0.024365345661047887,0.6084656084656085,0.5528846153846154,0.6764705882352942,0.5261472785485592,0.6659551760939167,0.0074447204965028815,0.002245251618605122,0.018796099931932986,0.004285600036382675
hdfcbank_ns,random_forest,2,TARGET_E,1810,937,0.5298342541436464,0.5085181613629058,0.5462215463909259,0.020275291232690958,0.46029919447640966,0.5571030640668524,0.39215686274509803,0.4994663820704376,0.3831376734258271,0.009222496729105014,0.0035249014198832193,0.4333662000717595,0.15774799999780953
hdfcbank_ns,xgboost,2,TARGET_E,1810,937,0.5298342541436464,0.48643522982963683,0.5428926100763095,0.003302497716734131,0.41412911084043846,0.5466237942122186,0.3333333333333333,0.48665955176093917,0.3319103521878335,0.008477891326588806,0.0043317015077828785,0.37947050004731864,0.009028100059367716
hdfcbank_ns,logistic_regression,2,TARGET_F,1810,937,0.2712707182320442,0.5,0.4220801141001206,0.00837879151366848,0.33658106826788553,0.3547451119063599,0.3438855546486004,0.3438855546486004,0.20704375667022412,0.007868505062375677,-0.006914433900777583,0.04190159996505827,0.0044037000043317676
hdfcbank_ns,random_forest,2,TARGET_F,1810,937,0.2712707182320442,0.5,0.4531535868947022,0.022836137776314124,0.31811955202216685,0.35297919113158754,0.34163808466379697,0.34163808466379697,0.1472785485592316,0.009174142708871163,0.0073267970662038336,0.46713749994523823,0.16453569999430329
hdfcbank_ns,xgboost,2,TARGET_F,1810,937,0.2712707182320442,0.5,0.4630701371780557,0.046363320603644904,0.3334738247588796,0.39824929137749915,0.358898145858595,0.358898145858595,0.08431163287086446,0.013562660879747546,0.001640847397434431,0.6396095999516547,0.01078010001219809
hdfcbank_ns,logistic_regression,3,TARGET_A,2747,938,0.4903531124863487,0.5058310032053468,0.5042466033219244,-0.0032870142236537184,0.4689966178128523,0.5024154589371981,0.4397463002114165,0.4978678038379531,0.44136460554371004,0.004739904497702273,0.005034191319301009,0.014455900061875582,0.0034756999230012298
hdfcbank_ns,random_forest,3,TARGET_A,2747,938,0.4903531124863487,0.5035327013571574,0.5158694971489421,0.031014344089696107,0.4881889763779528,0.5216346153846154,0.4587737843551797,0.5149253731343284,0.44349680170575695,0.008084193340685615,0.00237013847440087,0.5690239999676123,0.12947819998953491
hdfcbank_ns,xgboost,3,TARGET_A,2747,938,0.4903531124863487,0.5214576371365569,0.5210851115310378,0.0006382794408068521,0.4829106945975744,0.5046082949308756,0.4630021141649049,0.5,0.4626865671641791,0.006015270484171073,0.003947637546095682,0.38397490000352263,0.008361699990928173
hdfcbank_ns,logistic_regression,3,TARGET_B,2747,938,0.5216599927193302,0.5300611591462385,0.5767714899161352,0.031018349813404258,0.5664739884393064,0.547486033519553,0.5868263473053892,0.5202558635394456,0.5724946695095949,0.00511216517245846,0.004625945176439592,0.019411900080740452,0.003381800022907555
hdfcbank_ns,random_forest,3,TARGET_B,2747,938,0.5216599927193302,0.54005033411438,0.5756658044906714,0.05446112639717902,0.5146579804560261,0.5642857142857143,0.47305389221556887,0.523454157782516,0.44776119402985076,0.006523654534288402,0.003591316233516103,0.5192202999023721,0.16636810009367764
hdfcbank_ns,xgboost,3,TARGET_B,2747,938,0.5216599927193302,0.5280697186861975,0.5592732413388286,0.057177254737799874,0.5220193340494093,0.5651162790697675,0.48502994011976047,0.5255863539445629,0.4584221748400853,0.00845753492644823,0.0018966470373813597,0.4170959999319166,0.009339100099168718
hdfcbank_ns,logistic_regression,3,TARGET_C,2747,938,0.5347651983982527,0.47268377776852355,0.5533524352102759,-0.02189782216688848,0.575591985428051,0.5573192239858906,0.5951035781544256,0.5031982942430704,0.6044776119402985,0.005402356194544352,0.004143128709045345,0.021644700085744262,0.003060299903154373
hdfcbank_ns,random_forest,3,TARGET_C,2747,938,0.5347651983982527,0.5283642656524012,0.6020364053088623,0.05895454348771204,0.5010989010989011,0.6015831134564644,0.4293785310734463,0.5159914712153518,0.40405117270788915,0.008741246905869459,0.002302869653019579,0.5187040999298915,0.16851230000611395
hdfcbank_ns,xgboost,3,TARGET_C,2747,938,0.5347651983982527,0.5206392833511477,0.5874324061411507,0.038510920666601986,0.5074946466809421,0.5880893300248139,0.4463276836158192,0.509594882729211,0.42963752665245203,0.00822974489904697,0.0023993448954140947,0.37342919991351664,0.01264710002578795
hdfcbank_ns,logistic_regression,3,TARGET_D,2747,938,0.563887877684747,0.47984312251943356,0.5748105557130236,-0.01371432908654316,0.590339892665474,0.584070796460177,0.596745027124774,0.511727078891258,0.6023454157782516,0.005246533918694505,0.0043859116603219145,0.017822999972850084,0.0030417999951168895
hdfcbank_ns,random_forest,3,TARGET_D,2747,938,0.563887877684747,0.537490899697048,0.6071642417817733,0.022359516071407914,0.4608501118568233,0.6041055718475073,0.37251356238698013,0.4861407249466951,0.36353944562899787,0.004435864731561691,0.005171870753601229,0.5373460999689996,0.1574619000311941
hdfcbank_ns,xgboost,3,TARGET_D,2747,938,0.563887877684747,0.5058218454240154,0.5897753235317236,-0.026110324111491928,0.43924191750278707,0.5726744186046512,0.3562386980108499,0.46375266524520253,0.36673773987206826,0.005751383489693628,0.004413738708599094,0.4407758000306785,0.010783800040371716
hdfcbank_ns,logistic_regression,3,TARGET_E,2747,938,0.5347651983982527,0.47268377776852355,0.5533524352102759,-0.02189782216688848,0.575591985428051,0.5573192239858906,0.5951035781544256,0.5031982942430704,0.6044776119402985,0.005402356194544352,0.004143128709045345,0.022609899984672666,0.004681600024923682
hdfcbank_ns,random_forest,3,TARGET_E,2747,938,0.5347651983982527,0.5283642656524012,0.6020364053088623,0.05895454348771204,0.5010989010989011,0.6015831134564644,0.4293785310734463,0.5159914712153518,0.40405117270788915,0.008741246905869459,0.002302869653019579,0.49338899995200336,0.1206084000878036
hdfcbank_ns,xgboost,3,TARGET_E,2747,938,0.5347651983982527,0.5206392833511477,0.5874324061411507,0.038510920666601986,0.5074946466809421,0.5880893300248139,0.4463276836158192,0.509594882729211,0.42963752665245203,0.00822974489904697,0.0023993448954140947,0.3651704000076279,0.008865599986165762
hdfcbank_ns,logistic_regression,3,TARGET_F,2747,938,0.2930469603203495,0.5,0.4354104783148228,-0.026585886416444496,0.31535162432194075,0.3225722082063984,0.31727224336746984,0.31727224336746984,0.24520255863539445,0.006041061115950244,0.0031586417277665916,0.03578370006289333,0.003402199945412576
hdfcbank_ns,random_forest,3,TARGET_F,2747,938,0.2930469603203495,0.5,0.4656721641480895,0.07971317669324805,0.3610470158541863,0.39217441965699806,0.37501382882420686,0.37501382882420686,0.15671641791044777,0.009890998569004198,0.0025383584809732067,0.5507801999337971,0.16547620005439967
hdfcbank_ns,xgboost,3,TARGET_F,2747,938,0.2930469603203495,0.5,0.4656355941832845,0.05441541910497839,0.3640326491793906,0.375995341274576,0.36723708880077827,0.36723708880077827,0.21002132196162046,0.011515937998901573,7.283626881361693e-05,0.6377603000728413,0.010353800025768578
hdfcbank_ns,logistic_regression,4,TARGET_A,3685,940,0.49389416553595655,0.5342994862112163,0.5504402628060756,0.06188411287554463,0.5317796610169492,0.5577777777777778,0.5080971659919028,0.5297872340425532,0.4787234042553192,0.00413458609236035,0.004157294503537859,0.01833780005108565,0.004200599971227348
hdfcbank_ns,random_forest,4,TARGET_A,3685,940,0.49389416553595655,0.5411462210199525,0.5629241676579176,0.08964499701954615,0.5356371490280778,0.5740740740740741,0.5020242914979757,0.5425531914893617,0.4595744680851064,0.005270978060264207,0.0031901093036645098,0.5662435000995174,0.1630495999706909
hdfcbank_ns,xgboost,4,TARGET_A,3685,940,0.49389416553595655,0.543240863455638,0.5649514695743914,0.04752620893260005,0.5218317358892439,0.550561797752809,0.4959514170040486,0.5223404255319148,0.4734042553191489,0.0048798838087984265,0.003487050006829107,0.36926819989457726,0.008856300031766295
hdfcbank_ns,logistic_regression,4,TARGET_B,3685,940,0.5248303934871099,0.503093650507599,0.5691193997142074,0.047619240349715,0.642495784148398,0.5870570107858244,0.7094972067039106,0.548936170212766,0.6904255319148936,0.0049730520866233885,0.002302842763151645,0.020839600008912385,0.0036472000647336245
hdfcbank_ns,random_forest,4,TARGET_B,3685,940,0.5248303934871099,0.4858302027161282,0.5652880192959119,-0.023643794782816044,0.5266272189349113,0.559748427672956,0.4972067039106145,0.48936170212765956,0.5074468085106383,0.0038442064229289564,0.0044577788003425396,0.6787488999543712,0.1454794000601396
hdfcbank_ns,xgboost,4,TARGET_B,3685,940,0.5248303934871099,0.4973268456779,0.5714934742933254,0.012139830347253482,0.575955265610438,0.5764925373134329,0.5754189944134078,0.5159574468085106,0.5702127659574469,0.004524843173657804,0.003644361651522586,0.376402800087817,0.008928299997933209
hdfcbank_ns,logistic_regression,4,TARGET_C,3685,940,0.5427408412483039,0.4380839160839161,0.5556129722184904,-0.04349767058812232,0.719225449515906,0.5803571428571429,0.9454545454545454,0.5680851063829787,0.9531914893617022,0.003969038055373272,0.0077586352427558075,0.023769599967636168,0.004051800002343953
hdfcbank_ns,random_forest,4,TARGET_C,3685,940,0.5427408412483039,0.49562703962703963,0.5792616151649279,0.025910212870171152,0.6356720202874049,0.593996840442338,0.6836363636363636,0.5414893617021277,0.6734042553191489,0.004659711911835038,0.003088079505225175,0.5718958000652492,0.21125260007102042
hdfcbank_ns,xgboost,4,TARGET_C,3685,940,0.5427408412483039,0.5145268065268065,0.6023517309718458,0.01374502190852307,0.6629570747217806,0.5889830508474576,0.7581818181818182,0.548936170212766,0.7531914893617021,0.0044306950015465816,0.0032789051172445187,0.3757981000235304,0.008393800002522767
hdfcbank_ns,logistic_regression,4,TARGET_D,3685,940,0.5704206241519675,0.46657673860911275,0.5709006726905457,0.012167112245136176,0.7426273458445041,0.5918803418803419,0.9964028776978417,0.5914893617021276,0.9957446808510638,0.004124862567736308,0.009191671223631135,0.021398100070655346,0.0031510000117123127
hdfcbank_ns,random_forest,4,TARGET_D,3685,940,0.5704206241519675,0.4583099145683453,0.5533097210328046,-0.06012473918726527,0.6108786610878661,0.5712050078247262,0.6564748201438849,0.5053191489361702,0.6797872340425531,0.003514835001531393,0.005487237482781222,0.6138567000161856,0.14632800000254065
hdfcbank_ns,xgboost,4,TARGET_D,3685,940,0.5704206241519675,0.45348564898081534,0.5484679362236152,-0.05273285965578011,0.6155129274395329,0.5738724727838258,0.6636690647482014,0.5095744680851064,0.6840425531914893,0.0038140808483243115,0.00486593960546524,0.3468255999032408,0.010619300068356097
hdfcbank_ns,logistic_regression,4,TARGET_E,3685,940,0.5427408412483039,0.4380839160839161,0.5556129722184904,-0.04349767058812232,0.719225449515906,0.5803571428571429,0.9454545454545454,0.5680851063829787,0.9531914893617022,0.003969038055373272,0.0077586352427558075,0.02717409993056208,0.004681200021877885
hdfcbank_ns,random_forest,4,TARGET_E,3685,940,0.5427408412483039,0.49562703962703963,0.5792616151649279,0.025910212870171152,0.6356720202874049,0.593996840442338,0.6836363636363636,0.5414893617021277,0.6734042553191489,0.004659711911835038,0.003088079505225175,0.6536534000188112,0.15859839995391667
hdfcbank_ns,xgboost,4,TARGET_E,3685,940,0.5427408412483039,0.5145268065268065,0.6023517309718458,0.01374502190852307,0.6629570747217806,0.5889830508474576,0.7581818181818182,0.548936170212766,0.7531914893617021,0.0044306950015465816,0.0032789051172445187,0.382005300023593,0.00925539992749691
hdfcbank_ns,logistic_regression,4,TARGET_F,3685,940,0.3028493894165536,0.5,0.42710829818630885,-0.05281995765382272,0.2757676009059629,0.2653561513210636,0.30333463815628514,0.30333463815628514,0.32340425531914896,0.0025781190751035556,0.003822367774856806,0.04531509999651462,0.006060800049453974
hdfcbank_ns,random_forest,4,TARGET_F,3685,940,0.3028493894165536,0.5,0.43807382383640087,0.07467254637527543,0.3154563247349687,0.4161100209314495,0.3641122039003333,0.3641122039003333,0.09680851063829787,0.008954598774318898,-0.004577056386356638,0.6786083000479266,0.1643369001103565
hdfcbank_ns,xgboost,4,TARGET_F,3685,940,0.3028493894165536,0.5,0.46013689566034244,0.07101142822855037,0.27359750867126575,0.4227978176810212,0.35277519531568563,0.35277519531568563,0.06170212765957447,0.012572675948368828,-0.0011285493081278923,0.78720170003362,0.011616899981163442
hdfcbank_ns,logistic_regression,5,TARGET_A,4625,940,0.5003243243243243,0.5311012369835899,0.5330128693926625,0.07838883423915985,0.5748031496062992,0.5457943925233645,0.6070686070686071,0.5404255319148936,0.5691489361702128,0.004714530303842068,0.00021110786435524548,0.01963110000360757,0.003679600078612566
hdfcbank_ns,random_forest,5,TARGET_A,4625,940,0.5003243243243243,0.5208602267425797,0.5135386953675181,0.025208204610132522,0.4531435349940688,0.5276243093922652,0.3970893970893971,0.5095744680851064,0.3851063829787234,0.006616715461365731,0.00036768408409167087,0.7101269999984652,0.17414819996338338
hdfcbank_ns,xgboost,5,TARGET_A,4625,940,0.5003243243243243,0.5073942721001545,0.5169332127020158,-0.0009315064524224358,0.43757431629013077,0.5111111111111111,0.38253638253638256,0.4968085106382979,0.3829787234042553,0.0015998191576152457,0.0035031681049618834,0.4064836000325158,0.009120899951085448
hdfcbank_ns,logistic_regression,5,TARGET_B,4625,940,0.5342702702702703,0.5227313884210717,0.5121360262533607,0.06217218494207842,0.6360655737704918,0.5201072386058981,0.8185654008438819,0.5276595744680851,0.7936170212765957,0.0025607324257364518,0.003595185608350451,0.02651149989105761,0.003737600054591894
hdfcbank_ns,random_forest,5,TARGET_B,4625,940,0.5342702702702703,0.5370465945926368,0.5391193534735774,0.03429821205708272,0.4256926952141058,0.528125,0.35654008438818563,0.5148936170212766,0.3404255319148936,0.003984853555255076,0.0021493859031254127,0.6361218999372795,0.17314660002011806
hdfcbank_ns,xgboost,5,TARGET_B,4625,940,0.5342702702702703,0.5247912931674544,0.5233285566508153,-0.0055999624188571824,0.37467018469656993,0.5,0.29957805907172996,0.4957446808510638,0.3021276595744681,0.004017123980896367,0.0022361420534219704,0.3967027999460697,0.009674000088125467
hdfcbank_ns,logistic_regression,5,TARGET_C,4625,940,0.5513513513513514,0.5136830180129148,0.5176121040432178,-0.017064043109520585,0.679324894514768,0.5154749199573105,0.9958762886597938,0.5148936170212766,0.9968085106382979,0.0028623014601102054,-0.024734690167960732,0.024156600004062057,0.0027795000933110714
hdfcbank_ns,random_forest,5,TARGET_C,4625,940,0.5513513513513514,0.4764110116687436,0.4903844212262027,-0.06373551253881848,0.38583638583638585,0.47305389221556887,0.32577319587628867,0.4648936170212766,0.3553191489361702,0.001268429291469873,0.00360415348889182,0.6794741000048816,0.1811008999357
hdfcbank_ns,xgboost,5,TARGET_C,4625,940,0.5513513513513514,0.4662104905403875,0.4836774667561019,-0.09932929368733379,0.352059925093633,0.4462025316455696,0.2907216494845361,0.4478723404255319,0.33617021276595743,0.0007532959053696352,0.003797645659491308,0.38285060005728155,0.009083300014026463
hdfcbank_ns,logistic_regression,5,TARGET_D,4625,940,0.5747027027027027,0.5143772893772894,0.5560930794675574,-0.0032459636780471754,0.6978723404255319,0.5528089887640449,0.9461538461538461,0.5468085106382978,0.9468085106382979,0.0028938447718738084,0.0006450110130338219,0.0272212999407202,0.003672200022265315
hdfcbank_ns,random_forest,5,TARGET_D,4625,940,0.5747027027027027,0.5275114468864469,0.5687200363648628,0.05211544257671995,0.4349939246658566,0.5907590759075908,0.34423076923076923,0.5053191489361702,0.3223404255319149,0.0034740656712613513,0.002441335163621964,0.6464834000216797,0.1463815999450162
hdfcbank_ns,xgboost,5,TARGET_D,4625,940,0.5747027027027027,0.48792582417582414,0.5431088406004153,-0.03213855248313363,0.40617577197149646,0.531055900621118,0.32884615384615384,0.46808510638297873,0.3425531914893617,0.00201470256172123,0.003169964680817385,0.40884509996976703,0.008511800086125731
hdfcbank_ns,logistic_regression,5,TARGET_E,4625,940,0.5513513513513514,0.5136830180129148,0.5176121040432178,-0.017064043109520585,0.679324894514768,0.5154749199573105,0.9958762886597938,0.5148936170212766,0.9968085106382979,0.0028623014601102054,-0.024734690167960732,0.027280200039967895,0.0038995000068098307
hdfcbank_ns,random_forest,5,TARGET_E,4625,940,0.5513513513513514,0.4764110116687436,0.4903844212262027,-0.06373551253881848,0.38583638583638585,0.47305389221556887,0.32577319587628867,0.4648936170212766,0.3553191489361702,0.001268429291469873,0.00360415348889182,0.7808506999863312,0.14132079994305968
hdfcbank_ns,xgboost,5,TARGET_E,4625,940,0.5513513513513514,0.4662104905403875,0.4836774667561019,-0.09932929368733379,0.352059925093633,0.4462025316455696,0.2907216494845361,0.4478723404255319,0.33617021276595743,0.0007532959053696352,0.003797645659491308,0.3615940000163391,0.009419300011359155
hdfcbank_ns,logistic_regression,5,TARGET_F,4625,940,0.3107027027027027,0.5,0.3125431871851843,-0.0034840455505279213,0.2110890913860732,0.23422366065606812,0.33230558110337377,0.33230558110337377,0.03297872340425532,-0.0021994278007965223,-0.0038613398015602276,0.059623599983751774,0.00494720006827265
hdfcbank_ns,random_forest,5,TARGET_F,4625,940,0.3107027027027027,0.5,0.3662235090867921,0.025914303935574003,0.27964201546878714,0.36624421684676706,0.3444064876859516,0.3444064876859516,0.09148936170212765,-0.001664379894434405,-0.0019372995195824493,0.6915379000129178,0.1801135999849066
hdfcbank_ns,xgboost,5,TARGET_F,4625,940,0.3107027027027027,0.5,0.3164783427495292,0.022233957715642207,0.28325208128693585,0.3327979079159884,0.3424239769923649,0.3424239769923649,0.047872340425531915,-0.013718451468953822,0.0027413346661324983,0.6969010999891907,0.012425599968992174
infy_ns,logistic_regression,1,TARGET_A,886,924,0.4706546275395034,0.5215077189776747,0.5127633316596859,-0.006050291773817434,0.11742424242424243,0.49206349206349204,0.06666666666666667,0.49567099567099565,0.06818181818181818,0.019089432161897932,0.00804802254492619,0.018900600029155612,0.0032251999946311116
infy_ns,random_forest,1,TARGET_A,886,924,0.4706546275395034,0.49921053248061464,0.5021287929535703,5.7020558872342745e-05,0.24675324675324675,0.5033112582781457,0.16344086021505377,0.49783549783549785,0.1634199134199134,0.014082162446085593,0.0077691786649703685,0.43162030004896224,0.1907631999347359
infy_ns,xgboost,1,TARGET_A,886,924,0.4706546275395034,0.5009721929393023,0.513270711062354,0.061407229762558926,0.24190800681431004,0.5819672131147541,0.15268817204301074,0.5183982683982684,0.13203463203463203,0.024036314062702145,0.006483231074478002,0.30497179995290935,0.009170399978756905
infy_ns,logistic_regression,1,TARGET_B,886,924,0.4751693002257336,0.5602191096268889,0.6237608034413271,0.058616434491218665,0.11965811965811966,0.7,0.06542056074766354,0.44264069264069267,0.05411255411255411,0.02372661023783245,0.007946969251132032,0.015934400027617812,0.0030037000542506576
infy_ns,random_forest,1,TARGET_B,886,924,0.4751693002257336,0.5176488960430531,0.5917945543101089,0.022929416028173447,0.31868131868131866,0.6010362694300518,0.21682242990654205,0.46320346320346323,0.20887445887445888,0.010999368611826855,0.008220387818465713,0.4002817999571562,0.13571659999433905
infy_ns,xgboost,1,TARGET_B,886,924,0.4751693002257336,0.5264108786007735,0.6005872913547077,0.031894981356237195,0.21362229102167182,0.6216216216216216,0.12897196261682242,0.45021645021645024,0.12012987012987013,0.01359976380264915,0.008145643118434147,0.3616809999803081,0.010666700080037117
infy_ns,logistic_regression,1,TARGET_C,886,924,0.4887133182844244,0.5161414886507092,0.6290747483183298,0.014453107847138316,0.10048622366288493,0.6458333333333334,0.054481546572934976,0.39935064935064934,0.05194805194805195,0.02104540172462636,0.008129911363697435,0.022103699971921742,0.004922199994325638
infy_ns,random_forest,1,TARGET_C,886,924,0.4887133182844244,0.5053243892175548,0.6203884594425558,-0.010613746719673545,0.25069637883008355,0.6040268456375839,0.15817223198594024,0.41774891774891776,0.16125541125541126,0.011089628541069619,0.008360809012595671,0.4232592999469489,0.13988270005211234
infy_ns,xgboost,1,TARGET_C,886,924,0.4887133182844244,0.5196069209633902,0.6336028688306135,0.01075598600632538,0.15432098765432098,0.6329113924050633,0.08787346221441125,0.4069264069264069,0.0854978354978355,0.01854912321553329,0.007889468524679158,0.33366419991943985,0.010757800075225532
infy_ns,logistic_regression,1,TARGET_D,886,924,0.4909706546275395,0.5957365337305854,0.745120747780255,0.09207416726908674,0.1377245508982036,0.8363636363636363,0.07504078303425775,0.37662337662337664,0.05952380952380952,0.027993073856490035,0.007586147957737707,0.015578899998217821,0.0030855999793857336
infy_ns,random_forest,1,TARGET_D,886,924,0.4909706546275395,0.49963806696285723,0.6809845203598008,0.007240560047831852,0.20470262793914246,0.6727272727272727,0.12071778140293637,0.3777056277056277,0.11904761904761904,0.006085407662982752,0.009167797044782452,0.4633377999998629,0.12944679998327047
infy_ns,xgboost,1,TARGET_D,886,924,0.4909706546275395,0.5175432614887512,0.6942486118458036,0.058819389193919686,0.17579250720461095,0.7530864197530864,0.09951060358890701,0.38095238095238093,0.08766233766233766,0.012815046012993929,0.008415139869903334,0.3227637999225408,0.009221800020895898
infy_ns,logistic_regression,1,TARGET_E,886,924,0.4887133182844244,0.5161414886507092,0.6290747483183298,0.014453107847138316,0.10048622366288493,0.6458333333333334,0.054481546572934976,0.39935064935064934,0.05194805194805195,0.02104540172462636,0.008129911363697435,0.018021299969404936,0.003993700025603175
infy_ns,random_forest,1,TARGET_E,886,924,0.4887133182844244,0.5053243892175548,0.6203884594425558,-0.010613746719673545,0.25069637883008355,0.6040268456375839,0.15817223198594024,0.41774891774891776,0.16125541125541126,0.011089628541069619,0.008360809012595671,0.3977579000638798,0.12088439997751266
infy_ns,xgboost,1,TARGET_E,886,924,0.4887133182844244,0.5196069209633902,0.6336028688306135,0.01075598600632538,0.15432098765432098,0.6329113924050633,0.08787346221441125,0.4069264069264069,0.0854978354978355,0.01854912321553329,0.007889468524679158,0.3423303000163287,0.014463200001046062
infy_ns,logistic_regression,1,TARGET_F,886,924,0.30248306997742663,0.5,0.5136350544616674,0.045094186626270856,0.19569315856845804,0.4200622278464947,0.35220993087372404,0.35220993087372404,0.03354978354978355,0.024965815729191754,0.007030794286176664,0.028621300007216632,0.004928800044581294
infy_ns,random_forest,1,TARGET_F,886,924,0.30248306997742663,0.5,0.42519265373181037,-0.023631403417117922,0.23535807201752101,0.32301913885534755,0.31961223642258124,0.31961223642258124,0.08982683982683982,0.0119611338239584,0.007299214652965648,0.4561438000528142,0.14295869995839894
infy_ns,xgboost,1,TARGET_F,886,924,0.30248306997742663,0.5,0.4668992355162568,-0.03345372063287555,0.2060894853945818,0.3368587909633444,0.31810009913458187,0.31810009913458187,0.050865800865800864,0.02231992112404728,0.0065813581309233146,0.5069502999540418,0.013315399992279708
infy_ns,logistic_regression,2,TARGET_A,1810,937,0.487292817679558,0.46444875755173454,0.4752845350239414,-0.06670208554617223,0.3009845288326301,0.44583333333333336,0.22717622080679406,0.4695837780149413,0.256136606189968,-0.0003665798177911887,0.004837637126542684,0.02211739995982498,0.004113100003451109
infy_ns,random_forest,2,TARGET_A,1810,937,0.487292817679558,0.4947285931676736,0.4921491131695495,-0.010803576460109302,0.43028846153846156,0.49584487534626037,0.38004246284501064,0.49413020277481323,0.3852721451440768,0.0033594202833542607,0.0035956652754157575,0.5270464000059292,0.15058350004255772
infy_ns,xgboost,2,TARGET_A,1810,937,0.487292817679558,0.4943800515750435,0.5062603258982125,-0.002180648359997235,0.4444444444444444,0.5013333333333333,0.3991507430997877,0.4983991462113127,0.400213447171825,0.0042872168360721,0.002982469052319089,0.43324389995541424,0.00855330005288124
infy_ns,logistic_regression,2,TARGET_B,1810,937,0.5281767955801105,0.5410110294117647,0.5843036280451249,0.033925453390417144,0.5363357215967247,0.5634408602150538,0.51171875,0.5165421558164355,0.49626467449306294,0.0040194642311072075,0.0029974640963252412,0.011935000075027347,0.0032396999886259437
infy_ns,random_forest,2,TARGET_B,1810,937,0.5281767955801105,0.5416590073529413,0.5792553598717588,0.05262287426441694,0.5223880597014925,0.5751173708920188,0.478515625,0.5218783351120597,0.45464247598719315,0.004749194794698523,0.002467117296259871,0.442256800015457,0.11996000004000962
infy_ns,xgboost,2,TARGET_B,1810,937,0.5281767955801105,0.543469669117647,0.5859052538995251,0.08411233771772748,0.5160575858250277,0.5959079283887468,0.455078125,0.5336179295624333,0.41728922091782283,0.005653124710216128,0.001966084540725017,0.3720112000592053,0.008831999963149428
infy_ns,logistic_regression,2,TARGET_C,1810,937,0.5535911602209945,0.5329296792011897,0.5835203445275097,0.03720547576342522,0.6794185156847743,0.5663265306122449,0.8489483747609943,0.5528281750266809,0.8367129135538954,0.0039904690575387515,0.0010152037896730994,0.013499399996362627,0.0029878999339416623
infy_ns,random_forest,2,TARGET_C,1810,937,0.5535911602209945,0.5257248686045759,0.5796471252491605,0.05647624291429452,0.6357388316151202,0.5772230889235569,0.7074569789674953,0.5474919957310566,0.6840981856990395,0.005499652741085211,-0.0008156198854907263,0.4462387999519706,0.1536271000513807
infy_ns,xgboost,2,TARGET_C,1810,937,0.5535911602209945,0.5098789037603568,0.5762726669513962,0.016061784894337537,0.577570093457944,0.5648994515539305,0.5908221797323135,0.5176093916755603,0.583778014941302,0.005379712454993925,0.0008747466873043277,0.4041772000491619,0.008891699952073395
infy_ns,logistic_regression,2,TARGET_D,1810,937,0.5790055248618785,0.5259705488621151,0.5850775278806034,0.002907720855805346,0.6388206388206388,0.5579399141630901,0.7471264367816092,0.5293489861259338,0.7459978655282817,0.004330256338856852,0.0010798518490312025,0.013330599991604686,0.003228300018236041
infy_ns,random_forest,2,TARGET_D,1810,937,0.5790055248618785,0.5245464617089046,0.5679629407399038,0.049909509196438044,0.6501240694789082,0.5720524017467249,0.7528735632183908,0.5485592315901814,0.7331910352187834,0.00439113226029395,0.001068584232433687,0.574689400033094,0.17030719993636012
infy_ns,xgboost,2,TARGET_D,1810,937,0.5790055248618785,0.5451599501454092,0.6118989655952396,0.03590417227667021,0.6161971830985915,0.5700325732899023,0.6704980842911877,0.5346851654215582,0.655282817502668,0.004426339544884311,0.0017525741187969,0.442894299980253,0.009502400062046945
infy_ns,logistic_regression,2,TARGET_E,1810,937,0.5535911602209945,0.5329296792011897,0.5835203445275097,0.03720547576342522,0.6794185156847743,0.5663265306122449,0.8489483747609943,0.5528281750266809,0.8367129135538954,0.0039904690575387515,0.0010152037896730994,0.014573199907317758,0.0036847000010311604
infy_ns,random_forest,2,TARGET_E,1810,937,0.5535911602209945,0.5257248686045759,0.5796471252491605,0.05647624291429452,0.6357388316151202,0.5772230889235569,0.7074569789674953,0.5474919957310566,0.6840981856990395,0.005499652741085211,-0.0008156198854907263,0.4531907000346109,0.13691510003991425
infy_ns,xgboost,2,TARGET_E,1810,937,0.5535911602209945,0.5098789037603568,0.5762726669513962,0.016061784894337537,0.577570093457944,0.5648994515539305,0.5908221797323135,0.5176093916755603,0.583778014941302,0.005379712454993925,0.0008747466873043277,0.40779949992429465,0.008487500017508864
infy_ns,logistic_regression,2,TARGET_F,1810,937,0.3425414364640884,0.5,0.42370857014627283,0.032219841674284495,0.2901651738233447,0.3655186121377392,0.3472488496665938,0.3472488496665938,0.11953041622198506,0.013671295942961185,0.00013195598014173606,0.03533489990513772,0.004063300089910626
infy_ns,random_forest,2,TARGET_F,1810,937,0.3425414364640884,0.5,0.3651813819065934,-0.023539397205643485,0.2880699983092471,0.32784114495954725,0.32342676530454656,0.32342676530454656,0.11739594450373532,0.002284363846288256,-0.0010203720761533675,0.45201709994580597,0.13041840004734695
infy_ns,xgboost,2,TARGET_F,1810,937,0.3425414364640884,0.5,0.366546331580474,-0.04871281710965627,0.27888059701492535,0.31712836077827355,0.3102963530273527,0.3102963530273527,0.10458911419423693,0.004908971751866952,-0.0008823262358552192,0.6820375999668613,0.011548600043170154
infy_ns,logistic_regression,3,TARGET_A,2747,938,0.4925373134328358,0.5144538419846876,0.5266175888996809,0.0672945849155073,0.5747800586510264,0.550561797752809,0.6012269938650306,0.5362473347547975,0.5692963752665245,0.0016130175864752178,0.003178424436113011,0.015662800054997206,0.0029790999833494425
infy_ns,random_forest,3,TARGET_A,2747,938,0.4925373134328358,0.531123469104258,0.5513653877343139,0.04430568352343288,0.5601577909270217,0.540952380952381,0.5807770961145194,0.5245202558635395,0.5597014925373134,0.0034278283705125342,0.0008373485928531282,0.5033924999879673,0.18981150002218783
infy_ns,xgboost,3,TARGET_A,2747,938,0.4925373134328358,0.5424779446258671,0.5585586127175498,0.06611119194897667,0.555442522889115,0.5526315789473685,0.558282208588957,0.5341151385927505,0.5266524520255863,-0.00024164803994165284,0.005100921160131981,0.4228982999920845,0.00900820002425462
infy_ns,logistic_regression,3,TARGET_B,2747,938,0.5344011649071715,0.5715708171757172,0.6039093448111867,0.05573842453208491,0.6565252201761409,0.5481283422459893,0.8183632734530938,0.5426439232409381,0.7974413646055437,0.00361249663363749,-0.0029300664136495775,0.023684300016611814,0.0034090999979525805
infy_ns,random_forest,3,TARGET_B,2747,938,0.5344011649071715,0.5321462338480933,0.5547615013625213,0.04526905517369248,0.5985401459854015,0.5512605042016807,0.654690618762475,0.5309168443496801,0.6343283582089553,0.003192460669677017,0.0007169701600862895,0.6016168999485672,0.14488819998223335
infy_ns,xgboost,3,TARGET_B,2747,938,0.5344011649071715,0.5390089386444503,0.5800928922250554,0.02854007941826621,0.5954751131221719,0.5447019867549668,0.656686626746507,0.523454157782516,0.6439232409381663,0.0024471722344811143,0.001998032436349789,0.35641769994981587,0.01047360000666231
infy_ns,logistic_regression,3,TARGET_C,2747,938,0.5551510738987987,0.50760295429081,0.5554342537110886,0.03234145970691647,0.6814486326681448,0.5436320754716981,0.9128712871287129,0.5405117270788913,0.9040511727078892,0.00300690166532301,-0.004493530542516554,0.02345380000770092,0.0052686999551951885
infy_ns,random_forest,3,TARGET_C,2747,938,0.5551510738987987,0.5052203141792239,0.5342002275383047,0.03160715537620118,0.6326359832635984,0.5478260869565217,0.7485148514851485,0.5319829424307037,0.7356076759061834,0.0034002161987906963,-0.0008093319104764411,0.5525587999727577,0.14388009998947382
infy_ns,xgboost,3,TARGET_C,2747,938,0.5551510738987987,0.4655569021105344,0.5227997225115883,-0.07619039940236928,0.5686619718309859,0.5118858954041204,0.6396039603960396,0.47761194029850745,0.6727078891257996,-0.0011252299263607177,0.009301156178830735,0.36721259995829314,0.00938170007430017
infy_ns,logistic_regression,3,TARGET_D,2747,938,0.5715325809974517,0.49220260223048323,0.5568033170968567,0.006244534473679929,0.6927621861152142,0.5747549019607843,0.8717472118959108,0.5565031982942431,0.8699360341151386,0.003372969561048634,-0.004974658184002154,0.015136400004848838,0.003052000072784722
infy_ns,random_forest,3,TARGET_D,2747,938,0.5715325809974517,0.45398001858736065,0.5356159391880665,-0.06687081249362395,0.5862966175195143,0.5495934959349593,0.6282527881040892,0.4914712153518124,0.6556503198294243,0.0006335422992388798,0.005435932970078982,0.5214153999695554,0.13595130003523082
infy_ns,xgboost,3,TARGET_D,2747,938,0.5715325809974517,0.4515845724907063,0.5276310414721871,-0.053899422326482774,0.5765124555160143,0.552901023890785,0.6022304832713755,0.4925373134328358,0.6247334754797441,0.002378026739275131,0.0021361113470232842,0.4086657000007108,0.012073200079612434
infy_ns,logistic_regression,3,TARGET_E,2747,938,0.5551510738987987,0.50760295429081,0.5554342537110886,0.03234145970691647,0.6814486326681448,0.5436320754716981,0.9128712871287129,0.5405117270788913,0.9040511727078892,0.00300690166532301,-0.004493530542516554,0.014892300008796155,0.004242499941028655
infy_ns,random_forest,3,TARGET_E,2747,938,0.5551510738987987,0.5052203141792239,0.5342002275383047,0.03160715537620118,0.6326359832635984,0.5478260869565217,0.7485148514851485,0.5319829424307037,0.7356076759061834,0.0034002161987906963,-0.0008093319104764411,0.5788576999912038,0.1512110000476241
infy_ns,xgboost,3,TARGET_E,2747,938,0.5551510738987987,0.4655569021105344,0.5227997225115883,-0.07619039940236928,0.5686619718309859,0.5118858954041204,0.6396039603960396,0.47761194029850745,0.6727078891257996,-0.0011252299263607177,0.009301156178830735,0.39315080002415925,0.014117700047791004
infy_ns,logistic_regression,3,TARGET_F,2747,938,0.33563887877684745,0.5,0.4341133429342089,0.005636154378140428,0.29857600819613167,0.3345463173860992,0.33509106632917846,0.33509106632917846,0.3368869936034115,0.0015349334729246277,-0.00013171599849726222,0.0531850999686867,0.005653700092807412
infy_ns,random_forest,3,TARGET_F,2747,938,0.33563887877684745,0.5,0.4170250536013483,0.025366931512266853,0.3178200268702543,0.32944155671064906,0.34216191356424747,0.34216191356424747,0.2622601279317697,-0.002513650252557962,0.0029215151958088647,0.6079361999873072,0.18875060009304434
infy_ns,xgboost,3,TARGET_F,2747,938,0.33563887877684745,0.5,0.4271603231155734,0.03342882213479899,0.33083027187510045,0.3440116860392451,0.3485104876694705,0.3485104876694705,0.27078891257995735,-0.001341452592378732,0.0024184196096071783,0.7045820000348613,0.011032799957320094
infy_ns,logistic_regression,4,TARGET_A,3685,940,0.4998643147896879,0.5160199077072173,0.5269348107908396,0.05781645876167485,0.627318718381113,0.5261669024045261,0.7766179540709812,0.5297872340425532,0.752127659574468,0.0024610846680246583,0.0017489833629942056,0.01677490002475679,0.002403399907052517
infy_ns,random_forest,4,TARGET_A,3685,940,0.4998643147896879,0.5386674153945087,0.5522294839786419,0.018600717190344822,0.5490196078431373,0.5175600739371534,0.5845511482254697,0.5106382978723404,0.575531914893617,0.0013932149523497354,0.0034931596357139763,0.571779299993068,0.13566179992631078
infy_ns,xgboost,4,TARGET_A,3685,940,0.4998643147896879,0.5390161172725173,0.5579545183647635,0.042592542083963104,0.5550049554013875,0.5283018867924528,0.5845511482254697,0.5223404255319148,0.5638297872340425,0.0024333917764098583,0.002092200835058193,0.42150639998726547,0.008417599950917065
infy_ns,logistic_regression,4,TARGET_B,3685,940,0.5343283582089552,0.5233922113794545,0.5377245934279036,0.08439102199317743,0.6429780033840947,0.5555555555555556,0.7630522088353414,0.551063829787234,0.7276595744680852,0.0034317510601651795,-0.0007805380518824185,0.017563499975949526,0.003241300000809133
infy_ns,random_forest,4,TARGET_B,3685,940,0.5343283582089552,0.5198395391520835,0.5450400277824348,0.031959276489237985,0.5568627450980392,0.5440613026819924,0.570281124497992,0.5191489361702127,0.5553191489361702,0.0036484272864739597,0.0005813898094059264,0.5786674000555649,0.18397869996260852
infy_ns,xgboost,4,TARGET_B,3685,940,0.5343283582089552,0.5357175307565102,0.5463074721506531,0.044886138023900256,0.5447154471544715,0.551440329218107,0.5381526104417671,0.5234042553191489,0.5170212765957447,0.004357828667005562,6.518777908894456e-05,0.3593331999145448,0.010332999983802438
infy_ns,logistic_regression,4,TARGET_C,3685,940,0.5508819538670285,0.5175162204065672,0.5327494718418535,0.018590552664332544,0.6541764246682279,0.5371794871794872,0.8363273453093812,0.5287234042553192,0.8297872340425532,0.002727132394995255,0.00012710447359240445,0.01700280001387,0.005989799974486232
infy_ns,random_forest,4,TARGET_C,3685,940,0.5508819538670285,0.49651039606436326,0.523115757348003,0.007855804791880769,0.5307769929364279,0.536734693877551,0.5249500998003992,0.5053191489361702,0.5212765957446809,0.0033272433139365913,0.0011492239112047863,0.835873999982141,0.1223210000898689
infy_ns,xgboost,4,TARGET_C,3685,940,0.5508819538670285,0.5030849462805596,0.5309548826169811,0.037401110022575484,0.5378323108384458,0.5513626834381551,0.5249500998003992,0.5191489361702127,0.5074468085106383,0.0038443703964001776,0.0006776140492185733,0.33241969998925924,0.008425400010310113
infy_ns,logistic_regression,4,TARGET_D,3685,940,0.5720488466757123,0.522666801233118,0.5721049456202298,0.03682736072638726,0.6822995461422088,0.5651629072681704,0.8606870229007634,0.5531914893617021,0.8489361702127659,0.0027049000797564563,-7.753718151104593e-05,0.014556300011463463,0.003375199972651899
infy_ns,random_forest,4,TARGET_D,3685,940,0.5720488466757123,0.530458657516148,0.5888400796158478,0.05074409742518229,0.6541291905151267,0.5722460658082976,0.7633587786259542,0.55,0.7436170212765958,0.002873580627101113,0.000576212139117867,0.6156870999839157,0.17724709992762655
infy_ns,xgboost,4,TARGET_D,3685,940,0.5720488466757123,0.5240522240164416,0.5752350823726969,0.02117302843706206,0.6656274356975838,0.5625823451910409,0.8148854961832062,0.5436170212765957,0.8074468085106383,0.002914027733281745,-0.00035495616403182574,0.45098079997114837,0.008925499976612628
infy_ns,logistic_regression,4,TARGET_E,3685,940,0.5508819538670285,0.5175162204065672,0.5327494718418535,0.018590552664332544,0.6541764246682279,0.5371794871794872,0.8363273453093812,0.5287234042553192,0.8297872340425532,0.002727132394995255,0.00012710447359240445,0.016765100066550076,0.004494099994190037
infy_ns,random_forest,4,TARGET_E,3685,940,0.5508819538670285,0.49651039606436326,0.523115757348003,0.007855804791880769,0.5307769929364279,0.536734693877551,0.5249500998003992,0.5053191489361702,0.5212765957446809,0.0033272433139365913,0.0011492239112047863,0.7058508000336587,0.1809819999616593
infy_ns,xgboost,4,TARGET_E,3685,940,0.5508819538670285,0.5030849462805596,0.5309548826169811,0.037401110022575484,0.5378323108384458,0.5513626834381551,0.5249500998003992,0.5191489361702127,0.5074468085106383,0.0038443703964001776,0.0006776140492185733,0.3551280000247061,0.008422099985182285
infy_ns,logistic_regression,4,TARGET_F,3685,940,0.33351424694708276,0.5,0.41546391752577316,0.010300972472855309,0.23420667367219486,0.3946376340591485,0.33614594160009537,0.33614594160009537,0.019148936170212766,0.010154678263673252,-0.002003950032207339,0.03393350006081164,0.0033674999140203
infy_ns,random_forest,4,TARGET_F,3685,940,0.33351424694708276,0.5,0.36273236169839185,0.010349089803526458,0.2955252433658226,0.3480832874038413,0.33851881471876544,0.33851881471876544,0.14574468085106382,0.001606752861475205,-0.0013678962717800708,0.7757053999230266,0.19581720000132918
infy_ns,xgboost,4,TARGET_F,3685,940,0.33351424694708276,0.5,0.36997656243653176,-0.00011909086417708425,0.28111941413365094,0.3243284374293709,0.3320504339872816,0.3320504339872816,0.1148936170212766,0.004233180982464224,0.0031025845079463025,0.6463498000521213,0.012451999937184155
infy_ns,logistic_regression,5,TARGET_A,4625,940,0.5018378378378379,0.4900238989416183,0.5288057648350759,0.0077612902452641195,0.6304526748971193,0.5394366197183098,0.7584158415841584,0.5223404255319148,0.7553191489361702,0.005809640739352831,0.0037701924575142954,0.021699000033549964,0.003247500048018992
infy_ns,random_forest,5,TARGET_A,4625,940,0.5018378378378379,0.4987686354842381,0.5473626333681234,-0.007234656120641311,0.5322740814299901,0.5338645418326693,0.5306930693069307,0.498936170212766,0.5340425531914894,0.00580525048286926,0.004743729332804634,0.7366213999921456,0.15683049999643117
infy_ns,xgboost,5,TARGET_A,4625,940,0.5018378378378379,0.5017730738591101,0.5321848274332475,-0.007827968691524079,0.541015625,0.5337186897880539,0.5485148514851486,0.5,0.5521276595744681,0.003125596829901365,0.00800428606995247,0.4106458999449387,0.00951640005223453
infy_ns,logistic_regression,5,TARGET_B,4625,940,0.5334054054054054,0.5181119446896145,0.5718556121152973,-0.02916605489401821,0.42577675489067895,0.5425219941348973,0.3503787878787879,0.46914893617021275,0.3627659574468085,0.002737385318327697,0.006775527206375715,0.014881900046020746,0.004515499924309552
infy_ns,random_forest,5,TARGET_B,4625,940,0.5334054054054054,0.5361618306854957,0.5894088833013439,0.05868423552959735,0.5547738693467337,0.5910064239828694,0.5227272727272727,0.5287234042553192,0.4968085106382979,0.006405062518485254,0.004230073983163179,0.6712407999439165,0.14728180004749447
infy_ns,xgboost,5,TARGET_B,4625,940,0.5334054054054054,0.5194933252427185,0.5707919014333385,0.04643043558699144,0.5835694050991501,0.5819209039548022,0.5852272727272727,0.5308510638297872,0.5648936170212766,0.00648528175665096,0.0037855857637827347,0.3832434000214562,0.010303199989721179
infy_ns,logistic_regression,5,TARGET_C,4625,940,0.5472432432432432,0.4986695469969775,0.5735120412568295,-0.011954195297603668,0.5200803212851406,0.5704845814977973,0.477859778597786,0.49148936170212765,0.4829787234042553,0.004796602170712119,0.005790806182439294,0.018098499975167215,0.005715199979022145
infy_ns,random_forest,5,TARGET_C,4625,940,0.5472432432432432,0.5299977748521205,0.5949484146892436,0.023782700928917065,0.49137931034482757,0.5906735751295337,0.42066420664206644,0.4978723404255319,0.4106382978723404,0.004220512550838864,0.006070164883655229,0.6447993000037968,0.1295956999529153
infy_ns,xgboost,5,TARGET_C,4625,940,0.5472432432432432,0.5507982718018135,0.6109429418765753,0.058962446756359234,0.537590113285273,0.6083916083916084,0.48154981549815495,0.5223404255319148,0.4563829787234043,0.005702753358162925,0.004981424656588853,0.47658740007318556,0.009327300009317696
infy_ns,logistic_regression,5,TARGET_D,4625,940,0.5690810810810811,0.4195705935251799,0.5247727998451142,-0.061379484478029385,0.661042944785276,0.5762032085561497,0.7751798561151079,0.5297872340425532,0.7957446808510639,0.004530534016324914,0.008349738260196677,0.01699369994457811,0.003491800045594573
infy_ns,random_forest,5,TARGET_D,4625,940,0.5690810810810811,0.5131355852817747,0.614509655917088,0.034110249708205156,0.5868152274837511,0.6065259117082533,0.5683453237410072,0.526595744680851,0.5542553191489362,0.006209336663669725,0.0041931379198016025,0.6780713000334799,0.1233306999783963
infy_ns,xgboost,5,TARGET_D,4625,940,0.5690810810810811,0.5206038294364508,0.6379001131858258,0.054737902484626455,0.5348360655737705,0.6214285714285714,0.4694244604316547,0.5170212765957447,0.44680851063829785,0.007505672156427052,0.0035377055470566087,0.5026454000035301,0.00833870004862547
infy_ns,logistic_regression,5,TARGET_E,4625,940,0.5472432432432432,0.4986695469969775,0.5735120412568295,-0.011954195297603668,0.5200803212851406,0.5704845814977973,0.477859778597786,0.49148936170212765,0.4829787234042553,0.004796602170712119,0.005790806182439294,0.015486999996937811,0.0034981999779120088
infy_ns,random_forest,5,TARGET_E,4625,940,0.5472432432432432,0.5299977748521205,0.5949484146892436,0.023782700928917065,0.49137931034482757,0.5906735751295337,0.42066420664206644,0.4978723404255319,0.4106382978723404,0.004220512550838864,0.006070164883655229,0.6436193999834359,0.14276560000143945
infy_ns,xgboost,5,TARGET_E,4625,940,0.5472432432432432,0.5507982718018135,0.6109429418765753,0.058962446756359234,0.537590113285273,0.6083916083916084,0.48154981549815495,0.5223404255319148,0.4563829787234043,0.005702753358162925,0.004981424656588853,0.38315270002931356,0.012529100058600307
infy_ns,logistic_regression,5,TARGET_F,4625,940,0.3286486486486486,0.5,0.6792553191489361,0.0,0.19548872180451127,0.13829787234042554,0.3333333333333333,0.3333333333333333,0.0,0.0,0.0,0.04066369996871799,0.004717199946753681
infy_ns,random_forest,5,TARGET_F,4625,940,0.3286486486486486,0.5,0.4415808494269887,0.06272605869968709,0.33557923837052606,0.37900171855738346,0.36676068483231933,0.36676068483231933,0.1148936170212766,0.009668314398094626,0.006481811524618689,0.6968198999529704,0.18192510004155338
infy_ns,xgboost,5,TARGET_F,4625,940,0.3286486486486486,0.5,0.37658413016830916,0.012193244089328493,0.2649690033381021,0.3243624467437614,0.33456310665739347,0.33456310665739347,0.05638297872340425,0.0009537557143837879,0.010955544109877714,0.7152775001013651,0.011525300098583102
icicibank_ns,logistic_regression,1,TARGET_A,804,846,0.4975124378109453,0.49174235014670953,0.4987000566653901,-0.027587735495125693,0.6234676007005254,0.496513249651325,0.8376470588235294,0.491725768321513,0.8475177304964538,-0.001533224101157691,0.01662720584215159,0.020165399997495115,0.0037922998890280724
icicibank_ns,random_forest,1,TARGET_A,804,846,0.4975124378109453,0.5628335894928043,0.5775029837654481,0.06690707541399891,0.6063618290258449,0.5249569707401033,0.7176470588235294,0.5319148936170213,0.6867612293144209,0.002506154018750647,-0.0015490098557986267,0.4044398000696674,0.14175660000182688
icicibank_ns,xgboost,1,TARGET_A,804,846,0.4975124378109453,0.5681430767081179,0.5690122078080303,0.10150126914952685,0.6018808777429467,0.5413533834586466,0.6776470588235294,0.549645390070922,0.6288416075650118,0.0027189262229002516,-0.0012766906925969562,0.40103649999946356,0.017223799950443208
icicibank_ns,logistic_regression,1,TARGET_B,804,846,0.5211442786069652,0.5433313945684757,0.5471938486992901,0.08235110095043854,0.5509259259259259,0.5534883720930233,0.5483870967741935,0.541371158392435,0.508274231678487,0.006575839977108221,-0.004283709896752513,0.015816699946299195,0.0030383000848814845
icicibank_ns,random_forest,1,TARGET_B,804,846,0.5211442786069652,0.5445282090286788,0.5496807921933572,0.045275004068731244,0.4214992927864215,0.5457875457875457,0.3433179723502304,0.516548463356974,0.32269503546099293,0.004360928125292269,-0.000252958996679406,0.4355597000103444,0.13049629994202405
icicibank_ns,xgboost,1,TARGET_B,804,846,0.5211442786069652,0.5562502796295468,0.5811474385960111,0.1194403646632288,0.48360655737704916,0.5939597315436241,0.4078341013824885,0.5531914893617021,0.35224586288416077,0.009143671925823205,-0.0030642816802697558,0.4323031000094488,0.009183399961329997
icicibank_ns,logistic_regression,1,TARGET_C,804,846,0.554726368159204,0.5439917529469769,0.5586034963507949,0.0654895893815411,0.5245508982035928,0.5601023017902813,0.49324324324324326,0.5307328605200946,0.46217494089834515,0.007177891993037876,-0.003870259112462245,0.01964159996714443,0.004082300001755357
icicibank_ns,random_forest,1,TARGET_C,804,846,0.554726368159204,0.5193710501546324,0.5511407402576186,0.012350450147541676,0.4470588235294118,0.5327102803738317,0.38513513513513514,0.5,0.37943262411347517,0.0018862192402343944,0.0008383076133185687,0.43256739992648363,0.14500330004375428
icicibank_ns,xgboost,1,TARGET_C,804,846,0.554726368159204,0.528237192416297,0.5679110577671469,0.03677530256009239,0.4731457800511509,0.5473372781065089,0.4166666666666667,0.5130023640661938,0.39952718676122934,0.002787534754900474,0.000203545523525845,0.3316724000032991,0.008293499937281013
icicibank_ns,logistic_regression,1,TARGET_D,804,846,0.6019900497512438,0.5373494111300908,0.5590121106728185,0.054817000373008566,0.48284625158831,0.5705705705705706,0.4185022026431718,0.5189125295508275,0.39361702127659576,0.00624279259860221,-0.0020141560667193904,0.02092909999191761,0.0033927999902516603
icicibank_ns,random_forest,1,TARGET_D,804,846,0.6019900497512438,0.5683746516227637,0.6379828099457754,0.14587556299962973,0.3443708609271523,0.6933333333333334,0.2290748898678414,0.5319148936170213,0.1773049645390071,0.013078865699696548,-0.001316439629090507,0.4351928000105545,0.14662480005063117
icicibank_ns,xgboost,1,TARGET_D,804,846,0.6019900497512438,0.59599478557943,0.6315411257587549,0.15811494067150192,0.43283582089552236,0.6712962962962963,0.31938325991189426,0.5508274231678487,0.2553191489361702,0.013663716474514085,-0.0030250395006151637,0.4158741000574082,0.007887199986726046
icicibank_ns,logistic_regression,1,TARGET_E,804,846,0.554726368159204,0.5439917529469769,0.5586034963507949,0.0654895893815411,0.5245508982035928,0.5601023017902813,0.49324324324324326,0.5307328605200946,0.46217494089834515,0.007177891993037876,-0.003870259112462245,0.019188800011761487,0.003195199999026954
icicibank_ns,random_forest,1,TARGET_E,804,846,0.554726368159204,0.5193710501546324,0.5511407402576186,0.012350450147541676,0.4470588235294118,0.5327102803738317,0.38513513513513514,0.5,0.37943262411347517,0.0018862192402343944,0.0008383076133185687,0.44112840003799647,0.18488339998293668
icicibank_ns,xgboost,1,TARGET_E,804,846,0.554726368159204,0.528237192416297,0.5679110577671469,0.03677530256009239,0.4731457800511509,0.5473372781065089,0.4166666666666667,0.5130023640661938,0.39952718676122934,0.002787534754900474,0.000203545523525845,0.3838254999136552,0.012496500043198466
icicibank_ns,logistic_regression,1,TARGET_F,804,846,0.33955223880597013,0.5,0.4784935692155883,0.04397405519652544,0.34420136001712703,0.35872629326614697,0.36583935250117433,0.36583935250117433,0.375886524822695,0.005998300691100538,-0.003581057626223576,0.018492999952286482,0.003780700033530593
icicibank_ns,random_forest,1,TARGET_F,804,846,0.33955223880597013,0.5,0.4362591941041193,0.038430011469299225,0.34954597205019455,0.36725875936799524,0.36117957641582993,0.36117957641582993,0.19621749408983452,0.016799459109057068,-0.0011519193824175392,0.4352552999043837,0.1592365000396967
icicibank_ns,xgboost,1,TARGET_F,804,846,0.33955223880597013,0.5,0.4529453165056829,0.04753202782705788,0.35984165613138996,0.3757825093227474,0.36666308549372406,0.36666308549372406,0.20094562647754138,0.01820528376403768,-0.002266528613570314,0.5947928000241518,0.010938000050373375
icicibank_ns,logistic_regression,2,TARGET_A,1650,846,0.5,0.5217884588514741,0.5254248017865001,0.023652170025953188,0.512396694214876,0.514218009478673,0.5105882352941177,0.5118203309692672,0.4988179669030733,0.0045517145879442516,0.010000736549902071,0.02211150003131479,0.0044392000418156385
icicibank_ns,random_forest,2,TARGET_A,1650,846,0.5,0.5091127567416517,0.5236435452304595,0.013510019591942984,0.5530546623794212,0.5078740157480315,0.6070588235294118,0.5070921985815603,0.6004728132387707,0.0074527850404791035,0.007026985363040138,0.4956264999927953,0.2417534999549389
icicibank_ns,xgboost,2,TARGET_A,1650,846,0.5,0.5055302501047925,0.5257467994745362,-0.02205359626694503,0.5685685685685685,0.49477351916376305,0.668235294117647,0.4905437352245863,0.6784869976359338,0.005435926659391067,0.011179830701398828,0.35805889999028295,0.007913700072094798
icicibank_ns,logistic_regression,2,TARGET_B,1650,846,0.516969696969697,0.49837841471133537,0.5356125390278947,0.004113575348581867,0.5642633228840125,0.5252918287937743,0.6094808126410836,0.5070921985815603,0.607565011820331,0.004242919091525422,0.011988781446466522,0.02097800001502037,0.003246899927034974
icicibank_ns,random_forest,2,TARGET_B,1650,846,0.516969696969697,0.5036464664004168,0.5208057734561827,0.009091960175439121,0.5766871165644172,0.5271028037383177,0.636568848758465,0.5106382978723404,0.6323877068557919,0.005621173276069033,0.01014086222049524,0.4834590000100434,0.16518929996527731
icicibank_ns,xgboost,2,TARGET_B,1650,846,0.516969696969697,0.4957737958538949,0.5164237900812143,0.015297709332547775,0.5844287158746209,0.5293040293040293,0.6523702031602708,0.5141843971631206,0.6453900709219859,0.005029950095780799,0.01138261033658212,0.36031019990332425,0.009240300045348704
icicibank_ns,logistic_regression,2,TARGET_C,1650,846,0.5393939393939394,0.4749615631901154,0.5049500903851136,-0.09273063557285413,0.5746478873239437,0.48264984227129337,0.7099767981438515,0.4645390070921986,0.7494089834515366,0.002207428892931168,0.022460499694115996,0.020574900088831782,0.0035244999453425407
icicibank_ns,random_forest,2,TARGET_C,1650,846,0.5393939393939394,0.5015151091605401,0.49950356325050616,-0.0070357705526255575,0.5555555555555556,0.5066921606118547,0.6148491879350348,0.4988179669030733,0.6182033096926713,0.005530001743448303,0.010120572574140837,0.4448979999870062,0.13102329999674112
icicibank_ns,xgboost,2,TARGET_C,1650,846,0.5393939393939394,0.5039778603975065,0.507733794166505,0.018028281363250204,0.556745182012848,0.5168986083499006,0.6032482598607889,0.5106382978723404,0.5945626477541371,0.006166451528860396,0.00891956482289846,0.40106169995851815,0.008702700026333332
icicibank_ns,logistic_regression,2,TARGET_D,1650,846,0.5684848484848485,0.4971035787269258,0.5491076557409571,-0.08126737882454112,0.6339362618432386,0.5242165242165242,0.8017429193899782,0.49763593380614657,0.8297872340425532,0.002336099987937003,0.031397178206522054,0.02619889995548874,0.0051693000132218
icicibank_ns,random_forest,2,TARGET_D,1650,846,0.5684848484848485,0.5299662787882882,0.5668472540187965,0.05070702453804522,0.5701943844492441,0.5653104925053534,0.5751633986928104,0.5295508274231678,0.5520094562647754,0.0067171077547982135,0.007979542300211575,0.4399793000193313,0.12938409997150302
icicibank_ns,xgboost,2,TARGET_D,1650,846,0.5684848484848485,0.5259495701812162,0.5821829292738063,0.003728136795179856,0.5602536997885835,0.5441478439425051,0.5773420479302832,0.508274231678487,0.5756501182033097,0.005238535638767625,0.010055623947607575,0.34587190009187907,0.008354899939149618
icicibank_ns,logistic_regression,2,TARGET_E,1650,846,0.5393939393939394,0.4749615631901154,0.5049500903851136,-0.09273063557285413,0.5746478873239437,0.48264984227129337,0.7099767981438515,0.4645390070921986,0.7494089834515366,0.002207428892931168,0.022460499694115996,0.02560809999704361,0.004239999921992421
icicibank_ns,random_forest,2,TARGET_E,1650,846,0.5393939393939394,0.5015151091605401,0.49950356325050616,-0.0070357705526255575,0.5555555555555556,0.5066921606118547,0.6148491879350348,0.4988179669030733,0.6182033096926713,0.005530001743448303,0.010120572574140837,0.48746490001212806,0.1465763000305742
icicibank_ns,xgboost,2,TARGET_E,1650,846,0.5393939393939394,0.5039778603975065,0.507733794166505,0.018028281363250204,0.556745182012848,0.5168986083499006,0.6032482598607889,0.5106382978723404,0.5945626477541371,0.006166451528860396,0.00891956482289846,0.38171410001814365,0.008686100016348064
icicibank_ns,logistic_regression,2,TARGET_F,1650,846,0.3242424242424242,0.5,0.40006469834029557,0.005046861005882634,0.24505248048802367,0.2688221473082031,0.3340289226017821,0.3340289226017821,0.09219858156028368,0.014178380953076873,0.0622586270749107,0.032451000064611435,0.003948999918065965
icicibank_ns,random_forest,2,TARGET_F,1650,846,0.3242424242424242,0.5,0.4235881745483097,-0.025933774808231336,0.30425395064449573,0.30506751916326386,0.3140773480918037,0.3140773480918037,0.3333333333333333,-0.00011496701017325044,0.02174994066736736,0.4723229999653995,0.20043670001905411
icicibank_ns,xgboost,2,TARGET_F,1650,846,0.3242424242424242,0.5,0.43227096267627596,-0.02822072878842184,0.30404872598767135,0.3054797860004217,0.31310700106231765,0.31310700106231765,0.3664302600472813,-0.0016028458812235124,0.023907206670648495,0.6268894999520853,0.01094030006788671
icicibank_ns,logistic_regression,3,TARGET_A,2496,846,0.500801282051282,0.5519284185347261,0.5508932647112476,0.08257877672420823,0.48064085447263016,0.5521472392638037,0.425531914893617,0.5401891252955082,0.38534278959810875,0.0035771933931577544,8.706643252081037e-05,0.023005699971690774,0.004872400080785155
icicibank_ns,random_forest,3,TARGET_A,2496,846,0.500801282051282,0.5361037059392273,0.5291182492692549,0.0497254915944116,0.5109489051094891,0.5263157894736842,0.49645390070921985,0.524822695035461,0.4716312056737589,0.004904689621955145,-0.0016678558570019104,0.5027237000176683,0.18131829996127635
icicibank_ns,xgboost,3,TARGET_A,2496,846,0.500801282051282,0.5304450368581952,0.5232109575483301,0.03547527082590287,0.5107913669064749,0.5182481751824818,0.5035460992907801,0.5177304964539007,0.4858156028368794,0.0032339172767866854,-0.0002705756544346634,0.39390609995462,0.008268099976703525
icicibank_ns,logistic_regression,3,TARGET_B,2496,846,0.5192307692307693,0.5341179101557041,0.5200155691047785,0.055852413931164004,0.557883131201764,0.5142276422764228,0.6096385542168675,0.5260047281323877,0.5815602836879432,0.005421582975911723,-0.004112935686633667,0.02588049997575581,0.004454400041140616
icicibank_ns,random_forest,3,TARGET_B,2496,846,0.5192307692307693,0.5339865261510077,0.5349069654271199,0.07581367864738868,0.453781512605042,0.5418060200668896,0.39036144578313253,0.5390070921985816,0.3534278959810875,0.008632493243977614,-0.002503977858992793,0.5020753999706358,0.15416440006811172
icicibank_ns,xgboost,3,TARGET_B,2496,846,0.5192307692307693,0.5157073770720935,0.5118610414675326,0.013446780503543206,0.4062947067238913,0.5,0.3421686746987952,0.5094562647754137,0.33569739952718675,0.004771687836604096,-0.00025572910056105645,0.3679217998869717,0.01297300006262958
icicibank_ns,logistic_regression,3,TARGET_C,2496,846,0.5292467948717948,0.5385943831214196,0.5233142003510196,0.06416325008633257,0.5427251732101617,0.5280898876404494,0.5581947743467933,0.5319148936170213,0.5260047281323877,0.0032364497075416097,-0.0005705250094158776,0.018369899946264923,0.005465500056743622
icicibank_ns,random_forest,3,TARGET_C,2496,846,0.5292467948717948,0.531954729635322,0.516382031800603,0.04847831174365667,0.4267425320056899,0.5319148936170213,0.35629453681710216,0.5236406619385343,0.3333333333333333,0.005706380651488237,-0.00070524778836779,0.5391783000668511,0.19297610002104193
icicibank_ns,xgboost,3,TARGET_C,2496,846,0.5292467948717948,0.5226435657398352,0.5115235888591517,0.018553179140205905,0.3870014771048744,0.51171875,0.31116389548693585,0.5094562647754137,0.30260047281323876,0.00367681482798843,0.000457923720534256,0.4218229999532923,0.010276700020767748
icicibank_ns,logistic_regression,3,TARGET_D,2496,846,0.5596955128205128,0.5656941649899396,0.5755082586441311,0.08014677978254522,0.5701657458563536,0.5386221294363257,0.6056338028169014,0.5401891252955082,0.566193853427896,0.0024248477239212883,0.0001360695676347475,0.025749200023710728,0.004793699947185814
icicibank_ns,random_forest,3,TARGET_D,2496,846,0.5596955128205128,0.5507042253521127,0.5603013135855527,0.09089415896779036,0.4270986745213549,0.5731225296442688,0.3403755868544601,0.5401891252955082,0.2990543735224586,0.008755041332135182,-0.0016923876322933414,0.5751971000572667,0.15705669997259974
icicibank_ns,xgboost,3,TARGET_D,2496,846,0.5596955128205128,0.5008774871450928,0.5369392276477986,0.04447047069013468,0.36645962732919257,0.5412844036697247,0.27699530516431925,0.5177304964539007,0.2576832151300236,0.0033057024001653963,0.0007815230379684587,0.33549570001196116,0.008642700035125017
icicibank_ns,logistic_regression,3,TARGET_E,2496,846,0.5292467948717948,0.5385943831214196,0.5233142003510196,0.06416325008633257,0.5427251732101617,0.5280898876404494,0.5581947743467933,0.5319148936170213,0.5260047281323877,0.0032364497075416097,-0.0005705250094158776,0.018409800017252564,0.003692600061185658
icicibank_ns,random_forest,3,TARGET_E,2496,846,0.5292467948717948,0.531954729635322,0.516382031800603,0.04847831174365667,0.4267425320056899,0.5319148936170213,0.35629453681710216,0.5236406619385343,0.3333333333333333,0.005706380651488237,-0.00070524778836779,0.5788137000054121,0.22276050003711134
icicibank_ns,xgboost,3,TARGET_E,2496,846,0.5292467948717948,0.5226435657398352,0.5115235888591517,0.018553179140205905,0.3870014771048744,0.51171875,0.31116389548693585,0.5094562647754137,0.30260047281323876,0.00367681482798843,0.000457923720534256,0.35932349995709956,0.009271000046283007
icicibank_ns,logistic_regression,3,TARGET_F,2496,846,0.32532051282051283,0.5,0.3796120398514016,0.05402184074193366,0.22605398847437064,0.26227025898078526,0.34679089026915116,0.34679089026915116,0.05673758865248227,0.005075542304388916,0.0,0.03693469997961074,0.004488800070248544
icicibank_ns,random_forest,3,TARGET_F,2496,846,0.32532051282051283,0.5,0.3651149149469418,0.03010642756352712,0.3235069570048535,0.3552074786802914,0.35103642152229236,0.35103642152229236,0.11347517730496454,0.0027138857249534667,-0.0018435936065028262,0.511438199901022,0.14255400002002716
icicibank_ns,xgboost,3,TARGET_F,2496,846,0.32532051282051283,0.5,0.33291131130461915,-0.006890694891065203,0.30729218723971347,0.3190830451907926,0.32841034166136607,0.32841034166136607,0.15839243498817968,-0.0021046682597131296,0.001818375787238621,0.6552534000948071,0.015510400058701634
icicibank_ns,logistic_regression,4,TARGET_A,3342,848,0.5005984440454817,0.5152082775845153,0.4796301038530788,0.03170118864334593,0.4376731301939058,0.4968553459119497,0.3910891089108911,0.5212264150943396,0.375,0.010298362249159775,0.003256543329326876,0.03600050008390099,0.0046292999759316444
icicibank_ns,random_forest,4,TARGET_A,3342,848,0.5005984440454817,0.4937282579609313,0.46231249884732245,-0.0001577880866364337,0.44823066841415465,0.4763231197771588,0.42326732673267325,0.5035377358490566,0.4233490566037736,0.009579023343370052,0.003194228587947246,0.5572654999559745,0.13294959999620914
icicibank_ns,xgboost,4,TARGET_A,3342,848,0.5005984440454817,0.4952056016412452,0.4722265378071475,-0.006087894495696562,0.43824701195219123,0.47277936962750716,0.4084158415841584,0.5011792452830188,0.4115566037735849,0.006815638217427747,0.005254888621029595,0.34258920000866055,0.0083105000667274
icicibank_ns,logistic_regression,4,TARGET_B,3342,848,0.511968880909635,0.5277889089249539,0.5169275330642046,0.05625820804041105,0.47182175622542594,0.547112462006079,0.4147465437788018,0.5247641509433962,0.38797169811320753,0.011092526779310854,0.002603864835034261,0.0185131001053378,0.003150399890728295
icicibank_ns,random_forest,4,TARGET_B,3342,848,0.511968880909635,0.5384135889044726,0.5422735587735186,0.0507442042753999,0.47470817120622566,0.543026706231454,0.4216589861751152,0.5224056603773585,0.39740566037735847,0.009255650864128762,0.003682373421848649,0.5607066000811756,0.13150579994544387
icicibank_ns,xgboost,4,TARGET_B,3342,848,0.511968880909635,0.5403392773659252,0.541603258108221,0.07678657869531574,0.49226804123711343,0.5584795321637427,0.4400921658986175,0.535377358490566,0.4033018867924528,0.00884183872161086,0.003906992721314501,0.3887068999465555,0.008470000000670552
icicibank_ns,logistic_regression,4,TARGET_C,3342,848,0.521244763614602,0.532978178008604,0.5507337418671474,0.05025059733795656,0.46174142480211083,0.5537974683544303,0.39592760180995473,0.5188679245283019,0.37264150943396224,0.011847908405714452,0.0023626092172373786,0.021013000048696995,0.0034941999474540353
icicibank_ns,random_forest,4,TARGET_C,3342,848,0.521244763614602,0.5497013128858972,0.5666883803107298,0.09563664644970096,0.5257985257985258,0.5752688172043011,0.4841628959276018,0.5448113207547169,0.4386792452830189,0.01131967507741183,0.0016595126701236375,0.6843406999250874,0.14260600006673485
icicibank_ns,xgboost,4,TARGET_C,3342,848,0.521244763614602,0.5492499387022713,0.5527616370201797,0.07148036849235542,0.4897435897435897,0.5650887573964497,0.4321266968325792,0.5306603773584906,0.39858490566037735,0.00991062652818855,0.0032373635161731815,0.3970635998994112,0.008674400043673813
icicibank_ns,logistic_regression,4,TARGET_D,3342,848,0.5454817474566128,0.49595630242733335,0.5119104622958861,0.017214088397653683,0.48714810281517745,0.5320855614973262,0.4492099322799097,0.5058962264150944,0.4410377358490566,0.00759729569747555,0.0045558197656544236,0.024724199902266264,0.005256100092083216
icicibank_ns,random_forest,4,TARGET_D,3342,848,0.5454817474566128,0.47089986901875547,0.4933964513217816,-0.0237926738852663,0.43410852713178294,0.5075528700906344,0.3792325056433409,0.4834905660377358,0.3903301886792453,0.006294890044865441,0.005642627765813523,0.637695699930191,0.2027554000960663
icicibank_ns,xgboost,4,TARGET_D,3342,848,0.5454817474566128,0.5080623136304099,0.5094868400715874,-0.020939946172909465,0.4112903225806452,0.5083056478405316,0.345372460496614,0.4834905660377358,0.35495283018867924,0.004388172179658488,0.0067276185259576736,0.4154448000481352,0.012782600009813905
icicibank_ns,logistic_regression,4,TARGET_E,3342,848,0.521244763614602,0.532978178008604,0.5507337418671474,0.05025059733795656,0.46174142480211083,0.5537974683544303,0.39592760180995473,0.5188679245283019,0.37264150943396224,0.011847908405714452,0.0023626092172373786,0.02066069992724806,0.00308640010189265
icicibank_ns,random_forest,4,TARGET_E,3342,848,0.521244763614602,0.5497013128858972,0.5666883803107298,0.09563664644970096,0.5257985257985258,0.5752688172043011,0.4841628959276018,0.5448113207547169,0.4386792452830189,0.01131967507741183,0.0016595126701236375,0.6147670999635011,0.140915900003165
icicibank_ns,xgboost,4,TARGET_E,3342,848,0.521244763614602,0.5492499387022713,0.5527616370201797,0.07148036849235542,0.4897435897435897,0.5650887573964497,0.4321266968325792,0.5306603773584906,0.39858490566037735,0.00991062652818855,0.0032373635161731815,0.3701658999780193,0.009122100076638162
icicibank_ns,logistic_regression,4,TARGET_F,3342,848,0.3225613405146619,0.5,0.342464031432123,-0.03890038778039474,0.26046615484258967,0.30210581578486845,0.3173624324356716,0.3173624324356716,0.09316037735849056,0.01387793919496665,0.008316795844591841,0.04145929997321218,0.004133300040848553
icicibank_ns,random_forest,4,TARGET_F,3342,848,0.3225613405146619,0.5,0.3467092429629419,0.0010585638955921686,0.3286183717038832,0.33699282228620636,0.337763156317789,0.337763156317789,0.1721698113207547,0.007342533566884312,0.0035389078294765465,0.798599399975501,0.20629260002169758
icicibank_ns,xgboost,4,TARGET_F,3342,848,0.3225613405146619,0.5,0.3743310709440782,0.02468387749245633,0.33816028928377445,0.36154610721686753,0.3513643739738012,0.3513643739738012,0.14386792452830188,0.015320208059133313,0.0023648784232431896,0.6292794999899343,0.010516899987123907
icicibank_ns,logistic_regression,5,TARGET_A,4190,848,0.4957040572792363,0.5131845954865757,0.5350952590017684,0.021674385668150352,0.21129326047358835,0.5523809523809524,0.13063063063063063,0.4893867924528302,0.12382075471698113,0.016729461812268975,0.004234572483554999,0.024819600046612322,0.00408609991427511
icicibank_ns,random_forest,5,TARGET_A,4190,848,0.4957040572792363,0.5037128712871287,0.5337400417148223,-0.0032348035813745835,0.3166144200626959,0.520618556701031,0.22747747747747749,0.4858490566037736,0.22877358490566038,0.003574009297815075,0.006436579574607772,0.6161170001141727,0.14720150001812726
icicibank_ns,xgboost,5,TARGET_A,4190,848,0.4957040572792363,0.5132514940683258,0.5386020588052913,0.05176521300039401,0.33914421553090335,0.5721925133689839,0.240990990990991,0.5082547169811321,0.2205188679245283,0.0053083983323880405,0.005915598120140762,0.3971763000590727,0.008743499987758696
icicibank_ns,logistic_regression,5,TARGET_B,4190,848,0.5119331742243437,0.51847116613956,0.5572999189154526,0.011680394034080237,0.18148820326678766,0.5617977528089888,0.10822510822510822,0.4681603773584906,0.10495283018867925,0.012275235597477022,0.005020269930690583,0.021770399995148182,0.003226800006814301
icicibank_ns,random_forest,5,TARGET_B,4190,848,0.5119331742243437,0.523013256173878,0.5584931807132854,0.007404731779509012,0.39444444444444443,0.5503875968992248,0.30735930735930733,0.4858490566037736,0.30424528301886794,0.006340550162957356,0.00553732017546883,0.8230069999117404,0.27592570008710027
icicibank_ns,xgboost,5,TARGET_B,4190,848,0.5119331742243437,0.4997168203126753,0.5383206034027245,-0.01734027430306128,0.3093415007656968,0.5287958115183246,0.21861471861471862,0.4681603773584906,0.22523584905660377,0.006829152129811011,0.00547718841518372,0.37609819998033345,0.008704800042323768
icicibank_ns,logistic_regression,5,TARGET_C,4190,848,0.5212410501193318,0.5267918807378085,0.5613750954369898,0.04335106852313364,0.16417910447761194,0.6197183098591549,0.09462365591397849,0.4716981132075472,0.08372641509433962,0.0085925093046231,0.00552485545037499,0.026758200023323298,0.0029214000096544623
icicibank_ns,random_forest,5,TARGET_C,4190,848,0.5212410501193318,0.5192256941519976,0.56198273110474,0.05322226374599309,0.4913151364764268,0.5806451612903226,0.4258064516129032,0.5165094339622641,0.40212264150943394,0.00904624465179825,0.0035860185785136175,0.5994307999499142,0.16125330002978444
icicibank_ns,xgboost,5,TARGET_C,4190,848,0.5212410501193318,0.5252646059687246,0.560616480174134,0.061528954922743,0.5331781140861467,0.5812182741116751,0.4924731182795699,0.527122641509434,0.46462264150943394,0.008541925523679843,0.0033862603287219133,0.4242854999611154,0.009269800037145615
icicibank_ns,logistic_regression,5,TARGET_D,4190,848,0.5408114558472553,0.5491622310838796,0.6105811879520535,-0.00913187761421445,0.043052837573385516,0.55,0.02240325865580448,0.4233490566037736,0.02358490566037736,0.011108866961290946,0.005653023558386217,0.029141000006347895,0.005168900010176003
icicibank_ns,random_forest,5,TARGET_D,4190,848,0.5408114558472553,0.5239664093743404,0.5865743589114953,0.07399930127564824,0.5497737556561086,0.6183206106870229,0.49490835030549896,0.5306603773584906,0.4634433962264151,0.009045969808392408,0.0029622301337832763,0.740766300004907,0.17467710003256798
icicibank_ns,xgboost,5,TARGET_D,4190,848,0.5408114558472553,0.5417230028467599,0.6135239150755005,0.06851239033556741,0.569247546346783,0.6126760563380281,0.5315682281059063,0.5341981132075472,0.5023584905660378,0.011942586664377459,-0.00043758548212130516,0.4006719999015331,0.009195700054988265
icicibank_ns,logistic_regression,5,TARGET_E,4190,848,0.5212410501193318,0.5267918807378085,0.5613750954369898,0.04335106852313364,0.16417910447761194,0.6197183098591549,0.09462365591397849,0.4716981132075472,0.08372641509433962,0.0085925093046231,0.00552485545037499,0.0226241999771446,0.003414300037547946
icicibank_ns,random_forest,5,TARGET_E,4190,848,0.5212410501193318,0.5192256941519976,0.56198273110474,0.05322226374599309,0.4913151364764268,0.5806451612903226,0.4258064516129032,0.5165094339622641,0.40212264150943394,0.00904624465179825,0.0035860185785136175,0.7188767999177799,0.14625440002419055
icicibank_ns,xgboost,5,TARGET_E,4190,848,0.5212410501193318,0.5252646059687246,0.560616480174134,0.061528954922743,0.5331781140861467,0.5812182741116751,0.4924731182795699,0.527122641509434,0.46462264150943394,0.008541925523679843,0.0033862603287219133,0.38241889991331846,0.008338200044818223
icicibank_ns,logistic_regression,5,TARGET_F,4190,848,0.31789976133651554,0.5,0.3786579137122942,0.01920139281750129,0.22190569154283804,0.35331751349339285,0.3389931783007649,0.3389931783007649,0.018867924528301886,-0.020594728683519893,3.424123239653648e-05,0.03899689996615052,0.0030248999828472733
icicibank_ns,random_forest,5,TARGET_F,4190,848,0.31789976133651554,0.5,0.29015517966590554,0.02314011025912926,0.24997116053557544,0.31367201426024954,0.3449739633758349,0.3449739633758349,0.0294811320754717,-0.03460295731550059,-0.0008293305422788964,0.7090292999055237,0.16774629999417812
icicibank_ns,xgboost,5,TARGET_F,4190,848,0.31789976133651554,0.5,0.28714697752673957,-0.013503800754332208,0.20893288982805433,0.2919003701612397,0.33110664204397444,0.33110664204397444,0.01179245283018868,0.011697090550332403,-0.0012396022795994753,0.7073103000875562,0.016968800104223192
