date,fold,cash,position_value,total_equity,daily_return,cumulative_return,exposure
2005-11-22,1,0.0,100000.0,100000.0,0.0,0.0,100.0
2005-11-23,1,0.0,101120.10780954245,101120.10780954245,0.011201078095424455,0.011201078095424455,100.0
2005-11-24,1,0.0,101626.82014670478,101626.82014670478,0.005010994827227765,0.016268201467047765,100.0
2005-11-25,1,0.0,102256.20832283092,102256.20832283092,0.00619313066390921,0.0225620832283092,100.0
2005-11-28,1,0.0,103186.96740328871,103186.96740328871,0.009102225632299139,0.031869674032887124,100.0
2005-11-29,1,0.0,103033.61650049854,103033.61650049854,-0.0014861460381021632,0.03033616500498538,100.0
2005-11-30,1,0.0,101416.13153506436,101416.13153506436,-0.015698613912347288,0.014161315350643564,100.0
2005-12-01,1,0.0,103349.64534856891,103349.64534856891,0.019065150526236047,0.03349645348568912,100.0
2005-12-02,1,0.0,103342.97968731294,103342.97968731294,-6.449621799371618e-05,0.03342979687312938,100.0
2005-12-05,1,0.0,102100.19603880668,102100.19603880668,-0.01202581590221779,0.0210019603880668,100.0
2005-12-06,1,0.0,103506.06157654851,103506.06157654851,0.013769469523912425,0.03506061576548513,100.0
2005-12-07,1,0.0,106274.21986736554,106274.21986736554,0.026743924449002594,0.06274219867365537,100.0
2005-12-08,1,0.0,107672.95042921079,107672.95042921079,0.013161522743624214,0.07672950429210788,100.0
2005-12-09,1,0.0,112078.27848188629,112078.27848188629,0.040913971755345974,0.12078278481886286,100.0
2005-12-12,1,0.0,109913.57642188767,109913.57642188767,-0.019314197981265973,0.09913576421887672,100.0
2005-12-13,1,0.0,111072.52622783066,111072.52622783066,0.010544191570061603,0.11072526227830662,100.0
2005-12-14,1,0.0,112158.2108209482,112158.2108209482,0.009774555688871166,0.12158210820948195,100.0
2005-12-15,1,0.0,112084.94560812275,112084.94560812275,-0.0006532309341346702,0.12084945608122755,100.0
2005-12-16,1,0.0,114189.70044648535,114189.70044648535,0.01877821171204697,0.14189700446485354,100.0
2005-12-19,1,0.0,115532.48406243649,115532.48406243649,0.011759235821626721,0.15532484062436488,100.0
2005-12-20,1,0.0,112684.83125135458,112684.83125135458,-0.02464807049022651,0.12684831251354584,100.0
2005-12-21,1,0.0,112192.4365053525,112192.4365053525,-0.004369663072962779,0.12192436505352496,100.0
2005-12-22,1,0.0,112099.27942543138,112099.27942543138,-0.0008303329780762379,0.12099279425431378,100.0
2005-12-23,1,0.0,111238.26075772208,111238.26075772208,-0.007680858183232584,0.11238260757722077,100.0
2005-12-26,1,0.0,110648.72077884384,110648.72077884384,-0.005299795006344635,0.10648720778843838,100.0
2005-12-27,1,0.0,112994.90811298059,112994.90811298059,0.021203926422485492,0.12994908112980585,100.0
2005-12-28,1,0.0,112163.16297531189,112163.16297531189,-0.007360908129037596,0.1216316297531189,100.0
2005-12-29,1,0.0,113786.7311085434,113786.7311085434,0.014475056606498126,0.13786731108543404,100.0
2005-12-30,1,0.0,113307.64103573957,113307.64103573957,-0.004210421269126944,0.13307641035739565,100.0
2006-01-02,1,0.0,112292.24592187275,112292.24592187275,-0.008961400172002022,0.12292245921872745,100.0
2006-01-03,1,0.0,115211.12410902632,115211.12410902632,0.025993586317477196,0.15211124109026322,100.0
2006-01-04,1,0.0,115869.20913878862,115869.20913878862,0.00571199209148883,0.15869209138788617,100.0
2006-01-05,1,0.0,115155.28900107705,115155.28900107705,-0.006161431004991423,0.1515528900107705,100.0
2006-01-06,1,0.0,113376.46896119554,113376.46896119554,-0.015447141467074712,0.1337646896119554,100.0
2006-01-09,1,0.0,112270.35607933161,112270.35607933161,-0.009756106289061681,0.12270356079331614,100.0
2006-01-10,1,0.0,111176.21192065111,111176.21192065111,-0.009745619386005738,0.11176211920651112,100.0
2006-01-12,1,0.0,111255.97636057864,111255.97636057864,0.0007174595945440207,0.11255976360578643,100.0
2006-01-13,1,0.0,109797.56106891471,109797.56106891471,-0.013108646738555694,0.09797561068914715,100.0
2006-01-16,1,0.0,106939.21899860799,106939.21899860799,-0.02603283754647955,0.0693921899860799,100.0
2006-01-17,1,0.0,107912.38573766696,107912.38573766696,0.009100185583659812,0.07912385737666962,100.0
2006-01-18,1,0.0,107549.47428409474,107549.47428409474,-0.0033630194633491785,0.07549474284094744,100.0
2006-01-19,1,0.0,109594.79264892747,109594.79264892747,0.0190174650173553,0.09594792648927469,100.0
2006-01-20,1,0.0,109172.44765629471,109172.44765629471,-0.0038536958045596757,0.09172447656294709,100.0
2006-01-23,1,0.0,107722.12981850072,107722.12981850072,-0.013284650742282484,0.07722129818500718,100.0
2006-01-24,1,0.0,109079.47679737635,109079.47679737635,0.012600446919891074,0.09079476797376351,100.0
2006-01-25,1,0.0,109650.5719217688,109650.5719217688,0.005235587308997676,0.09650571921768802,100.0
2006-01-27,1,0.0,110179.17395675066,110179.17395675066,0.004820786847869733,0.10179173956750659,100.0
2006-01-30,1,0.0,110161.90759268263,110161.90759268263,-0.00015671168559317208,0.10161907592682634,100.0
2006-01-31,1,0.0,110925.58347349006,110925.58347349006,0.006932304437129673,0.10925583473490057,100.0
2006-02-01,1,0.0,110677.22344423375,110677.22344423375,-0.0022389787953259782,0.10677223444233751,100.0
2006-02-02,1,0.0,108585.62906742979,108585.62906742979,-0.018898146445260586,0.08585629067429792,100.0
2006-02-03,1,0.0,108187.5879170333,108187.5879170333,-0.0036656890402072396,0.08187587917033307,100.0
2006-02-06,1,0.0,111389.16621790918,111389.16621790918,0.02959284297318001,0.1138916621790918,100.0
2006-02-07,1,0.0,111060.11336016055,111060.11336016055,-0.0029540831386142513,0.11060113360160555,100.0
2006-02-08,1,0.0,110290.56875569426,110290.56875569426,-0.006929081748464589,0.10290568755694257,100.0
2006-02-10,1,0.0,110761.58249736318,110761.58249736318,0.004270662006578932,0.10761582497363183,100.0
2006-02-13,1,0.0,109527.65655076764,109527.65655076764,-0.011140378448682018,0.09527656550767642,100.0
2006-02-14,1,0.0,107375.58461807789,107375.58461807789,-0.019648662269079374,0.0737558461807789,100.0
2006-02-15,1,0.0,107428.65191256333,107428.65191256333,0.0004942212391597125,0.07428651912563335,100.0
2006-02-16,1,0.0,108078.78903081144,108078.78903081144,0.006051803747637627,0.08078789030811444,100.0
2006-02-17,1,0.0,107695.00875415048,107695.00875415048,-0.00355093057668844,0.07695008754150476,100.0
2006-02-20,1,0.0,109342.57573265175,109342.57573265175,0.015298452524038414,0.09342575732651749,100.0
2006-02-21,1,0.0,110412.23666733211,110412.23666733211,0.009782657190148291,0.10412236667332109,100.0
2006-02-22,1,0.0,110137.86195114393,110137.86195114393,-0.0024850027901785667,0.10137861951143932,100.0
2006-02-23,1,0.0,110714.44931359263,110714.44931359263,0.005235142141259905,0.10714449313592632,100.0
2006-02-24,1,0.0,110681.31238782212,110681.31238782212,-0.00029930082275575167,0.10681312387822123,100.0
2006-02-27,1,0.0,112026.66672006289,112026.66672006289,0.012155207624632292,0.12026666720062887,100.0
2006-02-28,1,0.0,112718.56993698736,112718.56993698736,0.0061762367584624524,0.12718569936987362,100.0
2006-03-01,1,0.0,115329.75321564756,115329.75321564756,0.02316551106104276,0.15329753215647565,100.0
2006-03-02,1,0.0,115435.79785016901,115435.79785016901,0.0009194906913843661,0.15435797850169009,100.0
2006-03-03,1,0.0,112934.23836615667,112934.23836615667,-0.021670569533891564,0.12934238366156672,100.0
2006-03-06,1,0.0,115485.88099654253,115485.88099654253,0.02259405710173469,0.1548588099654253,100.0
2006-03-07,1,0.0,114188.20600824506,114188.20600824506,-0.011236654880230073,0.14188206008245063,100.0
2006-03-08,1,0.0,114046.52890413173,114046.52890413173,-0.0012407332514104174,0.1404652890413173,100.0
2006-03-09,1,0.0,114198.8014836297,114198.8014836297,0.0013351794303706047,0.14198801483629694,100.0
2006-03-10,1,0.0,116767.6587307732,116767.6587307732,0.022494607769694915,0.16767658730773197,100.0
2006-03-13,1,0.0,121067.17494657742,121067.17494657742,0.03682112206871815,0.2106717494657742,100.0
2006-03-14,1,0.0,119382.85804950744,119382.85804950744,-0.013912250763373355,0.19382858049507443,100.0
2006-03-16,1,0.0,121517.38970765773,121517.38970765773,0.01787971651059908,0.21517389707657728,100.0
2006-03-17,1,0.0,123212.30208011235,123212.30208011235,0.013947899774116142,0.2321230208011235,100.0
2006-03-20,1,0.0,126197.73417328612,126197.73417328612,0.02422998387963447,0.26197734173286125,100.0
2006-03-21,1,0.0,126673.94880853189,126673.94880853189,0.0037735593143998804,0.2667394880853189,100.0
2006-03-22,1,0.0,125229.42354598186,125229.42354598186,-0.011403491216125534,0.2522942354598186,100.0
2006-03-23,1,0.0,123962.15263394869,123962.15263394869,-0.010119593911313129,0.23962152633948688,100.0
2006-03-24,1,0.0,125103.75332798992,125103.75332798992,0.009209268069200914,0.2510375332798992,100.0
2006-03-27,1,0.0,125070.68264293403,125070.68264293403,-0.0002643460661742884,0.2507068264293403,100.0
2006-03-28,1,0.0,124848.44860822616,124848.44860822616,-0.0017768675281187242,0.24848448608226156,100.0
2006-03-29,1,0.0,125546.90535207752,125546.90535207752,0.005594436708165403,0.2554690535207752,100.0
2006-03-30,1,0.0,130172.82890222486,130172.82890222486,0.0368461774280667,0.30172828902224863,100.0
2006-03-31,1,0.0,126693.79444912451,126693.79444912451,-0.02672627216017188,0.26693794449124514,100.0
2006-04-03,1,0.0,128896.91386537271,128896.91386537271,0.017389323808853867,0.28896913865372714,100.0
2006-04-04,1,0.0,128751.55158847055,128751.55158847055,-0.001127740552841979,0.28751551588470553,100.0
2006-04-05,1,0.0,127661.31031423293,127661.31031423293,-0.008467791345321909,0.27661310314232934,100.0
2006-04-07,1,0.0,124833.28729775979,124833.28729775979,-0.0221525457439853,0.24833287297759787,100.0
2006-04-10,1,0.0,125153.08914643883,125153.08914643883,0.002561831508259719,0.2515308914643883,100.0
2006-04-12,1,0.0,117666.77056950152,117666.77056950152,-0.05981728959304979,0.17666770569501516,100.0
2006-04-13,1,0.0,118747.76034381644,118747.76034381644,0.009186873822430759,0.18747760343816436,100.0
2006-04-17,1,0.0,125976.39198132027,125976.39198132027,0.06087383557024069,0.2597639198132027,100.0
2006-04-18,1,0.0,132778.17215639268,132778.17215639268,0.05399249865864537,0.3277817215639268,100.0
2006-04-19,1,0.0,132993.57804735645,132993.57804735645,0.0016222989627395397,0.32993578047356453,100.0
2006-04-20,1,0.0,131351.61618693444,131351.61618693444,-0.012346174037345961,0.31351616186934433,100.0
2006-04-21,1,0.0,131956.2622892851,131956.2622892851,0.00460326351439911,0.3195626228928511,100.0
2006-04-24,1,0.0,130649.27782662587,130649.27782662587,-0.009904679323168174,0.3064927782662587,100.0
2006-04-25,1,0.0,127196.99587479634,127196.99587479634,-0.02642404159639347,0.27196995874796337,100.0
2006-04-26,1,0.0,128213.53845044709,128213.53845044709,0.007991875662310128,0.28213538450447084,100.0
2006-04-27,1,0.0,128444.57048774236,128444.57048774236,0.0018019316843405043,0.28444570487742354,100.0
2006-04-28,1,0.0,130570.07006551356,130570.07006551356,0.016547990854732488,0.3057007006551356,100.0
2006-05-02,1,0.0,132886.98974226587,132886.98974226587,0.017744646040166748,0.3288698974226587,100.0
2006-05-03,1,0.0,134101.5597784554,134101.5597784554,0.009139871695078655,0.34101559778455415,100.0
2006-05-04,1,0.0,134902.90381127535,134902.90381127535,0.005975650351448624,0.3490290381127535,100.0
2006-05-05,1,0.0,132325.47231418738,132325.47231418738,-0.019105826666961184,0.3232547231418738,100.0
2006-05-08,1,0.0,133169.53973216782,133169.53973216782,0.0063787221252180355,0.3316953973216782,100.0
2006-05-09,1,0.0,133525.63432164871,133525.63432164871,0.0026739942947695034,0.3352563432164872,100.0
2006-05-10,1,0.0,133317.25173155687,133317.25173155687,-0.0015606186119279128,0.3331725173155687,100.0
2006-05-11,1,0.0,133119.42229847863,133119.42229847863,-0.0014838997242200885,0.33119422298478635,100.0
2006-05-12,1,0.0,131633.0692984135,131633.0692984135,-0.011165560775440085,0.31633069298413496,100.0
2006-05-15,1,0.0,129307.91338432436,129307.91338432436,-0.017663919306006467,0.29307913384324363,100.0
2006-05-16,1,0.0,130217.9239466642,130217.9239466642,0.007037547343565435,0.30217923946664205,100.0
2006-05-17,1,0.0,132978.31105328567,132978.31105328567,0.0211982116052786,0.32978311053285664,100.0
2006-05-18,1,0.0,126984.07762107447,126984.07762107447,-0.045076775187866944,0.26984077621074465,100.0
2006-05-19,1,0.0,124663.37952633169,124663.37952633169,-0.018275504600410105,0.24663379526331686,100.0
2006-05-22,1,0.0,117294.35676341322,117294.35676341322,-0.059111366873877864,0.17294356763413218,100.0
2006-05-23,1,0.0,120568.45044714145,120568.45044714145,0.027913480017902274,0.20568450447141454,100.0
2006-05-24,1,0.0,117963.67137942037,117963.67137942037,-0.021604151484579715,0.17963671379420368,100.0
2006-05-25,1,0.0,123648.86901928966,123648.86901928966,0.04819447863387811,0.23648869019289662,100.0
2006-05-26,1,0.0,122950.57229474015,122950.57229474015,-0.005647416996920307,0.2295057229474015,100.0
2006-05-29,1,0.0,121909.71734053253,121909.71734053253,-0.008465637327107827,0.2190971734053253,100.0
2006-05-30,1,0.0,122555.30908744979,122555.30908744979,0.005295654530261224,0.22555309087449787,100.0
2006-05-31,1,0.0,117452.46365465946,117452.46365465946,-0.04163708182686053,0.17452463654659456,100.0
2006-06-01,1,0.0,112607.85170397583,112607.85170397583,-0.04124742725642635,0.1260785170397583,100.0
2006-06-02,1,0.0,118065.51528083673,118065.51528083673,0.04846610155753646,0.18065515280836728,100.0
2006-06-05,1,0.0,116328.09472014946,116328.09472014946,-0.014715732672275668,0.16328094720149455,100.0
2006-06-06,1,0.0,115097.42617453412,115097.42617453412,-0.010579289109616686,0.1509742617453412,100.0
2006-06-07,1,0.0,112139.86109587534,112139.86109587534,-0.025696187803312977,0.12139861095875341,100.0
2006-06-08,1,0.0,108450.48244913584,108450.48244913584,-0.032899796831255365,0.08450482449135845,100.0
2006-06-09,1,0.0,109981.25448838658,109981.25448838658,0.014114939875612607,0.09981254488386578,100.0
2006-06-12,1,0.0,107848.96598361625,107848.96598361625,-0.01938774489061215,0.07848965983616246,100.0
2006-06-13,1,0.0,103347.46981434751,103347.46981434751,-0.04173889038447133,0.033474698143475104,100.0
2006-06-14,1,0.0,97641.63123579076,97641.63123579076,-0.05521023967792022,-0.02358368764209241,100.0
2006-06-15,1,0.0,102044.41041903873,102044.41041903873,0.04509120881661512,0.020444104190387297,100.0
2006-06-16,1,110781.18888236435,0.0,110781.18888236435,0.08561741331493426,0.10781188882364354,0.0
2006-06-19,1,0.0,110781.18888236434,110781.18888236434,-1.3135727622330492e-16,0.10781188882364338,100.0
2006-06-20,1,0.0,106730.71261755496,106730.71261755496,-0.03656285246325051,0.06730712617554964,100.0
2006-06-21,1,0.0,108984.37526571791,108984.37526571791,0.021115408984838633,0.08984375265717914,100.0
2006-06-22,1,0.0,111338.96100552795,111338.96100552795,0.021604801000778797,0.11338961005527948,100.0
2006-06-23,1,0.0,112540.82201379792,112540.82201379792,0.010794613111310624,0.12540822013797923,100.0
2006-06-26,1,0.0,108466.44227157571,108466.44227157571,-0.03620357190675823,0.0846644227157571,100.0
2006-06-27,1,0.0,109200.84398995907,109200.84398995907,0.006770773549892844,0.09200843989959073,100.0
2006-06-28,1,0.0,112789.1620412562,112789.1620412562,0.032859801446471174,0.12789162041256205,100.0
2006-06-29,1,0.0,111607.2246503076,111607.2246503076,-0.010479175211145475,0.11607224650307602,100.0
2006-06-30,1,0.0,115455.8385205801,115455.8385205801,0.034483555005790506,0.15455838520580104,100.0
2006-07-03,1,0.0,119415.99191735327,119415.99191735327,0.0343001570775242,0.1941599191735327,100.0
2006-07-04,1,0.0,120404.38278684518,120404.38278684518,0.008276871913235579,0.20404382786845177,100.0
2006-07-05,1,0.0,122228.59113413986,122228.59113413986,0.015150680607068298,0.2222859113413986,100.0
2006-07-06,1,0.0,119687.97127623526,119687.97127623526,-0.020785806613089385,0.19687971276235258,100.0
2006-07-07,1,0.0,115867.0774962527,115867.0774962527,-0.03192379099787793,0.15867077496252707,100.0
2006-07-10,1,0.0,119293.93806251141,119293.93806251141,0.029575791849669603,0.19293938062511415,100.0
2006-07-11,1,0.0,117410.0267316203,117410.0267316203,-0.015792179900238745,0.17410026731620296,100.0
2006-07-12,1,0.0,125392.76828959316,125392.76828959316,0.06799028822487267,0.25392768289593165,100.0
2006-07-13,1,0.0,123871.04264299625,123871.04264299625,-0.01213567311220455,0.23871042642996254,100.0
2006-07-14,1,0.0,124331.41070571262,124331.41070571262,0.0037165107590413893,0.24331410705712625,100.0
2006-07-17,1,0.0,123193.16779284342,123193.16779284342,-0.009154910303104148,0.23193167792843422,100.0
2006-07-18,1,0.0,121569.58919632666,121569.58919632666,-0.013179128563743916,0.21569589196326663,100.0
2006-07-19,1,0.0,116470.89360104334,116470.89360104334,-0.04194055132529299,0.16470893601043338,100.0
2006-07-20,1,0.0,119691.54177053581,119691.54177053581,0.027651957239414732,0.19691541770535811,100.0
2006-07-21,1,0.0,117133.57874247876,117133.57874247876,-0.021371293160890207,0.17133578742478756,100.0
2006-07-24,1,0.0,120480.1387067276,120480.1387067276,0.028570457764347298,0.20480138706727594,100.0
2006-07-25,1,0.0,122417.82941313129,122417.82941313129,0.01608307167640647,0.22417829413131288,100.0
2006-07-26,1,0.0,125167.97275008826,125167.97275008826,0.022465218915750308,0.2516797275008826,100.0
2006-07-27,1,0.0,125890.29308271827,125890.29308271827,0.00577080795318309,0.25890293082718274,100.0
2006-07-28,1,0.0,123054.00553102564,123054.00553102564,-0.0225298351623425,0.23054005531025643,100.0
2006-07-31,1,0.0,123950.46772445309,123950.46772445309,0.00728511184628949,0.2395046772445309,100.0
2006-08-01,1,0.0,123400.98585319756,123400.98585319756,-0.004433076222649264,0.23400985853197562,100.0
2006-08-02,1,0.0,124486.70429778546,124486.70429778546,0.008798296359475662,0.24486704297785458,100.0
2006-08-03,1,0.0,125082.52450845003,125082.52450845003,0.004786215636645913,0.2508252450845003,100.0
2006-08-04,1,0.0,125592.27856726488,125592.27856726488,0.004075341945791985,0.25592278567264876,100.0
2006-08-07,1,0.0,123943.8410348271,123943.8410348271,-0.013125309543252722,0.23943841034827099,100.0
2006-08-08,1,0.0,126419.80663763234,126419.80663763234,0.019976511798674348,0.2641980663763234,100.0
2006-08-09,1,0.0,127915.97577259097,127915.97577259097,0.011834926620693444,0.27915975772590973,100.0
2006-08-10,1,0.0,127869.63743318192,127869.63743318192,-0.00036225607574951455,0.27869637433181926,100.0
2006-08-11,1,0.0,128114.58250947917,128114.58250947917,0.0019155843499222924,0.28114582509479163,100.0
2006-08-14,1,0.0,127596.27172960344,127596.27172960344,-0.004045681371497087,0.2759627172960344,100.0
2006-08-16,1,0.0,128594.92437004884,128594.92437004884,0.007826660034093373,0.28594924370048846,100.0
2006-08-17,1,0.0,127001.04733914953,127001.04733914953,-0.012394556307002603,0.2700104733914953,100.0
2006-08-18,1,0.0,128264.24415313,128264.24415313,0.009946349580938233,0.28264244153129997,100.0
2006-08-21,1,0.0,128211.332089124,128211.332089124,-0.00041252388267169255,0.28211332089124,100.0
2006-08-22,1,0.0,129018.19666235446,129018.19666235446,0.006293239139498051,0.29018196662354456,100.0
2006-08-23,1,0.0,127391.24353651577,127391.24353651577,-0.012610260939365658,0.27391243536515775,100.0
2006-08-24,1,0.0,128356.83622851678,128356.83622851678,0.007579741473551356,0.2835683622851678,100.0
2006-08-25,1,0.0,128885.92457558692,128885.92457558692,0.004122011437927534,0.2888592457558692,100.0
2006-08-28,1,0.0,129772.14109833144,129772.14109833144,0.006875975989331467,0.2977214109833144,100.0
2006-08-29,1,0.0,130831.62728936004,130831.62728936004,0.008164203673158172,0.3083162728936004,100.0
2006-08-30,1,0.0,129999.14806990603,129999.14806990603,-0.00636298146481671,0.29999148069906034,100.0
2006-08-31,1,0.0,131882.140429107,131882.140429107,0.014484651531627025,0.3188214042910701,100.0
2006-09-01,1,0.0,132040.70981975878,132040.70981975878,0.0012023568175025838,0.3204070981975878,100.0
2006-09-04,1,0.0,134406.01572861423,134406.01572861423,0.017913459508693965,0.34406015728614237,100.0
2006-09-05,1,0.0,132906.22399288297,132906.22399288297,-0.011158665239802747,0.32906223992882966,100.0
2006-09-06,1,0.0,131294.11664074272,131294.11664074272,-0.012129660325212236,0.31294116640742725,100.0
2006-09-07,1,0.0,130382.35675854997,130382.35675854997,-0.0069444077580991855,0.3038235675854997,100.0
2006-09-08,1,0.0,130950.55634864242,130950.55634864242,0.00435794845421209,0.3095055634864242,100.0
2006-09-11,1,0.0,125988.70792041438,125988.70792041438,-0.03789100685466069,0.25988707920414383,100.0
2006-09-12,1,129090.30847439164,0.0,129090.30847439164,0.024618083677280862,0.2909030847439164,0.0
2006-09-13,1,129090.30847439164,0.0,129090.30847439164,0.0,0.2909030847439164,0.0
2006-09-14,1,129090.30847439164,0.0,129090.30847439164,0.0,0.2909030847439164,0.0
2006-09-15,1,129090.30847439164,0.0,129090.30847439164,0.0,0.2909030847439164,0.0
2006-09-18,1,0.0,129090.30847439166,129090.30847439166,1.1272662836074635e-16,0.2909030847439166,100.0
2006-09-19,1,0.0,130891.59393982262,130891.59393982262,0.01395368472442913,0.3089159393982262,100.0
2006-09-20,1,0.0,133483.3863257673,133483.3863257673,0.01980106061766083,0.33483386325767295,100.0
2006-09-21,1,0.0,136457.45268489045,136457.45268489045,0.02228042336193752,0.3645745268489045,100.0
2006-09-22,1,0.0,134714.48395207923,134714.48395207923,-0.012772983069206989,0.3471448395207923,100.0
2006-09-25,1,0.0,132906.7047883598,132906.7047883598,-0.013419337777833018,0.32906704788359814,100.0
2006-09-26,1,0.0,135330.0327652352,135330.0327652352,0.01823330117720009,0.353300327652352,100.0
2006-09-27,1,0.0,135116.20738212898,135116.20738212898,-0.0015800290499977392,0.35116207382128983,100.0
2006-09-28,1,0.0,132239.32503137403,132239.32503137403,-0.021291911655118446,0.3223932503137403,100.0
2006-09-29,1,0.0,132446.66462569032,132446.66462569032,0.0015679117710794331,0.3244666462569032,100.0
2006-10-03,1,131310.90579292635,0.0,131310.90579292635,-0.008575216567165013,0.3131090579292635,0.0
2006-10-04,1,131310.90579292635,0.0,131310.90579292635,0.0,0.3131090579292635,0.0
2006-10-05,1,131310.90579292635,0.0,131310.90579292635,0.0,0.3131090579292635,0.0
2006-10-06,1,0.0,131310.90579292635,131310.90579292635,0.0,0.3131090579292635,100.0
2006-10-09,1,0.0,132360.9191616173,132360.9191616173,0.00799639117825279,0.3236091916161729,100.0
2006-10-10,1,0.0,133595.8354241968,133595.8354241968,0.009329916038673197,0.3359583542419679,100.0
2006-10-11,1,0.0,137987.39402810638,137987.39402810638,0.03287197231833918,0.37987394028106386,100.0
2006-10-12,1,0.0,142979.90920583135,142979.90920583135,0.036180951259272676,0.42979909205831357,100.0
2006-10-13,1,0.0,145760.1193401152,145760.1193401152,0.019444760803991712,0.45760119340115196,100.0
2006-10-16,1,0.0,149207.32452346117,149207.32452346117,0.023649851543427296,0.49207324523461166,100.0
2006-10-17,1,0.0,147516.7492307489,147516.7492307489,-0.011330377366604796,0.4751674923074889,100.0
2006-10-18,1,0.0,146110.12648345795,146110.12648345795,-0.009535342628047396,0.46110126483457947,100.0
2006-10-19,1,0.0,144280.8639436576,144280.8639436576,-0.01251975194209038,0.44280863943657606,100.0
2006-10-20,1,0.0,143767.1309911727,143767.1309911727,-0.003560645108734132,0.43767130991172687,100.0
2006-10-23,1,0.0,142513.65469251393,142513.65469251393,-0.008718796083756605,0.42513654692513925,100.0
2006-10-26,1,0.0,142401.50477131276,142401.50477131276,-0.000786941584251299,0.4240150477131276,100.0
2006-10-27,1,0.0,141794.5615743252,141794.5615743252,-0.004262196512335095,0.417945615743252,100.0
2006-10-30,1,0.0,142414.69603735665,142414.69603735665,0.004373471423347905,0.42414696037356653,100.0
2006-10-31,1,0.0,143437.26880731512,143437.26880731512,0.007180247533514643,0.4343726880731512,100.0
2006-11-01,1,0.0,142922.68057918694,142922.68057918694,-0.0035875489850510714,0.4292268057918694,100.0
2006-11-02,1,0.0,142507.06711276795,142507.06711276795,-0.002907960197323028,0.42507067112767954,100.0
2006-11-03,1,0.0,140778.57638411273,140778.57638411273,-0.012129157968618066,0.40778576384112736,100.0
2006-11-06,1,0.0,139782.40225279404,139782.40225279404,-0.007076177049842046,0.3978240225279404,100.0
2006-11-07,1,0.0,140400.54419039076,140400.54419039076,0.004422172803117409,0.40400544190390764,100.0
2006-11-08,1,0.0,140156.6934904413,140156.6934904413,-0.0017368216152978853,0.4015669349044131,100.0
2006-11-09,1,0.0,140196.22771477493,140196.22771477493,0.0002820716110594901,0.4019622771477493,100.0
2006-11-10,1,0.0,140868.4704329002,140868.4704329002,0.0047950128836058556,0.4086847043290021,100.0
2006-11-13,1,0.0,141797.75801619823,141797.75801619823,0.006596845840962458,0.41797758016198233,100.0
2006-11-14,1,0.0,145818.05234061752,145818.05234061752,0.028352312340227757,0.4581805234061752,100.0
2006-11-15,1,0.0,144572.42660086905,144572.42660086905,-0.008542328742937852,0.4457242660086905,100.0
2006-11-16,1,0.0,143326.78477067518,143326.78477067518,-0.00861604013628959,0.4332678477067518,100.0
2006-11-17,1,0.0,144354.93205047533,144354.93205047533,0.007173448294714756,0.44354932050475326,100.0
2006-11-20,1,0.0,147347.07909509446,147347.07909509446,0.02072770914105588,0.47347079095094463,100.0
2006-11-21,1,151242.35191385535,0.0,151242.35191385535,0.026436036891148467,0.5124235191385536,0.0
2006-11-22,1,151242.35191385535,0.0,151242.35191385535,0.0,0.5124235191385536,0.0
2006-11-23,1,151242.35191385535,0.0,151242.35191385535,0.0,0.5124235191385536,0.0
2006-11-24,1,151242.35191385535,0.0,151242.35191385535,0.0,0.5124235191385536,0.0
2006-11-27,1,151242.35191385535,0.0,151242.35191385535,0.0,0.5124235191385536,0.0
2006-11-28,1,151242.35191385535,0.0,151242.35191385535,0.0,0.5124235191385536,0.0
2006-11-29,1,151242.35191385535,0.0,151242.35191385535,0.0,0.5124235191385536,0.0
2006-11-30,1,151242.35191385535,0.0,151242.35191385535,0.0,0.5124235191385536,0.0
2006-12-01,1,151242.35191385535,0.0,151242.35191385535,0.0,0.5124235191385536,0.0
2006-12-04,1,151242.35191385535,0.0,151242.35191385535,0.0,0.5124235191385536,0.0
2006-12-05,1,151242.35191385535,0.0,151242.35191385535,0.0,0.5124235191385536,0.0
2006-12-06,1,151242.35191385535,0.0,151242.35191385535,0.0,0.5124235191385536,0.0
2006-12-07,1,151242.35191385535,0.0,151242.35191385535,0.0,0.5124235191385536,0.0
2006-12-08,1,0.0,151242.35191385535,151242.35191385535,0.0,0.5124235191385536,100.0
2006-12-11,1,0.0,150798.98613885397,150798.98613885397,-0.0029314922003719776,0.5079898613885397,100.0
2006-12-12,1,0.0,143994.43606422446,143994.43606422446,-0.04512331447881197,0.43994436064224457,100.0
2006-12-13,1,0.0,144039.41110852014,144039.41110852014,0.00031233876478134714,0.44039411108520143,100.0
2006-12-14,1,0.0,147734.04746447413,147734.04746447413,0.025650176764263698,0.47734047464474133,100.0
2006-12-15,1,0.0,149096.2406878491,149096.2406878491,0.00922057742784393,0.49096240687849085,100.0
2006-12-18,1,0.0,151801.36332071855,151801.36332071855,0.01814346639720421,0.5180136332071855,100.0
2006-12-19,1,0.0,146738.10201199958,146738.10201199958,-0.03335451802248676,0.4673810201199958,100.0
2006-12-20,1,0.0,145054.63606201997,145054.63606201997,-0.011472589101922176,0.4505463606201997,100.0
2006-12-21,1,0.0,146108.40433042543,146108.40433042543,0.007264630052602439,0.4610840433042543,100.0
2006-12-22,1,0.0,148144.765812466,148144.765812466,0.013937332978021778,0.48144765812466006,100.0
2006-12-26,1,0.0,152952.62799443444,152952.62799443444,0.032453810673639505,0.5295262799443444,100.0
2006-12-27,1,0.0,153543.1755352786,153543.1755352786,0.003860983289974231,0.535431755352786,100.0
2006-12-28,1,0.0,155584.42991623477,155584.42991623477,0.013294334794366489,0.5558442991623478,100.0
2006-12-29,1,0.0,156881.07065561073,156881.07065561073,0.008334000645656238,0.5688107065561073,100.0
2007-01-02,1,0.0,160283.15606671848,160283.15606671848,0.0216857610474631,0.6028315606671848,100.0
2007-01-03,1,0.0,164346.40460710667,164346.40460710667,0.025350440059321296,0.6434640460710667,100.0
2007-01-04,1,0.0,161637.5774706671,161637.5774706671,-0.016482424078064845,0.616375774706671,100.0
2007-01-05,1,0.0,162144.67449921143,162144.67449921143,0.0031372471456171305,0.6214467449921143,100.0
2007-01-08,1,0.0,159679.77360201077,159679.77360201077,-0.015201861577098196,0.5967977360201077,100.0
2007-01-09,1,161136.06842946954,0.0,161136.06842946954,0.00912009576797415,0.6113606842946954,0.0
2007-01-10,1,161136.06842946954,0.0,161136.06842946954,0.0,0.6113606842946954,0.0
2007-01-11,1,161136.06842946954,0.0,161136.06842946954,0.0,0.6113606842946954,0.0
2007-01-12,1,161136.06842946954,0.0,161136.06842946954,0.0,0.6113606842946954,0.0
2007-01-15,1,161136.06842946954,0.0,161136.06842946954,0.0,0.6113606842946954,0.0
2007-01-16,1,161136.06842946954,0.0,161136.06842946954,0.0,0.6113606842946954,0.0
2007-01-17,1,161136.06842946954,0.0,161136.06842946954,0.0,0.6113606842946954,0.0
2007-01-18,1,0.0,161136.06842946954,161136.06842946954,0.0,0.6113606842946954,100.0
2007-01-19,1,0.0,159016.91355064782,159016.91355064782,-0.013151337869145595,0.5901691355064782,100.0
2007-01-22,1,0.0,160891.07838893487,160891.07838893487,0.011785946516249767,0.6089107838893487,100.0
2007-01-23,1,0.0,159574.25692106097,159574.25692106097,-0.008184552437958334,0.5957425692106096,100.0
2007-01-24,1,0.0,160119.36873305388,160119.36873305388,0.0034160385422479195,0.6011936873305388,100.0
2007-01-25,1,0.0,161136.06842946954,161136.06842946954,0.0063496359276226455,0.6113606842946954,100.0
2007-01-29,1,0.0,158967.9125519398,158967.9125519398,-0.013455434892149853,0.589679125519398,100.0
2007-01-31,1,0.0,156536.3893902342,156536.3893902342,-0.015295685290647303,0.565363893902342,100.0
2007-02-01,1,0.0,158269.69691761813,158269.69691761813,0.011072872794216055,0.5826969691761813,100.0
2007-02-02,1,0.0,159304.77385767497,159304.77385767497,0.006539956543896161,0.5930477385767496,100.0
2007-02-05,1,0.0,159794.04944284775,159794.04944284775,0.0030713177849265873,0.5979404944284775,100.0
2007-02-06,1,0.0,158888.48976840894,158888.48976840894,-0.005667042531284626,0.5888848976840894,100.0
2007-02-07,1,0.0,159855.23570547128,159855.23570547128,0.006084430272271074,0.5985523570547128,100.0
2007-02-08,1,0.0,159634.9591848056,159634.9591848056,-0.001377975014040391,0.596349591848056,100.0
2007-02-09,1,0.0,157542.39199069113,157542.39199069113,-0.013108451963156471,0.5754239199069113,100.0
2007-02-12,1,0.0,153675.42318049414,153675.42318049414,-0.024545576345098827,0.5367542318049414,100.0
2007-02-13,1,0.0,153320.53986966715,153320.53986966715,-0.0023093042692335663,0.5332053986966715,100.0
2007-02-14,1,0.0,154281.1612052462,154281.1612052462,0.006265444515103107,0.542811612052462,100.0
2007-02-15,1,0.0,158135.89575052896,158135.89575052896,0.02498512790005939,0.5813589575052895,100.0
2007-02-19,1,0.0,160283.53954383603,160283.53954383603,0.013581001221222641,0.6028353954383603,100.0
2007-02-20,1,158870.1919388935,0.0,158870.1919388935,-0.008817796318729285,0.5887019193889349,0.0
2007-02-21,1,158870.1919388935,0.0,158870.1919388935,0.0,0.5887019193889349,0.0
2007-02-22,1,158870.1919388935,0.0,158870.1919388935,0.0,0.5887019193889349,0.0
2007-02-23,1,158870.1919388935,0.0,158870.1919388935,0.0,0.5887019193889349,0.0
2007-02-26,1,158870.1919388935,0.0,158870.1919388935,0.0,0.5887019193889349,0.0
2007-02-27,1,158870.1919388935,0.0,158870.1919388935,0.0,0.5887019193889349,0.0
2007-02-28,1,158870.1919388935,0.0,158870.1919388935,0.0,0.5887019193889349,0.0
2007-03-01,1,158870.1919388935,0.0,158870.1919388935,0.0,0.5887019193889349,0.0
2007-03-02,1,0.0,158870.19193889346,158870.19193889346,-1.831925177501388e-16,0.5887019193889346,100.0
2007-03-05,1,0.0,151903.0661827645,151903.0661827645,-0.04385420368100727,0.5190306618276451,100.0
2007-03-06,1,0.0,157384.7417268945,157384.7417268945,0.03608666817518116,0.5738474172689452,100.0
2007-03-07,1,0.0,156668.31728955082,156668.31728955082,-0.0045520577756316925,0.5666831728955082,100.0
2007-03-08,1,0.0,160165.02247855437,160165.02247855437,0.022319159671198994,0.6016502247855436,100.0
2007-03-09,1,0.0,159343.42746014294,159343.42746014294,-0.005129678163791615,0.5934342746014294,100.0
2007-03-12,1,0.0,162347.17563809958,162347.17563809958,0.01885078177264626,0.6234717563809958,100.0
2007-03-13,1,0.0,166343.41701700835,166343.41701700835,0.02461540438385635,0.6634341701700835,100.0
2007-03-14,1,0.0,159527.46795362263,159527.46795362263,-0.040975165627917816,0.5952746795362264,100.0
2007-03-15,1,0.0,162255.1634147486,162255.1634147486,0.017098594343131834,0.6225516341474859,100.0
2007-03-16,1,162532.83960012632,0.0,162532.83960012632,0.0017113550011838199,0.6253283960012632,0.0
2007-03-19,1,162532.83960012632,0.0,162532.83960012632,0.0,0.6253283960012632,0.0
2007-03-20,1,0.0,162532.83960012632,162532.83960012632,0.0,0.6253283960012632,100.0
2007-03-21,1,0.0,164348.8489811333,164348.8489811333,0.011173184357541886,0.6434884898113331,100.0
2007-03-22,1,0.0,169025.0794709644,169025.0794709644,0.028453077212411224,0.6902507947096441,100.0
2007-03-23,1,0.0,167098.799710063,167098.799710063,-0.011396413874973567,0.6709879971006301,100.0
2007-03-26,1,0.0,163615.9563140722,163615.9563140722,-0.020843018633490945,0.6361595631407219,100.0
2007-03-28,1,0.0,155787.6618992432,155787.6618992432,-0.047845543864939694,0.5578766189924319,100.0
2007-03-29,1,0.0,161929.6618888514,161929.6618888514,0.03942545843958169,0.6192966188885141,100.0
2007-03-30,1,0.0,160048.7950299513,160048.7950299513,-0.011615332465716782,0.6004879502995129,100.0
2007-04-02,1,0.0,154257.0190872278,154257.0190872278,-0.03618756355922352,0.5425701908722779,100.0
2007-04-03,1,0.0,156001.6947431595,156001.6947431595,0.011310186507267702,0.5600169474315949,100.0
2007-04-04,1,0.0,155294.955774887,155294.955774887,-0.004530328785440836,0.55294955774887,100.0
2007-04-05,1,0.0,154750.6882722927,154750.6882722927,-0.0035047339424421732,0.5475068827229269,100.0
2007-04-09,1,0.0,157731.14881139252,157731.14881139252,0.019259756272330935,0.5773114881139252,100.0
2007-04-10,1,0.0,155158.8849446107,155158.8849446107,-0.016307900412603996,0.5515888494461071,100.0
2007-04-11,1,0.0,154277.7147980703,154277.7147980703,-0.005679147197113349,0.5427771479807029,100.0
2007-04-12,1,0.0,155625.38864789807,155625.38864789807,0.00873537601715009,0.5562538864789807,100.0
2007-04-13,1,0.0,163536.57392800003,163536.57392800003,0.050834798543064115,0.6353657392800003,100.0
2007-04-16,1,0.0,165901.50457315534,165901.50457315534,0.014461172741679894,0.6590150457315535,100.0
2007-04-17,1,0.0,162013.9473482425,162013.9473482425,-0.023432923257176292,0.620139473482425,100.0
2007-04-18,1,0.0,161657.58793595884,161657.58793595884,-0.002199560087982335,0.6165758793595885,100.0
2007-04-19,1,160900.4374928492,0.0,160900.4374928492,-0.004683667823929194,0.6090043749284919,0.0
2007-04-20,1,0.0,160900.4374928492,160900.4374928492,0.0,0.6090043749284919,100.0
2007-04-23,1,0.0,159640.2575140752,159640.2575140752,-0.007832048180913076,0.596402575140752,100.0
2007-04-24,1,0.0,156704.08548411695,156704.08548411695,-0.01839242854954287,0.5670408548411695,100.0
2007-04-25,1,0.0,156256.30468636492,156256.30468636492,-0.0028574928111712414,0.5625630468636492,100.0
2007-04-26,1,0.0,158693.5178467857,158693.5178467857,0.01559753486627437,0.5869351784678569,100.0
2007-04-27,1,0.0,157938.6842356756,157938.6842356756,-0.004756549740354558,0.5793868423567561,100.0
2007-04-30,1,0.0,161968.71141544374,161968.71141544374,0.02551640340218702,0.6196871141544374,100.0
2007-05-03,1,0.0,165064.78954153004,165064.78954153004,0.019115285285841256,0.6506478954153004,100.0
2007-05-04,1,0.0,162870.67612642903,162870.67612642903,-0.013292437600988088,0.6287067612642903,100.0
2007-05-07,1,0.0,162851.48239734012,162851.48239734012,-0.00011784643832389096,0.6285148239734012,100.0
2007-05-08,1,161877.04413310182,0.0,161877.04413310182,-0.005983600823852338,0.6187704413310182,0.0
2007-05-09,1,161877.04413310182,0.0,161877.04413310182,0.0,0.6187704413310182,0.0
2007-05-10,1,0.0,161877.04413310182,161877.04413310182,0.0,0.6187704413310182,100.0
2007-05-11,1,0.0,164885.01877213593,164885.01877213593,0.01858184806340314,0.6488501877213593,100.0
2007-05-14,1,0.0,164582.2415740854,164582.2415740854,-0.0018362929531454011,0.6458224157408541,100.0
2007-05-15,1,0.0,162976.2465243261,162976.2465243261,-0.009758009335632867,0.629762465243261,100.0
2007-05-16,1,0.0,161153.02707358776,161153.02707358776,-0.011187025653251885,0.6115302707358775,100.0
2007-05-17,1,0.0,164549.33170774384,164549.33170774384,0.02107502847343488,0.6454933170774384,100.0
2007-05-18,1,0.0,164924.50097018338,164924.50097018338,0.0022799804687500935,0.6492450097018337,100.0
2007-05-21,1,0.0,162844.6070589599,162844.6070589599,-0.012611188143594888,0.628446070589599,100.0
2007-05-22,1,0.0,162002.1112667621,162002.1112667621,-0.0051736180117574,0.620021112667621,100.0
2007-05-23,1,0.0,162364.11979651914,162364.11979651914,0.00223459143171862,0.6236411979651914,100.0
2007-05-24,1,0.0,161064.20977204014,161064.20977204014,-0.00800614092638262,0.6106420977204013,100.0
2007-05-25,1,0.0,161748.0440454439,161748.0440454439,0.00424572457389278,0.6174804404544391,100.0
2007-05-28,1,0.0,161162.84064146577,161162.84064146577,-0.003617993697739721,0.6116284064146577,100.0
2007-05-29,1,0.0,161905.86306844573,161905.86306844573,0.0046103830388107,0.6190586306844573,100.0
2007-05-30,1,0.0,159867.4917669829,159867.4917669829,-0.012589854763944669,0.5986749176698288,100.0
2007-05-31,1,0.0,158907.47821662627,158907.47821662627,-0.006005057937331586,0.5890747821662627,100.0
2007-06-01,1,0.0,160268.58100405958,160268.58100405958,0.008565379066539728,0.6026858100405958,100.0
2007-06-04,1,0.0,158874.60126015107,158874.60126015107,-0.008697773045567798,0.5887460126015107,100.0
2007-06-05,1,0.0,158868.03550077687,158868.03550077687,-4.132667727962344e-05,0.5886803550077687,100.0
2007-06-06,1,0.0,157855.41560941964,157855.41560941964,-0.006373968735531308,0.5785541560941964,100.0
2007-06-07,1,0.0,158571.21591643814,158571.21591643814,0.004534531199041068,0.5857121591643815,100.0
2007-06-08,1,0.0,160292.24247579006,160292.24247579006,0.010853335199616803,0.6029224247579006,100.0
2007-06-11,1,0.0,160456.46287338372,160456.46287338372,0.001024506208517611,0.6045646287338372,100.0
2007-06-12,1,0.0,159930.957601084,159930.957601084,-0.003275064543298559,0.59930957601084,100.0
2007-06-13,1,0.0,158078.55472365717,158078.55472365717,-0.011582516013236623,0.5807855472365717,100.0
2007-06-14,1,0.0,158249.35035201386,158249.35035201386,0.0010804478106170893,0.5824935035201386,100.0
2007-06-15,1,0.0,155602.1143353744,155602.1143353744,-0.01672825835146161,0.5560211433537441,100.0
2007-06-18,1,0.0,152738.1041864817,152738.1041864817,-0.018405984784498536,0.527381041864817,100.0
2007-06-19,1,0.0,152396.52896691652,152396.52896691652,-0.0022363458115739736,0.5239652896691652,100.0
2007-06-20,1,0.0,150688.63683194245,150688.63683194245,-0.011206896551724176,0.5068863683194245,100.0
2007-06-21,1,0.0,150354.2020724287,150354.2020724287,-0.0022193761025704932,0.5035420207242871,100.0
2007-06-22,1,0.0,149612.66494728028,149612.66494728028,-0.004931934824084387,0.4961266494728028,100.0
2007-06-25,1,0.0,147748.9931827774,147748.9931827774,-0.012456644396780143,0.477489931827774,100.0
2007-06-26,1,0.0,147224.01341574997,147224.01341574997,-0.003553186764379404,0.4722401341574997,100.0
2007-06-27,1,0.0,148720.2089560003,148720.2089560003,0.010162713986238027,0.4872020895600031,100.0
2007-06-28,1,0.0,149205.80883205624,149205.80883205624,0.003265190921024041,0.49205808832056236,100.0
2007-06-29,1,0.0,150846.3706040169,150846.3706040169,0.010995294250287923,0.5084637060401691,100.0
2007-07-02,1,0.0,148890.81776761758,148890.81776761758,-0.01296387064911754,0.48890817767617584,100.0
2007-07-03,1,0.0,147991.79312080535,147991.79312080535,-0.006038147014649313,0.4799179312080535,100.0
2007-07-04,1,0.0,146685.9123587691,146685.9123587691,-0.008824007970295098,0.466859123587691,100.0
2007-07-05,1,0.0,145752.54426551974,145752.54426551974,-0.006363038401169005,0.4575254426551974,100.0
2007-07-06,1,0.0,151914.88801582926,151914.88801582926,0.04227949351665161,0.5191488801582926,100.0
2007-07-09,1,0.0,154288.04272716452,154288.04272716452,0.01562160721922119,0.5428804272716452,100.0
2007-07-10,1,0.0,155127.17358779913,155127.17358779913,0.0054387290538029055,0.5512717358779913,100.0
2007-07-11,1,0.0,150636.5294718821,150636.5294718821,-0.028948146298658713,0.506365294718821,100.0
2007-07-12,1,0.0,152426.23463442613,152426.23463442613,0.0118809505822962,0.5242623463442613,100.0
2007-07-13,1,0.0,148945.15958194935,148945.15958194935,-0.02283776845124903,0.48945159581949355,100.0
2007-07-16,1,0.0,147935.5905185091,147935.5905185091,-0.006778126031580054,0.47935590518509097,100.0
2007-07-17,1,0.0,151534.6550940475,151534.6550940475,0.024328591672388107,0.5153465509404751,100.0
2007-07-18,1,0.0,152963.79759035003,152963.79759035003,0.009431126466850412,0.5296379759035004,100.0
2007-07-19,1,0.0,154847.60336679805,154847.60336679805,0.012315370081834717,0.5484760336679805,100.0
2007-07-20,1,0.0,154022.4226866038,154022.4226866038,-0.005328985804446691,0.5402242268660379,100.0
2007-07-23,1,0.0,155993.700969083,155993.700969083,0.012798644821281997,0.55993700969083,100.0
2007-07-24,1,0.0,153498.49235413066,153498.49235413066,-0.015995572894618827,0.5349849235413067,100.0
2007-07-25,1,0.0,150394.19554077648,150394.19554077648,-0.02022363064122076,0.5039419554077648,100.0
2007-07-26,1,0.0,155751.38638813116,155751.38638813116,0.03562099473381724,0.5575138638813115,100.0
2007-07-27,1,0.0,151022.91833537817,151022.91833537817,-0.03035907520572358,0.5102291833537816,100.0
2007-07-30,1,0.0,148855.15018913668,148855.15018913668,-0.014353901845728514,0.4885515018913668,100.0
2007-07-31,1,0.0,151455.16725530245,151455.16725530245,0.0174667592143246,0.5145516725530246,100.0
2007-08-01,1,0.0,146065.2307621682,146065.2307621682,-0.035587669874931525,0.46065230762168213,100.0
2007-08-02,1,0.0,143302.13352070277,143302.13352070277,-0.018916871777407945,0.43302133520702774,100.0
2007-08-03,1,0.0,143531.1238216393,143531.1238216393,0.0015979545824658292,0.4353112382163931,100.0
2007-08-06,1,0.0,143864.78581914652,143864.78581914652,0.002324666515687838,0.4386478581914652,100.0
2007-08-07,1,0.0,145153.68686289448,145153.68686289448,0.008959114187736298,0.4515368686289448,100.0
2007-08-08,1,0.0,150819.55158220956,150819.55158220956,0.0390335570647048,0.5081955158220957,100.0
2007-08-09,1,0.0,149916.6723438978,149916.6723438978,-0.005986486691147651,0.49916672343897805,100.0
2007-08-10,1,0.0,149759.65681249392,149759.65681249392,-0.0010473520319588178,0.49759656812493924,100.0
2007-08-13,1,0.0,148451.14080714228,148451.14080714228,-0.008737439930100586,0.4845114080714228,100.0
2007-08-14,1,0.0,147895.02150486785,147895.02150486785,-0.003746143675627924,0.4789502150486785,100.0
2007-08-16,1,0.0,142366.54138225722,142366.54138225722,-0.03738111037381113,0.42366541382257217,100.0
2007-08-17,1,0.0,138060.72217873158,138060.72217873158,-0.030244600744808565,0.3806072217873158,100.0
2007-08-20,1,0.0,137982.29292079533,137982.29292079533,-0.0005680779927742109,0.3798229292079533,100.0
2007-08-21,1,0.0,132714.24035588076,132714.24035588076,-0.03817919280366316,0.3271424035588076,100.0
2007-08-22,1,0.0,134106.41952345907,134106.41952345907,0.010490051134264941,0.34106419523459075,100.0
2007-08-23,1,0.0,131753.4460426358,131753.4460426358,-0.01754556932609533,0.31753446042635797,100.0
2007-08-24,1,0.0,133126.01390644937,133126.01390644937,0.010417699916322532,0.3312601390644937,100.0
2007-08-27,1,0.0,134184.84878139533,134184.84878139533,0.007953628625056119,0.3418484878139533,100.0
2007-08-28,1,0.0,134478.97046649823,134478.97046649823,0.002191914271797294,0.34478970466498227,100.0
2007-08-29,1,0.0,134851.52140953738,134851.52140953738,0.0027703286376063153,0.34851521409537384,100.0
2007-08-30,1,0.0,136733.90338562056,136733.90338562056,0.013958922794548845,0.36733903385620564,100.0
2007-08-31,1,0.0,138993.4933112093,138993.4933112093,0.016525454694408845,0.38993493311209315,100.0
2007-09-03,1,0.0,138588.66741206677,138588.66741206677,-0.0029125528792641074,0.38588667412066774,100.0
2007-09-04,1,0.0,139222.02586053428,139222.02586053428,0.004570059444935269,0.3922202586053428,100.0
2007-09-05,1,0.0,140038.21353669488,140038.21353669488,0.0058624895817721585,0.4003821353669488,100.0
2007-09-06,1,0.0,140776.05038417716,140776.05038417716,0.005268825050306282,0.4077605038417716,100.0
2007-09-07,1,0.0,140547.5178348522,140547.5178348522,-0.0016233766233766686,0.40547517834852187,100.0
2007-09-10,1,0.0,136760.40701746708,136760.40701746708,-0.026945412311266043,0.3676040701746708,100.0
2007-09-11,1,0.0,133639.3021555959,133639.3021555959,-0.022821699130162257,0.3363930215559591,100.0
2007-09-12,1,0.0,132627.22943715678,132627.22943715678,-0.007573166741478305,0.32627229437156785,100.0
2007-09-13,1,0.0,134612.20743027865,134612.20743027865,0.014966594729798034,0.3461220743027865,100.0
2007-09-14,1,0.0,133388.25413666587,133388.25413666587,-0.009092439066098199,0.3338825413666587,100.0
2007-09-17,1,0.0,130152.86166288212,130152.86166288212,-0.024255452586318876,0.3015286166288212,100.0
2007-09-18,1,0.0,130779.06537351571,130779.06537351571,0.004811294216915224,0.3077906537351571,100.0
2007-09-19,1,0.0,133466.5266145155,133466.5266145155,0.020549628744663144,0.3346652661451549,100.0
2007-09-20,1,0.0,130726.87841320783,130726.87841320783,-0.020526856214820404,0.3072687841320783,100.0
2007-09-21,1,0.0,132781.61456418858,132781.61456418858,0.01571777874543935,0.3278161456418858,100.0
2007-09-24,1,0.0,131405.2690841493,131405.2690841493,-0.010365482333956209,0.314052690841493,100.0
2007-09-25,1,0.0,130681.22079489758,130681.22079489758,-0.0055100400029473055,0.30681220794897585,100.0
2007-09-26,1,0.0,135775.6602624258,135775.6602624258,0.03898371500159061,0.35775660262425807,100.0
2007-09-27,1,0.0,138613.1530423516,138613.1530423516,0.02089839058371367,0.38613153042351595,100.0
2007-09-28,1,138168.2699711786,0.0,138168.2699711786,-0.003209529986213168,0.38168269971178614,0.0
2007-10-01,1,0.0,138168.2699711786,138168.2699711786,0.0,0.38168269971178614,100.0
2007-10-03,1,0.0,143149.02962756113,143149.02962756113,0.03604850561870311,0.4314902962756113,100.0
2007-10-04,1,0.0,143162.3069468796,143162.3069468796,9.275172422065122e-05,0.43162306946879603,100.0
2007-10-05,1,0.0,142300.1231675264,142300.1231675264,-0.006022421667688703,0.42300123167526416,100.0
2007-10-08,1,0.0,143036.28575632398,143036.28575632398,0.005173309568614371,0.43036285756323983,100.0
2007-10-09,1,0.0,145238.1672467631,145238.1672467631,0.01539386651992792,0.452381672467631,100.0
2007-10-10,1,0.0,149290.43748646425,149290.43748646425,0.02790086322706236,0.49290437486464245,100.0
2007-10-11,1,0.0,142194.00176409565,142194.00176409565,-0.047534429142603384,0.4219400176409565,100.0
2007-10-12,1,0.0,141066.53066801841,141066.53066801841,-0.007929104477611831,0.41066530668018414,100.0
2007-10-15,1,0.0,142479.18886794458,142479.18886794458,0.010014127328690565,0.42479188867944584,100.0
2007-10-16,1,0.0,141574.77134453054,141574.77134453054,-0.006347716677782974,0.4157477134453054,100.0
2007-10-17,1,0.0,145059.8013258404,145059.8013258404,0.02461617948037396,0.4505980132584041,100.0
2007-10-18,1,0.0,148922.5006395845,148922.5006395845,0.026628323480655428,0.489225006395845,100.0
2007-10-19,1,0.0,146934.8354190295,146934.8354190295,-0.013346977199674231,0.4693483541902949,100.0
2007-10-22,1,0.0,142045.17574133197,142045.17574133197,-0.03327774291067986,0.4204517574133197,100.0
2007-10-23,1,0.0,140938.71200368853,140938.71200368853,-0.0077895200021318575,0.4093871200368853,100.0
2007-10-24,1,0.0,138871.54340944352,138871.54340944352,-0.014667145490806761,0.3887154340944352,100.0
2007-10-25,1,0.0,139083.5577978372,139083.5577978372,0.0015266942613907145,0.3908355779783719,100.0
2007-10-26,1,0.0,141959.05652230338,141959.05652230338,0.020674612944873237,0.4195905652230338,100.0
2007-10-29,1,0.0,141521.76370351686,141521.76370351686,-0.0030804150823432286,0.4152176370351686,100.0
2007-10-30,1,0.0,138798.86111787858,138798.86111787858,-0.01924016853932562,0.3879886111787858,100.0
2007-10-31,1,0.0,137408.88682914447,137408.88682914447,-0.010014306151645152,0.37408886829144467,100.0
2007-11-01,1,0.0,135429.8265830459,135429.8265830459,-0.014402709255328851,0.35429826583045915,100.0
2007-11-02,1,0.0,135184.92958311838,135184.92958311838,-0.0018082944215937337,0.35184929583118385,100.0
2007-11-05,1,0.0,133874.3791647006,133874.3791647006,-0.009694500877126198,0.338743791647006,100.0
2007-11-06,1,0.0,132947.72963887785,132947.72963887785,-0.006921783926129207,0.3294772963887785,100.0
2007-11-07,1,0.0,131987.98548713286,131987.98548713286,-0.007218958566287047,0.3198798548713286,100.0
2007-11-08,1,0.0,131008.38940768012,131008.38940768012,-0.007421857950458927,0.3100838940768012,100.0
2007-11-12,1,0.0,127593.01754871073,127593.01754871073,-0.026069871360231905,0.27593017548710735,100.0
2007-11-13,1,0.0,125408.77223784283,125408.77223784283,-0.01711884672712621,0.2540877223784283,100.0
2007-11-14,1,0.0,130487.25333464328,130487.25333464328,0.0404954215417156,0.3048725333464328,100.0
2007-11-15,1,0.0,129627.65352093898,129627.65352093898,-0.006587615201768333,0.29627653520938985,100.0
2007-11-16,1,0.0,129984.71967327181,129984.71967327181,0.0027545523091271054,0.29984719673271815,100.0
2007-11-19,1,0.0,131386.52537157058,131386.52537157058,0.010784388363665557,0.3138652537157058,100.0
2007-11-20,1,0.0,127128.19852627213,127128.19852627213,-0.03241068163767626,0.2712819852627213,100.0
2007-11-21,1,0.0,124946.1374607151,124946.1374607151,-0.0171642569536301,0.24946137460715093,100.0
2007-11-22,1,0.0,125660.26976538074,125660.26976538074,0.005715521257231187,0.2566026976538074,100.0
2007-11-23,1,0.0,127081.91561112244,127081.91561112244,0.01131340755830022,0.2708191561112244,100.0
2007-11-26,1,0.0,130275.65469134909,130275.65469134909,0.025131341976301808,0.3027565469134909,100.0
2007-11-27,1,0.0,131710.52999260707,131710.52999260707,0.011014147690583558,0.3171052999260707,100.0
2007-11-28,1,0.0,129009.20290217747,129009.20290217747,-0.020509575738410845,0.29009202902177467,100.0
2007-11-29,1,0.0,127628.61125328128,127628.61125328128,-0.010701497395833294,0.2762861125328128,100.0
2007-11-30,1,0.0,133725.6699973409,133725.6699973409,0.04777188033457408,0.3372566999734091,100.0
2007-12-03,1,0.0,138706.36485062455,138706.36485062455,0.03724561524636728,0.38706364850624553,100.0
2007-12-04,1,0.0,136037.65481730123,136037.65481730123,-0.019239996925860668,0.3603765481730123,100.0
2007-12-05,1,0.0,136500.05339401154,136500.05339401154,0.003399048427667449,0.36500053394011545,100.0
2007-12-06,1,0.0,136810.53391154876,136810.53391154876,0.002274581656323644,0.3681053391154876,100.0
2007-12-07,1,0.0,140384.2046638147,140384.2046638147,0.02612131281189495,0.4038420466381469,100.0
2007-12-10,1,0.0,136817.12992919225,136817.12992919225,-0.02540937381926048,0.3681712992919225,100.0
2007-12-11,1,0.0,137570.18871614427,137570.18871614427,0.005504126474088142,0.3757018871614427,100.0
2007-12-12,1,0.0,139029.5946639075,139029.5946639075,0.010608446214859152,0.39029594663907513,100.0
2007-12-13,1,0.0,135888.4222081769,135888.4222081769,-0.022593552569322658,0.35888422208176896,100.0
2007-12-14,1,0.0,137313.83171655415,137313.83171655415,0.010489558162604697,0.3731383171655415,100.0
2007-12-17,1,0.0,133618.3422914853,133618.3422914853,-0.02691272524312873,0.33618342291485315,100.0
2007-12-18,1,0.0,132628.4790526276,132628.4790526276,-0.007408138896816622,0.32628479052627607,100.0
2007-12-19,1,0.0,135215.3184279647,135215.3184279647,0.01950440353244661,0.352153184279647,100.0
2007-12-20,1,0.0,137967.1350097781,137967.1350097781,0.020351367092179218,0.3796713500977811,100.0
2007-12-24,1,0.0,146460.15837696628,146460.15837696628,0.061558307828790154,0.4646015837696628,100.0
2007-12-26,1,0.0,145219.54267310887,145219.54267310887,-0.008470670232816897,0.45219542673108865,100.0
2007-12-27,1,0.0,146598.7456748285,146598.7456748285,0.00949736499876082,0.46598745674828507,100.0
2007-12-28,1,0.0,142681.24634244927,142681.24634244927,-0.026722597893631756,0.42681246342449275,100.0
2007-12-31,1,0.0,142054.95987122398,142054.95987122398,-0.004389409871863202,0.42054959871223985,100.0
2008-01-01,1,0.0,139042.1955391607,139042.1955391607,-0.021208441681968945,0.3904219553916069,100.0
2008-01-02,1,0.0,138442.27258664087,138442.27258664087,-0.00431468267739523,0.38442272586640874,100.0
2008-01-03,1,0.0,133306.72191309917,133306.72191309917,-0.03709524972098197,0.33306721913099174,100.0
2008-01-04,1,0.0,132535.4038991053,132535.4038991053,-0.0057860399155017055,0.325354038991053,100.0
2008-01-07,1,0.0,128632.64548151291,128632.64548151291,-0.029446912317582865,0.2863264548151291,100.0
2008-01-08,1,0.0,130247.80532835705,130247.80532835705,0.012556375877974677,0.30247805328357047,100.0
2008-01-09,1,0.0,131361.9376077154,131361.9376077154,0.008553942821144708,0.313619376077154,100.0
2008-01-10,1,0.0,129430.3431091565,129430.3431091565,-0.0147043697263906,0.294303431091565,100.0
2008-01-11,1,0.0,130367.82481270019,130367.82481270019,0.007243136972549403,0.30367824812700184,100.0
2008-01-14,1,0.0,126600.69512658248,126600.69512658248,-0.028896161238633505,0.26600695126582474,100.0
2008-01-15,1,0.0,123814.85761448667,123814.85761448667,-0.02200491481749268,0.23814857614486667,100.0
2008-01-16,1,0.0,124466.86299385213,124466.86299385213,0.005265970433011908,0.24466862993852134,100.0
2008-01-17,1,0.0,121536.1389705305,121536.1389705305,-0.0235462190725124,0.21536138970530505,100.0
2008-01-18,1,0.0,118967.63926469807,118967.63926469807,-0.021133629285814602,0.18967639264698066,100.0
2008-01-21,1,0.0,109464.1871373482,109464.1871373482,-0.07988266545497369,0.09464187137348198,100.0
2008-01-22,1,0.0,105407.2763893542,105407.2763893542,-0.03706153449898335,0.05407276389354199,100.0
2008-01-23,1,0.0,114851.45383868455,114851.45383868455,0.08959701619122933,0.14851453838684553,100.0
2008-01-24,1,0.0,111071.14753554881,111071.14753554881,-0.03291474488817009,0.11071147535548807,100.0
2008-01-25,1,0.0,116401.16319460457,116401.16319460457,0.04798740066451429,0.16401163194604568,100.0
2008-01-28,1,0.0,112414.10246520796,112414.10246520796,-0.034252756759233234,0.12414102465207966,100.0
2008-01-29,1,0.0,114177.36096812598,114177.36096812598,0.015685385234150185,0.14177360968125985,100.0
2008-01-30,1,0.0,114460.26651304726,114460.26651304726,0.002477772673343292,0.1446026651304726,100.0
2008-01-31,1,0.0,114973.45596682667,114973.45596682667,0.004483559836206707,0.14973455966826674,100.0
2008-02-01,1,0.0,122309.38749203479,122309.38749203479,0.06380543633762521,0.22309387492034788,100.0
2008-02-04,1,0.0,128382.09455908851,128382.09455908851,0.04965037591615114,0.2838209455908851,100.0
2008-02-05,1,0.0,125671.41369686209,125671.41369686209,-0.021114166048901914,0.2567141369686209,100.0
2008-02-06,1,0.0,119230.26683212876,119230.26683212876,-0.051253874491062196,0.19230266832128765,100.0
2008-02-07,1,0.0,115670.86130375328,115670.86130375328,-0.029853204416517665,0.15670861303753278,100.0
2008-02-08,1,0.0,118098.84233695983,118098.84233695983,0.020990429273545753,0.1809884233695983,100.0
2008-02-11,1,0.0,119111.03656529664,119111.03656529664,0.008570737937030892,0.19111036565296644,100.0
2008-02-12,1,0.0,113662.24859190517,113662.24859190517,-0.04574545004823671,0.13662248591905168,100.0
2008-02-13,1,0.0,114227.50189401173,114227.50189401173,0.004973096248835054,0.1422750189401173,100.0
2008-02-14,1,0.0,114865.05363766324,114865.05363766324,0.005581420700621401,0.14865053637663236,100.0
2008-02-15,1,0.0,114720.45675457336,114720.45675457336,-0.0012588413839600228,0.14720456754573358,100.0
2008-02-18,1,0.0,112157.09147965288,112157.09147965288,-0.0223444479514617,0.12157091479652882,100.0
2008-02-19,1,0.0,115081.9569856519,115081.9569856519,0.026078293110245558,0.15081956985651893,100.0
2008-02-20,1,0.0,116481.94397563461,116481.94397563461,0.012165130196363134,0.1648194397563461,100.0
2008-02-21,1,0.0,120234.98006606023,120234.98006606023,0.03221989573946906,0.20234980066060235,100.0
2008-02-22,1,0.0,118263.08351135986,118263.08351135986,-0.016400356648430963,0.1826308351135986,100.0
2008-02-25,1,0.0,118289.34974939669,118289.34974939669,0.0002221000607878146,0.18289349749396686,100.0
2008-02-26,1,0.0,117980.74349462288,117980.74349462288,-0.002608909892797725,0.17980743494622875,100.0
2008-02-27,1,0.0,115242.65048972664,115242.65048972664,-0.023207965332249537,0.15242650489726642,100.0
2008-02-28,1,0.0,115682.58793468456,115682.58793468456,0.003817488083521105,0.1568258793468456,100.0
2008-02-29,1,0.0,115222.9568226969,115222.9568226969,-0.003973209107728249,0.15222956822696898,100.0
2008-03-03,1,0.0,111440.84297464829,111440.84297464829,-0.032824308213756946,0.11440842974648287,100.0
2008-03-04,1,0.0,112780.3409612213,112780.3409612213,0.012019812043935594,0.127803409612213,100.0
2008-03-05,1,0.0,114947.173346306,114947.173346306,0.019212855419808876,0.14947173346305995,100.0
2008-03-07,1,0.0,111119.10760852133,111119.10760852133,-0.03330282621436629,0.11119107608521328,100.0
2008-03-10,1,0.0,109368.09035492822,109368.09035492822,-0.01575802120155639,0.09368090354928223,100.0
2008-03-11,1,0.0,108036.4898574627,108036.4898574627,-0.012175402287304538,0.080364898574627,100.0
2008-03-12,1,0.0,108043.0478485836,108043.0478485836,6.070163080602052e-05,0.08043047848583607,100.0
2008-03-13,1,0.0,102290.28835539584,102290.28835539584,-0.053245068588308846,0.02290288355395838,100.0
2008-03-14,1,0.0,105458.5667690489,105458.5667690489,0.030973403874327243,0.054585667690489066,100.0
2008-03-17,1,0.0,103884.26454890374,103884.26454890374,-0.014928158691866563,0.03884264548903739,100.0
2008-03-18,1,0.0,107275.5787191889,107275.5787191889,0.03264511892163118,0.07275578719188895,100.0
2008-03-19,1,0.0,106455.62964619663,106455.62964619663,-0.007643389882226763,0.06455629646196627,100.0
2008-03-24,1,0.0,108062.72982926149,108062.72982926149,0.015096432085424029,0.08062729829261486,100.0
2008-03-25,1,0.0,114989.65799643722,114989.65799643722,0.06410099187870084,0.14989657996437222,100.0
2008-03-26,1,0.0,115117.12735939777,115117.12735939777,0.001108528933658501,0.15117127359397767,100.0
2008-03-27,1,0.0,111729.21250259074,111729.21250259074,-0.029430154613134946,0.11729212502590744,100.0
2008-03-28,1,0.0,114160.38614252162,114160.38614252162,0.0217595164726906,0.14160386142521617,100.0
2008-03-31,1,0.0,106218.11335672335,106218.11335672335,-0.06957118011043578,0.06218113356723348,100.0
2008-04-01,1,0.0,109088.33700735182,109088.33700735182,0.027021979207906822,0.09088337007351817,100.0
2008-04-02,1,0.0,111565.38667780688,111565.38667780688,0.022706824014451007,0.11565386677806877,100.0
2008-04-03,1,0.0,116041.111410625,116041.111410625,0.040117502982745974,0.16041111410625003,100.0
2008-04-04,1,0.0,114402.85316278643,114402.85316278643,-0.014117912418482498,0.14402853162786428,100.0
2008-04-07,1,0.0,118491.93934994523,118491.93934994523,0.03574286894174173,0.18491939349945227,100.0
2008-04-08,1,0.0,116296.67329784154,116296.67329784154,-0.01852671214723184,0.16296673297841538,100.0
2008-04-09,1,0.0,114727.06127031054,114727.06127031054,-0.013496620178559543,0.14727061270310543,100.0
2008-04-10,1,0.0,117777.71933264597,117777.71933264597,0.026590570947753227,0.17777719332645966,100.0
2008-04-11,1,0.0,118884.07604387101,118884.07604387101,0.009393599379355468,0.18884076043871012,100.0
2008-04-15,1,0.0,127545.0722253086,127545.0722253086,0.072852449795223,0.275450722253086,100.0
2008-04-16,1,0.0,127250.48062718227,127250.48062718227,-0.002309705839563348,0.2725048062718227,100.0
2008-04-17,1,0.0,131047.43900303278,131047.43900303278,0.029838459997450304,0.3104743900303278,100.0
2008-04-21,1,0.0,130065.46700927833,130065.46700927833,-0.007493255886761113,0.30065467009278335,100.0
2008-04-22,1,0.0,116160.74197945374,116160.74197945374,-0.1069055864677185,0.1616074197945374,100.0
2008-04-23,1,0.0,116416.0562960916,116416.0562960916,0.0021979397883238137,0.164160562960916,100.0
2008-04-24,1,0.0,116625.5404582358,116625.5404582358,0.0017994438981114652,0.16625540458235802,100.0
2008-04-25,1,0.0,116319.25525024037,116319.25525024037,-0.0026262275552336165,0.1631925525024037,100.0
2008-04-28,1,0.0,115325.18855484977,115325.18855484977,-0.008546020117237207,0.15325188554849767,100.0
2008-04-29,1,0.0,119098.72697856232,119098.72697856232,0.03272085197517647,0.19098726978562322,100.0
2008-04-30,1,0.0,120465.57467221231,120465.57467221231,0.011476593649032247,0.20465574672212314,100.0
2008-05-02,1,0.0,123441.2444048864,123441.2444048864,0.024701411509229103,0.234412444048864,100.0
2008-05-05,1,0.0,121309.22768758996,121309.22768758996,-0.017271510244205278,0.21309227687589954,100.0
2008-05-06,1,0.0,122564.89172211675,122564.89172211675,0.010350935855931187,0.2256489172211675,100.0
2008-05-07,1,0.0,126449.6138049525,126449.6138049525,0.03169522714255992,0.26449613804952504,100.0
2008-05-08,1,0.0,123866.3400809827,123866.3400809827,-0.020429273338505267,0.238663400809827,100.0
2008-05-09,1,0.0,119942.37999393996,119942.37999393996,-0.031678986272439216,0.19942379993939963,100.0
2008-05-12,1,0.0,121116.052725975,121116.052725975,0.009785304677915614,0.21116052725974993,100.0
2008-05-13,1,0.0,118260.9549616419,118260.9549616419,-0.023573239880866625,0.18260954961641895,100.0
2008-05-14,1,0.0,126898.10601323465,126898.10601323465,0.07303468041835298,0.26898106013234646,100.0
2008-05-15,1,0.0,128675.18586732101,128675.18586732101,0.014003990366105414,0.28675185867321007,100.0
2008-05-16,1,0.0,128191.71314992968,128191.71314992968,-0.003757311202875147,0.2819171314992968,100.0
2008-05-20,1,0.0,124931.54817594474,124931.54817594474,-0.025431947930767834,0.24931548175944743,100.0
2008-05-21,1,0.0,126107.55901403145,126107.55901403145,0.009413241533119336,0.26107559014031445,100.0
2008-05-22,1,0.0,125591.42730424942,125591.42730424942,-0.004092789629879368,0.25591427304249414,100.0
2008-05-23,1,0.0,121834.72601591687,121834.72601591687,-0.029912083722337335,0.21834726015916867,100.0
2008-05-26,1,0.0,124846.61884506105,124846.61884506105,0.024721135981794727,0.2484661884506105,100.0
2008-05-27,1,0.0,126477.49920040923,126477.49920040923,0.013063071875195623,0.2647749920040923,100.0
2008-05-28,1,0.0,131770.78118970772,131770.78118970772,0.0418515706174032,0.3177078118970772,100.0
2008-05-29,1,0.0,129838.83217837058,129838.83217837058,-0.014661437034024677,0.2983883217837058,100.0
2008-05-30,1,0.0,135647.7377130999,135647.7377130999,0.04473935445405989,0.3564773771309989,100.0
2008-06-02,1,0.0,128429.02401178537,128429.02401178537,-0.05321661697434556,0.2842902401178537,100.0
2008-06-03,1,0.0,127293.35671933189,127293.35671933189,-0.008842761993965356,0.2729335671933189,100.0
2008-06-04,1,0.0,124891.46899668017,124891.46899668017,-0.01886891652914476,0.24891468996680166,100.0
2008-06-05,1,0.0,128167.94960573011,128167.94960573011,0.026234623032074692,0.28167949605730114,100.0
2008-06-06,1,0.0,126125.04715876293,126125.04715876293,-0.01593926136176444,0.26125047158762926,100.0
2008-06-09,1,0.0,119324.05410060853,119324.05410060853,-0.05392262053700951,0.19324054100608526,100.0
2008-06-10,1,0.0,114627.45925982104,114627.45925982104,-0.03936000059826605,0.14627459259821043,100.0
2008-06-11,1,0.0,116107.57173317374,116107.57173317374,0.012912372680247494,0.1610757173317374,100.0
2008-06-12,1,0.0,115833.72091869857,115833.72091869857,-0.00235859565734872,0.1583372091869857,100.0
2008-06-13,1,0.0,118617.90005029723,118617.90005029723,0.024035998408035462,0.18617900050297234,100.0
2008-06-16,1,0.0,118774.389641165,118774.389641165,0.0013192746693493638,0.18774389641165007,100.0
2008-06-17,1,0.0,120143.65963232327,120143.65963232327,0.011528326900226787,0.20143659632323266,100.0
2008-06-18,1,0.0,117483.36842513621,117483.36842513621,-0.02214258509627862,0.17483368425136214,100.0
2008-06-19,1,0.0,115801.11925224242,115801.11925224242,-0.014319041030609938,0.15801119252242424,100.0
2008-06-20,1,0.0,112651.7950888219,112651.7950888219,-0.027195973439259603,0.12651795088821904,100.0
2008-06-23,1,0.0,111947.60386900383,111947.60386900383,-0.00625104304163862,0.11947603869003826,100.0
2008-06-24,1,0.0,110005.27641424042,110005.27641424042,-0.01735032629225573,0.10005276414240419,100.0
2008-06-25,1,0.0,114226.22244012555,114226.22244012555,0.0383703960707354,0.14226222440125552,100.0
2008-06-26,1,0.0,114818.9778290116,114818.9778290116,0.005189310967512291,0.14818977829011593,100.0
2008-06-27,1,0.0,112754.10230191778,112754.10230191778,-0.017983747688198593,0.1275410230191778,100.0
2008-06-30,1,0.0,111803.08720034511,111803.08720034511,-0.008434416860738005,0.11803087200345108,100.0
2008-07-01,1,0.0,110435.186479178,110435.186479178,-0.012234910103295341,0.10435186479177995,100.0
2008-07-02,1,0.0,114187.14115266429,114187.14115266429,0.03397426846554661,0.14187141152664293,100.0
2008-07-03,1,0.0,111601.16058893538,111601.16058893538,-0.022646863189888806,0.11601160588935382,100.0
2008-07-04,1,0.0,110018.30085958356,110018.30085958356,-0.014183183409552791,0.10018300859583557,100.0
2008-07-07,1,0.0,111027.94186806405,111027.94186806405,0.009177027827116702,0.11027941868064052,100.0
2008-07-08,1,0.0,108047.19659195558,108047.19659195558,-0.02684680293948464,0.0804719659195558,100.0
2008-07-09,1,0.0,114105.49050723654,114105.49050723654,0.05607081077874086,0.14105490507236537,100.0
2008-07-10,1,0.0,113018.77472741692,113018.77472741692,-0.009523781677715972,0.13018774727416924,100.0
2008-07-11,1,0.0,103934.57876623955,103934.57876623955,-0.08037776009417015,0.03934578766239545,100.0
2008-07-14,1,0.0,99932.58979207641,99932.58979207641,-0.03850488472334172,-0.0006741020792358904,100.0
2008-07-15,1,0.0,97694.08524098738,97694.08524098738,-0.022400145495544074,-0.02305914759012623,100.0
2008-07-16,1,0.0,94759.28697181676,94759.28697181676,-0.030040695523492384,-0.05240713028183236,100.0
2008-07-17,1,0.0,101936.84110612264,101936.84110612264,0.07574512603118906,0.019368411061226363,100.0
2008-07-18,1,0.0,103316.38534746638,103316.38534746638,0.01353332344198845,0.033163853474663774,100.0
2008-07-21,1,0.0,105782.65331211014,105782.65331211014,0.023871024488026586,0.057826533121101385,100.0
2008-07-22,1,0.0,108153.67076495405,108153.67076495405,0.022414047848168996,0.08153670764954048,100.0
2008-07-23,1,0.0,111885.12687157113,111885.12687157113,0.03450142820142006,0.11885126871571133,100.0
2008-07-24,1,0.0,104344.2083304017,104344.2083304017,-0.06739875756520686,0.043442083304017,100.0
2008-07-25,1,0.0,103908.65845094548,103908.65845094548,-0.004174164397098729,0.03908658450945484,100.0
2008-07-28,1,0.0,104825.26851410093,104825.26851410093,0.008821305912520934,0.04825268514100928,100.0
2008-07-29,1,0.0,105176.31286088345,105176.31286088345,0.003348852349806311,0.05176312860883452,100.0
2008-07-30,1,0.0,109076.78796838487,109076.78796838487,0.03708510976858995,0.09076787968384874,100.0
2008-07-31,1,0.0,108400.70402931058,108400.70402931058,-0.00619823843062054,0.08400704029310582,100.0
2008-08-01,1,0.0,109297.81647825068,109297.81647825068,0.008275891351199398,0.0929781647825068,100.0
2008-08-04,1,0.0,106008.40945582827,106008.40945582827,-0.030095816443661307,0.06008409455828267,100.0
2008-08-05,1,0.0,107766.26733542835,107766.26733542835,0.01658224935760919,0.07766267335428347,100.0
2008-08-06,1,0.0,111773.24174469955,111773.24174469955,0.03718208404490137,0.11773241744699553,100.0
2008-08-07,1,0.0,110838.06224740474,110838.06224740474,-0.008366756503590086,0.10838062247404741,100.0
2008-08-08,1,0.0,109766.5042234964,109766.5042234964,-0.009667780202765373,0.09766504223496406,100.0
2008-08-11,1,0.0,108318.28207501749,108318.28207501749,-0.01319366193470262,0.08318282075017487,100.0
2008-08-12,1,0.0,106408.95891962419,106408.95891962419,-0.01762697043211015,0.06408958919624187,100.0
2008-08-13,1,0.0,107584.42401487609,107584.42401487609,0.011046674144606432,0.07584424014876087,100.0
2008-08-14,1,0.0,108220.86770920764,108220.86770920764,0.005915760577419171,0.0822086770920764,100.0
2008-08-18,1,0.0,109305.4111441834,109305.4111441834,0.010021574008165904,0.09305411144183395,100.0
2008-08-19,1,0.0,109266.44698337973,109266.44698337973,-0.00035647055709131054,0.09266446983379734,100.0
2008-08-20,1,0.0,109202.5919458674,109202.5919458674,-0.0005843974914096301,0.09202591945867404,100.0
2008-08-21,1,0.0,106120.88848347285,106120.88848347285,-0.028220057852859172,0.06120888483472852,100.0
2008-08-22,1,0.0,106270.11097688989,106270.11097688989,0.0014061557111847676,0.0627011097688989,100.0
2008-08-25,1,0.0,106166.30781261767,106166.30781261767,-0.0009767860720009363,0.0616630781261767,100.0
2008-08-26,1,0.0,108222.93621859883,108222.93621859883,0.019371761610200145,0.08222936218598828,100.0
2008-08-27,1,0.0,106198.74679643234,106198.74679643234,-0.0187038856354612,0.06198746796432344,100.0
2008-08-28,1,0.0,102812.11213437555,102812.11213437555,-0.03188959158386758,0.028121121343755513,100.0
2008-08-29,1,0.0,105387.77220106537,105387.77220106537,0.025052107317116733,0.05387772201065367,100.0
2008-09-01,1,0.0,105744.60102302684,105744.60102302684,0.00338586549946892,0.05744601023026844,100.0
2008-09-02,1,0.0,110136.83626366493,110136.83626366493,0.04153625999006448,0.10136836263664925,100.0
2008-09-04,1,109430.422167215,0.0,109430.422167215,-0.006413967573562632,0.09430422167215001,0.0
2008-09-05,1,0.0,109430.42216721499,109430.42216721499,-1.3297869952590348e-16,0.09430422167214987,100.0
2008-09-08,1,0.0,111818.99007218255,111818.99007218255,0.02182727488081623,0.11818990072182554,100.0
2008-09-09,1,0.0,112876.22256514765,112876.22256514765,0.009454856391410953,0.12876222565147646,100.0
2008-09-10,1,0.0,111061.95870974571,111061.95870974571,-0.016073038361598388,0.11061958709745712,100.0
2008-09-11,1,0.0,109208.53160413342,109208.53160413342,-0.016688226348106513,0.09208531604133416,100.0
2008-09-12,1,0.0,105795.35397056435,105795.35397056435,-0.031253763633974925,0.057953539705643486,100.0
2008-09-15,1,0.0,99275.7323533142,99275.7323533142,-0.061624838639550386,-0.007242676466857956,100.0
2008-09-16,1,0.0,97742.08800333533,97742.08800333533,-0.015448330761446898,-0.022579119966646684,100.0
2008-09-17,1,0.0,95294.78318953924,95294.78318953924,-0.025038393017679093,-0.04705216810460756,100.0
2008-09-18,1,0.0,94126.60939827688,94126.60939827688,-0.012258528244289016,-0.058733906017231205,100.0
2008-09-19,1,0.0,99991.40912395497,99991.40912395497,0.0623075638564907,-8.590876045025652e-05,100.0
2008-09-22,1,0.0,99984.89109563513,99984.89109563513,-6.518588323685188e-05,-0.00015108904364868067,100.0
2008-09-23,1,0.0,94012.92074539853,94012.92074539853,-0.059728727858736556,-0.05987079254601471,100.0
2008-09-24,1,0.0,92976.29956988594,92976.29956988594,-0.011026369219183329,-0.07023700430114055,100.0
2008-09-25,1,0.0,89762.13167318956,89762.13167318956,-0.034569754997405985,-0.10237868326810436,100.0
2008-09-26,1,0.0,88171.34279564099,88171.34279564099,-0.01772227160714499,-0.11828657204359014,100.0
2008-09-29,1,0.0,80843.28829701399,80843.28829701399,-0.08311152202378935,-0.1915671170298601,100.0
2008-09-30,1,0.0,86789.17857545069,86789.17857545069,0.07354834771925416,-0.13210821424549316,100.0
2008-10-01,1,0.0,87591.09502180509,87591.09502180509,0.009239820672542136,-0.12408904978194914,100.0
2008-10-03,1,0.0,85733.00331497854,85733.00331497854,-0.021213248976553883,-0.14266996685021455,100.0
2008-10-06,1,0.0,80632.18300063841,80632.18300063841,-0.059496577946767916,-0.1936781699936159,100.0
2008-10-07,1,0.0,75017.8936326766,75017.8936326766,-0.06962839351524641,-0.24982106367323403,100.0
2008-10-08,1,0.0,71201.21043552471,71201.21043552471,-0.050876970977620166,-0.28798789564475286,100.0
2008-10-10,1,0.0,68361.50024952416,68361.50024952416,-0.03988289199903435,-0.31638499750475835,100.0
2008-10-13,1,0.0,74620.58814758733,74620.58814758733,0.09155866789372773,-0.2537941185241267,100.0
2008-10-14,1,0.0,77206.29377828426,77206.29377828426,0.03465137028379927,-0.22793706221715737,100.0
2008-10-15,1,0.0,70745.2934072497,70745.2934072497,-0.08368489218753099,-0.292547065927503,100.0
2008-10-16,1,0.0,64479.69399889501,64479.69399889501,-0.08856560071475533,-0.3552030600110499,100.0
2008-10-17,1,0.0,59119.41316151782,59119.41316151782,-0.08313130080097852,-0.4088058683848218,100.0
2008-10-20,1,0.0,64004.23846446441,64004.23846446441,0.0826264173089972,-0.35995761535535586,100.0
2008-10-21,1,0.0,72756.65605097041,72756.65605097041,0.13674746855031178,-0.27243343949029586,100.0
2008-10-22,1,0.0,71136.5221664819,71136.5221664819,-0.022267844241680327,-0.28863477833518103,100.0
2008-10-23,1,0.0,71221.10303586084,71221.10303586084,0.0011889935971426623,-0.2877889696413916,100.0
2008-10-24,1,0.0,64916.22232152869,64916.22232152869,-0.08852545728135601,-0.3508377767847131,100.0
2008-10-27,1,0.0,64642.9448605195,64642.9448605195,-0.0042096944528849795,-0.35357055139480503,100.0
2008-10-29,1,0.0,70375.2466864026,70375.2466864026,0.08867637200396318,-0.29624753313597396,100.0
2008-10-31,1,0.0,69945.81351289226,69945.81351289226,-0.006102048571480458,-0.3005418648710774,100.0
2008-11-03,1,0.0,71234.12097603477,71234.12097603477,0.01841865007267452,-0.2876587902396523,100.0
2008-11-04,1,0.0,66171.99287684784,66171.99287684784,-0.07106324932246971,-0.3382800712315216,100.0
2008-11-05,1,0.0,65898.71541583865,65898.71541583865,-0.00412980551330503,-0.34101284584161345,100.0
2008-11-06,1,0.0,65026.809072012016,65026.809072012016,-0.013231006679336228,-0.34973190927987985,100.0
2008-11-07,1,0.0,68270.35093634023,68270.35093634023,0.04988007116782012,-0.31729649063659776,100.0
2008-11-10,1,0.0,71039.38373451676,71039.38373451676,0.04055981491524129,-0.28960616265483247,100.0
2008-11-11,1,0.0,68751.35056160553,68751.35056160553,-0.03220795356927496,-0.31248649438394466,100.0
2008-11-12,1,0.0,69537.8666760034,69537.8666760034,0.011440009657600751,-0.30462133323996604,100.0
2008-11-14,1,0.0,69011.35379025439,69011.35379025439,-0.007571599632214459,-0.3098864620974561,100.0
2008-11-17,1,0.0,67470.83783437747,67470.83783437747,-0.0223226450615503,-0.3252916216562253,100.0
2008-11-18,1,0.0,62810.279167379886,62810.279167379886,-0.06907515626881623,-0.37189720832620116,100.0
2008-11-19,1,0.0,62745.27836021767,62745.27836021767,-0.0010348753105999876,-0.3725472163978233,100.0
2008-11-20,1,0.0,61490.76357545384,61490.76357545384,-0.0199937719227528,-0.38509236424546156,100.0
2008-11-21,1,0.0,65773.47984237815,65773.47984237815,0.06964812303345504,-0.34226520157621854,100.0
2008-11-24,1,0.0,67520.25461867586,67520.25461867586,0.026557432881516085,-0.32479745381324143,100.0
2008-11-25,1,0.0,65455.292805891564,65455.292805891564,-0.03058284990846481,-0.34544707194108437,100.0
2008-11-26,1,0.0,68500.7837092903,68500.7837092903,0.046527801998078,-0.3149921629070969,100.0
2008-11-27,1,0.0,68500.7837092903,68500.7837092903,0.0,-0.3149921629070969,100.0
2008-12-01,1,0.0,73267.07348109789,73267.07348109789,0.06958007651467443,-0.2673292651890211,100.0
2008-12-02,1,0.0,69202.08566188435,69202.08566188435,-0.055481782280580094,-0.30797914338115645,100.0
2008-12-03,1,0.0,69455.33689201588,69455.33689201588,0.0036595895587438454,-0.30544663107984116,100.0
2008-12-04,1,0.0,71351.46719362387,71351.46719362387,0.027299994305059045,-0.28648532806376126,100.0
2008-12-05,1,0.0,67767.00592678455,67767.00592678455,-0.050236686193323846,-0.3223299407321545,100.0
2008-12-08,1,0.0,67757.62428811307,67757.62428811307,-0.00013843962180668198,-0.3224237571188692,100.0
2008-12-10,1,0.0,70196.76743698257,70196.76743698257,0.035998061834310806,-0.2980323256301743,100.0
2008-12-11,1,0.0,65863.3940762104,65863.3940762104,-0.06173180787366521,-0.341366059237896,100.0
2008-12-12,1,0.0,62444.69840641338,62444.69840641338,-0.05190585328538122,-0.3755530159358662,100.0
2008-12-15,1,0.0,60933.207914509505,60933.207914509505,-0.024205265306376064,-0.3906679208549049,100.0
2008-12-16,1,0.0,62191.7043869157,62191.7043869157,0.020653704531228508,-0.37808295613084303,100.0
2008-12-17,1,0.0,61925.73144202381,61925.73144202381,-0.004276662740052595,-0.3807426855797619,100.0
2008-12-18,1,0.0,66233.15883021872,66233.15883021872,0.06955795737717867,-0.33766841169781286,100.0
2008-12-19,1,0.0,66628.86955680427,66628.86955680427,0.005974510857921173,-0.33371130443195723,100.0
2008-12-22,1,0.0,66239.6443335121,66239.6443335121,-0.005841690334552977,-0.337603556664879,100.0
2008-12-23,1,0.0,64883.76766885004,64883.76766885004,-0.020469262453090935,-0.35116232331149955,100.0
2008-12-24,1,0.0,61973.976701123494,61973.976701123494,-0.04484620841652366,-0.38026023298876505,100.0
2008-12-26,1,0.0,61131.49870530758,61131.49870530758,-0.013594060614810274,-0.3886850129469242,100.0
2008-12-29,1,0.0,61798.999710903634,61798.999710903634,0.010919100950130933,-0.38201000289096365,100.0
2008-12-30,1,0.0,62544.26870720233,62544.26870720233,0.01205956406713822,-0.37455731292797667,100.0
2008-12-31,1,0.0,61941.573701284426,61941.573701284426,-0.009636294713739347,-0.38058426298715575,100.0
2009-01-02,1,0.0,64585.65769706397,64585.65769706397,0.0426867423248034,-0.35414342302936025,100.0
2009-01-05,1,0.0,66782.5826683309,66782.5826683309,0.03401567855159888,-0.332174173316691,100.0
2009-01-06,1,0.0,65635.51568293883,65635.51568293883,-0.017176139938894917,-0.3436448431706117,100.0
2009-01-07,1,0.0,65428.13569287989,65428.13569287989,-0.003159569752764851,-0.3457186430712011,100.0
2009-01-09,1,69525.56947190368,0.0,69525.56947190368,0.06262495080491325,-0.3047443052809632,0.0
2009-01-12,1,0.0,69525.56947190368,69525.56947190368,0.0,-0.3047443052809632,100.0
2009-01-13,1,0.0,71302.54250453641,71302.54250453641,0.025558554156839053,-0.2869745749546359,100.0
2009-01-14,1,0.0,73106.63819724575,73106.63819724575,0.025301982641005482,-0.26893361802754256,100.0
2009-01-15,1,0.0,69240.71530749704,69240.71530749704,-0.05288059997121235,-0.3075928469250296,100.0
2009-01-16,1,0.0,68230.14784363496,68230.14784363496,-0.014594988791987028,-0.3176985215636504,100.0
2009-01-19,1,0.0,67924.94340497059,67924.94340497059,-0.004473161033797177,-0.3207505659502941,100.0
2009-01-20,1,0.0,67341.66546691874,67341.66546691874,-0.008587094943522099,-0.32658334533081257,100.0
2009-01-21,1,0.0,66778.72952392434,66778.72952392434,-0.008359400366641378,-0.3322127047607566,100.0
2009-01-22,1,0.0,67362.01160157633,67362.01160157633,0.00873454888720257,-0.3263798839842367,100.0
2009-01-23,1,0.0,65944.50488616175,65944.50488616175,-0.02104311735520394,-0.34055495113838247,100.0
2009-01-27,1,0.0,67633.42651689221,67633.42651689221,0.025611256520099743,-0.32366573483107786,100.0
2009-01-28,1,0.0,68764.94227988861,68764.94227988861,0.01673012623002008,-0.3123505772011139,100.0
2009-01-29,1,0.0,69652.53617422812,69652.53617422812,0.012907651266932085,-0.30347463825771875,100.0
2009-01-30,1,0.0,69327.31115147947,69327.31115147947,-0.004669248825845144,-0.3067268884852053,100.0
2009-02-02,1,0.0,66576.44002363345,66576.44002363345,-0.0396794723775656,-0.3342355997636655,100.0
2009-02-03,1,0.0,67735.05959496745,67735.05959496745,0.017402846576397134,-0.32264940405032555,100.0
2009-02-04,1,0.0,67572.44501586286,67572.44501586286,-0.002400744608138906,-0.3242755498413714,100.0
2009-02-05,1,0.0,65438.150376282916,65438.150376282916,-0.03158528064329937,-0.34561849623717084,100.0
2009-02-06,1,0.0,68134.81388745373,68134.81388745373,0.04120934799752798,-0.31865186112546273,100.0
2009-02-09,1,0.0,69788.0469449951,69788.0469449951,0.024264145790024744,-0.302119530550049,100.0
2009-02-10,1,0.0,71017.8580889537,71017.8580889537,0.01762208856378934,-0.28982141911046305,100.0
2009-02-11,1,0.0,69684.41508305105,69684.41508305105,-0.018776164781433423,-0.3031558491694895,100.0
2009-02-12,1,0.0,69027.8442458044,69027.8442458044,-0.009422061395853505,-0.309721557541956,100.0
2009-02-13,1,0.0,69203.83456259452,69203.83456259452,0.002549555454222635,-0.30796165437405476,100.0
2009-02-16,1,0.0,67789.16144310407,67789.16144310407,-0.020442120417632235,-0.3221083855689593,100.0
2009-02-17,1,0.0,65690.84491316274,65690.84491316274,-0.030953569645531837,-0.34309155086837256,100.0
2009-02-18,1,0.0,65081.65624317979,65081.65624317979,-0.009273570324574864,-0.34918343756820214,100.0
2009-02-19,1,0.0,66266.18976814665,66266.18976814665,0.018200728029121063,-0.3373381023185335,100.0
2009-02-20,1,0.0,64174.64034867512,64174.64034867512,-0.03156284414102394,-0.3582535965132488,100.0
2009-02-24,1,0.0,63477.45858595963,63477.45858595963,-0.010863820333507829,-0.36522541414040366,100.0
2009-02-25,1,0.0,65016.57458693661,65016.57458693661,0.02424665440713478,-0.3498342541306339,100.0
2009-02-26,1,0.0,65212.67407068162,65212.67407068162,0.0030161460364664253,-0.3478732592931838,100.0
2009-02-27,1,0.0,65334.38914150547,65334.38914150547,0.0018664327534234418,-0.34665610858494533,100.0
2009-03-02,1,0.0,62190.06182138841,62190.06182138841,-0.04812668123837312,-0.3780993817861159,100.0
2009-03-03,1,0.0,60344.03822017779,60344.03822017779,-0.029683578808981557,-0.3965596177982221,100.0
2009-03-04,1,0.0,62284.72726438751,62284.72726438751,0.032160410563322146,-0.3771527273561249,100.0
2009-03-05,1,0.0,62643.11626069349,62643.11626069349,0.00575404295799001,-0.3735688373930651,100.0
2009-03-06,1,0.0,65145.05412831351,65145.05412831351,0.039939549897358886,-0.3485494587168649,100.0
2009-03-09,1,0.0,62616.066632868744,62616.066632868744,-0.038820867206028016,-0.37383933367131256,100.0
2009-03-12,1,0.0,64563.52014763153,64563.52014763153,0.031101498696510518,-0.35436479852368474,100.0
2009-03-13,1,0.0,68477.79006758664,68477.79006758664,0.060626649708762914,-0.3152220993241336,100.0
2009-03-16,1,0.0,70227.39274457339,70227.39274457339,0.025549929039180616,-0.29772607255426614,100.0
2009-03-17,1,0.0,67221.31439662793,67221.31439662793,-0.042804925976377514,-0.3277868560337207,100.0
2009-03-18,1,0.0,68248.1105221125,68248.1105221125,0.015274859390968412,-0.31751889477887496,100.0
2009-03-19,1,0.0,69572.13851549695,69572.13851549695,0.019400214647048077,-0.30427861484503055,100.0
2009-03-20,1,0.0,68876.34629605857,68876.34629605857,-0.010001018141527826,-0.31123653703941423,100.0
2009-03-23,1,0.0,70207.13199552553,70207.13199552553,0.01932137476843934,-0.2979286800447447,100.0
2009-03-24,1,0.0,70477.3412852285,70477.3412852285,0.0038487441663360676,-0.29522658714771505,100.0
2009-03-25,1,0.0,71065.0431918792,71065.0431918792,0.008338877374392147,-0.289349568081208,100.0
2009-03-26,1,0.0,75449.19056653639,75449.19056653639,0.06169203841640914,-0.2455080943346361,100.0
2009-03-27,1,0.0,77587.2368926264,77587.2368926264,0.028337564790765185,-0.22412763107373598,100.0
2009-03-30,1,0.0,70622.81191311909,70622.81191311909,-0.08976250809325038,-0.2937718808688091,100.0
2009-03-31,1,0.0,72687.84423070314,72687.84423070314,0.029240301563246588,-0.27312155769296864,100.0
2009-04-01,1,0.0,73490.91464250998,73490.91464250998,0.011048207857946407,-0.26509085357490025,100.0
2009-04-02,1,0.0,78113.62139458704,78113.62139458704,0.06290174471992642,-0.2188637860541296,100.0
2009-04-06,1,0.0,78221.59537917495,78221.59537917495,0.0013822683247840134,-0.2177840462082505,100.0
2009-04-08,1,0.0,81541.85101099024,81541.85101099024,0.0424467899909294,-0.1845814898900976,100.0
2009-04-09,1,0.0,81325.89480392744,81325.89480392744,-0.002648409428842804,-0.1867410519607256,100.0
2009-04-13,1,0.0,79935.71018737655,79935.71018737655,-0.01709399718137199,-0.2006428981262345,100.0
2009-04-15,1,0.0,77971.90502494748,77971.90502494748,-0.02456730737521103,-0.22028094975052517,100.0
2009-04-16,1,0.0,77132.11450379762,77132.11450379762,-0.010770424563580475,-0.22867885496202375,100.0
2009-04-17,1,0.0,77273.68915706755,77273.68915706755,0.001835482589589273,-0.22726310842932448,100.0
2009-04-20,1,0.0,75696.13126398966,75696.13126398966,-0.020415200960204202,-0.24303868736010337,100.0
2009-04-21,1,0.0,74260.13979453262,74260.13979453262,-0.018970473728030277,-0.25739860205467385,100.0
2009-04-22,1,0.0,73208.43178926433,73208.43178926433,-0.014162483509702718,-0.2679156821073567,100.0
2009-04-23,1,0.0,76599.51630373542,76599.51630373542,0.04632095554556569,-0.2340048369626458,100.0
2009-04-24,1,0.0,78729.90910398419,78729.90910398419,0.027812092073809566,-0.2127009089601581,100.0
2009-04-27,1,0.0,81156.93137597981,81156.93137597981,0.030827195148797656,-0.1884306862402019,100.0
2009-04-28,1,80617.79205331046,0.0,80617.79205331046,-0.006643170380255622,-0.19382207946689536,0.0
2009-04-29,2,0.0,80617.79205331046,80617.79205331046,0.0,0.0,100.0
2009-04-30,2,0.0,80423.87497054222,80423.87497054222,-0.0024053881634466846,-0.0024053881634466846,100.0
2009-05-05,2,0.0,84160.01392141268,84160.01392141268,0.04645559483721642,0.04393846293582241,100.0
2009-05-06,2,0.0,82136.8092016616,82136.8092016616,-0.024039976058467874,0.018842207280331494,100.0
2009-05-07,2,0.0,81664.94903456268,81664.94903456268,-0.005744807616526818,0.01298915480790845,100.0
2009-05-08,2,0.0,81567.99049317857,81567.99049317857,-0.0011872724165060949,0.011786460726185197,100.0
2009-05-11,2,0.0,79538.32344876982,79538.32344876982,-0.024883131632113566,-0.013389954959654773,100.0
2009-05-12,2,0.0,82880.15801893982,82880.15801893982,0.042015401196159964,0.028062861906876787,100.0
2009-05-13,2,0.0,80372.16848277448,80372.16848277448,-0.030260433813268307,-0.0030467662817354546,100.0
2009-05-14,2,0.0,80126.53702173219,80126.53702173219,-0.0030561756100300976,-0.006093630438965851,100.0
2009-05-15,2,0.0,83178.2683299588,83178.2683299588,0.038086399608146096,0.03176068472521743,100.0
2009-05-18,2,0.0,96067.31471037515,96067.31471037515,0.1549568972665669,0.19163911915186566,100.0
2009-05-19,2,0.0,86497.39347855956,86497.39347855956,-0.09961682868587615,0.0729318091639259,100.0
2009-05-20,2,0.0,87388.52319375901,87388.52319375901,0.010302388076241153,0.08398556904127617,100.0
2009-05-21,2,0.0,83617.37732522549,83617.37732522549,-0.04315378874377003,0.0372074847935736,100.0
2009-05-22,2,0.0,81886.78055872237,81886.78055872237,-0.020696616204213786,0.015740799556663104,100.0
2009-05-25,2,0.0,81538.07728396538,81538.07728396538,-0.0042583585821514775,0.011415411005629586,100.0
2009-05-26,2,0.0,80646.95545138171,80646.95545138171,-0.010928904166825478,0.00036174890589865585,100.0
2009-05-27,2,0.0,83759.4378270152,83759.4378270152,0.03859392283580812,0.03896963305106697,100.0
2009-05-28,2,0.0,85651.47056492287,85651.47056492287,0.02258889012382356,0.0624388039340468,100.0
2009-05-29,2,90907.22698306391,0.0,90907.22698306391,0.06136212704202476,0.12763230879542461,0.0
2009-06-01,2,0.0,90907.22698306391,90907.22698306391,0.0,0.12763230879542461,100.0
2009-06-02,2,0.0,90529.33954890662,90529.33954890662,-0.004156847004338789,0.12294491381061273,100.0
2009-06-03,2,0.0,90802.97668868891,90802.97668868891,0.0030226348844008535,0.12633916628035718,100.0
2009-06-04,2,0.0,92151.63732865237,92151.63732865237,0.014852603836846036,0.1430682357030428,100.0
2009-06-05,2,0.0,93995.44710099293,93995.44710099293,0.020008432034308115,0.1659392388076836,100.0
2009-06-08,2,0.0,96699.27408284224,96699.27408284224,0.02876551008842163,0.19947807574409268,100.0
2009-06-09,2,0.0,101917.99228264306,101917.99228264306,0.05396853543419511,0.2642121507774279,100.0
2009-06-10,2,0.0,101872.38079055879,101872.38079055879,-0.00044753130495128756,0.26364637626385523,100.0
2009-06-11,2,0.0,100999.33627084356,100999.33627084356,-0.00856998249123221,0.25281694894416495,100.0
2009-06-12,2,0.0,99624.62101046719,99624.62101046719,-0.013611131628527545,0.23576469254563565,100.0
2009-06-15,2,101275.84648129586,0.0,101275.84648129586,0.01657447179302369,0.25624683958504785,0.0
2009-06-16,2,101275.84648129586,0.0,101275.84648129586,0.0,0.25624683958504785,0.0
2009-06-17,2,101275.84648129586,0.0,101275.84648129586,0.0,0.25624683958504785,0.0
2009-06-18,2,0.0,101275.84648129586,101275.84648129586,0.0,0.25624683958504785,100.0
2009-06-19,2,0.0,102190.66387099112,102190.66387099112,0.009032927607909138,0.2675944263446843,100.0
2009-06-22,2,0.0,99459.66163848538,99459.66163848538,-0.02672457667907358,0.23371850189986945,100.0
2009-06-23,2,0.0,98652.46837501407,98652.46837501407,-0.008115785336222947,0.22370590737312354,100.0
2009-06-24,2,0.0,102715.34277672527,102715.34277672527,0.041183707500016466,0.2741026535284205,100.0
2009-06-25,2,0.0,102379.01225027889,102379.01225027889,-0.003274394237066167,0.26993073914227633,100.0
2009-06-26,2,0.0,106926.19932559508,106926.19932559508,0.044415227060405696,0.3263350012722694,100.0
2009-06-29,2,0.0,103912.6827353522,103912.6827353522,-0.028183145096802628,0.2889547094844451,100.0
2009-06-30,2,0.0,104894.76623033674,104894.76623033674,0.009451045523343318,0.30113667912131037,100.0
2009-07-01,2,0.0,105728.86757816267,105728.86757816267,0.007951791855795138,0.31148304716962355,100.0
2009-07-02,2,104830.18912702013,0.0,104830.18912702013,-0.008499839937074571,0.3003356511884949,0.0
2009-07-03,2,0.0,104830.18912702013,104830.18912702013,0.0,0.3003356511884949,100.0
2009-07-06,2,0.0,102081.73176674018,102081.73176674018,-0.026218185650220594,0.26624320967803444,100.0
2009-07-07,2,0.0,104347.52829050685,104347.52829050685,0.022195906011313347,0.29434862494751185,100.0
2009-07-08,2,0.0,102202.39083858102,102202.39083858102,-0.020557625916674264,0.2677398901100792,100.0
2009-07-09,2,0.0,104079.38610901611,104079.38610901611,0.018365473205021427,0.29102253309283266,100.0
2009-07-10,2,0.0,105956.38137945121,105956.38137945121,0.018034265387279248,0.3143051760755863,100.0
2009-07-13,2,0.0,106586.51714256442,106586.51714256442,0.005947124230833901,0.32212151223493585,100.0
2009-07-14,2,0.0,109120.46403087178,109120.46403087178,0.023773615615172838,0.3535531208633602,100.0
2009-07-15,2,0.0,113464.3624611916,113464.3624611916,0.03980828407301192,0.4074357480066007,100.0
2009-07-16,2,0.0,112566.08451658767,112566.08451658767,-0.007916828906619683,0.39629331999257217,100.0
2009-07-17,2,116284.12209911332,0.0,116284.12209911332,0.03302982064706853,0.4424126379226267,0.0
2009-07-20,2,116284.12209911332,0.0,116284.12209911332,0.0,0.4424126379226267,0.0
2009-07-21,2,116284.12209911332,0.0,116284.12209911332,0.0,0.4424126379226267,0.0
2009-07-22,2,116284.12209911332,0.0,116284.12209911332,0.0,0.4424126379226267,0.0
2009-07-23,2,116284.12209911332,0.0,116284.12209911332,0.0,0.4424126379226267,0.0
2009-07-24,2,116284.12209911332,0.0,116284.12209911332,0.0,0.4424126379226267,0.0
2009-07-27,2,116284.12209911332,0.0,116284.12209911332,0.0,0.4424126379226267,0.0
2009-07-28,2,116284.12209911332,0.0,116284.12209911332,0.0,0.4424126379226267,0.0
2009-07-29,2,116284.12209911332,0.0,116284.12209911332,0.0,0.4424126379226267,0.0
2009-07-30,2,116284.12209911332,0.0,116284.12209911332,0.0,0.4424126379226267,0.0
2009-07-31,2,116284.12209911332,0.0,116284.12209911332,0.0,0.4424126379226267,0.0
2009-08-03,2,116284.12209911332,0.0,116284.12209911332,0.0,0.4424126379226267,0.0
2009-08-04,2,116284.12209911332,0.0,116284.12209911332,0.0,0.4424126379226267,0.0
2009-08-05,2,116284.12209911332,0.0,116284.12209911332,0.0,0.4424126379226267,0.0
2009-08-06,2,116284.12209911332,0.0,116284.12209911332,0.0,0.4424126379226267,0.0
2009-08-07,2,0.0,116284.12209911332,116284.12209911332,0.0,0.4424126379226267,100.0
2009-08-10,2,0.0,123125.03210871649,123125.03210871649,0.05882926994772693,0.5272687203749898,100.0
2009-08-11,2,0.0,123776.01227461894,123776.01227461894,0.005287147176762986,0.5353436148780788,100.0
2009-08-12,2,0.0,118693.86400181145,118693.86400181145,-0.04105923417157638,0.4723035818609652,100.0
2009-08-13,2,0.0,120315.57764949898,120315.57764949898,0.01366299480875255,0.4924196580568394,100.0
2009-08-14,2,0.0,119116.41906827474,119116.41906827474,-0.009966777408637863,0.47754504352471144,100.0
2009-08-17,2,0.0,116523.95102713602,116523.95102713602,-0.021764153602139277,0.44538752624336003,100.0
2009-08-18,2,0.0,116227.01930953121,116227.01930953121,-0.002548246218802321,0.44170432294490636,100.0
2009-08-19,2,0.0,113760.17461725097,113760.17461725097,-0.021224365099741876,0.4111050640288475,100.0
2009-08-20,2,0.0,114433.99032254198,114433.99032254198,0.005923124745176247,0.4194632153516403,100.0
2009-08-21,2,0.0,116202.06399637276,116202.06399637276,0.015450598802395235,0.44139477200679644,100.0
2009-08-24,2,0.0,119008.70900113104,119008.70900113104,0.024153142450601274,0.4762089852626285,100.0
2009-08-25,2,0.0,120548.9425445292,120548.9425445292,0.012942191847350652,0.4953143651566803,100.0
2009-08-26,2,0.0,125158.23682279912,125158.23682279912,0.038235874832060944,0.5524890180573938,100.0
2009-08-27,2,0.0,124987.09976242155,124987.09976242155,-0.0013673655423883174,0.5503661980691659,100.0
2009-08-28,2,0.0,123401.22688415545,123401.22688415545,-0.012688292482028709,0.5306946982938134,100.0
2009-08-31,2,0.0,120263.71411056658,120263.71411056658,-0.025425296431892442,0.49177633184296704,100.0
2009-09-01,2,0.0,120229.49505479285,120229.49505479285,-0.00028453350228543667,0.49135187149864124,100.0
2009-09-02,2,0.0,121986.4910662669,121986.4910662669,0.01461368535793424,0.5131460185066887,100.0
2009-09-03,2,0.0,121769.72859819101,121769.72859819101,-0.0017769383001445369,0.510457251392693,100.0
2009-09-04,2,121249.0383818527,0.0,121249.0383818527,-0.00427602346110543,0.5039985007487411,0.0
2009-09-07,2,121249.0383818527,0.0,121249.0383818527,0.0,0.5039985007487411,0.0
2009-09-08,2,121249.0383818527,0.0,121249.0383818527,0.0,0.5039985007487411,0.0
2009-09-09,2,121249.0383818527,0.0,121249.0383818527,0.0,0.5039985007487411,0.0
2009-09-10,2,121249.0383818527,0.0,121249.0383818527,0.0,0.5039985007487411,0.0
2009-09-11,2,121249.0383818527,0.0,121249.0383818527,0.0,0.5039985007487411,0.0
2009-09-14,2,121249.0383818527,0.0,121249.0383818527,0.0,0.5039985007487411,0.0
2009-09-15,2,121249.0383818527,0.0,121249.0383818527,0.0,0.5039985007487411,0.0
2009-09-16,2,121249.0383818527,0.0,121249.0383818527,0.0,0.5039985007487411,0.0
2009-09-17,2,121249.0383818527,0.0,121249.0383818527,0.0,0.5039985007487411,0.0
2009-09-18,2,121249.0383818527,0.0,121249.0383818527,0.0,0.5039985007487411,0.0
2009-09-22,2,121249.0383818527,0.0,121249.0383818527,0.0,0.5039985007487411,0.0
2009-09-23,2,121249.0383818527,0.0,121249.0383818527,0.0,0.5039985007487411,0.0
2009-09-24,2,121249.0383818527,0.0,121249.0383818527,0.0,0.5039985007487411,0.0
2009-09-25,2,121249.0383818527,0.0,121249.0383818527,0.0,0.5039985007487411,0.0
2009-09-29,2,121249.0383818527,0.0,121249.0383818527,0.0,0.5039985007487411,0.0
2009-09-30,2,121249.0383818527,0.0,121249.0383818527,0.0,0.5039985007487411,0.0
2009-10-01,2,121249.0383818527,0.0,121249.0383818527,0.0,0.5039985007487411,0.0
2009-10-05,2,121249.0383818527,0.0,121249.0383818527,0.0,0.5039985007487411,0.0
2009-10-06,2,121249.0383818527,0.0,121249.0383818527,0.0,0.5039985007487411,0.0
2009-10-07,2,0.0,121249.0383818527,121249.0383818527,0.0,0.5039985007487411,100.0
2009-10-08,2,0.0,117089.23789464297,117089.23789464297,-0.034307904975783565,0.4523994631013323,100.0
2009-10-09,2,0.0,115111.78959917618,115111.78959917618,-0.01688838642238069,0.4278707797288187,100.0
2009-10-12,2,0.0,118820.77149752715,118820.77149752715,0.03222069530206939,0.47387776905318924,100.0
2009-10-13,2,0.0,119056.43036425697,119056.43036425697,0.0019833137233478118,0.47680093105908966,100.0
2009-10-15,2,0.0,119220.3609855407,119220.3609855407,0.0013769153063146148,0.4788343608654446,100.0
2009-10-16,2,0.0,122601.48164132424,122601.48164132424,0.02836026185320483,0.5207744905771055,100.0
2009-10-20,2,0.0,127263.32981823791,127263.32981823791,0.03802440324948195,0.5786010330583348,100.0
2009-10-21,2,0.0,129671.09755796255,129671.09755796255,0.018919572064973512,0.6084674890651236,100.0
2009-10-22,2,0.0,128246.92605304491,128246.92605304491,-0.010982952498578506,0.5908017670372134,100.0
2009-10-23,2,130974.40686924668,0.0,130974.40686924668,0.02126741669483481,0.6246340110956734,0.0
2009-10-26,2,130974.40686924668,0.0,130974.40686924668,0.0,0.6246340110956734,0.0
2009-10-27,2,130974.40686924668,0.0,130974.40686924668,0.0,0.6246340110956734,0.0
2009-10-28,2,0.0,130974.40686924668,130974.40686924668,0.0,0.6246340110956734,100.0
2009-10-29,2,0.0,129181.49526403093,129181.49526403093,-0.013689022520297672,0.6023943595305432,100.0
2009-10-30,2,0.0,128009.98889691668,128009.98889691668,-0.009068685609497263,0.587862748861529,100.0
2009-11-03,2,0.0,123476.76860677892,123476.76860677892,-0.03541301994634381,0.5316317336640394,100.0
2009-11-04,2,0.0,127480.26925287017,127480.26925287017,0.032423108340652367,0.5812919953026097,100.0
2009-11-05,2,0.0,127235.77848049592,127235.77848049592,-0.001917871477736514,0.5782592804868457,100.0
2009-11-06,2,0.0,126756.99389588917,126756.99389588917,-0.0037629713145516186,0.5723203360874489,100.0
2009-11-09,2,0.0,126879.23306441767,126879.23306441767,0.0009643583740152174,0.5738366163701892,100.0
2009-11-10,2,0.0,127673.82496580467,127673.82496580467,0.006262584366218384,0.5836929009588512,100.0
2009-11-11,2,0.0,131463.38841399518,131463.38841399518,0.029681600353130225,0.6306994407272013,100.0
2009-11-12,2,133387.63868139294,0.0,133387.63868139294,0.014637157086945343,0.6545682446027192,0.0
2009-11-13,2,133387.63868139294,0.0,133387.63868139294,0.0,0.6545682446027192,0.0
2009-11-16,2,133387.63868139294,0.0,133387.63868139294,0.0,0.6545682446027192,0.0
2009-11-17,2,133387.63868139294,0.0,133387.63868139294,0.0,0.6545682446027192,0.0
2009-11-18,2,133387.63868139294,0.0,133387.63868139294,0.0,0.6545682446027192,0.0
2009-11-19,2,133387.63868139294,0.0,133387.63868139294,0.0,0.6545682446027192,0.0
2009-11-20,2,133387.63868139294,0.0,133387.63868139294,0.0,0.6545682446027192,0.0
2009-11-23,2,133387.63868139294,0.0,133387.63868139294,0.0,0.6545682446027192,0.0
2009-11-24,2,133387.63868139294,0.0,133387.63868139294,0.0,0.6545682446027192,0.0
2009-11-25,2,133387.63868139294,0.0,133387.63868139294,0.0,0.6545682446027192,0.0
2009-11-26,2,133387.63868139294,0.0,133387.63868139294,0.0,0.6545682446027192,0.0
2009-11-27,2,133387.63868139294,0.0,133387.63868139294,0.0,0.6545682446027192,0.0
2009-11-30,2,133387.63868139294,0.0,133387.63868139294,0.0,0.6545682446027192,0.0
2009-12-01,2,133387.63868139294,0.0,133387.63868139294,0.0,0.6545682446027192,0.0
2009-12-02,2,133387.63868139294,0.0,133387.63868139294,0.0,0.6545682446027192,0.0
2009-12-03,2,133387.63868139294,0.0,133387.63868139294,0.0,0.6545682446027192,0.0
2009-12-04,2,133387.63868139294,0.0,133387.63868139294,0.0,0.6545682446027192,0.0
2009-12-07,2,133387.63868139294,0.0,133387.63868139294,0.0,0.6545682446027192,0.0
2009-12-08,2,0.0,133387.63868139294,133387.63868139294,0.0,0.6545682446027192,100.0
2009-12-09,2,0.0,134992.1917975961,134992.1917975961,0.012029248977379179,0.6744714579671106,100.0
2009-12-10,2,0.0,134791.62557276912,134791.62557276912,-0.0014857616737397562,0.671983592451092,100.0
2009-12-11,2,0.0,134877.57419855674,134877.57419855674,0.0006376406948310479,0.6730497172307286,100.0
2009-12-14,2,0.0,134686.55652561795,134686.55652561795,-0.0014162300447188312,0.670680293954878,100.0
2009-12-15,2,0.0,133893.84017819812,133893.84017819812,-0.00588563823939662,0.6608472741309708,100.0
2009-12-16,2,0.0,136224.25811980997,136224.25811980997,0.017404967536298232,0.6897542670199698,100.0
2009-12-17,2,0.0,138058.02311650486,138058.02311650486,0.013461368936816594,0.7125006726208857,100.0
2009-12-18,2,0.0,138965.3570629641,138965.3570629641,0.006572120373573249,0.7237554331811753,100.0
2009-12-21,2,0.0,140216.5204889544,140216.5204889544,0.009003419646692448,0.7392751267143716,100.0
2009-12-22,2,138168.03741580702,0.0,138168.03741580702,-0.014609427377059765,0.7138653130619115,0.0
2009-12-23,2,138168.03741580702,0.0,138168.03741580702,0.0,0.7138653130619115,0.0
2009-12-24,2,138168.03741580702,0.0,138168.03741580702,0.0,0.7138653130619115,0.0
2009-12-29,2,138168.03741580702,0.0,138168.03741580702,0.0,0.7138653130619115,0.0
2009-12-30,2,138168.03741580702,0.0,138168.03741580702,0.0,0.7138653130619115,0.0
2009-12-31,2,138168.03741580702,0.0,138168.03741580702,0.0,0.7138653130619115,0.0
2010-01-04,2,138168.03741580702,0.0,138168.03741580702,0.0,0.7138653130619115,0.0
2010-01-05,2,138168.03741580702,0.0,138168.03741580702,0.0,0.7138653130619115,0.0
2010-01-06,2,138168.03741580702,0.0,138168.03741580702,0.0,0.7138653130619115,0.0
2010-01-07,2,138168.03741580702,0.0,138168.03741580702,0.0,0.7138653130619115,0.0
2010-01-08,2,0.0,138168.03741580702,138168.03741580702,0.0,0.7138653130619115,100.0
2010-01-11,2,0.0,141011.16852003237,141011.16852003237,0.020577343048371943,0.7491321075474918,100.0
2010-01-12,2,0.0,148089.36351076877,148089.36351076877,0.05019598848108871,0.8369315226698482,100.0
2010-01-13,2,0.0,155690.7775337743,155690.7775337743,0.051329912174636096,0.9312210563993121,100.0
2010-01-14,2,0.0,153973.05299375232,153973.05299375232,-0.011032924154093455,0.9099140409592702,100.0
2010-01-15,2,0.0,156253.48684124602,156253.48684124602,0.01481060356441869,0.9382010206620348,100.0
2010-01-18,2,0.0,158385.829144045,158385.829144045,0.01364668620141231,0.9646510417862667,100.0
2010-01-19,2,0.0,154140.8836506783,154140.8836506783,-0.026801296026970456,0.9119958476256571,100.0
2010-01-20,2,0.0,153884.21493797158,153884.21493797158,-0.0016651566192418352,0.9088120750840203,100.0
2010-01-21,2,0.0,152156.62084183397,152156.62084183397,-0.011226584200556148,0.8873826356000513,100.0
2010-01-22,2,149479.7584499114,0.0,149479.7584499114,-0.01759280915357045,0.8541782730921768,0.0
2010-01-25,2,149479.7584499114,0.0,149479.7584499114,0.0,0.8541782730921768,0.0
2010-01-27,2,149479.7584499114,0.0,149479.7584499114,0.0,0.8541782730921768,0.0
2010-01-28,2,149479.7584499114,0.0,149479.7584499114,0.0,0.8541782730921768,0.0
2010-01-29,2,149479.7584499114,0.0,149479.7584499114,0.0,0.8541782730921768,0.0
2010-02-01,2,149479.7584499114,0.0,149479.7584499114,0.0,0.8541782730921768,0.0
2010-02-02,2,149479.7584499114,0.0,149479.7584499114,0.0,0.8541782730921768,0.0
2010-02-03,2,0.0,149479.7584499114,149479.7584499114,0.0,0.8541782730921768,100.0
2010-02-04,2,0.0,146650.77043825368,146650.77043825368,-0.0189255591592736,0.819086912492931,100.0
2010-02-05,2,0.0,143633.18080241207,143633.18080241207,-0.020576704962570535,0.7816560977932906,100.0
2010-02-08,2,0.0,143762.22720765191,143762.22720765191,0.000898444248877057,0.7832568164678297,100.0
2010-02-09,2,0.0,145946.0074271772,145946.0074271772,0.015190222507967928,0.8103448842988266,100.0
2010-02-10,2,0.0,145380.20255462563,145380.20255462563,-0.00387680953063327,0.8033265219976436,100.0
2010-02-11,2,0.0,147444.87233626287,147444.87233626287,0.014201863426771927,0.8289371189769298,100.0
2010-02-15,2,0.0,148129.78764670246,148129.78764670246,0.004645229770198975,0.8374329521298234,100.0
2010-02-16,2,0.0,150512.09334073003,150512.09334073003,0.016082556600361154,0.86698357158182,100.0
2010-02-17,2,0.0,150611.35607798118,150611.35607798118,0.0006595000776876932,0.8682148473923198,100.0
2010-02-18,2,150490.48650130758,0.0,150490.48650130758,-0.0008025263155523514,0.8667155558141819,0.0
2010-02-19,2,150490.48650130758,0.0,150490.48650130758,0.0,0.8667155558141819,0.0
2010-02-22,2,150490.48650130758,0.0,150490.48650130758,0.0,0.8667155558141819,0.0
2010-02-23,2,150490.48650130758,0.0,150490.48650130758,0.0,0.8667155558141819,0.0
2010-02-24,2,150490.48650130758,0.0,150490.48650130758,0.0,0.8667155558141819,0.0
2010-02-25,2,150490.48650130758,0.0,150490.48650130758,0.0,0.8667155558141819,0.0
2010-02-26,2,150490.48650130758,0.0,150490.48650130758,0.0,0.8667155558141819,0.0
2010-03-02,2,150490.48650130758,0.0,150490.48650130758,0.0,0.8667155558141819,0.0
2010-03-03,2,150490.48650130758,0.0,150490.48650130758,0.0,0.8667155558141819,0.0
2010-03-04,2,150490.48650130758,0.0,150490.48650130758,0.0,0.8667155558141819,0.0
2010-03-05,2,0.0,150490.48650130758,150490.48650130758,0.0,0.8667155558141819,100.0
2010-03-08,2,0.0,150510.22759789598,150510.22759789598,0.0001311783691272278,0.866960428516418,100.0
2010-03-09,2,0.0,151694.25978766108,151694.25978766108,0.007866788913032332,0.8816474121165411,100.0
2010-03-10,2,0.0,153934.0491954608,153934.0491954608,0.01476515598503817,0.9094302296652852,100.0
2010-03-11,2,0.0,156213.308751839,156213.308751839,0.014806727740164062,0.937702643214778,100.0
2010-03-12,2,0.0,157269.07801447186,157269.07801447186,0.006758510341203057,0.9507986265671216,100.0
2010-03-15,2,0.0,161423.05520464486,161423.05520464486,0.026413184604482456,1.0023254308168097,100.0
2010-03-16,2,0.0,163593.7808858809,163593.7808858809,0.013447432762836107,1.0292515674170357,100.0
2010-03-17,2,0.0,165902.64606484256,165902.64606484256,0.014113404351063107,1.0578912153180209,100.0
2010-03-18,2,0.0,162972.1591684149,162972.1591684149,-0.017663894856036814,1.0215408412654816,100.0
2010-03-19,2,161833.34690528977,0.0,161833.34690528977,-0.006987771831311828,1.0074147751190403,0.0
2010-03-22,2,161833.34690528977,0.0,161833.34690528977,0.0,1.0074147751190403,0.0
2010-03-23,2,161833.34690528977,0.0,161833.34690528977,0.0,1.0074147751190403,0.0
2010-03-25,2,161833.34690528977,0.0,161833.34690528977,0.0,1.0074147751190403,0.0
2010-03-26,2,161833.34690528977,0.0,161833.34690528977,0.0,1.0074147751190403,0.0
2010-03-29,2,161833.34690528977,0.0,161833.34690528977,0.0,1.0074147751190403,0.0
2010-03-30,2,161833.34690528977,0.0,161833.34690528977,0.0,1.0074147751190403,0.0
2010-03-31,2,161833.34690528977,0.0,161833.34690528977,0.0,1.0074147751190403,0.0
2010-04-01,2,161833.34690528977,0.0,161833.34690528977,0.0,1.0074147751190403,0.0
2010-04-05,2,161833.34690528977,0.0,161833.34690528977,0.0,1.0074147751190403,0.0
2010-04-06,2,161833.34690528977,0.0,161833.34690528977,0.0,1.0074147751190403,0.0
2010-04-07,2,161833.34690528977,0.0,161833.34690528977,0.0,1.0074147751190403,0.0
2010-04-08,2,161833.34690528977,0.0,161833.34690528977,0.0,1.0074147751190403,0.0
2010-04-09,2,161833.34690528977,0.0,161833.34690528977,0.0,1.0074147751190403,0.0
2010-04-12,2,0.0,161833.34690528977,161833.34690528977,0.0,1.0074147751190403,100.0
2010-04-13,2,0.0,166446.4389422772,166446.4389422772,0.02850520072162356,1.0646365362153614,100.0
2010-04-15,2,0.0,166618.80365295478,166618.80365295478,0.0010355566137246407,1.0667745842353766,100.0
2010-04-16,2,0.0,165280.4926032584,165280.4926032584,-0.008032172962206027,1.0501738933009066,100.0
2010-04-19,2,0.0,164641.76420853162,164641.76420853162,-0.003864511683541497,1.0422509723369535,100.0
2010-04-20,2,0.0,160089.5016791898,160089.5016791898,-0.02764950042430321,0.9857837532107893,100.0
2010-04-21,2,0.0,159177.02193560987,159177.02193560987,-0.0056998100063331055,0.9744651631038247,100.0
2010-04-22,2,0.0,159369.65902340313,159369.65902340313,0.0012102066331608431,0.976854673941158,100.0
2010-04-23,2,0.0,158203.71268438434,158203.71268438434,-0.0073159869084464275,0.9623920310267033,100.0
2010-04-26,2,0.0,159197.29431272554,159197.29431272554,0.0062803938762384754,0.9747166259211426,100.0
2010-04-27,2,159483.7545979617,0.0,159483.7545979617,0.0017994042327970543,0.9782699393763998,0.0
2010-04-28,2,159483.7545979617,0.0,159483.7545979617,0.0,0.9782699393763998,0.0
2010-04-29,2,159483.7545979617,0.0,159483.7545979617,0.0,0.9782699393763998,0.0
2010-04-30,2,0.0,159483.7545979617,159483.7545979617,0.0,0.9782699393763998,100.0
2010-05-03,2,0.0,159775.46012297593,159775.46012297593,0.0018290610585986137,0.9818883158859095,100.0
2010-05-04,2,0.0,158566.9367360671,158566.9367360671,-0.007563886131065839,0.9668975383400586,100.0
2010-05-05,2,0.0,159556.67779979418,159556.67779979418,0.006241787122207627,0.9791744940655714,100.0
2010-05-06,2,0.0,159837.96754135867,159837.96754135867,0.001762945590515715,0.9826636710127455,100.0
2010-05-07,2,0.0,154482.9576443932,154482.9576443932,-0.03350274017704733,0.9162390051843347,100.0
2010-05-10,2,0.0,160494.32722858826,160494.32722858826,0.038912833336818435,0.9908052942265835,100.0
2010-05-11,2,0.0,157587.61145578974,157587.61145578974,-0.018111018769271212,0.9547497821768813,100.0
2010-05-12,2,0.0,158243.9711430193,158243.9711430193,0.00416504623152879,0.9628914053907188,100.0
2010-05-13,2,0.0,159525.41773176065,159525.41773176065,0.008097917282315893,0.9787867376257416,100.0
2010-05-14,2,159001.61551094239,0.0,159001.61551094239,-0.003283503207614421,0.9722893850255627,0.0
2010-05-17,2,159001.61551094239,0.0,159001.61551094239,0.0,0.9722893850255627,0.0
2010-05-18,2,159001.61551094239,0.0,159001.61551094239,0.0,0.9722893850255627,0.0
2010-05-19,2,159001.61551094239,0.0,159001.61551094239,0.0,0.9722893850255627,0.0
2010-05-20,2,0.0,159001.61551094239,159001.61551094239,0.0,0.9722893850255627,100.0
2010-05-21,2,0.0,156540.36028582463,156540.36028582463,-0.015479435332833916,0.9417594590324248,100.0
2010-05-24,2,0.0,156300.76083394093,156300.76083394093,-0.0015305921836784781,0.9387874171818459,100.0
2010-05-25,2,0.0,152369.28519142748,152369.28519142748,-0.025153272585092427,0.8900205687929237,100.0
2010-05-26,2,0.0,160744.09896859655,160744.09896859655,0.054963923776681516,0.9939035152724182,100.0
2010-05-27,2,0.0,161582.66381495513,161582.66381495513,0.0052167690866363105,1.0043052494926268,100.0
2010-05-28,2,0.0,163532.06984202447,163532.06984202447,0.012064450362706045,1.0284860906868416,100.0
2010-05-31,2,0.0,161844.038992422,161844.038992422,-0.010322323023448278,1.0075474020102004,100.0
2010-06-01,2,0.0,161005.47414606344,161005.47414606344,-0.0051813143788250185,0.997145667789992,100.0
2010-06-02,2,0.0,164283.51849195658,164283.51849195658,0.020359831634788477,1.0378072173363435,100.0
2010-06-03,2,166556.27499349965,0.0,166556.27499349965,0.0138343549152458,1.0659989656298239,0.0
2010-06-04,2,0.0,166556.27499349965,166556.27499349965,0.0,1.0659989656298239,100.0
2010-06-07,2,0.0,163923.0654483329,163923.0654483329,-0.015809728845517974,1.0333360821880957,100.0
2010-06-08,2,0.0,163259.32386372826,163259.32386372826,-0.004049104272112582,1.0251028923710672,100.0
2010-06-09,2,0.0,159527.11732610213,159527.11732610213,-0.022860602685953697,0.9788078197503967,100.0
2010-06-10,2,0.0,163324.60752601904,163324.60752601904,0.02380466884607559,1.0259126846095796,100.0
2010-06-11,2,0.0,165196.14335187725,165196.14335187725,0.011458994784726857,1.049127607496833,100.0
2010-06-14,2,0.0,169962.04993713638,169962.04993713638,0.02884998698248951,1.1082449122985765,100.0
2010-06-15,2,0.0,166719.49079049434,166719.49079049434,-0.019078136253601115,1.0680235286057829,100.0
2010-06-16,2,0.0,168612.79669213985,168612.79669213985,0.011356236110537933,1.0915084920787779,100.0
2010-06-17,2,0.0,168721.60722346965,168721.60722346965,0.0006453278367031114,1.0928582007294172,100.0
2010-06-18,2,170270.3781125631,0.0,170270.3781125631,0.009179446038835628,1.1120694796499475,0.0
2010-06-21,2,170270.3781125631,0.0,170270.3781125631,0.0,1.1120694796499475,0.0
2010-06-22,2,170270.3781125631,0.0,170270.3781125631,0.0,1.1120694796499475,0.0
2010-06-23,2,170270.3781125631,0.0,170270.3781125631,0.0,1.1120694796499475,0.0
2010-06-24,2,170270.3781125631,0.0,170270.3781125631,0.0,1.1120694796499475,0.0
2010-06-25,2,170270.3781125631,0.0,170270.3781125631,0.0,1.1120694796499475,0.0
2010-06-28,2,170270.3781125631,0.0,170270.3781125631,0.0,1.1120694796499475,0.0
2010-06-29,2,170270.3781125631,0.0,170270.3781125631,0.0,1.1120694796499475,0.0
2010-06-30,2,170270.3781125631,0.0,170270.3781125631,0.0,1.1120694796499475,0.0
2010-07-01,2,170270.3781125631,0.0,170270.3781125631,0.0,1.1120694796499475,0.0
2010-07-02,2,170270.3781125631,0.0,170270.3781125631,0.0,1.1120694796499475,0.0
2010-07-05,2,170270.3781125631,0.0,170270.3781125631,0.0,1.1120694796499475,0.0
2010-07-06,2,170270.3781125631,0.0,170270.3781125631,0.0,1.1120694796499475,0.0
2010-07-07,2,170270.3781125631,0.0,170270.3781125631,0.0,1.1120694796499475,0.0
2010-07-08,2,170270.3781125631,0.0,170270.3781125631,0.0,1.1120694796499475,0.0
2010-07-09,2,170270.3781125631,0.0,170270.3781125631,0.0,1.1120694796499475,0.0
2010-07-12,2,170270.3781125631,0.0,170270.3781125631,0.0,1.1120694796499475,0.0
2010-07-13,2,170270.3781125631,0.0,170270.3781125631,0.0,1.1120694796499475,0.0
2010-07-14,2,170270.3781125631,0.0,170270.3781125631,0.0,1.1120694796499475,0.0
2010-07-15,2,170270.3781125631,0.0,170270.3781125631,0.0,1.1120694796499475,0.0
2010-07-16,2,170270.3781125631,0.0,170270.3781125631,0.0,1.1120694796499475,0.0
2010-07-19,2,170270.3781125631,0.0,170270.3781125631,0.0,1.1120694796499475,0.0
2010-07-20,2,170270.3781125631,0.0,170270.3781125631,0.0,1.1120694796499475,0.0
2010-07-21,2,170270.3781125631,0.0,170270.3781125631,0.0,1.1120694796499475,0.0
2010-07-22,2,170270.3781125631,0.0,170270.3781125631,0.0,1.1120694796499475,0.0
2010-07-23,2,170270.3781125631,0.0,170270.3781125631,0.0,1.1120694796499475,0.0
2010-07-26,2,170270.3781125631,0.0,170270.3781125631,0.0,1.1120694796499475,0.0
2010-07-27,2,170270.3781125631,0.0,170270.3781125631,0.0,1.1120694796499475,0.0
2010-07-28,2,170270.3781125631,0.0,170270.3781125631,0.0,1.1120694796499475,0.0
2010-07-29,2,0.0,170270.3781125631,170270.3781125631,0.0,1.1120694796499475,100.0
2010-07-30,2,0.0,168227.13112992313,168227.13112992313,-0.012000014361213297,1.0867246155622678,100.0
2010-08-02,2,0.0,167926.65399207742,167926.65399207742,-0.0017861395830001238,1.0829974341275914,100.0
2010-08-03,2,0.0,166674.66591772035,166674.66591772035,-0.007455564942157042,1.0674675114831067,100.0
2010-08-04,2,0.0,174036.35579494,174036.35579494,0.04416801939686366,1.158783456632678,100.0
2010-08-05,2,0.0,175849.23208131985,175849.23208131985,0.010416652762575,1.181270754290012,100.0
2010-08-06,2,0.0,173215.05650874018,173215.05650874018,-0.014979738844475126,1.1485958880416562,100.0
2010-08-09,2,0.0,176249.8682651141,176249.8682651141,0.01752048475197538,1.1862403295362471,100.0
2010-08-10,2,0.0,173174.99044507154,173174.99044507154,-0.017446128330815876,1.1480989001851527,100.0
2010-08-11,2,0.0,171902.97545210316,171902.97545210316,-0.007345258051980934,1.1323205594421162,100.0
2010-08-12,2,0.0,170790.51649692253,170790.51649692253,-0.0064714351351677964,1.118521385254302,100.0
2010-08-13,2,0.0,170980.63082488143,170980.63082488143,0.001113143351623549,1.12087960324957,100.0
2010-08-16,2,0.0,170920.5857213642,170920.5857213642,-0.00035118073449350436,1.1201347911927286,100.0
2010-08-17,2,0.0,170140.13373205552,170140.13373205552,-0.004566167299361861,1.110453901038945,100.0
2010-08-18,2,0.0,174322.58787605318,174322.58787605318,0.02458240776150077,1.1623339393961343,100.0
2010-08-19,2,0.0,174512.70220401208,174512.70220401208,0.0010905891788049664,1.1646921573914024,100.0
2010-08-20,2,0.0,173892.3419909037,173892.3419909037,-0.003554814092461676,1.1569970792044662,100.0
2010-08-23,2,0.0,174182.5152057652,174182.5152057652,0.0016686946161015585,1.1605964486174813,100.0
2010-08-24,2,0.0,174242.54809506284,174242.54809506284,0.0003446550833573706,1.1613411091665813,100.0
2010-08-25,2,0.0,174342.60698196548,174342.60698196548,0.0005742505949123848,1.1625822605843288,100.0
2010-08-26,2,175227.82551154902,0.0,175227.82551154902,0.005077465255954941,1.1735626968755903,0.0
2010-08-27,2,175227.82551154902,0.0,175227.82551154902,0.0,1.1735626968755903,0.0
2010-08-30,2,175227.82551154902,0.0,175227.82551154902,0.0,1.1735626968755903,0.0
2010-08-31,2,175227.82551154902,0.0,175227.82551154902,0.0,1.1735626968755903,0.0
2010-09-01,2,175227.82551154902,0.0,175227.82551154902,0.0,1.1735626968755903,0.0
2010-09-02,2,175227.82551154902,0.0,175227.82551154902,0.0,1.1735626968755903,0.0
2010-09-03,2,175227.82551154902,0.0,175227.82551154902,0.0,1.1735626968755903,0.0
2010-09-06,2,175227.82551154902,0.0,175227.82551154902,0.0,1.1735626968755903,0.0
2010-09-07,2,175227.82551154902,0.0,175227.82551154902,0.0,1.1735626968755903,0.0
2010-09-08,2,175227.82551154902,0.0,175227.82551154902,0.0,1.1735626968755903,0.0
2010-09-09,2,175227.82551154902,0.0,175227.82551154902,0.0,1.1735626968755903,0.0
2010-09-13,2,175227.82551154902,0.0,175227.82551154902,0.0,1.1735626968755903,0.0
2010-09-14,2,175227.82551154902,0.0,175227.82551154902,0.0,1.1735626968755903,0.0
2010-09-15,2,175227.82551154902,0.0,175227.82551154902,0.0,1.1735626968755903,0.0
2010-09-16,2,175227.82551154902,0.0,175227.82551154902,0.0,1.1735626968755903,0.0
2010-09-17,2,175227.82551154902,0.0,175227.82551154902,0.0,1.1735626968755903,0.0
2010-09-20,2,175227.82551154902,0.0,175227.82551154902,0.0,1.1735626968755903,0.0
2010-09-21,2,175227.82551154902,0.0,175227.82551154902,0.0,1.1735626968755903,0.0
2010-09-22,2,175227.82551154902,0.0,175227.82551154902,0.0,1.1735626968755903,0.0
2010-09-23,2,175227.82551154902,0.0,175227.82551154902,0.0,1.1735626968755903,0.0
2010-09-24,2,0.0,175227.82551154902,175227.82551154902,0.0,1.1735626968755903,100.0
2010-09-27,2,0.0,174409.9195637775,174409.9195637775,-0.004667671617699772,1.163417219966093,100.0
2010-09-28,2,0.0,172915.14769991796,172915.14769991796,-0.008570452114181224,1.1448757562793785,100.0
2010-09-29,2,0.0,173046.75446015765,173046.75446015765,0.0007611060221750411,1.1465082341343,100.0
2010-09-30,2,0.0,174287.7116469836,174287.7116469836,0.007171224855948802,1.1619013273364227,100.0
2010-10-01,2,0.0,180802.6938428224,180802.6938428224,0.03738061699401253,1.242714532832433,100.0
2010-10-04,2,0.0,179712.16405512637,179712.16405512637,-0.006031601435341763,1.229187372637139,100.0
2010-10-05,2,0.0,178668.63996065862,178668.63996065862,-0.005806641414365534,1.2162432809188035,100.0
2010-10-06,2,0.0,180436.05861644133,180436.05861644133,0.009892159341291657,1.2381667125927194,100.0
2010-10-07,2,0.0,178396.00464473478,178396.00464473478,-0.011306243260628675,1.2128614552823045,100.0
2010-10-08,2,177053.0308963163,0.0,177053.0308963163,-0.007528048350034112,1.1962029272550123,0.0
2010-10-11,2,177053.0308963163,0.0,177053.0308963163,0.0,1.1962029272550123,0.0
2010-10-12,2,177053.0308963163,0.0,177053.0308963163,0.0,1.1962029272550123,0.0
2010-10-13,2,177053.0308963163,0.0,177053.0308963163,0.0,1.1962029272550123,0.0
2010-10-14,2,177053.0308963163,0.0,177053.0308963163,0.0,1.1962029272550123,0.0
2010-10-15,2,177053.0308963163,0.0,177053.0308963163,0.0,1.1962029272550123,0.0
2010-10-18,2,177053.0308963163,0.0,177053.0308963163,0.0,1.1962029272550123,0.0
2010-10-19,2,177053.0308963163,0.0,177053.0308963163,0.0,1.1962029272550123,0.0
2010-10-20,2,177053.0308963163,0.0,177053.0308963163,0.0,1.1962029272550123,0.0
2010-10-21,2,177053.0308963163,0.0,177053.0308963163,0.0,1.1962029272550123,0.0
2010-10-22,2,177053.0308963163,0.0,177053.0308963163,0.0,1.1962029272550123,0.0
2010-10-25,2,177053.0308963163,0.0,177053.0308963163,0.0,1.1962029272550123,0.0
2010-10-26,2,177053.0308963163,0.0,177053.0308963163,0.0,1.1962029272550123,0.0
2010-10-27,2,177053.0308963163,0.0,177053.0308963163,0.0,1.1962029272550123,0.0
2010-10-28,2,177053.0308963163,0.0,177053.0308963163,0.0,1.1962029272550123,0.0
2010-10-29,2,177053.0308963163,0.0,177053.0308963163,0.0,1.1962029272550123,0.0
2010-11-01,2,177053.0308963163,0.0,177053.0308963163,0.0,1.1962029272550123,0.0
2010-11-02,2,177053.0308963163,0.0,177053.0308963163,0.0,1.1962029272550123,0.0
2010-11-03,2,177053.0308963163,0.0,177053.0308963163,0.0,1.1962029272550123,0.0
2010-11-04,2,177053.0308963163,0.0,177053.0308963163,0.0,1.1962029272550123,0.0
2010-11-08,2,177053.0308963163,0.0,177053.0308963163,0.0,1.1962029272550123,0.0
2010-11-09,2,177053.0308963163,0.0,177053.0308963163,0.0,1.1962029272550123,0.0
2010-11-10,2,177053.0308963163,0.0,177053.0308963163,0.0,1.1962029272550123,0.0
2010-11-11,2,177053.0308963163,0.0,177053.0308963163,0.0,1.1962029272550123,0.0
2010-11-12,2,177053.0308963163,0.0,177053.0308963163,0.0,1.1962029272550123,0.0
2010-11-15,2,177053.0308963163,0.0,177053.0308963163,0.0,1.1962029272550123,0.0
2010-11-16,2,177053.0308963163,0.0,177053.0308963163,0.0,1.1962029272550123,0.0
2010-11-18,2,177053.0308963163,0.0,177053.0308963163,0.0,1.1962029272550123,0.0
2010-11-19,2,177053.0308963163,0.0,177053.0308963163,0.0,1.1962029272550123,0.0
2010-11-22,2,0.0,177053.0308963163,177053.0308963163,0.0,1.1962029272550123,100.0
2010-11-23,2,0.0,175511.00702998255,175511.00702998255,-0.00870938982816277,1.1770753398197962,100.0
2010-11-24,2,0.0,171200.11257122902,171200.11257122902,-0.024561960709490387,1.123602100861542,100.0
2010-11-25,2,0.0,174105.27288921294,174105.27288921294,0.016969383222661154,1.1596383187235098,100.0
2010-11-26,2,0.0,178441.71972154226,178441.71972154226,0.024907039059573477,1.213428514682508,100.0
2010-11-29,2,0.0,182539.62573469832,182539.62573469832,0.02296495471771301,1.2642598002930865,100.0
2010-11-30,2,0.0,183340.4539702836,183340.4539702836,0.004387147351497199,1.274193441679044,100.0
2010-12-01,2,0.0,184345.76359343412,184345.76359343412,0.005483294065113841,1.2866635130807234,100.0
2010-12-02,2,0.0,186714.19926840832,186714.19926840832,0.012847790091871453,1.316042085907526,100.0
2010-12-03,2,0.0,186978.29246115743,186978.29246115743,0.001414424793528747,1.3193179532566894,100.0
2010-12-06,2,187531.76860381404,0.0,187531.76860381404,0.002960109087377559,1.3261833874066424,0.0
2010-12-07,2,187531.76860381404,0.0,187531.76860381404,0.0,1.3261833874066424,0.0
2010-12-08,2,187531.76860381404,0.0,187531.76860381404,0.0,1.3261833874066424,0.0
2010-12-09,2,187531.76860381404,0.0,187531.76860381404,0.0,1.3261833874066424,0.0
2010-12-10,2,187531.76860381404,0.0,187531.76860381404,0.0,1.3261833874066424,0.0
2010-12-13,2,187531.76860381404,0.0,187531.76860381404,0.0,1.3261833874066424,0.0
2010-12-14,2,187531.76860381404,0.0,187531.76860381404,0.0,1.3261833874066424,0.0
2010-12-15,2,187531.76860381404,0.0,187531.76860381404,0.0,1.3261833874066424,0.0
2010-12-16,2,187531.76860381404,0.0,187531.76860381404,0.0,1.3261833874066424,0.0
2010-12-20,2,187531.76860381404,0.0,187531.76860381404,0.0,1.3261833874066424,0.0
2010-12-21,2,187531.76860381404,0.0,187531.76860381404,0.0,1.3261833874066424,0.0
2010-12-22,2,187531.76860381404,0.0,187531.76860381404,0.0,1.3261833874066424,0.0
2010-12-23,2,187531.76860381404,0.0,187531.76860381404,0.0,1.3261833874066424,0.0
2010-12-24,2,187531.76860381404,0.0,187531.76860381404,0.0,1.3261833874066424,0.0
2010-12-27,2,187531.76860381404,0.0,187531.76860381404,0.0,1.3261833874066424,0.0
2010-12-28,2,187531.76860381404,0.0,187531.76860381404,0.0,1.3261833874066424,0.0
2010-12-29,2,187531.76860381404,0.0,187531.76860381404,0.0,1.3261833874066424,0.0
2010-12-30,2,187531.76860381404,0.0,187531.76860381404,0.0,1.3261833874066424,0.0
2010-12-31,2,187531.76860381404,0.0,187531.76860381404,0.0,1.3261833874066424,0.0
2011-01-03,2,187531.76860381404,0.0,187531.76860381404,0.0,1.3261833874066424,0.0
2011-01-04,2,187531.76860381404,0.0,187531.76860381404,0.0,1.3261833874066424,0.0
2011-01-05,2,187531.76860381404,0.0,187531.76860381404,0.0,1.3261833874066424,0.0
2011-01-06,2,187531.76860381404,0.0,187531.76860381404,0.0,1.3261833874066424,0.0
2011-01-07,2,187531.76860381404,0.0,187531.76860381404,0.0,1.3261833874066424,0.0
2011-01-10,2,187531.76860381404,0.0,187531.76860381404,0.0,1.3261833874066424,0.0
2011-01-11,2,0.0,187531.76860381404,187531.76860381404,0.0,1.3261833874066424,100.0
2011-01-12,2,0.0,193925.0827388966,193925.0827388966,0.03409189910958123,1.4054873967604937,100.0
2011-01-13,2,0.0,191927.71129070362,191927.71129070362,-0.010299706567005913,1.3807115824232297,100.0
2011-01-14,2,0.0,191227.77895309476,191227.77895309476,-0.003646853979041641,1.372029474915919,100.0
2011-01-17,2,0.0,194172.63376275866,194172.63376275866,0.015399722915707903,1.4085580715775163,100.0
2011-01-18,2,0.0,205294.79971901793,205294.79971901793,0.05727978109339754,1.546519750668212,100.0
2011-01-19,2,0.0,203664.45147414668,203664.45147414668,-0.007941498017010972,1.5262965691180013,100.0
2011-01-20,2,0.0,206942.19457871528,206942.19457871528,0.016093840043482868,1.566954382003786,100.0
2011-01-21,2,0.0,206848.31316087718,206848.31316087718,-0.0004536601055633915,1.5657898572078697,100.0
2011-01-24,2,0.0,206430.04591616502,206430.04591616502,-0.0020220964740807405,1.5606015825843775,100.0
2011-01-25,2,202701.86785448968,0.0,202701.86785448968,-0.01806024915185757,1.5143564800242628,0.0
2011-01-27,2,202701.86785448968,0.0,202701.86785448968,0.0,1.5143564800242628,0.0
2011-01-28,2,202701.86785448968,0.0,202701.86785448968,0.0,1.5143564800242628,0.0
2011-01-31,2,0.0,202701.86785448968,202701.86785448968,0.0,1.5143564800242628,100.0
2011-02-01,2,0.0,201067.3206223522,201067.3206223522,-0.008063799556651522,1.4940812133553794,100.0
2011-02-02,2,0.0,206713.9402733844,206713.9402733844,0.028083229206787633,1.5641230677303815,100.0
2011-02-03,2,0.0,206932.46320121372,206932.46320121372,0.00105712719490676,1.566833671956367,100.0
2011-02-04,2,0.0,200831.32012832246,200831.32012832246,-0.02948374062970835,1.4911538137328035,100.0
2011-02-07,2,0.0,197745.77211934634,197745.77211934634,-0.015363878537494028,1.4528800291203978,100.0
2011-02-08,2,0.0,196688.1126126005,196688.1126126005,-0.005348582148737453,1.4397605987836497,100.0
2011-02-09,2,0.0,192002.9938440174,192002.9938440174,-0.02382004029806815,1.3816454030029843,100.0
2011-02-10,2,0.0,190683.10682387635,190683.10682387635,-0.00687430437263548,1.3652732475950538,100.0
2011-02-11,2,0.0,190482.06146224742,190482.06146224742,-0.0010543428045496723,1.362779438765658,100.0
2011-02-14,2,194256.0001850702,0.0,194256.0001850702,0.019812567618451366,1.4095921661636892,0.0
2011-02-15,2,194256.0001850702,0.0,194256.0001850702,0.0,1.4095921661636892,0.0
2011-02-16,2,0.0,194256.0001850702,194256.0001850702,0.0,1.4095921661636892,100.0
2011-02-17,2,0.0,196505.92423175887,196505.92423175887,0.01158226281064741,1.4375006958986742,100.0
2011-02-18,2,0.0,193051.30316143614,193051.30316143614,-0.017580238783276324,1.3946488516303734,100.0
2011-02-21,2,0.0,201714.43417067287,201714.43417067287,0.0448747605810893,1.5021081455230667,100.0
2011-02-22,2,0.0,201741.01250410278,201741.01250410278,0.00013176217923709246,1.5024378287450078,100.0
2011-02-23,2,0.0,199402.50842996992,199402.50842996992,-0.011591614640504979,1.4734305337723737,100.0
2011-02-24,2,0.0,196966.55767525517,196966.55767525517,-0.012216249303454756,1.4432144897370331,100.0
2011-02-25,2,0.0,196656.52757920057,196656.52757920057,-0.0015740240359267343,1.4393688114052627,100.0
2011-02-28,2,0.0,196691.95093978493,196691.95093978493,0.00018012806907767502,1.4398082101990293,100.0
2011-03-01,2,0.0,199216.48172194386,199216.48172194386,0.012834947083990134,1.4711230194720186,100.0
2011-03-03,2,203565.71699569884,0.0,203565.71699569884,0.021831704064653748,1.5250718459404853,0.0
2011-03-04,2,203565.71699569884,0.0,203565.71699569884,0.0,1.5250718459404853,0.0
2011-03-07,2,0.0,203565.71699569884,203565.71699569884,0.0,1.5250718459404853,100.0
2011-03-08,2,0.0,205301.50412484576,205301.50412484576,0.00852691285528985,1.5466029135241657,100.0
2011-03-09,2,0.0,206954.6432657989,206954.6432657989,0.008052250508344284,1.5671087981291416,100.0
2011-03-10,2,0.0,203620.83060258446,203620.83060258446,-0.016108904881794305,1.525755486678862,100.0
2011-03-11,2,0.0,197834.84360924855,197834.84360924855,-0.028415496470637007,1.4539848905614468,100.0
2011-03-14,2,0.0,201600.3272080862,201600.3272080862,0.019033470192313617,1.500692738828336,100.0
2011-03-15,2,0.0,200176.7907255988,200176.7907255988,-0.007061181408788406,1.4830348937518292,100.0
2011-03-16,2,0.0,204778.01454797087,204778.01454797087,0.022985800729912763,1.540109439025029,100.0
2011-03-17,2,0.0,201682.97519628002,201682.97519628002,-0.015114119347835625,1.501717921807041,100.0
2011-03-18,2,0.0,198881.82276299834,198881.82276299834,-0.013888888888888938,1.4669718395597207,100.0
2011-03-21,2,196490.14348660308,0.0,196490.14348660308,-0.012025630312355711,1.4373049482261835,0.0
2011-03-22,2,0.0,196490.14348660308,196490.14348660308,0.0,1.4373049482261835,100.0
2011-03-23,2,0.0,195543.97327989092,195543.97327989092,-0.004815357095897598,1.425568454548876,100.0
2011-03-24,2,0.0,200881.0918049317,200881.0918049317,0.027293699905552773,1.4917711920477086,100.0
2011-03-25,2,0.0,205703.78116119475,205703.78116119475,0.02400768192232943,1.5515928422496137,100.0
2011-03-28,2,0.0,205749.7115360163,205749.7115360163,0.0002232840571148246,1.5521625722515362,100.0
2011-03-29,2,0.0,209203.66226643257,209203.66226643257,0.016787147377417697,1.595006101483052,100.0
2011-03-30,2,0.0,211637.97213197488,211637.97213197488,0.011636076726238564,1.6252017915849661,100.0
2011-03-31,2,0.0,217507.88749033381,217507.88749033381,0.027735643557851367,1.6980134527437996,100.0
2011-04-01,2,0.0,216818.93186801052,216818.93186801052,-0.0031674971895164564,1.6894675027149562,100.0
2011-04-04,2,0.0,222890.91396325533,222890.91396325533,0.02800485198839164,1.7647856420560777,100.0
2011-04-05,2,227559.30930821638,0.0,227559.30930821638,0.02094475392447206,1.8226933969828558,0.0
2011-04-06,2,227559.30930821638,0.0,227559.30930821638,0.0,1.8226933969828558,0.0
2011-04-07,2,227559.30930821638,0.0,227559.30930821638,0.0,1.8226933969828558,0.0
2011-04-08,2,227559.30930821638,0.0,227559.30930821638,0.0,1.8226933969828558,0.0
2011-04-11,2,227559.30930821638,0.0,227559.30930821638,0.0,1.8226933969828558,0.0
2011-04-13,2,227559.30930821638,0.0,227559.30930821638,0.0,1.8226933969828558,0.0
2011-04-15,2,227559.30930821638,0.0,227559.30930821638,0.0,1.8226933969828558,0.0
2011-04-18,2,0.0,227559.30930821638,227559.30930821638,0.0,1.8226933969828558,100.0
2011-04-19,2,0.0,231555.40983155117,231555.40983155117,0.01756069894693821,1.872261865946782,100.0
2011-04-20,2,0.0,242291.21532233251,242291.21532233251,0.046363872468327516,2.005431048795179,100.0
2011-04-21,2,0.0,237002.8419158481,237002.8419158481,-0.021826517314913817,1.9398329559698715,100.0
2011-04-25,2,0.0,238146.00638940354,238146.00638940354,0.004823420952738318,1.9540130078472473,100.0
2011-04-26,2,0.0,236386.5320099815,236386.5320099815,-0.007388217027435803,1.9321881186434033,100.0
2011-04-27,2,0.0,234716.51296873728,234716.51296873728,-0.00706478083604913,1.9114728522151205,100.0
2011-04-28,2,0.0,230352.6165555262,230352.6165555262,-0.018592200259009102,1.8573421658980684,100.0
2011-04-29,2,0.0,231744.29504507192,231744.29504507192,0.006041513703449716,1.8746048377487863,100.0
2011-05-02,2,0.0,230312.83975159962,230312.83975159962,-0.006176873925607963,1.8568487660800694,100.0
2011-05-03,2,226110.27888025893,0.0,226110.27888025893,-0.018247184463850524,1.8047193196600826,0.0
2011-05-04,2,226110.27888025893,0.0,226110.27888025893,0.0,1.8047193196600826,0.0
2011-05-05,2,226110.27888025893,0.0,226110.27888025893,0.0,1.8047193196600826,0.0
2011-05-06,2,226110.27888025893,0.0,226110.27888025893,0.0,1.8047193196600826,0.0
2011-05-09,2,226110.27888025893,0.0,226110.27888025893,0.0,1.8047193196600826,0.0
2011-05-10,2,0.0,226110.27888025896,226110.27888025896,1.287152030454405e-16,1.804719319660083,100.0
2011-05-11,2,0.0,226179.69994846033,226179.69994846033,0.00030702305328688165,1.8055804331492178,100.0
2011-05-12,2,0.0,220526.44719815897,220526.44719815897,-0.024994518745889063,1.73545630041977,100.0
2011-05-13,2,0.0,223571.2644507295,223571.2644507295,0.013807038979930337,1.7732248521875618,100.0
2011-05-16,2,0.0,224364.70343322793,224364.70343322793,0.0035489309614442073,1.7830668357285369,100.0
2011-05-17,2,0.0,226467.31189408156,226467.31189408156,0.009371386981461546,1.8091480320414206,100.0
2011-05-18,2,0.0,229115.433869239,229115.433869239,0.011693175288784996,1.8419958923922264,100.0
2011-05-19,2,0.0,231059.34484805848,231059.34484805848,0.008484417422219174,1.8661085718555144,100.0
2011-05-20,2,0.0,233072.7011089155,233072.7011089155,0.008713589412196148,1.8910826651614392,100.0
2011-05-23,2,0.0,231396.570943922,231396.570943922,-0.0071914478058510605,1.8702915950725298,100.0
2011-05-24,2,227865.78246016853,0.0,227865.78246016853,-0.015258603311840572,1.8264949542340079,0.0
2011-05-25,2,227865.78246016853,0.0,227865.78246016853,0.0,1.8264949542340079,0.0
2011-05-26,2,227865.78246016853,0.0,227865.78246016853,0.0,1.8264949542340079,0.0
2011-05-27,2,227865.78246016853,0.0,227865.78246016853,0.0,1.8264949542340079,0.0
2011-05-30,2,0.0,227865.78246016856,227865.78246016856,1.2772356666504381e-16,1.8264949542340083,100.0
2011-05-31,2,0.0,228894.40245965362,228894.40245965362,0.0045141485850990655,1.8392541724324534,100.0
2011-06-01,2,0.0,232504.41218765228,232504.41218765228,0.015771507250532214,1.8840334901990756,100.0
2011-06-02,2,0.0,230991.1704038609,230991.1704038609,-0.006508443300293467,1.8652629217519676,100.0
2011-06-03,2,0.0,227895.45860231665,227895.45860231665,-0.013401862054431567,1.82686306332497,100.0
2011-06-06,2,0.0,230318.61581700068,230318.61581700068,0.010632757798445226,1.8569204136066755,100.0
2011-06-07,2,0.0,233275.87115062206,233275.87115062206,0.012839845025688492,1.893602828968111,100.0
2011-06-08,2,0.0,233691.26470096695,233691.26470096695,0.0017806965988208707,1.8987554576839931,100.0
2011-06-09,2,0.0,234670.40836582103,234670.40836582103,0.004189902716761807,1.9109009610513712,100.0
2011-06-10,2,0.0,235234.15848033022,235234.15848033022,0.0024023059338200902,1.9178938357028676,100.0
2011-06-13,2,232252.15150560386,0.0,232252.15150560386,-0.01267676001644851,1.880904395794188,0.0
2011-06-14,2,232252.15150560386,0.0,232252.15150560386,0.0,1.880904395794188,0.0
2011-06-15,2,232252.15150560386,0.0,232252.15150560386,0.0,1.880904395794188,0.0
2011-06-16,2,232252.15150560386,0.0,232252.15150560386,0.0,1.880904395794188,0.0
2011-06-17,2,0.0,232252.15150560386,232252.15150560386,0.0,1.880904395794188,100.0
2011-06-20,2,0.0,223897.62700854728,223897.62700854728,-0.03597178516064254,1.7772731218003286,100.0
2011-06-21,2,0.0,231739.16335576624,231739.16335576624,0.03502286492263544,1.8745411831984076,100.0
2011-06-22,2,0.0,226870.9134817915,226870.9134817915,-0.021007454257962414,1.814154390779738,100.0
2011-06-23,2,0.0,229697.63921506715,229697.63921506715,0.012459621596677323,1.8492176896034815,100.0
2011-06-24,2,0.0,238230.1631877326,238230.1631877326,0.03714676390154975,1.955056906423301,100.0
2011-06-27,2,0.0,240920.78219963878,240920.78219963878,0.011294199592122555,1.988431908930526,100.0
2011-06-28,2,0.0,241632.70342223108,241632.70342223108,0.002955001291679203,1.997262729081511,100.0
2011-06-29,2,0.0,244951.48370819853,244951.48370819853,0.013734814199252616,2.0384295757717905,100.0
2011-06-30,2,0.0,247956.18335713536,247956.18335713536,0.012266509283594369,2.0757005003705427,100.0
2011-07-01,2,249318.9108172313,0.0,249318.9108172313,0.0054958397957480705,2.0926040575802816,0.0
2011-07-04,2,249318.9108172313,0.0,249318.9108172313,0.0,2.0926040575802816,0.0
2011-07-05,2,249318.9108172313,0.0,249318.9108172313,0.0,2.0926040575802816,0.0
2011-07-06,2,249318.9108172313,0.0,249318.9108172313,0.0,2.0926040575802816,0.0
2011-07-07,2,249318.9108172313,0.0,249318.9108172313,0.0,2.0926040575802816,0.0
2011-07-08,2,249318.9108172313,0.0,249318.9108172313,0.0,2.0926040575802816,0.0
2011-07-11,2,249318.9108172313,0.0,249318.9108172313,0.0,2.0926040575802816,0.0
2011-07-12,2,249318.9108172313,0.0,249318.9108172313,0.0,2.0926040575802816,0.0
2011-07-13,2,249318.9108172313,0.0,249318.9108172313,0.0,2.0926040575802816,0.0
2011-07-14,2,249318.9108172313,0.0,249318.9108172313,0.0,2.0926040575802816,0.0
2011-07-15,2,249318.9108172313,0.0,249318.9108172313,0.0,2.0926040575802816,0.0
2011-07-18,2,249318.9108172313,0.0,249318.9108172313,0.0,2.0926040575802816,0.0
2011-07-19,2,249318.9108172313,0.0,249318.9108172313,0.0,2.0926040575802816,0.0
2011-07-20,2,249318.9108172313,0.0,249318.9108172313,0.0,2.0926040575802816,0.0
2011-07-21,2,249318.9108172313,0.0,249318.9108172313,0.0,2.0926040575802816,0.0
2011-07-22,2,249318.9108172313,0.0,249318.9108172313,0.0,2.0926040575802816,0.0
2011-07-25,2,249318.9108172313,0.0,249318.9108172313,0.0,2.0926040575802816,0.0
2011-07-26,2,249318.9108172313,0.0,249318.9108172313,0.0,2.0926040575802816,0.0
2011-07-27,2,249318.9108172313,0.0,249318.9108172313,0.0,2.0926040575802816,0.0
2011-07-28,2,249318.9108172313,0.0,249318.9108172313,0.0,2.0926040575802816,0.0
2011-07-29,2,249318.9108172313,0.0,249318.9108172313,0.0,2.0926040575802816,0.0
2011-08-01,2,249318.9108172313,0.0,249318.9108172313,0.0,2.0926040575802816,0.0
2011-08-02,2,249318.9108172313,0.0,249318.9108172313,0.0,2.0926040575802816,0.0
2011-08-03,2,249318.9108172313,0.0,249318.9108172313,0.0,2.0926040575802816,0.0
2011-08-04,2,0.0,249318.9108172313,249318.9108172313,0.0,2.0926040575802816,100.0
2011-08-05,2,0.0,240696.20422657035,240696.20422657035,-0.03458504837197058,1.985646196653515,100.0
2011-08-08,2,0.0,228729.08380473804,228729.08380473804,-0.049718775002232735,1.837203525165827,100.0
2011-08-09,2,0.0,219503.47900898178,219503.47900898178,-0.040334200803392325,1.722767188461696,100.0
2011-08-10,2,0.0,223883.08309727456,223883.08309727456,0.019952321977154495,1.7770927160747154,100.0
2011-08-11,2,0.0,222586.26248609365,222586.26248609365,-0.005792401074883621,1.7610066812410727,100.0
2011-08-12,2,0.0,215487.90229352852,215487.90229352852,-0.031890378648181894,1.672957132726135,100.0
2011-08-16,2,0.0,221505.5809578136,221505.5809578136,0.027925830639383416,1.747601680920977,100.0
2011-08-17,2,0.0,227489.15505495417,227489.15505495417,0.027013197912517453,1.8218231889124608,100.0
2011-08-18,2,0.0,218946.07207504511,218946.07207504511,-0.03755380329161326,1.7158529959523294,100.0
2011-08-19,2,211135.83574079222,0.0,211135.83574079222,-0.03567196369513262,1.6189731864794008,0.0
2011-08-22,2,211135.83574079222,0.0,211135.83574079222,0.0,1.6189731864794008,0.0
2011-08-23,2,211135.83574079222,0.0,211135.83574079222,0.0,1.6189731864794008,0.0
2011-08-24,2,211135.83574079222,0.0,211135.83574079222,0.0,1.6189731864794008,0.0
2011-08-25,2,211135.83574079222,0.0,211135.83574079222,0.0,1.6189731864794008,0.0
2011-08-26,2,211135.83574079222,0.0,211135.83574079222,0.0,1.6189731864794008,0.0
2011-08-29,2,211135.83574079222,0.0,211135.83574079222,0.0,1.6189731864794008,0.0
2011-08-30,2,211135.83574079222,0.0,211135.83574079222,0.0,1.6189731864794008,0.0
2011-09-02,2,211135.83574079222,0.0,211135.83574079222,0.0,1.6189731864794008,0.0
2011-09-05,2,211135.83574079222,0.0,211135.83574079222,0.0,1.6189731864794008,0.0
2011-09-06,2,211135.83574079222,0.0,211135.83574079222,0.0,1.6189731864794008,0.0
2011-09-07,2,211135.83574079222,0.0,211135.83574079222,0.0,1.6189731864794008,0.0
2011-09-08,2,211135.83574079222,0.0,211135.83574079222,0.0,1.6189731864794008,0.0
2011-09-09,2,211135.83574079222,0.0,211135.83574079222,0.0,1.6189731864794008,0.0
2011-09-12,2,211135.83574079222,0.0,211135.83574079222,0.0,1.6189731864794008,0.0
2011-09-13,2,211135.83574079222,0.0,211135.83574079222,0.0,1.6189731864794008,0.0
2011-09-14,2,211135.83574079222,0.0,211135.83574079222,0.0,1.6189731864794008,0.0
2011-09-15,2,211135.83574079222,0.0,211135.83574079222,0.0,1.6189731864794008,0.0
2011-09-16,2,211135.83574079222,0.0,211135.83574079222,0.0,1.6189731864794008,0.0
2011-09-19,2,211135.83574079222,0.0,211135.83574079222,0.0,1.6189731864794008,0.0
2011-09-20,2,211135.83574079222,0.0,211135.83574079222,0.0,1.6189731864794008,0.0
2011-09-21,2,211135.83574079222,0.0,211135.83574079222,0.0,1.6189731864794008,0.0
2011-09-22,2,211135.83574079222,0.0,211135.83574079222,0.0,1.6189731864794008,0.0
2011-09-23,2,211135.83574079222,0.0,211135.83574079222,0.0,1.6189731864794008,0.0
2011-09-26,2,211135.83574079222,0.0,211135.83574079222,0.0,1.6189731864794008,0.0
2011-09-27,2,211135.83574079222,0.0,211135.83574079222,0.0,1.6189731864794008,0.0
2011-09-28,2,211135.83574079222,0.0,211135.83574079222,0.0,1.6189731864794008,0.0
2011-09-29,2,211135.83574079222,0.0,211135.83574079222,0.0,1.6189731864794008,0.0
2011-09-30,2,211135.83574079222,0.0,211135.83574079222,0.0,1.6189731864794008,0.0
2011-10-03,2,211135.83574079222,0.0,211135.83574079222,0.0,1.6189731864794008,0.0
2011-10-04,2,211135.83574079222,0.0,211135.83574079222,0.0,1.6189731864794008,0.0
2011-10-05,2,211135.83574079222,0.0,211135.83574079222,0.0,1.6189731864794008,0.0
2011-10-07,2,211135.83574079222,0.0,211135.83574079222,0.0,1.6189731864794008,0.0
2011-10-10,2,211135.83574079222,0.0,211135.83574079222,0.0,1.6189731864794008,0.0
2011-10-11,2,211135.83574079222,0.0,211135.83574079222,0.0,1.6189731864794008,0.0
2011-10-12,2,211135.83574079222,0.0,211135.83574079222,0.0,1.6189731864794008,0.0
2011-10-13,2,211135.83574079222,0.0,211135.83574079222,0.0,1.6189731864794008,0.0
2011-10-14,2,211135.83574079222,0.0,211135.83574079222,0.0,1.6189731864794008,0.0
2011-10-17,2,211135.83574079222,0.0,211135.83574079222,0.0,1.6189731864794008,0.0
2011-10-18,2,211135.83574079222,0.0,211135.83574079222,0.0,1.6189731864794008,0.0
2011-10-19,2,211135.83574079222,0.0,211135.83574079222,0.0,1.6189731864794008,0.0
2011-10-20,2,211135.83574079222,0.0,211135.83574079222,0.0,1.6189731864794008,0.0
2011-10-21,2,211135.83574079222,0.0,211135.83574079222,0.0,1.6189731864794008,0.0
2011-10-24,2,211135.83574079222,0.0,211135.83574079222,0.0,1.6189731864794008,0.0
2011-10-25,2,211135.83574079222,0.0,211135.83574079222,0.0,1.6189731864794008,0.0
2011-10-28,2,211135.83574079222,0.0,211135.83574079222,0.0,1.6189731864794008,0.0
2011-10-31,2,211135.83574079222,0.0,211135.83574079222,0.0,1.6189731864794008,0.0
2011-11-01,2,211135.83574079222,0.0,211135.83574079222,0.0,1.6189731864794008,0.0
2011-11-02,2,211135.83574079222,0.0,211135.83574079222,0.0,1.6189731864794008,0.0
2011-11-03,2,211135.83574079222,0.0,211135.83574079222,0.0,1.6189731864794008,0.0
2011-11-04,2,211135.83574079222,0.0,211135.83574079222,0.0,1.6189731864794008,0.0
2011-11-08,2,211135.83574079222,0.0,211135.83574079222,0.0,1.6189731864794008,0.0
2011-11-09,2,211135.83574079222,0.0,211135.83574079222,0.0,1.6189731864794008,0.0
2011-11-11,2,211135.83574079222,0.0,211135.83574079222,0.0,1.6189731864794008,0.0
2011-11-14,2,211135.83574079222,0.0,211135.83574079222,0.0,1.6189731864794008,0.0
2011-11-15,2,211135.83574079222,0.0,211135.83574079222,0.0,1.6189731864794008,0.0
2011-11-16,2,211135.83574079222,0.0,211135.83574079222,0.0,1.6189731864794008,0.0
2011-11-17,2,211135.83574079222,0.0,211135.83574079222,0.0,1.6189731864794008,0.0
2011-11-18,2,211135.83574079222,0.0,211135.83574079222,0.0,1.6189731864794008,0.0
2011-11-21,2,211135.83574079222,0.0,211135.83574079222,0.0,1.6189731864794008,0.0
2011-11-22,2,211135.83574079222,0.0,211135.83574079222,0.0,1.6189731864794008,0.0
2011-11-23,2,211135.83574079222,0.0,211135.83574079222,0.0,1.6189731864794008,0.0
2011-11-24,2,211135.83574079222,0.0,211135.83574079222,0.0,1.6189731864794008,0.0
2011-11-25,2,211135.83574079222,0.0,211135.83574079222,0.0,1.6189731864794008,0.0
2011-11-28,2,211135.83574079222,0.0,211135.83574079222,0.0,1.6189731864794008,0.0
2011-11-29,2,211135.83574079222,0.0,211135.83574079222,0.0,1.6189731864794008,0.0
2011-11-30,2,211135.83574079222,0.0,211135.83574079222,0.0,1.6189731864794008,0.0
2011-12-01,2,211135.83574079222,0.0,211135.83574079222,0.0,1.6189731864794008,0.0
2011-12-02,2,211135.83574079222,0.0,211135.83574079222,0.0,1.6189731864794008,0.0
2011-12-05,2,211135.83574079222,0.0,211135.83574079222,0.0,1.6189731864794008,0.0
2011-12-07,2,211135.83574079222,0.0,211135.83574079222,0.0,1.6189731864794008,0.0
2011-12-08,2,211135.83574079222,0.0,211135.83574079222,0.0,1.6189731864794008,0.0
2011-12-09,2,211135.83574079222,0.0,211135.83574079222,0.0,1.6189731864794008,0.0
2011-12-12,2,211135.83574079222,0.0,211135.83574079222,0.0,1.6189731864794008,0.0
2011-12-13,2,211135.83574079222,0.0,211135.83574079222,0.0,1.6189731864794008,0.0
2011-12-14,2,211135.83574079222,0.0,211135.83574079222,0.0,1.6189731864794008,0.0
2011-12-15,2,211135.83574079222,0.0,211135.83574079222,0.0,1.6189731864794008,0.0
2011-12-16,2,211135.83574079222,0.0,211135.83574079222,0.0,1.6189731864794008,0.0
2011-12-19,2,211135.83574079222,0.0,211135.83574079222,0.0,1.6189731864794008,0.0
2011-12-20,2,211135.83574079222,0.0,211135.83574079222,0.0,1.6189731864794008,0.0
2011-12-21,2,211135.83574079222,0.0,211135.83574079222,0.0,1.6189731864794008,0.0
2011-12-22,2,211135.83574079222,0.0,211135.83574079222,0.0,1.6189731864794008,0.0
2011-12-23,2,211135.83574079222,0.0,211135.83574079222,0.0,1.6189731864794008,0.0
2011-12-26,2,211135.83574079222,0.0,211135.83574079222,0.0,1.6189731864794008,0.0
2011-12-27,2,211135.83574079222,0.0,211135.83574079222,0.0,1.6189731864794008,0.0
2011-12-28,2,211135.83574079222,0.0,211135.83574079222,0.0,1.6189731864794008,0.0
2011-12-29,2,211135.83574079222,0.0,211135.83574079222,0.0,1.6189731864794008,0.0
2011-12-30,2,211135.83574079222,0.0,211135.83574079222,0.0,1.6189731864794008,0.0
2012-01-02,2,211135.83574079222,0.0,211135.83574079222,0.0,1.6189731864794008,0.0
2012-01-03,2,211135.83574079222,0.0,211135.83574079222,0.0,1.6189731864794008,0.0
2012-01-04,2,211135.83574079222,0.0,211135.83574079222,0.0,1.6189731864794008,0.0
2012-01-05,2,211135.83574079222,0.0,211135.83574079222,0.0,1.6189731864794008,0.0
2012-01-06,2,211135.83574079222,0.0,211135.83574079222,0.0,1.6189731864794008,0.0
2012-01-09,2,211135.83574079222,0.0,211135.83574079222,0.0,1.6189731864794008,0.0
2012-01-10,2,211135.83574079222,0.0,211135.83574079222,0.0,1.6189731864794008,0.0
2012-01-11,2,211135.83574079222,0.0,211135.83574079222,0.0,1.6189731864794008,0.0
2012-01-12,2,0.0,211135.83574079222,211135.83574079222,0.0,1.6189731864794008,100.0
2012-01-13,2,0.0,210409.11762787073,210409.11762787073,-0.0034419458467186354,1.6099588225975305,100.0
2012-01-16,2,0.0,214992.29125793334,214992.29125793334,0.02178220070371856,1.666809469499791,100.0
2012-01-17,2,0.0,213936.1134067743,213936.1134067743,-0.00491263126216887,1.6537084179296784,100.0
2012-01-18,2,0.0,208548.7239900294,208548.7239900294,-0.025182234691257653,1.586882109747207,100.0
2012-01-19,2,0.0,208432.45382319967,208432.45382319967,-0.0005575203943001924,1.5854398702133727,100.0
2012-01-20,2,0.0,209197.92077300156,209197.92077300156,0.0036724940658770452,1.5949348827944132,100.0
2012-01-23,2,0.0,208849.0866163238,208849.0866163238,-0.0016674838611626709,1.5906078707565854,100.0
2012-01-24,2,0.0,210980.79308089352,210980.79308089352,0.010206922611473412,1.6170500048100718,100.0
2012-01-25,2,0.0,212783.06346341426,212783.06346341426,0.00854234338682063,1.6394057446116401,100.0
2012-01-27,2,214651.45573173545,0.0,214651.45573173545,0.008780737704918115,1.662581674151929,0.0
2012-01-30,2,214651.45573173545,0.0,214651.45573173545,0.0,1.662581674151929,0.0
2012-01-31,2,214651.45573173545,0.0,214651.45573173545,0.0,1.662581674151929,0.0
2012-02-01,2,214651.45573173545,0.0,214651.45573173545,0.0,1.662581674151929,0.0
2012-02-02,2,214651.45573173545,0.0,214651.45573173545,0.0,1.662581674151929,0.0
2012-02-03,2,214651.45573173545,0.0,214651.45573173545,0.0,1.662581674151929,0.0
2012-02-06,2,214651.45573173545,0.0,214651.45573173545,0.0,1.662581674151929,0.0
2012-02-07,2,214651.45573173545,0.0,214651.45573173545,0.0,1.662581674151929,0.0
2012-02-08,2,214651.45573173545,0.0,214651.45573173545,0.0,1.662581674151929,0.0
2012-02-09,2,214651.45573173545,0.0,214651.45573173545,0.0,1.662581674151929,0.0
2012-02-10,2,214651.45573173545,0.0,214651.45573173545,0.0,1.662581674151929,0.0
2012-02-13,2,214651.45573173545,0.0,214651.45573173545,0.0,1.662581674151929,0.0
2012-02-14,2,214651.45573173545,0.0,214651.45573173545,0.0,1.662581674151929,0.0
2012-02-15,2,214651.45573173545,0.0,214651.45573173545,0.0,1.662581674151929,0.0
2012-02-16,2,214651.45573173545,0.0,214651.45573173545,0.0,1.662581674151929,0.0
2012-02-17,2,214651.45573173545,0.0,214651.45573173545,0.0,1.662581674151929,0.0
2012-02-21,2,214651.45573173545,0.0,214651.45573173545,0.0,1.662581674151929,0.0
2012-02-22,2,214651.45573173545,0.0,214651.45573173545,0.0,1.662581674151929,0.0
2012-02-23,2,214651.45573173545,0.0,214651.45573173545,0.0,1.662581674151929,0.0
2012-02-24,2,214651.45573173545,0.0,214651.45573173545,0.0,1.662581674151929,0.0
2012-02-27,2,214651.45573173545,0.0,214651.45573173545,0.0,1.662581674151929,0.0
2012-02-28,2,214651.45573173545,0.0,214651.45573173545,0.0,1.662581674151929,0.0
2012-02-29,2,214651.45573173545,0.0,214651.45573173545,0.0,1.662581674151929,0.0
2012-03-01,2,214651.45573173545,0.0,214651.45573173545,0.0,1.662581674151929,0.0
2012-03-02,2,214651.45573173545,0.0,214651.45573173545,0.0,1.662581674151929,0.0
2012-03-05,2,214651.45573173545,0.0,214651.45573173545,0.0,1.662581674151929,0.0
2012-03-06,2,214651.45573173545,0.0,214651.45573173545,0.0,1.662581674151929,0.0
2012-03-07,2,214651.45573173545,0.0,214651.45573173545,0.0,1.662581674151929,0.0
2012-03-09,2,214651.45573173545,0.0,214651.45573173545,0.0,1.662581674151929,0.0
2012-03-12,2,214651.45573173545,0.0,214651.45573173545,0.0,1.662581674151929,0.0
2012-03-13,2,214651.45573173545,0.0,214651.45573173545,0.0,1.662581674151929,0.0
2012-03-14,2,0.0,214651.45573173542,214651.45573173542,-1.3558645739214898e-16,1.6625816741519286,100.0
2012-03-15,2,0.0,216352.58584721433,216352.58584721433,0.007925080729966859,1.683682848869713,100.0
2012-03-16,2,0.0,217440.22338996222,217440.22338996222,0.005027152961859995,1.6971741330521013,100.0
2012-03-19,2,0.0,208599.8208353636,208599.8208353636,-0.04065670287113373,1.5875159257328941,100.0
2012-03-20,2,0.0,210988.86059023466,210988.86059023466,0.011452741163937113,1.6171500758878783,100.0
2012-03-21,2,0.0,218592.90494400958,218592.90494400958,0.03604002757540303,1.7114722367918456,100.0
2012-03-22,2,0.0,217105.5621929553,217105.5621929553,-0.006804167552626034,1.6930229253784201,100.0
2012-03-23,2,0.0,220247.57829356732,220247.57829356732,0.014472296650877726,1.7319971520421111,100.0
2012-03-26,2,0.0,215962.16291407245,215962.16291407245,-0.01945726446890984,1.6788399609265192,100.0
2012-03-27,2,0.0,218406.9871001278,218406.9871001278,0.011320613542049454,1.7091660728651672,100.0
2012-03-28,2,216396.26249229105,0.0,216396.26249229105,-0.009206319974163362,1.684224623135223,0.0
2012-03-29,2,216396.26249229105,0.0,216396.26249229105,0.0,1.684224623135223,0.0
2012-03-30,2,216396.26249229105,0.0,216396.26249229105,0.0,1.684224623135223,0.0
2012-04-02,2,216396.26249229105,0.0,216396.26249229105,0.0,1.684224623135223,0.0
2012-04-03,2,216396.26249229105,0.0,216396.26249229105,0.0,1.684224623135223,0.0
2012-04-04,2,216396.26249229105,0.0,216396.26249229105,0.0,1.684224623135223,0.0
2012-04-09,2,216396.26249229105,0.0,216396.26249229105,0.0,1.684224623135223,0.0
2012-04-10,2,216396.26249229105,0.0,216396.26249229105,0.0,1.684224623135223,0.0
2012-04-11,2,216396.26249229105,0.0,216396.26249229105,0.0,1.684224623135223,0.0
2012-04-12,2,216396.26249229105,0.0,216396.26249229105,0.0,1.684224623135223,0.0
2012-04-13,2,216396.26249229105,0.0,216396.26249229105,0.0,1.684224623135223,0.0
2012-04-16,2,216396.26249229105,0.0,216396.26249229105,0.0,1.684224623135223,0.0
2012-04-17,2,216396.26249229105,0.0,216396.26249229105,0.0,1.684224623135223,0.0
2012-04-18,2,216396.26249229105,0.0,216396.26249229105,0.0,1.684224623135223,0.0
2012-04-19,2,216396.26249229105,0.0,216396.26249229105,0.0,1.684224623135223,0.0
2012-04-20,2,216396.26249229105,0.0,216396.26249229105,0.0,1.684224623135223,0.0
2012-04-23,2,216396.26249229105,0.0,216396.26249229105,0.0,1.684224623135223,0.0
2012-04-24,2,216396.26249229105,0.0,216396.26249229105,0.0,1.684224623135223,0.0
2012-04-25,2,216396.26249229105,0.0,216396.26249229105,0.0,1.684224623135223,0.0
2012-04-26,2,216396.26249229105,0.0,216396.26249229105,0.0,1.684224623135223,0.0
2012-04-27,2,216396.26249229105,0.0,216396.26249229105,0.0,1.684224623135223,0.0
2012-04-30,2,216396.26249229105,0.0,216396.26249229105,0.0,1.684224623135223,0.0
2012-05-02,2,216396.26249229105,0.0,216396.26249229105,0.0,1.684224623135223,0.0
2012-05-03,2,216396.26249229105,0.0,216396.26249229105,0.0,1.684224623135223,0.0
2012-05-04,2,216396.26249229105,0.0,216396.26249229105,0.0,1.684224623135223,0.0
2012-05-07,2,216396.26249229105,0.0,216396.26249229105,0.0,1.684224623135223,0.0
2012-05-08,2,216396.26249229105,0.0,216396.26249229105,0.0,1.684224623135223,0.0
2012-05-09,2,216396.26249229105,0.0,216396.26249229105,0.0,1.684224623135223,0.0
2012-05-10,2,216396.26249229105,0.0,216396.26249229105,0.0,1.684224623135223,0.0
2012-05-11,2,216396.26249229105,0.0,216396.26249229105,0.0,1.684224623135223,0.0
2012-05-14,2,216396.26249229105,0.0,216396.26249229105,0.0,1.684224623135223,0.0
2012-05-15,2,216396.26249229105,0.0,216396.26249229105,0.0,1.684224623135223,0.0
2012-05-16,2,216396.26249229105,0.0,216396.26249229105,0.0,1.684224623135223,0.0
2012-05-17,2,216396.26249229105,0.0,216396.26249229105,0.0,1.684224623135223,0.0
2012-05-18,2,216396.26249229105,0.0,216396.26249229105,0.0,1.684224623135223,0.0
2012-05-21,2,216396.26249229105,0.0,216396.26249229105,0.0,1.684224623135223,0.0
2012-05-22,2,216396.26249229105,0.0,216396.26249229105,0.0,1.684224623135223,0.0
2012-05-23,2,216396.26249229105,0.0,216396.26249229105,0.0,1.684224623135223,0.0
2012-05-24,2,216396.26249229105,0.0,216396.26249229105,0.0,1.684224623135223,0.0
2012-05-25,2,216396.26249229105,0.0,216396.26249229105,0.0,1.684224623135223,0.0
2012-05-28,2,216396.26249229105,0.0,216396.26249229105,0.0,1.684224623135223,0.0
2012-05-29,2,216396.26249229105,0.0,216396.26249229105,0.0,1.684224623135223,0.0
2012-05-30,2,216396.26249229105,0.0,216396.26249229105,0.0,1.684224623135223,0.0
2012-05-31,2,216396.26249229105,0.0,216396.26249229105,0.0,1.684224623135223,0.0
2012-06-01,2,216396.26249229105,0.0,216396.26249229105,0.0,1.684224623135223,0.0
2012-06-04,2,216396.26249229105,0.0,216396.26249229105,0.0,1.684224623135223,0.0
2012-06-05,2,216396.26249229105,0.0,216396.26249229105,0.0,1.684224623135223,0.0
2012-06-06,2,216396.26249229105,0.0,216396.26249229105,0.0,1.684224623135223,0.0
2012-06-07,2,216396.26249229105,0.0,216396.26249229105,0.0,1.684224623135223,0.0
2012-06-08,2,216396.26249229105,0.0,216396.26249229105,0.0,1.684224623135223,0.0
2012-06-11,2,216396.26249229105,0.0,216396.26249229105,0.0,1.684224623135223,0.0
2012-06-12,2,216396.26249229105,0.0,216396.26249229105,0.0,1.684224623135223,0.0
2012-06-13,2,216396.26249229105,0.0,216396.26249229105,0.0,1.684224623135223,0.0
2012-06-14,2,216396.26249229105,0.0,216396.26249229105,0.0,1.684224623135223,0.0
2012-06-15,2,216396.26249229105,0.0,216396.26249229105,0.0,1.684224623135223,0.0
2012-06-18,2,216396.26249229105,0.0,216396.26249229105,0.0,1.684224623135223,0.0
2012-06-19,2,216396.26249229105,0.0,216396.26249229105,0.0,1.684224623135223,0.0
2012-06-20,2,216396.26249229105,0.0,216396.26249229105,0.0,1.684224623135223,0.0
2012-06-21,2,216396.26249229105,0.0,216396.26249229105,0.0,1.684224623135223,0.0
2012-06-22,2,216396.26249229105,0.0,216396.26249229105,0.0,1.684224623135223,0.0
2012-06-25,2,216396.26249229105,0.0,216396.26249229105,0.0,1.684224623135223,0.0
2012-06-26,2,216396.26249229105,0.0,216396.26249229105,0.0,1.684224623135223,0.0
2012-06-27,2,216396.26249229105,0.0,216396.26249229105,0.0,1.684224623135223,0.0
2012-06-28,2,0.0,216396.26249229105,216396.26249229105,0.0,1.684224623135223,100.0
2012-06-29,2,0.0,219593.59758170176,219593.59758170176,0.014775371129732965,1.7238850381376134,100.0
2012-07-02,2,0.0,216499.3982724884,216499.3982724884,-0.014090571598118311,1.6855039409826922,100.0
2012-07-03,2,0.0,213052.81663227724,213052.81663227724,-0.01591958992825127,1.6427518194915451,100.0
2012-07-04,2,0.0,214505.36291443845,214505.36291443845,0.006817775540927267,1.6607695082072156,100.0
2012-07-05,2,0.0,213259.08819267197,213259.08819267197,-0.005809993301955741,1.6453104551864834,100.0
2012-07-06,2,0.0,214488.17711505256,214488.17711505256,0.005763360111856748,1.6605563319473828,100.0
2012-07-09,2,0.0,216490.8158647365,216490.8158647365,0.00933682581772197,1.6853974829970129,100.0
2012-07-10,2,0.0,216886.1731861401,216886.1731861401,0.0018262082842840771,1.6903015781270576,100.0
2012-07-11,2,0.0,216301.73010372763,216301.73010372763,-0.0026946995920799446,1.6830520235619066,100.0
2012-07-12,2,212255.88421341675,0.0,212255.88421341675,-0.018704639525401374,1.6328665026332825,0.0
2012-07-13,2,212255.88421341675,0.0,212255.88421341675,0.0,1.6328665026332825,0.0
2012-07-16,2,0.0,212255.88421341678,212255.88421341678,1.3711671911752844e-16,1.632866502633283,100.0
2012-07-17,2,0.0,208484.91602326016,208484.91602326016,-0.0177661420512848,1.5860906223454305,100.0
2012-07-18,2,0.0,210137.46957772246,210137.46957772246,0.007926489771940751,1.6065892432127635,100.0
2012-07-19,2,0.0,211139.5387378038,211139.5387378038,0.004768636274601797,1.6190191192309347,100.0
2012-07-20,2,0.0,215016.0059640456,215016.0059640456,0.018359740906015845,1.6671036316879164,100.0
2012-07-23,2,0.0,213468.92998532747,213468.92998532747,-0.007195166572747212,1.647913376791143,100.0
2012-07-24,2,0.0,212572.33840099032,212572.33840099032,-0.004200103426755237,1.6367918667435313,100.0
2012-07-25,2,0.0,213275.55085307293,213275.55085307293,0.0033081089353972485,1.6455146614786884,100.0
2012-07-26,2,0.0,210691.23221546476,210691.23221546476,-0.012117275643041372,1.6134582311078438,100.0
2012-07-27,2,0.0,215411.56296834204,215411.56296834204,0.022404020818721154,1.6720102037264422,100.0
2012-07-30,2,216197.21849629495,0.0,216197.21849629495,0.0036472300610361236,1.6817556396648685,0.0
2012-07-31,2,216197.21849629495,0.0,216197.21849629495,0.0,1.6817556396648685,0.0
2012-08-01,2,216197.21849629495,0.0,216197.21849629495,0.0,1.6817556396648685,0.0
2012-08-02,2,216197.21849629495,0.0,216197.21849629495,0.0,1.6817556396648685,0.0
2012-08-03,2,216197.21849629495,0.0,216197.21849629495,0.0,1.6817556396648685,0.0
2012-08-06,2,216197.21849629495,0.0,216197.21849629495,0.0,1.6817556396648685,0.0
2012-08-07,2,216197.21849629495,0.0,216197.21849629495,0.0,1.6817556396648685,0.0
2012-08-08,2,216197.21849629495,0.0,216197.21849629495,0.0,1.6817556396648685,0.0
2012-08-09,2,216197.21849629495,0.0,216197.21849629495,0.0,1.6817556396648685,0.0
2012-08-10,2,216197.21849629495,0.0,216197.21849629495,0.0,1.6817556396648685,0.0
2012-08-13,2,216197.21849629495,0.0,216197.21849629495,0.0,1.6817556396648685,0.0
2012-08-14,2,216197.21849629495,0.0,216197.21849629495,0.0,1.6817556396648685,0.0
2012-08-16,2,216197.21849629495,0.0,216197.21849629495,0.0,1.6817556396648685,0.0
2012-08-17,2,216197.21849629495,0.0,216197.21849629495,0.0,1.6817556396648685,0.0
2012-08-21,2,216197.21849629495,0.0,216197.21849629495,0.0,1.6817556396648685,0.0
2012-08-22,2,216197.21849629495,0.0,216197.21849629495,0.0,1.6817556396648685,0.0
2012-08-23,2,216197.21849629495,0.0,216197.21849629495,0.0,1.6817556396648685,0.0
2012-08-24,2,216197.21849629495,0.0,216197.21849629495,0.0,1.6817556396648685,0.0
2012-08-27,2,216197.21849629495,0.0,216197.21849629495,0.0,1.6817556396648685,0.0
2012-08-28,2,216197.21849629495,0.0,216197.21849629495,0.0,1.6817556396648685,0.0
2012-08-29,2,216197.21849629495,0.0,216197.21849629495,0.0,1.6817556396648685,0.0
2012-08-30,2,216197.21849629495,0.0,216197.21849629495,0.0,1.6817556396648685,0.0
2012-08-31,2,216197.21849629495,0.0,216197.21849629495,0.0,1.6817556396648685,0.0
2012-09-03,2,216197.21849629495,0.0,216197.21849629495,0.0,1.6817556396648685,0.0
2012-09-04,2,216197.21849629495,0.0,216197.21849629495,0.0,1.6817556396648685,0.0
2012-09-05,2,216197.21849629495,0.0,216197.21849629495,0.0,1.6817556396648685,0.0
2012-09-06,2,216197.21849629495,0.0,216197.21849629495,0.0,1.6817556396648685,0.0
2012-09-07,2,216197.21849629495,0.0,216197.21849629495,0.0,1.6817556396648685,0.0
2012-09-10,2,216197.21849629495,0.0,216197.21849629495,0.0,1.6817556396648685,0.0
2012-09-11,2,216197.21849629495,0.0,216197.21849629495,0.0,1.6817556396648685,0.0
2012-09-12,2,216197.21849629495,0.0,216197.21849629495,0.0,1.6817556396648685,0.0
2012-09-13,2,216197.21849629495,0.0,216197.21849629495,0.0,1.6817556396648685,0.0
2012-09-14,2,216197.21849629495,0.0,216197.21849629495,0.0,1.6817556396648685,0.0
2012-09-17,2,0.0,216197.21849629495,216197.21849629495,0.0,1.6817556396648685,100.0
2012-09-18,2,209173.7926455652,0.0,209173.7926455652,-0.0324861989417783,1.5946355924414797,0.0
2012-09-20,3,0.0,209173.7926455652,209173.7926455652,0.0,0.0,100.0
2012-09-21,3,0.0,206333.6569689965,206333.6569689965,-0.013577875319118804,-0.013577875319118804,100.0
2012-09-24,3,0.0,204023.55273317697,204023.55273317697,-0.011195964195829937,-0.024621822109020444,100.0
2012-09-25,3,0.0,204616.89745512922,204616.89745512922,0.0029082167916575237,-0.021785210913861576,100.0
2012-09-26,3,0.0,203414.38934822736,203414.38934822736,-0.005876875868306836,-0.027534057801862764,100.0
2012-09-27,3,0.0,201191.3360454104,201191.3360454104,-0.010928692458483307,-0.03816183901049541,100.0
2012-09-28,3,0.0,205044.11724369894,205044.11724369894,0.019149836538780902,-0.01974279545078477,100.0
2012-10-01,3,0.0,206159.59373220507,206159.59373220507,0.005440177965117452,-0.014410021806448497,100.0
2012-10-03,3,0.0,209276.6429269583,209276.6429269583,0.015119593215740319,0.0004916977413483726,100.0
2012-10-04,3,0.0,208406.40400142834,208406.40400142834,-0.004158318450443104,-0.0036686653448846215,100.0
2012-10-05,3,0.0,206119.41224221422,206119.41224221422,-0.010973711533348272,-0.014602118003025738,100.0
2012-10-08,3,0.0,204333.24704071003,204333.24704071003,-0.008665681616660344,-0.023141262314142957,100.0
2012-10-09,3,0.0,204673.09502271385,204673.09502271385,0.0016632045294915226,-0.02151654643695047,100.0
2012-10-10,3,0.0,203803.72633610942,203803.72633610942,-0.004247596326756825,-0.02567274916009721,100.0
2012-10-11,3,0.0,203819.5291804438,203819.5291804438,7.753952598640355e-05,-0.02559720028691145,100.0
2012-10-12,3,0.0,205242.1324857965,205242.1324857965,0.006979720299978022,-0.018796141285398586,100.0
2012-10-15,3,0.0,204641.48933404512,204641.48933404512,-0.0029265099932292747,-0.021667644183321993,100.0
2012-10-16,3,0.0,204839.07312645522,204839.07312645522,0.000965511896209707,-0.020723052655334123,100.0
2012-10-17,3,0.0,202823.71844387223,202823.71844387223,-0.009838721938264317,-0.030357886240810594,100.0
2012-10-18,3,0.0,206648.93294681484,206648.93294681484,0.018859798707423665,-0.012070631157071486,100.0
2012-10-19,3,203655.18689298688,0.0,203655.18689298688,-0.014487111117086943,-0.026382873699332562,0.0
2012-10-22,3,203655.18689298688,0.0,203655.18689298688,0.0,-0.026382873699332562,0.0
2012-10-23,3,203655.18689298688,0.0,203655.18689298688,0.0,-0.026382873699332562,0.0
2012-10-25,3,203655.18689298688,0.0,203655.18689298688,0.0,-0.026382873699332562,0.0
2012-10-29,3,203655.18689298688,0.0,203655.18689298688,0.0,-0.026382873699332562,0.0
2012-10-30,3,203655.18689298688,0.0,203655.18689298688,0.0,-0.026382873699332562,0.0
2012-10-31,3,203655.18689298688,0.0,203655.18689298688,0.0,-0.026382873699332562,0.0
2012-11-01,3,203655.18689298688,0.0,203655.18689298688,0.0,-0.026382873699332562,0.0
2012-11-02,3,203655.18689298688,0.0,203655.18689298688,0.0,-0.026382873699332562,0.0
2012-11-05,3,203655.18689298688,0.0,203655.18689298688,0.0,-0.026382873699332562,0.0
2012-11-06,3,203655.18689298688,0.0,203655.18689298688,0.0,-0.026382873699332562,0.0
2012-11-07,3,203655.18689298688,0.0,203655.18689298688,0.0,-0.026382873699332562,0.0
2012-11-08,3,203655.18689298688,0.0,203655.18689298688,0.0,-0.026382873699332562,0.0
2012-11-09,3,203655.18689298688,0.0,203655.18689298688,0.0,-0.026382873699332562,0.0
2012-11-12,3,0.0,203655.18689298685,203655.18689298685,-1.4290738625786471e-16,-0.0263828736993327,100.0
2012-11-15,3,0.0,197497.46353661251,197497.46353661251,-0.030236025167431596,-0.055821185633602104,100.0
2012-11-16,3,0.0,196375.79950393137,196375.79950393137,-0.0056793844973771525,-0.061183540154666566,100.0
2012-11-19,3,0.0,192644.52619131622,192644.52619131622,-0.01900067789432702,-0.07902168931008015,100.0
2012-11-20,3,0.0,194239.2894878191,194239.2894878191,0.008278269453236932,-0.07139758269360202,100.0
2012-11-21,3,0.0,195673.78845266905,195673.78845266905,0.007385215260169623,-0.06453965395068041,100.0
2012-11-22,3,0.0,194796.29326748007,194796.29326748007,-0.004484479971119039,-0.06873470713631467,100.0
2012-11-23,3,0.0,196650.48247152672,196650.48247152672,0.00951860619596396,-0.05987035954957621,100.0
2012-11-26,3,0.0,197428.77882304697,197428.77882304697,0.003957764769953961,-0.05614954757941203,100.0
2012-11-27,3,0.0,197657.69061048757,197657.69061048757,0.0011594651438621506,-0.05505518587881184,100.0
2012-11-29,3,197902.15686819187,0.0,197902.15686819187,0.0012368163209296055,-0.053886462710328965,0.0
2012-11-30,3,197902.15686819187,0.0,197902.15686819187,0.0,-0.053886462710328965,0.0
2012-12-03,3,197902.15686819187,0.0,197902.15686819187,0.0,-0.053886462710328965,0.0
2012-12-04,3,197902.15686819187,0.0,197902.15686819187,0.0,-0.053886462710328965,0.0
2012-12-05,3,197902.15686819187,0.0,197902.15686819187,0.0,-0.053886462710328965,0.0
2012-12-06,3,197902.15686819187,0.0,197902.15686819187,0.0,-0.053886462710328965,0.0
2012-12-07,3,197902.15686819187,0.0,197902.15686819187,0.0,-0.053886462710328965,0.0
2012-12-10,3,197902.15686819187,0.0,197902.15686819187,0.0,-0.053886462710328965,0.0
2012-12-11,3,197902.15686819187,0.0,197902.15686819187,0.0,-0.053886462710328965,0.0
2012-12-12,3,197902.15686819187,0.0,197902.15686819187,0.0,-0.053886462710328965,0.0
2012-12-13,3,197902.15686819187,0.0,197902.15686819187,0.0,-0.053886462710328965,0.0
2012-12-14,3,197902.15686819187,0.0,197902.15686819187,0.0,-0.053886462710328965,0.0
2012-12-17,3,0.0,197902.15686819184,197902.15686819184,-1.4706171432036303e-16,-0.053886462710329104,100.0
2012-12-18,3,0.0,198747.61596356044,198747.61596356044,0.004272106523486234,-0.04984456489571527,100.0
2012-12-19,3,0.0,202359.26876414128,202359.26876414128,0.018172055966915436,-0.03257828715173132,100.0
2012-12-20,3,0.0,205544.0938780679,205544.0938780679,0.015738469176021244,-0.017352550343855164,100.0
2012-12-21,3,0.0,206635.78198822218,206635.78198822218,0.005311211281029922,-0.012133502123966166,100.0
2012-12-24,3,0.0,207867.02726114748,207867.02726114748,0.005958528871807288,-0.006247271074880666,100.0
2012-12-26,3,0.0,207210.3631155873,207210.3631155873,-0.0031590587223590694,-0.009386594301059693,100.0
2012-12-27,3,0.0,205363.49520619938,205363.49520619938,-0.00891300937664825,-0.018215940874687805,100.0
2012-12-28,3,0.0,208080.45112437426,208080.45112437426,0.013229984790855175,-0.005226952704555867,100.0
2012-12-31,3,0.0,206167.91279247045,206167.91279247045,-0.009191340760601494,-0.014370250761710241,100.0
2013-01-01,3,0.0,207322.96841151713,207322.96841151713,0.005602499454943594,-0.008848260628826531,100.0
2013-01-02,3,0.0,207183.57082566843,207183.57082566843,-0.000672369235867799,-0.009514680566456567,100.0
2013-01-03,3,0.0,210020.7911709308,210020.7911709308,0.013694234219226374,0.00404925738857163,100.0
2013-01-04,3,0.0,213071.22195555677,213071.22195555677,0.014524422880319932,0.018632493395554436,100.0
2013-01-07,3,0.0,212357.8178234703,212357.8178234703,-0.003348195619938145,0.01522191254284077,100.0
2013-01-08,3,0.0,213243.43192733193,213243.43192733193,0.004170386157376207,0.01945577995357443,100.0
2013-01-09,3,0.0,209364.78368951622,209364.78368951622,-0.018188828620697945,0.0009130734856189089,100.0
2013-01-10,3,0.0,206379.95765698364,206379.95765698364,-0.01425658116867935,-0.013356524989321137,100.0
2013-01-11,3,0.0,214243.83933253726,214243.83933253726,0.038103901972031055,0.024238441263829843,100.0
2013-01-14,3,0.0,218860.49598694438,218860.49598694438,0.021548608673136266,0.04630935462260717,100.0
2013-01-15,3,219124.94920308725,0.0,219124.94920308725,0.0012083186367202626,0.04757362971557242,0.0
2013-01-16,3,219124.94920308725,0.0,219124.94920308725,0.0,0.04757362971557242,0.0
2013-01-17,3,219124.94920308725,0.0,219124.94920308725,0.0,0.04757362971557242,0.0
2013-01-18,3,219124.94920308725,0.0,219124.94920308725,0.0,0.04757362971557242,0.0
2013-01-21,3,219124.94920308725,0.0,219124.94920308725,0.0,0.04757362971557242,0.0
2013-01-22,3,0.0,219124.94920308725,219124.94920308725,0.0,0.04757362971557242,100.0
2013-01-23,3,0.0,218201.87203607583,218201.87203607583,-0.004212560780360532,0.04316066212849268,100.0
2013-01-24,3,0.0,220962.77947872636,220962.77947872636,0.012652996131005043,0.05635976995042115,100.0
2013-01-25,3,0.0,222950.28038462123,222950.28038462123,0.008994731649301275,0.06586144260624281,100.0
2013-01-28,3,0.0,223707.03880460942,223707.03880460942,0.003394292299981257,0.0694792878937281,100.0
2013-01-29,3,0.0,223690.39068784198,223690.39068784198,-7.441928003873135e-05,0.06939969801510672,100.0
2013-01-30,3,0.0,223889.9853658187,223889.9853658187,0.0008922809663971825,0.07035390301111649,100.0
2013-01-31,3,0.0,223557.34787177225,223557.34787177225,-0.0014857185036791225,0.0687636584119277,100.0
2013-02-01,3,0.0,224214.29880148137,224214.29880148137,0.002938623740007603,0.07190435267099438,100.0
2013-02-04,3,0.0,225586.4284644229,225586.4284644229,0.006119724166906988,0.07846411164264785,100.0
2013-02-05,3,225975.6181899477,0.0,225975.6181899477,0.001725235547962864,0.08032471626525593,0.0
2013-02-06,3,0.0,225975.6181899477,225975.6181899477,0.0,0.08032471626525593,100.0
2013-02-07,3,0.0,228712.6140028169,228712.6140028169,0.012111907624337441,0.09340950943294928,100.0
2013-02-08,3,0.0,234557.58452229374,234557.58452229374,0.025555960457016347,0.12135263961934337,100.0
2013-02-11,3,0.0,233255.03238112247,233255.03238112247,-0.005553229684830194,0.11512551085384654,100.0
2013-02-12,3,0.0,232488.3587689109,232488.3587689109,-0.0032868470377045403,0.11146026387182781,100.0
2013-02-13,3,0.0,236668.0502796517,236668.0502796517,0.017978067946599206,0.1314421720156606,100.0
2013-02-14,3,0.0,238696.0561559525,238696.0561559525,0.008568988817478598,0.1411374873352865,100.0
2013-02-15,3,0.0,237780.98696086695,237780.98696086695,-0.0038336167334398364,0.13676280356868245,100.0
2013-02-18,3,0.0,235011.00317019623,235011.00317019623,-0.01164930731457767,0.12352030432612998,100.0
2013-02-19,3,0.0,238011.82229790502,238011.82229790502,0.012768845233750952,0.1378663612090471,100.0
2013-02-20,3,239297.42079219077,0.0,239297.42079219077,0.00540140603888424,0.1440124394439249,0.0
2013-02-21,3,239297.42079219077,0.0,239297.42079219077,0.0,0.1440124394439249,0.0
2013-02-22,3,239297.42079219077,0.0,239297.42079219077,0.0,0.1440124394439249,0.0
2013-02-25,3,239297.42079219077,0.0,239297.42079219077,0.0,0.1440124394439249,0.0
2013-02-26,3,239297.42079219077,0.0,239297.42079219077,0.0,0.1440124394439249,0.0
2013-02-27,3,239297.42079219077,0.0,239297.42079219077,0.0,0.1440124394439249,0.0
2013-02-28,3,239297.42079219077,0.0,239297.42079219077,0.0,0.1440124394439249,0.0
2013-03-01,3,0.0,239297.42079219077,239297.42079219077,0.0,0.1440124394439249,100.0
2013-03-04,3,0.0,241105.8703230499,241105.8703230499,0.007557329806866625,0.15265811875196067,100.0
2013-03-05,3,0.0,245399.96302328783,245399.96302328783,0.017809988178572416,0.1731869462208686,100.0
2013-03-06,3,0.0,248753.9552747734,248753.9552747734,0.013667452146956114,0.1892214226677759,100.0
2013-03-07,3,0.0,253326.88440554295,253326.88440554295,0.018383342390348265,0.2110832872586147,100.0
2013-03-08,3,0.0,252251.37245920682,252251.37245920682,-0.004245549969399934,0.20594157264545312,100.0
2013-03-11,3,0.0,249550.63079057797,249550.63079057797,-0.010706548956698354,0.19303010015900676,100.0
2013-03-12,3,0.0,248642.42848259513,248642.42848259513,-0.0036393508808438804,0.18868824501311982,100.0
2013-03-13,3,0.0,247240.2717947448,247240.2717947448,-0.005639249489346452,0.18198493543443744,100.0
2013-03-14,3,0.0,249789.6334453193,249789.6334453193,0.01031127183313792,0.1941727034063759,100.0
2013-03-15,3,249945.74979267555,0.0,249945.74979267555,0.0006249912984896096,0.1949190509548987,0.0
2013-03-18,3,249945.74979267555,0.0,249945.74979267555,0.0,0.1949190509548987,0.0
2013-03-19,3,249945.74979267555,0.0,249945.74979267555,0.0,0.1949190509548987,0.0
2013-03-20,3,249945.74979267555,0.0,249945.74979267555,0.0,0.1949190509548987,0.0
2013-03-21,3,249945.74979267555,0.0,249945.74979267555,0.0,0.1949190509548987,0.0
2013-03-22,3,0.0,249945.74979267552,249945.74979267552,-1.1644058953142707e-16,0.19491905095489856,100.0
2013-03-25,3,0.0,250140.23326744826,250140.23326744826,0.0007781027480325767,0.19584882075212307,100.0
2013-03-26,3,0.0,252247.2233111305,252247.2233111305,0.008423235303492623,0.20592173675672235,100.0
2013-03-28,3,0.0,255391.5047178707,255391.5047178707,0.0124650783682242,0.22095364571133994,100.0
2013-04-01,3,0.0,252328.26138973367,252328.26138973367,-0.011994303927693198,0.20630915660305307,100.0
2013-04-02,3,0.0,254030.06104040012,254030.06104040012,0.0067443878117082355,0.21444497337599874,100.0
2013-04-03,3,0.0,250148.34498918345,250148.34498918345,-0.01528053819819119,0.19588760057072552,100.0
2013-04-04,3,0.0,244378.43774957562,244378.43774957562,-0.023065942090711496,0.16830332642896126,100.0
2013-04-05,3,0.0,242846.80619316353,242846.80619316353,-0.006267457843320911,0.16098103458235616,100.0
2013-04-08,3,0.0,239994.26978326958,239994.26978326958,-0.011746238110395412,0.14734387490849857,100.0
2013-04-09,3,242450.1489159347,0.0,242450.1489159347,0.010233074043321659,0.15908472973358884,0.0
2013-04-10,3,242450.1489159347,0.0,242450.1489159347,0.0,0.15908472973358884,0.0
2013-04-11,3,242450.1489159347,0.0,242450.1489159347,0.0,0.15908472973358884,0.0
2013-04-12,3,242450.1489159347,0.0,242450.1489159347,0.0,0.15908472973358884,0.0
2013-04-15,3,0.0,242450.1489159347,242450.1489159347,0.0,0.15908472973358884,100.0
2013-04-16,3,0.0,244211.99783237162,244211.99783237162,0.007266850213599225,0.16750762484943296,100.0
2013-04-17,3,0.0,239848.57010353173,239848.57010353173,-0.017867376572689796,0.1466473264647615,100.0
2013-04-18,3,0.0,239206.40124800446,239206.40124800446,-0.002677392886895574,0.1435773010691069,100.0
2013-04-22,3,0.0,234686.55679145126,234686.55679145126,-0.018895165150146262,0.1219692191034476,100.0
2013-04-23,3,0.0,235551.009454712,235551.009454712,0.0036834349401142757,0.12610191972682597,100.0
2013-04-25,3,0.0,230899.43083811857,230899.43083811857,-0.01974764883140003,0.10386405446769519,100.0
2013-04-26,3,0.0,225473.9492059576,225473.9492059576,-0.02349716329948313,0.07792638051943822,100.0
2013-04-29,3,0.0,225704.4739361226,225704.4739361226,0.0010224007295603456,0.07902845323729363,100.0
2013-04-30,3,0.0,226964.10897969326,226964.10897969326,0.005580904186804684,0.08505040764964703,100.0
2013-05-02,3,0.0,235866.50595417252,235866.50595417252,0.03922380950230225,0.12761021813969217,100.0
2013-05-03,3,0.0,233333.30985381108,233333.30985381108,-0.010739956867184977,0.11549973303387484,100.0
2013-05-06,3,0.0,241344.11055642128,241344.11055642128,0.034332006465897034,0.15379707708110024,100.0
2013-05-07,3,0.0,242067.8837393404,242067.8837393404,0.0029989262271636384,0.1572572293963835,100.0
2013-05-08,3,0.0,243466.07417554583,243466.07417554583,0.005776026189872407,0.1639415774617962,100.0
2013-05-09,3,0.0,246484.5165718824,246484.5165718824,0.012397794668345468,0.17837188614511768,100.0
2013-05-10,3,0.0,246065.07148884737,246065.07148884737,-0.001701709660585178,0.17636663932270255,100.0
2013-05-13,3,0.0,238778.0238894453,238778.0238894453,-0.02961431118732493,0.1415293515954124,100.0
2013-05-14,3,0.0,239822.5503758448,239822.5503758448,0.0043744665835877515,0.14652293359815113,100.0
2013-05-15,3,0.0,242059.67113754226,242059.67113754226,0.009328233555149437,0.15721796729908977,100.0
2013-05-16,3,238941.86272511518,0.0,238941.86272511518,-0.01288032986980096,0.14231261814901697,0.0
2013-05-17,3,238941.86272511518,0.0,238941.86272511518,0.0,0.14231261814901697,0.0
2013-05-20,3,238941.86272511518,0.0,238941.86272511518,0.0,0.14231261814901697,0.0
2013-05-21,3,238941.86272511518,0.0,238941.86272511518,0.0,0.14231261814901697,0.0
2013-05-22,3,0.0,238941.86272511518,238941.86272511518,0.0,0.14231261814901697,100.0
2013-05-23,3,0.0,238032.90243683005,238032.90243683005,-0.00380410647978761,0.13796713931637314,100.0
2013-05-24,3,0.0,234341.31094070524,234341.31094070524,-0.01550874462451464,0.12031869756162603,100.0
2013-05-27,3,0.0,238878.07296465454,238878.07296465454,0.01935963405571808,0.1420076575721978,100.0
2013-05-28,3,0.0,241445.45022950548,241445.45022950548,0.010747647253629797,0.15428155303672783,100.0
2013-05-29,3,0.0,238774.4170371437,238774.4170371437,-0.011062677676563576,0.1415121082674793,100.0
2013-05-30,3,0.0,239101.32739331588,239101.32739331588,0.0013691180161957291,0.14307497306061387,100.0
2013-05-31,3,0.0,238949.8242789841,238949.8242789841,-0.0006336356053873203,0.1423506800580555,100.0
2013-06-03,3,0.0,234317.38734729477,234317.38734729477,-0.019386651342671677,0.1202043257127061,100.0
2013-06-04,3,0.0,233671.54765472116,233671.54765472116,-0.002756260215621051,0.11711675109637756,100.0
2013-06-05,3,233828.18552358265,0.0,233828.18552358265,0.0006703335105776128,0.11786559188986506,0.0
2013-06-06,3,233828.18552358265,0.0,233828.18552358265,0.0,0.11786559188986506,0.0
2013-06-07,3,233828.18552358265,0.0,233828.18552358265,0.0,0.11786559188986506,0.0
2013-06-10,3,233828.18552358265,0.0,233828.18552358265,0.0,0.11786559188986506,0.0
2013-06-11,3,233828.18552358265,0.0,233828.18552358265,0.0,0.11786559188986506,0.0
2013-06-12,3,233828.18552358265,0.0,233828.18552358265,0.0,0.11786559188986506,0.0
2013-06-13,3,0.0,233828.18552358262,233828.18552358262,-1.244667335187376e-16,0.11786559188986492,100.0
2013-06-14,3,0.0,234644.9912447909,234644.9912447909,0.0034931876128590153,0.12177050612829592,100.0
2013-06-17,3,0.0,234928.04683760778,234928.04683760778,0.0012063142337505994,0.1231237138568401,100.0
2013-06-18,3,0.0,233528.95927434016,233528.95927434016,-0.005955387541423381,0.1164350768838599,100.0
2013-06-19,3,0.0,230924.83202491183,230924.83202491183,-0.01115119622645649,0.10398549026742894,100.0
2013-06-20,3,0.0,227172.33149218158,227172.33149218158,-0.016249878801797443,0.0860458598516403,100.0
2013-06-21,3,0.0,230043.32393361,230043.32393361,0.012637949448202176,0.09977125252687459,100.0
2013-06-24,3,0.0,228175.14912326206,228175.14912326206,-0.008120969469590364,0.09084004376157069,100.0
2013-06-25,3,0.0,225199.03754287178,225199.03754287178,-0.013043101283490604,0.0766121065867012,100.0
2013-06-26,3,0.0,232542.29255529403,232542.29255529403,0.032607843677059635,0.11171810585911021,100.0
2013-06-27,3,241067.63153612378,0.0,241067.63153612378,0.03666145580293783,0.15247531006238974,0.0
2013-06-28,3,241067.63153612378,0.0,241067.63153612378,0.0,0.15247531006238974,0.0
2013-07-01,3,241067.63153612378,0.0,241067.63153612378,0.0,0.15247531006238974,0.0
2013-07-02,3,241067.63153612378,0.0,241067.63153612378,0.0,0.15247531006238974,0.0
2013-07-03,3,241067.63153612378,0.0,241067.63153612378,0.0,0.15247531006238974,0.0
2013-07-04,3,241067.63153612378,0.0,241067.63153612378,0.0,0.15247531006238974,0.0
2013-07-05,3,241067.63153612378,0.0,241067.63153612378,0.0,0.15247531006238974,0.0
2013-07-08,3,241067.63153612378,0.0,241067.63153612378,0.0,0.15247531006238974,0.0
2013-07-09,3,241067.63153612378,0.0,241067.63153612378,0.0,0.15247531006238974,0.0
2013-07-10,3,241067.63153612378,0.0,241067.63153612378,0.0,0.15247531006238974,0.0
2013-07-11,3,241067.63153612378,0.0,241067.63153612378,0.0,0.15247531006238974,0.0
2013-07-12,3,241067.63153612378,0.0,241067.63153612378,0.0,0.15247531006238974,0.0
2013-07-15,3,241067.63153612378,0.0,241067.63153612378,0.0,0.15247531006238974,0.0
2013-07-16,3,241067.63153612378,0.0,241067.63153612378,0.0,0.15247531006238974,0.0
2013-07-17,3,241067.63153612378,0.0,241067.63153612378,0.0,0.15247531006238974,0.0
2013-07-18,3,241067.63153612378,0.0,241067.63153612378,0.0,0.15247531006238974,0.0
2013-07-19,3,241067.63153612378,0.0,241067.63153612378,0.0,0.15247531006238974,0.0
2013-07-22,3,241067.63153612378,0.0,241067.63153612378,0.0,0.15247531006238974,0.0
2013-07-23,3,241067.63153612378,0.0,241067.63153612378,0.0,0.15247531006238974,0.0
2013-07-24,3,241067.63153612378,0.0,241067.63153612378,0.0,0.15247531006238974,0.0
2013-07-25,3,241067.63153612378,0.0,241067.63153612378,0.0,0.15247531006238974,0.0
2013-07-26,3,241067.63153612378,0.0,241067.63153612378,0.0,0.15247531006238974,0.0
2013-07-29,3,241067.63153612378,0.0,241067.63153612378,0.0,0.15247531006238974,0.0
2013-07-30,3,241067.63153612378,0.0,241067.63153612378,0.0,0.15247531006238974,0.0
2013-07-31,3,241067.63153612378,0.0,241067.63153612378,0.0,0.15247531006238974,0.0
2013-08-01,3,241067.63153612378,0.0,241067.63153612378,0.0,0.15247531006238974,0.0
2013-08-02,3,241067.63153612378,0.0,241067.63153612378,0.0,0.15247531006238974,0.0
2013-08-05,3,241067.63153612378,0.0,241067.63153612378,0.0,0.15247531006238974,0.0
2013-08-06,3,241067.63153612378,0.0,241067.63153612378,0.0,0.15247531006238974,0.0
2013-08-07,3,241067.63153612378,0.0,241067.63153612378,0.0,0.15247531006238974,0.0
2013-08-08,3,241067.63153612378,0.0,241067.63153612378,0.0,0.15247531006238974,0.0
2013-08-12,3,241067.63153612378,0.0,241067.63153612378,0.0,0.15247531006238974,0.0
2013-08-13,3,241067.63153612378,0.0,241067.63153612378,0.0,0.15247531006238974,0.0
2013-08-14,3,241067.63153612378,0.0,241067.63153612378,0.0,0.15247531006238974,0.0
2013-08-16,3,241067.63153612378,0.0,241067.63153612378,0.0,0.15247531006238974,0.0
2013-08-19,3,241067.63153612378,0.0,241067.63153612378,0.0,0.15247531006238974,0.0
2013-08-20,3,0.0,241067.63153612375,241067.63153612375,-1.2072890197360452e-16,0.1524753100623896,100.0
2013-08-21,3,0.0,238485.3624747969,238485.3624747969,-0.010711803342788945,0.14013022118358157,100.0
2013-08-22,3,0.0,246974.9166785567,246974.9166785567,0.03559779986353249,0.18071634861563973,100.0
2013-08-23,3,0.0,253985.9252142668,253985.9252142668,0.028387532750279606,0.21423397263075677,100.0
2013-08-26,3,0.0,255728.27173817897,255728.27173817897,0.006860012114617316,0.22256363239298366,100.0
2013-08-27,3,0.0,255284.0165900627,255284.0165900627,-0.0017372156199104412,0.22043977575445614,100.0
2013-08-28,3,0.0,264877.29418709973,264877.29418709973,0.03757884150045319,0.26630248864838146,100.0
2013-08-29,3,0.0,270319.49601413804,270319.49601413804,0.020546124362000383,0.2923200970600617,100.0
2013-08-30,3,0.0,282272.9150984438,282272.9150984438,0.04421959666453573,0.3494659705135313,100.0
2013-09-02,3,0.0,285556.3087394883,285556.3087394883,0.0116319826147663,0.3651629352217634,100.0
2013-09-03,3,277538.5996164886,0.0,277538.5996164886,-0.028077506528893417,0.32683256399507105,0.0
2013-09-04,3,277538.5996164886,0.0,277538.5996164886,0.0,0.32683256399507105,0.0
2013-09-05,3,277538.5996164886,0.0,277538.5996164886,0.0,0.32683256399507105,0.0
2013-09-06,3,277538.5996164886,0.0,277538.5996164886,0.0,0.32683256399507105,0.0
2013-09-10,3,277538.5996164886,0.0,277538.5996164886,0.0,0.32683256399507105,0.0
2013-09-11,3,277538.5996164886,0.0,277538.5996164886,0.0,0.32683256399507105,0.0
2013-09-12,3,277538.5996164886,0.0,277538.5996164886,0.0,0.32683256399507105,0.0
2013-09-13,3,277538.5996164886,0.0,277538.5996164886,0.0,0.32683256399507105,0.0
2013-09-16,3,277538.5996164886,0.0,277538.5996164886,0.0,0.32683256399507105,0.0
2013-09-17,3,277538.5996164886,0.0,277538.5996164886,0.0,0.32683256399507105,0.0
2013-09-18,3,277538.5996164886,0.0,277538.5996164886,0.0,0.32683256399507105,0.0
2013-09-19,3,277538.5996164886,0.0,277538.5996164886,0.0,0.32683256399507105,0.0
2013-09-20,3,277538.5996164886,0.0,277538.5996164886,0.0,0.32683256399507105,0.0
2013-09-23,3,277538.5996164886,0.0,277538.5996164886,0.0,0.32683256399507105,0.0
2013-09-24,3,277538.5996164886,0.0,277538.5996164886,0.0,0.32683256399507105,0.0
2013-09-25,3,277538.5996164886,0.0,277538.5996164886,0.0,0.32683256399507105,0.0
2013-09-26,3,277538.5996164886,0.0,277538.5996164886,0.0,0.32683256399507105,0.0
2013-09-27,3,277538.5996164886,0.0,277538.5996164886,0.0,0.32683256399507105,0.0
2013-09-30,3,277538.5996164886,0.0,277538.5996164886,0.0,0.32683256399507105,0.0
2013-10-01,3,277538.5996164886,0.0,277538.5996164886,0.0,0.32683256399507105,0.0
2013-10-03,3,277538.5996164886,0.0,277538.5996164886,0.0,0.32683256399507105,0.0
2013-10-04,3,277538.5996164886,0.0,277538.5996164886,0.0,0.32683256399507105,0.0
2013-10-07,3,277538.5996164886,0.0,277538.5996164886,0.0,0.32683256399507105,0.0
2013-10-08,3,277538.5996164886,0.0,277538.5996164886,0.0,0.32683256399507105,0.0
2013-10-09,3,277538.5996164886,0.0,277538.5996164886,0.0,0.32683256399507105,0.0
2013-10-10,3,277538.5996164886,0.0,277538.5996164886,0.0,0.32683256399507105,0.0
2013-10-11,3,277538.5996164886,0.0,277538.5996164886,0.0,0.32683256399507105,0.0
2013-10-14,3,277538.5996164886,0.0,277538.5996164886,0.0,0.32683256399507105,0.0
2013-10-15,3,277538.5996164886,0.0,277538.5996164886,0.0,0.32683256399507105,0.0
2013-10-17,3,277538.5996164886,0.0,277538.5996164886,0.0,0.32683256399507105,0.0
2013-10-18,3,277538.5996164886,0.0,277538.5996164886,0.0,0.32683256399507105,0.0
2013-10-21,3,277538.5996164886,0.0,277538.5996164886,0.0,0.32683256399507105,0.0
2013-10-22,3,277538.5996164886,0.0,277538.5996164886,0.0,0.32683256399507105,0.0
2013-10-23,3,277538.5996164886,0.0,277538.5996164886,0.0,0.32683256399507105,0.0
2013-10-24,3,0.0,277538.5996164886,277538.5996164886,0.0,0.32683256399507105,100.0
2013-10-25,3,0.0,285697.4427774505,285697.4427774505,0.029397147539967455,0.36583765663966744,100.0
2013-10-28,3,0.0,285172.3966003861,285172.3966003861,-0.0018377699567768077,0.36332756122846066,100.0
2013-10-29,3,0.0,285980.6944799117,285980.6944799117,0.0028344183699457056,0.36719180191225986,100.0
2013-10-30,3,0.0,289041.1081940356,289041.1081940356,0.010701469620841361,0.3818227634462873,100.0
2013-10-31,3,0.0,291818.3039381863,291818.3039381863,0.009608307141856003,0.3950997409730874,100.0
2013-11-01,3,0.0,289821.7791658184,289821.7791658184,-0.006841670811680184,0.3855549277958893,100.0
2013-11-05,3,0.0,282139.609794005,282139.609794005,-0.026506528922445642,0.34882867602863044,100.0
2013-11-06,3,0.0,288923.6854030069,288923.6854030069,0.02404510169258079,0.381261398709608,100.0
2013-11-07,3,0.0,293186.15633008856,293186.15633008856,0.014752930072645724,0.40163905153681567,100.0
2013-11-08,3,288600.25419187127,0.0,288600.25419187127,-0.015641605305041002,0.37971516671254474,0.0
2013-11-11,3,288600.25419187127,0.0,288600.25419187127,0.0,0.37971516671254474,0.0
2013-11-12,3,288600.25419187127,0.0,288600.25419187127,0.0,0.37971516671254474,0.0
2013-11-13,3,288600.25419187127,0.0,288600.25419187127,0.0,0.37971516671254474,0.0
2013-11-14,3,0.0,288600.25419187127,288600.25419187127,0.0,0.37971516671254474,100.0
2013-11-18,3,0.0,291135.59065432334,291135.59065432334,0.008784941889782601,0.3918358842765662,100.0
2013-11-19,3,0.0,289127.27131947817,289127.27131947817,-0.006898226803296375,0.38223468467385985,100.0
2013-11-20,3,0.0,288229.9286400617,288229.9286400617,-0.0031036251797393727,0.37794474630219693,100.0
2013-11-21,3,0.0,282959.8616859473,282959.8616859473,-0.018284246118992094,0.3527500654224355,100.0
2013-11-22,3,0.0,284989.5496344913,284989.5496344913,0.0071730595867931365,0.3624534222477489,100.0
2013-11-25,3,0.0,286755.7377127282,286755.7377127282,0.006197378396864299,0.37089706165352093,100.0
2013-11-26,3,0.0,283971.14132677077,283971.14132677077,-0.009710691085620221,0.35758470377761914,100.0
2013-11-27,3,0.0,282938.4930722483,282938.4930722483,-0.0036364549217844096,0.3526479081998278,100.0
2013-11-28,3,0.0,282674.9932019411,282674.9932019411,-0.0009312973552875149,0.3513881907802861,100.0
2013-11-29,3,285202.58141202066,0.0,285202.58141202066,0.008941676026764399,0.3634718661686387,0.0
2013-12-02,3,285202.58141202066,0.0,285202.58141202066,0.0,0.3634718661686387,0.0
2013-12-03,3,285202.58141202066,0.0,285202.58141202066,0.0,0.3634718661686387,0.0
2013-12-04,3,285202.58141202066,0.0,285202.58141202066,0.0,0.3634718661686387,0.0
2013-12-05,3,285202.58141202066,0.0,285202.58141202066,0.0,0.3634718661686387,0.0
2013-12-06,3,285202.58141202066,0.0,285202.58141202066,0.0,0.3634718661686387,0.0
2013-12-09,3,285202.58141202066,0.0,285202.58141202066,0.0,0.3634718661686387,0.0
2013-12-10,3,285202.58141202066,0.0,285202.58141202066,0.0,0.3634718661686387,0.0
2013-12-11,3,285202.58141202066,0.0,285202.58141202066,0.0,0.3634718661686387,0.0
2013-12-12,3,285202.58141202066,0.0,285202.58141202066,0.0,0.3634718661686387,0.0
2013-12-13,3,285202.58141202066,0.0,285202.58141202066,0.0,0.3634718661686387,0.0
2013-12-16,3,285202.58141202066,0.0,285202.58141202066,0.0,0.3634718661686387,0.0
2013-12-17,3,285202.58141202066,0.0,285202.58141202066,0.0,0.3634718661686387,0.0
2013-12-18,3,285202.58141202066,0.0,285202.58141202066,0.0,0.3634718661686387,0.0
2013-12-19,3,285202.58141202066,0.0,285202.58141202066,0.0,0.3634718661686387,0.0
2013-12-20,3,285202.58141202066,0.0,285202.58141202066,0.0,0.3634718661686387,0.0
2013-12-23,3,285202.58141202066,0.0,285202.58141202066,0.0,0.3634718661686387,0.0
2013-12-24,3,285202.58141202066,0.0,285202.58141202066,0.0,0.3634718661686387,0.0
2013-12-26,3,285202.58141202066,0.0,285202.58141202066,0.0,0.3634718661686387,0.0
2013-12-27,3,285202.58141202066,0.0,285202.58141202066,0.0,0.3634718661686387,0.0
2013-12-30,3,285202.58141202066,0.0,285202.58141202066,0.0,0.3634718661686387,0.0
2013-12-31,3,285202.58141202066,0.0,285202.58141202066,0.0,0.3634718661686387,0.0
2014-01-01,3,285202.58141202066,0.0,285202.58141202066,0.0,0.3634718661686387,0.0
2014-01-02,3,285202.58141202066,0.0,285202.58141202066,0.0,0.3634718661686387,0.0
2014-01-03,3,285202.58141202066,0.0,285202.58141202066,0.0,0.3634718661686387,0.0
2014-01-06,3,285202.58141202066,0.0,285202.58141202066,0.0,0.3634718661686387,0.0
2014-01-07,3,285202.58141202066,0.0,285202.58141202066,0.0,0.3634718661686387,0.0
2014-01-08,3,285202.58141202066,0.0,285202.58141202066,0.0,0.3634718661686387,0.0
2014-01-09,3,285202.58141202066,0.0,285202.58141202066,0.0,0.3634718661686387,0.0
2014-01-10,3,285202.58141202066,0.0,285202.58141202066,0.0,0.3634718661686387,0.0
2014-01-13,3,285202.58141202066,0.0,285202.58141202066,0.0,0.3634718661686387,0.0
2014-01-14,3,285202.58141202066,0.0,285202.58141202066,0.0,0.3634718661686387,0.0
2014-01-15,3,285202.58141202066,0.0,285202.58141202066,0.0,0.3634718661686387,0.0
2014-01-16,3,285202.58141202066,0.0,285202.58141202066,0.0,0.3634718661686387,0.0
2014-01-17,3,285202.58141202066,0.0,285202.58141202066,0.0,0.3634718661686387,0.0
2014-01-20,3,285202.58141202066,0.0,285202.58141202066,0.0,0.3634718661686387,0.0
2014-01-21,3,285202.58141202066,0.0,285202.58141202066,0.0,0.3634718661686387,0.0
2014-01-22,3,285202.58141202066,0.0,285202.58141202066,0.0,0.3634718661686387,0.0
2014-01-23,3,285202.58141202066,0.0,285202.58141202066,0.0,0.3634718661686387,0.0
2014-01-24,3,285202.58141202066,0.0,285202.58141202066,0.0,0.3634718661686387,0.0
2014-01-27,3,285202.58141202066,0.0,285202.58141202066,0.0,0.3634718661686387,0.0
2014-01-28,3,285202.58141202066,0.0,285202.58141202066,0.0,0.3634718661686387,0.0
2014-01-29,3,285202.58141202066,0.0,285202.58141202066,0.0,0.3634718661686387,0.0
2014-01-30,3,285202.58141202066,0.0,285202.58141202066,0.0,0.3634718661686387,0.0
2014-01-31,3,285202.58141202066,0.0,285202.58141202066,0.0,0.3634718661686387,0.0
2014-02-03,3,0.0,285202.58141202066,285202.58141202066,0.0,0.3634718661686387,100.0
2014-02-04,3,0.0,279601.0914010173,279601.0914010173,-0.019640390291247558,0.336692746565951,100.0
2014-02-05,3,0.0,285196.0767956952,285196.0767956952,0.020010599267129857,0.36344076946076137,100.0
2014-02-06,3,0.0,282707.2519403782,282707.2519403782,-0.008726714908844501,0.3515424105705817,100.0
2014-02-07,3,0.0,278697.80643733684,278697.80643733684,-0.014182322793357124,0.33237439983495776,100.0
2014-02-10,3,0.0,272089.0845207879,272089.0845207879,-0.02371285946247621,0.3007799929402703,100.0
2014-02-11,3,0.0,273148.289897266,273148.289897266,0.0038928624363731893,0.3058437505127733,100.0
2014-02-12,3,0.0,273635.66017414286,273635.66017414286,0.0017842699182196852,0.3081737282347084,100.0
2014-02-13,3,0.0,277313.68754294084,277313.68754294084,0.013441330587019495,0.3257573237811649,100.0
2014-02-14,3,0.0,281751.9935057653,281751.9935057653,0.01600464081722322,0.3469755935590855,100.0
2014-02-17,3,281145.6529078595,0.0,281145.6529078595,-0.002152036584945737,0.3440768528027174,0.0
2014-02-18,3,281145.6529078595,0.0,281145.6529078595,0.0,0.3440768528027174,0.0
2014-02-19,3,281145.6529078595,0.0,281145.6529078595,0.0,0.3440768528027174,0.0
2014-02-20,3,281145.6529078595,0.0,281145.6529078595,0.0,0.3440768528027174,0.0
2014-02-21,3,281145.6529078595,0.0,281145.6529078595,0.0,0.3440768528027174,0.0
2014-02-24,3,281145.6529078595,0.0,281145.6529078595,0.0,0.3440768528027174,0.0
2014-02-25,3,281145.6529078595,0.0,281145.6529078595,0.0,0.3440768528027174,0.0
2014-02-26,3,281145.6529078595,0.0,281145.6529078595,0.0,0.3440768528027174,0.0
2014-02-28,3,281145.6529078595,0.0,281145.6529078595,0.0,0.3440768528027174,0.0
2014-03-03,3,281145.6529078595,0.0,281145.6529078595,0.0,0.3440768528027174,0.0
2014-03-04,3,281145.6529078595,0.0,281145.6529078595,0.0,0.3440768528027174,0.0
2014-03-05,3,281145.6529078595,0.0,281145.6529078595,0.0,0.3440768528027174,0.0
2014-03-06,3,281145.6529078595,0.0,281145.6529078595,0.0,0.3440768528027174,0.0
2014-03-07,3,281145.6529078595,0.0,281145.6529078595,0.0,0.3440768528027174,0.0
2014-03-10,3,0.0,281145.6529078595,281145.6529078595,0.0,0.3440768528027174,100.0
2014-03-11,3,0.0,282326.57886006613,282326.57886006613,0.004200406230693826,0.3497225215897613,100.0
2014-03-12,3,0.0,285974.33431937103,285974.33431937103,0.012920340245800563,0.3671613958061209,100.0
2014-03-13,3,0.0,282051.0486920179,282051.0486920179,-0.013719013060003022,0.3484052907619248,100.0
2014-03-14,3,0.0,280738.9087451217,280738.9087451217,-0.004652136388008996,0.3421323254429874,100.0
2014-03-18,3,0.0,278436.0967313854,278436.0967313854,-0.008202682072213124,0.3311232406785385,100.0
2014-03-19,3,0.0,267597.823973489,267597.823973489,-0.0389255304363513,0.27930856245897145,100.0
2014-03-20,3,0.0,276625.3371977352,276625.3371977352,0.03373537605874019,0.32246651790869113,100.0
2014-03-21,3,0.0,279092.1667048335,279092.1667048335,0.00891758337138503,0.3342597233380072,100.0
2014-03-24,3,0.0,282451.2577827546,282451.2577827546,0.012035776989304237,0.3503185758139142,100.0
2014-03-25,3,281388.8383777314,0.0,281388.8383777314,-0.0037614256469000063,0.34523945289136226,0.0
2014-03-26,3,0.0,281388.8383777314,281388.8383777314,0.0,0.34523945289136226,100.0
2014-03-27,3,0.0,281489.64641631907,281489.64641631907,0.00035825173155005894,0.34572138725471,100.0
2014-03-28,3,0.0,282544.78367958346,282544.78367958346,0.003748405231586593,0.35076569634295357,100.0
2014-03-31,3,0.0,286718.21022501984,286718.21022501984,0.014770849743130286,0.37071765348181007,100.0
2014-04-01,3,0.0,292571.8035620342,292571.8035620342,0.02041584080906618,0.39870200688947144,100.0
2014-04-02,3,0.0,291973.6824294373,291973.6824294373,-0.0020443567196662535,0.3958425610428763,100.0
2014-04-03,3,0.0,291200.8208002651,291200.8208002651,-0.002647024974105162,0.3921477309238769,100.0
2014-04-04,3,0.0,287484.3775703795,287484.3775703795,-0.012762475118278285,0.3743804801469933,100.0
2014-04-07,3,0.0,289493.8112432039,289493.8112432039,0.006989714327459126,0.3839870070804569,100.0
2014-04-09,3,0.0,287692.68793136737,287692.68793136737,-0.006221629761623404,0.37537635232750505,100.0
2014-04-10,3,285491.5578630033,0.0,285491.5578630033,-0.007650976756451989,0.3648533798244736,0.0
2014-04-11,3,285491.5578630033,0.0,285491.5578630033,0.0,0.3648533798244736,0.0
2014-04-15,3,285491.5578630033,0.0,285491.5578630033,0.0,0.3648533798244736,0.0
2014-04-16,3,285491.5578630033,0.0,285491.5578630033,0.0,0.3648533798244736,0.0
2014-04-17,3,285491.5578630033,0.0,285491.5578630033,0.0,0.3648533798244736,0.0
2014-04-21,3,285491.5578630033,0.0,285491.5578630033,0.0,0.3648533798244736,0.0
2014-04-22,3,285491.5578630033,0.0,285491.5578630033,0.0,0.3648533798244736,0.0
2014-04-23,3,285491.5578630033,0.0,285491.5578630033,0.0,0.3648533798244736,0.0
2014-04-24,3,285491.5578630033,0.0,285491.5578630033,0.0,0.3648533798244736,0.0
2014-04-28,3,285491.5578630033,0.0,285491.5578630033,0.0,0.3648533798244736,0.0
2014-04-29,3,285491.5578630033,0.0,285491.5578630033,0.0,0.3648533798244736,0.0
2014-04-30,3,285491.5578630033,0.0,285491.5578630033,0.0,0.3648533798244736,0.0
2014-05-02,3,285491.5578630033,0.0,285491.5578630033,0.0,0.3648533798244736,0.0
2014-05-05,3,285491.5578630033,0.0,285491.5578630033,0.0,0.3648533798244736,0.0
2014-05-06,3,285491.5578630033,0.0,285491.5578630033,0.0,0.3648533798244736,0.0
2014-05-07,3,285491.5578630033,0.0,285491.5578630033,0.0,0.3648533798244736,0.0
2014-05-08,3,285491.5578630033,0.0,285491.5578630033,0.0,0.3648533798244736,0.0
2014-05-09,3,285491.5578630033,0.0,285491.5578630033,0.0,0.3648533798244736,0.0
2014-05-12,3,285491.5578630033,0.0,285491.5578630033,0.0,0.3648533798244736,0.0
2014-05-13,3,0.0,285491.5578630033,285491.5578630033,0.0,0.3648533798244736,100.0
2014-05-14,3,0.0,286156.57668998645,286156.57668998645,0.0023293817581194055,0.3680326443899443,100.0
2014-05-15,3,0.0,283193.1052601818,283193.1052601818,-0.010356118542105597,0.35386513615517184,100.0
2014-05-16,3,0.0,279009.4291033228,279009.4291033228,-0.014773227452043031,0.3338641785593603,100.0
2014-05-19,3,0.0,262991.31812159216,262991.31812159216,-0.057410643909811376,0.2572861771800358,100.0
2014-05-20,3,0.0,267058.7933115747,267058.7933115747,0.015466195686741027,0.2767316112305368,100.0
2014-05-21,3,0.0,268950.511005378,268950.511005378,0.007083525205613661,0.285775371779492,100.0
2014-05-22,3,0.0,272708.06440877257,272708.06440877257,0.013971170344121231,0.3037391585228991,100.0
2014-05-23,3,0.0,274767.62093807524,274767.62093807524,0.0075522391821003345,0.3135853084791343,100.0
2014-05-26,3,0.0,278137.82727689797,278137.82727689797,0.012265660441782088,0.32969729983425294,100.0
2014-05-27,3,274950.79921542585,0.0,274950.79921542585,-0.01145844882975695,0.31446103136503617,0.0
2014-05-28,3,274950.79921542585,0.0,274950.79921542585,0.0,0.31446103136503617,0.0
2014-05-29,3,274950.79921542585,0.0,274950.79921542585,0.0,0.31446103136503617,0.0
2014-05-30,3,274950.79921542585,0.0,274950.79921542585,0.0,0.31446103136503617,0.0
2014-06-02,3,274950.79921542585,0.0,274950.79921542585,0.0,0.31446103136503617,0.0
2014-06-03,3,274950.79921542585,0.0,274950.79921542585,0.0,0.31446103136503617,0.0
2014-06-04,3,0.0,274950.79921542585,274950.79921542585,0.0,0.31446103136503617,100.0
2014-06-05,3,0.0,276911.66558261303,276911.66558261303,0.007131699099557168,0.32383537191882517,100.0
2014-06-06,3,0.0,274292.7860546853,274292.7860546853,-0.009457454681144216,0.31131525888360717,100.0
2014-06-09,3,0.0,278181.65026057157,278181.65026057157,0.014177785212006794,0.32990680496928604,100.0
2014-06-10,3,0.0,284018.20771861065,284018.20771861065,0.020981101566447693,0.35780971471825657,100.0
2014-06-11,3,0.0,290440.4225933479,290440.4225933479,0.022611982965190833,0.38851248485743645,100.0
2014-06-12,3,0.0,294441.16188837955,294441.16188837955,0.013774733073685017,0.40763887370582674,100.0
2014-06-13,3,0.0,291309.0128173449,291309.0128173449,-0.010637606002322463,0.3926649659737912,100.0
2014-06-16,3,0.0,298705.0743181586,298705.0743181586,0.025389058269375056,0.428023417944617,100.0
2014-06-17,3,0.0,300034.27375467395,300034.27375467395,0.004449872301464727,0.43437793979797173,100.0
2014-06-18,3,292792.562702993,0.0,292792.562702993,-0.024136279369210402,0.39975739312197545,0.0
2014-06-19,3,292792.562702993,0.0,292792.562702993,0.0,0.39975739312197545,0.0
2014-06-20,3,292792.562702993,0.0,292792.562702993,0.0,0.39975739312197545,0.0
2014-06-23,3,292792.562702993,0.0,292792.562702993,0.0,0.39975739312197545,0.0
2014-06-24,3,292792.562702993,0.0,292792.562702993,0.0,0.39975739312197545,0.0
2014-06-25,3,292792.562702993,0.0,292792.562702993,0.0,0.39975739312197545,0.0
2014-06-26,3,292792.562702993,0.0,292792.562702993,0.0,0.39975739312197545,0.0
2014-06-27,3,292792.562702993,0.0,292792.562702993,0.0,0.39975739312197545,0.0
2014-06-30,3,292792.562702993,0.0,292792.562702993,0.0,0.39975739312197545,0.0
2014-07-01,3,292792.562702993,0.0,292792.562702993,0.0,0.39975739312197545,0.0
2014-07-02,3,292792.562702993,0.0,292792.562702993,0.0,0.39975739312197545,0.0
2014-07-03,3,292792.562702993,0.0,292792.562702993,0.0,0.39975739312197545,0.0
2014-07-04,3,292792.562702993,0.0,292792.562702993,0.0,0.39975739312197545,0.0
2014-07-07,3,292792.562702993,0.0,292792.562702993,0.0,0.39975739312197545,0.0
2014-07-08,3,292792.562702993,0.0,292792.562702993,0.0,0.39975739312197545,0.0
2014-07-09,3,292792.562702993,0.0,292792.562702993,0.0,0.39975739312197545,0.0
2014-07-10,3,292792.562702993,0.0,292792.562702993,0.0,0.39975739312197545,0.0
2014-07-11,3,292792.562702993,0.0,292792.562702993,0.0,0.39975739312197545,0.0
2014-07-14,3,292792.562702993,0.0,292792.562702993,0.0,0.39975739312197545,0.0
2014-07-15,3,292792.562702993,0.0,292792.562702993,0.0,0.39975739312197545,0.0
2014-07-16,3,292792.562702993,0.0,292792.562702993,0.0,0.39975739312197545,0.0
2014-07-17,3,292792.562702993,0.0,292792.562702993,0.0,0.39975739312197545,0.0
2014-07-18,3,292792.562702993,0.0,292792.562702993,0.0,0.39975739312197545,0.0
2014-07-21,3,292792.562702993,0.0,292792.562702993,0.0,0.39975739312197545,0.0
2014-07-22,3,292792.562702993,0.0,292792.562702993,0.0,0.39975739312197545,0.0
2014-07-23,3,292792.562702993,0.0,292792.562702993,0.0,0.39975739312197545,0.0
2014-07-24,3,292792.562702993,0.0,292792.562702993,0.0,0.39975739312197545,0.0
2014-07-25,3,292792.562702993,0.0,292792.562702993,0.0,0.39975739312197545,0.0
2014-07-28,3,292792.562702993,0.0,292792.562702993,0.0,0.39975739312197545,0.0
2014-07-30,3,292792.562702993,0.0,292792.562702993,0.0,0.39975739312197545,0.0
2014-07-31,3,292792.562702993,0.0,292792.562702993,0.0,0.39975739312197545,0.0
2014-08-01,3,292792.562702993,0.0,292792.562702993,0.0,0.39975739312197545,0.0
2014-08-04,3,292792.562702993,0.0,292792.562702993,0.0,0.39975739312197545,0.0
2014-08-05,3,292792.562702993,0.0,292792.562702993,0.0,0.39975739312197545,0.0
2014-08-06,3,292792.562702993,0.0,292792.562702993,0.0,0.39975739312197545,0.0
2014-08-07,3,292792.562702993,0.0,292792.562702993,0.0,0.39975739312197545,0.0
2014-08-08,3,292792.562702993,0.0,292792.562702993,0.0,0.39975739312197545,0.0
2014-08-11,3,292792.562702993,0.0,292792.562702993,0.0,0.39975739312197545,0.0
2014-08-12,3,292792.562702993,0.0,292792.562702993,0.0,0.39975739312197545,0.0
2014-08-13,3,292792.562702993,0.0,292792.562702993,0.0,0.39975739312197545,0.0
2014-08-14,3,292792.562702993,0.0,292792.562702993,0.0,0.39975739312197545,0.0
2014-08-18,3,292792.562702993,0.0,292792.562702993,0.0,0.39975739312197545,0.0
2014-08-19,3,292792.562702993,0.0,292792.562702993,0.0,0.39975739312197545,0.0
2014-08-20,3,292792.562702993,0.0,292792.562702993,0.0,0.39975739312197545,0.0
2014-08-21,3,292792.562702993,0.0,292792.562702993,0.0,0.39975739312197545,0.0
2014-08-22,3,292792.562702993,0.0,292792.562702993,0.0,0.39975739312197545,0.0
2014-08-25,3,292792.562702993,0.0,292792.562702993,0.0,0.39975739312197545,0.0
2014-08-26,3,292792.562702993,0.0,292792.562702993,0.0,0.39975739312197545,0.0
2014-08-27,3,292792.562702993,0.0,292792.562702993,0.0,0.39975739312197545,0.0
2014-08-28,3,292792.562702993,0.0,292792.562702993,0.0,0.39975739312197545,0.0
2014-09-01,3,292792.562702993,0.0,292792.562702993,0.0,0.39975739312197545,0.0
2014-09-02,3,292792.562702993,0.0,292792.562702993,0.0,0.39975739312197545,0.0
2014-09-03,3,292792.562702993,0.0,292792.562702993,0.0,0.39975739312197545,0.0
2014-09-04,3,292792.562702993,0.0,292792.562702993,0.0,0.39975739312197545,0.0
2014-09-05,3,292792.562702993,0.0,292792.562702993,0.0,0.39975739312197545,0.0
2014-09-08,3,292792.562702993,0.0,292792.562702993,0.0,0.39975739312197545,0.0
2014-09-09,3,292792.562702993,0.0,292792.562702993,0.0,0.39975739312197545,0.0
2014-09-10,3,292792.562702993,0.0,292792.562702993,0.0,0.39975739312197545,0.0
2014-09-11,3,292792.562702993,0.0,292792.562702993,0.0,0.39975739312197545,0.0
2014-09-12,3,292792.562702993,0.0,292792.562702993,0.0,0.39975739312197545,0.0
2014-09-15,3,292792.562702993,0.0,292792.562702993,0.0,0.39975739312197545,0.0
2014-09-16,3,292792.562702993,0.0,292792.562702993,0.0,0.39975739312197545,0.0
2014-09-17,3,292792.562702993,0.0,292792.562702993,0.0,0.39975739312197545,0.0
2014-09-18,3,292792.562702993,0.0,292792.562702993,0.0,0.39975739312197545,0.0
2014-09-19,3,292792.562702993,0.0,292792.562702993,0.0,0.39975739312197545,0.0
2014-09-22,3,292792.562702993,0.0,292792.562702993,0.0,0.39975739312197545,0.0
2014-09-23,3,292792.562702993,0.0,292792.562702993,0.0,0.39975739312197545,0.0
2014-09-24,3,292792.562702993,0.0,292792.562702993,0.0,0.39975739312197545,0.0
2014-09-25,3,292792.562702993,0.0,292792.562702993,0.0,0.39975739312197545,0.0
2014-09-26,3,292792.562702993,0.0,292792.562702993,0.0,0.39975739312197545,0.0
2014-09-29,3,292792.562702993,0.0,292792.562702993,0.0,0.39975739312197545,0.0
2014-09-30,3,292792.562702993,0.0,292792.562702993,0.0,0.39975739312197545,0.0
2014-10-01,3,292792.562702993,0.0,292792.562702993,0.0,0.39975739312197545,0.0
2014-10-07,3,292792.562702993,0.0,292792.562702993,0.0,0.39975739312197545,0.0
2014-10-08,3,292792.562702993,0.0,292792.562702993,0.0,0.39975739312197545,0.0
2014-10-09,3,292792.562702993,0.0,292792.562702993,0.0,0.39975739312197545,0.0
2014-10-10,3,292792.562702993,0.0,292792.562702993,0.0,0.39975739312197545,0.0
2014-10-13,3,292792.562702993,0.0,292792.562702993,0.0,0.39975739312197545,0.0
2014-10-14,3,292792.562702993,0.0,292792.562702993,0.0,0.39975739312197545,0.0
2014-10-15,3,292792.562702993,0.0,292792.562702993,0.0,0.39975739312197545,0.0
2014-10-17,3,0.0,292792.562702993,292792.562702993,0.0,0.39975739312197545,100.0
2014-10-20,3,0.0,290651.64364280127,290651.64364280127,-0.007312067767115578,0.38952227220594654,100.0
2014-10-21,3,0.0,291863.02439042577,291863.02439042577,0.004167809727280382,0.3953135366483192,100.0
2014-10-22,3,0.0,294075.94870233757,294075.94870233757,0.007582064622723742,0.40589289405214796,100.0
2014-10-27,3,0.0,294711.6095418414,294711.6095418414,0.002161553307262196,0.40893180648694283,100.0
2014-10-28,3,0.0,297284.3551360373,297284.3551360373,0.008729705620336758,0.4212313663967031,100.0
2014-10-29,3,0.0,300576.7140124704,300576.7140124704,0.011074780154261814,0.4369711913278877,100.0
2014-10-30,3,0.0,306831.5955899096,306831.5955899096,0.020809601295926388,0.4668739888931534,100.0
2014-10-31,3,0.0,312786.6553811096,312786.6553811096,0.019408235256056124,0.49534342436058115,100.0
2014-11-03,3,0.0,310687.6979011192,310687.6979011192,-0.006710508405267474,0.48530890974264806,100.0
2014-11-05,3,311473.3559580541,0.0,311473.3559580541,0.0025287710528690936,0.4890649159181738,0.0
2014-11-07,3,0.0,311473.3559580541,311473.3559580541,0.0,0.4890649159181738,100.0
2014-11-10,3,0.0,311085.9351850313,311085.9351850313,-0.001243832788943025,0.4872127681508901,100.0
2014-11-11,3,0.0,312423.67180448375,312423.67180448375,0.0043002156901010245,0.4936081038310111,100.0
2014-11-12,3,0.0,313761.40842393617,313761.40842393617,0.004281803013600019,0.5000034395111321,100.0
2014-11-13,3,0.0,313361.89922429103,313361.89922429103,-0.001273289795746148,0.49809350043801853,100.0
2014-11-14,3,0.0,315541.00807029504,315541.00807029504,0.0069539687224205,0.5085111957833259,100.0
2014-11-17,3,0.0,316975.5998830031,316975.5998830031,0.004546451256783945,0.5153695684052677,100.0
2014-11-18,3,0.0,313047.1567912792,313047.1567912792,-0.01239351891178342,0.4965888070008959,100.0
2014-11-19,3,0.0,311582.29957793216,311582.29957793216,-0.004679350000689263,0.48958574416582473,100.0
2014-11-20,3,0.0,315419.94646773924,315419.94646773924,0.012316639600534215,0.5079324349308088,100.0
2014-11-21,3,317124.22764989047,0.0,317124.22764989047,0.005403213085401818,0.5160801151951288,0.0
2014-11-24,3,317124.22764989047,0.0,317124.22764989047,0.0,0.5160801151951288,0.0
2014-11-25,3,317124.22764989047,0.0,317124.22764989047,0.0,0.5160801151951288,0.0
2014-11-26,3,317124.22764989047,0.0,317124.22764989047,0.0,0.5160801151951288,0.0
2014-11-27,3,317124.22764989047,0.0,317124.22764989047,0.0,0.5160801151951288,0.0
2014-11-28,3,317124.22764989047,0.0,317124.22764989047,0.0,0.5160801151951288,0.0
2014-12-01,3,317124.22764989047,0.0,317124.22764989047,0.0,0.5160801151951288,0.0
2014-12-02,3,317124.22764989047,0.0,317124.22764989047,0.0,0.5160801151951288,0.0
2014-12-03,3,317124.22764989047,0.0,317124.22764989047,0.0,0.5160801151951288,0.0
2014-12-04,3,317124.22764989047,0.0,317124.22764989047,0.0,0.5160801151951288,0.0
2014-12-05,3,317124.22764989047,0.0,317124.22764989047,0.0,0.5160801151951288,0.0
2014-12-08,3,0.0,317124.22764989047,317124.22764989047,0.0,0.5160801151951288,100.0
2014-12-09,3,0.0,317382.9510415773,317382.9510415773,0.0008158424022162425,0.5173169976382618,100.0
2014-12-10,3,0.0,316505.81188300386,316505.81188300386,-0.002763661865563036,0.5131236465139184,100.0
2014-12-11,3,0.0,314518.10634001205,314518.10634001205,-0.006280154955658649,0.5036209955467397,100.0
2014-12-12,3,0.0,309286.9763272453,309286.9763272453,-0.016632206246058212,0.47861246103290295,100.0
2014-12-15,3,0.0,297669.9355470338,297669.9355470338,-0.037560717616250155,0.42307471592017737,100.0
2014-12-16,3,0.0,308321.53167378384,308321.53167378384,0.035783244643687005,0.47399694662619446,100.0
2014-12-17,3,0.0,308454.05153893156,308454.05153893156,0.00042981060851735264,0.4746304861507766,100.0
2014-12-18,3,0.0,310549.01159263693,310549.01159263693,0.0067918059213463175,0.48464589021841326,100.0
2014-12-19,3,0.0,316840.26971517736,316840.26971517736,0.020258503127335643,0.514722593628389,100.0
2014-12-22,3,0.0,316882.7313476903,316882.7313476903,0.00013401589561544067,0.514925590533383,100.0
2014-12-23,3,0.0,317298.7926697512,317298.7926697512,0.0013129819990235646,0.5169146605636135,100.0
2014-12-24,3,0.0,312659.1410267674,312659.1410267674,-0.01462234256848512,0.494733814749695,100.0
2014-12-26,3,0.0,315823.6941466228,315823.6941466228,0.010121415639610182,0.5098626369593567,100.0
2014-12-29,3,0.0,318080.4659163102,318080.4659163102,0.007145669598303473,0.5206516165018915,100.0
2014-12-30,3,0.0,318981.93724420835,318981.93724420835,0.00283409836344787,0.5249612927595939,100.0
2014-12-31,3,0.0,322537.31159704505,322537.31159704505,0.011146005267736344,0.5419585193617864,100.0
2015-01-01,3,0.0,320936.135750904,320936.135750904,-0.004964311999169444,0.5343037561818971,100.0
2015-01-02,3,0.0,325210.1446887934,325210.1446887934,0.013317319122975638,0.5547365689345517,100.0
2015-01-05,3,0.0,320267.91978281783,320267.91978281783,-0.015197019486292419,0.5311092070004019,100.0
2015-01-06,3,0.0,308152.3300041292,308152.3300041292,-0.03782954529727649,0.4731880418991031,100.0
2015-01-07,3,0.0,304512.3205538099,304512.3205538099,-0.011812370363289174,0.4557861991334221,100.0
2015-01-08,3,0.0,307799.6603662351,307799.6603662351,0.010795424652922367,0.4715020293569312,100.0
2015-01-09,3,0.0,316427.32069597347,316427.32069597347,0.028030116470800285,0.512748402626825,100.0
2015-01-12,3,0.0,316099.8351572542,316099.8351572542,-0.001034947102541539,0.511182788050652,100.0
2015-01-13,3,0.0,314613.60430815356,314613.60430815356,-0.004701776729371757,0.5040775439839683,100.0
2015-01-14,3,0.0,317642.7379169519,317642.7379169519,0.009628107517662797,0.5185589642923482,100.0
2015-01-15,3,0.0,319802.82023041823,319802.82023041823,0.006800351639177433,0.5288856992343611,100.0
2015-01-16,3,0.0,318927.43447302276,318927.43447302276,-0.0027372671596978333,0.5247007306189153,100.0
2015-01-19,3,0.0,316263.5779266138,316263.5779266138,-0.008352547502884363,0.5119655953387383,100.0
2015-01-20,3,0.0,314619.8513484906,314619.8513484906,-0.005197331254200196,0.5041074092948089,100.0
2015-01-21,3,0.0,316299.6313169434,316299.6313169434,0.005339078132714956,0.5121379562730294,100.0
2015-01-22,3,0.0,316268.1749933324,316268.1749933324,-9.945102838089499e-05,0.5119875725982242,100.0
2015-01-23,3,0.0,315016.21945742855,315016.21945742855,-0.003958525184932875,0.5060023317127886,100.0
2015-01-27,3,0.0,314821.1841072273,314821.1841072273,-0.0006191279627987573,0.505069923557185,100.0
2015-01-28,3,0.0,319545.93005740974,319545.93005740974,0.015007712913541414,0.527657580884737,100.0
2015-01-29,3,0.0,320181.32321909873,320181.32321909873,0.001988425143061076,0.5306952136285561,100.0
2015-01-30,3,0.0,312304.6782183489,312304.6782183489,-0.02460057607844882,0.49303922957276936,100.0
2015-02-02,3,0.0,316349.9491470945,316349.9491470945,0.012952962958554718,0.5123785114090945,100.0
2015-02-03,3,0.0,321892.5595111625,321892.5595111625,0.017520503414055675,0.538876144281582,100.0
2015-02-04,3,316046.1814202012,0.0,316046.1814202012,-0.018162513914083103,0.5109262848990173,0.0
2015-02-05,3,316046.1814202012,0.0,316046.1814202012,0.0,0.5109262848990173,0.0
2015-02-06,3,316046.1814202012,0.0,316046.1814202012,0.0,0.5109262848990173,0.0
2015-02-09,3,316046.1814202012,0.0,316046.1814202012,0.0,0.5109262848990173,0.0
2015-02-10,3,0.0,316046.1814202012,316046.1814202012,0.0,0.5109262848990173,100.0
2015-02-11,3,0.0,318473.67097991216,318473.67097991216,0.0076808064846810254,0.5225314173059445,100.0
2015-02-12,3,0.0,318764.96972707746,318764.96972707746,0.000914671364414539,0.5239240331947758,100.0
2015-02-13,3,0.0,328682.0863848579,328682.0863848579,0.031111061752711833,0.5713349278979402,100.0
2015-02-16,3,0.0,334644.0070650953,334644.0070650953,0.018138867091334342,0.5998371633110523,100.0
2015-02-18,3,0.0,341227.3397862691,341227.3397862691,0.01967264490678067,0.631310191733542,100.0
2015-02-19,3,0.0,347105.120138278,347105.120138278,0.017225408596188336,0.6594101763332786,100.0
2015-02-20,3,0.0,346393.05653409613,346393.05653409613,-0.00205143503471858,0.6560060041605799,100.0
2015-02-23,3,0.0,349124.77248719527,349124.77248719527,0.007886174106466958,0.6690655558307449,100.0
2015-02-24,3,0.0,350173.4606201652,350173.4606201652,0.003003763168963944,0.6740790334739356,100.0
2015-02-25,3,345613.3730904967,0.0,345613.3730904967,-0.013022367604879327,0.6522785609004169,0.0
2015-02-26,3,345613.3730904967,0.0,345613.3730904967,0.0,0.6522785609004169,0.0
2015-02-27,3,345613.3730904967,0.0,345613.3730904967,0.0,0.6522785609004169,0.0
2015-03-02,3,345613.3730904967,0.0,345613.3730904967,0.0,0.6522785609004169,0.0
2015-03-03,3,345613.3730904967,0.0,345613.3730904967,0.0,0.6522785609004169,0.0
2015-03-04,3,345613.3730904967,0.0,345613.3730904967,0.0,0.6522785609004169,0.0
2015-03-05,3,345613.3730904967,0.0,345613.3730904967,0.0,0.6522785609004169,0.0
2015-03-09,3,345613.3730904967,0.0,345613.3730904967,0.0,0.6522785609004169,0.0
2015-03-10,3,345613.3730904967,0.0,345613.3730904967,0.0,0.6522785609004169,0.0
2015-03-11,3,0.0,345613.3730904967,345613.3730904967,0.0,0.6522785609004169,100.0
2015-03-12,3,0.0,347270.80037280556,347270.80037280556,0.004795610966925408,0.6602022460874867,100.0
2015-03-13,3,0.0,342404.60034627205,342404.60034627205,-0.014012695629202045,0.6369383373301452,100.0
2015-03-16,3,0.0,339746.08051112335,339746.08051112335,-0.007764264359941886,0.6242287153381902,100.0
2015-03-17,3,0.0,342583.58306978544,342583.58306978544,0.008351833093683593,0.6377940024746629,100.0
2015-03-18,3,0.0,339354.93414682377,339354.93414682377,-0.00942441226760123,0.622358756585937,100.0
2015-03-19,3,0.0,344247.64653554885,344247.64653554885,0.014417684543252344,0.6457494133543761,100.0
2015-03-20,3,0.0,346196.77454521874,346196.77454521874,0.0056619937108810785,0.6550676361824748,100.0
2015-03-23,3,0.0,347018.8520029186,347018.8520029186,0.0023745959470009167,0.6589977530833661,100.0
2015-03-24,3,0.0,343591.3118060799,343591.3118060799,-0.009877100846411373,0.6426116649721918,100.0
2015-03-25,3,0.0,340923.01314996555,340923.01314996555,-0.0077659084046347625,0.6298552932376331,100.0
2015-03-26,3,0.0,332889.23074907874,332889.23074907874,-0.023564799356483777,0.5914480802723853,100.0
2015-03-27,3,0.0,333114.40898151137,333114.40898151137,0.000676435918115856,0.592524592915698,100.0
2015-03-30,3,0.0,339651.3689656032,339651.3689656032,0.019623768314551128,0.6237759265623006,100.0
2015-03-31,3,0.0,338300.2672317525,338300.2672317525,-0.003977907517244518,0.6173166960977078,100.0
2015-04-01,3,0.0,336803.4448149575,336803.4448149575,-0.0044245380857757715,0.6101608167790624,100.0
2015-04-06,3,0.0,337419.41060458036,337419.41060458036,0.001828858341877342,0.6131055728205929,100.0
2015-04-07,3,0.0,342413.20601948944,342413.20601948944,0.014799964844824168,0.6369794785893276,100.0
2015-04-08,3,0.0,349884.0266696672,349884.0266696672,0.02181814404013539,0.6726953326439352,100.0
2015-04-09,3,0.0,352950.5318447293,352950.5318447293,0.008764347444638441,0.6873554157082518,100.0
2015-04-10,3,351168.4202819133,0.0,351168.4202819133,-0.005049182256509557,0.6788356506828324,0.0
2015-04-13,3,351168.4202819133,0.0,351168.4202819133,0.0,0.6788356506828324,0.0
2015-04-15,3,351168.4202819133,0.0,351168.4202819133,0.0,0.6788356506828324,0.0
2015-04-16,3,351168.4202819133,0.0,351168.4202819133,0.0,0.6788356506828324,0.0
2015-04-17,3,0.0,351168.4202819133,351168.4202819133,0.0,0.6788356506828324,100.0
2015-04-20,3,0.0,344634.15668502223,344634.15668502223,-0.018607207309943922,0.6475972076912523,100.0
2015-04-21,3,0.0,344385.8407421393,344385.8407421393,-0.0007205204071222033,0.6464100802803932,100.0
2015-04-22,3,0.0,346947.049252904,346947.049252904,0.007437031979146954,0.6586544846982283,100.0
2015-04-23,3,0.0,348671.05751371745,348671.05751371745,0.004969081779268065,0.6668964744762436,100.0
2015-04-24,3,0.0,353750.8991594373,353750.8991594373,0.014569152030979747,0.6911817426327921,100.0
2015-04-27,3,0.0,354765.4332977281,354765.4332977281,0.002867933737275218,0.6960319398083525,100.0
2015-04-28,3,0.0,354027.5871387628,354027.5871387628,-0.0020798141242414645,0.6925045086247745,100.0
2015-04-29,3,0.0,352935.0039185363,352935.0039185363,-0.003086152774298553,0.6872811811399694,100.0
2015-04-30,3,0.0,349586.2722033133,349586.2722033133,-0.00948823913197327,0.6712718538104351,100.0
2015-05-04,3,0.0,351766.9895689577,351766.9895689577,0.006237994850027003,0.6816972390274996,100.0
2015-05-05,3,0.0,356912.62783787184,356912.62783787184,0.01462797369138988,0.7062970619968769,100.0
2015-05-06,3,0.0,349144.56036987755,349144.56036987755,-0.021764619299272727,0.6691601560310473,100.0
2015-05-07,3,0.0,360796.64426804456,360796.64426804456,0.0333732362486845,0.7248654322551625,100.0
2015-05-08,3,0.0,358245.0915338044,358245.0915338044,-0.007071996856890172,0.7126671893396955,100.0
2015-05-11,3,0.0,362320.4882621047,362320.4882621047,0.011376001582747987,0.7321504939963445,100.0
2015-05-12,3,0.0,357628.4524466368,357628.4524466368,-0.0129499599594093,0.7097192144554207,100.0
2015-05-13,3,0.0,356565.3054740368,356565.3054740368,-0.0029727695470724825,0.704636613240643,100.0
2015-05-14,3,0.0,354276.00950276415,354276.00950276415,-0.006420411453742305,0.6936921448045242,100.0
2015-05-15,3,0.0,355962.8555228967,355962.8555228967,0.004761389354306179,0.7017564725522685,100.0
2015-05-18,3,356916.79605231434,0.0,356916.79605231434,0.002679887843961555,0.7063169890364442,0.0
2015-05-19,3,356916.79605231434,0.0,356916.79605231434,0.0,0.7063169890364442,0.0
2015-05-20,3,356916.79605231434,0.0,356916.79605231434,0.0,0.7063169890364442,0.0
2015-05-21,3,356916.79605231434,0.0,356916.79605231434,0.0,0.7063169890364442,0.0
2015-05-22,3,356916.79605231434,0.0,356916.79605231434,0.0,0.7063169890364442,0.0
2015-05-25,3,356916.79605231434,0.0,356916.79605231434,0.0,0.7063169890364442,0.0
2015-05-26,3,356916.79605231434,0.0,356916.79605231434,0.0,0.7063169890364442,0.0
2015-05-27,3,356916.79605231434,0.0,356916.79605231434,0.0,0.7063169890364442,0.0
2015-05-28,3,356916.79605231434,0.0,356916.79605231434,0.0,0.7063169890364442,0.0
2015-05-29,3,356916.79605231434,0.0,356916.79605231434,0.0,0.7063169890364442,0.0
2015-06-01,3,356916.79605231434,0.0,356916.79605231434,0.0,0.7063169890364442,0.0
2015-06-02,3,356916.79605231434,0.0,356916.79605231434,0.0,0.7063169890364442,0.0
2015-06-03,3,356916.79605231434,0.0,356916.79605231434,0.0,0.7063169890364442,0.0
2015-06-04,3,356916.79605231434,0.0,356916.79605231434,0.0,0.7063169890364442,0.0
2015-06-05,3,356916.79605231434,0.0,356916.79605231434,0.0,0.7063169890364442,0.0
2015-06-08,3,356916.79605231434,0.0,356916.79605231434,0.0,0.7063169890364442,0.0
2015-06-09,3,356916.79605231434,0.0,356916.79605231434,0.0,0.7063169890364442,0.0
2015-06-10,3,356916.79605231434,0.0,356916.79605231434,0.0,0.7063169890364442,0.0
2015-06-11,3,356916.79605231434,0.0,356916.79605231434,0.0,0.7063169890364442,0.0
2015-06-12,3,0.0,356916.79605231434,356916.79605231434,0.0,0.7063169890364442,100.0
2015-06-15,3,0.0,356774.35978880676,356774.35978880676,-0.0003990741402001827,0.7056360420511355,100.0
2015-06-16,3,0.0,357799.893931166,357799.893931166,0.0028744614466305394,0.710538827095995,100.0
2015-06-17,3,0.0,358056.2861603754,358056.2861603754,0.0007165799475020143,0.7117645649189156,100.0
2015-06-18,3,0.0,360370.8754423744,360370.8754423744,0.006464316844760728,0.7228299534301855,100.0
2015-06-19,3,0.0,363148.38258077315,363148.38258077315,0.007707357413357085,0.7361084196437093,100.0
2015-06-22,3,0.0,369123.57688002253,369123.57688002253,0.016453864551965493,0.7646741124280537,100.0
2015-06-23,3,0.0,366716.41793653497,366716.41793653497,-0.006521282015724428,0.7531661748750622,100.0
2015-06-24,3,0.0,366103.9350485565,366103.9350485565,-0.001670181257290992,0.7502380695888693,100.0
2015-06-25,3,0.0,363212.47194445593,363212.47194445593,-0.007897929596733378,0.7364148125377339,100.0
2015-06-26,3,368939.44222650066,0.0,368939.44222650066,0.015767548540900657,0.7637938173815616,0.0
2015-06-29,3,368939.44222650066,0.0,368939.44222650066,0.0,0.7637938173815616,0.0
2015-06-30,3,368939.44222650066,0.0,368939.44222650066,0.0,0.7637938173815616,0.0
2015-07-01,3,368939.44222650066,0.0,368939.44222650066,0.0,0.7637938173815616,0.0
2015-07-02,3,368939.44222650066,0.0,368939.44222650066,0.0,0.7637938173815616,0.0
2015-07-03,3,368939.44222650066,0.0,368939.44222650066,0.0,0.7637938173815616,0.0
2015-07-06,3,368939.44222650066,0.0,368939.44222650066,0.0,0.7637938173815616,0.0
2015-07-07,3,368939.44222650066,0.0,368939.44222650066,0.0,0.7637938173815616,0.0
2015-07-08,3,368939.44222650066,0.0,368939.44222650066,0.0,0.7637938173815616,0.0
2015-07-09,3,0.0,368939.44222650066,368939.44222650066,0.0,0.7637938173815616,100.0
2015-07-10,3,0.0,361897.06438152003,361897.06438152003,-0.01908816743062441,0.7301262256822821,100.0
2015-07-13,3,0.0,367045.3895952967,367045.3895952967,0.014225938037312147,0.754738894165567,100.0
2015-07-14,3,0.0,365575.47506249294,365575.47506249294,-0.004004721417218943,0.7477116537344751,100.0
2015-07-15,3,0.0,372339.97425098676,372339.97425098676,0.018503700740148038,0.780050787155247,100.0
2015-07-16,3,0.0,371528.22720679315,371528.22720679315,-0.002180123275311918,0.7761700570029326,100.0
2015-07-17,3,0.0,375067.6985595226,375067.6985595226,0.009526789873651796,0.7930912559158716,100.0
2015-07-20,3,0.0,377225.025327745,377225.025327745,0.0057518330064352825,0.8034048173851991,100.0
2015-07-21,3,0.0,374628.9202337825,374628.9202337825,-0.006882112584410154,0.7909935823966865,100.0
2015-07-22,3,0.0,369751.1892706942,369751.1892706942,-0.013020166622599222,0.7676745475338758,100.0
2015-07-23,3,0.0,363617.28016735695,363617.28016735695,-0.016589288368310407,0.7383500847235136,100.0
2015-07-24,3,0.0,366035.4247995288,366035.4247995288,0.006650246740360839,0.7499105417080522,100.0
2015-07-27,3,0.0,364851.92942480807,364851.92942480807,-0.003233280973744271,0.744252589247793,100.0
2015-07-28,3,0.0,365582.4953371654,365582.4953371654,0.002002362748935163,0.7477452156572365,100.0
2015-07-29,3,0.0,366269.2201603486,366269.2201603486,0.0018784401111705366,0.7510282503744334,100.0
2015-07-30,3,0.0,362455.6518289778,362455.6518289778,-0.010411926859978113,0.7327966723017794,100.0
2015-07-31,3,0.0,366853.67289023445,366853.67289023445,0.012133956358699079,0.7538223515019882,100.0
2015-08-03,3,0.0,366685.65699925774,366685.65699925774,-0.00045799157373293306,0.7530191156431758,100.0
2015-08-04,3,0.0,366583.34923379676,366583.34923379676,-0.0002790067282647701,0.7525300115151345,100.0
2015-08-05,3,0.0,372172.1784633304,372172.1784633304,0.01524572581164676,0.7792486035473765,100.0
2015-08-06,3,375617.06652866915,0.0,375617.06652866915,0.009256167614576798,0.7957176268498127,0.0
2015-08-07,3,375617.06652866915,0.0,375617.06652866915,0.0,0.7957176268498127,0.0
2015-08-10,3,375617.06652866915,0.0,375617.06652866915,0.0,0.7957176268498127,0.0
2015-08-11,3,375617.06652866915,0.0,375617.06652866915,0.0,0.7957176268498127,0.0
2015-08-12,3,375617.06652866915,0.0,375617.06652866915,0.0,0.7957176268498127,0.0
2015-08-13,3,375617.06652866915,0.0,375617.06652866915,0.0,0.7957176268498127,0.0
2015-08-14,3,375617.06652866915,0.0,375617.06652866915,0.0,0.7957176268498127,0.0
2015-08-17,3,375617.06652866915,0.0,375617.06652866915,0.0,0.7957176268498127,0.0
2015-08-18,3,375617.06652866915,0.0,375617.06652866915,0.0,0.7957176268498127,0.0
2015-08-19,3,375617.06652866915,0.0,375617.06652866915,0.0,0.7957176268498127,0.0
2015-08-20,3,375617.06652866915,0.0,375617.06652866915,0.0,0.7957176268498127,0.0
2015-08-21,3,375617.06652866915,0.0,375617.06652866915,0.0,0.7957176268498127,0.0
2015-08-24,3,0.0,375617.06652866915,375617.06652866915,0.0,0.7957176268498127,100.0
2015-08-25,3,0.0,373941.9278209471,373941.9278209471,-0.0044596980728356115,0.7877092684099937,100.0
2015-08-26,3,0.0,375340.31870632933,375340.31870632933,0.0037395937212257075,0.7943945747655167,100.0
2015-08-27,3,0.0,375034.40958685277,375034.40958685277,-0.0008150180096050675,0.7929321108707451,100.0
2015-08-28,3,0.0,374480.9139421732,374480.9139421732,-0.0014758529631703093,0.7902860067021533,100.0
2015-08-31,3,0.0,373490.39002857386,373490.39002857386,-0.002645058470863146,0.7855505955348581,100.0
2015-09-01,3,0.0,369608.41681618785,369608.41681618785,-0.01039377000326307,0.7669919933156794,100.0
2015-09-02,3,0.0,377532.57256242493,377532.57256242493,0.021439327097840126,0.8048751126396387,100.0
2015-09-03,3,0.0,379542.74612420285,379542.74612420285,0.0053245036531133685,0.8144851767703019,100.0
2015-09-04,3,0.0,371072.34949501295,371072.34949501295,-0.022317371931587428,0.7739906362159669,100.0
2015-09-07,3,0.0,369580.7912525335,369580.7912525335,-0.004019588752730555,0.7668599234071839,100.0
2015-09-08,3,0.0,369660.83357210277,369660.83357210277,0.00021657597327502437,0.7672425828147365,100.0
2015-09-09,3,0.0,371035.9769647199,371035.9769647199,0.0037200137740556506,0.7738167495649049,100.0
2015-09-10,3,0.0,370402.95696912083,370402.95696912083,-0.0017060879130307216,0.7707904622485408,100.0
2015-09-11,3,0.0,371363.3937499618,371363.3937499618,0.0025929511705303195,0.7753820354503921,100.0
2015-09-14,3,0.0,371312.44803923735,371312.44803923735,-0.00013718560197872962,0.7751384785971166,100.0
2015-09-15,3,0.0,369216.9948244869,369216.9948244869,-0.005643369151278816,0.7651207168677536,100.0
2015-09-16,3,0.0,371123.302318249,371123.302318249,0.005163108742240607,0.7742342270721235,100.0
2015-09-18,3,0.0,371254.25482154783,371254.25482154783,0.00035285443538794867,0.774860273488563,100.0
2015-09-21,3,0.0,371225.1582127031,371225.1582127031,-7.837380573237634e-05,0.7747211709342865,100.0
2015-09-22,3,367328.63652779046,0.0,367328.63652779046,-0.01049638366018302,0.7560930166343109,0.0
2015-09-23,3,367328.63652779046,0.0,367328.63652779046,0.0,0.7560930166343109,0.0
2015-09-24,3,367328.63652779046,0.0,367328.63652779046,0.0,0.7560930166343109,0.0
2015-09-28,3,367328.63652779046,0.0,367328.63652779046,0.0,0.7560930166343109,0.0
2015-09-29,3,367328.63652779046,0.0,367328.63652779046,0.0,0.7560930166343109,0.0
2015-09-30,3,367328.63652779046,0.0,367328.63652779046,0.0,0.7560930166343109,0.0
2015-10-01,3,367328.63652779046,0.0,367328.63652779046,0.0,0.7560930166343109,0.0
2015-10-05,3,367328.63652779046,0.0,367328.63652779046,0.0,0.7560930166343109,0.0
2015-10-06,3,367328.63652779046,0.0,367328.63652779046,0.0,0.7560930166343109,0.0
2015-10-07,3,367328.63652779046,0.0,367328.63652779046,0.0,0.7560930166343109,0.0
2015-10-08,3,367328.63652779046,0.0,367328.63652779046,0.0,0.7560930166343109,0.0
2015-10-09,3,367328.63652779046,0.0,367328.63652779046,0.0,0.7560930166343109,0.0
2015-10-12,3,367328.63652779046,0.0,367328.63652779046,0.0,0.7560930166343109,0.0
2015-10-13,3,367328.63652779046,0.0,367328.63652779046,0.0,0.7560930166343109,0.0
2015-10-14,3,0.0,367328.63652779046,367328.63652779046,0.0,0.7560930166343109,100.0
2015-10-15,3,0.0,364969.7067327944,364969.7067327944,-0.006421851063108115,0.7448156488285212,100.0
2015-10-16,3,0.0,365598.26361806004,365598.26361806004,0.001722216594063284,0.747820599292515,100.0
2015-10-19,3,0.0,368075.51722469536,368075.51722469536,0.0067758899676375476,0.7596636393564914,100.0
2015-10-20,3,0.0,373695.55525765906,373695.55525765906,0.0152687091913611,0.7865314317404377,100.0
2015-10-21,3,0.0,374176.2164052152,374176.2164052152,0.0012862372613041666,0.7888293350364334,100.0
2015-10-23,3,0.0,375233.6564868955,375233.6564868955,0.002826048357213469,0.7938846532400484,100.0
2015-10-26,3,0.0,375144.94070868444,375144.94070868444,-0.0002364280940085974,0.7934605285106116,100.0
2015-10-27,3,0.0,374338.91615963884,374338.91615963884,-0.0021485683574005905,0.7896071559688067,100.0
2015-10-28,3,0.0,374043.1246842197,374043.1246842197,-0.0007901702512089014,0.7881930616328096,100.0
2015-10-29,3,0.0,368682.59189298516,368682.59189298516,-0.014331322880911398,0.7625658894931443,100.0
2015-10-30,3,0.0,368660.4080739391,368660.4080739391,-6.017050854548766e-05,0.7624598350072286,100.0
2015-11-02,3,0.0,371933.0444163661,371933.0444163661,0.008877102804515504,0.7781053721514172,100.0
2015-11-03,3,0.0,375789.2414490814,375789.2414490814,0.010367987170288726,0.7965407458373045,100.0
2015-11-04,3,0.0,374363.4892025531,374363.4892025531,-0.0037940209278755207,0.7897246326498167,100.0
2015-11-05,3,0.0,366806.1654429421,366806.1654429421,-0.020187128225856533,0.7535952320015409,100.0
2015-11-06,3,0.0,370219.15502099233,370219.15502099233,0.009304613443257713,0.769911757771255,100.0
2015-11-09,3,0.0,365136.6436856605,365136.6436856605,-0.013728385650503792,0.7456137265932102,100.0
2015-11-10,3,0.0,363186.3433146315,363186.3433146315,-0.005341289089319627,0.7362898990411914,100.0
2015-11-13,3,0.0,354210.6619148409,354210.6619148409,-0.024713708444744187,0.6933797367007329,100.0
2015-11-16,3,350491.197934908,0.0,350491.197934908,-0.010500711525242502,0.6755980445829475,0.0
2015-11-17,3,350491.197934908,0.0,350491.197934908,0.0,0.6755980445829475,0.0
2015-11-18,3,350491.197934908,0.0,350491.197934908,0.0,0.6755980445829475,0.0
2015-11-19,3,350491.197934908,0.0,350491.197934908,0.0,0.6755980445829475,0.0
2015-11-20,3,350491.197934908,0.0,350491.197934908,0.0,0.6755980445829475,0.0
2015-11-23,3,0.0,350491.197934908,350491.197934908,0.0,0.6755980445829475,100.0
2015-11-24,3,0.0,347105.07855864457,347105.07855864457,-0.009661068227146364,0.6594099775529586,100.0
2015-11-26,3,0.0,343821.5970564762,343821.5970564762,-0.009459618153105158,0.6437125928058548,100.0
2015-11-27,3,0.0,344964.9643645174,344964.9643645174,0.003325466805546213,0.6491787044710889,100.0
2015-11-30,3,0.0,347925.96682781883,347925.96682781883,0.008583487510843507,0.6633344092840656,100.0
2015-12-01,3,0.0,346218.23436131235,346218.23436131235,-0.004908321393992421,0.6551702294176129,100.0
2015-12-02,3,0.0,346701.9708132449,346701.9708132449,0.0013972009672595528,0.6574828348631344,100.0
2015-12-03,3,0.0,344583.82999941555,344583.82999941555,-0.006109399403934398,0.6473566102197901,100.0
2015-12-04,3,0.0,341307.6490991703,341307.6490991703,-0.009507645498776949,0.6316941275597534,100.0
2015-12-07,3,0.0,340047.0427131879,340047.0427131879,-0.003693460692456034,0.6256675294375001,100.0
2015-12-08,3,341054.2185806956,0.0,341054.2185806956,0.002961872155898149,0.6304825488276888,0.0
2015-12-09,3,341054.2185806956,0.0,341054.2185806956,0.0,0.6304825488276888,0.0
2015-12-10,3,341054.2185806956,0.0,341054.2185806956,0.0,0.6304825488276888,0.0
2015-12-11,3,341054.2185806956,0.0,341054.2185806956,0.0,0.6304825488276888,0.0
2015-12-14,3,341054.2185806956,0.0,341054.2185806956,0.0,0.6304825488276888,0.0
2015-12-15,3,341054.2185806956,0.0,341054.2185806956,0.0,0.6304825488276888,0.0
2015-12-16,3,341054.2185806956,0.0,341054.2185806956,0.0,0.6304825488276888,0.0
2015-12-17,3,341054.2185806956,0.0,341054.2185806956,0.0,0.6304825488276888,0.0
2015-12-18,3,341054.2185806956,0.0,341054.2185806956,0.0,0.6304825488276888,0.0
2015-12-21,3,341054.2185806956,0.0,341054.2185806956,0.0,0.6304825488276888,0.0
2015-12-22,3,341054.2185806956,0.0,341054.2185806956,0.0,0.6304825488276888,0.0
2015-12-23,3,341054.2185806956,0.0,341054.2185806956,0.0,0.6304825488276888,0.0
2015-12-24,3,341054.2185806956,0.0,341054.2185806956,0.0,0.6304825488276888,0.0
2015-12-28,3,341054.2185806956,0.0,341054.2185806956,0.0,0.6304825488276888,0.0
2015-12-29,3,341054.2185806956,0.0,341054.2185806956,0.0,0.6304825488276888,0.0
2015-12-30,3,341054.2185806956,0.0,341054.2185806956,0.0,0.6304825488276888,0.0
2015-12-31,3,341054.2185806956,0.0,341054.2185806956,0.0,0.6304825488276888,0.0
2016-01-01,3,341054.2185806956,0.0,341054.2185806956,0.0,0.6304825488276888,0.0
2016-01-04,3,341054.2185806956,0.0,341054.2185806956,0.0,0.6304825488276888,0.0
2016-01-05,3,341054.2185806956,0.0,341054.2185806956,0.0,0.6304825488276888,0.0
2016-01-06,3,341054.2185806956,0.0,341054.2185806956,0.0,0.6304825488276888,0.0
2016-01-07,3,341054.2185806956,0.0,341054.2185806956,0.0,0.6304825488276888,0.0
2016-01-08,3,341054.2185806956,0.0,341054.2185806956,0.0,0.6304825488276888,0.0
2016-01-11,3,341054.2185806956,0.0,341054.2185806956,0.0,0.6304825488276888,0.0
2016-01-12,3,341054.2185806956,0.0,341054.2185806956,0.0,0.6304825488276888,0.0
2016-01-13,3,0.0,341054.2185806956,341054.2185806956,0.0,0.6304825488276888,100.0
2016-01-14,3,0.0,340994.37811725313,340994.37811725313,-0.00017545733253651708,0.6301964687089242,100.0
2016-01-15,3,0.0,338345.79828873195,338345.79828873195,-0.0077672243253536786,0.6175343670420625,100.0
2016-01-18,3,0.0,340822.2728527369,340822.2728527369,0.007319359591667189,0.6293736827263232,100.0
2016-01-19,3,0.0,341069.19696287595,341069.19696287595,0.0007244952275926265,0.6305541561834235,100.0
2016-01-20,3,0.0,341188.9144224004,341188.9144224004,0.0003510063664221445,0.6311264910730399,100.0
2016-01-21,3,0.0,337358.17491345445,337358.17491345445,-0.011227620086751731,0.6128128225178354,100.0
2016-01-22,3,0.0,343530.72967734,343530.72967734,0.018296739853626093,0.6423220391640366,100.0
2016-01-25,3,0.0,344862.49051637104,344862.49051637104,0.0038766862000435046,0.6486888063492912,100.0
2016-01-27,3,0.0,347122.03426723706,347122.03426723706,0.0065520136663246705,0.6594910379400082,100.0
2016-01-28,3,348486.5431469471,0.0,348486.5431469471,0.00393091980631676,0.6660143641294518,0.0
2016-01-29,3,0.0,348486.54314694717,348486.54314694717,1.6702986688620242e-16,0.666014364129452,100.0
2016-02-01,3,0.0,350147.86229505367,350147.86229505367,0.004767240459571972,0.673956655212358,100.0
2016-02-02,3,0.0,349477.52105057955,349477.52105057955,-0.0019144519120589277,0.6707519456930829,100.0
2016-02-03,3,0.0,352129.81810231844,352129.81810231844,0.0075893208918436416,0.6834318183396199,100.0
2016-02-04,3,0.0,352676.3093456241,352676.3093456241,0.0015519595763028515,0.686044436471145,100.0
2016-02-05,3,0.0,352953.18401068955,352953.18401068955,0.0007850673768792831,0.6873680949541873,100.0
2016-02-08,3,0.0,344355.0551160133,344355.0551160133,-0.02436053642291516,0.6462629030181909,100.0
2016-02-09,3,0.0,332470.6850958207,332470.6850958207,-0.0345119661919548,0.5894471333661577,100.0
2016-02-10,3,0.0,330634.4958656278,330634.4958656278,-0.005522860548332897,0.5806688384996289,100.0
2016-02-11,3,0.0,320309.4404105627,320309.4404105627,-0.031228004289247775,0.5313077052310822,100.0
2016-02-12,3,0.0,324160.1702018756,324160.1702018756,0.012021905399907036,0.549716941601519,100.0
2016-02-15,3,0.0,330354.794887321,330354.794887321,0.019109765032476377,0.5793316682223719,100.0
2016-02-16,3,0.0,329830.709251308,329830.709251308,-0.0015864326600489346,0.5768261648828544,100.0
2016-02-17,3,0.0,331286.56192347436,331286.56192347436,0.004413939124925773,0.5837861795852375,100.0
2016-02-18,3,0.0,337153.65530096047,337153.65530096047,0.017710025252522542,0.6118350728202883,100.0
2016-02-19,3,0.0,337706.85088176123,337706.85088176123,0.0016407817981595127,0.614479742469407,100.0
2016-02-22,3,0.0,337160.9061296988,337160.9061296988,-0.0016166232655244106,0.611869736956013,100.0
2016-02-23,3,0.0,329605.0449784666,329605.0449784666,-0.022410252831405155,0.5757473286195383,100.0
2016-02-24,3,0.0,321881.7394439684,321881.7394439684,-0.02343200036577946,0.5388244166389492,100.0
2016-02-25,3,0.0,322158.3727776469,322158.3727776469,0.000859425372052299,0.5401469213857423,100.0
2016-02-26,3,321494.41694919416,0.0,321494.41694919416,-0.002060960957581496,0.5369727387118269,0.0
2016-02-29,4,0.0,321494.41694919416,321494.41694919416,0.0,0.0,100.0
2016-03-01,4,0.0,336241.3710645939,336241.3710645939,0.04587001620538315,0.04587001620538315,100.0
2016-03-02,4,0.0,342473.9725359317,342473.9725359317,0.018536093436701047,0.06525636054841016,100.0
2016-03-03,4,0.0,350493.5809780855,350493.5809780855,0.02341669465498561,0.09020114347265355,100.0
2016-03-04,4,0.0,348189.61841928336,348189.61841928336,-0.006573480040269877,0.08303472801615666,100.0
2016-03-08,4,0.0,347709.6217123523,347709.6217123523,-0.001378549737094786,0.08154171077658547,100.0
2016-03-09,4,0.0,348145.3038194623,348145.3038194623,0.001253005611304044,0.0828968886090479,100.0
2016-03-10,4,0.0,346823.47394571034,346823.47394571034,-0.0037967764012621194,0.07878537125737689,100.0
2016-03-11,4,0.0,349326.8341749849,349326.8341749849,0.007217966537254655,0.08657200796799248,100.0
2016-03-14,4,0.0,347812.9984069716,347812.9984069716,-0.004333579959835002,0.08186326128934471,100.0
2016-03-15,4,343761.8265610478,0.0,343761.8265610478,-0.011647557349721402,0.06926219690892044,0.0
2016-03-16,4,343761.8265610478,0.0,343761.8265610478,0.0,0.06926219690892044,0.0
2016-03-17,4,343761.8265610478,0.0,343761.8265610478,0.0,0.06926219690892044,0.0
2016-03-18,4,343761.8265610478,0.0,343761.8265610478,0.0,0.06926219690892044,0.0
2016-03-21,4,343761.8265610478,0.0,343761.8265610478,0.0,0.06926219690892044,0.0
2016-03-22,4,343761.8265610478,0.0,343761.8265610478,0.0,0.06926219690892044,0.0
2016-03-23,4,343761.8265610478,0.0,343761.8265610478,0.0,0.06926219690892044,0.0
2016-03-28,4,343761.8265610478,0.0,343761.8265610478,0.0,0.06926219690892044,0.0
2016-03-29,4,343761.8265610478,0.0,343761.8265610478,0.0,0.06926219690892044,0.0
2016-03-30,4,343761.8265610478,0.0,343761.8265610478,0.0,0.06926219690892044,0.0
2016-03-31,4,343761.8265610478,0.0,343761.8265610478,0.0,0.06926219690892044,0.0
2016-04-01,4,343761.8265610478,0.0,343761.8265610478,0.0,0.06926219690892044,0.0
2016-04-04,4,343761.8265610478,0.0,343761.8265610478,0.0,0.06926219690892044,0.0
2016-04-05,4,343761.8265610478,0.0,343761.8265610478,0.0,0.06926219690892044,0.0
2016-04-06,4,343761.8265610478,0.0,343761.8265610478,0.0,0.06926219690892044,0.0
2016-04-07,4,343761.8265610478,0.0,343761.8265610478,0.0,0.06926219690892044,0.0
2016-04-08,4,0.0,343761.8265610478,343761.8265610478,0.0,0.06926219690892044,100.0
2016-04-11,4,0.0,354306.25672936393,354306.25672936393,0.03067365063131452,0.1020603719701765,100.0
2016-04-12,4,0.0,355931.7417835703,355931.7417835703,0.00458779664014801,0.10711640084194154,100.0
2016-04-13,4,0.0,357069.58822320064,357069.58822320064,0.0031968108096473223,0.1106556425196909,100.0
2016-04-18,4,0.0,356157.9100292664,356157.9100292664,-0.002553222744257853,0.1078198912721713,100.0
2016-04-20,4,0.0,346348.47489681863,346348.47489681863,-0.027542376165790285,0.07730789910280828,100.0
2016-04-21,4,0.0,342680.5049286269,342680.5049286269,-0.010590403117220273,0.06589877416994387,100.0
2016-04-22,4,0.0,341641.6286642569,341641.6286642569,-0.003031617642171866,0.0626673766414009,100.0
2016-04-25,4,0.0,346475.67296725436,346475.67296725436,0.014149459250318859,0.07770354538383165,100.0
2016-04-26,4,0.0,351924.588463693,351924.588463693,0.015726689985976608,0.09465225493887104,100.0
2016-04-27,4,354580.34110244317,0.0,354580.34110244317,0.007546368528393326,0.10291290426507652,0.0
2016-04-28,4,354580.34110244317,0.0,354580.34110244317,0.0,0.10291290426507652,0.0
2016-04-29,4,354580.34110244317,0.0,354580.34110244317,0.0,0.10291290426507652,0.0
2016-05-02,4,354580.34110244317,0.0,354580.34110244317,0.0,0.10291290426507652,0.0
2016-05-03,4,354580.34110244317,0.0,354580.34110244317,0.0,0.10291290426507652,0.0
2016-05-04,4,354580.34110244317,0.0,354580.34110244317,0.0,0.10291290426507652,0.0
2016-05-05,4,0.0,354580.34110244317,354580.34110244317,0.0,0.10291290426507652,100.0
2016-05-06,4,0.0,355025.2858845393,355025.2858845393,0.0012548489877152698,0.10429689340653166,100.0
2016-05-09,4,0.0,360644.7944544499,360644.7944544499,0.015828474177296107,0.12177622826788526,100.0
2016-05-10,4,0.0,362130.3850780147,362130.3850780147,0.004119262627406142,0.12639711916130178,100.0
2016-05-11,4,0.0,361470.13425975264,361470.13425975264,-0.001823240593632627,0.12434342620909604,100.0
2016-05-12,4,0.0,368345.5596639976,368345.5596639976,0.019020728830958664,0.14572925763189024,100.0
2016-05-13,4,0.0,362202.15375673666,362202.15375673666,-0.0166783764486395,0.1266203537648853,100.0
2016-05-16,4,0.0,366185.3154258062,366185.3154258062,0.010997067874269835,0.13900987426377165,100.0
2016-05-17,4,0.0,368919.70909377345,368919.70909377345,0.0074672400906836914,0.14751513446055867,100.0
2016-05-18,4,0.0,366178.16659257415,366178.16659257415,-0.007431271449101235,0.13898763800443037,100.0
2016-05-19,4,366650.82126853353,0.0,366650.82126853353,0.0012907778755833711,0.14045781804812943,0.0
2016-05-20,4,366650.82126853353,0.0,366650.82126853353,0.0,0.14045781804812943,0.0
2016-05-23,4,366650.82126853353,0.0,366650.82126853353,0.0,0.14045781804812943,0.0
2016-05-24,4,366650.82126853353,0.0,366650.82126853353,0.0,0.14045781804812943,0.0
2016-05-25,4,366650.82126853353,0.0,366650.82126853353,0.0,0.14045781804812943,0.0
2016-05-26,4,366650.82126853353,0.0,366650.82126853353,0.0,0.14045781804812943,0.0
2016-05-27,4,366650.82126853353,0.0,366650.82126853353,0.0,0.14045781804812943,0.0
2016-05-30,4,0.0,366650.82126853353,366650.82126853353,0.0,0.14045781804812943,100.0
2016-05-31,4,0.0,357332.96133265924,357332.96133265924,-0.025413443514558317,0.11147485770842687,100.0
2016-06-01,4,0.0,366254.48491187155,366254.48491187155,0.02496697630674719,0.13922502414637838,100.0
2016-06-02,4,0.0,368563.0686434331,368563.0686434331,0.006303223104877591,0.14640581364023256,100.0
2016-06-03,4,0.0,365698.19476644625,365698.19476644625,-0.0077730899287646125,0.13749469815594847,100.0
2016-06-06,4,0.0,363327.00123091956,363327.00123091956,-0.00648401761195747,0.13011916249959704,100.0
2016-06-07,4,0.0,365920.6904526628,365920.6904526628,0.007138718600478558,0.13818676518569017,100.0
2016-06-08,4,0.0,363410.45833403576,363410.45833403576,-0.0068600442230303225,0.1303787536424485,100.0
2016-06-09,4,0.0,358424.69432435883,358424.69432435883,-0.013719374044800246,0.11487066470893265,100.0
2016-06-10,4,0.0,355434.6347926977,355434.6347926977,-0.008342225240081488,0.10557016251037137,100.0
2016-06-13,4,353863.5323494802,0.0,353863.5323494802,-0.004420228895627457,0.10068328933189948,0.0
2016-06-14,4,353863.5323494802,0.0,353863.5323494802,0.0,0.10068328933189948,0.0
2016-06-15,4,353863.5323494802,0.0,353863.5323494802,0.0,0.10068328933189948,0.0
2016-06-16,4,353863.5323494802,0.0,353863.5323494802,0.0,0.10068328933189948,0.0
2016-06-17,4,353863.5323494802,0.0,353863.5323494802,0.0,0.10068328933189948,0.0
2016-06-20,4,353863.5323494802,0.0,353863.5323494802,0.0,0.10068328933189948,0.0
2016-06-21,4,353863.5323494802,0.0,353863.5323494802,0.0,0.10068328933189948,0.0
2016-06-22,4,353863.5323494802,0.0,353863.5323494802,0.0,0.10068328933189948,0.0
2016-06-23,4,353863.5323494802,0.0,353863.5323494802,0.0,0.10068328933189948,0.0
2016-06-24,4,353863.5323494802,0.0,353863.5323494802,0.0,0.10068328933189948,0.0
2016-06-27,4,0.0,353863.53234948014,353863.53234948014,-1.6449183256324015e-16,0.1006832893318993,100.0
2016-06-28,4,0.0,349340.7052261577,349340.7052261577,-0.01278127501099962,0.08661515351093663,100.0
2016-06-29,4,0.0,354863.0590403801,354863.0590403801,0.015807931144603826,0.10379229103832063,100.0
2016-06-30,4,0.0,361980.4810580712,361980.4810580712,0.020056813005382954,0.12593084661645945,100.0
2016-07-01,4,0.0,354572.43616682437,354572.43616682437,-0.020465315891047678,0.10288831616897887,100.0
2016-07-04,4,0.0,353629.5733210901,353629.5733210901,-0.0026591543773884156,0.09995556587526759,100.0
2016-07-05,4,0.0,352367.7383719951,352367.7383719951,-0.00356823932242016,0.09603066117219654,100.0
2016-07-07,4,0.0,344498.9059994745,344498.9059994745,-0.022331307652840363,0.0715548632806142,100.0
2016-07-08,4,0.0,344045.21447926306,344045.21447926306,-0.001316960699469256,0.07014366763834846,100.0
2016-07-11,4,0.0,349369.0544559626,349369.0544559626,0.015474245106875176,0.08670333305095464,100.0
2016-07-12,4,0.0,349133.0035036369,349133.0035036369,-0.0006756492863778961,0.08596910271947428,100.0
2016-07-13,4,0.0,353120.16161469097,353120.16161469097,0.011420169594515313,0.0983710540469343,100.0
2016-07-14,4,0.0,357199.3366527418,357199.3366527418,0.011551804403912442,0.11105922162620362,100.0
2016-07-15,4,0.0,346356.9001905095,346356.9001905095,-0.03035402182947781,0.07733410575911921,100.0
2016-07-18,4,0.0,344671.37554841774,344671.37554841774,-0.0048664387548354475,0.07209132531494704,100.0
2016-07-19,4,0.0,349310.0522320186,349310.0522320186,0.013458259120648262,0.0865198081720348,100.0
2016-07-20,4,0.0,353382.17298479803,353382.17298479803,0.011657611130167634,0.09918603358092873,100.0
2016-07-21,4,0.0,354954.37952475954,354954.37952475954,0.004449026182283234,0.10407634102353033,100.0
2016-07-22,4,0.0,356236.2192342091,356236.2192342091,0.0036112801627234065,0.10806347001200085,100.0
2016-07-25,4,0.0,362447.0678779417,362447.0678779417,0.017434635526628627,0.1273821527520315,100.0
2016-07-26,4,361186.1334045748,0.0,361186.1334045748,-0.003478947921276931,0.12346004895523009,0.0
2016-07-27,4,361186.1334045748,0.0,361186.1334045748,0.0,0.12346004895523009,0.0
2016-07-28,4,361186.1334045748,0.0,361186.1334045748,0.0,0.12346004895523009,0.0
2016-07-29,4,361186.1334045748,0.0,361186.1334045748,0.0,0.12346004895523009,0.0
2016-08-01,4,361186.1334045748,0.0,361186.1334045748,0.0,0.12346004895523009,0.0
2016-08-02,4,361186.1334045748,0.0,361186.1334045748,0.0,0.12346004895523009,0.0
2016-08-03,4,361186.1334045748,0.0,361186.1334045748,0.0,0.12346004895523009,0.0
2016-08-04,4,361186.1334045748,0.0,361186.1334045748,0.0,0.12346004895523009,0.0
2016-08-05,4,361186.1334045748,0.0,361186.1334045748,0.0,0.12346004895523009,0.0
2016-08-08,4,361186.1334045748,0.0,361186.1334045748,0.0,0.12346004895523009,0.0
2016-08-09,4,361186.1334045748,0.0,361186.1334045748,0.0,0.12346004895523009,0.0
2016-08-10,4,361186.1334045748,0.0,361186.1334045748,0.0,0.12346004895523009,0.0
2016-08-11,4,361186.1334045748,0.0,361186.1334045748,0.0,0.12346004895523009,0.0
2016-08-12,4,361186.1334045748,0.0,361186.1334045748,0.0,0.12346004895523009,0.0
2016-08-16,4,361186.1334045748,0.0,361186.1334045748,0.0,0.12346004895523009,0.0
2016-08-17,4,361186.1334045748,0.0,361186.1334045748,0.0,0.12346004895523009,0.0
2016-08-18,4,0.0,361186.1334045748,361186.1334045748,0.0,0.12346004895523009,100.0
2016-08-19,4,0.0,356388.19841088593,356388.19841088593,-0.013283829444012978,0.10853619727774634,100.0
2016-08-22,4,0.0,348886.7232141569,348886.7232141569,-0.021048607193441433,0.08520305430153575,100.0
2016-08-23,4,0.0,356052.8292215872,356052.8292215872,0.020539921787254507,0.10749304016017901,100.0
2016-08-24,4,0.0,352083.0739867435,352083.0739867435,-0.011149343325041099,0.09514522002533965,100.0
2016-08-25,4,0.0,349208.42364427046,349208.42364427046,-0.00816469337739677,0.08620369510011103,100.0
2016-08-26,4,0.0,345635.63056493143,345635.63056493143,-0.010231119404434922,0.07509061539800337,100.0
2016-08-29,4,0.0,342295.5740111805,342295.5740111805,-0.009663519204578861,0.06470145658944225,100.0
2016-08-30,4,0.0,348263.8756226312,348263.8756226312,0.017436105122573948,0.08326570311069337,100.0
2016-08-31,4,0.0,343767.12121030357,343767.12121030357,-0.012911917448481549,0.06927866577735678,100.0
2016-09-01,4,0.0,342903.69276273524,342903.69276273524,-0.002511666748490793,0.0665929941076532,100.0
2016-09-02,4,0.0,343901.983371115,343901.983371115,0.0029112856742272023,0.0696981510116299,100.0
2016-09-06,4,0.0,339696.88325049524,339696.88325049524,-0.012227612296384765,0.05661829674690005,100.0
2016-09-07,4,0.0,333748.20503108186,333748.20503108186,-0.017511724460029212,0.03811508827484295,100.0
2016-09-08,4,0.0,317550.0292925369,317550.0292925369,-0.04853412091620517,-0.012268914944425273,100.0
2016-09-09,4,0.0,321700.4088918652,321700.4088918652,0.01307000225625824,0.0006407325658274879,100.0
2016-09-12,4,0.0,322602.98032114655,322602.98032114655,0.0028056272368143205,0.003448157459380008,100.0
2016-09-14,4,0.0,318418.3795294303,318418.3795294303,-0.01297136433008319,-0.009567934177376294,100.0
2016-09-15,4,0.0,318213.25269427814,318213.25269427814,-0.0006442053861818565,-0.010205975848826451,100.0
2016-09-16,4,0.0,322965.3577086371,322965.3577086371,0.014933711824141091,0.004575322873104121,100.0
2016-09-19,4,0.0,329438.96234344336,329438.96234344336,0.02004426939389096,0.024711301271227615,100.0
2016-09-20,4,0.0,328762.7273766257,328762.7273766257,-0.0020526866707183213,0.02260789004177374,100.0
2016-09-21,4,0.0,329705.353893627,329705.353893627,0.002867193992831942,0.02553990524112406,100.0
2016-09-22,4,0.0,324869.2149186021,324869.2149186021,-0.014668063220426828,0.010497221075976712,100.0
2016-09-23,4,0.0,327615.1791513074,327615.1791513074,0.008452522143082467,0.019038471212644705,100.0
2016-09-26,4,0.0,328025.0225679414,328025.0225679414,0.0012509903164307648,0.020313278472202132,100.0
2016-09-27,4,0.0,332806.52909533883,332806.52909533883,0.014576651774811095,0.035186029833707284,100.0
2016-09-28,4,0.0,331023.70356235217,331023.70356235217,-0.005356942779436702,0.02964059750581586,100.0
2016-09-29,4,0.0,333038.76702746964,333038.76702746964,0.00608736910206769,0.03590839986530728,100.0
2016-09-30,4,0.0,332082.46572199016,332082.46572199016,-0.002871441406100957,0.03293384959300625,100.0
2016-10-03,4,0.0,329143.6428455347,329143.6428455347,-0.008849677955944034,0.02379271767431461,100.0
2016-10-04,4,0.0,328249.7062133854,328249.7062133854,-0.002715946826197243,0.021012151092063204,100.0
2016-10-05,4,0.0,325683.9491437211,325683.9491437211,-0.00781647940911297,0.013031430636597952,100.0
2016-10-06,4,0.0,326011.48267437925,326011.48267437925,0.0010056790686778117,0.014050215142301916,100.0
2016-10-07,4,0.0,323152.27821870206,323152.27821870206,-0.00877025690083734,0.005156734245154554,100.0
2016-10-10,4,0.0,324858.25144044135,324858.25144044135,0.005279161982527398,0.01046311946306297,100.0
2016-10-13,4,0.0,317843.2695607757,317843.2695607757,-0.021593977830517693,-0.011356798737178164,100.0
2016-10-14,4,0.0,322933.90031840367,322933.90031840367,0.016016166598910964,0.004477475481127856,100.0
2016-10-17,4,0.0,322422.10835188185,322422.10835188185,-0.0015848195745854154,0.0028855599157552227,100.0
2016-10-18,4,0.0,327574.1474815345,327574.1474815345,0.01597917449268052,0.018910843273838678,100.0
2016-10-19,4,326551.2522685397,0.0,326551.2522685397,-0.003122637182632037,0.015729154388844827,0.0
2016-10-20,4,0.0,326551.2522685397,326551.2522685397,0.0,0.015729154388844827,100.0
2016-10-21,4,0.0,330291.19346447225,330291.19346447225,0.011452845977320039,0.027362143948733795,100.0
2016-10-24,4,0.0,330162.0021364061,330162.0021364061,-0.000391143725968173,0.026960297691831035,100.0
2016-10-25,4,0.0,326184.06468255055,326184.06468255055,-0.0120484411534797,0.014587026978131015,100.0
2016-10-26,4,0.0,325884.87602739653,325884.87602739653,-0.0009172387236182116,0.013656408468505998,100.0
2016-10-27,4,0.0,328856.4425859332,328856.4425859332,0.009118454942618608,0.02289938875642267,100.0
2016-10-28,4,0.0,326218.06414796814,326218.06414796814,-0.008022888094325924,0.014692781428675503,100.0
2016-11-01,4,0.0,319594.9749251463,319594.9749251463,-0.020302644000173058,-0.0059081648822163066,100.0
2016-11-02,4,0.0,313345.87982191774,313345.87982191774,-0.019553170711436273,-0.025345812237119292,100.0
2016-11-03,4,0.0,315440.23361059884,315440.23361059884,0.006683840201988195,-0.0188313793939136,100.0
2016-11-04,4,316632.87333302386,0.0,316632.87333302386,0.003780873824412968,-0.015121704638928667,0.0
2016-11-07,4,0.0,316632.87333302386,316632.87333302386,0.0,-0.015121704638928667,100.0
2016-11-08,4,0.0,317488.04173427226,317488.04173427226,0.0027008200135586248,-0.012461725627897983,100.0
2016-11-09,4,0.0,301726.2934015993,301726.2934015993,-0.04964517166244984,-0.061488232782340474,100.0
2016-11-10,4,0.0,299723.8957116097,299723.8957116097,-0.006636470648331571,-0.06771663857859427,100.0
2016-11-11,4,0.0,292173.25777485414,292173.25777485414,-0.025191978500174947,-0.09120270097559315,100.0
2016-11-15,4,0.0,294975.2158533393,294975.2158533393,0.009590056598007742,-0.08248728344183252,100.0
2016-11-16,4,0.0,304472.6095186058,304472.6095186058,0.03219725981991852,-0.052945888118729946,100.0
2016-11-17,4,0.0,297186.16056551505,297186.16056551505,-0.023931377487817988,-0.07561019757155082,100.0
2016-11-18,4,0.0,295503.6277693946,295503.6277693946,-0.005661544914873414,-0.08084367195685045,100.0
2016-11-21,4,0.0,296588.2216591558,296588.2216591558,0.0036703234337535397,-0.07747007094675082,100.0
2016-11-22,4,0.0,296583.36834932485,296583.36834932485,-1.6363798278271586e-05,-0.07748516704041553,100.0
2016-11-23,4,0.0,299549.2155987289,299549.2155987289,0.010000045740632351,-0.06825997651440786,100.0
2016-11-24,4,0.0,304008.36439459963,304008.36439459963,0.014886197538384195,-0.05438991047038261,100.0
2016-11-25,4,0.0,319552.9650330628,319552.9650330628,0.05113214785855837,-0.006038835556009589,100.0
2016-11-28,4,0.0,317087.22508542787,317087.22508542787,-0.007716216769823444,-0.013708455361645546,100.0
2016-11-29,4,0.0,313926.9105046564,313926.9105046564,-0.009966704208660743,-0.023538531450559137,100.0
2016-11-30,4,0.0,316177.32553306356,316177.32553306356,0.007168595469529843,-0.01653867419094516,100.0
2016-12-01,4,0.0,314426.98389164853,314426.98389164853,-0.005535949291948795,-0.021983066221216818,100.0
2016-12-02,4,0.0,308648.1432928183,308648.1432928183,-0.018378958851768403,-0.03995799920346978,100.0
2016-12-05,4,0.0,303668.0296073181,303668.0296073181,-0.016135245889930636,-0.05544851295098278,100.0
2016-12-06,4,0.0,302857.84268734814,302857.84268734814,-0.0026680020317504227,-0.05796857823752244,100.0
2016-12-07,4,0.0,298999.86278589646,298999.86278589646,-0.012738583446341252,-0.06996872411271925,100.0
2016-12-08,4,0.0,304717.4276917925,304717.4276917925,0.019122299430585955,-0.05218438757539277,100.0
2016-12-09,4,0.0,304648.0396859421,304648.0396859421,-0.000227712626665232,-0.052400217158092295,100.0
2016-12-12,4,0.0,306445.18226129364,306445.18226129364,0.005899078087632448,-0.04681025204328433,100.0
2016-12-13,4,0.0,305348.8653212031,305348.8653212031,-0.0035775303498025786,-0.05022031729572015,100.0
2016-12-14,4,0.0,306361.9369827906,306361.9369827906,0.003317751518486376,-0.04706918431120052,100.0
2016-12-15,4,0.0,313536.6500115438,313536.6500115438,0.023419074508450648,-0.024752426537185873,100.0
2016-12-16,4,0.0,316777.04955623765,316777.04955623765,0.01033499447217579,-0.014673248256444836,100.0
2016-12-19,4,0.0,317644.399629367,317644.399629367,0.002738045809645578,-0.011975378472701706,100.0
2016-12-20,4,324314.09221665154,0.0,324314.09221665154,0.020997356147524904,0.008770526388030477,0.0
2016-12-21,4,324314.09221665154,0.0,324314.09221665154,0.0,0.008770526388030477,0.0
2016-12-22,4,324314.09221665154,0.0,324314.09221665154,0.0,0.008770526388030477,0.0
2016-12-23,4,324314.09221665154,0.0,324314.09221665154,0.0,0.008770526388030477,0.0
2016-12-26,4,324314.09221665154,0.0,324314.09221665154,0.0,0.008770526388030477,0.0
2016-12-27,4,324314.09221665154,0.0,324314.09221665154,0.0,0.008770526388030477,0.0
2016-12-28,4,324314.09221665154,0.0,324314.09221665154,0.0,0.008770526388030477,0.0
2016-12-29,4,324314.09221665154,0.0,324314.09221665154,0.0,0.008770526388030477,0.0
2016-12-30,4,324314.09221665154,0.0,324314.09221665154,0.0,0.008770526388030477,0.0
2017-01-02,4,324314.09221665154,0.0,324314.09221665154,0.0,0.008770526388030477,0.0
2017-01-03,4,324314.09221665154,0.0,324314.09221665154,0.0,0.008770526388030477,0.0
2017-01-04,4,324314.09221665154,0.0,324314.09221665154,0.0,0.008770526388030477,0.0
2017-01-05,4,324314.09221665154,0.0,324314.09221665154,0.0,0.008770526388030477,0.0
2017-01-06,4,0.0,324314.09221665154,324314.09221665154,0.0,0.008770526388030477,100.0
2017-01-09,4,0.0,327484.1721682858,327484.1721682858,0.009774721566883294,0.018630977408351772,100.0
2017-01-10,4,0.0,329140.3073672878,329140.3073672878,0.0050571457790972085,0.023782342756210082,100.0
2017-01-11,4,0.0,330426.7890529183,330426.7890529183,0.003908611789059691,0.027783910490538154,100.0
2017-01-12,4,0.0,333262.8238382584,333262.8238382584,0.008582944480587738,0.036605322732319805,100.0
2017-01-13,4,0.0,319750.913774103,319750.913774103,-0.04054430646819794,-0.005423121159104605,100.0
2017-01-16,4,0.0,321065.85437260225,321065.85437260225,0.004112390432223251,-0.0013330327184488439,100.0
2017-01-17,4,0.0,323937.3933870456,323937.3933870456,0.00894376955797635,0.007598814502080456,100.0
2017-01-18,4,0.0,326261.6536246273,326261.6536246273,0.0071750291415249344,0.01482836535909886,100.0
2017-01-19,4,0.0,325678.8012066797,325678.8012066797,-0.001786457009189738,0.013015418112678534,100.0
2017-01-20,4,0.0,324550.7595207829,324550.7595207829,-0.0034636632219145888,0.00950667386572922,100.0
2017-01-23,4,0.0,327582.72875003127,327582.72875003127,0.009342049403074027,0.0189375350857158,100.0
2017-01-24,4,0.0,329237.20781383425,329237.20781383425,0.005050568661284537,0.024083749068226232,100.0
2017-01-25,4,0.0,334157.964653024,334157.964653024,0.014945931754992155,0.039389634893196454,100.0
2017-01-27,4,0.0,334839.63679354306,334839.63679354306,0.0020399697527093124,0.041509958309658146,100.0
2017-01-30,4,0.0,331303.47773328767,331303.47773328767,-0.010560754079528918,0.03051082776856943,100.0
2017-01-31,4,0.0,316661.89795988944,316661.89795988944,-0.04419386078761685,-0.015031424293966526,100.0
2017-02-01,4,0.0,307871.236268031,307871.236268031,-0.027760402336033236,-0.04237454824391563,100.0
2017-02-02,4,0.0,313516.2762573883,313516.2762573883,0.018335717418053142,-0.024815798568180582,100.0
2017-02-03,4,0.0,317052.4353176437,317052.4353176437,0.011279028643962017,-0.013816668027091866,100.0
2017-02-06,4,0.0,317898.72283764015,317898.72283764015,0.0026692351981103574,-0.011184312765600028,100.0
2017-02-07,4,0.0,318444.94224084093,318444.94224084093,0.0017182183002344192,-0.00948531155623501,100.0
2017-02-08,4,0.0,322183.2373561265,322183.2373561265,0.011739219624528589,0.0021425579127278592,100.0
2017-02-09,4,0.0,328758.99852909165,328758.99852909165,0.02041000403039785,0.02259629155875985,100.0
2017-02-10,4,0.0,340200.9268798932,340200.9268798932,0.03480339215654665,0.058186111311709685,100.0
2017-02-13,4,0.0,342513.4404153845,342513.4404153845,0.0067974933422439866,0.06537912435820609,100.0
2017-02-14,4,0.0,341378.46784695826,341378.46784695826,-0.0033136584860721983,0.06184882178189235,100.0
2017-02-15,4,0.0,342435.40412398236,342435.40412398236,0.0030960836038959804,0.06513639450882754,100.0
2017-02-16,4,0.0,347266.1380456694,347266.1380456694,0.014106993212471811,0.08016226639652026,100.0
2017-02-17,4,0.0,341612.54208455054,341612.54208455054,-0.01628029727555919,0.06257690359374314,100.0
2017-02-20,4,354636.04712403554,0.0,354636.04712403554,0.0381236150172192,0.10308617639253985,0.0
2017-02-21,4,354636.04712403554,0.0,354636.04712403554,0.0,0.10308617639253985,0.0
2017-02-22,4,354636.04712403554,0.0,354636.04712403554,0.0,0.10308617639253985,0.0
2017-02-23,4,354636.04712403554,0.0,354636.04712403554,0.0,0.10308617639253985,0.0
2017-02-27,4,354636.04712403554,0.0,354636.04712403554,0.0,0.10308617639253985,0.0
2017-02-28,4,354636.04712403554,0.0,354636.04712403554,0.0,0.10308617639253985,0.0
2017-03-01,4,354636.04712403554,0.0,354636.04712403554,0.0,0.10308617639253985,0.0
2017-03-02,4,354636.04712403554,0.0,354636.04712403554,0.0,0.10308617639253985,0.0
2017-03-03,4,354636.04712403554,0.0,354636.04712403554,0.0,0.10308617639253985,0.0
2017-03-06,4,354636.04712403554,0.0,354636.04712403554,0.0,0.10308617639253985,0.0
2017-03-07,4,0.0,354636.04712403554,354636.04712403554,0.0,0.10308617639253985,100.0
2017-03-08,4,0.0,356395.1687601732,356395.1687601732,0.004960357669231512,0.10855787836743185,100.0
2017-03-09,4,0.0,357466.26221552974,357466.26221552974,0.003005353465039,0.11188948662837969,100.0
2017-03-10,4,0.0,360658.24193568033,360658.24193568033,0.00892945728742933,0.12181805630756953,100.0
2017-03-14,4,0.0,364240.35251051595,364240.35251051595,0.009932146720424742,0.13296011783643802,100.0
2017-03-15,4,0.0,354423.2484760255,354423.2484760255,-0.02695226920034086,0.10242427174726045,100.0
2017-03-16,4,0.0,357629.3939915921,357629.3939915921,0.00904609257251788,0.11239690376367677,100.0
2017-03-17,4,0.0,358317.4568075699,358317.4568075699,0.0019239548749003577,0.11453710520949696,100.0
2017-03-20,4,0.0,351827.0980432637,351827.0980432637,-0.01811343165396417,0.09434901352847766,100.0
2017-03-21,4,0.0,352777.59174400254,352777.59174400254,0.0027015932144656483,0.09730549939768338,100.0
2017-03-22,4,351326.45393055474,0.0,351326.45393055474,-0.004113463687627972,0.09279177307167652,0.0
2017-03-23,4,351326.45393055474,0.0,351326.45393055474,0.0,0.09279177307167652,0.0
2017-03-24,4,0.0,351326.4539305548,351326.4539305548,1.6567969836103795e-16,0.0927917730716767,100.0
2017-03-27,4,0.0,349133.57259613724,349133.57259613724,-0.006241719944183353,0.08597087286685573,100.0
2017-03-28,4,0.0,351724.50426334364,351724.50426334364,0.0074210327237807065,0.09402989825147337,100.0
2017-03-29,4,0.0,353845.0481482566,353845.0481482566,0.0060289910404572634,0.10062579470602387,100.0
2017-03-30,4,0.0,353323.94994093204,353323.94994093204,-0.001472673448594468,0.09900493232132213,100.0
2017-03-31,4,0.0,351992.2977134389,351992.2977134389,-0.0037689271494778156,0.09486286279448626,100.0
2017-04-03,4,0.0,349082.8975093813,349082.8975093813,-0.008265522350793617,0.08581324933100455,100.0
2017-04-05,4,0.0,347570.3133124388,347570.3133124388,-0.0043330229230203405,0.0811083956315341,100.0
2017-04-06,4,0.0,347396.6256894223,347396.6256894223,-0.000499719384435305,0.08056814480956127,100.0
2017-04-07,4,0.0,351594.2473806501,351594.2473806501,0.01208308135664078,0.0936247376146896,100.0
2017-04-10,4,0.0,350259.3604287907,350259.3604287907,-0.0037966689210765098,0.08947260656206746,100.0
2017-04-11,4,0.0,349832.7950409252,349832.7950409252,-0.0012178557836206435,0.08814578604706959,100.0
2017-04-12,4,0.0,346065.9363592541,346065.9363592541,-0.010767597363850414,0.07642907034974422,100.0
2017-04-13,4,0.0,336724.7086211117,336724.7086211117,-0.026992624112085997,0.0473734250704714,100.0
2017-04-17,4,0.0,334729.2454096818,334729.2454096818,-0.005926096779773938,0.041166588788940486,100.0
2017-04-18,4,0.0,333854.4033276911,333854.4033276911,-0.0026135812570544786,0.03844541530701036,100.0
2017-04-19,4,0.0,332458.9841365831,332458.9841365831,-0.0041797237873729964,0.03410500030276322,100.0
2017-04-20,4,0.0,336269.2301278368,336269.2301278368,0.011460800198103083,0.045956671095092515,100.0
2017-04-21,4,0.0,334143.60498765914,334143.60498765914,-0.006321200245914816,0.039344969528549975,100.0
2017-04-24,4,0.0,336645.20640697004,336645.20640697004,0.00748660570476365,0.04712613550663982,100.0
2017-04-25,4,0.0,333910.5736895525,333910.5736895525,-0.00812318923713311,0.0386201317527715,100.0
2017-04-26,4,0.0,333744.46313307894,333744.46313307894,-0.0004974701898119179,0.03810344919868597,100.0
2017-04-27,4,0.0,332632.1219544856,332632.1219544856,-0.0033329127565175564,0.03464354097026679,100.0
2017-04-28,4,0.0,328370.6631944416,328370.6631944416,-0.012811326624153014,0.02138838462732646,100.0
2017-05-02,4,0.0,330790.30503277166,330790.30503277166,0.007368629751486992,0.02891461746611462,100.0
2017-05-03,4,0.0,337637.5514552534,337637.5514552534,0.02069965872126561,0.05021279890098475,100.0
2017-05-04,4,0.0,336597.47365887114,336597.47365887114,-0.0030804565188303334,0.04697766403845116,100.0
2017-05-05,4,0.0,335210.6797519388,335210.6797519388,-0.00412003658808744,0.04266407775570242,100.0
2017-05-08,4,0.0,338381.486928343,338381.486928343,0.009459147240626917,0.05252679078970608,100.0
2017-05-09,4,0.0,339840.50894985243,339840.50894985243,0.004311766683082116,0.05706504073928448,100.0
2017-05-10,4,336599.9877121659,0.0,336599.9877121659,-0.009535417798484663,0.04698548393566319,0.0
2017-05-11,4,0.0,336599.9877121659,336599.9877121659,0.0,0.04698548393566319,100.0
2017-05-12,4,0.0,338204.5775119825,338204.5775119825,0.004767052461061656,0.05197651866355452,100.0
2017-05-15,4,0.0,338842.1461849211,338842.1461849211,0.0018851568409536813,0.05395965939423576,100.0
2017-05-16,4,0.0,348018.4061261153,348018.4061261153,0.027081223645025305,0.08250217664312576,100.0
2017-05-17,4,0.0,351772.0444685048,351772.0444685048,0.010785746605106972,0.09417777081987526,100.0
2017-05-18,4,0.0,363355.20659814106,363355.20659814106,0.03292803482191817,0.1302068945588009,100.0
2017-05-19,4,0.0,359193.2766648358,359193.2766648358,-0.011454163467948336,0.11726132003592216,100.0
2017-05-22,4,0.0,362660.37986520684,362660.37986520684,0.009652472430897395,0.12804565412567692,100.0
2017-05-23,4,0.0,361277.8268185071,361277.8268185071,-0.0038122527947872203,0.12374525892808873,100.0
2017-05-24,4,0.0,366643.19035731617,366643.19035731617,0.014851073441339168,0.14043408229778648,100.0
2017-05-25,4,375644.06078095635,0.0,375644.06078095635,0.02454940023533039,0.16843105502612654,0.0
2017-05-26,4,375644.06078095635,0.0,375644.06078095635,0.0,0.16843105502612654,0.0
2017-05-29,4,375644.06078095635,0.0,375644.06078095635,0.0,0.16843105502612654,0.0
2017-05-30,4,375644.06078095635,0.0,375644.06078095635,0.0,0.16843105502612654,0.0
2017-05-31,4,375644.06078095635,0.0,375644.06078095635,0.0,0.16843105502612654,0.0
2017-06-01,4,375644.06078095635,0.0,375644.06078095635,0.0,0.16843105502612654,0.0
2017-06-02,4,375644.06078095635,0.0,375644.06078095635,0.0,0.16843105502612654,0.0
2017-06-05,4,375644.06078095635,0.0,375644.06078095635,0.0,0.16843105502612654,0.0
2017-06-06,4,375644.06078095635,0.0,375644.06078095635,0.0,0.16843105502612654,0.0
2017-06-07,4,375644.06078095635,0.0,375644.06078095635,0.0,0.16843105502612654,0.0
2017-06-08,4,375644.06078095635,0.0,375644.06078095635,0.0,0.16843105502612654,0.0
2017-06-09,4,375644.06078095635,0.0,375644.06078095635,0.0,0.16843105502612654,0.0
2017-06-12,4,375644.06078095635,0.0,375644.06078095635,0.0,0.16843105502612654,0.0
2017-06-13,4,0.0,375644.06078095635,375644.06078095635,0.0,0.16843105502612654,100.0
2017-06-14,4,0.0,378501.73242136335,378501.73242136335,0.007607392046784825,0.1773197681413487,100.0
2017-06-15,4,0.0,369461.3297599245,369461.3297599245,-0.023884706163972633,0.1491998314182562,100.0
2017-06-16,4,0.0,367699.21737676265,367699.21737676265,-0.004769409519277334,0.14371882680273806,100.0
2017-06-19,4,0.0,372602.4866168651,372602.4866168651,0.013335000479694548,0.15897031790678826,100.0
2017-06-20,4,0.0,374640.4153765778,374640.4153765778,0.0054694448719776285,0.16530924216883783,100.0
2017-06-21,4,0.0,368710.531621124,368710.531621124,-0.015828200888292458,0.14686449338680563,100.0
2017-06-22,4,0.0,366956.08807794494,366956.08807794494,-0.004758322295447452,0.14140734249806614,100.0
2017-06-23,4,0.0,361876.585154141,361876.585154141,-0.013842263662689236,0.12560768111667847,100.0
2017-06-27,4,0.0,358988.27556277846,358988.27556277846,-0.007981476862152524,0.11662366945398454,100.0
2017-06-28,4,0.0,359731.4121563463,359731.4121563463,0.002070085972592971,0.11893517644878654,100.0
2017-06-29,4,0.0,357159.7625473303,357159.7625473303,-0.0071488046973733075,0.11093612740333322,100.0
2017-06-30,4,0.0,361614.22905070987,361614.22905070987,0.01247191584967323,0.12479162929866945,100.0
2017-07-03,4,0.0,363336.3108373412,363336.3108373412,0.004762206927398934,0.1301481197875959,100.0
2017-07-04,4,0.0,362303.0617653624,362303.0617653624,-0.0028437814805725692,0.12693422549424002,100.0
2017-07-05,4,0.0,360642.19460474025,360642.19460474025,-0.004584193002756822,0.12176814150316216,100.0
2017-07-06,4,0.0,359348.7273148727,359348.7273148727,-0.003586566711322133,0.11774484522902522,100.0
2017-07-07,4,0.0,356960.7589554507,356960.7589554507,-0.006645267334784752,0.11031713192040074,100.0
2017-07-10,4,0.0,372727.3744241639,372727.3744241639,0.0441690440003823,0.1593587781745712,100.0
2017-07-11,4,0.0,378980.4596824695,378980.4596824695,0.016776565627802758,0.17880883680278611,100.0
2017-07-12,4,0.0,373042.7909316776,373042.7909316776,-0.01566747994280964,0.1603398729957717,100.0
2017-07-13,4,0.0,374105.583460276,374105.583460276,0.0028489828899898083,0.1636456614405096,100.0
2017-07-14,4,0.0,366620.11470025755,366620.11470025755,-0.020008973645305954,0.14036230606827182,100.0
2017-07-17,4,0.0,366314.27297495183,366314.27297495183,-0.0008342197087461046,0.1394109933574385,100.0
2017-07-18,4,0.0,368286.97450369067,368286.97450369067,0.005385270720460641,0.1455470300185373,100.0
2017-07-19,4,0.0,374594.9600881211,374594.9600881211,0.017127908454897693,0.16516785467947476,100.0
2017-07-20,4,0.0,373845.62546060514,373845.62546060514,-0.002000386303488198,0.1628370688617092,100.0
2017-07-21,4,0.0,380956.44557396305,380956.44557396305,0.01902073912085199,0.184955089388584,100.0
2017-07-24,4,0.0,386996.819648751,386996.819648751,0.015855812770636545,0.20374351542754227,100.0
2017-07-25,4,0.0,393235.9983118266,393235.9983118266,0.016122041180437766,0.22315031795395002,100.0
2017-07-26,4,390474.8592157666,0.0,390474.8592157666,-0.007021582733812927,0.21456186680054676,0.0
2017-07-27,4,390474.8592157666,0.0,390474.8592157666,0.0,0.21456186680054676,0.0
2017-07-28,4,390474.8592157666,0.0,390474.8592157666,0.0,0.21456186680054676,0.0
2017-07-31,4,390474.8592157666,0.0,390474.8592157666,0.0,0.21456186680054676,0.0
2017-08-01,4,390474.8592157666,0.0,390474.8592157666,0.0,0.21456186680054676,0.0
2017-08-02,4,0.0,390474.8592157666,390474.8592157666,0.0,0.21456186680054676,100.0
2017-08-03,4,0.0,392945.10470602405,392945.10470602405,0.006326260018938781,0.22224550097901472,100.0
2017-08-04,4,0.0,398209.2224318383,398209.2224318383,0.013396572861627827,0.23861940188767689,100.0
2017-08-07,4,0.0,395154.92276775884,395154.92276775884,-0.00767008771275319,0.22911908243248053,100.0
2017-08-08,4,0.0,395091.80052331963,395091.80052331963,-0.00015974049873168996,0.22892274233725213,100.0
2017-08-09,4,0.0,396504.49793412344,396504.49793412344,0.003575618144777039,0.23331690079328235,100.0
2017-08-10,4,0.0,396417.675945893,396417.675945893,-0.00021896848253378357,0.23304684326303238,100.0
2017-08-11,4,0.0,393986.89149245224,393986.89149245224,-0.006131877060326962,0.2254859516105192,100.0
2017-08-14,4,0.0,389780.3218460916,389780.3218460916,-0.010676927931347764,0.21240152642429458,100.0
2017-08-16,4,0.0,393402.87585479894,393402.87585479894,0.00929383502879282,0.22366938619953855,100.0
2017-08-17,4,391952.94394993735,0.0,391952.94394993735,-0.0036856159267039585,0.21915941082074147,0.0
2017-08-18,4,391952.94394993735,0.0,391952.94394993735,0.0,0.21915941082074147,0.0
2017-08-21,4,391952.94394993735,0.0,391952.94394993735,0.0,0.21915941082074147,0.0
2017-08-22,4,391952.94394993735,0.0,391952.94394993735,0.0,0.21915941082074147,0.0
2017-08-23,4,391952.94394993735,0.0,391952.94394993735,0.0,0.21915941082074147,0.0
2017-08-24,4,391952.94394993735,0.0,391952.94394993735,0.0,0.21915941082074147,0.0
2017-08-28,4,391952.94394993735,0.0,391952.94394993735,0.0,0.21915941082074147,0.0
2017-08-29,4,391952.94394993735,0.0,391952.94394993735,0.0,0.21915941082074147,0.0
2017-08-30,4,0.0,391952.94394993735,391952.94394993735,0.0,0.21915941082074147,100.0
2017-08-31,4,0.0,393814.4737183226,393814.4737183226,0.0047493705484783705,0.22494965062039377,100.0
2017-09-01,4,0.0,387519.9819305798,387519.9819305798,-0.015983393724236062,0.2053707980621626,100.0
2017-09-04,4,0.0,387480.5429037694,387480.5429037694,-0.00010177288565591578,0.20524812399775844,100.0
2017-09-05,4,0.0,391921.4004314239,391921.4004314239,0.011460852961479891,0.21906129552899622,100.0
2017-09-06,4,0.0,387007.27458204475,387007.27458204475,-0.012538549423353097,0.20377603522490906,100.0
2017-09-07,4,0.0,388095.81483081623,388095.81483081623,0.002812712629102585,0.2071619112817972,100.0
2017-09-08,4,0.0,389752.2539568526,389752.2539568526,0.0042681190127197306,0.21231422198677014,100.0
2017-09-11,4,0.0,387204.4697160967,387204.4697160967,-0.0065369326665598824,0.20438940554692966,100.0
2017-09-12,4,0.0,392568.17736230954,392568.17736230954,0.013852390831504531,0.22107307830588915,100.0
2017-09-13,4,392293.807948298,0.0,392293.807948298,-0.0006989089534843243,0.2202196593986025,0.0
2017-09-14,4,392293.807948298,0.0,392293.807948298,0.0,0.2202196593986025,0.0
2017-09-15,4,392293.807948298,0.0,392293.807948298,0.0,0.2202196593986025,0.0
2017-09-18,4,392293.807948298,0.0,392293.807948298,0.0,0.2202196593986025,0.0
2017-09-19,4,392293.807948298,0.0,392293.807948298,0.0,0.2202196593986025,0.0
2017-09-20,4,392293.807948298,0.0,392293.807948298,0.0,0.2202196593986025,0.0
2017-09-21,4,392293.807948298,0.0,392293.807948298,0.0,0.2202196593986025,0.0
2017-09-22,4,392293.807948298,0.0,392293.807948298,0.0,0.2202196593986025,0.0
2017-09-25,4,392293.807948298,0.0,392293.807948298,0.0,0.2202196593986025,0.0
2017-09-26,4,392293.807948298,0.0,392293.807948298,0.0,0.2202196593986025,0.0
2017-09-27,4,392293.807948298,0.0,392293.807948298,0.0,0.2202196593986025,0.0
2017-09-28,4,392293.807948298,0.0,392293.807948298,0.0,0.2202196593986025,0.0
2017-09-29,4,392293.807948298,0.0,392293.807948298,0.0,0.2202196593986025,0.0
2017-10-03,4,392293.807948298,0.0,392293.807948298,0.0,0.2202196593986025,0.0
2017-10-04,4,392293.807948298,0.0,392293.807948298,0.0,0.2202196593986025,0.0
2017-10-05,4,392293.807948298,0.0,392293.807948298,0.0,0.2202196593986025,0.0
2017-10-06,4,392293.807948298,0.0,392293.807948298,0.0,0.2202196593986025,0.0
2017-10-09,4,0.0,392293.807948298,392293.807948298,0.0,0.2202196593986025,100.0
2017-10-10,4,0.0,393117.0322344308,393117.0322344308,0.002098489115691776,0.2227802770726036,100.0
2017-10-11,4,0.0,399686.9817780601,399686.9817780601,0.016712452030598852,0.24321593379714185,100.0
2017-10-12,4,0.0,407335.8960433502,407335.8960433502,0.01913726144209885,0.2670076821512008,100.0
2017-10-13,4,0.0,408998.38449338207,408998.38449338207,0.00408136986251493,0.27217880912070763,100.0
2017-10-16,4,0.0,413122.54537616257,413122.54537616257,0.010083562769787018,0.2850069039968692,100.0
2017-10-17,4,0.0,414745.0707244119,414745.0707244119,0.0039274674461835316,0.29005372678043795,100.0
2017-10-18,4,0.0,413474.2518930218,413474.2518930218,-0.0030640962873180176,0.28610087794576927,100.0
2017-10-19,4,0.0,413042.6191725976,413042.6191725976,-0.0010439168060600008,0.28475829562499316,100.0
2017-10-23,4,0.0,413682.02880111756,413682.02880111756,0.0015480475835661252,0.28674716260000194,100.0
2017-10-24,4,411751.2675024492,0.0,411751.2675024492,-0.004667259306051639,0.28074157993082155,0.0
2017-10-25,4,411751.2675024492,0.0,411751.2675024492,0.0,0.28074157993082155,0.0
2017-10-26,4,411751.2675024492,0.0,411751.2675024492,0.0,0.28074157993082155,0.0
2017-10-27,4,411751.2675024492,0.0,411751.2675024492,0.0,0.28074157993082155,0.0
2017-10-30,4,411751.2675024492,0.0,411751.2675024492,0.0,0.28074157993082155,0.0
2017-10-31,4,411751.2675024492,0.0,411751.2675024492,0.0,0.28074157993082155,0.0
2017-11-01,4,411751.2675024492,0.0,411751.2675024492,0.0,0.28074157993082155,0.0
2017-11-02,4,411751.2675024492,0.0,411751.2675024492,0.0,0.28074157993082155,0.0
2017-11-03,4,411751.2675024492,0.0,411751.2675024492,0.0,0.28074157993082155,0.0
2017-11-06,4,411751.2675024492,0.0,411751.2675024492,0.0,0.28074157993082155,0.0
2017-11-07,4,411751.2675024492,0.0,411751.2675024492,0.0,0.28074157993082155,0.0
2017-11-08,4,411751.2675024492,0.0,411751.2675024492,0.0,0.28074157993082155,0.0
2017-11-09,4,411751.2675024492,0.0,411751.2675024492,0.0,0.28074157993082155,0.0
2017-11-10,4,411751.2675024492,0.0,411751.2675024492,0.0,0.28074157993082155,0.0
2017-11-13,4,411751.2675024492,0.0,411751.2675024492,0.0,0.28074157993082155,0.0
2017-11-14,4,411751.2675024492,0.0,411751.2675024492,0.0,0.28074157993082155,0.0
2017-11-15,4,411751.2675024492,0.0,411751.2675024492,0.0,0.28074157993082155,0.0
2017-11-16,4,411751.2675024492,0.0,411751.2675024492,0.0,0.28074157993082155,0.0
2017-11-17,4,411751.2675024492,0.0,411751.2675024492,0.0,0.28074157993082155,0.0
2017-11-20,4,411751.2675024492,0.0,411751.2675024492,0.0,0.28074157993082155,0.0
2017-11-21,4,411751.2675024492,0.0,411751.2675024492,0.0,0.28074157993082155,0.0
2017-11-22,4,411751.2675024492,0.0,411751.2675024492,0.0,0.28074157993082155,0.0
2017-11-23,4,0.0,411751.2675024493,411751.2675024493,1.4136607585092903e-16,0.2807415799308217,100.0
2017-11-24,4,0.0,412795.52996363677,412795.52996363677,0.0025361487470862026,0.28398973108410447,100.0
2017-11-27,4,0.0,412457.6902681727,412457.6902681727,-0.0008184189772932457,0.2829388895215356,100.0
2017-11-28,4,0.0,412373.2209713266,412373.2209713266,-0.0002047950585942788,0.28267614997648316,100.0
2017-11-29,4,0.0,408203.85697027534,408203.85697027534,-0.010110656533977842,0.2697074519797459,100.0
2017-11-30,4,0.0,404955.93189891236,404955.93189891236,-0.00795662514183323,0.25960486574455083,100.0
2017-12-01,4,0.0,403873.27771115117,403873.27771115117,-0.002673511121776697,0.25623729812693874,100.0
2017-12-04,4,0.0,404241.86078141053,404241.86078141053,0.0009126205931430205,0.25738376615508374,100.0
2017-12-05,4,0.0,404733.2673831692,404733.2673831692,0.0012156252220113261,0.25891227357496943,100.0
2017-12-06,4,0.0,404387.74184400635,404387.74184400635,-0.0008537117331542301,0.25783752539600663,100.0
2017-12-07,4,0.0,401521.0625140939,401521.0625140939,-0.007088937258187955,0.24892079409747994,100.0
2017-12-08,4,0.0,399104.8024187278,399104.8024187278,-0.006017766739898703,0.24140508008199224,100.0
2017-12-11,4,0.0,408248.2524280434,408248.2524280434,0.02290989723476846,0.2698455428933902,100.0
2017-12-12,4,0.0,400738.639501442,400738.639501442,-0.018394721549787885,0.24648708772062705,100.0
2017-12-13,4,0.0,403231.6062665023,403231.6062665023,0.006220929352262507,0.2542413958318445,100.0
2017-12-14,4,0.0,392400.64697834366,392400.64697834366,-0.026860392687075903,0.22055197941541496,100.0
2017-12-15,4,0.0,390529.0117286918,390529.0117286918,-0.004769704800601785,0.21473030677981325,100.0
2017-12-18,4,0.0,395883.122291573,395883.122291573,0.01370989197238122,0.23138412806134198,100.0
2017-12-19,4,0.0,395085.3804176394,395085.3804176394,-0.0020150944281631623,0.22890277276595702,100.0
2017-12-20,4,0.0,397179.4575185186,397179.4575185186,0.005300315336056224,0.23541634497897043,100.0
2017-12-21,4,0.0,397816.7825618304,397816.7825618304,0.0016046274077054772,0.23739872790605102,100.0
2017-12-22,4,0.0,405640.70927002345,405640.70927002345,0.01966716099257829,0.2617348478997909,100.0
2017-12-26,4,0.0,406054.5035869608,406054.5035869608,0.0010201005655521645,0.26302194433171033,100.0
2017-12-27,4,0.0,401525.6652888199,401525.6652888199,-0.01115327685848708,0.24893511090823414,100.0
2017-12-28,4,0.0,402606.1552508597,402606.1552508597,0.0026909611400870313,0.25229594675817846,100.0
2017-12-29,4,0.0,413985.70475999324,413985.70475999324,0.02826471816369296,0.2876917387508334,100.0
2018-01-01,4,0.0,405464.47532185685,405464.47532185685,-0.020583390537788116,0.2611866767998416,100.0
2018-01-02,4,0.0,403257.5099365676,403257.5099365676,-0.005443054865749553,0.25432196852206773,100.0
2018-01-03,4,0.0,404399.28890223743,404399.28890223743,0.0028313892178955385,0.2578734422195106,100.0
2018-01-04,4,0.0,407226.9644714196,407226.9644714196,0.006992286205195898,0.26666885333742435,100.0
2018-01-05,4,411734.43906175863,0.0,411734.43906175863,0.011068703655686843,0.280689235504905,0.0
2018-01-08,4,411734.43906175863,0.0,411734.43906175863,0.0,0.280689235504905,0.0
2018-01-09,4,411734.43906175863,0.0,411734.43906175863,0.0,0.280689235504905,0.0
2018-01-10,4,411734.43906175863,0.0,411734.43906175863,0.0,0.280689235504905,0.0
2018-01-11,4,411734.43906175863,0.0,411734.43906175863,0.0,0.280689235504905,0.0
2018-01-12,4,411734.43906175863,0.0,411734.43906175863,0.0,0.280689235504905,0.0
2018-01-15,4,411734.43906175863,0.0,411734.43906175863,0.0,0.280689235504905,0.0
2018-01-16,4,411734.43906175863,0.0,411734.43906175863,0.0,0.280689235504905,0.0
2018-01-17,4,411734.43906175863,0.0,411734.43906175863,0.0,0.280689235504905,0.0
2018-01-18,4,411734.43906175863,0.0,411734.43906175863,0.0,0.280689235504905,0.0
2018-01-19,4,411734.43906175863,0.0,411734.43906175863,0.0,0.280689235504905,0.0
2018-01-22,4,411734.43906175863,0.0,411734.43906175863,0.0,0.280689235504905,0.0
2018-01-23,4,411734.43906175863,0.0,411734.43906175863,0.0,0.280689235504905,0.0
2018-01-24,4,411734.43906175863,0.0,411734.43906175863,0.0,0.280689235504905,0.0
2018-01-25,4,411734.43906175863,0.0,411734.43906175863,0.0,0.280689235504905,0.0
2018-01-29,4,411734.43906175863,0.0,411734.43906175863,0.0,0.280689235504905,0.0
2018-01-30,4,411734.43906175863,0.0,411734.43906175863,0.0,0.280689235504905,0.0
2018-01-31,4,411734.43906175863,0.0,411734.43906175863,0.0,0.280689235504905,0.0
2018-02-01,4,411734.43906175863,0.0,411734.43906175863,0.0,0.280689235504905,0.0
2018-02-02,4,411734.43906175863,0.0,411734.43906175863,0.0,0.280689235504905,0.0
2018-02-05,4,411734.43906175863,0.0,411734.43906175863,0.0,0.280689235504905,0.0
2018-02-06,4,411734.43906175863,0.0,411734.43906175863,0.0,0.280689235504905,0.0
2018-02-07,4,411734.43906175863,0.0,411734.43906175863,0.0,0.280689235504905,0.0
2018-02-08,4,411734.43906175863,0.0,411734.43906175863,0.0,0.280689235504905,0.0
2018-02-09,4,411734.43906175863,0.0,411734.43906175863,0.0,0.280689235504905,0.0
2018-02-12,4,411734.43906175863,0.0,411734.43906175863,0.0,0.280689235504905,0.0
2018-02-14,4,0.0,411734.43906175863,411734.43906175863,0.0,0.280689235504905,100.0
2018-02-15,4,0.0,413721.14449346106,413721.14449346106,0.004825210726189538,0.2868688309409787,100.0
2018-02-16,4,0.0,414739.2322080406,414739.2322080406,0.0024608065798184735,0.2900355662275216,100.0
2018-02-19,4,0.0,413402.98992503126,413402.98992503126,-0.0032218854143488862,0.28587921945270184,100.0
2018-02-20,4,0.0,416393.62905947986,416393.62905947986,0.007234198124669931,0.29518152449061863,100.0
2018-02-21,4,0.0,430187.4040306905,430187.4040306905,0.03312676757895413,0.3380867018249748,100.0
2018-02-22,4,0.0,431304.4662621633,431304.4662621633,0.0025966874459976428,0.34156129476526015,100.0
2018-02-23,4,0.0,434924.37204953504,434924.37204953504,0.008392924420057877,0.3528209173170999,100.0
2018-02-26,4,0.0,428688.5286995178,428688.5286995178,-0.014337764794903347,0.33342448919498197,100.0
2018-02-27,4,0.0,430194.4810366072,430194.4810366072,0.003512928936209009,0.33810871466732473,100.0
2018-02-28,4,428733.0770708841,0.0,428733.0770708841,-0.0033970774385613353,0.33356305574238604,0.0
2018-03-01,4,428733.0770708841,0.0,428733.0770708841,0.0,0.33356305574238604,0.0
2018-03-05,4,428733.0770708841,0.0,428733.0770708841,0.0,0.33356305574238604,0.0
2018-03-06,4,428733.0770708841,0.0,428733.0770708841,0.0,0.33356305574238604,0.0
2018-03-07,4,428733.0770708841,0.0,428733.0770708841,0.0,0.33356305574238604,0.0
2018-03-08,4,428733.0770708841,0.0,428733.0770708841,0.0,0.33356305574238604,0.0
2018-03-09,4,428733.0770708841,0.0,428733.0770708841,0.0,0.33356305574238604,0.0
2018-03-12,4,428733.0770708841,0.0,428733.0770708841,0.0,0.33356305574238604,0.0
2018-03-13,4,0.0,428733.0770708841,428733.0770708841,0.0,0.33356305574238604,100.0
2018-03-14,4,0.0,428747.90681464405,428747.90681464405,3.458968890680573e-05,0.3336091832736218,100.0
2018-03-15,4,0.0,426193.4562580908,426193.4562580908,-0.005957931259726471,0.3256636314323376,100.0
2018-03-16,4,0.0,419658.79674858414,419658.79674858414,-0.015332613426024665,0.3053377434386455,100.0
2018-03-19,4,0.0,420445.9334412104,420445.9334412104,0.00187565874640263,0.3077861115941357,100.0
2018-03-20,4,0.0,425473.18031728186,425473.18031728186,0.011956940182356131,0.3234232319017829,100.0
2018-03-21,4,0.0,424270.1944041604,424270.1944041604,-0.0028274071522543577,0.31968137559044424,100.0
2018-03-22,4,0.0,420497.9281907257,420497.9281907257,-0.008891188358711864,0.3079478399065856,100.0
2018-03-23,4,0.0,418537.50133103994,418537.50133103994,-0.004662155811613299,0.30184998328347806,100.0
2018-03-26,4,0.0,418366.7235972765,418366.7235972765,-0.00040803448489164495,0.3013187835961428,100.0
2018-03-27,4,0.0,422503.2003768342,422503.2003768342,0.009887203131240226,0.3141851867480563,100.0
2018-03-28,4,0.0,422718.3245194796,422718.3245194796,0.0005091657115343067,0.3148543247837547,100.0
2018-04-02,4,0.0,431694.49618822563,431694.49618822563,0.021234403970893875,0.34277447267908984,100.0
2018-04-03,4,0.0,431931.8970353208,431931.8970353208,0.0005499278985286639,0.3435129018230482,100.0
2018-04-04,4,0.0,431879.95428055513,431879.95428055513,-0.00012025681623006853,0.3433513352389109,100.0
2018-04-05,4,0.0,438860.6041202929,438860.6041202929,0.01616340321089091,0.36506446452426616,100.0
2018-04-06,4,0.0,437725.61508415,437725.61508415,-0.002586217640605947,0.3615341107255492,100.0
2018-04-09,4,0.0,433808.7184407815,433808.7184407815,-0.00894829205417981,0.349350705861049,100.0
2018-04-10,4,0.0,435841.3681105394,435841.3681105394,0.00468558971581698,0.3556732096514619,100.0
2018-04-11,4,0.0,447198.79270696884,447198.79270696884,0.026058620010455155,0.39100018268012343,100.0
2018-04-12,4,465293.69362313877,0.0,465293.69362313877,0.04046276781437282,0.44728390010165947,0.0
2018-04-13,4,465293.69362313877,0.0,465293.69362313877,0.0,0.44728390010165947,0.0
2018-04-16,4,465293.69362313877,0.0,465293.69362313877,0.0,0.44728390010165947,0.0
2018-04-17,4,465293.69362313877,0.0,465293.69362313877,0.0,0.44728390010165947,0.0
2018-04-18,4,465293.69362313877,0.0,465293.69362313877,0.0,0.44728390010165947,0.0
2018-04-19,4,465293.69362313877,0.0,465293.69362313877,0.0,0.44728390010165947,0.0
2018-04-20,4,465293.69362313877,0.0,465293.69362313877,0.0,0.44728390010165947,0.0
2018-04-23,4,465293.69362313877,0.0,465293.69362313877,0.0,0.44728390010165947,0.0
2018-04-24,4,465293.69362313877,0.0,465293.69362313877,0.0,0.44728390010165947,0.0
2018-04-25,4,465293.69362313877,0.0,465293.69362313877,0.0,0.44728390010165947,0.0
2018-04-26,4,465293.69362313877,0.0,465293.69362313877,0.0,0.44728390010165947,0.0
2018-04-27,4,465293.69362313877,0.0,465293.69362313877,0.0,0.44728390010165947,0.0
2018-04-30,4,465293.69362313877,0.0,465293.69362313877,0.0,0.44728390010165947,0.0
2018-05-02,4,465293.69362313877,0.0,465293.69362313877,0.0,0.44728390010165947,0.0
2018-05-03,4,465293.69362313877,0.0,465293.69362313877,0.0,0.44728390010165947,0.0
2018-05-04,4,465293.69362313877,0.0,465293.69362313877,0.0,0.44728390010165947,0.0
2018-05-07,4,465293.69362313877,0.0,465293.69362313877,0.0,0.44728390010165947,0.0
2018-05-08,4,465293.69362313877,0.0,465293.69362313877,0.0,0.44728390010165947,0.0
2018-05-09,4,465293.69362313877,0.0,465293.69362313877,0.0,0.44728390010165947,0.0
2018-05-10,4,465293.69362313877,0.0,465293.69362313877,0.0,0.44728390010165947,0.0
2018-05-11,4,465293.69362313877,0.0,465293.69362313877,0.0,0.44728390010165947,0.0
2018-05-14,4,465293.69362313877,0.0,465293.69362313877,0.0,0.44728390010165947,0.0
2018-05-15,4,465293.69362313877,0.0,465293.69362313877,0.0,0.44728390010165947,0.0
2018-05-16,4,465293.69362313877,0.0,465293.69362313877,0.0,0.44728390010165947,0.0
2018-05-17,4,465293.69362313877,0.0,465293.69362313877,0.0,0.44728390010165947,0.0
2018-05-18,4,0.0,465293.6936231388,465293.6936231388,1.250987531342135e-16,0.44728390010165964,100.0
2018-05-21,4,0.0,472561.30601214047,472561.30601214047,0.015619408748935236,0.4698896189131006,100.0
2018-05-22,4,0.0,466203.78731072875,466203.78731072875,-0.013453320490967993,0.45011472278351583,100.0
2018-05-23,4,0.0,464370.30063726637,464370.30063726637,-0.00393280089816247,0.4444117102993142,100.0
2018-05-24,4,0.0,478799.22834094835,478799.22834094835,0.031072029550298166,0.48929251364453125,100.0
2018-05-25,4,0.0,476420.9894349099,476420.9894349099,-0.004967090098033613,0.4818950635469319,100.0
2018-05-28,4,0.0,465293.6936231388,465293.6936231388,-0.02335601507601359,0.44728390010165964,100.0
2018-05-29,4,0.0,468143.6034958254,468143.6034958254,0.006124969909853994,0.4561484704407984,100.0
2018-05-30,4,0.0,466894.7020751607,466894.7020751607,-0.0026677741858237725,0.4522637951406297,100.0
2018-05-31,4,0.0,462643.07860081235,462643.07860081235,-0.00910617202433775,0.43903923119736155,100.0
2018-06-01,4,459897.4472284663,0.0,459897.4472284663,-0.0059346643218996945,0.43049901641416055,0.0
2018-06-04,4,459897.4472284663,0.0,459897.4472284663,0.0,0.43049901641416055,0.0
2018-06-05,4,459897.4472284663,0.0,459897.4472284663,0.0,0.43049901641416055,0.0
2018-06-06,4,459897.4472284663,0.0,459897.4472284663,0.0,0.43049901641416055,0.0
2018-06-07,4,459897.4472284663,0.0,459897.4472284663,0.0,0.43049901641416055,0.0
2018-06-08,4,459897.4472284663,0.0,459897.4472284663,0.0,0.43049901641416055,0.0
2018-06-11,4,459897.4472284663,0.0,459897.4472284663,0.0,0.43049901641416055,0.0
2018-06-12,4,459897.4472284663,0.0,459897.4472284663,0.0,0.43049901641416055,0.0
2018-06-13,4,459897.4472284663,0.0,459897.4472284663,0.0,0.43049901641416055,0.0
2018-06-14,4,459897.4472284663,0.0,459897.4472284663,0.0,0.43049901641416055,0.0
2018-06-15,4,459897.4472284663,0.0,459897.4472284663,0.0,0.43049901641416055,0.0
2018-06-18,4,459897.4472284663,0.0,459897.4472284663,0.0,0.43049901641416055,0.0
2018-06-19,4,459897.4472284663,0.0,459897.4472284663,0.0,0.43049901641416055,0.0
2018-06-20,4,459897.4472284663,0.0,459897.4472284663,0.0,0.43049901641416055,0.0
2018-06-21,4,459897.4472284663,0.0,459897.4472284663,0.0,0.43049901641416055,0.0
2018-06-22,4,459897.4472284663,0.0,459897.4472284663,0.0,0.43049901641416055,0.0
2018-06-25,4,459897.4472284663,0.0,459897.4472284663,0.0,0.43049901641416055,0.0
2018-06-26,4,459897.4472284663,0.0,459897.4472284663,0.0,0.43049901641416055,0.0
2018-06-27,4,459897.4472284663,0.0,459897.4472284663,0.0,0.43049901641416055,0.0
2018-06-28,4,459897.4472284663,0.0,459897.4472284663,0.0,0.43049901641416055,0.0
2018-06-29,4,459897.4472284663,0.0,459897.4472284663,0.0,0.43049901641416055,0.0
2018-07-02,4,459897.4472284663,0.0,459897.4472284663,0.0,0.43049901641416055,0.0
2018-07-03,4,459897.4472284663,0.0,459897.4472284663,0.0,0.43049901641416055,0.0
2018-07-04,4,0.0,459897.4472284663,459897.4472284663,0.0,0.43049901641416055,100.0
2018-07-05,4,0.0,463384.60529245477,463384.60529245477,0.007582468841702776,0.4413457306342074,100.0
2018-07-06,4,0.0,471430.90732803947,471430.90732803947,0.017364197998132574,0.4663735432847029,100.0
2018-07-09,4,0.0,464049.98622932594,464049.98622932594,-0.015656421723698327,0.4434153806865637,100.0
2018-07-10,4,0.0,462103.08967034717,462103.08967034717,-0.0041954457854819225,0.4373596097109625,100.0
2018-07-11,4,0.0,487930.206619643,487930.206619643,0.05589037928251092,0.5176941834630701,100.0
2018-07-12,4,0.0,485823.1168474967,485823.1168474967,-0.004318424527852309,0.5111401356754244,100.0
2018-07-13,4,0.0,488225.9247953119,488225.9247953119,0.004945849352346527,0.5186140071367595,100.0
2018-07-16,4,0.0,490222.09768915793,490222.09768915793,0.00408862535245942,0.5248230508669388,100.0
2018-07-17,4,0.0,493413.5375774776,493413.5375774776,0.006510191815839526,0.5347499414132962,100.0
2018-07-18,4,492452.34677124483,0.0,492452.34677124483,-0.0019480430369866217,0.5317601824764104,0.0
2018-07-19,4,492452.34677124483,0.0,492452.34677124483,0.0,0.5317601824764104,0.0
2018-07-20,4,492452.34677124483,0.0,492452.34677124483,0.0,0.5317601824764104,0.0
2018-07-23,4,492452.34677124483,0.0,492452.34677124483,0.0,0.5317601824764104,0.0
2018-07-24,4,492452.34677124483,0.0,492452.34677124483,0.0,0.5317601824764104,0.0
2018-07-25,4,492452.34677124483,0.0,492452.34677124483,0.0,0.5317601824764104,0.0
2018-07-26,4,492452.34677124483,0.0,492452.34677124483,0.0,0.5317601824764104,0.0
2018-07-27,4,492452.34677124483,0.0,492452.34677124483,0.0,0.5317601824764104,0.0
2018-07-30,4,492452.34677124483,0.0,492452.34677124483,0.0,0.5317601824764104,0.0
2018-07-31,4,0.0,492452.34677124483,492452.34677124483,0.0,0.5317601824764104,100.0
2018-08-01,4,0.0,501665.8529475149,501665.8529475149,0.018709437038280496,0.5604185531681979,100.0
2018-08-02,4,0.0,494533.6504582037,494533.6504582037,-0.014217037989343491,0.5382340233185292,100.0
2018-08-03,4,0.0,502414.5955585911,502414.5955585911,0.015936114950085713,0.5627474975342661,100.0
2018-08-06,4,0.0,501424.7408478958,501424.7408478958,-0.001970194973326363,0.5596685802700457,100.0
2018-08-07,4,0.0,499343.437160937,499343.437160937,-0.004150779802846121,0.5531947394279272,100.0
2018-08-08,4,0.0,501031.3148081935,501031.3148081935,0.003380193913938395,0.5584448388333026,100.0
2018-08-09,4,0.0,501120.14395103697,501120.14395103697,0.00017729259672620546,0.558721139565634,100.0
2018-08-10,4,0.0,505879.17999594763,505879.17999594763,0.009496796531443483,0.5735239970773485,100.0
2018-08-13,4,0.0,507668.5899421571,507668.5899421571,0.0035372278934740786,0.5790899100508613,100.0
2018-08-14,4,508023.03644028737,0.0,508023.03644028737,0.0006981848102335001,0.5801924066400518,0.0
2018-08-16,4,508023.03644028737,0.0,508023.03644028737,0.0,0.5801924066400518,0.0
2018-08-17,4,508023.03644028737,0.0,508023.03644028737,0.0,0.5801924066400518,0.0
2018-08-20,4,0.0,508023.03644028737,508023.03644028737,0.0,0.5801924066400518,100.0
2018-08-21,4,0.0,509969.2613137117,509969.2613137117,0.0038309776010582363,0.5862460883552522,100.0
2018-08-23,4,0.0,514379.80754393106,514379.80754393106,0.008648651134104688,0.5999649773862749,100.0
2018-08-24,4,0.0,516376.5708904236,516376.5708904236,0.00388188516968954,0.6061758577040134,100.0
2018-08-27,4,0.0,518373.30338314746,518373.30338314746,0.003866814656754756,0.6123866420519088,100.0
2018-08-28,4,0.0,522998.7152583283,522998.7152583283,0.00892293612536223,0.6267738650683253,100.0
2018-08-29,4,0.0,523706.4390038951,523706.4390038951,0.0013532036024547823,0.6289752213229151,100.0
2018-08-30,4,0.0,526335.0566788148,526335.0566788148,0.005019257887910307,0.6371514680517506,100.0
2018-08-31,4,0.0,525324.0403873015,525324.0403873015,-0.0019208606356051494,0.6340067282422468,100.0
2018-09-03,4,0.0,518878.81152890413,518878.81152890413,-0.01226905369425987,0.6139590119566608,100.0
2018-09-04,4,529974.9933824259,0.0,529974.9933824259,0.021384919960069748,0.6484733962461872,0.0
2018-09-05,4,529974.9933824259,0.0,529974.9933824259,0.0,0.6484733962461872,0.0
2018-09-06,4,529974.9933824259,0.0,529974.9933824259,0.0,0.6484733962461872,0.0
2018-09-07,4,529974.9933824259,0.0,529974.9933824259,0.0,0.6484733962461872,0.0
2018-09-10,4,529974.9933824259,0.0,529974.9933824259,0.0,0.6484733962461872,0.0
2018-09-11,4,529974.9933824259,0.0,529974.9933824259,0.0,0.6484733962461872,0.0
2018-09-12,4,529974.9933824259,0.0,529974.9933824259,0.0,0.6484733962461872,0.0
2018-09-14,4,529974.9933824259,0.0,529974.9933824259,0.0,0.6484733962461872,0.0
2018-09-17,4,529974.9933824259,0.0,529974.9933824259,0.0,0.6484733962461872,0.0
2018-09-18,4,529974.9933824259,0.0,529974.9933824259,0.0,0.6484733962461872,0.0
2018-09-19,4,529974.9933824259,0.0,529974.9933824259,0.0,0.6484733962461872,0.0
2018-09-21,4,529974.9933824259,0.0,529974.9933824259,0.0,0.6484733962461872,0.0
2018-09-24,4,529974.9933824259,0.0,529974.9933824259,0.0,0.6484733962461872,0.0
2018-09-25,4,529974.9933824259,0.0,529974.9933824259,0.0,0.6484733962461872,0.0
2018-09-26,4,529974.9933824259,0.0,529974.9933824259,0.0,0.6484733962461872,0.0
2018-09-27,4,529974.9933824259,0.0,529974.9933824259,0.0,0.6484733962461872,0.0
2018-09-28,4,529974.9933824259,0.0,529974.9933824259,0.0,0.6484733962461872,0.0
2018-10-01,4,529974.9933824259,0.0,529974.9933824259,0.0,0.6484733962461872,0.0
2018-10-03,4,529974.9933824259,0.0,529974.9933824259,0.0,0.6484733962461872,0.0
2018-10-04,4,529974.9933824259,0.0,529974.9933824259,0.0,0.6484733962461872,0.0
2018-10-05,4,529974.9933824259,0.0,529974.9933824259,0.0,0.6484733962461872,0.0
2018-10-08,4,529974.9933824259,0.0,529974.9933824259,0.0,0.6484733962461872,0.0
2018-10-09,4,529974.9933824259,0.0,529974.9933824259,0.0,0.6484733962461872,0.0
2018-10-10,4,0.0,529974.9933824259,529974.9933824259,0.0,0.6484733962461872,100.0
2018-10-11,4,0.0,513468.376788852,513468.376788852,-0.031146029151724212,0.5971299957908617,100.0
2018-10-12,4,0.0,497480.4598887805,497480.4598887805,-0.031137101373325718,0.5473999972055423,100.0
2018-10-15,4,0.0,505571.66859566333,505571.66859566333,0.016264374903673114,0.572567490886036,100.0
2018-10-16,4,0.0,508891.15669217065,508891.15669217065,0.006565811145485928,0.5828926720447244,100.0
2018-10-17,4,0.0,500359.06116005697,500359.06116005697,-0.016766051875558075,0.5563538113917817,100.0
2018-10-19,4,0.0,496157.83107007254,496157.83107007254,-0.008396430515806167,0.5432859947564206,100.0
2018-10-22,4,0.0,493512.63674662594,493512.63674662594,-0.005331356592199026,0.5350581867946275,100.0
2018-10-23,4,0.0,478121.16909435904,478121.16909435904,-0.03118758569938915,0.48718342804042114,100.0
2018-10-24,4,0.0,479378.9327515176,479378.9327515176,0.0026306378768817186,0.49109566909609503,100.0
2018-10-25,4,0.0,480065.3898978488,480065.3898978488,0.0014319718690829954,0.49323087614835215,100.0
2018-10-26,4,0.0,466101.25809221447,466101.25809221447,-0.02908797863683889,0.4497958083230807,100.0
2018-10-29,4,0.0,484728.7342141798,484728.7342141798,0.039964440770250034,0.5077360870337652,100.0
2018-10-30,4,0.0,490894.7243492374,490894.7243492374,0.01272049643405939,0.5269152385523809,100.0
2018-10-31,4,0.0,502125.60558600223,502125.60558600223,0.022878390578862373,0.5618486017607991,100.0
2018-11-01,4,0.0,501503.8200187593,501503.8200187593,-0.0012383068306530448,0.5599145539687927,100.0
2018-11-02,4,0.0,495726.4419100626,495726.4419100626,-0.011520107879697813,0.5419441700239616,100.0
2018-11-05,4,0.0,489871.36037129036,489871.36037129036,-0.011811114041470738,0.5237320915862276,100.0
2018-11-06,4,0.0,500713.6295816943,500713.6295816943,0.022132890565772678,0.5574566872208615,100.0
2018-11-07,4,0.0,503161.9043229647,503161.9043229647,0.0048895707978145915,0.5650719819575577,100.0
2018-11-09,4,0.0,494130.749127538,494130.749127538,-0.017948805578949175,0.5369808092363408,100.0
2018-11-12,4,0.0,495593.06364027195,495593.06364027195,0.0029593675668148317,0.5415293003940117,100.0
2018-11-13,4,0.0,500795.25107361446,500795.25107361446,0.010496893146830914,0.5577105687429567,100.0
2018-11-14,4,0.0,486741.58243092505,486741.58243092505,-0.028062703495212647,0.513996998920964,100.0
2018-11-15,4,0.0,484722.80803890445,484722.80803890445,-0.0041475281029787255,0.5077176538201138,100.0
2018-11-16,4,0.0,488281.5226703045,488281.5226703045,0.007341751971189366,0.5187869428770446,100.0
2018-11-19,4,0.0,492383.7437630325,492383.7437630325,0.008401344106354505,0.5315467946083928,100.0
2018-11-20,4,0.0,486120.4186492493,486120.4186492493,-0.012720414093925709,0.5120648851767495,100.0
2018-11-21,4,0.0,468973.8845161399,468973.8845161399,-0.035272194862238704,0.4587310379024466,100.0
2018-11-22,4,0.0,469116.24573887687,469116.24573887687,0.0003035589559188887,0.45917384877327877,100.0
2018-11-26,4,477321.6909927883,0.0,477321.6909927883,0.017491283511163684,0.48469667225424806,0.0
2018-11-27,4,477321.6909927883,0.0,477321.6909927883,0.0,0.48469667225424806,0.0
2018-11-28,4,477321.6909927883,0.0,477321.6909927883,0.0,0.48469667225424806,0.0
2018-11-29,4,477321.6909927883,0.0,477321.6909927883,0.0,0.48469667225424806,0.0
2018-11-30,4,477321.6909927883,0.0,477321.6909927883,0.0,0.48469667225424806,0.0
2018-12-03,4,477321.6909927883,0.0,477321.6909927883,0.0,0.48469667225424806,0.0
2018-12-04,4,477321.6909927883,0.0,477321.6909927883,0.0,0.48469667225424806,0.0
2018-12-05,4,477321.6909927883,0.0,477321.6909927883,0.0,0.48469667225424806,0.0
2018-12-06,4,477321.6909927883,0.0,477321.6909927883,0.0,0.48469667225424806,0.0
2018-12-07,4,477321.6909927883,0.0,477321.6909927883,0.0,0.48469667225424806,0.0
2018-12-10,4,477321.6909927883,0.0,477321.6909927883,0.0,0.48469667225424806,0.0
2018-12-11,4,477321.6909927883,0.0,477321.6909927883,0.0,0.48469667225424806,0.0
2018-12-12,4,477321.6909927883,0.0,477321.6909927883,0.0,0.48469667225424806,0.0
2018-12-13,4,477321.6909927883,0.0,477321.6909927883,0.0,0.48469667225424806,0.0
2018-12-14,4,477321.6909927883,0.0,477321.6909927883,0.0,0.48469667225424806,0.0
2018-12-17,4,477321.6909927883,0.0,477321.6909927883,0.0,0.48469667225424806,0.0
2018-12-18,4,477321.6909927883,0.0,477321.6909927883,0.0,0.48469667225424806,0.0
2018-12-19,4,0.0,477321.6909927883,477321.6909927883,0.0,0.48469667225424806,100.0
2018-12-20,4,0.0,473829.9152772016,473829.9152772016,-0.007315351012697697,0.47383559494932403,100.0
2018-12-21,4,0.0,459705.10174878174,459705.10174878174,-0.029809881294971703,0.4299007308155807,100.0
2018-12-24,4,0.0,465209.52367851516,465209.52367851516,0.011973810838282714,0.4470220916838887,100.0
2018-12-26,4,0.0,458104.6700120626,458104.6700120626,-0.01527237363988793,0.42492262963452015,100.0
2018-12-27,4,0.0,462893.7698779217,462893.7698779217,0.01045416076141066,0.43981899987729145,100.0
2018-12-28,4,0.0,459765.7232660711,459765.7232660711,-0.006757590651253554,0.43008929246422345,100.0
2018-12-31,4,0.0,459038.26505859883,459038.26505859883,-0.0015822367146132341,0.4278265526805113,100.0
2019-01-01,4,0.0,461402.50423288374,461402.50423288374,0.005150418503745228,0.43518045697757574,100.0
2019-01-02,4,0.0,466373.4686506109,466373.4686506109,0.010773596528245423,0.45064251216627504,100.0
2019-01-03,4,0.0,460250.68386024935,460250.68386024935,-0.013128501516342664,0.431597749745629,100.0
2019-01-04,4,0.0,454654.8630050604,454654.8630050604,-0.012158202152477532,0.41419209490318964,100.0
2019-01-07,4,0.0,459754.1022573684,459754.1022573684,0.011215626769291194,0.43005314561970587,100.0
2019-01-08,4,0.0,458700.3485850844,458700.3485850844,-0.002291994061847716,0.42677547230181884,100.0
2019-01-09,4,0.0,457101.51728010195,457101.51728010195,-0.003485568105440089,0.42180234922193943,100.0
2019-01-10,4,0.0,457489.13066964305,457489.13066964305,0.0008479809733459774,0.42300801056193826,100.0
2019-01-11,4,0.0,446345.92584758287,446345.92584758287,-0.02435731053489617,0.3883473625550363,100.0
2019-01-14,4,0.0,439248.17703479674,439248.17703479674,-0.01590190119761472,0.36626999996771714,100.0
2019-01-15,4,0.0,452462.5763205616,452462.5763205616,0.03008413005825181,0.4073730443414336,100.0
2019-01-16,4,0.0,453031.842826669,453031.842826669,0.001258151581809702,0.40914373296336815,100.0
2019-01-17,4,0.0,458423.1492411282,458423.1492411282,0.011900502138702682,0.42591325097123817,100.0
2019-01-18,4,0.0,459959.85183875024,459959.85183875024,0.0033521487738259127,0.4306931243270635,100.0
2019-01-21,4,0.0,461907.94489705947,461907.94489705947,0.004235354565233177,0.4367526169826299,100.0
2019-01-22,4,0.0,460262.35351313173,460262.35351313173,-0.0035625959720057858,0.4316340478965988,100.0
2019-01-23,4,0.0,453897.70646767394,453897.70646767394,-0.013828302482002158,0.41183697923875145,100.0
2019-01-24,4,0.0,460177.6589525407,460177.6589525407,0.013835611846860102,0.43137060767454233,100.0
2019-01-25,4,0.0,464836.1847380154,464836.1847380154,0.010123320189160104,0.4458608306453844,100.0
2019-01-28,4,0.0,473112.6187326208,473112.6187326208,0.017805055342819388,0.47160446275304024,100.0
2019-01-29,4,0.0,479828.15590388945,479828.15590388945,0.014194373401534533,0.49249296599672154,100.0
2019-01-30,4,0.0,479501.4600037933,479501.4600037933,-0.0006808602122998144,0.491476786919037,100.0
2019-01-31,4,486927.47709715174,0.0,486927.47709715174,0.015486954082057849,0.5145752194325073,0.0
2019-02-01,4,486927.47709715174,0.0,486927.47709715174,0.0,0.5145752194325073,0.0
2019-02-04,4,486927.47709715174,0.0,486927.47709715174,0.0,0.5145752194325073,0.0
2019-02-05,4,486927.47709715174,0.0,486927.47709715174,0.0,0.5145752194325073,0.0
2019-02-06,4,486927.47709715174,0.0,486927.47709715174,0.0,0.5145752194325073,0.0
2019-02-07,4,486927.47709715174,0.0,486927.47709715174,0.0,0.5145752194325073,0.0
2019-02-08,4,486927.47709715174,0.0,486927.47709715174,0.0,0.5145752194325073,0.0
2019-02-11,4,486927.47709715174,0.0,486927.47709715174,0.0,0.5145752194325073,0.0
2019-02-12,4,486927.47709715174,0.0,486927.47709715174,0.0,0.5145752194325073,0.0
2019-02-14,4,486927.47709715174,0.0,486927.47709715174,0.0,0.5145752194325073,0.0
2019-02-15,4,486927.47709715174,0.0,486927.47709715174,0.0,0.5145752194325073,0.0
2019-02-18,4,0.0,486927.47709715174,486927.47709715174,0.0,0.5145752194325073,100.0
2019-02-19,4,0.0,470740.2218774034,470740.2218774034,-0.033243667653034666,0.464225184202171,100.0
2019-02-20,4,0.0,473199.18980172666,473199.18980172666,0.005223619758932944,0.4718737398058967,100.0
2019-02-21,4,0.0,473063.25421754067,473063.25421754067,-0.0002872692665491504,0.4714509157162097,100.0
2019-02-22,4,0.0,475892.95281076356,475892.95281076356,0.005981649532055249,0.48025261939764585,100.0
2019-02-25,4,0.0,490597.40602564946,490597.40602564946,0.030898657204392457,0.5259904376603177,100.0
2019-02-26,4,0.0,503831.39581843634,503831.39581843634,0.026975254312891713,0.5671544177952457,100.0
2019-02-27,4,0.0,508625.8251687124,508625.8251687124,0.009515940034836216,0.5820673652603139,100.0
2019-02-28,4,0.0,490177.260690328,490177.260690328,-0.036271387659611964,0.5246835865513362,100.0
2019-03-01,4,0.0,493130.52611728944,493130.52611728944,0.0060248927557395495,0.5338696416467443,100.0
2019-03-05,4,0.0,490835.1118393556,490835.1118393556,-0.0046547803398158975,0.5267298153949665,100.0
2019-03-06,4,0.0,493674.3069781659,493674.3069781659,0.0057844173538659826,0.5355610578338018,100.0
2019-03-07,4,0.0,497056.6705738672,497056.6705738672,0.006851406986126346,0.5460818115930679,100.0
2019-03-08,4,0.0,499377.37988166435,499377.37988166435,0.004668902853909609,0.5533003173755925,100.0
2019-03-11,4,0.0,497427.0003745816,497427.0003745816,-0.0039056224523924604,0.5472337127807421,100.0
2019-03-12,4,0.0,496846.792910116,496846.792910116,-0.0011664173115425217,0.5454289925931524,100.0
2019-03-13,4,0.0,493896.51088609785,493896.51088609785,-0.005938011608644734,0.5362522172947981,100.0
2019-03-14,4,0.0,490662.3033206954,490662.3033206954,-0.006548350705292407,0.5261922990041688,100.0
2019-03-15,4,0.0,503636.1725898799,503636.1725898799,0.026441544788299735,0.5665471810338456,100.0
2019-03-18,4,0.0,499402.0926450584,499402.0926450584,-0.008407021130051694,0.5533771857816712,100.0
2019-03-19,4,498902.69055241335,0.0,498902.69055241335,-0.0010000000000000057,0.5518238085958894,0.0
2019-03-20,4,498902.69055241335,0.0,498902.69055241335,0.0,0.5518238085958894,0.0
2019-03-22,4,498902.69055241335,0.0,498902.69055241335,0.0,0.5518238085958894,0.0
2019-03-25,4,0.0,498902.69055241335,498902.69055241335,0.0,0.5518238085958894,100.0
2019-03-26,4,0.0,498500.4065032046,498500.4065032046,-0.0008063377023750061,0.5505725145515754,100.0
2019-03-27,4,0.0,494791.79383562336,494791.79383562336,-0.007439537900471903,0.5390369715621389,100.0
2019-03-28,4,0.0,502938.1762743986,502938.1762743986,0.01646426343416995,0.5643760816968652,100.0
2019-04-01,4,0.0,510820.54350059316,510820.54350059316,0.01567263651485872,0.588893979397839,100.0
2019-04-02,4,0.0,522801.25429059647,522801.25429059647,0.023453854670567667,0.6261596678775758,100.0
2019-04-03,4,0.0,522801.25429059647,522801.25429059647,0.0,0.6261596678775758,100.0
2019-04-04,4,0.0,506508.48941304605,506508.48941304605,-0.031164356902047843,0.5754814476081235,100.0
2019-04-05,4,0.0,515006.8819044935,515006.8819044935,0.016778381150719873,0.6019154758319805,100.0
2019-04-08,4,0.0,520651.5038233136,520651.5038233136,0.010960284448911221,0.619472925110212,100.0
2019-04-09,4,525342.835989962,0.0,525342.835989962,0.009010503440782235,0.6340651914741712,0.0
2019-04-10,4,525342.835989962,0.0,525342.835989962,0.0,0.6340651914741712,0.0
2019-04-11,4,525342.835989962,0.0,525342.835989962,0.0,0.6340651914741712,0.0
2019-04-12,4,525342.835989962,0.0,525342.835989962,0.0,0.6340651914741712,0.0
2019-04-15,4,525342.835989962,0.0,525342.835989962,0.0,0.6340651914741712,0.0
2019-04-16,4,525342.835989962,0.0,525342.835989962,0.0,0.6340651914741712,0.0
2019-04-18,4,525342.835989962,0.0,525342.835989962,0.0,0.6340651914741712,0.0
2019-04-22,4,525342.835989962,0.0,525342.835989962,0.0,0.6340651914741712,0.0
2019-04-23,4,525342.835989962,0.0,525342.835989962,0.0,0.6340651914741712,0.0
2019-04-24,4,525342.835989962,0.0,525342.835989962,0.0,0.6340651914741712,0.0
2019-04-25,4,525342.835989962,0.0,525342.835989962,0.0,0.6340651914741712,0.0
2019-04-26,4,525342.835989962,0.0,525342.835989962,0.0,0.6340651914741712,0.0
2019-04-30,4,525342.835989962,0.0,525342.835989962,0.0,0.6340651914741712,0.0
2019-05-02,4,525342.835989962,0.0,525342.835989962,0.0,0.6340651914741712,0.0
2019-05-03,4,525342.835989962,0.0,525342.835989962,0.0,0.6340651914741712,0.0
2019-05-06,4,525342.835989962,0.0,525342.835989962,0.0,0.6340651914741712,0.0
2019-05-07,4,525342.835989962,0.0,525342.835989962,0.0,0.6340651914741712,0.0
2019-05-08,4,525342.835989962,0.0,525342.835989962,0.0,0.6340651914741712,0.0
2019-05-09,4,525342.835989962,0.0,525342.835989962,0.0,0.6340651914741712,0.0
2019-05-10,4,525342.835989962,0.0,525342.835989962,0.0,0.6340651914741712,0.0
2019-05-13,4,525342.835989962,0.0,525342.835989962,0.0,0.6340651914741712,0.0
2019-05-14,4,525342.835989962,0.0,525342.835989962,0.0,0.6340651914741712,0.0
2019-05-15,4,525342.835989962,0.0,525342.835989962,0.0,0.6340651914741712,0.0
2019-05-16,4,525342.835989962,0.0,525342.835989962,0.0,0.6340651914741712,0.0
2019-05-17,4,525342.835989962,0.0,525342.835989962,0.0,0.6340651914741712,0.0
2019-05-20,4,525342.835989962,0.0,525342.835989962,0.0,0.6340651914741712,0.0
2019-05-21,4,525342.835989962,0.0,525342.835989962,0.0,0.6340651914741712,0.0
2019-05-22,4,525342.835989962,0.0,525342.835989962,0.0,0.6340651914741712,0.0
2019-05-23,4,0.0,525342.835989962,525342.835989962,0.0,0.6340651914741712,100.0
2019-05-24,4,0.0,523795.47846035444,523795.47846035444,-0.002945424251749213,0.629252176230264,100.0
2019-05-27,4,0.0,525624.1339872535,525624.1339872535,0.00349116325378418,0.634940161559067,100.0
2019-05-28,4,0.0,530381.2858677539,530381.2858677539,0.009050482222750705,0.6497371584265185,100.0
2019-05-29,4,0.0,539025.9698266949,539025.9698266949,0.016298998832127914,0.6766262224450303,100.0
2019-05-30,4,0.0,548936.6508766649,548936.6508766649,0.01838627747964799,0.7074531374005587,100.0
2019-05-31,4,0.0,561788.5663027551,561788.5663027551,0.02341238357024518,0.7474286851815991,100.0
2019-06-03,4,0.0,573489.5639294941,573489.5639294941,0.020828116356560296,0.7838243331613526,100.0
2019-06-04,4,0.0,558348.6133685068,558348.6133685068,-0.026401440432922686,0.7367288012865951,100.0
2019-06-06,4,0.0,554000.7016820683,554000.7016820683,-0.0077870914019247135,0.7232047353706212,100.0
2019-06-07,4,557445.3097391345,0.0,557445.3097391345,0.006217696198953587,0.733919098903754,0.0
2019-06-10,4,557445.3097391345,0.0,557445.3097391345,0.0,0.733919098903754,0.0
2019-06-11,4,557445.3097391345,0.0,557445.3097391345,0.0,0.733919098903754,0.0
2019-06-12,4,557445.3097391345,0.0,557445.3097391345,0.0,0.733919098903754,0.0
2019-06-13,4,557445.3097391345,0.0,557445.3097391345,0.0,0.733919098903754,0.0
2019-06-14,4,557445.3097391345,0.0,557445.3097391345,0.0,0.733919098903754,0.0
2019-06-17,4,557445.3097391345,0.0,557445.3097391345,0.0,0.733919098903754,0.0
2019-06-18,4,557445.3097391345,0.0,557445.3097391345,0.0,0.733919098903754,0.0
2019-06-19,4,557445.3097391345,0.0,557445.3097391345,0.0,0.733919098903754,0.0
2019-06-20,4,557445.3097391345,0.0,557445.3097391345,0.0,0.733919098903754,0.0
2019-06-21,4,557445.3097391345,0.0,557445.3097391345,0.0,0.733919098903754,0.0
2019-06-24,4,557445.3097391345,0.0,557445.3097391345,0.0,0.733919098903754,0.0
2019-06-25,4,557445.3097391345,0.0,557445.3097391345,0.0,0.733919098903754,0.0
2019-06-26,4,557445.3097391345,0.0,557445.3097391345,0.0,0.733919098903754,0.0
2019-06-27,4,557445.3097391345,0.0,557445.3097391345,0.0,0.733919098903754,0.0
2019-06-28,4,557445.3097391345,0.0,557445.3097391345,0.0,0.733919098903754,0.0
2019-07-01,4,557445.3097391345,0.0,557445.3097391345,0.0,0.733919098903754,0.0
2019-07-02,4,557445.3097391345,0.0,557445.3097391345,0.0,0.733919098903754,0.0
2019-07-03,4,557445.3097391345,0.0,557445.3097391345,0.0,0.733919098903754,0.0
2019-07-04,4,557445.3097391345,0.0,557445.3097391345,0.0,0.733919098903754,0.0
2019-07-05,4,0.0,557445.3097391345,557445.3097391345,0.0,0.733919098903754,100.0
2019-07-08,4,0.0,560615.0513711483,560615.0513711483,0.005686193024921397,0.7437784975897185,100.0
2019-07-09,4,0.0,549778.5364896172,549778.5364896172,-0.019329689516946174,0.7100718006449824,100.0
2019-07-10,4,0.0,543297.1761438071,543297.1761438071,-0.011789038523028032,0.6899116983100347,100.0
2019-07-11,4,0.0,541841.1586597249,541841.1586597249,-0.002679965124090504,0.6853827938957713,100.0
2019-07-12,4,0.0,543142.5898954971,543142.5898954971,0.0024018685457401815,0.6894308618159612,100.0
2019-07-15,4,0.0,552961.1760381567,552961.1760381567,0.018077363707656936,0.7199713179639488,100.0
2019-07-16,4,0.0,542730.2340666718,542730.2340666718,-0.018502098184880418,0.6881482397638016,100.0
2019-07-17,4,0.0,545629.4340349766,545629.4340349766,0.005341880341880274,0.6971661256599756,100.0
2019-07-18,4,0.0,532409.0695961732,532409.0695961732,-0.02422956610136969,0.6560445268332917,100.0
2019-07-19,4,0.0,534708.5990556173,534708.5990556173,0.004319102717743477,0.6631971532498416,100.0
2019-07-22,4,0.0,543191.5296241287,543191.5296241287,0.015864586025909448,0.6895830875656214,100.0
2019-07-23,4,0.0,543848.0370357016,543848.0370357016,0.0012086112830719795,0.6916251367489408,100.0
2019-07-24,4,0.0,539818.9859972487,539818.9859972487,-0.007408413314155987,0.679092878563289,100.0
2019-07-25,4,0.0,547825.6108534673,547825.6108534673,0.014832054936762427,0.7039972763820663,100.0
2019-07-26,4,0.0,542972.7357227707,542972.7357227707,-0.008858430556279016,0.6889025348411472,100.0
2019-07-29,4,0.0,548366.2788050565,548366.2788050565,0.009933358946847024,0.7056790099459641,100.0
2019-07-30,4,0.0,561019.8699092227,561019.8699092227,0.023075071522887295,0.7450376750955549,100.0
2019-07-31,4,0.0,567855.1522932469,567855.1522932469,0.012183672541099543,0.7662986427008007,100.0
2019-08-01,4,560690.3600712563,0.0,560690.3600712563,-0.01261728839309829,0.7440127433375067,0.0
2019-08-02,5,0.0,560690.3600712563,560690.3600712563,0.0,0.0,100.0
2019-08-05,5,0.0,571699.2565619834,571699.2565619834,0.01963453855230898,0.01963453855230898,100.0
2019-08-06,5,0.0,563131.091584035,563131.091584035,-0.014987189295075561,0.004353082711228506,100.0
2019-08-07,5,0.0,562762.4462175795,562762.4462175795,-0.000654635078696265,0.0036955979518890044,100.0
2019-08-08,5,0.0,574114.6006433965,574114.6006433965,0.020172196105331275,0.023942342383832246,100.0
2019-08-09,5,0.0,571101.7518814817,571101.7518814817,-0.005247817697961933,0.018568879637777775,100.0
2019-08-13,5,0.0,559202.991781813,559202.991781813,-0.02083474627851965,-0.002652744536671346,100.0
2019-08-14,5,0.0,560461.50075721,560461.50075721,0.0022505404904700856,-0.0004081741551919129,100.0
2019-08-16,5,0.0,550469.6533200897,550469.6533200897,-0.017827892591410502,-0.018228789861605064,100.0
2019-08-19,5,0.0,549935.710325941,549935.710325941,-0.0009699771657316477,-0.019181085517412034,100.0
2019-08-20,5,555418.0964589441,0.0,555418.0964589441,0.009969140083217752,-0.009403164362665542,0.0
2019-08-21,5,555418.0964589441,0.0,555418.0964589441,0.0,-0.009403164362665542,0.0
2019-08-22,5,555418.0964589441,0.0,555418.0964589441,0.0,-0.009403164362665542,0.0
2019-08-23,5,555418.0964589441,0.0,555418.0964589441,0.0,-0.009403164362665542,0.0
2019-08-26,5,555418.0964589441,0.0,555418.0964589441,0.0,-0.009403164362665542,0.0
2019-08-27,5,555418.0964589441,0.0,555418.0964589441,0.0,-0.009403164362665542,0.0
2019-08-28,5,555418.0964589441,0.0,555418.0964589441,0.0,-0.009403164362665542,0.0
2019-08-29,5,555418.0964589441,0.0,555418.0964589441,0.0,-0.009403164362665542,0.0
2019-08-30,5,555418.0964589441,0.0,555418.0964589441,0.0,-0.009403164362665542,0.0
2019-09-03,5,555418.0964589441,0.0,555418.0964589441,0.0,-0.009403164362665542,0.0
2019-09-04,5,555418.0964589441,0.0,555418.0964589441,0.0,-0.009403164362665542,0.0
2019-09-05,5,555418.0964589441,0.0,555418.0964589441,0.0,-0.009403164362665542,0.0
2019-09-06,5,555418.0964589441,0.0,555418.0964589441,0.0,-0.009403164362665542,0.0
2019-09-09,5,555418.0964589441,0.0,555418.0964589441,0.0,-0.009403164362665542,0.0
2019-09-11,5,555418.0964589441,0.0,555418.0964589441,0.0,-0.009403164362665542,0.0
2019-09-12,5,555418.0964589441,0.0,555418.0964589441,0.0,-0.009403164362665542,0.0
2019-09-13,5,555418.0964589441,0.0,555418.0964589441,0.0,-0.009403164362665542,0.0
2019-09-16,5,555418.0964589441,0.0,555418.0964589441,0.0,-0.009403164362665542,0.0
2019-09-17,5,0.0,555418.0964589441,555418.0964589441,0.0,-0.009403164362665542,100.0
2019-09-18,5,0.0,559578.5701593028,559578.5701593028,0.007490706058883672,-0.0019828946440459683,100.0
2019-09-19,5,0.0,550001.6933752415,550001.6933752415,-0.017114445217826936,-0.01906340372011466,100.0
2019-09-20,5,0.0,540451.0084043628,540451.0084043628,-0.017364828301287872,-0.036097199288964606,100.0
2019-09-23,5,0.0,527459.4857709369,527459.4857709369,-0.024038298442225676,-0.059267782481753656,100.0
2019-09-24,5,0.0,535021.5094140688,535021.5094140688,0.014336690963248388,-0.045780795400023194,100.0
2019-09-25,5,0.0,546469.2482490261,546469.2482490261,0.02139678243496117,-0.02536357468393579,100.0
2019-09-26,5,0.0,546246.8733668582,546246.8733668582,-0.0004069302762789086,-0.025760183753761146,100.0
2019-09-27,5,0.0,538017.5334298091,538017.5334298091,-0.015065239433457176,-0.040437339851118054,100.0
2019-09-30,5,0.0,549308.3130330839,549308.3130330839,0.020985895257534,-0.020300058372192925,100.0
2019-10-01,5,0.0,538472.8522295888,538472.8522295888,-0.019725645045613093,-0.039625271671950915,100.0
2019-10-03,5,0.0,538551.2852751085,538551.2852751085,0.0001456583097829177,-0.039485385112264425,100.0
2019-10-04,5,0.0,543544.0687439368,543544.0687439368,0.00927076697306151,-0.030580677943420308,100.0
2019-10-07,5,0.0,535270.6907226745,535270.6907226745,-0.015221172480790945,-0.04533637665065493,100.0
2019-10-09,5,0.0,528056.031178751,528056.031178751,-0.013478525293777743,-0.05820383444501859,100.0
2019-10-10,5,0.0,523965.1000962222,523965.1000962222,-0.007747153409832052,-0.06550007382036462,100.0
2019-10-11,5,0.0,519364.44994569814,519364.44994569814,-0.008780451502741635,-0.07370540510150055,100.0
2019-10-14,5,0.0,528291.2984060158,528291.2984060158,0.0171880236724925,-0.057784231676683284,100.0
2019-10-15,5,0.0,532552.1464809746,532552.1464809746,0.008065338361269242,-0.050184942695832464,100.0
2019-10-16,5,0.0,534930.8886471092,534930.8886471092,0.004466684026818601,-0.045942418950940145,100.0
2019-10-17,5,0.0,530361.3327637418,530361.3327637418,-0.008542329449182028,-0.054092293121750894,100.0
2019-10-18,5,0.0,537255.4548303797,537255.4548303797,0.01299891534458631,-0.041796518916248776,100.0
2019-10-22,5,0.0,535701.62357308,535701.62357308,-0.0028921646924742837,-0.04456780119244515,100.0
2019-10-23,5,0.0,540584.9839449873,540584.9839449873,0.009115821489088799,-0.03585825182318788,100.0
2019-10-24,5,0.0,543692.5189500464,543692.5189500464,0.0057484671186784795,-0.03031591468604829,100.0
2019-10-25,5,0.0,554908.4493733981,554908.4493733981,0.02062917923721184,-0.010312127886634959,100.0
2019-10-27,5,0.0,552492.9086431926,552492.9086431926,-0.00435304370105214,-0.014620282444345739,100.0
2019-10-29,5,0.0,573162.1413604621,573162.1413604621,0.037410856128504484,0.022243616401075226,100.0
2019-10-30,5,0.0,588295.1648598227,588295.1648598227,0.026402692026100672,0.04923359978056021,100.0
2019-10-31,5,0.0,592695.3278290107,592695.3278290107,0.0074795157805459915,0.057081359047597986,100.0
2019-11-01,5,574167.2425794055,0.0,574167.2425794055,-0.03126072432099612,0.024036230097547105,0.0
2019-11-04,5,574167.2425794055,0.0,574167.2425794055,0.0,0.024036230097547105,0.0
2019-11-05,5,574167.2425794055,0.0,574167.2425794055,0.0,0.024036230097547105,0.0
2019-11-06,5,574167.2425794055,0.0,574167.2425794055,0.0,0.024036230097547105,0.0
2019-11-07,5,574167.2425794055,0.0,574167.2425794055,0.0,0.024036230097547105,0.0
2019-11-08,5,574167.2425794055,0.0,574167.2425794055,0.0,0.024036230097547105,0.0
2019-11-11,5,574167.2425794055,0.0,574167.2425794055,0.0,0.024036230097547105,0.0
2019-11-13,5,574167.2425794055,0.0,574167.2425794055,0.0,0.024036230097547105,0.0
2019-11-14,5,574167.2425794055,0.0,574167.2425794055,0.0,0.024036230097547105,0.0
2019-11-15,5,574167.2425794055,0.0,574167.2425794055,0.0,0.024036230097547105,0.0
2019-11-18,5,574167.2425794055,0.0,574167.2425794055,0.0,0.024036230097547105,0.0
2019-11-19,5,574167.2425794055,0.0,574167.2425794055,0.0,0.024036230097547105,0.0
2019-11-20,5,0.0,574167.2425794055,574167.2425794055,0.0,0.024036230097547105,100.0
2019-11-21,5,0.0,576767.7619292738,576767.7619292738,0.004529201871889529,0.02867429690778761,100.0
2019-11-22,5,0.0,564132.8025755603,564132.8025755603,-0.021906493718459447,0.006139649884236474,100.0
2019-11-25,5,0.0,566801.3980001343,566801.3980001343,0.004730438315925711,0.010899131435220945,100.0
2019-11-26,5,0.0,557311.5998342059,557311.5998342059,-0.01674272187650125,-0.00602607156759564,100.0
2019-11-27,5,0.0,559394.7343682562,559394.7343682562,0.003737827338727481,-0.002310768643918646,100.0
2019-11-28,5,0.0,565671.3617522353,565671.3617522353,0.011220390537046378,0.008883694166502204,100.0
2019-11-29,5,0.0,559108.8015583837,559108.8015583837,-0.011601365452766191,-0.002820734268860188,100.0
2019-12-02,5,0.0,550340.6164323905,550340.6164323905,-0.0156824308641788,-0.018458929162881364,100.0
2019-12-03,5,0.0,558496.1168860319,558496.1168860319,0.014819005194473612,-0.0039134669355569114,100.0
2019-12-04,5,0.0,565418.5006185615,565418.5006185615,0.012394685519258835,0.008432712391745678,100.0
2019-12-05,5,0.0,577061.4832670097,577061.4832670097,0.020591796405159915,0.029198153493619688,100.0
2019-12-06,5,0.0,577687.1701372276,577687.1701372276,0.0010842637888004672,0.030314075782953125,100.0
2019-12-09,5,0.0,560508.3098345874,560508.3098345874,-0.029737306263110296,-0.00032468943579798165,100.0
2019-12-10,5,0.0,547559.5935366413,547559.5935366413,-0.0231017383163639,-0.02341892686178199,100.0
2019-12-11,5,0.0,555462.1362603817,555462.1362603817,0.014432297081489298,-0.009324618690091598,100.0
2019-12-12,5,0.0,549749.4643753734,549749.4643753734,-0.010284538786871189,-0.019513258074371757,100.0
2019-12-13,5,0.0,563446.268658261,563446.268658261,0.02491462960941662,0.004915205937648932,100.0
2019-12-16,5,0.0,578544.0443543545,578544.0443543545,0.026795413397706757,0.03184232431038986,100.0
2019-12-17,5,0.0,588935.6532623669,588935.6532623669,0.017961655658575236,0.050375920833596995,100.0
2019-12-18,5,0.0,589107.658773717,589107.658773717,0.00029206163762934476,0.050682695345162086,100.0
2019-12-19,5,0.0,605766.5577463158,605766.5577463158,0.028278191132798884,0.08039410142405688,100.0
2019-12-20,5,0.0,604095.1941681701,604095.1941681701,-0.002759088557750457,0.07741319842095667,100.0
2019-12-23,5,0.0,606486.6951079606,606486.6951079606,0.003958814708141437,0.08167847763761127,100.0
2019-12-24,5,0.0,602111.399519821,602111.399519821,-0.007214165823309142,0.07387506973242895,100.0
2019-12-26,5,0.0,598401.8362227026,598401.8362227026,-0.006160925204333876,0.06725900574900863,100.0
2019-12-27,5,0.0,597464.2776215046,597464.2776215046,-0.001566770929574981,0.06558685536447399,100.0
2019-12-30,5,0.0,593306.3369252711,593306.3369252711,-0.0069593126350352315,0.05817110329820854,100.0
2019-12-31,5,0.0,587463.497730883,587463.497730883,-0.009847929864811226,0.04775030848795787,100.0
2020-01-01,5,0.0,589066.9213183963,589066.9213183963,0.002729401220172351,0.05061003945838086,100.0
2020-01-02,5,585776.4937564953,0.0,585776.4937564953,-0.005585829797634378,0.04474151059428041,0.0
2020-01-03,5,585776.4937564953,0.0,585776.4937564953,0.0,0.04474151059428041,0.0
2020-01-06,5,585776.4937564953,0.0,585776.4937564953,0.0,0.04474151059428041,0.0
2020-01-07,5,585776.4937564953,0.0,585776.4937564953,0.0,0.04474151059428041,0.0
2020-01-08,5,585776.4937564953,0.0,585776.4937564953,0.0,0.04474151059428041,0.0
2020-01-09,5,585776.4937564953,0.0,585776.4937564953,0.0,0.04474151059428041,0.0
2020-01-10,5,585776.4937564953,0.0,585776.4937564953,0.0,0.04474151059428041,0.0
2020-01-13,5,585776.4937564953,0.0,585776.4937564953,0.0,0.04474151059428041,0.0
2020-01-14,5,585776.4937564953,0.0,585776.4937564953,0.0,0.04474151059428041,0.0
2020-01-15,5,585776.4937564953,0.0,585776.4937564953,0.0,0.04474151059428041,0.0
2020-01-16,5,585776.4937564953,0.0,585776.4937564953,0.0,0.04474151059428041,0.0
2020-01-17,5,585776.4937564953,0.0,585776.4937564953,0.0,0.04474151059428041,0.0
2020-01-20,5,585776.4937564953,0.0,585776.4937564953,0.0,0.04474151059428041,0.0
2020-01-21,5,585776.4937564953,0.0,585776.4937564953,0.0,0.04474151059428041,0.0
2020-01-22,5,585776.4937564953,0.0,585776.4937564953,0.0,0.04474151059428041,0.0
2020-01-23,5,585776.4937564953,0.0,585776.4937564953,0.0,0.04474151059428041,0.0
2020-01-24,5,585776.4937564953,0.0,585776.4937564953,0.0,0.04474151059428041,0.0
2020-01-27,5,585776.4937564953,0.0,585776.4937564953,0.0,0.04474151059428041,0.0
2020-01-28,5,585776.4937564953,0.0,585776.4937564953,0.0,0.04474151059428041,0.0
2020-01-29,5,585776.4937564953,0.0,585776.4937564953,0.0,0.04474151059428041,0.0
2020-01-30,5,585776.4937564953,0.0,585776.4937564953,0.0,0.04474151059428041,0.0
2020-01-31,5,0.0,585776.4937564953,585776.4937564953,0.0,0.04474151059428041,100.0
2020-02-03,5,0.0,592383.564223108,592383.564223108,0.011279166263983322,0.056525323795158386,100.0
2020-02-04,5,0.0,593862.7621837127,593862.7621837127,0.0024970273483947876,0.059163496422946556,100.0
2020-02-05,5,0.0,604794.7532499839,604794.7532499839,0.01840827841448219,0.07866087295155656,100.0
2020-02-06,5,0.0,599666.8807439759,599666.8807439759,-0.008478698729531603,0.06951523237846675,100.0
2020-02-07,5,0.0,601977.2333250226,601977.2333250226,0.003852726664144631,0.07363578223196011,100.0
2020-02-10,5,0.0,609133.7064195812,609133.7064195812,0.011888278656370077,0.08639946358658351,100.0
2020-02-11,5,0.0,606724.7131263178,606724.7131263178,-0.0039547857356690315,0.08210298648475281,100.0
2020-02-12,5,0.0,611613.1377109687,611613.1377109687,0.008057071813445562,0.09082156795640438,100.0
2020-02-13,5,0.0,617586.2661944651,617586.2661944651,0.009766187341644559,0.10147473574537308,100.0
2020-02-14,5,614787.2855643674,0.0,614787.2855643674,-0.004532129004980718,0.096482710147248,0.0
2020-02-17,5,614787.2855643674,0.0,614787.2855643674,0.0,0.096482710147248,0.0
2020-02-18,5,614787.2855643674,0.0,614787.2855643674,0.0,0.096482710147248,0.0
2020-02-19,5,614787.2855643674,0.0,614787.2855643674,0.0,0.096482710147248,0.0
2020-02-20,5,614787.2855643674,0.0,614787.2855643674,0.0,0.096482710147248,0.0
2020-02-24,5,614787.2855643674,0.0,614787.2855643674,0.0,0.096482710147248,0.0
2020-02-25,5,614787.2855643674,0.0,614787.2855643674,0.0,0.096482710147248,0.0
2020-02-26,5,614787.2855643674,0.0,614787.2855643674,0.0,0.096482710147248,0.0
2020-02-27,5,614787.2855643674,0.0,614787.2855643674,0.0,0.096482710147248,0.0
2020-02-28,5,0.0,614787.2855643674,614787.2855643674,0.0,0.096482710147248,100.0
2020-03-02,5,0.0,615140.7692427037,615140.7692427037,0.0005749690773317822,0.09711315379941161,100.0
2020-03-03,5,0.0,625867.972685686,625867.972685686,0.017438615645957722,0.11624528840864405,100.0
2020-03-04,5,0.0,640314.3902387843,640314.3902387843,0.023082212516973375,0.1420106993767626,100.0
2020-03-05,5,0.0,653177.8792894252,653177.8792894252,0.02008933306315971,0.16495293267823435,100.0
2020-03-06,5,0.0,650534.4622311357,650534.4622311357,-0.004047009462667688,0.16023835713612306,100.0
2020-03-09,5,0.0,606242.3682586735,606242.3682586735,-0.06808569959622707,0.08124271689213297,100.0
2020-03-11,5,0.0,600509.8993212049,600509.8993212049,-0.009455737898910176,0.07101876915609542,100.0
2020-03-12,5,0.0,543999.8245458564,543999.8245458564,-0.09410348578637155,-0.02976783036412236,100.0
2020-03-13,5,0.0,555203.5049266577,555203.5049266577,0.020595007342427536,-0.009785891706612062,100.0
2020-03-16,5,0.0,520902.0465251467,520902.0465251467,-0.061781775686092215,-0.07096307762639797,100.0
2020-03-17,5,0.0,509110.8115475301,509110.8115475301,-0.0226361847803709,-0.09199292906903393,100.0
2020-03-18,5,0.0,508005.391467851,508005.391467851,-0.0021712759866933428,-0.0939644630178941,100.0
2020-03-19,5,0.0,502462.8854320493,502462.8854320493,-0.010910329159670893,-0.10384960895672804,100.0
2020-03-20,5,0.0,551930.7619765872,551930.7619765872,0.09845080697254356,-0.015622879789757444,100.0
2020-03-23,5,0.0,512703.4361773128,512703.4361773128,-0.07107291077379457,-0.08558542702222487,100.0
2020-03-24,5,0.0,522974.72323078354,522974.72323078354,0.020033583410427002,-0.06726642640276462,100.0
2020-03-25,5,0.0,537452.7613453367,537452.7613453367,0.027684011236933394,-0.04144461967023371,100.0
2020-03-26,5,0.0,549934.8510748629,549934.8510748629,0.023224533628372065,-0.019182618005108083,100.0
2020-03-27,5,0.0,560236.836953238,560236.836953238,0.018733102399747188,-0.0008088655527458191,100.0
2020-03-30,5,545565.8171043094,0.0,545565.8171043094,-0.026187174568374764,-0.026974858217688486,0.0
2020-03-31,5,545565.8171043094,0.0,545565.8171043094,0.0,-0.026974858217688486,0.0
2020-04-01,5,0.0,545565.8171043094,545565.8171043094,0.0,-0.026974858217688486,100.0
2020-04-03,5,0.0,528149.2014718319,528149.2014718319,-0.031923949570226824,-0.0580376637745098,100.0
2020-04-07,5,0.0,566781.8065162336,566781.8065162336,0.07314714277090908,0.010864189718195201,100.0
2020-04-08,5,0.0,544512.1850133657,544512.1850133657,-0.03929134853454415,-0.028854027481111967,100.0
2020-04-09,5,0.0,563892.3664656937,563892.3664656937,0.035591823260763725,0.005710828333182802,100.0
2020-04-13,5,0.0,561689.3423501134,561689.3423501134,-0.00390681670225142,0.0017817004714156134,100.0
2020-04-15,5,0.0,553994.7569088634,553994.7569088634,-0.01369900559098342,-0.011941712644287188,100.0
2020-04-16,5,0.0,547896.5601058119,547896.5601058119,-0.011007679634149886,-0.022817941731365685,100.0
2020-04-17,5,0.0,576679.4160730637,576679.4160730637,0.05253337593813905,0.028516730695664985,100.0
2020-04-20,5,0.0,580654.447166777,580654.447166777,0.006892965108381152,0.03560626063373646,100.0
2020-04-21,5,554238.1582767348,0.0,554238.1582767348,-0.04549399219955492,-0.011507602509344989,0.0
2020-04-22,5,554238.1582767348,0.0,554238.1582767348,0.0,-0.011507602509344989,0.0
2020-04-23,5,554238.1582767348,0.0,554238.1582767348,0.0,-0.011507602509344989,0.0
2020-04-24,5,554238.1582767348,0.0,554238.1582767348,0.0,-0.011507602509344989,0.0
2020-04-27,5,554238.1582767348,0.0,554238.1582767348,0.0,-0.011507602509344989,0.0
2020-04-28,5,0.0,554238.1582767348,554238.1582767348,0.0,-0.011507602509344989,100.0
2020-04-29,5,0.0,568130.9981498579,568130.9981498579,0.025066552466036292,0.013270494034632518,100.0
2020-04-30,5,0.0,600567.4949859194,600567.4949859194,0.057093341045801736,0.07112149192219981,100.0
2020-05-04,5,0.0,575524.5945408277,575524.5945408277,-0.04169872771032823,0.026457088485855453,100.0
2020-05-05,5,0.0,576210.3075625133,576210.3075625133,0.0011914573733077148,0.027680068352315897,100.0
2020-05-06,5,0.0,567519.8175699732,567519.8175699732,-0.015082149483411076,0.012180443940304157,100.0
2020-05-07,5,0.0,563957.1814090093,563957.1814090093,-0.006277553753485715,0.005826426795241862,100.0
2020-05-08,5,0.0,564478.9085016154,564478.9085016154,0.000925118271040776,0.0067569352001657975,100.0
2020-05-11,5,0.0,576970.5530259997,576970.5530259997,0.02212951509125968,0.02903597799090821,100.0
2020-05-12,5,0.0,581203.9811631715,581203.9811631715,0.007337338300835281,0.03658636308515839,100.0
2020-05-13,5,0.0,580667.4591989039,580667.4591989039,-0.0009231216262384266,0.035629467795930646,100.0
2020-05-14,5,0.0,566580.0082056079,566580.0082056079,-0.024260789493406806,0.01050427928456465,100.0
2020-05-15,5,0.0,563765.5137743956,563765.5137743956,-0.004967514544196468,0.005484584580245804,100.0
2020-05-18,5,0.0,579461.2265247266,579461.2265247266,0.027840852919946524,0.033478133012817955,100.0
2020-05-19,5,0.0,580369.6275614676,580369.6275614676,0.0015676649189956045,0.03509828042649123,100.0
2020-05-20,5,0.0,581843.8796242167,581843.8796242167,0.002540195063176317,0.03772763196833289,100.0
2020-05-21,5,0.0,593042.3419205403,593042.3419205403,0.019246506990081486,0.05770026409081212,100.0
2020-05-22,5,0.0,601724.1414230878,601724.1414230878,0.01463942603901076,0.07318438887841172,100.0
2020-05-26,5,0.0,578686.8715386725,578686.8715386725,-0.03828543396967884,0.032097058820717145,100.0
2020-05-27,5,0.0,597241.7970935125,597241.7970935125,0.032063843967125534,0.0651900578736738,100.0
2020-05-28,5,0.0,596347.0214906202,596347.0214906202,-0.0014981798113372423,0.06359421163373032,100.0
2020-05-29,5,0.0,586840.7946033207,586840.7946033207,-0.015940763590196087,0.046639707750176035,100.0
2020-06-01,5,0.0,608531.0163100646,608531.0163100646,0.03696099846195185,0.08532455637854802,100.0
2020-06-02,5,0.0,609096.3378050913,609096.3378050913,0.0009289937240251551,0.08633281607995408,100.0
2020-06-03,5,0.0,608798.8039992924,608798.8039992924,-0.000488483984111665,0.08580215989788409,100.0
2020-06-04,5,0.0,622306.8460465685,622306.8460465685,0.022188023298567033,0.10989396351933275,100.0
2020-06-05,5,0.0,609423.617727461,609423.617727461,-0.02070237279398877,0.08691652492475775,100.0
2020-06-08,5,0.0,616415.6621637336,616415.6621637336,0.0114732088368119,0.09938694520340137,100.0
2020-06-09,5,0.0,616504.9368334912,616504.9368334912,0.0001448286849886452,0.09954616796896885,100.0
2020-06-10,5,0.0,627424.4129782905,627424.4129782905,0.017711903818457907,0.11902122393998919,100.0
2020-06-11,5,614580.5487594188,0.0,614580.5487594188,-0.020470775368627715,0.09611399183198682,0.0
2020-06-12,5,614580.5487594188,0.0,614580.5487594188,0.0,0.09611399183198682,0.0
2020-06-15,5,614580.5487594188,0.0,614580.5487594188,0.0,0.09611399183198682,0.0
2020-06-16,5,0.0,614580.5487594188,614580.5487594188,0.0,0.09611399183198682,100.0
2020-06-17,5,0.0,615181.3704761955,615181.3704761955,0.0009776126465269811,0.09718556673243695,100.0
2020-06-18,5,0.0,612267.36314708,612267.36314708,-0.004736826355550839,0.09198838922300875,100.0
2020-06-19,5,0.0,614220.0337266043,614220.0337266043,0.0031892449231452624,0.09547100764947182,100.0
2020-06-22,5,0.0,609218.1856001886,609218.1856001886,-0.008143414170437364,0.0865501335224758,100.0
2020-06-23,5,0.0,611426.2347463409,611426.2347463409,0.003624397955187454,0.09048822360462332,100.0
2020-06-24,5,0.0,613499.0403322227,613499.0403322227,0.0033901155496570165,0.09418510468818321,100.0
2020-06-25,5,0.0,605658.3242625358,605658.3242625358,-0.012780323283702304,0.08020106531805658,100.0
2020-06-26,5,0.0,636525.5766331878,636525.5766331878,0.05096479505707571,0.1352532912324262,100.0
2020-06-29,5,0.0,631358.4511949122,631358.4511949122,-0.008117702772615063,0.12603764244256835,100.0
2020-06-30,5,0.0,624874.9390168827,624874.9390168827,-0.01026914610196282,0.11447419737601584,100.0
2020-07-01,5,0.0,627846.0764089208,627846.0764089208,0.004754771245447334,0.11977326724349233,100.0
2020-07-02,5,0.0,647383.222581631,647383.222581631,0.031117732365958977,0.15461807208413078,100.0
2020-07-03,5,0.0,660137.9166016551,660137.9166016551,0.019701922408741055,0.17736626775206252,100.0
2020-07-06,5,0.0,679209.9501960156,679209.9501960156,0.028890983406228355,0.21138153705674037,100.0
2020-07-07,5,0.0,681220.6755406361,681220.6755406361,0.0029603885279362143,0.21496769706199687,100.0
2020-07-08,5,0.0,665915.0427166071,665915.0427166071,-0.022467951096584046,0.18766986226047858,100.0
2020-07-09,5,0.0,661548.4943203677,661548.4943203677,-0.006557215434608638,0.17988205510844466,100.0
2020-07-10,5,0.0,666950.4823759074,666950.4823759074,0.008165672058689092,0.18951658503839236,100.0
2020-07-13,5,0.0,666245.193516551,666245.193516551,-0.0010574830935631521,0.1882586913602013,100.0
2020-07-14,5,651173.0469870463,0.0,651173.0469870463,-0.022622521972656257,0.16137728300570536,0.0
2020-07-15,5,651173.0469870463,0.0,651173.0469870463,0.0,0.16137728300570536,0.0
2020-07-16,5,651173.0469870463,0.0,651173.0469870463,0.0,0.16137728300570536,0.0
2020-07-17,5,651173.0469870463,0.0,651173.0469870463,0.0,0.16137728300570536,0.0
2020-07-20,5,651173.0469870463,0.0,651173.0469870463,0.0,0.16137728300570536,0.0
2020-07-21,5,651173.0469870463,0.0,651173.0469870463,0.0,0.16137728300570536,0.0
2020-07-22,5,0.0,651173.0469870463,651173.0469870463,0.0,0.16137728300570536,100.0
2020-07-23,5,0.0,645303.142167397,645303.142167397,-0.00901435470465052,0.15090821623076864,100.0
2020-07-24,5,0.0,641201.6245406826,641201.6245406826,-0.006355954835332792,0.14359309558879244,100.0
2020-07-27,5,0.0,655883.8603857467,655883.8603857467,0.02289800163182914,0.16977909215773315,100.0
2020-07-28,5,0.0,686481.6535283517,686481.6535283517,0.04665123658418646,0.22435073333721842,100.0
2020-07-29,5,0.0,676465.6785508461,676465.6785508461,-0.014590302488094049,0.20648708578630862,100.0
2020-07-30,5,0.0,677491.0398172432,677491.0398172432,0.0015157624383749162,0.20831583359332792,100.0
2020-07-31,5,0.0,678055.7104969617,678055.7104969617,0.0008334732808729274,0.20932293255548365,100.0
2020-08-03,5,0.0,669956.7278976989,669956.7278976989,-0.011944420604211012,0.19487827080272305,100.0
2020-08-04,5,0.0,668634.1562606865,668634.1562606865,-0.0019741150165960685,0.19251944366532706,100.0
2020-08-05,5,0.0,670875.2855725352,670875.2855725352,0.0033518020143963627,0.19651653273881134,100.0
2020-08-06,5,0.0,685305.2941558457,685305.2941558457,0.021509226667957546,0.22225267805344906,100.0
2020-08-07,5,0.0,681519.6513627279,681519.6513627279,-0.005524023855354741,0.2155009251026106,100.0
2020-08-10,5,0.0,677793.3767039459,677793.3767039459,-0.005467596790981882,0.20885505614508407,100.0
2020-08-11,5,0.0,676932.285046098,676932.285046098,-0.0012704338629499204,0.2073192857463591,100.0
2020-08-12,5,0.0,670236.9512734354,670236.9512734354,-0.00989069944005808,0.19537805356285629,100.0
2020-08-13,5,0.0,669375.8596155875,669375.8596155875,-0.0012847570642170794,0.19384228316413135,100.0
2020-08-14,5,0.0,665723.8132468667,665723.8132468667,-0.005455897932767011,0.18732880151936632,100.0
2020-08-17,5,0.0,669064.0862996178,669064.0862996178,0.005017505737792245,0.19328623059363573,100.0
2020-08-18,5,0.0,673918.6454650419,673918.6454650419,0.007255746145743854,0.20194441256203471,100.0
2020-08-19,5,0.0,669344.2521368486,669344.2521368486,-0.006787753030689092,0.19378591073294693,100.0
2020-08-20,5,0.0,668231.9412102825,668231.9412102825,-0.0016617920046599866,0.19180208685121516,100.0
2020-08-21,5,0.0,666971.3221601743,666971.3221601743,-0.0018864992413039228,0.18955375311858594,100.0
2020-08-24,5,0.0,666823.0140366321,666823.0140366321,-0.000222360570259265,0.18928924326768842,100.0
2020-08-25,5,0.0,665206.397557162,665206.397557162,-0.0024243561566418166,0.18640598256874452,100.0
2020-08-26,5,0.0,668424.7128044569,668424.7128044569,0.004838070197631262,0.1921458979953018,100.0
2020-08-27,5,0.0,666911.9409778967,666911.9409778967,-0.002263189552362961,0.18944784585406646,100.0
2020-08-28,5,0.0,663990.3143937619,663990.3143937619,-0.004380828119302776,0.18423707928450486,100.0
2020-08-31,5,0.0,669537.0237310231,669537.0237310231,0.008353599769486738,0.19412972187703356,100.0
2020-09-01,5,0.0,666303.9356042346,666303.9356042346,-0.004828841441466491,0.18836345878954688,100.0
2020-09-02,5,0.0,671208.3828534419,671208.3828534419,0.007360675792436558,0.19711061693327528,100.0
2020-09-03,5,0.0,681386.9911101641,681386.9911101641,0.015164602404771684,0.21526432347359933,100.0
2020-09-04,5,0.0,678216.3855289379,678216.3855289379,-0.004653164240867588,0.20960949898040984,100.0
2020-09-07,5,0.0,689550.6114084611,689550.6114084611,0.01671181369450945,0.22982426757047936,100.0
2020-09-08,5,0.0,695817.7426632042,695817.7426632042,0.009088718291383979,0.24100179388633508,100.0
2020-09-09,5,0.0,689728.3597807676,689728.3597807676,-0.008751405014666402,0.2301412845641082,100.0
2020-09-10,5,0.0,690765.4784886978,690765.4784886978,0.0015036625552990964,0.2319910019514348,100.0
2020-09-11,5,0.0,703492.4645080839,703492.4645080839,0.018424467370939026,0.2546897799681795,100.0
2020-09-14,5,0.0,738250.6993303606,738250.6993303606,0.04940811248999148,0.31668163375688996,100.0
2020-09-15,5,0.0,738250.6993303606,738250.6993303606,0.0,0.31668163375688996,100.0
2020-09-16,5,740946.3479495507,0.0,740946.3479495507,0.0036514000212058213,0.3214893651023112,0.0
2020-09-17,5,740946.3479495507,0.0,740946.3479495507,0.0,0.3214893651023112,0.0
2020-09-18,5,740946.3479495507,0.0,740946.3479495507,0.0,0.3214893651023112,0.0
2020-09-21,5,740946.3479495507,0.0,740946.3479495507,0.0,0.3214893651023112,0.0
2020-09-22,5,740946.3479495507,0.0,740946.3479495507,0.0,0.3214893651023112,0.0
2020-09-23,5,740946.3479495507,0.0,740946.3479495507,0.0,0.3214893651023112,0.0
2020-09-24,5,740946.3479495507,0.0,740946.3479495507,0.0,0.3214893651023112,0.0
2020-09-25,5,740946.3479495507,0.0,740946.3479495507,0.0,0.3214893651023112,0.0
2020-09-28,5,740946.3479495507,0.0,740946.3479495507,0.0,0.3214893651023112,0.0
2020-09-29,5,740946.3479495507,0.0,740946.3479495507,0.0,0.3214893651023112,0.0
2020-09-30,5,740946.3479495507,0.0,740946.3479495507,0.0,0.3214893651023112,0.0
2020-10-01,5,740946.3479495507,0.0,740946.3479495507,0.0,0.3214893651023112,0.0
2020-10-05,5,740946.3479495507,0.0,740946.3479495507,0.0,0.3214893651023112,0.0
2020-10-06,5,740946.3479495507,0.0,740946.3479495507,0.0,0.3214893651023112,0.0
2020-10-07,5,740946.3479495507,0.0,740946.3479495507,0.0,0.3214893651023112,0.0
2020-10-08,5,740946.3479495507,0.0,740946.3479495507,0.0,0.3214893651023112,0.0
2020-10-09,5,740946.3479495507,0.0,740946.3479495507,0.0,0.3214893651023112,0.0
2020-10-12,5,740946.3479495507,0.0,740946.3479495507,0.0,0.3214893651023112,0.0
2020-10-13,5,740946.3479495507,0.0,740946.3479495507,0.0,0.3214893651023112,0.0
2020-10-14,5,740946.3479495507,0.0,740946.3479495507,0.0,0.3214893651023112,0.0
2020-10-15,5,740946.3479495507,0.0,740946.3479495507,0.0,0.3214893651023112,0.0
2020-10-16,5,740946.3479495507,0.0,740946.3479495507,0.0,0.3214893651023112,0.0
2020-10-19,5,740946.3479495507,0.0,740946.3479495507,0.0,0.3214893651023112,0.0
2020-10-20,5,740946.3479495507,0.0,740946.3479495507,0.0,0.3214893651023112,0.0
2020-10-21,5,740946.3479495507,0.0,740946.3479495507,0.0,0.3214893651023112,0.0
2020-10-22,5,740946.3479495507,0.0,740946.3479495507,0.0,0.3214893651023112,0.0
2020-10-23,5,0.0,740946.3479495507,740946.3479495507,0.0,0.3214893651023112,100.0
2020-10-26,5,0.0,741332.4029258188,741332.4029258188,0.0005210295959166735,0.3221779001722186,100.0
2020-10-27,5,0.0,725323.7789508966,725323.7789508966,-0.021594393974607,0.2936262696913811,100.0
2020-10-28,5,0.0,723131.3987290236,723131.3987290236,-0.003022622841683177,0.28971612538001057,100.0
2020-10-29,5,0.0,726013.2109280479,726013.2109280479,0.003985184717589813,0.2948558823729041,100.0
2020-10-30,5,0.0,734893.1486556303,734893.1486556303,0.012231096616315515,0.3106933897744116,100.0
2020-11-02,5,0.0,718277.8380062832,718277.8380062832,-0.022609151656594162,0.2810597241497064,100.0
2020-11-03,5,0.0,726275.2489412386,726275.2489412386,0.01113414686043189,0.29532323125537363,100.0
2020-11-04,5,0.0,731666.5531406888,731666.5531406888,0.007423224469386237,0.304938706361393,100.0
2020-11-05,5,0.0,740642.9709486675,740642.9709486675,0.0122684544885198,0.3209482874906956,100.0
2020-11-06,5,745894.3881207342,0.0,745894.3881207342,0.007090349031923394,0.33031427190212614,0.0
2020-11-09,5,745894.3881207342,0.0,745894.3881207342,0.0,0.33031427190212614,0.0
2020-11-10,5,745894.3881207342,0.0,745894.3881207342,0.0,0.33031427190212614,0.0
2020-11-11,5,745894.3881207342,0.0,745894.3881207342,0.0,0.33031427190212614,0.0
2020-11-12,5,0.0,745894.3881207342,745894.3881207342,0.0,0.33031427190212614,100.0
2020-11-13,5,0.0,741929.0322879833,741929.0322879833,-0.0053162430176496465,0.3232419979428468,100.0
2020-11-14,5,0.0,745698.9257963614,745698.9257963614,0.005081204999826405,0.32996566179877423,100.0
2020-11-17,5,0.0,744498.1312657794,744498.1312657794,-0.0016102940329431963,0.32782402602956034,100.0
2020-11-18,5,0.0,733495.5863427728,733495.5863427728,-0.014778472182731033,0.30820081559732054,100.0
2020-11-19,5,0.0,736357.9128954302,736357.9128954302,0.0039023091698874995,0.3133058196360803,100.0
2020-11-20,5,0.0,742878.4596787109,742878.4596787109,0.008855132360350767,0.3249353164985767,100.0
2020-11-23,5,0.0,760750.5474221326,760750.5474221326,0.02405788929611878,0.3568104636674176,100.0
2020-11-24,5,0.0,760136.2080412733,760136.2080412733,-0.0008075437907222305,0.35571477980229604,100.0
2020-11-25,5,0.0,754341.7420932108,754341.7420932108,-0.007622931109930577,0.3453802594311484,100.0
2020-11-26,5,758971.5758814687,0.0,758971.5758814687,0.006137581324096762,0.35363764018524146,0.0
2020-11-27,5,758971.5758814687,0.0,758971.5758814687,0.0,0.35363764018524146,0.0
2020-12-01,5,758971.5758814687,0.0,758971.5758814687,0.0,0.35363764018524146,0.0
2020-12-02,5,758971.5758814687,0.0,758971.5758814687,0.0,0.35363764018524146,0.0
2020-12-03,5,758971.5758814687,0.0,758971.5758814687,0.0,0.35363764018524146,0.0
2020-12-04,5,0.0,758971.5758814687,758971.5758814687,0.0,0.35363764018524146,100.0
2020-12-07,5,0.0,761795.9007293992,761795.9007293992,0.003721252465417157,0.35867486759106226,100.0
2020-12-08,5,0.0,778380.3003668278,778380.3003668278,0.021770135047391906,0.388253402944017,100.0
2020-12-09,5,0.0,782136.8276865747,782136.8276865747,0.004826082209398883,0.3949532279941026,100.0
2020-12-10,5,0.0,774762.9036885529,774762.9036885529,-0.009427920712840673,0.38180171956245307,100.0
2020-12-11,5,0.0,774568.1343774687,774568.1343774687,-0.0002513921486907878,0.3814543454591076,100.0
2020-12-14,5,0.0,778491.577706052,778491.577706052,0.00506533015554092,0.3884518678136647,100.0
2020-12-15,5,0.0,768432.4595015721,768432.4595015721,-0.012921293553516271,0.37051127364471637,100.0
2020-12-16,5,0.0,783082.8888746315,783082.8888746315,0.01906534424972381,0.3966405428748803,100.0
2020-12-17,5,0.0,789761.1596652927,789761.1596652927,0.008528178671173064,0.4085513429639214,100.0
2020-12-18,5,795309.424972894,0.0,795309.424972894,0.007025244581479176,0.4184467606538139,0.0
2020-12-21,5,795309.424972894,0.0,795309.424972894,0.0,0.4184467606538139,0.0
2020-12-22,5,795309.424972894,0.0,795309.424972894,0.0,0.4184467606538139,0.0
2020-12-23,5,795309.424972894,0.0,795309.424972894,0.0,0.4184467606538139,0.0
2020-12-24,5,795309.424972894,0.0,795309.424972894,0.0,0.4184467606538139,0.0
2020-12-28,5,795309.424972894,0.0,795309.424972894,0.0,0.4184467606538139,0.0
2020-12-29,5,795309.424972894,0.0,795309.424972894,0.0,0.4184467606538139,0.0
2020-12-30,5,795309.424972894,0.0,795309.424972894,0.0,0.4184467606538139,0.0
2020-12-31,5,795309.424972894,0.0,795309.424972894,0.0,0.4184467606538139,0.0
2021-01-01,5,795309.424972894,0.0,795309.424972894,0.0,0.4184467606538139,0.0
2021-01-04,5,795309.424972894,0.0,795309.424972894,0.0,0.4184467606538139,0.0
2021-01-05,5,795309.424972894,0.0,795309.424972894,0.0,0.4184467606538139,0.0
2021-01-06,5,795309.424972894,0.0,795309.424972894,0.0,0.4184467606538139,0.0
2021-01-07,5,795309.424972894,0.0,795309.424972894,0.0,0.4184467606538139,0.0
2021-01-08,5,795309.424972894,0.0,795309.424972894,0.0,0.4184467606538139,0.0
2021-01-11,5,795309.424972894,0.0,795309.424972894,0.0,0.4184467606538139,0.0
2021-01-12,5,795309.424972894,0.0,795309.424972894,0.0,0.4184467606538139,0.0
2021-01-13,5,795309.424972894,0.0,795309.424972894,0.0,0.4184467606538139,0.0
2021-01-14,5,795309.424972894,0.0,795309.424972894,0.0,0.4184467606538139,0.0
2021-01-15,5,795309.424972894,0.0,795309.424972894,0.0,0.4184467606538139,0.0
2021-01-18,5,795309.424972894,0.0,795309.424972894,0.0,0.4184467606538139,0.0
2021-01-19,5,795309.424972894,0.0,795309.424972894,0.0,0.4184467606538139,0.0
2021-01-20,5,795309.424972894,0.0,795309.424972894,0.0,0.4184467606538139,0.0
2021-01-21,5,795309.424972894,0.0,795309.424972894,0.0,0.4184467606538139,0.0
2021-01-22,5,795309.424972894,0.0,795309.424972894,0.0,0.4184467606538139,0.0
2021-01-25,5,795309.424972894,0.0,795309.424972894,0.0,0.4184467606538139,0.0
2021-01-27,5,795309.424972894,0.0,795309.424972894,0.0,0.4184467606538139,0.0
2021-01-28,5,795309.424972894,0.0,795309.424972894,0.0,0.4184467606538139,0.0
2021-01-29,5,795309.424972894,0.0,795309.424972894,0.0,0.4184467606538139,0.0
2021-02-01,5,795309.424972894,0.0,795309.424972894,0.0,0.4184467606538139,0.0
2021-02-02,5,795309.424972894,0.0,795309.424972894,0.0,0.4184467606538139,0.0
2021-02-03,5,795309.424972894,0.0,795309.424972894,0.0,0.4184467606538139,0.0
2021-02-04,5,795309.424972894,0.0,795309.424972894,0.0,0.4184467606538139,0.0
2021-02-05,5,795309.424972894,0.0,795309.424972894,0.0,0.4184467606538139,0.0
2021-02-08,5,795309.424972894,0.0,795309.424972894,0.0,0.4184467606538139,0.0
2021-02-09,5,795309.424972894,0.0,795309.424972894,0.0,0.4184467606538139,0.0
2021-02-10,5,0.0,795309.424972894,795309.424972894,0.0,0.4184467606538139,100.0
2021-02-11,5,0.0,793502.6227609788,793502.6227609788,-0.002271822959946488,0.4152243007354989,100.0
2021-02-12,5,0.0,789740.5512947524,789740.5512947524,-0.004741095187733974,0.4085145876137176,100.0
2021-02-15,5,0.0,777130.1583177011,777130.1583177011,-0.015967766827190293,0.3860237551060057,100.0
2021-02-16,5,0.0,769445.1005566362,769445.1005566362,-0.009889022680191872,0.37231733475647766,100.0
2021-02-17,5,0.0,760609.1664058809,760609.1664058809,-0.011483514735961212,0.35655830842038666,100.0
2021-02-18,5,0.0,756710.9548311818,756710.9548311818,-0.005125117796199369,0.3496057872923192,100.0
2021-02-19,5,0.0,760299.7845348731,760299.7845348731,0.004742669153629404,0.3560065210292702,100.0
2021-02-22,5,0.0,732232.6249413512,732232.6249413512,-0.03691591154493413,0.30594830424459984,100.0
2021-02-23,5,0.0,737615.8694968881,737615.8694968881,0.007351822866357622,0.31554940485002625,100.0
2021-02-24,5,0.0,728941.308325789,728941.308325789,-0.01176026917237533,0.3000781897394318,100.0
2021-02-25,5,0.0,740611.8734424528,740611.8734424528,0.01601029463327892,0.32089282460345997,100.0
2021-02-26,5,0.0,715638.8163201945,715638.8163201945,-0.03371949332405444,0.2763529878224522,100.0
2021-03-01,5,0.0,723031.80611406,723031.80611406,0.0103306159829062,0.2895385003982809,100.0
2021-03-02,5,0.0,743344.0863195667,743344.0863195667,0.028093204245986384,0.3257657688730328,100.0
2021-03-03,5,0.0,756386.9453611422,756386.9453611422,0.017546193319641586,0.3490279113502423,100.0
2021-03-04,5,0.0,754062.6840234007,754062.6840234007,-0.003072846976003501,0.34488255501230536,100.0
2021-03-05,5,0.0,743764.4128316487,743764.4128316487,-0.013657049221430973,0.3265154277614585,100.0
2021-03-08,5,0.0,743492.4048949201,743492.4048949201,-0.00036571786984680813,0.32603029736489864,100.0
2021-03-09,5,0.0,754371.7565125376,754371.7565125376,0.014632767659751874,0.34543379061603086,100.0
2021-03-10,5,758557.5994223886,0.0,758557.5994223886,0.005548779993039714,0.3528993067153607,0.0
2021-03-12,5,758557.5994223886,0.0,758557.5994223886,0.0,0.3528993067153607,0.0
2021-03-15,5,758557.5994223886,0.0,758557.5994223886,0.0,0.3528993067153607,0.0
2021-03-16,5,758557.5994223886,0.0,758557.5994223886,0.0,0.3528993067153607,0.0
2021-03-17,5,758557.5994223886,0.0,758557.5994223886,0.0,0.3528993067153607,0.0
2021-03-18,5,758557.5994223886,0.0,758557.5994223886,0.0,0.3528993067153607,0.0
2021-03-19,5,758557.5994223886,0.0,758557.5994223886,0.0,0.3528993067153607,0.0
2021-03-22,5,758557.5994223886,0.0,758557.5994223886,0.0,0.3528993067153607,0.0
2021-03-23,5,758557.5994223886,0.0,758557.5994223886,0.0,0.3528993067153607,0.0
2021-03-24,5,758557.5994223886,0.0,758557.5994223886,0.0,0.3528993067153607,0.0
2021-03-25,5,758557.5994223886,0.0,758557.5994223886,0.0,0.3528993067153607,0.0
2021-03-26,5,758557.5994223886,0.0,758557.5994223886,0.0,0.3528993067153607,0.0
2021-03-30,5,758557.5994223886,0.0,758557.5994223886,0.0,0.3528993067153607,0.0
2021-03-31,5,758557.5994223886,0.0,758557.5994223886,0.0,0.3528993067153607,0.0
2021-04-01,5,758557.5994223886,0.0,758557.5994223886,0.0,0.3528993067153607,0.0
2021-04-05,5,758557.5994223886,0.0,758557.5994223886,0.0,0.3528993067153607,0.0
2021-04-06,5,758557.5994223886,0.0,758557.5994223886,0.0,0.3528993067153607,0.0
2021-04-07,5,758557.5994223886,0.0,758557.5994223886,0.0,0.3528993067153607,0.0
2021-04-08,5,758557.5994223886,0.0,758557.5994223886,0.0,0.3528993067153607,0.0
2021-04-09,5,758557.5994223886,0.0,758557.5994223886,0.0,0.3528993067153607,0.0
2021-04-12,5,758557.5994223886,0.0,758557.5994223886,0.0,0.3528993067153607,0.0
2021-04-13,5,758557.5994223886,0.0,758557.5994223886,0.0,0.3528993067153607,0.0
2021-04-15,5,758557.5994223886,0.0,758557.5994223886,0.0,0.3528993067153607,0.0
2021-04-16,5,758557.5994223886,0.0,758557.5994223886,0.0,0.3528993067153607,0.0
2021-04-19,5,758557.5994223886,0.0,758557.5994223886,0.0,0.3528993067153607,0.0
2021-04-20,5,758557.5994223886,0.0,758557.5994223886,0.0,0.3528993067153607,0.0
2021-04-22,5,758557.5994223886,0.0,758557.5994223886,0.0,0.3528993067153607,0.0
2021-04-23,5,758557.5994223886,0.0,758557.5994223886,0.0,0.3528993067153607,0.0
2021-04-26,5,758557.5994223886,0.0,758557.5994223886,0.0,0.3528993067153607,0.0
2021-04-27,5,758557.5994223886,0.0,758557.5994223886,0.0,0.3528993067153607,0.0
2021-04-28,5,758557.5994223886,0.0,758557.5994223886,0.0,0.3528993067153607,0.0
2021-04-29,5,758557.5994223886,0.0,758557.5994223886,0.0,0.3528993067153607,0.0
2021-04-30,5,0.0,758557.5994223886,758557.5994223886,0.0,0.3528993067153607,100.0
2021-05-03,5,0.0,758894.9660061703,758894.9660061703,0.00044474748395976436,0.35350100527807327,100.0
2021-05-04,5,0.0,762080.9754946716,762080.9754946716,0.0041982219295356995,0.35918330288008027,100.0
2021-05-05,5,0.0,773563.0916068103,773563.0916068103,0.015066792744282341,0.37966183600606357,100.0
2021-05-06,5,0.0,777498.7503867238,777498.7503867238,0.005087702376981909,0.3866811448085429,100.0
2021-05-07,5,0.0,782858.7306189971,782858.7306189971,0.006893876330485829,0.3962407531306695,100.0
2021-05-10,5,0.0,786007.282045574,786007.282045574,0.0040218641032302134,0.4018562436951528,100.0
2021-05-11,5,0.0,780284.9835237747,780284.9835237747,-0.00728021056866951,0.391650435054048,100.0
2021-05-12,5,0.0,771539.0751239669,771539.0751239669,-0.011208607860568003,0.3760519710485383,100.0
2021-05-14,5,0.0,762518.2709146619,762518.2709146619,-0.011691960265078677,0.35996322608035564,100.0
2021-05-17,5,0.0,766311.5587999815,766311.5587999815,0.0049746845813535764,0.3667286141723455,100.0
2021-05-18,5,0.0,771067.0837165696,771067.0837165696,0.006205732984159981,0.37521016701371,100.0
2021-05-19,5,0.0,769369.5656719742,769369.5656719742,-0.0022015179748216965,0.37218261711187184,100.0
2021-05-20,5,0.0,763877.6349630893,763877.6349630893,-0.007138221933809221,0.3623876730572121,100.0
2021-05-21,5,0.0,768995.1158509139,768995.1158509139,0.006699346405228826,0.37151478001723603,100.0
2021-05-24,5,0.0,769244.7490649541,769244.7490649541,0.0003246226261970049,0.3719600047469932,100.0
2021-05-25,5,0.0,777357.8285212615,777357.8285212615,0.010546811617718673,0.3864298084641042,100.0
2021-05-26,5,0.0,788466.5065460515,788466.5065460515,0.014290301862556188,0.40624230893830215,100.0
2021-05-27,5,0.0,793833.6206479163,793833.6206479163,0.006807028652841564,0.41581464062808327,100.0
2021-05-28,5,0.0,784746.9960350957,784746.9960350957,-0.011446510170990621,0.39960850394389646,100.0
2021-05-31,5,0.0,787840.1150131772,787840.1150131772,0.003941549306603746,0.4051251298721333,100.0
2021-06-01,5,0.0,786306.4303449615,786306.4303449615,-0.0019466953243299095,0.4023897793517127,100.0
2021-06-02,5,0.0,780433.4348395721,780433.4348395721,-0.007469092555701037,0.39191520029056565,100.0
2021-06-03,5,0.0,783376.1732702537,783376.1732702537,0.003770646283608487,0.3971636201676394,100.0
2021-06-04,5,0.0,783999.6322223193,783999.6322223193,0.0007958615200956243,0.3982755689302083,100.0
2021-06-07,5,0.0,793837.8023089796,793837.8023089796,0.012548692221669933,0.41582209868579395,100.0
2021-06-08,5,0.0,798064.8418270508,798064.8418270508,0.005324815101745386,0.4233610895782609,100.0
2021-06-09,5,0.0,798089.8045389986,798089.8045389986,3.127905232700799e-05,0.42340561096426205,100.0
2021-06-10,5,0.0,802217.1149786047,802217.1149786047,0.005171486236426918,0.43076673349021655,100.0
2021-06-11,5,0.0,816431.9790856972,816431.9790856972,0.017719472499002475,0.4561191652767841,100.0
2021-06-14,5,816250.851474343,0.0,816250.851474343,-0.0002218526662283204,0.45579612135762126,0.0
2021-06-15,5,0.0,816250.851474343,816250.851474343,0.0,0.45579612135762126,100.0
2021-06-16,5,0.0,819152.8787792544,819152.8787792544,0.0035553130507241164,0.46097193230707756,100.0
2021-06-17,5,0.0,830010.347859628,830010.347859628,0.013254508848890366,0.4803363977118222,100.0
2021-06-18,5,0.0,824894.3291463795,824894.3291463795,-0.00616380112180694,0.4712118985629544,100.0
2021-06-21,5,0.0,818840.1629523161,818840.1629523161,-0.007339323329241911,0.46041419875357303,100.0
2021-06-22,5,0.0,825869.9780955031,825869.9780955031,0.008585088349649404,0.4729519836769549,100.0
2021-06-23,5,0.0,815913.0939503256,815913.0939503256,-0.012056236949233221,0.4551937255469024,100.0
2021-06-24,5,0.0,843982.5154381552,843982.5154381552,0.03440246479184271,0.5052559764553402,100.0
2021-06-25,5,0.0,845783.7463858578,845783.7463858578,0.002134204103467173,0.5084684999370597,100.0
2021-06-28,5,0.0,834763.6284290903,834763.6284290903,-0.01302947473731664,0.4888139477250918,100.0
2021-06-29,5,834953.5714115994,0.0,834953.5714115994,0.00022754103801407425,0.489152713996167,0.0
2021-06-30,5,0.0,834953.5714115994,834953.5714115994,0.0,0.489152713996167,100.0
2021-07-01,5,0.0,833892.9563989716,833892.9563989716,-0.0012702682507659481,0.4872610905830357,100.0
2021-07-02,5,0.0,829887.5628129675,829887.5628129675,-0.004803246694037063,0.4801174086665228,100.0
2021-07-05,5,0.0,828777.0486910025,828777.0486910025,-0.0013381500961416393,0.47813678941381477,100.0
2021-07-06,5,0.0,814128.0958784362,814128.0958784362,-0.01767538427337405,0.45201015365231423,100.0
2021-07-07,5,0.0,817284.9608982141,817284.9608982141,0.0038776023524549658,0.4576404716399049,100.0
2021-07-08,5,0.0,813179.7690935356,813179.7690935356,-0.005022962615348792,0.4503187980442383,100.0
2021-07-09,5,0.0,800614.5762790669,800614.5762790669,-0.01545192501342646,0.42790858073129595,100.0
2021-07-12,5,0.0,796858.8000934955,796858.8000934955,-0.004691116420870905,0.4212100953407249,100.0
2021-07-13,5,0.0,795473.7494798658,795473.7494798658,-0.0017381380659500026,0.41873983597430076,100.0
2021-07-14,5,0.0,801409.5624917055,801409.5624917055,0.007461984780416685,0.42932645103771183,100.0
2021-07-15,5,0.0,798517.5779071304,798517.5779071304,-0.003608622507053129,0.4241685514365708,100.0
2021-07-16,5,0.0,796485.7508792588,796485.7508792588,-0.002544498811406019,0.4205447562501986,100.0
2021-07-19,5,0.0,793942.8324981718,793942.8324981718,-0.003192672785771535,0.4160094216659481,100.0
2021-07-20,5,0.0,799228.1269672038,799228.1269672038,0.0066570214538011355,0.4254358267647629,100.0
2021-07-22,5,0.0,801858.3271156495,801858.3271156495,0.0032909254062746473,0.43012682974207717,100.0
2021-07-23,5,0.0,800985.7529058488,800985.7529058488,-0.0010881899960301091,0.42857058003289755,100.0
2021-07-26,5,0.0,797171.3449012451,797171.3449012451,-0.004762142136443293,0.42176752387883965,100.0
2021-07-27,5,0.0,793531.4395654121,793531.4395654121,-0.004566026311801118,0.41527569595554453,100.0
2021-07-28,5,0.0,797233.6716305165,797233.6716305165,0.004665514030713124,0.42187868457235245,100.0
2021-07-29,5,0.0,795938.3227385484,795938.3227385484,-0.0016248045435899236,0.4195684096252256,100.0
2021-07-30,5,0.0,788877.5151682299,788877.5151682299,-0.008871048633548217,0.40697534922479156,100.0
2021-08-02,5,0.0,801816.0458554843,801816.0458554843,0.016401190854698423,0.43005142045528333,100.0
2021-08-03,5,0.0,818129.3193215424,818129.3193215424,0.020345406593419938,0.45914639805394375,100.0
2021-08-04,5,0.0,815402.1506512099,815402.1506512099,-0.003333420042437923,0.45428245020581964,100.0
2021-08-05,5,0.0,817892.7267528981,817892.7267528981,0.003054414437954496,0.45872443151859216,100.0
2021-08-06,5,0.0,824330.8902977945,824330.8902977945,0.007871647875457275,0.4702069965908331,100.0
2021-08-09,5,0.0,827543.7091469401,827543.7091469401,0.0038974869035722022,0.4759371091055861,100.0
2021-08-10,5,0.0,830333.1422198148,830333.1422198148,0.0033707380553350025,0.48091210648652943,100.0
2021-08-11,5,0.0,832898.4477655699,832898.4477655699,0.0030894895257305823,0.48548736892804717,100.0
2021-08-12,5,833944.0660384772,0.0,833944.0660384772,0.0012553970723711042,0.4873522454220437,0.0
2021-08-13,5,833944.0660384772,0.0,833944.0660384772,0.0,0.4873522454220437,0.0
2021-08-16,5,833944.0660384772,0.0,833944.0660384772,0.0,0.4873522454220437,0.0
2021-08-17,5,833944.0660384772,0.0,833944.0660384772,0.0,0.4873522454220437,0.0
2021-08-18,5,833944.0660384772,0.0,833944.0660384772,0.0,0.4873522454220437,0.0
2021-08-20,5,833944.0660384772,0.0,833944.0660384772,0.0,0.4873522454220437,0.0
2021-08-23,5,833944.0660384772,0.0,833944.0660384772,0.0,0.4873522454220437,0.0
2021-08-24,5,833944.0660384772,0.0,833944.0660384772,0.0,0.4873522454220437,0.0
2021-08-25,5,833944.0660384772,0.0,833944.0660384772,0.0,0.4873522454220437,0.0
2021-08-26,5,833944.0660384772,0.0,833944.0660384772,0.0,0.4873522454220437,0.0
2021-08-27,5,833944.0660384772,0.0,833944.0660384772,0.0,0.4873522454220437,0.0
2021-08-30,5,833944.0660384772,0.0,833944.0660384772,0.0,0.4873522454220437,0.0
2021-08-31,5,833944.0660384772,0.0,833944.0660384772,0.0,0.4873522454220437,0.0
2021-09-01,5,833944.0660384772,0.0,833944.0660384772,0.0,0.4873522454220437,0.0
2021-09-02,5,833944.0660384772,0.0,833944.0660384772,0.0,0.4873522454220437,0.0
2021-09-03,5,833944.0660384772,0.0,833944.0660384772,0.0,0.4873522454220437,0.0
2021-09-06,5,833944.0660384772,0.0,833944.0660384772,0.0,0.4873522454220437,0.0
2021-09-07,5,833944.0660384772,0.0,833944.0660384772,0.0,0.4873522454220437,0.0
2021-09-08,5,833944.0660384772,0.0,833944.0660384772,0.0,0.4873522454220437,0.0
2021-09-09,5,833944.0660384772,0.0,833944.0660384772,0.0,0.4873522454220437,0.0
2021-09-13,5,833944.0660384772,0.0,833944.0660384772,0.0,0.4873522454220437,0.0
2021-09-14,5,833944.0660384772,0.0,833944.0660384772,0.0,0.4873522454220437,0.0
2021-09-15,5,833944.0660384772,0.0,833944.0660384772,0.0,0.4873522454220437,0.0
2021-09-16,5,833944.0660384772,0.0,833944.0660384772,0.0,0.4873522454220437,0.0
2021-09-17,5,833944.0660384772,0.0,833944.0660384772,0.0,0.4873522454220437,0.0
2021-09-20,5,833944.0660384772,0.0,833944.0660384772,0.0,0.4873522454220437,0.0
2021-09-21,5,0.0,833944.0660384772,833944.0660384772,0.0,0.4873522454220437,100.0
2021-09-22,5,0.0,833771.3493372025,833771.3493372025,-0.00020710825618701478,0.4870442024921585,100.0
2021-09-23,5,0.0,835304.1375906271,835304.1375906271,0.0018383796164776424,0.48977795424282133,100.0
2021-09-24,5,0.0,835746.7076671007,835746.7076671007,0.0005298310597984106,0.4905672848751821,100.0
2021-09-27,5,0.0,828331.1158343405,828331.1158343405,-0.008873013515614201,0.47734146121055226,100.0
2021-09-28,5,0.0,815853.0852239965,815853.0852239965,-0.015064061184971124,0.4550866990477819,100.0
2021-09-29,5,0.0,818605.5896510251,818605.5896510251,0.0033737746131987396,0.4599958336130324,100.0
2021-09-30,5,0.0,815075.9391268662,815075.9391268662,-0.004311784049341352,0.4537006468655549,100.0
2021-10-01,5,0.0,805285.6375923557,805285.6375923557,-0.012011520724066662,0.4362394914191402,100.0
2021-10-04,5,0.0,814590.2030515082,814590.2030515082,0.011554366580995106,0.4528343290010989,100.0
2021-10-05,5,0.0,826715.6218959936,826715.6218959936,0.014885299134537601,0.47446020258120547,100.0
2021-10-06,5,0.0,821884.6535930941,821884.6535930941,-0.0058435672133788155,0.4658440952839701,100.0
2021-10-07,5,0.0,839569.332624728,839569.332624728,0.021517227453171764,0.497384996093084,100.0
2021-10-08,5,0.0,848789.089071098,848789.089071098,0.010981530754043277,0.5138285754783232,100.0
2021-10-11,5,0.0,794861.6434879132,794861.6434879132,-0.06353456503806171,0.41764813539311935,100.0
2021-10-12,5,0.0,787798.5552161327,787798.5552161327,-0.008885934212131755,0.40505100732606486,100.0
2021-10-13,5,0.0,788305.3406453421,788305.3406453421,0.0006432931691153382,0.4059548670413363,100.0
2021-10-14,5,0.0,778869.9173815132,778869.9173815132,-0.011969249448576243,0.38912664252427875,100.0
2021-10-18,5,0.0,786569.2122341914,786569.2122341914,0.009885212768985222,0.4028584549486973,100.0
2021-10-19,5,0.0,783765.543607225,783765.543607225,-0.003564427113798172,0.39785806823505715,100.0
2021-10-20,5,777530.906032691,0.0,777530.906032691,-0.0079547227169996,0.38673849490452655,0.0
2021-10-21,5,0.0,777530.906032691,777530.906032691,0.0,0.38673849490452655,100.0
2021-10-22,5,0.0,770124.299080887,770124.299080887,-0.009525803918966803,0.3735286959151829,100.0
2021-10-25,5,0.0,768825.6306472786,768825.6306472786,-0.001686310164681572,0.3712125005137793,100.0
2021-10-26,5,0.0,766547.5468592221,766547.5468592221,-0.0029630695143950613,0.3671495025557495,100.0
2021-10-27,5,0.0,768121.2963418495,768121.2963418495,0.0020530357041458227,0.36995630929740164,100.0
2021-10-28,5,0.0,753131.9316903056,753131.9316903056,-0.01951431983845549,0.3432225437130621,100.0
2021-10-29,5,0.0,747871.3760715006,747871.3760715006,-0.006984905827851928,0.33384026073937867,100.0
2021-11-01,5,0.0,765182.8353294535,765182.8353294535,0.023147642511588514,0.3647155182625378,100.0
2021-11-02,5,0.0,766899.6871433052,766899.6871433052,0.0022437144883321117,0.3677775502433151,100.0
2021-11-03,5,0.0,768671.5659144133,768671.5659144133,0.00231044398741163,0.3709377236603914,100.0
2021-11-04,5,771509.0315027114,0.0,771509.0315027114,0.0036913887726841947,0.3759983877815606,0.0
2021-11-08,5,771509.0315027114,0.0,771509.0315027114,0.0,0.3759983877815606,0.0
2021-11-09,5,771509.0315027114,0.0,771509.0315027114,0.0,0.3759983877815606,0.0
2021-11-10,5,771509.0315027114,0.0,771509.0315027114,0.0,0.3759983877815606,0.0
2021-11-11,5,771509.0315027114,0.0,771509.0315027114,0.0,0.3759983877815606,0.0
2021-11-12,5,771509.0315027114,0.0,771509.0315027114,0.0,0.3759983877815606,0.0
2021-11-15,5,771509.0315027114,0.0,771509.0315027114,0.0,0.3759983877815606,0.0
2021-11-16,5,771509.0315027114,0.0,771509.0315027114,0.0,0.3759983877815606,0.0
2021-11-17,5,0.0,771509.0315027114,771509.0315027114,0.0,0.3759983877815606,100.0
2021-11-18,5,0.0,761388.4487001264,761388.4487001264,-0.013117905804514758,0.35794817054347794,100.0
2021-11-22,5,0.0,757598.6919533618,757598.6919533618,-0.004977428739869322,0.35118908029216184,100.0
2021-11-23,5,0.0,758880.2170682483,758880.2170682483,0.0016915619423552991,0.3534747003173101,100.0
2021-11-24,5,0.0,754290.9110156015,754290.9110156015,-0.006047470930757051,0.34528960141162607,100.0
2021-11-25,5,0.0,754860.4361365607,754860.4361365607,0.0007550470417208674,0.34630535834542975,100.0
2021-11-26,5,0.0,755068.5863638849,755068.5863638849,0.0002757466378678371,0.34667659752153696,100.0
2021-11-29,5,0.0,767149.7496349876,767149.7496349876,0.016000087262643074,0.36822354059644086,100.0
2021-11-30,5,0.0,773097.219876456,773097.219876456,0.007752684849728787,0.3788309465106651,100.0
2021-12-01,5,0.0,783754.543604381,783754.543604381,0.013785230956629438,0.39783844955846265,100.0
2021-12-02,5,0.0,797217.3324615364,797217.3324615364,0.017177302469267762,0.4218495434097006,100.0
2021-12-03,5,0.0,796681.181705199,796681.181705199,-0.0006725277217468361,0.4208933101756045,100.0
2021-12-06,5,0.0,773910.7228419505,773910.7228419505,-0.02858164518774132,0.3802818417345301,100.0
2021-12-07,5,0.0,784437.0157878489,784437.0157878489,0.013601430546463782,0.39905564933942744,100.0
2021-12-08,5,0.0,793715.8699834766,793715.8699834766,0.011828679688589812,0.41560463048197555,100.0
2021-12-09,5,0.0,788212.0300220072,788212.0300220072,-0.006934269767825084,0.4057884460896312,100.0
2021-12-10,5,0.0,795882.4319486225,795882.4319486225,0.00973139413566311,0.4194687275298908,100.0
2021-12-13,5,0.0,789940.8557493183,789940.8557493183,-0.00746539433563945,0.4088718337317718,100.0
2021-12-14,5,0.0,793037.4936851988,793037.4936851988,0.0039200883374277155,0.41439473577611413,100.0
2021-12-15,5,0.0,781340.4312800457,781340.4312800457,-0.01474969657588018,0.39353284258489424,100.0
2021-12-16,5,783018.5946878465,0.0,783018.5946878465,0.00214780054969324,0.39652587319021365,0.0
2021-12-17,5,783018.5946878465,0.0,783018.5946878465,0.0,0.39652587319021365,0.0
2021-12-20,5,783018.5946878465,0.0,783018.5946878465,0.0,0.39652587319021365,0.0
2021-12-21,5,783018.5946878465,0.0,783018.5946878465,0.0,0.39652587319021365,0.0
2021-12-22,5,783018.5946878465,0.0,783018.5946878465,0.0,0.39652587319021365,0.0
2021-12-23,5,0.0,783018.5946878465,783018.5946878465,0.0,0.39652587319021365,100.0
2021-12-24,5,0.0,784771.5950233111,784771.5950233111,0.0022387722939880422,0.39965237662294933,100.0
2021-12-27,5,0.0,790158.9381806832,790158.9381806832,0.006864854935546005,0.4092607871486581,100.0
2021-12-28,5,0.0,792392.9475699973,792392.9475699973,0.0028272911706318737,0.4132451777292812,100.0
2021-12-29,5,0.0,789859.6123425943,789859.6123425943,-0.0031970693772223266,0.4087269348490558,100.0
2021-12-30,5,0.0,798207.8021379685,798207.8021379685,0.010569207065309755,0.42361606152195463,100.0
2021-12-31,5,0.0,799191.2193029675,799191.2193029675,0.0012320315115500198,0.4253700013700984,100.0
2022-01-03,5,0.0,816165.4734816817,816165.4734816817,0.0212392901332407,0.4556438483764156,100.0
2022-01-04,5,0.0,830488.8541963102,830488.8541963102,0.017549603824242112,0.48118982122461684,100.0
2022-01-05,5,0.0,825400.8368770268,825400.8368770268,-0.006126532937286875,0.4721152629985102,100.0
2022-01-06,5,813149.5469750097,0.0,813149.5469750097,-0.01484283678263628,0.4502648964245956,0.0
2022-01-07,5,813149.5469750097,0.0,813149.5469750097,0.0,0.4502648964245956,0.0
2022-01-10,5,813149.5469750097,0.0,813149.5469750097,0.0,0.4502648964245956,0.0
2022-01-11,5,813149.5469750097,0.0,813149.5469750097,0.0,0.4502648964245956,0.0
2022-01-12,5,813149.5469750097,0.0,813149.5469750097,0.0,0.4502648964245956,0.0
2022-01-13,5,813149.5469750097,0.0,813149.5469750097,0.0,0.4502648964245956,0.0
2022-01-14,5,813149.5469750097,0.0,813149.5469750097,0.0,0.4502648964245956,0.0
2022-01-17,5,813149.5469750097,0.0,813149.5469750097,0.0,0.4502648964245956,0.0
2022-01-18,5,813149.5469750097,0.0,813149.5469750097,0.0,0.4502648964245956,0.0
2022-01-19,5,813149.5469750097,0.0,813149.5469750097,0.0,0.4502648964245956,0.0
2022-01-20,5,813149.5469750097,0.0,813149.5469750097,0.0,0.4502648964245956,0.0
2022-01-21,5,813149.5469750097,0.0,813149.5469750097,0.0,0.4502648964245956,0.0
2022-01-24,5,813149.5469750097,0.0,813149.5469750097,0.0,0.4502648964245956,0.0
2022-01-25,5,813149.5469750097,0.0,813149.5469750097,0.0,0.4502648964245956,0.0
2022-01-27,5,813149.5469750097,0.0,813149.5469750097,0.0,0.4502648964245956,0.0
2022-01-28,5,0.0,813149.5469750097,813149.5469750097,0.0,0.4502648964245956,100.0
2022-01-31,5,0.0,823330.2948967373,823330.2948967373,0.012520142155401679,0.46842241909082044,100.0
2022-02-01,5,0.0,837521.6339634488,837521.6339634488,0.01723650782034126,0.4937328936010438,100.0
2022-02-02,5,0.0,849762.7950429238,849762.7950429238,0.014615934183748127,0.5155651952620163,100.0
2022-02-03,5,0.0,842799.364674583,842799.364674583,-0.008194557833035118,0.5031458086197066,100.0
2022-02-04,5,0.0,840661.8030373274,840661.8030373274,-0.002536263939972166,0.49933343410878406,100.0
2022-02-07,5,0.0,832750.8021183729,832750.8021183729,-0.009410444117208483,0.48522404061404106,100.0
2022-02-08,5,0.0,824916.8958794291,824916.8958794291,-0.009407263516307295,0.4712521466832301,100.0
2022-02-09,5,0.0,828685.1202878823,828685.1202878823,0.004568004883008218,0.4779728336734154,100.0
2022-02-10,5,0.0,830844.6859196421,830844.6859196421,0.002606014732121162,0.4818244526516432,100.0
2022-02-11,5,0.0,813415.0735882497,813415.0735882497,-0.02097818356038462,0.45073846727965056,100.0
2022-02-14,5,0.0,821956.6086536292,821956.6086536292,0.010500832038555483,0.4659724282564256,100.0
2022-02-15,5,0.0,840459.586381634,840459.586381634,0.02251089355959168,0.49897277755020214,100.0
2022-02-16,5,0.0,839424.9279481362,839424.9279481362,-0.0012310626831591063,0.4971274481006887,100.0
2022-02-17,5,0.0,833062.7809393944,833062.7809393944,-0.007579173308914339,0.485780459706001,100.0
2022-02-18,5,0.0,835198.1512693148,835198.1512693148,0.0025632765966479834,0.48958892598612225,100.0
2022-02-21,5,0.0,818797.544012617,818797.544012617,-0.019636785871439702,0.4603381872100649,100.0
2022-02-22,5,0.0,789518.6075677739,789518.6075677739,-0.03575845660376322,0.40811874751589555,100.0
2022-02-23,5,0.0,784543.4220433623,784543.4220433623,-0.0063015430880576625,0.39924542655532236,100.0
2022-02-24,5,0.0,748847.3029949563,748847.3029949563,-0.0454992267418859,0.3355808416249349,100.0
2022-02-25,5,0.0,774291.2155841575,774291.2155841575,0.03397743770651279,0.38096045647325805,100.0
2022-02-28,5,0.0,781647.6036702477,781647.6036702477,0.009500802718703516,0.3940806893325412,100.0
2022-03-02,5,0.0,779877.2189247699,779877.2189247699,-0.002264939772302666,0.3909231805334728,100.0
2022-03-03,5,0.0,779492.3550101857,779492.3550101857,-0.0004934929566410177,0.39023676974065086,100.0
2022-03-04,5,0.0,775082.9571137974,775082.9571137974,-0.005656755795033672,0.3823725398369515,100.0
2022-03-07,5,0.0,766406.9819143234,766406.9819143234,-0.011193608529054804,0.36689880278470144,100.0
2022-03-08,5,0.0,791709.0460086628,791709.0460086628,0.03301387473159515,0.412025428630603,100.0
2022-03-09,5,0.0,798889.5392587907,798889.5392587907,0.009069611224385724,0.42483195030722914,100.0
2022-03-10,5,0.0,796327.412983673,796327.412983673,-0.003207109555464658,0.4202623581444675,100.0
2022-03-11,5,0.0,791533.0974807482,791533.0974807482,-0.0060205330430124744,0.4117116216875119,100.0
2022-03-14,5,800375.5323367785,0.0,800375.5323367785,0.011171276203324325,0.427482242132826,0.0
2022-03-15,5,800375.5323367785,0.0,800375.5323367785,0.0,0.427482242132826,0.0
2022-03-16,5,0.0,800375.5323367785,800375.5323367785,0.0,0.427482242132826,100.0
2022-03-17,5,0.0,804064.4752076984,804064.4752076984,0.0046090150459118795,0.43406152926458824,100.0
2022-03-21,5,0.0,793982.8719555644,793982.8719555644,-0.012538302042917476,0.4160808326625407,100.0
2022-03-22,5,0.0,810238.2084974394,810238.2084974394,0.020473157691473187,0.44507247885351353,100.0
2022-03-23,5,0.0,812744.9130050066,812744.9130050066,0.0030937870878933542,0.4495432254296606,100.0
2022-03-24,5,0.0,820943.7753398705,820943.7753398705,0.010087866689377063,0.4641660242482846,100.0
2022-03-25,5,0.0,811661.2345920143,811661.2345920143,-0.011307157721018313,0.44761046808235294,100.0
2022-03-28,5,0.0,811715.9663648827,811715.9663648827,6.743179362979331e-05,0.447708083052693,100.0
2022-03-29,5,0.0,811201.5197693191,811201.5197693191,-0.000633776612609218,0.4467905595277689,100.0
2022-03-30,5,0.0,816937.398876114,816937.398876114,0.0070708436399700755,0.45702058935397455,100.0
2022-03-31,5,817957.5886998241,0.0,817957.5886998241,0.001248798041457665,0.4588401138123233,0.0
2022-04-01,5,817957.5886998241,0.0,817957.5886998241,0.0,0.4588401138123233,0.0
2022-04-04,5,817957.5886998241,0.0,817957.5886998241,0.0,0.4588401138123233,0.0
2022-04-05,5,817957.5886998241,0.0,817957.5886998241,0.0,0.4588401138123233,0.0
2022-04-06,5,817957.5886998241,0.0,817957.5886998241,0.0,0.4588401138123233,0.0
2022-04-07,5,817957.5886998241,0.0,817957.5886998241,0.0,0.4588401138123233,0.0
2022-04-08,5,817957.5886998241,0.0,817957.5886998241,0.0,0.4588401138123233,0.0
2022-04-11,5,817957.5886998241,0.0,817957.5886998241,0.0,0.4588401138123233,0.0
2022-04-12,5,817957.5886998241,0.0,817957.5886998241,0.0,0.4588401138123233,0.0
2022-04-13,5,0.0,817957.5886998241,817957.5886998241,0.0,0.4588401138123233,100.0
2022-04-18,5,0.0,788048.8125809188,788048.8125809188,-0.036565191804683254,0.40549734523840975,100.0
2022-04-19,5,0.0,775506.740997225,775506.740997225,-0.01591534862240006,0.38312836500108266,100.0
2022-04-20,5,0.0,794470.6045192806,794470.6045192806,0.02445351216118367,0.41695071129511474,100.0
2022-04-21,5,0.0,810519.4674785542,810519.4674785542,0.020200700778582607,0.44557410863198715,100.0
2022-04-22,5,0.0,806923.2967127996,806923.2967127996,-0.004436871549725982,0.4391602819963774,100.0
2022-04-25,5,0.0,792549.629291523,792549.629291523,-0.017812929035301413,0.41352462202275153,100.0
2022-04-26,5,0.0,792125.2544200527,792125.2544200527,-0.000535455264611788,0.41276774282223105,100.0
2022-04-27,5,0.0,795453.396081043,795453.396081043,0.0042015345962261716,0.41870353537013105,100.0
2022-04-28,5,0.0,800613.1881124962,800613.1881124962,0.006486605069352691,0.42790610491457154,100.0
2022-04-29,5,0.0,791422.3646980703,791422.3646980703,-0.011479730225396194,0.41151412804295595,100.0
2022-05-02,5,0.0,790462.8375718055,790462.8375718055,-0.0012124084042418196,0.4098027964514106,100.0
2022-05-04,5,0.0,776482.9310266771,776482.9310266771,-0.01768572269390007,0.3848694151402861,100.0
2022-05-05,5,0.0,783991.6815980218,783991.6815980218,0.009670206866513407,0.3982613888678001,100.0
2022-05-06,5,0.0,765961.7457778815,765961.7457778815,-0.02299761112693136,0.3661047171928155,100.0
2022-05-09,5,0.0,768751.0371458917,768751.0371458917,0.0036415544031869677,0.3710794618409235,100.0
2022-05-10,5,0.0,767334.0553396037,767334.0553396037,-0.0018432258791464841,0.36855225269449204,100.0
2022-05-11,5,0.0,761364.9718120618,761364.9718120618,-0.0077789894583788054,0.3579062991475411,100.0
2022-05-12,5,0.0,760617.4199340964,760617.4199340964,-0.0009818574607999967,0.3565730287166557,100.0
2022-05-13,5,0.0,762012.0656181015,762012.0656181015,0.0018335705276457505,0.3590604010407097,100.0
2022-05-16,5,0.0,752756.8278771992,752756.8278771992,-0.012145788969095937,0.3425535402134144,100.0
2022-05-17,5,0.0,769431.2671885998,769431.2671885998,0.022151163156398257,0.3722926627288818,100.0
2022-05-18,5,0.0,768807.0798386582,768807.0798386582,-0.0008112321094284089,0.3711794148573431,100.0
2022-05-19,5,0.0,727154.4250274634,727154.4250274634,-0.05417829245268668,0.2968912555140982,100.0
2022-05-20,5,0.0,734076.1070706163,734076.1070706163,0.009518861200482356,0.3092361833674562,100.0
2022-05-23,5,0.0,740485.0618468933,740485.0618468933,0.008730640753112572,0.3206666541454137,100.0
2022-05-24,5,0.0,732961.5062399594,732961.5062399594,-0.010160307067058031,0.30724827540607214,100.0
2022-05-25,5,0.0,706133.042476501,706133.042476501,-0.036602827754333975,0.2593992919492335,100.0
2022-05-26,5,0.0,719352.2192128652,719352.2192128652,0.018720518572538224,0.2829758997844106,100.0
2022-05-27,5,0.0,727009.5486890255,727009.5486890255,0.010644756868254453,0.29663286630544566,100.0
2022-05-30,5,751658.8794441869,0.0,751658.8794441869,0.033905099045274154,0.34059533206288956,0.0
2022-05-31,5,751658.8794441869,0.0,751658.8794441869,0.0,0.34059533206288956,0.0
2022-06-01,5,751658.8794441869,0.0,751658.8794441869,0.0,0.34059533206288956,0.0
2022-06-02,5,751658.8794441869,0.0,751658.8794441869,0.0,0.34059533206288956,0.0
2022-06-03,5,751658.8794441869,0.0,751658.8794441869,0.0,0.34059533206288956,0.0
2022-06-06,5,751658.8794441869,0.0,751658.8794441869,0.0,0.34059533206288956,0.0
2022-06-07,5,751658.8794441869,0.0,751658.8794441869,0.0,0.34059533206288956,0.0
2022-06-08,5,751658.8794441869,0.0,751658.8794441869,0.0,0.34059533206288956,0.0
2022-06-09,5,751658.8794441869,0.0,751658.8794441869,0.0,0.34059533206288956,0.0
2022-06-10,5,751658.8794441869,0.0,751658.8794441869,0.0,0.34059533206288956,0.0
2022-06-13,5,751658.8794441869,0.0,751658.8794441869,0.0,0.34059533206288956,0.0
2022-06-14,5,751658.8794441869,0.0,751658.8794441869,0.0,0.34059533206288956,0.0
2022-06-15,5,751658.8794441869,0.0,751658.8794441869,0.0,0.34059533206288956,0.0
2022-06-16,5,0.0,751658.8794441869,751658.8794441869,0.0,0.34059533206288956,100.0
2022-06-17,5,0.0,738955.7731734441,738955.7731734441,-0.01690009473464363,0.31793914395020567,100.0
2022-06-20,5,0.0,744577.6648561107,744577.6648561107,0.007607886543092298,0.32796587542807903,100.0
2022-06-21,5,0.0,768392.9666227442,768392.9666227442,0.03198498006414928,0.37044083747951667,100.0
2022-06-22,5,0.0,771024.4903890988,771024.4903890988,0.003424710897499057,0.3751342011500105,100.0
2022-06-23,5,0.0,791562.3606005791,791562.3606005791,0.026637117844487447,0.41176381291802844,100.0
2022-06-24,5,0.0,787806.4701788158,787806.4701788158,-0.004744907803490812,0.40506512378542775,100.0
2022-06-27,5,0.0,792973.790894829,792973.790894829,0.006559124495182587,0.41428112085617547,100.0
2022-06-28,5,0.0,793799.1207586064,793799.1207586064,0.0010408034581395724,0.41575310953754413,100.0
2022-06-29,5,0.0,787184.4502899736,787184.4502899736,-0.008332927431705016,0.40395574161455705,100.0
2022-06-30,5,780804.918407974,0.0,780804.918407974,-0.008104240219239181,0.39257774702733256,0.0
2022-07-01,5,780804.918407974,0.0,780804.918407974,0.0,0.39257774702733256,0.0
2022-07-04,5,780804.918407974,0.0,780804.918407974,0.0,0.39257774702733256,0.0
2022-07-05,5,0.0,780804.918407974,780804.918407974,0.0,0.39257774702733256,100.0
2022-07-06,5,0.0,791595.8085522688,791595.8085522688,0.013820212821272906,0.41182346786141905,100.0
2022-07-07,5,0.0,798174.7623868297,798174.7623868297,0.008311001351299509,0.4235571346106117,100.0
2022-07-08,5,0.0,792736.7919603977,792736.7919603977,-0.006813007229357247,0.41385842956110647,100.0
2022-07-11,5,0.0,755921.5111008798,755921.5111008798,-0.04644073699225649,0.34819780208957435,100.0
2022-07-12,5,0.0,748857.0273676438,748857.0273676438,-0.009345525467250792,0.33559818519525464,100.0
2022-07-13,5,0.0,737701.9897993427,737701.9897993427,-0.014896084513639244,0.31570300175232296,100.0
2022-07-14,5,0.0,727991.3918258424,727991.3918258424,-0.013163307280954434,0.298383998849783,100.0
2022-07-15,5,0.0,726983.9409936065,726983.9409936065,-0.0013838773968318967,0.29658719458136656,100.0
2022-07-18,5,0.0,743710.4222954459,743710.4222954459,0.023008047851756558,0.32641913479826945,100.0
2022-07-19,5,0.0,745573.8253553233,745573.8253553233,0.0025055492084217214,0.32974254321149865,100.0
2022-07-20,5,0.0,767534.2209935754,767534.2209935754,0.029454354339473125,0.3689092512595223,100.0
2022-07-21,5,0.0,770565.7482984274,770565.7482984274,0.003949696602358278,0.37431602747815884,100.0
2022-07-22,5,0.0,769037.8466948784,769037.8466948784,-0.001982830935482081,0.37159099114374633,100.0
2022-07-25,5,0.0,768007.1274112287,768007.1274112287,-0.0013402712078208598,0.36975268722940985,100.0
2022-07-26,5,0.0,755674.8506512834,755674.8506512834,-0.016057503009789146,0.34775787933155683,100.0
2022-07-27,5,0.0,773366.8913700143,773366.8913700143,0.02341223967356183,0.37931190982439866,100.0
2022-07-28,5,0.0,790743.5821976195,790743.5821976195,0.022468883813764648,0.41030350886918493,100.0
2022-07-29,5,0.0,800783.9769474826,800783.9769474826,0.012697409091780422,0.42821070946487033,100.0
2022-08-01,5,0.0,800032.1937015898,800032.1937015898,-0.0009388090515477852,0.42686989232330724,100.0
2022-08-02,5,797536.2038724617,0.0,797536.2038724617,-0.0031198617365379936,0.42241825554322965,0.0
2022-08-03,5,797536.2038724617,0.0,797536.2038724617,0.0,0.42241825554322965,0.0
2022-08-04,5,797536.2038724617,0.0,797536.2038724617,0.0,0.42241825554322965,0.0
2022-08-05,5,797536.2038724617,0.0,797536.2038724617,0.0,0.42241825554322965,0.0
2022-08-08,5,797536.2038724617,0.0,797536.2038724617,0.0,0.42241825554322965,0.0
2022-08-10,5,797536.2038724617,0.0,797536.2038724617,0.0,0.42241825554322965,0.0
2022-08-11,5,797536.2038724617,0.0,797536.2038724617,0.0,0.42241825554322965,0.0
2022-08-12,5,797536.2038724617,0.0,797536.2038724617,0.0,0.42241825554322965,0.0
2022-08-16,5,797536.2038724617,0.0,797536.2038724617,0.0,0.42241825554322965,0.0
2022-08-17,5,797536.2038724617,0.0,797536.2038724617,0.0,0.42241825554322965,0.0
2022-08-18,5,797536.2038724617,0.0,797536.2038724617,0.0,0.42241825554322965,0.0
2022-08-19,5,797536.2038724617,0.0,797536.2038724617,0.0,0.42241825554322965,0.0
2022-08-22,5,797536.2038724617,0.0,797536.2038724617,0.0,0.42241825554322965,0.0
2022-08-23,5,0.0,797536.2038724617,797536.2038724617,0.0,0.42241825554322965,100.0
2022-08-24,5,0.0,790433.9895176867,790433.9895176867,-0.008905193670569448,0.40975134549706366,100.0
2022-08-25,5,0.0,781413.534692274,781413.534692274,-0.011412028006180215,0.39366322366050094,100.0
2022-08-26,5,0.0,782384.7776809612,782384.7776809612,0.0012429308497575577,0.39539545067536114,100.0
2022-08-29,5,0.0,760616.8179089968,760616.8179089968,-0.027822575787435414,0.3565719549955033,100.0
2022-08-30,5,0.0,779701.7070687193,779701.7070687193,0.025091332074655595,0.39061015240146024,100.0
2022-09-01,5,0.0,760410.4050619138,760410.4050619138,-0.024741900436938895,0.3562038144641469,100.0
2022-09-02,5,0.0,760094.739234597,760094.739234597,-0.00041512560219518843,0.35564081953896803,100.0
2022-09-05,5,0.0,760823.1714761123,760823.1714761123,0.0009583440114963725,0.3569399898001132,100.0
2022-09-06,5,0.0,759281.358799552,759281.358799552,-0.002026505940360644,0.3541901428500704,100.0
2022-09-07,5,0.0,763991.9962512652,763991.9962512652,0.006204073624513677,0.3625916381979029,100.0
2022-09-08,5,0.0,768855.4360000287,768855.4360000287,0.006365825522554378,0.3712656588251623,100.0
2022-09-09,5,0.0,780498.6969484106,780498.6969484106,0.015143628311917687,0.3920315962793075,100.0
2022-09-12,5,0.0,786635.6775840911,786635.6775840911,0.007862896709084619,0.40297699693663386,100.0
2022-09-13,5,0.0,783336.7891811288,783336.7891811288,-0.004193667407882847,0.3970933780305714,100.0
2022-09-14,5,0.0,756908.9651311161,756908.9651311161,-0.033737498883002044,0.3499589417498154,100.0
2022-09-15,5,0.0,753015.797128051,753015.797128051,-0.0051435089058439794,0.3430154159104015,100.0
2022-09-16,5,0.0,729814.1384766233,729814.1384766233,-0.030811649290648613,0.3016348959234356,100.0
2022-09-19,5,0.0,734689.7776870333,734689.7776870333,0.006680658750441736,0.31033067448076684,100.0
2022-09-20,5,0.0,737479.3089559164,737479.3089559164,0.0037968831928834124,0.3153058469958225,100.0
2022-09-21,5,0.0,727266.8840744853,727266.8840744853,-0.013847744278940328,0.2970918279780293,100.0
2022-09-22,5,0.0,728769.2895268187,728769.2895268187,0.0020658240946105242,0.29977139152918875,100.0
2022-09-23,5,0.0,722626.376932523,722626.376932523,-0.008429159519447107,0.2888154111311755,100.0
2022-09-26,5,0.0,725619.0597364721,725619.0597364721,0.004141397130634435,0.29415290757675155,100.0
2022-09-27,5,0.0,731204.6713124184,731204.6713124184,0.007697718935297664,0.3041149329185756,100.0
2022-09-28,5,0.0,735614.9811866103,735614.9811866103,0.006031566874806668,0.31198078934890805,100.0
2022-09-29,5,0.0,726321.838801968,726321.838801968,-0.012633160854951092,0.2954063249984576,100.0
2022-09-30,5,0.0,728078.6977235074,728078.6977235074,0.002418843586525279,0.2985397102796244,100.0
2022-10-03,5,0.0,723329.096836552,723329.096836552,-0.006523471846939111,0.29006872303748277,100.0
2022-10-04,5,0.0,749064.0391377052,749064.0391377052,0.03557846962565704,0.335967393915082,100.0
2022-10-06,5,750929.4837847215,0.0,750929.4837847215,0.0024903673778862317,0.33929444353080784,0.0
2022-10-07,5,0.0,750929.4837847215,750929.4837847215,0.0,0.33929444353080784,100.0
2022-10-10,5,0.0,764074.2774445986,764074.2774445986,0.01750469776952523,0.3627383879892191,100.0
2022-10-11,5,0.0,752068.8136846522,752068.8136846522,-0.01571243021044756,0.3413264561728407,100.0
2022-10-12,5,0.0,759713.097013347,759713.097013347,0.010164340269931814,0.3549601546864432,100.0
2022-10-13,5,0.0,760337.8831111459,760337.8831111459,0.0008223974290494371,0.35607447043412177,100.0
2022-10-14,5,0.0,759321.0579434595,759321.0579434595,-0.0013373332965152369,0.35426094689225596,100.0
2022-10-17,5,0.0,762408.2011227227,762408.2011227227,0.004065662537562728,0.35976691489012,100.0
2022-10-18,5,0.0,770481.2510142727,770481.2510142727,0.010588881231421174,0.3741653252543075,100.0
2022-10-19,5,0.0,764882.8206407641,764882.8206407641,-0.007266147445040025,0.3641804373871483,100.0
2022-10-20,5,0.0,773568.3941935359,773568.3941935359,0.011355430293879093,0.3796712932521716,100.0
2022-10-21,5,767923.9772901923,0.0,767923.9772901923,-0.007296597102093445,0.3696043876919862,0.0
2022-10-24,5,767923.9772901923,0.0,767923.9772901923,0.0,0.3696043876919862,0.0
2022-10-25,5,767923.9772901923,0.0,767923.9772901923,0.0,0.3696043876919862,0.0
2022-10-27,5,767923.9772901923,0.0,767923.9772901923,0.0,0.3696043876919862,0.0
2022-10-28,5,767923.9772901923,0.0,767923.9772901923,0.0,0.3696043876919862,0.0
2022-10-31,5,767923.9772901923,0.0,767923.9772901923,0.0,0.3696043876919862,0.0
2022-11-01,5,0.0,767923.9772901923,767923.9772901923,0.0,0.3696043876919862,100.0
2022-11-02,5,0.0,763683.5159599234,763683.5159599234,-0.005521980633073065,0.3620414587881792,100.0
2022-11-03,5,0.0,755449.9650466391,755449.9650466391,-0.010781365239938452,0.34735679234904526,100.0
2022-11-04,5,0.0,757958.881661073,757958.881661073,0.003321089060185441,0.3518314842522822,100.0
2022-11-07,5,0.0,761798.8664798039,761798.8664798039,0.005066217853817626,0.3586801570531539,100.0
2022-11-09,5,0.0,757640.8815702655,757640.8815702655,-0.005458113804700239,0.35126432613176983,100.0
2022-11-10,5,0.0,755190.8027371475,755190.8027371475,-0.003233826068149859,0.3468945723289639,100.0
2022-11-11,5,0.0,781175.4189472822,781175.4189472822,0.034408014657957814,0.39323854051638274,100.0
2022-11-14,5,0.0,785781.0426173118,785781.0426173118,0.005895761129089472,0.4014527421471086,100.0
2022-11-15,5,0.0,785097.8801867436,785097.8801867436,-0.0008694055894918812,0.4002343112996772,100.0
2022-11-16,5,789666.8947936875,0.0,789666.8947936875,0.005819675128733183,0.40838322009554673,0.0
2022-11-17,5,789666.8947936875,0.0,789666.8947936875,0.0,0.40838322009554673,0.0
2022-11-18,5,789666.8947936875,0.0,789666.8947936875,0.0,0.40838322009554673,0.0
2022-11-21,5,789666.8947936875,0.0,789666.8947936875,0.0,0.40838322009554673,0.0
2022-11-22,5,789666.8947936875,0.0,789666.8947936875,0.0,0.40838322009554673,0.0
2022-11-23,5,789666.8947936875,0.0,789666.8947936875,0.0,0.40838322009554673,0.0
2022-11-24,5,789666.8947936875,0.0,789666.8947936875,0.0,0.40838322009554673,0.0
2022-11-25,5,789666.8947936875,0.0,789666.8947936875,0.0,0.40838322009554673,0.0
2022-11-28,5,789666.8947936875,0.0,789666.8947936875,0.0,0.40838322009554673,0.0
2022-11-29,5,789666.8947936875,0.0,789666.8947936875,0.0,0.40838322009554673,0.0
2022-11-30,5,789666.8947936875,0.0,789666.8947936875,0.0,0.40838322009554673,0.0
2022-12-01,5,0.0,789666.8947936875,789666.8947936875,0.0,0.40838322009554673,100.0
2022-12-02,5,0.0,781374.1028066311,781374.1028066311,-0.010501633083178695,0.39359289627759764,100.0
2022-12-05,5,0.0,778363.7057154394,778363.7057154394,-0.003852696269787584,0.3882238061245064,100.0
2022-12-06,5,0.0,769150.7989924477,769150.7989924477,-0.011836249115088952,0.3717924433277198,100.0
2022-12-07,5,0.0,768071.600035228,768071.600035228,-0.0014031045129686156,0.3698676751596305,100.0
2022-12-08,5,0.0,761244.2355384463,761244.2355384463,-0.008888968810288608,0.35769096412091395,100.0
2022-12-09,5,0.0,748112.0771336972,748112.0771336972,-0.017250913427883534,0.33426955483704435,100.0
2022-12-12,5,0.0,746680.707423014,746680.707423014,-0.0019133091877989244,0.33171668463877424,100.0
2022-12-13,5,0.0,757052.410682564,757052.410682564,0.013890412804886086,0.3502147791275611,100.0
2022-12-14,5,0.0,764606.8033831016,764606.8033831016,0.00997869182363012,0.36368815630418583,100.0
2022-12-15,5,0.0,750167.0985933369,750167.0985933369,-0.018885137728142588,0.33793471765414446,100.0
2022-12-16,5,0.0,735447.9045705048,735447.9045705048,-0.019621220459325045,0.3116828055988677,100.0
2022-12-19,5,0.0,726777.5630709134,726777.5630709134,-0.011789198725985585,0.2962191163382043,100.0
2022-12-20,5,0.0,736287.6920364005,736287.6920364005,0.013085336489067144,0.313180579639051,100.0
2022-12-21,5,0.0,741871.2396865877,741871.2396865877,0.007583377680461241,0.3231389239371009,100.0
2022-12-22,5,0.0,739862.5101822182,739862.5101822182,-0.002707652483223585,0.31955632354405283,100.0
2022-12-23,5,0.0,732746.9530256226,732746.9530256226,-0.009617404664608633,0.3068656164027865,100.0
2022-12-26,5,0.0,738319.0855509022,738319.0855509022,0.0076044431195126235,0.31680360164756827,100.0
2022-12-27,5,0.0,739817.1267487264,739817.1267487264,0.0020289888574482684,0.31947538148275895,100.0
2022-12-28,5,738533.1423056487,0.0,738533.1423056487,-0.001735543010095517,0.3171853752074334,0.0
