fold,signal_idx,signal_date,entry_idx,entry_date,exit_idx,exit_date,predicted_prob,threshold,entry_price,exit_price,gross_return,cost_bps,net_return,position_size_pct,holding_period_days,is_win,is_overlapping
1,0,2005-11-22,0,2005-11-22,10,2005-12-06,0.775,0.55,187.4824981689453,194.25,0.036096712477963235,0.001,0.035096712477963234,1.0,10,True,False
1,1,2005-11-23,1,2005-11-23,11,2005-12-07,0.8,0.55,189.58250427246094,199.44500732421875,0.0520222216158923,0.001,0.0510222216158923,1.0,10,True,True
1,2,2005-11-24,2,2005-11-24,12,2005-12-08,0.81,0.55,190.53250122070312,202.07000732421875,0.06055400537754536,0.001,0.059554005377545356,1.0,10,True,True
1,3,2005-11-25,3,2005-11-25,13,2005-12-09,0.795,0.55,191.71249389648438,210.33749389648438,0.09715068445177398,0.001,0.09615068445177398,1.0,10,True,True
1,4,2005-11-28,4,2005-11-28,14,2005-12-12,0.74,0.55,193.45750427246094,206.27499389648438,0.06625480708141251,0.001,0.06525480708141251,1.0,10,True,True
1,5,2005-11-29,5,2005-11-29,15,2005-12-13,0.895,0.55,193.1699981689453,208.4499969482422,0.07910130415766262,0.001,0.07810130415766262,1.0,10,True,True
1,6,2005-11-30,6,2005-11-30,16,2005-12-14,0.805,0.55,190.1374969482422,210.4875030517578,0.10702784264092396,0.001,0.10602784264092396,1.0,10,True,True
1,7,2005-12-01,7,2005-12-01,17,2005-12-15,0.75,0.55,193.7624969482422,210.35000610351562,0.08560742876731348,0.001,0.08460742876731348,1.0,10,True,True
1,8,2005-12-02,8,2005-12-02,18,2005-12-16,0.73,0.55,193.75,214.3000030517578,0.10606453188004032,0.001,0.10506453188004032,1.0,10,True,True
1,9,2005-12-05,9,2005-12-05,19,2005-12-19,0.815,0.55,191.4199981689453,216.82000732421875,0.13269255771727492,0.001,0.13169255771727492,1.0,10,True,True
1,10,2005-12-06,10,2005-12-06,20,2005-12-20,0.7,0.55,194.25,211.6875,0.08976833976833977,0.001,0.08876833976833977,1.0,10,True,False
1,11,2005-12-07,11,2005-12-07,21,2005-12-21,0.755,0.55,199.44500732421875,210.7624969482422,0.05674491317612013,0.001,0.05574491317612013,1.0,10,True,True
1,12,2005-12-08,12,2005-12-08,22,2005-12-22,0.775,0.55,202.07000732421875,210.58749389648438,0.04215116674192735,0.001,0.04115116674192735,1.0,10,True,True
1,13,2005-12-09,13,2005-12-09,23,2005-12-23,0.715,0.55,210.33749389648438,208.97000122070312,-0.0065014213607310955,0.001,-0.0075014213607310955,1.0,10,False,True
1,14,2005-12-12,14,2005-12-12,24,2005-12-26,0.58,0.55,206.27499389648438,207.8625030517578,0.007696081455564615,0.001,0.006696081455564615,1.0,10,True,True
1,15,2005-12-13,15,2005-12-13,25,2005-12-27,0.81,0.55,208.4499969482422,212.27000427246094,0.01832577299181852,0.001,0.01732577299181852,1.0,10,True,True
1,16,2005-12-14,16,2005-12-14,26,2005-12-28,0.66,0.55,210.4875030517578,210.70750427246094,0.0010451984916607035,0.001,4.519849166070345e-05,1.0,10,True,True
1,17,2005-12-15,17,2005-12-15,27,2005-12-29,0.785,0.55,210.35000610351562,213.75750732421875,0.016199197156316007,0.001,0.015199197156316006,1.0,10,True,True
1,18,2005-12-16,18,2005-12-16,28,2005-12-30,0.725,0.55,214.3000030517578,212.8574981689453,-0.006731240607887932,0.001,-0.007731240607887932,1.0,10,False,True
1,19,2005-12-19,19,2005-12-19,29,2006-01-02,0.74,0.55,216.82000732421875,210.9499969482422,-0.027073195174276168,0.001,-0.02807319517427617,1.0,10,False,True
1,20,2005-12-20,20,2005-12-20,30,2006-01-03,0.75,0.55,211.6875,216.64999389648438,0.023442545717080012,0.001,0.02244254571708001,1.0,10,True,False
1,21,2005-12-21,21,2005-12-21,31,2006-01-04,0.855,0.55,210.7624969482422,217.8874969482422,0.033805824580592794,0.001,0.03280582458059279,1.0,10,True,True
1,22,2005-12-22,22,2005-12-22,32,2006-01-05,0.82,0.55,210.58749389648438,216.5449981689453,0.02828992435509673,0.001,0.02728992435509673,1.0,10,True,True
1,23,2005-12-23,23,2005-12-23,33,2006-01-06,0.855,0.55,208.97000122070312,213.1999969482422,0.020242119456522198,0.001,0.019242119456522197,1.0,10,True,True
1,24,2005-12-26,24,2005-12-26,34,2006-01-09,0.805,0.55,207.8625030517578,211.1199951171875,0.015671379001043644,0.001,0.014671379001043643,1.0,10,True,True
1,25,2005-12-27,25,2005-12-27,35,2006-01-10,0.77,0.55,212.27000427246094,209.0625,-0.015110492334771514,0.001,-0.016110492334771513,1.0,10,False,True
1,26,2005-12-28,26,2005-12-28,36,2006-01-12,0.85,0.55,210.70750427246094,209.21249389648438,-0.007095192841558218,0.001,-0.008095192841558218,1.0,10,False,True
1,27,2005-12-29,27,2005-12-29,37,2006-01-13,0.9,0.55,213.75750732421875,206.47000122070312,-0.03409239841322733,0.001,-0.03509239841322733,1.0,10,False,True
1,28,2005-12-30,28,2005-12-30,38,2006-01-16,0.78,0.55,212.8574981689453,201.09500122070312,-0.05525996053428325,0.001,-0.056259960534283254,1.0,10,False,True
1,29,2006-01-02,29,2006-01-02,39,2006-01-17,0.92,0.55,210.9499969482422,202.9250030517578,-0.038042161709314244,0.001,-0.039042161709314245,1.0,10,False,True
1,30,2006-01-03,30,2006-01-03,40,2006-01-18,0.68,0.55,216.64999389648438,202.44500732421875,-0.06556652191300215,0.001,-0.06656652191300215,1.0,10,False,False
1,31,2006-01-04,31,2006-01-04,41,2006-01-19,0.785,0.55,217.8874969482422,206.2949981689453,-0.053204056871838774,0.001,-0.054204056871838775,1.0,10,False,True
1,32,2006-01-05,32,2006-01-05,42,2006-01-20,0.795,0.55,216.5449981689453,205.5,-0.05100555663875535,0.001,-0.05200555663875535,1.0,10,False,True
1,33,2006-01-06,33,2006-01-06,43,2006-01-23,0.67,0.55,213.1999969482422,202.77000427246094,-0.04892116709698313,0.001,-0.04992116709698313,1.0,10,False,True
1,34,2006-01-09,34,2006-01-09,44,2006-01-24,0.57,0.55,211.1199951171875,205.3249969482422,-0.0274488362209778,0.001,-0.0284488362209778,1.0,10,False,True
1,35,2006-01-10,35,2006-01-10,45,2006-01-25,0.615,0.55,209.0625,206.39999389648438,-0.012735455203662182,0.001,-0.013735455203662181,1.0,10,False,True
1,37,2006-01-13,37,2006-01-13,47,2006-01-30,0.635,0.55,206.47000122070312,207.3625030517578,0.004322670730750181,0.001,0.0033226707307501806,1.0,10,True,True
1,38,2006-01-16,38,2006-01-16,48,2006-01-31,0.76,0.55,201.09500122070312,208.8000030517578,0.03831523302062788,0.001,0.03731523302062788,1.0,10,True,True
1,39,2006-01-17,39,2006-01-17,49,2006-02-01,0.775,0.55,202.9250030517578,208.33250427246094,0.026647781886808174,0.001,0.025647781886808173,1.0,10,True,True
1,40,2006-01-18,40,2006-01-18,50,2006-02-02,0.81,0.55,202.44500732421875,204.60000610351562,0.010644860092032854,0.001,0.009644860092032855,1.0,10,True,False
1,41,2006-01-19,41,2006-01-19,51,2006-02-03,0.79,0.55,206.2949981689453,203.85000610351562,-0.011851921215401262,0.001,-0.012851921215401262,1.0,10,False,True
1,42,2006-01-20,42,2006-01-20,52,2006-02-06,0.8,0.55,205.5,209.88250732421875,0.021326069704227495,0.001,0.020326069704227494,1.0,10,True,True
1,43,2006-01-23,43,2006-01-23,53,2006-02-07,0.805,0.55,202.77000427246094,209.2624969482422,0.03201899955112356,0.001,0.031018999551123562,1.0,10,True,True
1,44,2006-01-24,44,2006-01-24,54,2006-02-08,0.765,0.55,205.3249969482422,207.8125,0.01211495477282221,0.001,0.011114954772822209,1.0,10,True,True
1,45,2006-01-25,45,2006-01-25,55,2006-02-10,0.69,0.55,206.39999389648438,208.6999969482422,0.01114342596788705,0.001,0.01014342596788705,1.0,10,True,True
1,46,2006-01-27,46,2006-01-27,56,2006-02-13,0.855,0.55,207.39500427246094,206.375,-0.004918171852977364,0.001,-0.005918171852977364,1.0,10,False,True
1,47,2006-01-30,47,2006-01-30,57,2006-02-14,0.835,0.55,207.3625030517578,202.32000732421875,-0.024317297743461613,0.001,-0.025317297743461614,1.0,10,False,True
1,48,2006-01-31,48,2006-01-31,58,2006-02-15,0.805,0.55,208.8000030517578,202.4199981689453,-0.030555578494081775,0.001,-0.031555578494081776,1.0,10,False,True
1,49,2006-02-01,49,2006-02-01,59,2006-02-16,0.715,0.55,208.33250427246094,203.64500427246094,-0.022500089538930537,0.001,-0.023500089538930537,1.0,10,False,True
1,50,2006-02-02,50,2006-02-02,60,2006-02-17,0.785,0.55,204.60000610351562,203.125,-0.0072092182771947635,0.001,-0.008209218277194764,1.0,10,False,False
1,51,2006-02-03,51,2006-02-03,61,2006-02-20,0.735,0.55,203.85000610351562,206.2324981689453,0.011687476056389477,0.001,0.010687476056389478,1.0,10,True,True
1,52,2006-02-06,52,2006-02-06,62,2006-02-21,0.615,0.55,209.88250732421875,208.25,-0.007778196215737564,0.001,-0.008778196215737565,1.0,10,False,True
1,54,2006-02-08,54,2006-02-08,64,2006-02-23,0.625,0.55,207.8125,208.82000732421875,0.004848155545112782,0.001,0.003848155545112782,1.0,10,True,True
1,55,2006-02-10,55,2006-02-10,65,2006-02-24,0.775,0.55,208.6999969482422,208.75750732421875,0.0002755648146503094,0.001,-0.0007244351853496906,1.0,10,False,True
1,56,2006-02-13,56,2006-02-13,66,2006-02-27,0.76,0.55,206.375,211.2949981689453,0.023840088038499394,0.001,0.022840088038499393,1.0,10,True,True
1,57,2006-02-14,57,2006-02-14,67,2006-02-28,0.64,0.55,202.32000732421875,212.60000610351562,0.05081058920101327,0.001,0.04981058920101327,1.0,10,True,True
1,58,2006-02-15,58,2006-02-15,68,2006-03-01,0.62,0.55,202.4199981689453,217.52499389648438,0.07462205248580239,0.001,0.07362205248580239,1.0,10,True,True
1,59,2006-02-16,59,2006-02-16,69,2006-03-02,0.61,0.55,203.64500427246094,217.72500610351562,0.06913993241011086,0.001,0.06813993241011086,1.0,10,True,True
1,60,2006-02-17,60,2006-02-17,70,2006-03-03,0.69,0.55,203.125,213.22000122070312,0.04969846754807692,0.001,0.04869846754807692,1.0,10,True,False
1,61,2006-02-20,61,2006-02-20,71,2006-03-06,0.685,0.55,206.2324981689453,218.03750610351562,0.057241259449321465,0.001,0.056241259449321464,1.0,10,True,True
1,62,2006-02-21,62,2006-02-21,72,2006-03-07,0.76,0.55,208.25,215.58749389648438,0.03523406432885654,0.001,0.03423406432885654,1.0,10,True,True
1,63,2006-02-22,63,2006-02-22,73,2006-03-08,0.72,0.55,207.7324981689453,215.32000732421875,0.036525383472270405,0.001,0.035525383472270404,1.0,10,True,True
1,64,2006-02-23,64,2006-02-23,74,2006-03-09,0.635,0.55,208.82000732421875,215.6074981689453,0.032504025508380274,0.001,0.03150402550838027,1.0,10,True,True
1,65,2006-02-24,65,2006-02-24,75,2006-03-10,0.745,0.55,208.75750732421875,220.45750427246094,0.056045873981772854,0.001,0.05504587398177285,1.0,10,True,True
1,66,2006-02-27,66,2006-02-27,76,2006-03-13,0.74,0.55,211.2949981689453,228.5749969482422,0.08178139061048806,0.001,0.08078139061048806,1.0,10,True,True
1,67,2006-02-28,67,2006-02-28,77,2006-03-14,0.74,0.55,212.60000610351562,225.39500427246094,0.060183432745130716,0.001,0.059183432745130715,1.0,10,True,True
1,68,2006-03-01,68,2006-03-01,78,2006-03-16,0.745,0.55,217.52499389648438,229.4250030517578,0.05470639921468705,0.001,0.05370639921468705,1.0,10,True,True
1,69,2006-03-02,69,2006-03-02,79,2006-03-17,0.77,0.55,217.72500610351562,232.625,0.06843492239655877,0.001,0.06743492239655877,1.0,10,True,True
1,70,2006-03-03,70,2006-03-03,80,2006-03-20,0.66,0.55,213.22000122070312,238.5,0.11856298018275338,0.001,0.11756298018275338,1.0,10,True,False
1,71,2006-03-06,71,2006-03-06,81,2006-03-21,0.78,0.55,218.03750610351562,239.39999389648438,0.09797620682208079,0.001,0.09697620682208079,1.0,10,True,True
1,72,2006-03-07,72,2006-03-07,82,2006-03-22,0.75,0.55,215.58749389648438,236.6699981689453,0.0977909427463535,0.001,0.0967909427463535,1.0,10,True,True
1,73,2006-03-08,73,2006-03-08,83,2006-03-23,0.76,0.55,215.32000732421875,234.27499389648438,0.08803170131665515,0.001,0.08703170131665515,1.0,10,True,True
1,74,2006-03-09,74,2006-03-09,84,2006-03-24,0.665,0.55,215.6074981689453,236.4324951171875,0.09658753580046728,0.001,0.09558753580046728,1.0,10,True,True
1,75,2006-03-10,75,2006-03-10,85,2006-03-27,0.68,0.55,220.45750427246094,236.3699951171875,0.07217940209039332,0.001,0.07117940209039332,1.0,10,True,True
1,76,2006-03-13,76,2006-03-13,86,2006-03-28,0.665,0.55,228.5749969482422,235.9499969482422,0.03226512128826572,0.001,0.03126512128826572,1.0,10,True,True
1,77,2006-03-14,77,2006-03-14,87,2006-03-29,0.67,0.55,225.39500427246094,237.27000427246094,0.05268528483286754,0.001,0.05168528483286754,1.0,10,True,True
1,78,2006-03-16,78,2006-03-16,88,2006-03-30,0.835,0.55,229.4250030517578,246.0124969482422,0.07230028844215497,0.001,0.07130028844215497,1.0,10,True,True
1,79,2006-03-17,79,2006-03-17,89,2006-03-31,0.75,0.55,232.625,239.4375,0.029285330467490597,0.001,0.028285330467490596,1.0,10,True,True
1,80,2006-03-20,80,2006-03-20,90,2006-04-03,0.715,0.55,238.5,243.84500122070312,0.022410906585757336,0.001,0.021410906585757335,1.0,10,True,False
1,81,2006-03-21,81,2006-03-21,91,2006-04-04,0.745,0.55,239.39999389648438,243.57000732421875,0.017418602899119007,0.001,0.016418602899119006,1.0,10,True,True
1,82,2006-03-22,82,2006-03-22,92,2006-04-05,0.675,0.55,236.6699981689453,241.50750732421875,0.020439891801664754,0.001,0.019439891801664753,1.0,10,True,True
1,83,2006-03-23,83,2006-03-23,93,2006-04-07,0.815,0.55,234.27499389648438,236.15750122070312,0.008035459922156889,0.001,0.007035459922156889,1.0,10,True,True
1,84,2006-03-24,84,2006-03-24,94,2006-04-10,0.815,0.55,236.4324951171875,236.7624969482422,0.0013957549739138965,0.001,0.0003957549739138965,1.0,10,True,True
1,85,2006-03-27,85,2006-03-27,95,2006-04-12,0.765,0.55,236.3699951171875,222.60000610351562,-0.05825607859764515,0.001,-0.05925607859764515,1.0,10,False,True
1,86,2006-03-28,86,2006-03-28,96,2006-04-13,0.845,0.55,235.9499969482422,224.64500427246094,-0.047912662945535464,0.001,-0.048912662945535465,1.0,10,False,True
1,87,2006-03-29,87,2006-03-29,97,2006-04-17,0.71,0.55,237.27000427246094,238.32000732421875,0.004425351004554614,0.001,0.0034253510045546137,1.0,10,True,True
1,88,2006-03-30,88,2006-03-30,98,2006-04-18,0.61,0.55,246.0124969482422,251.1875,0.021035529153815978,0.001,0.020035529153815977,1.0,10,True,True
1,89,2006-03-31,89,2006-03-31,99,2006-04-19,0.765,0.55,239.4375,251.59500122070312,0.050775259600952756,0.001,0.049775259600952755,1.0,10,True,True
1,90,2006-04-03,90,2006-04-03,100,2006-04-20,0.82,0.55,243.84500122070312,248.7375030517578,0.020063982474779148,0.001,0.019063982474779147,1.0,10,True,False
1,91,2006-04-04,91,2006-04-04,101,2006-04-21,0.81,0.55,243.57000732421875,249.88250732421875,0.02591657351143961,0.001,0.02491657351143961,1.0,10,True,True
1,92,2006-04-05,92,2006-04-05,102,2006-04-24,0.845,0.55,241.50750732421875,247.40750122070312,0.024429857116465357,0.001,0.023429857116465357,1.0,10,True,True
1,93,2006-04-07,93,2006-04-07,103,2006-04-25,0.65,0.55,236.15750122070312,240.8699951171875,0.019954877029632317,0.001,0.018954877029632316,1.0,10,True,True
1,94,2006-04-10,94,2006-04-10,104,2006-04-26,0.77,0.55,236.7624969482422,242.7949981689453,0.025479124854904146,0.001,0.024479124854904145,1.0,10,True,True
1,95,2006-04-12,95,2006-04-12,105,2006-04-27,0.725,0.55,222.60000610351562,243.2324981689453,0.09268864105886397,0.001,0.09168864105886397,1.0,10,True,True
1,96,2006-04-13,96,2006-04-13,106,2006-04-28,0.7,0.55,224.64500427246094,247.25750732421875,0.10065882891538605,0.001,0.09965882891538605,1.0,10,True,True
1,97,2006-04-17,97,2006-04-17,107,2006-05-02,0.625,0.55,238.32000732421875,251.64500427246094,0.055912204341763055,0.001,0.054912204341763055,1.0,10,True,True
1,99,2006-04-19,99,2006-04-19,109,2006-05-04,0.725,0.55,251.59500122070312,255.46249389648438,0.015371897919341506,0.001,0.014371897919341507,1.0,10,True,True
1,100,2006-04-20,100,2006-04-20,110,2006-05-05,0.735,0.55,248.7375030517578,250.83250427246094,0.008422538599927944,0.001,0.007422538599927944,1.0,10,True,False
1,101,2006-04-21,101,2006-04-21,111,2006-05-08,0.72,0.55,249.88250732421875,252.4324951171875,0.010204747104046702,0.001,0.009204747104046701,1.0,10,True,True
1,102,2006-04-24,102,2006-04-24,112,2006-05-09,0.8,0.55,247.40750122070312,253.1074981689453,0.02303890108472269,0.001,0.02203890108472269,1.0,10,True,True
1,103,2006-04-25,103,2006-04-25,113,2006-05-10,0.77,0.55,240.8699951171875,252.71249389648438,0.049165520900746856,0.001,0.048165520900746855,1.0,10,True,True
1,104,2006-04-26,104,2006-04-26,114,2006-05-11,0.765,0.55,242.7949981689453,252.33749389648438,0.03930268662659623,0.001,0.03830268662659623,1.0,10,True,True
1,105,2006-04-27,105,2006-04-27,115,2006-05-12,0.675,0.55,243.2324981689453,249.52000427246094,0.02584977809646319,0.001,0.024849778096463188,1.0,10,True,True
1,106,2006-04-28,106,2006-04-28,116,2006-05-15,0.655,0.55,247.25750732421875,245.1125030517578,-0.00867518359977754,0.001,-0.00967518359977754,1.0,10,False,True
1,107,2006-05-02,107,2006-05-02,117,2006-05-16,0.785,0.55,251.64500427246094,246.83749389648438,-0.01910433465538373,0.001,-0.02010433465538373,1.0,10,False,True
1,108,2006-05-03,108,2006-05-03,118,2006-05-17,0.775,0.55,253.94500732421875,252.07000732421875,-0.00738348833771768,0.001,-0.00838348833771768,1.0,10,False,True
1,109,2006-05-04,109,2006-05-04,119,2006-05-18,0.76,0.55,255.46249389648438,240.70750427246094,-0.05775794872652534,0.001,-0.058757948726525344,1.0,10,False,True
1,110,2006-05-05,110,2006-05-05,120,2006-05-19,0.75,0.55,250.83250427246094,236.5449981689453,-0.05696034549013694,0.001,-0.05796034549013694,1.0,10,False,False
1,111,2006-05-08,111,2006-05-08,121,2006-05-22,0.71,0.55,252.4324951171875,222.5625,-0.11832864506338957,0.001,-0.11932864506338957,1.0,10,False,True
1,112,2006-05-09,112,2006-05-09,122,2006-05-23,0.81,0.55,253.1074981689453,228.77499389648438,-0.09613505901045796,0.001,-0.09713505901045796,1.0,10,False,True
1,113,2006-05-10,113,2006-05-10,123,2006-05-24,0.83,0.55,252.71249389648438,223.83250427246094,-0.11428002303619071,0.001,-0.11528002303619071,1.0,10,False,True
1,114,2006-05-11,114,2006-05-11,124,2006-05-25,0.805,0.55,252.33749389648438,234.6199951171875,-0.07021350060076711,0.001,-0.07121350060076712,1.0,10,False,True
1,115,2006-05-12,115,2006-05-12,125,2006-05-26,0.805,0.55,249.52000427246094,233.2949981689453,-0.06502487105522364,0.001,-0.06602487105522364,1.0,10,False,True
1,116,2006-05-15,116,2006-05-15,126,2006-05-29,0.725,0.55,245.1125030517578,231.32000732421875,-0.056270061934077055,0.001,-0.057270061934077056,1.0,10,False,True
1,117,2006-05-16,117,2006-05-16,127,2006-05-30,0.65,0.55,246.83749389648438,232.5449981689453,-0.05790245032034263,0.001,-0.05890245032034263,1.0,10,False,True
1,118,2006-05-17,118,2006-05-17,128,2006-05-31,0.705,0.55,252.07000732421875,222.8625030517578,-0.11587060508509255,0.001,-0.11687060508509255,1.0,10,False,True
1,119,2006-05-18,119,2006-05-18,129,2006-06-01,0.665,0.55,240.70750427246094,213.6699981689453,-0.11232514825508477,0.001,-0.11332514825508477,1.0,10,False,True
1,120,2006-05-19,120,2006-05-19,130,2006-06-02,0.79,0.55,236.5449981689453,224.25,-0.05197741767578603,0.001,-0.05297741767578603,1.0,10,False,False
1,121,2006-05-22,121,2006-05-22,131,2006-06-05,0.765,0.55,222.5625,220.9499969482422,-0.007245169567010671,0.001,-0.008245169567010671,1.0,10,False,True
1,122,2006-05-23,122,2006-05-23,132,2006-06-06,0.615,0.55,228.77499389648438,218.6125030517578,-0.04442133587958859,0.001,-0.04542133587958859,1.0,10,False,True
1,123,2006-05-24,123,2006-05-24,133,2006-06-07,0.835,0.55,223.83250427246094,212.9949951171875,-0.048417941757384085,0.001,-0.049417941757384086,1.0,10,False,True
1,124,2006-05-25,124,2006-05-25,134,2006-06-08,0.57,0.55,234.6199951171875,205.9875030517578,-0.12203773191252686,0.001,-0.12303773191252686,1.0,10,False,True
1,125,2006-05-26,125,2006-05-26,135,2006-06-09,0.795,0.55,233.2949981689453,208.89500427246094,-0.10458858564474934,0.001,-0.10558858564474934,1.0,10,False,True
1,126,2006-05-29,126,2006-05-29,136,2006-06-12,0.765,0.55,231.32000732421875,204.84500122070312,-0.114451864366441,0.001,-0.115451864366441,1.0,10,False,True
1,127,2006-05-30,127,2006-05-30,137,2006-06-13,0.66,0.55,232.5449981689453,196.2949981689453,-0.1558838086625461,0.001,-0.1568838086625461,1.0,10,False,True
1,128,2006-05-31,128,2006-05-31,138,2006-06-14,0.755,0.55,222.8625030517578,185.45750427246094,-0.16783890635298976,0.001,-0.16883890635298976,1.0,10,False,True
1,129,2006-06-01,129,2006-06-01,139,2006-06-15,0.835,0.55,213.6699981689453,193.82000732421875,-0.09290022471489659,0.001,-0.09390022471489659,1.0,10,False,True
1,130,2006-06-02,130,2006-06-02,140,2006-06-16,0.66,0.55,224.25,210.625,-0.06075808249721293,0.001,-0.06175808249721293,1.0,10,False,False
1,131,2006-06-05,131,2006-06-05,141,2006-06-19,0.86,0.55,220.9499969482422,208.5449981689453,-0.05614391921536329,0.001,-0.05714391921536329,1.0,10,False,True
1,132,2006-06-06,132,2006-06-06,142,2006-06-20,0.78,0.55,218.6125030517578,200.9199981689453,-0.08093089203879475,0.001,-0.08193089203879475,1.0,10,False,True
1,133,2006-06-07,133,2006-06-07,143,2006-06-21,0.875,0.55,212.9949951171875,205.16250610351562,-0.036773112952079114,0.001,-0.037773112952079115,1.0,10,False,True
1,134,2006-06-08,134,2006-06-08,144,2006-06-22,0.88,0.55,205.9875030517578,209.59500122070312,0.017513189467804113,0.001,0.016513189467804112,1.0,10,True,True
1,135,2006-06-09,135,2006-06-09,145,2006-06-23,0.855,0.55,208.89500427246094,211.8574981689453,0.014181736450817205,0.001,0.013181736450817206,1.0,10,True,True
1,136,2006-06-12,136,2006-06-12,146,2006-06-26,0.885,0.55,204.84500122070312,204.1875,-0.0032097498927724536,0.001,-0.004209749892772454,1.0,10,False,True
1,137,2006-06-13,137,2006-06-13,147,2006-06-27,0.82,0.55,196.2949981689453,205.57000732421875,0.047250359111497636,0.001,0.046250359111497635,1.0,10,True,True
1,138,2006-06-14,138,2006-06-14,148,2006-06-28,0.595,0.55,185.45750427246094,212.3249969482422,0.14487142367832928,0.001,0.14387142367832928,1.0,10,True,True
1,139,2006-06-15,139,2006-06-15,149,2006-06-29,0.8,0.55,193.82000732421875,210.10000610351562,0.08399545023266858,0.001,0.08299545023266858,1.0,10,True,True
1,141,2006-06-19,141,2006-06-19,151,2006-07-03,0.73,0.55,208.5449981689453,225.02499389648438,0.07902369211554228,0.001,0.07802369211554228,1.0,10,True,False
1,142,2006-06-20,142,2006-06-20,152,2006-07-04,0.84,0.55,200.9199981689453,226.8874969482422,0.12924297738377383,0.001,0.12824297738377383,1.0,10,True,True
1,143,2006-06-21,143,2006-06-21,153,2006-07-05,0.78,0.55,205.16250610351562,230.3249969482422,0.12264663423457461,0.001,0.12164663423457461,1.0,10,True,True
1,144,2006-06-22,144,2006-06-22,154,2006-07-06,0.695,0.55,209.59500122070312,225.53750610351562,0.07606338314349909,0.001,0.07506338314349909,1.0,10,True,True
1,145,2006-06-23,145,2006-06-23,155,2006-07-07,0.76,0.55,211.8574981689453,218.33749389648438,0.030586577220748656,0.001,0.029586577220748655,1.0,10,True,True
1,146,2006-06-26,146,2006-06-26,156,2006-07-10,0.84,0.55,204.1875,224.7949981689453,0.10092438650233394,0.001,0.09992438650233394,1.0,10,True,True
1,147,2006-06-27,147,2006-06-27,157,2006-07-11,0.795,0.55,205.57000732421875,221.2449951171875,0.07625133645224148,0.001,0.07525133645224148,1.0,10,True,True
1,148,2006-06-28,148,2006-06-28,158,2006-07-12,0.665,0.55,212.3249969482422,236.28750610351562,0.11285769221564951,0.001,0.1118576922156495,1.0,10,True,True
1,149,2006-06-29,149,2006-06-29,159,2006-07-13,0.75,0.55,210.10000610351562,233.4199981689453,0.1109947234077661,0.001,0.1099947234077661,1.0,10,True,True
1,150,2006-06-30,150,2006-06-30,160,2006-07-14,0.68,0.55,217.34500122070312,234.28750610351562,0.07795212582601899,0.001,0.07695212582601899,1.0,10,True,True
1,151,2006-07-03,151,2006-07-03,161,2006-07-17,0.59,0.55,225.02499389648438,232.375,0.03266306544995069,0.001,0.03166306544995069,1.0,10,True,False
1,152,2006-07-04,152,2006-07-04,162,2006-07-18,0.735,0.55,226.8874969482422,229.3125,0.01068812995151957,0.001,0.009688129951519572,1.0,10,True,True
1,153,2006-07-05,153,2006-07-05,163,2006-07-19,0.665,0.55,230.3249969482422,219.69500732421875,-0.04615213183487926,0.001,-0.04715213183487926,1.0,10,False,True
1,154,2006-07-06,154,2006-07-06,164,2006-07-20,0.725,0.55,225.53750610351562,225.77000427246094,0.0010308625512539015,0.001,3.086255125390146e-05,1.0,10,True,True
1,155,2006-07-07,155,2006-07-07,165,2006-07-21,0.8,0.55,218.33749389648438,220.94500732421875,0.011942582014661297,0.001,0.010942582014661296,1.0,10,True,True
1,156,2006-07-10,156,2006-07-10,166,2006-07-24,0.695,0.55,224.7949981689453,227.25750732421875,0.010954465959348134,0.001,0.009954465959348135,1.0,10,True,True
1,157,2006-07-11,157,2006-07-11,167,2006-07-25,0.805,0.55,221.2449951171875,230.91250610351562,0.04369595335346459,0.001,0.042695953353464586,1.0,10,True,True
1,159,2006-07-13,159,2006-07-13,169,2006-07-27,0.68,0.55,233.4199981689453,237.46249389648438,0.017318549221361806,0.001,0.016318549221361806,1.0,10,True,True
1,160,2006-07-14,160,2006-07-14,170,2006-07-28,0.58,0.55,234.28750610351562,232.1125030517578,-0.009283478611090886,0.001,-0.010283478611090885,1.0,10,False,True
1,161,2006-07-17,161,2006-07-17,171,2006-07-31,0.7,0.55,232.375,234.03750610351562,0.007154410343262507,0.001,0.006154410343262507,1.0,10,True,False
1,162,2006-07-18,162,2006-07-18,172,2006-08-01,0.65,0.55,229.3125,233.0,0.016080675933496866,0.001,0.015080675933496865,1.0,10,True,True
1,163,2006-07-19,163,2006-07-19,173,2006-08-02,0.745,0.55,219.69500732421875,235.0500030517578,0.06989232898168987,0.001,0.06889232898168987,1.0,10,True,True
1,164,2006-07-20,164,2006-07-20,174,2006-08-03,0.71,0.55,225.77000427246094,236.1750030517578,0.04608671914954674,0.001,0.04508671914954674,1.0,10,True,True
1,165,2006-07-21,165,2006-07-21,175,2006-08-04,0.755,0.55,220.94500732421875,237.1374969482422,0.07328742034103664,0.001,0.07228742034103663,1.0,10,True,True
1,166,2006-07-24,166,2006-07-24,176,2006-08-07,0.71,0.55,227.25750732421875,234.02499389648438,0.02977893514695088,0.001,0.02877893514695088,1.0,10,True,True
1,167,2006-07-25,167,2006-07-25,177,2006-08-08,0.81,0.55,230.91250610351562,238.6999969482422,0.033724855254204,0.001,0.032724855254204,1.0,10,True,True
1,168,2006-07-26,168,2006-07-26,178,2006-08-09,0.765,0.55,236.10000610351562,241.52499389648438,0.022977499587993316,0.001,0.021977499587993315,1.0,10,True,True
1,169,2006-07-27,169,2006-07-27,179,2006-08-10,0.745,0.55,237.46249389648438,241.4375,0.016739511315199216,0.001,0.015739511315199215,1.0,10,True,True
1,170,2006-07-28,170,2006-07-28,180,2006-08-11,0.665,0.55,232.1125030517578,241.89999389648438,0.04216701261691228,0.001,0.04116701261691228,1.0,10,True,True
1,171,2006-07-31,171,2006-07-31,181,2006-08-14,0.705,0.55,234.03750610351562,241.16250610351562,0.030443838334393236,0.001,0.029443838334393235,1.0,10,True,False
1,172,2006-08-01,172,2006-08-01,182,2006-08-16,0.71,0.55,233.0,243.0500030517578,0.043133060307973446,0.001,0.042133060307973445,1.0,10,True,True
1,173,2006-08-02,173,2006-08-02,183,2006-08-17,0.75,0.55,235.0500030517578,240.03750610351562,0.02121890230590454,0.001,0.020218902305904538,1.0,10,True,True
1,174,2006-08-03,174,2006-08-03,184,2006-08-18,0.825,0.55,236.1750030517578,242.4250030517578,0.026463427201185684,0.001,0.025463427201185683,1.0,10,True,True
1,175,2006-08-04,175,2006-08-04,185,2006-08-21,0.61,0.55,237.1374969482422,242.3249969482422,0.02187549445683922,0.001,0.02087549445683922,1.0,10,True,True
1,176,2006-08-07,176,2006-08-07,186,2006-08-22,0.595,0.55,234.02499389648438,243.85000610351562,0.04198274741277045,0.001,0.04098274741277045,1.0,10,True,True
1,179,2006-08-10,179,2006-08-10,189,2006-08-25,0.565,0.55,241.4375,243.60000610351562,0.008956794630144965,0.001,0.007956794630144964,1.0,10,True,True
1,180,2006-08-11,180,2006-08-11,190,2006-08-28,0.585,0.55,241.89999389648438,245.27499389648438,0.013952046652155993,0.001,0.012952046652155994,1.0,10,True,True
1,181,2006-08-14,181,2006-08-14,191,2006-08-29,0.635,0.55,241.16250610351562,247.52499389648438,0.026382574537676024,0.001,0.025382574537676023,1.0,10,True,False
1,182,2006-08-16,182,2006-08-16,192,2006-08-30,0.58,0.55,243.0500030517578,245.9499969482422,0.011931676034033284,0.001,0.010931676034033284,1.0,10,True,True
1,183,2006-08-17,183,2006-08-17,193,2006-08-31,0.565,0.55,240.03750610351562,249.5124969482422,0.03947295986586569,0.001,0.038472959865865686,1.0,10,True,True
1,184,2006-08-18,184,2006-08-18,194,2006-09-01,0.61,0.55,242.4250030517578,249.8125,0.03047332929873143,0.001,0.029473329298731428,1.0,10,True,True
1,185,2006-08-21,185,2006-08-21,195,2006-09-04,0.645,0.55,242.3249969482422,254.28750610351562,0.049365559913030724,0.001,0.04836555991303072,1.0,10,True,True
1,188,2006-08-24,188,2006-08-24,198,2006-09-07,0.565,0.55,242.60000610351562,246.6750030517578,0.01679718403017441,0.001,0.01579718403017441,1.0,10,True,True
1,191,2006-08-29,191,2006-08-29,201,2006-09-12,0.555,0.55,247.52499389648438,244.47500610351562,-0.01232193866549195,0.001,-0.013321938665491952,1.0,10,False,False
1,205,2006-09-18,205,2006-09-18,215,2006-10-03,0.555,0.55,249.03750610351562,253.5749969482422,0.018220110358961338,0.001,0.017220110358961337,1.0,10,True,False
1,218,2006-10-06,218,2006-10-06,228,2006-10-20,0.585,0.55,248.5500030517578,272.3999938964844,0.09595650996536123,0.001,0.09495650996536123,1.0,10,True,False
1,220,2006-10-10,220,2006-10-10,230,2006-10-26,0.61,0.55,252.875,269.8125,0.06697973306969847,0.001,0.06597973306969847,1.0,10,True,True
1,228,2006-10-20,228,2006-10-20,238,2006-11-07,0.655,0.55,272.3999938964844,266.2875061035156,-0.02243938300267208,0.001,-0.023439383002672082,1.0,10,False,False
1,230,2006-10-26,230,2006-10-26,240,2006-11-09,0.585,0.55,269.8125,265.8999938964844,-0.01450083336952745,0.001,-0.015500833369527449,1.0,10,False,True
1,231,2006-10-27,231,2006-10-27,241,2006-11-10,0.575,0.55,268.6625061035156,267.17498779296875,-0.005536754391674343,0.001,-0.006536754391674343,1.0,10,False,True
1,234,2006-11-01,234,2006-11-01,244,2006-11-15,0.6,0.55,270.79998779296875,274.20001220703125,0.012555482154090336,0.001,0.011555482154090337,1.0,10,True,True
1,235,2006-11-02,235,2006-11-02,245,2006-11-16,0.645,0.55,270.01251220703125,271.8374938964844,0.006758878225812832,0.001,0.005758878225812832,1.0,10,True,True
1,236,2006-11-03,236,2006-11-03,246,2006-11-17,0.635,0.55,266.73748779296875,273.7875061035156,0.026430549259798174,0.001,0.025430549259798173,1.0,10,True,True
1,237,2006-11-06,237,2006-11-06,247,2006-11-20,0.64,0.55,264.8500061035156,279.4624938964844,0.05517269192456622,0.001,0.05417269192456622,1.0,10,True,True
1,238,2006-11-07,238,2006-11-07,248,2006-11-21,0.66,0.55,266.2875061035156,287.13751220703125,0.07829885227664594,0.001,0.07729885227664594,1.0,10,True,False
1,239,2006-11-08,239,2006-11-08,249,2006-11-22,0.7,0.55,265.82501220703125,287.0249938964844,0.07975164381048554,0.001,0.07875164381048554,1.0,10,True,True
1,240,2006-11-09,240,2006-11-09,250,2006-11-23,0.71,0.55,265.8999938964844,286.0375061035156,0.07573340605216727,0.001,0.07473340605216727,1.0,10,True,True
1,242,2006-11-13,242,2006-11-13,252,2006-11-27,0.655,0.55,268.9375,290.20001220703125,0.07906116553857774,0.001,0.07806116553857774,1.0,10,True,True
1,246,2006-11-17,246,2006-11-17,256,2006-12-01,0.57,0.55,273.7875061035156,297.3374938964844,0.0860155677960878,0.001,0.0850155677960878,1.0,10,True,True
1,261,2006-12-08,261,2006-12-08,271,2006-12-22,0.61,0.55,294.2250061035156,288.48748779296875,-0.019500444189058067,0.001,-0.020500444189058067,1.0,10,False,False
1,266,2006-12-15,266,2006-12-15,276,2007-01-02,0.66,0.55,290.04998779296875,312.125,0.07610761294976473,0.001,0.07510761294976473,1.0,10,True,True
1,271,2006-12-22,271,2006-12-22,281,2007-01-09,0.57,0.55,288.48748779296875,314.1000061035156,0.08878207684670034,0.001,0.08778207684670034,1.0,10,True,False
1,288,2007-01-18,288,2007-01-18,298,2007-02-05,0.64,0.55,328.86248779296875,326.45001220703125,-0.007335818694700879,0.001,-0.008335818694700878,1.0,10,False,False
1,291,2007-01-23,291,2007-01-23,301,2007-02-08,0.66,0.55,325.67498779296875,326.125,0.0013817831393220848,0.001,0.0003817831393220848,1.0,10,True,True
1,292,2007-01-24,292,2007-01-24,302,2007-02-09,0.61,0.55,326.7875061035156,321.8500061035156,-0.015109206771313837,0.001,-0.016109206771313837,1.0,10,False,True
1,293,2007-01-25,293,2007-01-25,303,2007-02-12,0.555,0.55,328.86248779296875,313.95001220703125,-0.045345626635669864,0.001,-0.046345626635669865,1.0,10,False,True
1,296,2007-02-01,296,2007-02-01,306,2007-02-15,0.6,0.55,323.01251220703125,323.0625,0.00015475497412530844,0.001,-0.0008452450258746916,1.0,10,False,True
1,297,2007-02-02,297,2007-02-02,307,2007-02-19,0.625,0.55,325.125,327.45001220703125,0.007151133278066129,0.001,0.006151133278066129,1.0,10,True,True
1,298,2007-02-05,298,2007-02-05,308,2007-02-20,0.65,0.55,326.45001220703125,324.88751220703125,-0.0047863376981866325,0.001,-0.0057863376981866325,1.0,10,False,False
1,299,2007-02-06,299,2007-02-06,309,2007-02-21,0.6,0.55,324.6000061035156,320.9624938964844,-0.011206137210826915,0.001,-0.012206137210826914,1.0,10,False,True
1,300,2007-02-07,300,2007-02-07,310,2007-02-22,0.655,0.55,326.57501220703125,323.57501220703125,-0.009186250900599092,0.001,-0.010186250900599093,1.0,10,False,True
1,301,2007-02-08,301,2007-02-08,311,2007-02-23,0.64,0.55,326.125,319.3374938964844,-0.02081259058188003,0.001,-0.02181259058188003,1.0,10,False,True
1,307,2007-02-19,307,2007-02-19,317,2007-03-05,0.565,0.55,327.45001220703125,288.88751220703125,-0.1177660667656923,0.001,-0.1187660667656923,1.0,10,False,True
1,316,2007-03-02,316,2007-03-02,326,2007-03-16,0.65,0.55,302.13751220703125,309.4125061035156,0.02407841993317066,0.001,0.023078419933170658,1.0,10,True,False
1,317,2007-03-05,317,2007-03-05,327,2007-03-19,0.715,0.55,288.88751220703125,315.2250061035156,0.09116868256184646,0.001,0.09016868256184646,1.0,10,True,True
1,318,2007-03-06,318,2007-03-06,328,2007-03-20,0.595,0.55,299.3125,313.25,0.04656504489455001,0.001,0.04556504489455001,1.0,10,True,True
1,319,2007-03-07,319,2007-03-07,329,2007-03-21,0.7,0.55,297.95001220703125,316.75,0.06309779165206254,0.001,0.06209779165206254,1.0,10,True,True
1,320,2007-03-08,320,2007-03-08,330,2007-03-22,0.595,0.55,304.6000061035156,325.76251220703125,0.0694763810881991,0.001,0.0684763810881991,1.0,10,True,True
1,321,2007-03-09,321,2007-03-09,331,2007-03-23,0.645,0.55,303.0375061035156,322.04998779296875,0.06273969824368401,0.001,0.06173969824368401,1.0,10,True,True
1,324,2007-03-14,324,2007-03-14,334,2007-03-29,0.56,0.55,303.38751220703125,312.0874938964844,0.028676136424218637,0.001,0.027676136424218636,1.0,10,True,True
1,328,2007-03-20,328,2007-03-20,338,2007-04-04,0.56,0.55,313.25,299.6000061035156,-0.04357539950992618,0.001,-0.04457539950992618,1.0,10,False,False
1,329,2007-03-21,329,2007-03-21,339,2007-04-05,0.6,0.55,316.75,298.54998779296875,-0.05745860207428966,0.001,-0.05845860207428966,1.0,10,False,True
1,333,2007-03-28,333,2007-03-28,343,2007-04-12,0.72,0.55,300.25,300.23748779296875,-4.167262957951707e-05,0.001,-0.001041672629579517,1.0,10,False,True
1,336,2007-04-02,336,2007-04-02,346,2007-04-17,0.75,0.55,297.29998779296875,312.5625,0.05133707646722014,0.001,0.05033707646722014,1.0,10,True,True
1,337,2007-04-03,337,2007-04-03,347,2007-04-18,0.725,0.55,300.6625061035156,311.875,0.03729262435078621,0.001,0.03629262435078621,1.0,10,True,True
1,338,2007-04-04,338,2007-04-04,348,2007-04-19,0.77,0.55,299.6000061035156,310.7250061035156,0.037132843035244036,0.001,0.036132843035244035,1.0,10,True,False
1,339,2007-04-05,339,2007-04-05,349,2007-04-20,0.84,0.55,298.54998779296875,314.4125061035156,0.05313186722200381,0.001,0.05213186722200381,1.0,10,True,True
1,340,2007-04-09,340,2007-04-09,350,2007-04-23,0.63,0.55,304.29998779296875,311.95001220703125,0.02513974604319476,0.001,0.02413974604319476,1.0,10,True,True
1,341,2007-04-10,341,2007-04-10,351,2007-04-24,0.78,0.55,299.3374938964844,306.2124938964844,0.022967386779744615,0.001,0.021967386779744615,1.0,10,True,True
1,342,2007-04-11,342,2007-04-11,352,2007-04-25,0.775,0.55,297.63751220703125,305.3374938964844,0.025870333454800408,0.001,0.024870333454800407,1.0,10,True,True
1,343,2007-04-12,343,2007-04-12,353,2007-04-26,0.73,0.55,300.23748779296875,310.1000061035156,0.03284905686843362,0.001,0.03184905686843362,1.0,10,True,True
1,347,2007-04-18,347,2007-04-18,357,2007-05-04,0.59,0.55,311.875,318.26251220703125,0.02048100106462926,0.001,0.019481001064629258,1.0,10,True,True
1,349,2007-04-20,349,2007-04-20,359,2007-05-08,0.61,0.55,314.4125061035156,316.63751220703125,0.007076709928271985,0.001,0.006076709928271985,1.0,10,True,False
1,350,2007-04-23,350,2007-04-23,360,2007-05-09,0.565,0.55,311.95001220703125,309.875,-0.0066517458754068925,0.001,-0.0076517458754068925,1.0,10,False,True
1,352,2007-04-25,352,2007-04-25,362,2007-05-11,0.575,0.55,305.3374938964844,313.13751220703125,0.025545563405951186,0.001,0.024545563405951185,1.0,10,True,True
1,358,2007-05-07,358,2007-05-07,368,2007-05-21,0.595,0.55,318.2250061035156,309.26251220703125,-0.028164015160923463,0.001,-0.029164015160923464,1.0,10,False,True
1,361,2007-05-10,361,2007-05-10,371,2007-05-24,0.605,0.55,307.42498779296875,306.1875,-0.004025332494449409,0.001,-0.005025332494449409,1.0,10,False,False
1,364,2007-05-15,364,2007-05-15,374,2007-05-29,0.555,0.55,309.51251220703125,307.7875061035156,-0.005573300062136996,0.001,-0.006573300062136996,1.0,10,False,True
1,365,2007-05-16,365,2007-05-16,375,2007-05-30,0.555,0.55,306.04998779296875,303.9125061035156,-0.006984093366143346,0.001,-0.007984093366143346,1.0,10,False,True
1,366,2007-05-17,366,2007-05-17,376,2007-05-31,0.56,0.55,312.5,302.0874938964844,-0.03332001953125,0.001,-0.03432001953125,1.0,10,False,True
1,368,2007-05-21,368,2007-05-21,378,2007-06-04,0.56,0.55,309.26251220703125,302.0249938964844,-0.023402507658936124,0.001,-0.024402507658936125,1.0,10,False,True
1,369,2007-05-22,369,2007-05-22,379,2007-06-05,0.6,0.55,307.6625061035156,302.01251220703125,-0.01836425883686778,0.001,-0.019364258836867782,1.0,10,False,True
1,370,2007-05-23,370,2007-05-23,380,2007-06-06,0.6,0.55,308.3500061035156,300.0874938964844,-0.0267958879308647,0.001,-0.0277958879308647,1.0,10,False,True
1,371,2007-05-24,371,2007-05-24,381,2007-06-07,0.575,0.55,306.1875,301.75,-0.014492753623188406,0.001,-0.015492753623188405,1.0,10,False,False
1,372,2007-05-25,372,2007-05-25,382,2007-06-08,0.565,0.55,307.48748779296875,305.0249938964844,-0.008008436096568494,0.001,-0.009008436096568494,1.0,10,False,True
1,374,2007-05-29,374,2007-05-29,384,2007-06-12,0.575,0.55,307.7875061035156,304.3374938964844,-0.011209071643963793,0.001,-0.012209071643963794,1.0,10,False,True
1,375,2007-05-30,375,2007-05-30,385,2007-06-13,0.63,0.55,303.9125061035156,300.8125,-0.01020032424220059,0.001,-0.01120032424220059,1.0,10,False,True
1,376,2007-05-31,376,2007-05-31,386,2007-06-14,0.655,0.55,302.0874938964844,301.13751220703125,-0.003144723660022328,0.001,-0.004144723660022328,1.0,10,False,True
1,377,2007-06-01,377,2007-06-01,387,2007-06-15,0.595,0.55,304.67498779296875,296.1000061035156,-0.028144685428788643,0.001,-0.029144685428788644,1.0,10,False,True
1,378,2007-06-04,378,2007-06-04,388,2007-06-18,0.58,0.55,302.0249938964844,290.6499938964844,-0.037662445922931304,0.001,-0.038662445922931304,1.0,10,False,True
1,379,2007-06-05,379,2007-06-05,389,2007-06-19,0.7,0.55,302.01251220703125,290.0,-0.03977488256776794,0.001,-0.04077488256776794,1.0,10,False,True
1,380,2007-06-06,380,2007-06-06,390,2007-06-20,0.645,0.55,300.0874938964844,286.75,-0.04444535066524686,0.001,-0.04544535066524686,1.0,10,False,True
1,381,2007-06-07,381,2007-06-07,391,2007-06-21,0.565,0.55,301.75,286.3999938964844,-0.05086994566202361,0.001,-0.05186994566202361,1.0,10,False,False
1,385,2007-06-13,385,2007-06-13,395,2007-06-27,0.77,0.55,300.8125,283.2875061035156,-0.05825886190395803,0.001,-0.05925886190395803,1.0,10,False,True
1,387,2007-06-15,387,2007-06-15,397,2007-06-29,0.72,0.55,296.1000061035156,287.3374938964844,-0.02959308350695509,0.001,-0.030593083506955093,1.0,10,False,True
1,388,2007-06-18,388,2007-06-18,398,2007-07-02,0.695,0.55,290.6499938964844,283.61248779296875,-0.02421299243523139,0.001,-0.02521299243523139,1.0,10,False,True
1,389,2007-06-19,389,2007-06-19,399,2007-07-03,0.715,0.55,290.0,281.8999938964844,-0.027931055529364226,0.001,-0.028931055529364227,1.0,10,False,True
1,390,2007-06-20,390,2007-06-20,400,2007-07-04,0.725,0.55,286.75,279.4125061035156,-0.02558847043237794,0.001,-0.026588470432377942,1.0,10,False,True
1,391,2007-06-21,391,2007-06-21,401,2007-07-05,0.765,0.55,286.3999938964844,277.9125061035156,-0.029635083707566155,0.001,-0.030635083707566155,1.0,10,False,False
1,392,2007-06-22,392,2007-06-22,402,2007-07-06,0.795,0.55,284.98748779296875,289.6625061035156,0.016404293208630537,0.001,0.015404293208630536,1.0,10,True,True
1,393,2007-06-25,393,2007-06-25,403,2007-07-09,0.77,0.55,281.4375,294.1875,0.04530313124583611,0.001,0.04430313124583611,1.0,10,True,True
1,394,2007-06-26,394,2007-06-26,404,2007-07-10,0.76,0.55,280.4375,295.7875061035156,0.05473592548612659,0.001,0.05373592548612659,1.0,10,True,True
1,395,2007-06-27,395,2007-06-27,405,2007-07-11,0.77,0.55,283.2875061035156,287.2250061035156,0.013899306941412391,0.001,0.012899306941412392,1.0,10,True,True
1,396,2007-06-28,396,2007-06-28,406,2007-07-12,0.74,0.55,284.2124938964844,290.63751220703125,0.022606389404144174,0.001,0.021606389404144173,1.0,10,True,True
1,397,2007-06-29,397,2007-06-29,407,2007-07-13,0.765,0.55,287.3374938964844,284.0,-0.011615239804683248,0.001,-0.012615239804683247,1.0,10,False,True
1,398,2007-07-02,398,2007-07-02,408,2007-07-16,0.775,0.55,283.61248779296875,282.07501220703125,-0.00542104333240723,0.001,-0.00642104333240723,1.0,10,False,True
1,399,2007-07-03,399,2007-07-03,409,2007-07-17,0.775,0.55,281.8999938964844,288.9375,0.024964548619677677,0.001,0.023964548619677676,1.0,10,True,True
1,400,2007-07-04,400,2007-07-04,410,2007-07-18,0.725,0.55,279.4125061035156,291.6625061035156,0.043841988931811335,0.001,0.042841988931811334,1.0,10,True,True
1,401,2007-07-05,401,2007-07-05,411,2007-07-19,0.785,0.55,277.9125061035156,295.54998779296875,0.06346415257355707,0.001,0.06246415257355707,1.0,10,True,False
1,402,2007-07-06,402,2007-07-06,412,2007-07-20,0.585,0.55,289.6625061035156,293.9750061035156,0.014888015912072713,0.001,0.013888015912072713,1.0,10,True,True
1,403,2007-07-09,403,2007-07-09,413,2007-07-23,0.69,0.55,294.1875,297.73748779296875,0.012067092561610367,0.001,0.011067092561610366,1.0,10,True,True
1,405,2007-07-11,405,2007-07-11,415,2007-07-25,0.635,0.55,287.2250061035156,287.04998779296875,-0.0006093421771355053,0.001,-0.0016093421771355052,1.0,10,False,True
1,406,2007-07-12,406,2007-07-12,416,2007-07-26,0.63,0.55,290.63751220703125,297.2749938964844,0.022837663449049257,0.001,0.021837663449049256,1.0,10,True,True
1,407,2007-07-13,407,2007-07-13,417,2007-07-27,0.585,0.55,284.0,288.25,0.014964788732394365,0.001,0.013964788732394366,1.0,10,True,True
1,408,2007-07-16,408,2007-07-16,418,2007-07-30,0.705,0.55,282.07501220703125,284.11248779296875,0.007223169361921637,0.001,0.006223169361921637,1.0,10,True,True
1,409,2007-07-17,409,2007-07-17,419,2007-07-31,0.635,0.55,288.9375,289.07501220703125,0.0004759237102530824,0.001,-0.0005240762897469176,1.0,10,False,True
1,410,2007-07-18,410,2007-07-18,420,2007-08-01,0.64,0.55,291.6625061035156,278.7875061035156,-0.04414348684033614,0.001,-0.04514348684033614,1.0,10,False,True
1,411,2007-07-19,411,2007-07-19,421,2007-08-02,0.64,0.55,295.54998779296875,273.7875061035156,-0.07363384398004993,0.001,-0.07463384398004994,1.0,10,False,False
1,412,2007-07-20,412,2007-07-20,422,2007-08-03,0.6,0.55,293.9750061035156,274.2250061035156,-0.06718258215817692,0.001,-0.06818258215817692,1.0,10,False,True
1,414,2007-07-24,414,2007-07-24,424,2007-08-07,0.655,0.55,292.9750061035156,277.32501220703125,-0.05341750514702551,0.001,-0.05441750514702551,1.0,10,False,True
1,415,2007-07-25,415,2007-07-25,425,2007-08-08,0.76,0.55,287.04998779296875,288.1499938964844,0.0038321064284768088,0.001,0.0028321064284768088,1.0,10,True,True
1,417,2007-07-27,417,2007-07-27,427,2007-08-10,0.625,0.55,288.25,286.125,-0.007372072853425846,0.001,-0.008372072853425845,1.0,10,False,True
1,418,2007-07-30,418,2007-07-30,428,2007-08-13,0.695,0.55,284.11248779296875,283.625,-0.0017158267021475653,0.001,-0.002715826702147565,1.0,10,False,True
1,419,2007-07-31,419,2007-07-31,429,2007-08-14,0.66,0.55,289.07501220703125,282.5625,-0.0225287967898349,0.001,-0.0235287967898349,1.0,10,False,True
1,420,2007-08-01,420,2007-08-01,430,2007-08-16,0.68,0.55,278.7875061035156,272.0,-0.02434652183084338,0.001,-0.02534652183084338,1.0,10,False,True
1,421,2007-08-02,421,2007-08-02,431,2007-08-17,0.75,0.55,273.7875061035156,264.0375061035156,-0.035611559266381015,0.001,-0.036611559266381016,1.0,10,False,False
1,422,2007-08-03,422,2007-08-03,432,2007-08-20,0.775,0.55,274.2250061035156,263.88751220703125,-0.0376971234074187,0.001,-0.0386971234074187,1.0,10,False,True
1,423,2007-08-06,423,2007-08-06,433,2007-08-21,0.68,0.55,274.86248779296875,253.8125,-0.07658370540844399,0.001,-0.07758370540844399,1.0,10,False,True
1,424,2007-08-07,424,2007-08-07,434,2007-08-22,0.74,0.55,277.32501220703125,256.4750061035156,-0.07518256625172519,0.001,-0.07618256625172519,1.0,10,False,True
1,425,2007-08-08,425,2007-08-08,435,2007-08-23,0.595,0.55,288.1499938964844,251.97500610351562,-0.12554221259489018,0.001,-0.12654221259489018,1.0,10,False,True
1,426,2007-08-09,426,2007-08-09,436,2007-08-24,0.55,0.55,286.42498779296875,254.60000610351562,-0.11111105191861467,0.001,-0.11211105191861467,1.0,10,False,True
1,428,2007-08-13,428,2007-08-13,438,2007-08-28,0.695,0.55,283.625,257.1875,-0.09321286910533275,0.001,-0.09421286910533275,1.0,10,False,True
1,429,2007-08-14,429,2007-08-14,439,2007-08-29,0.73,0.55,282.5625,257.8999938964844,-0.0872815964734019,0.001,-0.0882815964734019,1.0,10,False,True
1,430,2007-08-16,430,2007-08-16,440,2007-08-30,0.61,0.55,272.0,261.5,-0.03860294117647059,0.001,-0.03960294117647059,1.0,10,False,True
1,431,2007-08-17,431,2007-08-17,441,2007-08-31,0.77,0.55,264.0375061035156,266.0874938964844,0.007764002255668384,0.001,0.006764002255668384,1.0,10,True,False
1,432,2007-08-20,432,2007-08-20,442,2007-09-03,0.745,0.55,263.88751220703125,265.3125,0.005399981912940181,0.001,0.004399981912940181,1.0,10,True,True
1,433,2007-08-21,433,2007-08-21,443,2007-09-04,0.84,0.55,253.8125,266.5249938964844,0.05008616162121399,0.001,0.049086161621213986,1.0,10,True,True
1,434,2007-08-22,434,2007-08-22,444,2007-09-05,0.81,0.55,256.4750061035156,268.0874938964844,0.045277268804437984,0.001,0.04427726880443798,1.0,10,True,True
1,435,2007-08-23,435,2007-08-23,445,2007-09-06,0.795,0.55,251.97500610351562,269.5,0.06955052474246119,0.001,0.06855052474246119,1.0,10,True,True
1,436,2007-08-24,436,2007-08-24,446,2007-09-07,0.82,0.55,254.60000610351562,269.0625,0.05680476649558364,0.001,0.05580476649558364,1.0,10,True,True
1,437,2007-08-27,437,2007-08-27,447,2007-09-10,0.765,0.55,256.625,261.8125,0.020214320506575744,0.001,0.019214320506575743,1.0,10,True,True
1,438,2007-08-28,438,2007-08-28,448,2007-09-11,0.82,0.55,257.1875,255.83749389648438,-0.005249112431652491,0.001,-0.006249112431652491,1.0,10,False,True
1,439,2007-08-29,439,2007-08-29,449,2007-09-12,0.675,0.55,257.8999938964844,253.89999389648438,-0.015509887920375507,0.001,-0.016509887920375506,1.0,10,False,True
1,440,2007-08-30,440,2007-08-30,450,2007-09-13,0.575,0.55,261.5,257.70001220703125,-0.014531502076362333,0.001,-0.015531502076362332,1.0,10,False,True
1,441,2007-08-31,441,2007-08-31,451,2007-09-14,0.75,0.55,266.0874938964844,255.6125030517578,-0.03936671615540726,0.001,-0.04036671615540726,1.0,10,False,False
1,442,2007-09-03,442,2007-09-03,452,2007-09-17,0.735,0.55,265.3125,249.41250610351562,-0.05992930561690224,0.001,-0.06092930561690224,1.0,10,False,True
1,443,2007-09-04,443,2007-09-04,453,2007-09-18,0.655,0.55,266.5249938964844,250.6125030517578,-0.05970355955024171,0.001,-0.06070355955024171,1.0,10,False,True
1,444,2007-09-05,444,2007-09-05,454,2007-09-19,0.675,0.55,268.0874938964844,255.7624969482422,-0.045973785532126284,0.001,-0.046973785532126285,1.0,10,False,True
1,445,2007-09-06,445,2007-09-06,455,2007-09-20,0.69,0.55,269.5,250.5124969482422,-0.07045455677832213,0.001,-0.07145455677832213,1.0,10,False,True
1,446,2007-09-07,446,2007-09-07,456,2007-09-21,0.76,0.55,269.0625,254.4499969482422,-0.05430895443162021,0.001,-0.05530895443162021,1.0,10,False,True
1,447,2007-09-10,447,2007-09-10,457,2007-09-24,0.8,0.55,261.8125,251.8125,-0.038195273334924805,0.001,-0.039195273334924806,1.0,10,False,True
1,448,2007-09-11,448,2007-09-11,458,2007-09-25,0.775,0.55,255.83749389648438,250.4250030517578,-0.02115597195036837,0.001,-0.02215597195036837,1.0,10,False,True
1,449,2007-09-12,449,2007-09-12,459,2007-09-26,0.745,0.55,253.89999389648438,260.1875,0.02476371112509383,0.001,0.023763711125093828,1.0,10,True,True
1,450,2007-09-13,450,2007-09-13,460,2007-09-27,0.69,0.55,257.70001220703125,265.625,0.03075276452296776,0.001,0.02975276452296776,1.0,10,True,True
1,451,2007-09-14,451,2007-09-14,461,2007-09-28,0.765,0.55,255.6125030517578,265.0375061035156,0.03687223018918361,0.001,0.03587223018918361,1.0,10,True,False
1,452,2007-09-17,452,2007-09-17,462,2007-10-01,0.69,0.55,249.41250610351562,260.4125061035156,0.04410364248308617,0.001,0.043103642483086166,1.0,10,True,True
1,453,2007-09-18,453,2007-09-18,463,2007-10-03,0.685,0.55,250.6125030517578,269.79998779296875,0.0765623602476379,0.001,0.0755623602476379,1.0,10,True,True
1,454,2007-09-19,454,2007-09-19,464,2007-10-04,0.665,0.55,255.7624969482422,269.82501220703125,0.05498271023540581,0.001,0.05398271023540581,1.0,10,True,True
1,455,2007-09-20,455,2007-09-20,465,2007-10-05,0.795,0.55,250.5124969482422,268.20001220703125,0.07060532098901014,0.001,0.06960532098901014,1.0,10,True,True
1,456,2007-09-21,456,2007-09-21,466,2007-10-08,0.605,0.55,254.4499969482422,269.5874938964844,0.05949104786714269,0.001,0.05849104786714269,1.0,10,True,True
1,457,2007-09-24,457,2007-09-24,467,2007-10-09,0.77,0.55,251.8125,273.73748779296875,0.08706870307458427,0.001,0.08606870307458427,1.0,10,True,True
1,458,2007-09-25,458,2007-09-25,468,2007-10-10,0.745,0.55,250.4250030517578,281.375,0.12358988348238313,0.001,0.12258988348238313,1.0,10,True,True
1,459,2007-09-26,459,2007-09-26,469,2007-10-11,0.575,0.55,260.1875,268.0,0.030026423252462166,0.001,0.029026423252462165,1.0,10,True,True
1,460,2007-09-27,460,2007-09-27,470,2007-10-12,0.59,0.55,265.625,265.875,0.0009411764705882353,0.001,-5.88235294117647e-05,1.0,10,False,True
1,462,2007-10-01,462,2007-10-01,472,2007-10-16,0.735,0.55,260.4125061035156,267.1000061035156,0.02568041028467994,0.001,0.02468041028467994,1.0,10,True,False
1,463,2007-10-03,463,2007-10-03,473,2007-10-17,0.58,0.55,269.79998779296875,273.67498779296875,0.014362491383704155,0.001,0.013362491383704156,1.0,10,True,True
1,464,2007-10-04,464,2007-10-04,474,2007-10-18,0.655,0.55,269.82501220703125,280.9624938964844,0.04127668372310704,0.001,0.04027668372310704,1.0,10,True,True
1,465,2007-10-05,465,2007-10-05,475,2007-10-19,0.695,0.55,268.20001220703125,277.2124938964844,0.033603584188117534,0.001,0.03260358418811753,1.0,10,True,True
1,466,2007-10-08,466,2007-10-08,476,2007-10-22,0.575,0.55,269.5874938964844,267.98748779296875,-0.005935016051338019,0.001,-0.006935016051338019,1.0,10,False,True
1,467,2007-10-09,467,2007-10-09,477,2007-10-23,0.6,0.55,273.73748779296875,265.8999938964844,-0.02863142333801198,0.001,-0.02963142333801198,1.0,10,False,True
1,468,2007-10-10,468,2007-10-10,478,2007-10-24,0.58,0.55,281.375,262.0,-0.06885828520657486,0.001,-0.06985828520657486,1.0,10,False,True
1,469,2007-10-11,469,2007-10-11,479,2007-10-25,0.635,0.55,268.0,262.3999938964844,-0.020895545162371736,0.001,-0.021895545162371736,1.0,10,False,True
1,470,2007-10-12,470,2007-10-12,480,2007-10-26,0.57,0.55,265.875,267.82501220703125,0.007334319537494124,0.001,0.006334319537494124,1.0,10,True,True
1,471,2007-10-15,471,2007-10-15,481,2007-10-29,0.56,0.55,268.5375061035156,267.0,-0.005725479936955057,0.001,-0.006725479936955057,1.0,10,False,True
1,472,2007-10-16,472,2007-10-16,482,2007-10-30,0.63,0.55,267.1000061035156,262.125,-0.01862600520341262,0.001,-0.019626005203412622,1.0,10,False,False
1,474,2007-10-18,474,2007-10-18,484,2007-11-01,0.59,0.55,280.9624938964844,255.7624969482422,-0.08969167592001329,0.001,-0.09069167592001329,1.0,10,False,True
1,475,2007-10-19,475,2007-10-19,485,2007-11-02,0.575,0.55,277.2124938964844,255.3000030517578,-0.07904582703588042,0.001,-0.08004582703588042,1.0,10,False,True
1,476,2007-10-22,476,2007-10-22,486,2007-11-05,0.68,0.55,267.98748779296875,252.8249969482422,-0.05657909990350073,0.001,-0.057579099903500734,1.0,10,False,True
1,477,2007-10-23,477,2007-10-23,487,2007-11-06,0.605,0.55,265.8999938964844,251.0749969482422,-0.05575403267596012,0.001,-0.056754032675960124,1.0,10,False,True
1,478,2007-10-24,478,2007-10-24,488,2007-11-07,0.76,0.55,262.0,249.2624969482422,-0.04861642386167104,0.001,-0.04961642386167104,1.0,10,False,True
1,479,2007-10-25,479,2007-10-25,489,2007-11-08,0.695,0.55,262.3999938964844,247.41250610351562,-0.057116951759081394,0.001,-0.058116951759081395,1.0,10,False,True
1,480,2007-10-26,480,2007-10-26,490,2007-11-12,0.655,0.55,267.82501220703125,240.96249389648438,-0.1002987663070912,0.001,-0.1012987663070912,1.0,10,False,True
1,481,2007-10-29,481,2007-10-29,491,2007-11-13,0.715,0.55,267.0,236.83749389648438,-0.11296818765361658,0.001,-0.11396818765361658,1.0,10,False,True
1,482,2007-10-30,482,2007-10-30,492,2007-11-14,0.785,0.55,262.125,246.6750030517578,-0.05894133313587863,0.001,-0.059941333135878634,1.0,10,False,False
1,484,2007-11-01,484,2007-11-01,494,2007-11-16,0.765,0.55,255.7624969482422,245.72500610351562,-0.03924535834805295,0.001,-0.04024535834805295,1.0,10,False,True
1,485,2007-11-02,485,2007-11-02,495,2007-11-19,0.76,0.55,255.3000030517578,248.375,-0.027124962667367785,0.001,-0.028124962667367786,1.0,10,False,True
1,486,2007-11-05,486,2007-11-05,496,2007-11-20,0.77,0.55,252.8249969482422,240.3249969482422,-0.04944131375806552,0.001,-0.05044131375806552,1.0,10,False,True
1,487,2007-11-06,487,2007-11-06,497,2007-11-21,0.83,0.55,251.0749969482422,236.1999969482422,-0.05924524616470036,0.001,-0.06024524616470036,1.0,10,False,True
1,488,2007-11-07,488,2007-11-07,498,2007-11-22,0.845,0.55,249.2624969482422,237.5500030517578,-0.046988592507425625,0.001,-0.047988592507425626,1.0,10,False,True
1,489,2007-11-08,489,2007-11-08,499,2007-11-23,0.805,0.55,247.41250610351562,240.2375030517578,-0.02900016318801541,0.001,-0.030000163188015412,1.0,10,False,True
1,490,2007-11-12,490,2007-11-12,500,2007-11-26,0.77,0.55,240.96249389648438,246.27499389648438,0.022046999572814054,0.001,0.021046999572814053,1.0,10,True,True
1,491,2007-11-13,491,2007-11-13,501,2007-11-27,0.835,0.55,236.83749389648438,248.9875030517578,0.05130103749782075,0.001,0.05030103749782075,1.0,10,True,True
1,492,2007-11-14,492,2007-11-14,502,2007-11-28,0.65,0.55,246.6750030517578,244.125,-0.010337500842040189,0.001,-0.011337500842040188,1.0,10,False,False
1,493,2007-11-15,493,2007-11-15,503,2007-11-29,0.85,0.55,245.0500030517578,241.5124969482422,-0.014435854150013852,0.001,-0.015435854150013851,1.0,10,False,True
1,494,2007-11-16,494,2007-11-16,504,2007-11-30,0.735,0.55,245.72500610351562,253.0500030517578,0.029809733508181963,0.001,0.028809733508181962,1.0,10,True,True
1,495,2007-11-19,495,2007-11-19,505,2007-12-03,0.625,0.55,248.375,262.4750061035156,0.05676902306397836,0.001,0.05576902306397836,1.0,10,True,True
1,496,2007-11-20,496,2007-11-20,506,2007-12-04,0.79,0.55,240.3249969482422,257.42498779296875,0.07115360891239007,0.001,0.07015360891239007,1.0,10,True,True
1,497,2007-11-21,497,2007-11-21,507,2007-12-05,0.82,0.55,236.1999969482422,258.29998779296875,0.0935647380620808,0.001,0.09256473806208079,1.0,10,True,True
1,498,2007-11-22,498,2007-11-22,508,2007-12-06,0.795,0.55,237.5500030517578,258.88751220703125,0.0898232325032822,0.001,0.0888232325032822,1.0,10,True,True
1,499,2007-11-23,499,2007-11-23,509,2007-12-07,0.83,0.55,240.2375030517578,265.6499938964844,0.1057806983585389,0.001,0.1047806983585389,1.0,10,True,True
1,500,2007-11-26,500,2007-11-26,510,2007-12-10,0.75,0.55,246.27499389648438,258.8999938964844,0.051263832353627456,0.001,0.050263832353627455,1.0,10,True,True
1,501,2007-11-27,501,2007-11-27,511,2007-12-11,0.75,0.55,248.9875030517578,260.32501220703125,0.04553445059014337,0.001,0.04453445059014337,1.0,10,True,True
1,502,2007-11-28,502,2007-11-28,512,2007-12-12,0.795,0.55,244.125,263.3500061035156,0.07875066504256273,0.001,0.07775066504256273,1.0,10,True,False
1,503,2007-11-29,503,2007-11-29,513,2007-12-13,0.72,0.55,241.5124969482422,257.3999938964844,0.06578333274259919,0.001,0.06478333274259919,1.0,10,True,True
1,505,2007-12-03,505,2007-12-03,515,2007-12-17,0.59,0.55,262.4750061035156,253.10000610351562,-0.03571768656823142,0.001,-0.03671768656823142,1.0,10,False,True
1,506,2007-12-04,506,2007-12-04,516,2007-12-18,0.705,0.55,257.42498779296875,251.22500610351562,-0.024084614872117206,0.001,-0.025084614872117206,1.0,10,False,True
1,507,2007-12-05,507,2007-12-05,517,2007-12-19,0.625,0.55,258.29998779296875,256.125,-0.008420394486088922,0.001,-0.009420394486088921,1.0,10,False,True
1,508,2007-12-06,508,2007-12-06,518,2007-12-20,0.59,0.55,258.88751220703125,261.3374938964844,0.009463498909495044,0.001,0.008463498909495045,1.0,10,True,True
1,509,2007-12-07,509,2007-12-07,519,2007-12-24,0.61,0.55,265.6499938964844,277.42498779296875,0.044325218020041544,0.001,0.043325218020041543,1.0,10,True,True
1,510,2007-12-10,510,2007-12-10,520,2007-12-26,0.645,0.55,258.8999938964844,275.07501220703125,0.062475931602432214,0.001,0.06147593160243221,1.0,10,True,True
1,511,2007-12-11,511,2007-12-11,521,2007-12-27,0.7,0.55,260.32501220703125,277.6875,0.06669542678888156,0.001,0.06569542678888156,1.0,10,True,True
1,512,2007-12-12,512,2007-12-12,522,2007-12-28,0.58,0.55,263.3500061035156,270.5375061035156,0.027292575786669212,0.001,0.02629257578666921,1.0,10,True,False
1,513,2007-12-13,513,2007-12-13,523,2007-12-31,0.605,0.55,257.3999938964844,269.3500061035156,0.046425844951018334,0.001,0.045425844951018333,1.0,10,True,True
1,514,2007-12-14,514,2007-12-14,524,2008-01-01,0.585,0.55,260.1000061035156,263.63751220703125,0.013600561401400946,0.001,0.012600561401400947,1.0,10,True,True
1,515,2007-12-17,515,2007-12-17,525,2008-01-02,0.69,0.55,253.10000610351562,262.5,0.03713944555433895,0.001,0.03613944555433895,1.0,10,True,True
1,516,2007-12-18,516,2007-12-18,526,2008-01-03,0.625,0.55,251.22500610351562,252.7624969482422,0.006119975350276435,0.001,0.005119975350276435,1.0,10,True,True
1,517,2007-12-19,517,2007-12-19,527,2008-01-04,0.685,0.55,256.125,251.3000030517578,-0.01883844586917399,0.001,-0.01983844586917399,1.0,10,False,True
1,518,2007-12-20,518,2007-12-20,528,2008-01-07,0.65,0.55,261.3374938964844,243.89999389648438,-0.0667240652690539,0.001,-0.0677240652690539,1.0,10,False,True
1,519,2007-12-24,519,2007-12-24,529,2008-01-08,0.57,0.55,277.42498779296875,246.96249389648438,-0.10980443448452928,0.001,-0.11080443448452929,1.0,10,False,True
1,520,2007-12-26,520,2007-12-26,530,2008-01-09,0.65,0.55,275.07501220703125,249.0749969482422,-0.09451972772874231,0.001,-0.09551972772874232,1.0,10,False,True
1,521,2007-12-27,521,2007-12-27,531,2008-01-10,0.675,0.55,277.6875,245.41250610351562,-0.11622775204675895,0.001,-0.11722775204675895,1.0,10,False,True
1,522,2007-12-28,522,2007-12-28,532,2008-01-11,0.625,0.55,270.5375061035156,247.4375,-0.08538559564704822,0.001,-0.08638559564704822,1.0,10,False,False
1,523,2007-12-31,523,2007-12-31,533,2008-01-14,0.665,0.55,269.3500061035156,240.28750610351562,-0.10789864244083516,0.001,-0.10889864244083516,1.0,10,False,True
1,524,2008-01-01,524,2008-01-01,534,2008-01-15,0.745,0.55,263.63751220703125,235.0,-0.10862457306357287,0.001,-0.10962457306357287,1.0,10,False,True
1,525,2008-01-02,525,2008-01-02,535,2008-01-16,0.67,0.55,262.5,236.2375030517578,-0.100047607421875,0.001,-0.101047607421875,1.0,10,False,True
1,526,2008-01-03,526,2008-01-03,536,2008-01-17,0.61,0.55,252.7624969482422,230.6750030517578,-0.08738437926179847,0.001,-0.08838437926179847,1.0,10,False,True
1,527,2008-01-04,527,2008-01-04,537,2008-01-18,0.67,0.55,251.3000030517578,225.8000030517578,-0.10147234257990842,0.001,-0.10247234257990842,1.0,10,False,True
1,528,2008-01-07,528,2008-01-07,538,2008-01-21,0.71,0.55,243.89999389648438,207.7624969482422,-0.14816522284776934,0.001,-0.14916522284776934,1.0,10,False,True
1,529,2008-01-08,529,2008-01-08,539,2008-01-22,0.755,0.55,246.96249389648438,200.0625,-0.1899073545805006,0.001,-0.1909073545805006,1.0,10,False,True
1,530,2008-01-09,530,2008-01-09,540,2008-01-23,0.795,0.55,249.0749969482422,217.9875030517578,-0.12481178069810178,0.001,-0.12581178069810178,1.0,10,False,True
1,531,2008-01-10,531,2008-01-10,541,2008-01-24,0.725,0.55,245.41250610351562,210.8125,-0.14098713489736034,0.001,-0.14198713489736034,1.0,10,False,True
1,532,2008-01-11,532,2008-01-11,542,2008-01-25,0.64,0.55,247.4375,221.14999389648438,-0.10623897389650164,0.001,-0.10723897389650164,1.0,10,False,False
1,533,2008-01-14,533,2008-01-14,543,2008-01-28,0.81,0.55,240.28750610351562,213.5749969482422,-0.11116894751808575,0.001,-0.11216894751808575,1.0,10,False,True
1,534,2008-01-15,534,2008-01-15,544,2008-01-29,0.845,0.55,235.0,216.9250030517578,-0.07691488063081782,0.001,-0.07791488063081782,1.0,10,False,True
1,535,2008-01-16,535,2008-01-16,545,2008-01-30,0.755,0.55,236.2375030517578,217.46249389648438,-0.07947514223074047,0.001,-0.08047514223074047,1.0,10,False,True
1,536,2008-01-17,536,2008-01-17,546,2008-01-31,0.85,0.55,230.6750030517578,218.4375,-0.053050841616384486,0.001,-0.05405084161638449,1.0,10,False,True
1,537,2008-01-18,537,2008-01-18,547,2008-02-01,0.81,0.55,225.8000030517578,232.375,0.029118675196541377,0.001,0.028118675196541376,1.0,10,True,True
1,538,2008-01-21,538,2008-01-21,548,2008-02-04,0.695,0.55,207.7624969482422,243.91250610351562,0.1739967977198461,0.001,0.1729967977198461,1.0,10,True,True
1,539,2008-01-22,539,2008-01-22,549,2008-02-05,0.625,0.55,200.0625,238.7624969482422,0.19343953488655888,0.001,0.19243953488655888,1.0,10,True,True
1,540,2008-01-23,540,2008-01-23,550,2008-02-06,0.555,0.55,217.9875030517578,226.52499389648438,0.039165047194010316,0.001,0.038165047194010315,1.0,10,True,True
1,541,2008-01-24,541,2008-01-24,551,2008-02-07,0.815,0.55,210.8125,219.7624969482422,0.042454773546360805,0.001,0.041454773546360804,1.0,10,True,True
1,542,2008-01-25,542,2008-01-25,552,2008-02-08,0.585,0.55,221.14999389648438,224.60000610351562,0.015600326937590274,0.001,0.014600326937590273,1.0,10,True,False
1,543,2008-01-28,543,2008-01-28,553,2008-02-11,0.82,0.55,213.5749969482422,226.52499389648438,0.060634424128684375,0.001,0.059634424128684374,1.0,10,True,True
1,544,2008-01-29,544,2008-01-29,554,2008-02-12,0.735,0.55,216.9250030517578,216.16250610351562,-0.00351502564257315,0.001,-0.00451502564257315,1.0,10,False,True
1,545,2008-01-30,545,2008-01-30,555,2008-02-13,0.83,0.55,217.46249389648438,217.2375030517578,-0.0010346190770425992,0.001,-0.0020346190770425994,1.0,10,False,True
1,546,2008-01-31,546,2008-01-31,556,2008-02-14,0.72,0.55,218.4375,218.4499969482422,5.7210635729613737e-05,0.001,-0.0009427893642703863,1.0,10,False,True
1,549,2008-02-05,549,2008-02-05,559,2008-02-19,0.695,0.55,238.7624969482422,218.8625030517578,-0.08334639715548879,0.001,-0.08434639715548879,1.0,10,False,True
1,550,2008-02-06,550,2008-02-06,560,2008-02-20,0.725,0.55,226.52499389648438,221.52499389648438,-0.022072619510961608,0.001,-0.02307261951096161,1.0,10,False,True
1,551,2008-02-07,551,2008-02-07,561,2008-02-21,0.785,0.55,219.7624969482422,228.66250610351562,0.04049830739486702,0.001,0.03949830739486702,1.0,10,True,True
1,552,2008-02-08,552,2008-02-08,562,2008-02-22,0.715,0.55,224.60000610351562,225.1374969482422,0.0023931025383803375,0.001,0.0013931025383803375,1.0,10,True,False
1,553,2008-02-11,553,2008-02-11,563,2008-02-25,0.665,0.55,226.52499389648438,225.1875,-0.005904398775066616,0.001,-0.006904398775066616,1.0,10,False,True
1,554,2008-02-12,554,2008-02-12,564,2008-02-26,0.735,0.55,216.16250610351562,224.60000610351562,0.039033133692294726,0.001,0.038033133692294725,1.0,10,True,True
1,555,2008-02-13,555,2008-02-13,565,2008-02-27,0.72,0.55,217.2375030517578,219.3874969482422,0.009896973893923506,0.001,0.008896973893923507,1.0,10,True,True
1,556,2008-02-14,556,2008-02-14,566,2008-02-28,0.715,0.55,218.4499969482422,220.22500610351562,0.008125471183659454,0.001,0.007125471183659454,1.0,10,True,True
1,557,2008-02-15,557,2008-02-15,567,2008-02-29,0.62,0.55,218.1750030517578,219.35000610351562,0.005385598878525354,0.001,0.004385598878525354,1.0,10,True,True
1,558,2008-02-18,558,2008-02-18,568,2008-03-03,0.81,0.55,213.3000030517578,212.14999389648438,-0.005391510261696456,0.001,-0.006391510261696456,1.0,10,False,True
1,559,2008-02-19,559,2008-02-19,569,2008-03-04,0.735,0.55,218.8625030517578,214.6999969482422,-0.019018817958648918,0.001,-0.02001881795864892,1.0,10,False,True
1,560,2008-02-20,560,2008-02-20,570,2008-03-05,0.73,0.55,221.52499389648438,218.8249969482422,-0.012188227164578366,0.001,-0.013188227164578365,1.0,10,False,True
1,561,2008-02-21,561,2008-02-21,571,2008-03-07,0.61,0.55,228.66250610351562,211.53750610351562,-0.07489203320568658,0.001,-0.07589203320568658,1.0,10,False,True
1,562,2008-02-22,562,2008-02-22,572,2008-03-10,0.69,0.55,225.1374969482422,208.41250610351562,-0.07428789549246673,0.001,-0.07528789549246673,1.0,10,False,False
1,563,2008-02-25,563,2008-02-25,573,2008-03-11,0.7,0.55,225.1875,205.875,-0.08576186511240633,0.001,-0.08676186511240633,1.0,10,False,True
1,564,2008-02-26,564,2008-02-26,574,2008-03-12,0.745,0.55,224.60000610351562,205.8874969482422,-0.08331482033285899,0.001,-0.08431482033285899,1.0,10,False,True
1,565,2008-02-27,565,2008-02-27,575,2008-03-13,0.755,0.55,219.3874969482422,194.9250030517578,-0.11150359175780905,0.001,-0.11250359175780905,1.0,10,False,True
1,566,2008-02-28,566,2008-02-28,576,2008-03-14,0.635,0.55,220.22500610351562,200.96249389648438,-0.0874674159299467,0.001,-0.0884674159299467,1.0,10,False,True
1,567,2008-02-29,567,2008-02-29,577,2008-03-17,0.67,0.55,219.35000610351562,197.96249389648438,-0.0975040419964158,0.001,-0.0985040419964158,1.0,10,False,True
1,568,2008-03-03,568,2008-03-03,578,2008-03-18,0.75,0.55,212.14999389648438,204.4250030517578,-0.03641287328292766,0.001,-0.03741287328292766,1.0,10,False,True
1,569,2008-03-04,569,2008-03-04,579,2008-03-19,0.71,0.55,214.6999969482422,202.8625030517578,-0.05513504454933944,0.001,-0.056135044549339444,1.0,10,False,True
1,570,2008-03-05,570,2008-03-05,580,2008-03-24,0.63,0.55,218.8249969482422,205.9250030517578,-0.05895118965561123,0.001,-0.059951189655611234,1.0,10,False,True
1,571,2008-03-07,571,2008-03-07,581,2008-03-25,0.71,0.55,211.53750610351562,219.125,0.03586831496808629,0.001,0.03486831496808629,1.0,10,True,True
1,572,2008-03-10,572,2008-03-10,582,2008-03-26,0.715,0.55,208.41250610351562,219.58749389648438,0.05361956440089199,0.001,0.05261956440089199,1.0,10,True,False
1,573,2008-03-11,573,2008-03-11,583,2008-03-27,0.69,0.55,205.875,213.125,0.035215543412264724,0.001,0.03421554341226472,1.0,10,True,True
1,574,2008-03-12,574,2008-03-12,584,2008-03-28,0.755,0.55,205.8874969482422,217.7624969482422,0.05767713035525048,0.001,0.05667713035525048,1.0,10,True,True
1,575,2008-03-13,575,2008-03-13,585,2008-03-31,0.76,0.55,194.9250030517578,202.6125030517578,0.0394382448615828,0.001,0.0384382448615828,1.0,10,True,True
1,576,2008-03-14,576,2008-03-14,586,2008-04-01,0.725,0.55,200.96249389648438,208.08749389648438,0.03545437689318327,0.001,0.03445437689318327,1.0,10,True,True
1,577,2008-03-17,577,2008-03-17,587,2008-04-02,0.795,0.55,197.96249389648438,212.8125,0.07501424038070954,0.001,0.07401424038070954,1.0,10,True,True
1,578,2008-03-18,578,2008-03-18,588,2008-04-03,0.675,0.55,204.4250030517578,221.35000610351562,0.08279321413277718,0.001,0.08179321413277718,1.0,10,True,True
1,579,2008-03-19,579,2008-03-19,589,2008-04-04,0.715,0.55,202.8625030517578,218.22500610351562,0.07572864783117787,0.001,0.07472864783117787,1.0,10,True,True
1,580,2008-03-24,580,2008-03-24,590,2008-04-07,0.63,0.55,205.9250030517578,226.02499389648438,0.09760830664974943,0.001,0.09660830664974943,1.0,10,True,True
1,582,2008-03-26,582,2008-03-26,592,2008-04-09,0.61,0.55,219.58749389648438,219.0625,-0.002390818744585983,0.001,-0.003390818744585983,1.0,10,False,False
1,583,2008-03-27,583,2008-03-27,593,2008-04-10,0.685,0.55,213.125,224.8874969482422,0.055190601516678886,0.001,0.054190601516678885,1.0,10,True,True
1,584,2008-03-28,584,2008-03-28,594,2008-04-11,0.69,0.55,217.7624969482422,227.0,0.04242008234298206,0.001,0.041420082342982056,1.0,10,True,True
1,585,2008-03-31,585,2008-03-31,595,2008-04-15,0.78,0.55,202.6125030517578,243.53750610351562,0.20198656270143125,0.001,0.20098656270143125,1.0,10,True,True
1,586,2008-04-01,586,2008-04-01,596,2008-04-16,0.63,0.55,208.08749389648438,242.97500610351562,0.16765789982739887,0.001,0.16665789982739887,1.0,10,True,True
1,587,2008-04-02,587,2008-04-02,597,2008-04-17,0.66,0.55,212.8125,250.22500610351562,0.17580032236600587,0.001,0.17480032236600587,1.0,10,True,True
1,588,2008-04-03,588,2008-04-03,598,2008-04-21,0.595,0.55,221.35000610351562,248.35000610351562,0.12197876329568878,0.001,0.12097876329568878,1.0,10,True,True
1,589,2008-04-04,589,2008-04-04,599,2008-04-22,0.735,0.55,218.22500610351562,221.8000030517578,0.016382159918677596,0.001,0.015382159918677595,1.0,10,True,True
1,590,2008-04-07,590,2008-04-07,600,2008-04-23,0.59,0.55,226.02499389648438,222.28750610351562,-0.016535727879194,0.001,-0.017535727879194,1.0,10,False,True
1,591,2008-04-08,591,2008-04-08,601,2008-04-24,0.68,0.55,221.83749389648438,222.6875,0.003831661134398957,0.001,0.002831661134398957,1.0,10,True,True
1,592,2008-04-09,592,2008-04-09,602,2008-04-25,0.635,0.55,219.0625,222.3249969482422,0.014892996054743224,0.001,0.013892996054743225,1.0,10,True,False
1,593,2008-04-10,593,2008-04-10,603,2008-04-28,0.625,0.55,224.8874969482422,220.4250030517578,-0.01984322808978312,0.001,-0.02084322808978312,1.0,10,False,True
1,594,2008-04-11,594,2008-04-11,604,2008-04-29,0.65,0.55,227.0,227.6374969482422,0.002808356600185848,0.001,0.0018083566001858482,1.0,10,True,True
1,596,2008-04-16,596,2008-04-16,606,2008-05-02,0.595,0.55,242.97500610351562,235.9375,-0.028963909565732898,0.001,-0.0299639095657329,1.0,10,False,True
1,597,2008-04-17,597,2008-04-17,607,2008-05-05,0.675,0.55,250.22500610351562,231.8625030517578,-0.07338396484706819,0.001,-0.07438396484706819,1.0,10,False,True
1,598,2008-04-21,598,2008-04-21,608,2008-05-06,0.625,0.55,248.35000610351562,234.2624969482422,-0.05672441638435706,0.001,-0.05772441638435706,1.0,10,False,True
1,599,2008-04-22,599,2008-04-22,609,2008-05-07,0.66,0.55,221.8000030517578,241.6875,0.08966409681969828,0.001,0.08866409681969828,1.0,10,True,True
1,600,2008-04-23,600,2008-04-23,610,2008-05-08,0.685,0.55,222.28750610351562,236.75,0.06506210875274938,0.001,0.06406210875274938,1.0,10,True,True
1,601,2008-04-24,601,2008-04-24,611,2008-05-09,0.735,0.55,222.6875,229.25,0.029469548133595286,0.001,0.028469548133595285,1.0,10,True,True
1,602,2008-04-25,602,2008-04-25,612,2008-05-12,0.785,0.55,222.3249969482422,231.72500610351562,0.042280487054102076,0.001,0.041280487054102075,1.0,10,True,False
1,603,2008-04-28,603,2008-04-28,613,2008-05-13,0.62,0.55,220.4250030517578,226.2624969482422,0.02648290264563897,0.001,0.025482902645638968,1.0,10,True,True
1,605,2008-04-30,605,2008-04-30,615,2008-05-15,0.59,0.55,230.25,246.1875,0.06921824104234528,0.001,0.06821824104234528,1.0,10,True,True
1,606,2008-05-02,606,2008-05-02,616,2008-05-16,0.595,0.55,235.9375,245.2624969482422,0.03952316587334437,0.001,0.03852316587334437,1.0,10,True,True
1,607,2008-05-05,607,2008-05-05,617,2008-05-20,0.695,0.55,231.8625030517578,239.02499389648438,0.03089111326952123,0.001,0.02989111326952123,1.0,10,True,True
1,608,2008-05-06,608,2008-05-06,618,2008-05-21,0.6,0.55,234.2624969482422,241.27499389648438,0.029934355859749604,0.001,0.028934355859749603,1.0,10,True,True
1,609,2008-05-07,609,2008-05-07,619,2008-05-22,0.555,0.55,241.6875,240.28750610351562,-0.005792578832104991,0.001,-0.006792578832104991,1.0,10,False,True
1,610,2008-05-08,610,2008-05-08,620,2008-05-23,0.645,0.55,236.75,233.10000610351562,-0.01541708087216209,0.001,-0.01641708087216209,1.0,10,False,True
1,611,2008-05-09,611,2008-05-09,621,2008-05-26,0.72,0.55,229.25,238.8625030517578,0.04193022050930344,0.001,0.040930220509303436,1.0,10,True,True
1,612,2008-05-12,612,2008-05-12,622,2008-05-27,0.72,0.55,231.72500610351562,242.22500610351562,0.045312330233835296,0.001,0.044312330233835295,1.0,10,True,False
1,613,2008-05-13,613,2008-05-13,623,2008-05-28,0.71,0.55,226.2624969482422,252.3625030517578,0.11535277147359525,0.001,0.11435277147359525,1.0,10,True,True
1,614,2008-05-14,614,2008-05-14,624,2008-05-29,0.58,0.55,242.78750610351562,248.66250610351562,0.024198115027777075,0.001,0.023198115027777074,1.0,10,True,True
1,615,2008-05-15,615,2008-05-15,625,2008-05-30,0.62,0.55,246.1875,259.7875061035156,0.055242472113797916,0.001,0.054242472113797915,1.0,10,True,True
1,616,2008-05-16,616,2008-05-16,626,2008-06-02,0.745,0.55,245.2624969482422,245.96249389648438,0.0028540725017160208,0.001,0.0018540725017160207,1.0,10,True,True
1,617,2008-05-20,617,2008-05-20,627,2008-06-03,0.69,0.55,239.02499389648438,243.78750610351562,0.019924745648539886,0.001,0.018924745648539885,1.0,10,True,True
1,618,2008-05-21,618,2008-05-21,628,2008-06-04,0.665,0.55,241.27499389648438,239.1875,-0.008651928087417068,0.001,-0.009651928087417067,1.0,10,False,True
1,619,2008-05-22,619,2008-05-22,629,2008-06-05,0.67,0.55,240.28750610351562,245.46249389648438,0.021536649478310247,0.001,0.020536649478310246,1.0,10,True,True
1,620,2008-05-23,620,2008-05-23,630,2008-06-06,0.745,0.55,233.10000610351562,241.5500030517578,0.03625052220929455,0.001,0.035250522209294546,1.0,10,True,True
1,621,2008-05-26,621,2008-05-26,631,2008-06-09,0.625,0.55,238.8625030517578,228.52499389648438,-0.04327807430299539,0.001,-0.04427807430299539,1.0,10,False,True
1,622,2008-05-27,622,2008-05-27,632,2008-06-10,0.705,0.55,242.22500610351562,219.75,-0.09278565605200505,0.001,-0.09378565605200505,1.0,10,False,False
1,623,2008-05-28,623,2008-05-28,633,2008-06-11,0.59,0.55,252.3625030517578,222.58749389648438,-0.11798507621065554,0.001,-0.11898507621065554,1.0,10,False,True
1,624,2008-05-29,624,2008-05-29,634,2008-06-12,0.57,0.55,248.66250610351562,222.0625,-0.10697232373441261,0.001,-0.10797232373441261,1.0,10,False,True
1,625,2008-05-30,625,2008-05-30,635,2008-06-13,0.57,0.55,259.7875061035156,227.39999389648438,-0.12466924484861884,0.001,-0.12566924484861883,1.0,10,False,True
1,626,2008-06-02,626,2008-06-02,636,2008-06-16,0.59,0.55,245.96249389648438,227.6999969482422,-0.07424911277704044,0.001,-0.07524911277704044,1.0,10,False,True
1,627,2008-06-03,627,2008-06-03,637,2008-06-17,0.61,0.55,243.78750610351562,230.3249969482422,-0.055222309668146265,0.001,-0.056222309668146266,1.0,10,False,True
1,628,2008-06-04,628,2008-06-04,638,2008-06-18,0.745,0.55,239.1875,225.22500610351562,-0.05837468051835641,0.001,-0.05937468051835641,1.0,10,False,True
1,629,2008-06-05,629,2008-06-05,639,2008-06-19,0.64,0.55,245.46249389648438,222.0,-0.09558484281667447,0.001,-0.09658484281667447,1.0,10,False,True
1,630,2008-06-06,630,2008-06-06,640,2008-06-20,0.725,0.55,241.5500030517578,215.96249389648438,-0.10593048574621922,0.001,-0.10693048574621922,1.0,10,False,True
1,631,2008-06-09,631,2008-06-09,641,2008-06-23,0.73,0.55,228.52499389648438,214.6125030517578,-0.0608795152228668,0.001,-0.0618795152228668,1.0,10,False,True
1,632,2008-06-10,632,2008-06-10,642,2008-06-24,0.775,0.55,219.75,211.10000610351562,-0.03936288462563993,0.001,-0.04036288462563993,1.0,10,False,False
1,633,2008-06-11,633,2008-06-11,643,2008-06-25,0.775,0.55,222.58749389648438,219.1999969482422,-0.015218720912584437,0.001,-0.016218720912584438,1.0,10,False,True
1,634,2008-06-12,634,2008-06-12,644,2008-06-26,0.795,0.55,222.0625,220.33749389648438,-0.007768110795454545,0.001,-0.008768110795454545,1.0,10,False,True
1,635,2008-06-13,635,2008-06-13,645,2008-06-27,0.675,0.55,227.39999389648438,216.375,-0.04848282406508377,0.001,-0.04948282406508377,1.0,10,False,True
1,636,2008-06-16,636,2008-06-16,646,2008-06-30,0.8,0.55,227.6999969482422,214.5500030517578,-0.05775140128558483,0.001,-0.05875140128558483,1.0,10,False,True
1,637,2008-06-17,637,2008-06-17,647,2008-07-01,0.705,0.55,230.3249969482422,211.9250030517578,-0.0798870905906021,0.001,-0.0808870905906021,1.0,10,False,True
1,638,2008-06-18,638,2008-06-18,648,2008-07-02,0.835,0.55,225.22500610351562,219.125,-0.027084053449695555,0.001,-0.028084053449695556,1.0,10,False,True
1,639,2008-06-19,639,2008-06-19,649,2008-07-03,0.785,0.55,222.0,214.16250610351562,-0.03530402656074043,0.001,-0.03630402656074043,1.0,10,False,True
1,640,2008-06-20,640,2008-06-20,650,2008-07-04,0.835,0.55,215.96249389648438,211.125,-0.022399694545123625,0.001,-0.023399694545123625,1.0,10,False,True
1,641,2008-06-23,641,2008-06-23,651,2008-07-07,0.825,0.55,214.6125030517578,213.0625,-0.0072223334135569925,0.001,-0.008222333413556993,1.0,10,False,True
1,642,2008-06-24,642,2008-06-24,652,2008-07-08,0.725,0.55,211.10000610351562,207.5500030517578,-0.016816688532055382,0.001,-0.017816688532055383,1.0,10,False,False
1,643,2008-06-25,643,2008-06-25,653,2008-07-09,0.745,0.55,219.1999969482422,219.1875,-5.701162598619149e-05,0.001,-0.0010570116259861915,1.0,10,False,True
1,644,2008-06-26,644,2008-06-26,654,2008-07-10,0.74,0.55,220.33749389648438,217.10000610351562,-0.014693313133940506,0.001,-0.015693313133940505,1.0,10,False,True
1,645,2008-06-27,645,2008-06-27,655,2008-07-11,0.815,0.55,216.375,199.64999389648438,-0.07729638869331311,0.001,-0.07829638869331311,1.0,10,False,True
1,646,2008-06-30,646,2008-06-30,656,2008-07-14,0.855,0.55,214.5500030517578,191.96249389648438,-0.10527853103700237,0.001,-0.10627853103700237,1.0,10,False,True
1,647,2008-07-01,647,2008-07-01,657,2008-07-15,0.825,0.55,211.9250030517578,187.66250610351562,-0.11448624088171715,0.001,-0.11548624088171715,1.0,10,False,True
1,648,2008-07-02,648,2008-07-02,658,2008-07-16,0.62,0.55,219.125,182.02499389648438,-0.16930978256025386,0.001,-0.17030978256025386,1.0,10,False,True
1,649,2008-07-03,649,2008-07-03,659,2008-07-17,0.785,0.55,214.16250610351562,195.8125,-0.0856826268863614,0.001,-0.0866826268863614,1.0,10,False,True
1,650,2008-07-04,650,2008-07-04,660,2008-07-18,0.8,0.55,211.125,198.46249389648438,-0.059976346257030785,0.001,-0.060976346257030786,1.0,10,False,True
1,651,2008-07-07,651,2008-07-07,661,2008-07-21,0.67,0.55,213.0625,203.1999969482422,-0.04628924870288208,0.001,-0.04728924870288208,1.0,10,False,True
1,652,2008-07-08,652,2008-07-08,662,2008-07-22,0.665,0.55,207.5500030517578,207.96249389648438,0.0019874287577037403,0.001,0.0009874287577037403,1.0,10,True,False
1,654,2008-07-10,654,2008-07-10,664,2008-07-24,0.66,0.55,217.10000610351562,200.6374969482422,-0.07582915104766941,0.001,-0.07682915104766941,1.0,10,False,True
1,655,2008-07-11,655,2008-07-11,665,2008-07-25,0.645,0.55,199.64999389648438,199.8000030517578,0.0007513606804877493,0.001,-0.0002486393195122507,1.0,10,False,True
1,656,2008-07-14,656,2008-07-14,666,2008-07-28,0.84,0.55,191.96249389648438,201.5625,0.05000980091815446,0.001,0.04900980091815446,1.0,10,True,True
1,657,2008-07-15,657,2008-07-15,667,2008-07-29,0.78,0.55,187.66250610351562,202.2375030517578,0.0776660039923081,0.001,0.0766660039923081,1.0,10,True,True
1,658,2008-07-16,658,2008-07-16,668,2008-07-30,0.79,0.55,182.02499389648438,209.7375030517578,0.1522456260651394,0.001,0.1512456260651394,1.0,10,True,True
1,659,2008-07-17,659,2008-07-17,669,2008-07-31,0.675,0.55,195.8125,208.4375,0.06447494414299394,0.001,0.06347494414299394,1.0,10,True,True
1,660,2008-07-18,660,2008-07-18,670,2008-08-01,0.685,0.55,198.46249389648438,210.16250610351562,0.058953266067158436,0.001,0.057953266067158435,1.0,10,True,True
1,661,2008-07-21,661,2008-07-21,671,2008-08-04,0.775,0.55,203.1999969482422,203.83749389648438,0.0031372881782304684,0.001,0.0021372881782304684,1.0,10,True,True
1,662,2008-07-22,662,2008-07-22,672,2008-08-05,0.635,0.55,207.96249389648438,207.4250030517578,-0.002584556641228319,0.001,-0.003584556641228319,1.0,10,False,False
1,663,2008-07-23,663,2008-07-23,673,2008-08-06,0.575,0.55,215.1374969482422,215.1374969482422,0.0,0.001,-0.001,1.0,10,False,True
1,664,2008-07-24,664,2008-07-24,674,2008-08-07,0.73,0.55,200.6374969482422,213.33749389648438,0.06329822262245609,0.001,0.06229822262245609,1.0,10,True,True
1,665,2008-07-25,665,2008-07-25,675,2008-08-08,0.67,0.55,199.8000030517578,211.27499389648438,0.05743238573301717,0.001,0.05643238573301717,1.0,10,True,True
1,666,2008-07-28,666,2008-07-28,676,2008-08-11,0.765,0.55,201.5625,208.4875030517578,0.0343566042877907,0.001,0.0333566042877907,1.0,10,True,True
1,667,2008-07-29,667,2008-07-29,677,2008-08-12,0.775,0.55,202.2375030517578,204.8125,0.012732539263912782,0.001,0.01173253926391278,1.0,10,True,True
1,668,2008-07-30,668,2008-07-30,678,2008-08-13,0.71,0.55,209.7375030517578,207.0749969482422,-0.012694468393945679,0.001,-0.01369446839394568,1.0,10,False,True
1,669,2008-07-31,669,2008-07-31,679,2008-08-14,0.705,0.55,208.4375,208.3000030517578,-0.0006596555238005997,0.001,-0.0016596555238005996,1.0,10,False,True
1,670,2008-08-01,670,2008-08-01,680,2008-08-18,0.6,0.55,210.16250610351562,210.3874969482422,0.0010705565369292997,0.001,7.055653692929968e-05,1.0,10,True,True
1,671,2008-08-04,671,2008-08-04,681,2008-08-19,0.695,0.55,203.83749389648438,210.3125,0.031765530372954126,0.001,0.030765530372954125,1.0,10,True,True
1,672,2008-08-05,672,2008-08-05,682,2008-08-20,0.695,0.55,207.4250030517578,210.39999389648438,0.014342489097055607,0.001,0.013342489097055606,1.0,10,True,False
1,673,2008-08-06,673,2008-08-06,683,2008-08-21,0.635,0.55,215.1374969482422,204.46249389648438,-0.04961944432367365,0.001,-0.05061944432367365,1.0,10,False,True
1,674,2008-08-07,674,2008-08-07,684,2008-08-22,0.72,0.55,213.33749389648438,204.75,-0.04025309259820592,0.001,-0.04125309259820592,1.0,10,False,True
1,675,2008-08-08,675,2008-08-08,685,2008-08-25,0.65,0.55,211.27499389648438,204.5500030517578,-0.03183051018343192,0.001,-0.03283051018343192,1.0,10,False,True
1,676,2008-08-11,676,2008-08-11,686,2008-08-26,0.69,0.55,208.4875030517578,208.5124969482422,0.00011988198869728019,0.001,-0.0008801180113027199,1.0,10,False,True
1,677,2008-08-12,677,2008-08-12,687,2008-08-27,0.795,0.55,204.8125,204.6125030517578,-0.0009764879987412267,0.001,-0.0019764879987412267,1.0,10,False,True
1,678,2008-08-13,678,2008-08-13,688,2008-08-28,0.62,0.55,207.0749969482422,198.08749389648438,-0.04340216435692723,0.001,-0.04440216435692723,1.0,10,False,True
1,679,2008-08-14,679,2008-08-14,689,2008-08-29,0.635,0.55,208.3000030517578,203.0500030517578,-0.025204032275964464,0.001,-0.026204032275964465,1.0,10,False,True
1,680,2008-08-18,680,2008-08-18,690,2008-09-01,0.715,0.55,210.3874969482422,203.7375030517578,-0.03160831319800507,0.001,-0.03260831319800507,1.0,10,False,True
1,681,2008-08-19,681,2008-08-19,691,2008-09-02,0.74,0.55,210.3125,212.1999969482422,0.008974725459695394,0.001,0.007974725459695395,1.0,10,True,True
1,682,2008-08-20,682,2008-08-20,692,2008-09-04,0.765,0.55,210.39999389648438,211.0500030517578,0.00308939721544497,0.001,0.00208939721544497,1.0,10,True,False
1,683,2008-08-21,683,2008-08-21,693,2008-09-05,0.765,0.55,204.46249389648438,209.60000610351562,0.025126917456226854,0.001,0.024126917456226853,1.0,10,True,True
1,684,2008-08-22,684,2008-08-22,694,2008-09-08,0.585,0.55,204.75,214.1750030517578,0.046031760936546096,0.001,0.045031760936546095,1.0,10,True,True
1,685,2008-08-25,685,2008-08-25,695,2008-09-09,0.665,0.55,204.5500030517578,216.1999969482422,0.056954259216200294,0.001,0.05595425921620029,1.0,10,True,True
1,686,2008-08-26,686,2008-08-26,696,2008-09-10,0.58,0.55,208.5124969482422,212.72500610351562,0.020202669945097264,0.001,0.019202669945097263,1.0,10,True,True
1,687,2008-08-27,687,2008-08-27,697,2008-09-11,0.6,0.55,204.6125030517578,209.1750030517578,0.022298246353234297,0.001,0.021298246353234296,1.0,10,True,True
1,688,2008-08-28,688,2008-08-28,698,2008-09-12,0.705,0.55,198.08749389648438,202.6374969482422,0.022969663365702084,0.001,0.021969663365702084,1.0,10,True,True
1,689,2008-08-29,689,2008-08-29,699,2008-09-15,0.68,0.55,203.0500030517578,190.14999389648438,-0.06353119409697916,0.001,-0.06453119409697916,1.0,10,False,True
1,690,2008-09-01,690,2008-09-01,700,2008-09-16,0.675,0.55,203.7375030517578,187.21249389648438,-0.08110931422908131,0.001,-0.08210931422908131,1.0,10,False,True
1,693,2008-09-05,693,2008-09-05,703,2008-09-19,0.595,0.55,209.60000610351562,191.71249389648438,-0.08534118170873098,0.001,-0.08634118170873098,1.0,10,False,False
1,695,2008-09-09,695,2008-09-09,705,2008-09-23,0.615,0.55,216.1999969482422,180.25,-0.16628120932327553,0.001,-0.16728120932327553,1.0,10,False,True
1,696,2008-09-10,696,2008-09-10,706,2008-09-24,0.585,0.55,212.72500610351562,178.2624969482422,-0.16200497433998612,0.001,-0.16300497433998612,1.0,10,False,True
1,697,2008-09-11,697,2008-09-11,707,2008-09-25,0.59,0.55,209.1750030517578,172.10000610351562,-0.17724391732920605,0.001,-0.17824391732920605,1.0,10,False,True
1,698,2008-09-12,698,2008-09-12,708,2008-09-26,0.71,0.55,202.6374969482422,169.0500030517578,-0.165751622490004,0.001,-0.166751622490004,1.0,10,False,True
1,699,2008-09-15,699,2008-09-15,709,2008-09-29,0.59,0.55,190.14999389648438,155.0,-0.1848540364172699,0.001,-0.1858540364172699,1.0,10,False,True
1,700,2008-09-16,700,2008-09-16,710,2008-09-30,0.69,0.55,187.21249389648438,166.39999389648438,-0.1111704649984946,0.001,-0.1121704649984946,1.0,10,False,True
1,701,2008-09-17,701,2008-09-17,711,2008-10-01,0.75,0.55,182.52499389648438,167.9375,-0.07992052806070712,0.001,-0.08092052806070713,1.0,10,False,True
1,702,2008-09-18,702,2008-09-18,712,2008-10-03,0.665,0.55,180.28750610351562,164.375,-0.08826183492925542,0.001,-0.08926183492925542,1.0,10,False,True
1,703,2008-09-19,703,2008-09-19,713,2008-10-06,0.635,0.55,191.71249389648438,154.75,-0.19280169562888458,0.001,-0.19380169562888458,1.0,10,False,False
1,704,2008-09-22,704,2008-09-22,714,2008-10-07,0.64,0.55,191.6999969482422,143.97500610351562,-0.24895665938696918,0.001,-0.24995665938696918,1.0,10,False,True
1,705,2008-09-23,705,2008-09-23,715,2008-10-08,0.785,0.55,180.25,136.64999389648438,-0.2418863029321255,0.001,-0.24288630293212551,1.0,10,False,True
1,706,2008-09-24,706,2008-09-24,716,2008-10-10,0.715,0.55,178.2624969482422,131.1999969482422,-0.2640067361654,0.001,-0.2650067361654,1.0,10,False,True
1,707,2008-09-25,707,2008-09-25,717,2008-10-13,0.775,0.55,172.10000610351562,143.21249389648438,-0.16785305742322773,0.001,-0.16885305742322773,1.0,10,False,True
1,708,2008-09-26,708,2008-09-26,718,2008-10-14,0.79,0.55,169.0500030517578,148.1750030517578,-0.12348417405002193,0.001,-0.12448417405002193,1.0,10,False,True
1,709,2008-09-29,709,2008-09-29,719,2008-10-15,0.76,0.55,155.0,135.77499389648438,-0.1240322974420363,0.001,-0.12503229744203628,1.0,10,False,True
1,710,2008-09-30,710,2008-09-30,720,2008-10-16,0.585,0.55,166.39999389648438,123.75,-0.25631006887546204,0.001,-0.25731006887546204,1.0,10,False,True
1,711,2008-10-01,711,2008-10-01,721,2008-10-17,0.79,0.55,167.9375,113.4625015258789,-0.32437661912390675,0.001,-0.32537661912390675,1.0,10,False,True
1,712,2008-10-03,712,2008-10-03,722,2008-10-20,0.845,0.55,164.375,122.8375015258789,-0.2526996104889496,0.001,-0.2536996104889496,1.0,10,False,True
1,713,2008-10-06,713,2008-10-06,723,2008-10-21,0.88,0.55,154.75,139.77499389648438,-0.09676902167053715,0.001,-0.09776902167053715,1.0,10,False,False
1,714,2008-10-07,714,2008-10-07,724,2008-10-22,0.68,0.55,143.97500610351562,136.66250610351562,-0.05079006556695288,0.001,-0.051790065566952884,1.0,10,False,True
1,715,2008-10-08,715,2008-10-08,725,2008-10-23,0.78,0.55,136.64999389648438,136.8249969482422,0.0012806663708333677,0.001,0.00028066637083336765,1.0,10,True,True
1,716,2008-10-10,716,2008-10-10,726,2008-10-24,0.705,0.55,131.1999969482422,124.7125015258789,-0.0494473747962248,0.001,-0.0504473747962248,1.0,10,False,True
1,718,2008-10-14,718,2008-10-14,728,2008-10-29,0.84,0.55,148.1750030517578,135.1999969482422,-0.08756541816289641,0.001,-0.08856541816289641,1.0,10,False,True
1,719,2008-10-15,719,2008-10-15,729,2008-10-31,0.83,0.55,135.77499389648438,134.375,-0.010311132089254507,0.001,-0.011311132089254508,1.0,10,False,True
1,720,2008-10-16,720,2008-10-16,730,2008-11-03,0.76,0.55,123.75,136.85000610351562,0.10585863517992425,0.001,0.10485863517992425,1.0,10,True,True
1,721,2008-10-17,721,2008-10-17,731,2008-11-04,0.705,0.55,113.4625015258789,127.125,0.12041421871000178,0.001,0.11941421871000178,1.0,10,True,True
1,722,2008-10-20,722,2008-10-20,732,2008-11-05,0.725,0.55,122.8375015258789,126.5999984741211,0.03062987199759611,0.001,0.02962987199759611,1.0,10,True,True
1,723,2008-10-21,723,2008-10-21,733,2008-11-06,0.565,0.55,139.77499389648438,125.05000305175781,-0.10534781962238329,0.001,-0.1063478196223833,1.0,10,False,False
1,724,2008-10-22,724,2008-10-22,734,2008-11-07,0.855,0.55,136.66250610351562,131.28750610351562,-0.039330465635751495,0.001,-0.040330465635751496,1.0,10,False,True
1,725,2008-10-23,725,2008-10-23,735,2008-11-10,0.635,0.55,136.8249969482422,136.6125030517578,-0.0015530341766772093,0.001,-0.0025530341766772094,1.0,10,False,True
1,726,2008-10-24,726,2008-10-24,736,2008-11-11,0.73,0.55,124.7125015258789,132.21249389648438,0.06013825622004027,0.001,0.05913825622004027,1.0,10,True,True
1,727,2008-10-27,727,2008-10-27,737,2008-11-12,0.7,0.55,124.1875,133.72500610351562,0.07679924391356316,0.001,0.07579924391356316,1.0,10,True,True
1,728,2008-10-29,728,2008-10-29,738,2008-11-14,0.63,0.55,135.1999969482422,132.71249389648438,-0.01839869162652488,0.001,-0.01939869162652488,1.0,10,False,True
1,729,2008-10-31,729,2008-10-31,739,2008-11-17,0.755,0.55,134.375,129.75,-0.03441860465116279,0.001,-0.03541860465116279,1.0,10,False,True
1,730,2008-11-03,730,2008-11-03,740,2008-11-18,0.81,0.55,136.85000610351562,120.7874984741211,-0.11737308668619702,0.001,-0.11837308668619702,1.0,10,False,True
1,731,2008-11-04,731,2008-11-04,741,2008-11-19,0.805,0.55,127.125,120.6624984741211,-0.050835803546736724,0.001,-0.051835803546736725,1.0,10,False,True
1,732,2008-11-05,732,2008-11-05,742,2008-11-20,0.845,0.55,126.5999984741211,118.25,-0.06595575493492567,0.001,-0.06695575493492567,1.0,10,False,True
1,733,2008-11-06,733,2008-11-06,743,2008-11-21,0.885,0.55,125.05000305175781,126.61250305175781,0.01249500169426854,0.001,0.01149500169426854,1.0,10,True,False
1,734,2008-11-07,734,2008-11-07,744,2008-11-24,0.65,0.55,131.28750610351562,129.97500610351562,-0.009997143208472095,0.001,-0.010997143208472095,1.0,10,False,True
1,735,2008-11-10,735,2008-11-10,745,2008-11-25,0.65,0.55,136.6125030517578,126.0,-0.07768324871214093,0.001,-0.07868324871214093,1.0,10,False,True
1,736,2008-11-11,736,2008-11-11,746,2008-11-26,0.81,0.55,132.21249389648438,131.8625030517578,-0.0026471843500704816,0.001,-0.0036471843500704816,1.0,10,False,True
1,737,2008-11-12,737,2008-11-12,747,2008-11-27,0.835,0.55,133.72500610351562,131.8625030517578,-0.013927859164321604,0.001,-0.014927859164321603,1.0,10,False,True
1,738,2008-11-14,738,2008-11-14,748,2008-12-01,0.74,0.55,132.71249389648438,141.03750610351562,0.053781765359623965,0.001,0.052781765359623964,1.0,10,True,True
1,739,2008-11-17,739,2008-11-17,749,2008-12-02,0.85,0.55,129.75,133.21249389648438,0.08699426669376205,0.001,0.08599426669376205,1.0,10,True,True
1,740,2008-11-18,740,2008-11-18,750,2008-12-03,0.84,0.55,120.7874984741211,133.6999969482422,0.10286656797537169,0.001,0.10186656797537169,1.0,10,True,True
1,741,2008-11-19,741,2008-11-19,751,2008-12-04,0.885,0.55,120.6624984741211,137.35000610351562,0.10804929981552878,0.001,0.10704929981552878,1.0,10,True,True
1,742,2008-11-20,742,2008-11-20,752,2008-12-05,0.845,0.55,118.25,130.4499969482422,0.1615222503468552,0.001,0.1605222503468552,1.0,10,True,True
1,743,2008-11-21,743,2008-11-21,753,2008-12-08,0.605,0.55,126.61250305175781,130.5625,0.030308964786168468,0.001,0.029308964786168467,1.0,10,True,False
1,744,2008-11-24,744,2008-11-24,754,2008-12-10,0.715,0.55,129.97500610351562,135.2624969482422,0.004520052847825827,0.001,0.003520052847825827,1.0,10,True,True
1,745,2008-11-25,745,2008-11-25,755,2008-12-11,0.815,0.55,126.0,126.9124984741211,0.07351188054160467,0.001,0.07251188054160466,1.0,10,True,True
1,746,2008-11-26,746,2008-11-26,756,2008-12-12,0.585,0.55,131.8625030517578,120.32499694824219,-0.037539137078975174,0.001,-0.038539137078975175,1.0,10,False,True
1,747,2008-11-27,747,2008-11-27,757,2008-12-15,0.75,0.55,131.8625030517578,117.4124984741211,-0.08749648942267536,0.001,-0.08849648942267536,1.0,10,False,True
1,748,2008-12-01,748,2008-12-01,758,2008-12-16,0.68,0.55,141.03750610351562,119.8375015258789,-0.15031465858504903,0.001,-0.15131465858504903,1.0,10,False,True
1,749,2008-12-02,749,2008-12-02,759,2008-12-17,0.785,0.55,133.21249389648438,119.32499694824219,-0.10425070908914719,0.001,-0.10525070908914719,1.0,10,False,True
1,750,2008-12-03,750,2008-12-03,760,2008-12-18,0.665,0.55,133.6999969482422,127.625,-0.04543752495816387,0.001,-0.04643752495816387,1.0,10,False,True
1,751,2008-12-04,751,2008-12-04,761,2008-12-19,0.65,0.55,137.35000610351562,128.3874969482422,-0.0652530670331294,0.001,-0.0662530670331294,1.0,10,False,True
1,752,2008-12-05,752,2008-12-05,762,2008-12-22,0.765,0.55,130.4499969482422,127.63749694824219,-0.021559985172831378,0.001,-0.02255998517283138,1.0,10,False,True
1,753,2008-12-08,753,2008-12-08,763,2008-12-23,0.695,0.55,130.5625,125.1500015258789,-0.041455230055499045,0.001,-0.042455230055499046,1.0,10,False,False
1,754,2008-12-10,754,2008-12-10,764,2008-12-24,0.775,0.55,135.2624969482422,119.5374984741211,-0.11625542059997769,0.001,-0.11725542059997769,1.0,10,False,True
1,755,2008-12-11,755,2008-12-11,765,2008-12-26,0.845,0.55,126.9124984741211,117.9124984741211,-0.07091500134508189,0.001,-0.07191500134508189,1.0,10,False,True
1,756,2008-12-12,756,2008-12-12,766,2008-12-29,0.88,0.55,120.32499694824219,119.19999694824219,-0.009349678192669466,0.001,-0.010349678192669465,1.0,10,False,True
1,757,2008-12-15,757,2008-12-15,767,2008-12-30,0.93,0.55,117.4124984741211,120.63749694824219,0.02746725021639767,0.001,0.02646725021639767,1.0,10,True,True
1,758,2008-12-16,758,2008-12-16,768,2008-12-31,0.925,0.55,119.8375015258789,119.4749984741211,-0.0030249550194396367,0.001,-0.004024955019439637,1.0,10,False,True
1,759,2008-12-17,759,2008-12-17,769,2009-01-02,0.9,0.55,119.32499694824219,124.57499694824219,0.043997486983194424,0.001,0.04299748698319442,1.0,10,True,True
1,760,2008-12-18,760,2008-12-18,770,2009-01-05,0.595,0.55,127.625,128.8125,0.00930460333006856,0.001,0.00830460333006856,1.0,10,True,True
1,761,2008-12-19,761,2008-12-19,771,2009-01-06,0.725,0.55,128.3874969482422,126.5999984741211,-0.013922683412401922,0.001,-0.01492268341240192,1.0,10,False,True
1,762,2008-12-22,762,2008-12-22,772,2009-01-07,0.845,0.55,127.63749694824219,126.19999694824219,-0.011262364386406883,0.001,-0.012262364386406883,1.0,10,False,True
1,763,2008-12-23,763,2008-12-23,773,2009-01-09,0.795,0.55,125.1500015258789,134.2375030517578,0.07261287586960008,0.001,0.07161287586960008,1.0,10,True,False
1,764,2008-12-24,764,2008-12-24,774,2009-01-12,0.755,0.55,119.5374984741211,128.1374969482422,0.07194393879660217,0.001,0.07094393879660217,1.0,10,True,True
1,765,2008-12-26,765,2008-12-26,775,2009-01-13,0.825,0.55,117.9124984741211,131.41250610351562,0.11449174433664852,0.001,0.11349174433664852,1.0,10,True,True
1,766,2008-12-29,766,2008-12-29,776,2009-01-14,0.885,0.55,119.19999694824219,134.7375030517578,0.13034820890358045,0.001,0.12934820890358045,1.0,10,True,True
1,767,2008-12-30,767,2008-12-30,777,2009-01-15,0.9,0.55,120.63749694824219,127.61250305175781,0.057817894767065274,0.001,0.05681789476706527,1.0,10,True,True
1,768,2008-12-31,768,2008-12-31,778,2009-01-16,0.89,0.55,119.4749984741211,125.75,0.052521461443986575,0.001,0.051521461443986574,1.0,10,True,True
1,769,2009-01-02,769,2009-01-02,779,2009-01-19,0.72,0.55,124.57499694824219,125.1875,0.004916741455047294,0.001,0.003916741455047294,1.0,10,True,True
1,770,2009-01-05,770,2009-01-05,780,2009-01-20,0.7,0.55,128.8125,124.11250305175781,-0.036487118472525476,0.001,-0.03748711847252548,1.0,10,False,True
1,771,2009-01-06,771,2009-01-06,781,2009-01-21,0.72,0.55,126.5999984741211,123.07499694824219,-0.02784361428408286,0.001,-0.02884361428408286,1.0,10,False,True
1,772,2009-01-07,772,2009-01-07,782,2009-01-22,0.625,0.55,126.19999694824219,124.1500015258789,-0.016244021172235338,0.001,-0.01724402117223534,1.0,10,False,True
1,774,2009-01-12,774,2009-01-12,784,2009-01-27,0.67,0.55,128.1374969482422,124.7750015258789,-0.026241307208626635,0.001,-0.027241307208626636,1.0,10,False,False
1,775,2009-01-13,775,2009-01-13,785,2009-01-28,0.605,0.55,131.41250610351562,126.86250305175781,-0.03462382072048536,0.001,-0.03562382072048536,1.0,10,False,True
1,776,2009-01-14,776,2009-01-14,786,2009-01-29,0.6,0.55,134.7375030517578,128.5,-0.04629374087006607,0.001,-0.04729374087006607,1.0,10,False,True
1,777,2009-01-15,777,2009-01-15,787,2009-01-30,0.685,0.55,127.61250305175781,127.9000015258789,0.0022529020844022506,0.001,0.0012529020844022506,1.0,10,True,True
1,778,2009-01-16,778,2009-01-16,788,2009-02-02,0.705,0.55,125.75,122.82499694824219,-0.023260461644197317,0.001,-0.024260461644197318,1.0,10,False,True
1,779,2009-01-19,779,2009-01-19,789,2009-02-03,0.735,0.55,125.1875,124.9625015258789,-0.001797291855185971,0.001,-0.002797291855185971,1.0,10,False,True
1,780,2009-01-20,780,2009-01-20,790,2009-02-04,0.695,0.55,124.11250305175781,124.6624984741211,0.004431426398143951,0.001,0.0034314263981439514,1.0,10,True,True
1,781,2009-01-21,781,2009-01-21,791,2009-02-05,0.74,0.55,123.07499694824219,120.7249984741211,-0.019094036419999745,0.001,-0.020094036419999746,1.0,10,False,True
1,782,2009-01-22,782,2009-01-22,792,2009-02-06,0.765,0.55,124.1500015258789,125.69999694824219,0.012484860276382572,0.001,0.011484860276382573,1.0,10,True,True
1,783,2009-01-23,783,2009-01-23,793,2009-02-09,0.82,0.55,121.5374984741211,128.75,0.05934383722250676,0.001,0.05834383722250676,1.0,10,True,True
1,784,2009-01-27,784,2009-01-27,794,2009-02-10,0.69,0.55,124.7750015258789,131.14999389648438,0.05109190376794558,0.001,0.05009190376794558,1.0,10,True,False
1,785,2009-01-28,785,2009-01-28,795,2009-02-11,0.6,0.55,126.86250305175781,128.6875,0.014385629357302046,0.001,0.013385629357302045,1.0,10,True,True
1,786,2009-01-29,786,2009-01-29,796,2009-02-12,0.625,0.55,128.5,127.4749984741211,-0.007976665571042072,0.001,-0.008976665571042073,1.0,10,False,True
1,787,2009-01-30,787,2009-01-30,797,2009-02-13,0.59,0.55,127.9000015258789,127.80000305175781,-0.0007818488891953637,0.001,-0.0017818488891953638,1.0,10,False,True
1,788,2009-02-02,788,2009-02-02,798,2009-02-16,0.77,0.55,122.82499694824219,125.1875,0.019234708817077024,0.001,0.018234708817077023,1.0,10,True,True
1,789,2009-02-03,789,2009-02-03,799,2009-02-17,0.755,0.55,124.9625015258789,121.3125,-0.029208774482823673,0.001,-0.030208774482823674,1.0,10,False,True
1,790,2009-02-04,790,2009-02-04,800,2009-02-18,0.76,0.55,124.6624984741211,120.1875,-0.03589690988786067,0.001,-0.03689690988786067,1.0,10,False,True
1,791,2009-02-05,791,2009-02-05,801,2009-02-19,0.885,0.55,120.7249984741211,122.375,0.013667438780151276,0.001,0.012667438780151277,1.0,10,True,True
1,792,2009-02-06,792,2009-02-06,802,2009-02-20,0.625,0.55,125.69999694824219,118.51249694824219,-0.05717979454653051,0.001,-0.05817979454653051,1.0,10,False,True
1,793,2009-02-09,793,2009-02-09,803,2009-02-24,0.65,0.55,128.75,117.2249984741211,-0.08951457495828277,0.001,-0.09051457495828277,1.0,10,False,True
1,794,2009-02-10,794,2009-02-10,804,2009-02-25,0.745,0.55,131.14999389648438,120.1875,-0.08358745258605946,0.001,-0.08458745258605946,1.0,10,False,False
1,795,2009-02-11,795,2009-02-11,805,2009-02-26,0.68,0.55,128.6875,120.55000305175781,-0.06323455617866683,0.001,-0.06423455617866683,1.0,10,False,True
1,796,2009-02-12,796,2009-02-12,806,2009-02-27,0.75,0.55,127.4749984741211,120.7750015258789,-0.05255930204699994,0.001,-0.05355930204699994,1.0,10,False,True
1,797,2009-02-13,797,2009-02-13,807,2009-03-02,0.725,0.55,127.80000305175781,114.9625015258789,-0.10044993129366231,0.001,-0.10144993129366231,1.0,10,False,True
1,798,2009-02-16,798,2009-02-16,808,2009-03-03,0.74,0.55,125.1875,111.55000305175781,-0.10893657072984274,0.001,-0.10993657072984274,1.0,10,False,True
1,799,2009-02-17,799,2009-02-17,809,2009-03-04,0.76,0.55,121.3125,115.13749694824219,-0.05090162227105873,0.001,-0.05190162227105873,1.0,10,False,True
1,800,2009-02-18,800,2009-02-18,810,2009-03-05,0.73,0.55,120.1875,115.80000305175781,-0.036505434826768074,0.001,-0.037505434826768075,1.0,10,False,True
1,801,2009-02-19,801,2009-02-19,811,2009-03-06,0.71,0.55,122.375,120.42500305175781,-0.015934602232826865,0.001,-0.016934602232826865,1.0,10,False,True
1,802,2009-02-20,802,2009-02-20,812,2009-03-09,0.75,0.55,118.51249694824219,115.75,-0.023309752299360036,0.001,-0.024309752299360037,1.0,10,False,True
1,803,2009-02-24,803,2009-02-24,813,2009-03-12,0.715,0.55,117.2249984741211,119.3499984741211,0.018127532758886074,0.001,0.017127532758886073,1.0,10,True,True
1,804,2009-02-25,804,2009-02-25,814,2009-03-13,0.775,0.55,120.1875,126.7125015258789,0.054290184302684605,0.001,0.053290184302684604,1.0,10,True,False
1,805,2009-02-26,805,2009-02-26,815,2009-03-16,0.66,0.55,120.55000305175781,129.9499969482422,0.07797589098731514,0.001,0.07697589098731514,1.0,10,True,True
1,806,2009-02-27,806,2009-02-27,816,2009-03-17,0.745,0.55,120.7750015258789,124.38749694824219,0.02991095323305973,0.001,0.028910953233059727,1.0,10,True,True
1,807,2009-03-02,807,2009-03-02,817,2009-03-18,0.785,0.55,114.9625015258789,126.2874984741211,0.09851035596761826,0.001,0.09751035596761826,1.0,10,True,True
1,808,2009-03-03,808,2009-03-03,818,2009-03-19,0.795,0.55,111.55000305175781,128.7375030517578,0.15407888417560342,0.001,0.15307888417560342,1.0,10,True,True
1,809,2009-03-04,809,2009-03-04,819,2009-03-20,0.835,0.55,115.13749694824219,127.44999694824219,0.10693736034173858,0.001,0.10593736034173858,1.0,10,True,True
1,810,2009-03-05,810,2009-03-05,820,2009-03-23,0.81,0.55,115.80000305175781,129.91250610351562,0.12186962590536468,0.001,0.12086962590536468,1.0,10,True,True
1,811,2009-03-06,811,2009-03-06,821,2009-03-24,0.69,0.55,120.42500305175781,130.41250610351562,0.08293546023382914,0.001,0.08193546023382914,1.0,10,True,True
1,812,2009-03-09,812,2009-03-09,822,2009-03-25,0.78,0.55,115.75,131.5,0.13606911447084233,0.001,0.13506911447084233,1.0,10,True,True
1,813,2009-03-12,813,2009-03-12,823,2009-03-26,0.68,0.55,119.3499984741211,139.6125030517578,0.16977381513775452,0.001,0.16877381513775452,1.0,10,True,True
1,814,2009-03-13,814,2009-03-13,824,2009-03-27,0.57,0.55,126.7125015258789,143.71249389648438,0.13416191903632732,0.001,0.13316191903632732,1.0,10,True,False
1,815,2009-03-16,815,2009-03-16,825,2009-03-30,0.71,0.55,129.9499969482422,130.8125,0.006637191781553785,0.001,0.005637191781553785,1.0,10,True,True
1,816,2009-03-17,816,2009-03-17,826,2009-03-31,0.72,0.55,124.38749694824219,134.6374969482422,0.0824037805364396,0.001,0.0814037805364396,1.0,10,True,True
1,817,2009-03-18,817,2009-03-18,827,2009-04-01,0.74,0.55,126.2874984741211,136.125,0.07789766718591558,0.001,0.07689766718591558,1.0,10,True,True
1,818,2009-03-19,818,2009-03-19,828,2009-04-02,0.795,0.55,128.7375030517578,144.6875,0.12389549719501416,0.001,0.12289549719501416,1.0,10,True,True
1,819,2009-03-20,819,2009-03-20,829,2009-04-06,0.735,0.55,127.44999694824219,144.8874969482422,0.13681836341731274,0.001,0.13581836341731274,1.0,10,True,True
1,820,2009-03-23,820,2009-03-23,830,2009-04-08,0.745,0.55,129.91250610351562,151.03750610351562,0.1626094410276974,0.001,0.1616094410276974,1.0,10,True,True
1,821,2009-03-24,821,2009-03-24,831,2009-04-09,0.735,0.55,130.41250610351562,150.6374969482422,0.15508474953063833,0.001,0.15408474953063833,1.0,10,True,True
1,822,2009-03-25,822,2009-03-25,832,2009-04-13,0.6,0.55,131.5,148.0625,0.12595057034220533,0.001,0.12495057034220533,1.0,10,True,True
1,824,2009-03-27,824,2009-03-27,834,2009-04-16,0.635,0.55,143.71249389648438,143.0124969482422,-0.0048708148419329,0.001,-0.0058708148419329,1.0,10,False,False
1,825,2009-03-30,825,2009-03-30,835,2009-04-17,0.705,0.55,130.8125,143.27499389648438,0.09526990078535595,0.001,0.09426990078535595,1.0,10,True,True
1,826,2009-03-31,826,2009-03-31,836,2009-04-20,0.7,0.55,134.6374969482422,140.35000610351562,0.04242881281036783,0.001,0.04142881281036783,1.0,10,True,True
1,827,2009-04-01,827,2009-04-01,837,2009-04-21,0.71,0.55,136.125,137.6875,0.01147842056932966,0.001,0.010478420569329659,1.0,10,True,True
1,829,2009-04-06,829,2009-04-06,839,2009-04-23,0.775,0.55,144.8874969482422,142.02499389648438,-0.01975672926960963,0.001,-0.02075672926960963,1.0,10,False,True
1,830,2009-04-08,830,2009-04-08,840,2009-04-24,0.615,0.55,151.03750610351562,145.97500610351562,-0.03351816466388386,0.001,-0.03451816466388386,1.0,10,False,True
1,831,2009-04-09,831,2009-04-09,841,2009-04-27,0.715,0.55,150.6374969482422,150.47500610351562,-0.0010786878965626536,0.001,-0.0020786878965626536,1.0,10,False,True
1,832,2009-04-13,832,2009-04-13,842,2009-04-28,0.77,0.55,148.0625,149.625,0.010552975939214858,0.001,0.009552975939214857,1.0,10,True,True
1,833,2009-04-15,833,2009-04-15,842,2009-04-28,0.725,0.55,144.4250030517578,149.625,0.07945293821883634,0.001,0.07845293821883634,1.0,10,True,True
1,834,2009-04-16,834,2009-04-16,842,2009-04-28,0.76,0.55,143.0124969482422,149.625,0.08749233259503608,0.001,0.08649233259503608,1.0,10,True,False
1,835,2009-04-17,835,2009-04-17,842,2009-04-28,0.79,0.55,143.27499389648438,149.625,0.16279890560584132,0.001,0.16179890560584131,1.0,10,True,True
1,836,2009-04-20,836,2009-04-20,842,2009-04-28,0.745,0.55,140.35000610351562,149.625,0.15960094707771644,0.001,0.15860094707771644,1.0,10,True,True
1,837,2009-04-21,837,2009-04-21,842,2009-04-28,0.74,0.55,137.6875,149.625,0.1536086710593509,0.001,0.1526086710593509,1.0,10,True,True
1,838,2009-04-22,838,2009-04-22,842,2009-04-28,0.775,0.55,135.7375030517578,149.625,0.16345887835832465,0.001,0.16245887835832465,1.0,10,True,True
1,839,2009-04-23,839,2009-04-23,842,2009-04-28,0.575,0.55,142.02499389648438,149.625,0.1106320002148747,0.001,0.1096320002148747,1.0,10,True,True
1,840,2009-04-24,840,2009-04-24,842,2009-04-28,0.64,0.55,145.97500610351562,149.625,0.0536906564054298,0.001,0.052690656405429796,1.0,10,True,True
1,841,2009-04-27,841,2009-04-27,842,2009-04-28,0.735,0.55,150.47500610351562,149.625,0.06512701375952819,0.001,0.06412701375952819,1.0,10,True,True
1,842,2009-04-28,842,2009-04-28,842,2009-04-28,0.715,0.55,149.625,149.625,0.03876359600172306,0.001,0.037763596001723056,1.0,10,True,True
2,0,2009-04-29,0,2009-04-29,10,2009-05-15,0.55,0.55,155.89999389648438,161.0124969482422,-0.006093630438965722,0.001,-0.007093630438965722,1.0,10,False,False
2,1,2009-04-30,1,2009-04-30,11,2009-05-18,0.625,0.55,155.52499389648438,185.96249389648438,0.035283737451295004,0.001,0.034283737451295,1.0,10,True,True
2,2,2009-05-05,2,2009-05-05,12,2009-05-19,0.66,0.55,162.75,167.4375,0.02880184331797235,0.001,0.02780184331797235,1.0,10,True,True
2,3,2009-05-06,3,2009-05-06,13,2009-05-20,0.57,0.55,158.83749389648438,169.16250610351562,0.06500362070532377,0.001,0.06400362070532377,1.0,10,True,True
2,4,2009-05-07,4,2009-05-07,14,2009-05-21,0.705,0.55,157.9250030517578,161.8625030517578,0.024932720746628934,0.001,0.023932720746628933,1.0,10,True,True
2,5,2009-05-08,5,2009-05-08,15,2009-05-22,0.67,0.55,157.7375030517578,158.5124969482422,0.00491318729845799,0.001,0.00391318729845799,1.0,10,True,True
2,6,2009-05-11,6,2009-05-11,16,2009-05-25,0.615,0.55,153.8125,157.83749389648438,0.02616818461753352,0.001,0.02516818461753352,1.0,10,True,True
2,7,2009-05-12,7,2009-05-12,17,2009-05-26,0.675,0.55,160.27499389648438,156.1125030517578,-0.02597093123219808,0.001,-0.02697093123219808,1.0,10,False,True
2,8,2009-05-13,8,2009-05-13,18,2009-05-27,0.73,0.55,155.4250030517578,162.1374969482422,0.043187992695416316,0.001,0.042187992695416315,1.0,10,True,True
2,9,2009-05-14,9,2009-05-14,19,2009-05-28,0.745,0.55,154.9499969482422,165.8000030517578,0.07002262870092113,0.001,0.06902262870092113,1.0,10,True,True
2,10,2009-05-15,10,2009-05-15,20,2009-05-29,0.715,0.55,161.0124969482422,176.14999389648438,0.09401442270104145,0.001,0.09301442270104145,1.0,10,True,False
2,12,2009-05-19,12,2009-05-19,22,2009-06-02,0.65,0.55,167.4375,173.6875,0.03732736095558044,0.001,0.03632736095558044,1.0,10,True,True
2,13,2009-05-20,13,2009-05-20,23,2009-06-03,0.77,0.55,169.16250610351562,174.21249389648438,0.029852878804470483,0.001,0.028852878804470482,1.0,10,True,True
2,14,2009-05-21,14,2009-05-21,24,2009-06-04,0.81,0.55,161.8625030517578,176.8000030517578,0.09228511680202749,0.001,0.09128511680202749,1.0,10,True,True
2,15,2009-05-22,15,2009-05-22,25,2009-06-05,0.835,0.55,158.5124969482422,180.33749389648438,0.13768628574041408,0.001,0.13668628574041408,1.0,10,True,True
2,16,2009-05-25,16,2009-05-25,26,2009-06-08,0.715,0.55,157.83749389648438,185.52499389648438,0.1754177623864104,0.001,0.1744177623864104,1.0,10,True,True
2,17,2009-05-26,17,2009-05-26,27,2009-06-09,0.815,0.55,156.1125030517578,195.53750610351562,0.25254225178035083,0.001,0.25154225178035083,1.0,10,True,True
2,18,2009-05-27,18,2009-05-27,28,2009-06-10,0.725,0.55,162.1374969482422,195.4499969482422,0.20545833398818333,0.001,0.20445833398818333,1.0,10,True,True
2,19,2009-05-28,19,2009-05-28,29,2009-06-11,0.715,0.55,165.8000030517578,193.77499389648438,0.16872732406400262,0.001,0.16772732406400262,1.0,10,True,True
2,21,2009-06-01,21,2009-06-01,31,2009-06-15,0.625,0.55,174.41250610351562,194.5,0.11517232534094912,0.001,0.11417232534094912,1.0,10,True,False
2,22,2009-06-02,22,2009-06-02,32,2009-06-16,0.68,0.55,173.6875,194.5749969482422,0.12025906843176502,0.001,0.11925906843176502,1.0,10,True,True
2,23,2009-06-03,23,2009-06-03,33,2009-06-17,0.69,0.55,174.21249389648438,189.375,0.08703455053301207,0.001,0.08603455053301207,1.0,10,True,True
2,24,2009-06-04,24,2009-06-04,34,2009-06-18,0.76,0.55,176.8000030517578,188.1999969482422,0.06447960237391541,0.001,0.06347960237391541,1.0,10,True,True
2,25,2009-06-05,25,2009-06-05,35,2009-06-19,0.635,0.55,180.33749389648438,189.89999389648438,0.05302557883769293,0.001,0.05202557883769293,1.0,10,True,True
2,34,2009-06-18,34,2009-06-18,44,2009-07-02,0.56,0.55,188.1999969482422,195.0,0.03613179150915669,0.001,0.03513179150915669,1.0,10,True,False
2,36,2009-06-22,36,2009-06-22,46,2009-07-06,0.59,0.55,184.8249969482422,190.35000610351562,0.029893192189910565,0.001,0.028893192189910565,1.0,10,True,True
2,37,2009-06-23,37,2009-06-23,47,2009-07-07,0.65,0.55,183.3249969482422,194.5749969482422,0.06136642676817386,0.001,0.06036642676817386,1.0,10,True,True
2,45,2009-07-03,45,2009-07-03,55,2009-07-17,0.555,0.55,195.47500610351562,217.0500030517578,0.11037215129599201,0.001,0.10937215129599201,1.0,10,True,False
2,70,2009-08-07,70,2009-08-07,80,2009-08-21,0.575,0.55,254.5500030517578,254.625,0.00029462560339053824,0.001,-0.0007053743966094618,1.0,10,False,False
2,76,2009-08-17,76,2009-08-17,86,2009-08-31,0.575,0.55,255.0749969482422,263.5249938964844,0.03312749994840457,0.001,0.03212749994840457,1.0,10,True,True
2,77,2009-08-18,77,2009-08-18,87,2009-09-01,0.58,0.55,254.4250030517578,263.45001220703125,0.03547217862639654,0.001,0.03447217862639654,1.0,10,True,True
2,78,2009-08-19,78,2009-08-19,88,2009-09-02,0.56,0.55,249.02499389648438,267.29998779296875,0.0733861834932159,0.001,0.0723861834932159,1.0,10,True,True
2,79,2009-08-20,79,2009-08-20,89,2009-09-03,0.665,0.55,250.5,266.82501220703125,0.06516970940930639,0.001,0.06416970940930639,1.0,10,True,True
2,80,2009-08-21,80,2009-08-21,90,2009-09-04,0.595,0.55,254.625,265.95001220703125,0.04447722025343643,0.001,0.04347722025343643,1.0,10,True,False
2,81,2009-08-24,81,2009-08-24,91,2009-09-07,0.555,0.55,260.7749938964844,275.4750061035156,0.056370482412383745,0.001,0.055370482412383744,1.0,10,True,True
2,82,2009-08-25,82,2009-08-25,92,2009-09-08,0.56,0.55,264.1499938964844,277.32501220703125,0.04987703431751707,0.001,0.04887703431751707,1.0,10,True,True
2,88,2009-09-02,88,2009-09-02,98,2009-09-16,0.635,0.55,267.29998779296875,285.25,0.0671530603321016,0.001,0.0661530603321016,1.0,10,True,True
2,89,2009-09-03,89,2009-09-03,99,2009-09-17,0.555,0.55,266.82501220703125,291.4750061035156,0.09238262070183392,0.001,0.09138262070183392,1.0,10,True,True
2,110,2009-10-07,110,2009-10-07,120,2009-10-23,0.57,0.55,295.8500061035156,319.8999938964844,0.057714995224569035,0.001,0.056714995224569034,1.0,10,True,False
2,111,2009-10-08,111,2009-10-08,121,2009-10-26,0.645,0.55,285.70001220703125,322.2749938964844,0.11970591609450215,0.001,0.11870591609450215,1.0,10,True,True
2,112,2009-10-09,112,2009-10-09,122,2009-10-27,0.57,0.55,280.875,321.375,0.1473965069745772,0.001,0.1463965069745772,1.0,10,True,True
2,114,2009-10-13,114,2009-10-13,124,2009-10-29,0.65,0.55,290.5,317.0249938964844,0.10645434696374785,0.001,0.10545434696374785,1.0,10,True,True
2,116,2009-10-16,116,2009-10-16,126,2009-11-03,0.585,0.55,299.1499938964844,303.0249938964844,0.012953368139933428,0.001,0.011953368139933428,1.0,10,True,True
2,123,2009-10-28,123,2009-10-28,133,2009-11-12,0.575,0.55,321.42498779296875,327.67498779296875,0.019444661234694214,0.001,0.018444661234694213,1.0,10,True,False
2,130,2009-11-09,130,2009-11-09,140,2009-11-23,0.55,0.55,311.375,347.04998779296875,0.11457242165545965,0.001,0.11357242165545965,1.0,10,True,True
2,131,2009-11-10,131,2009-11-10,141,2009-11-24,0.65,0.55,313.32501220703125,349.5249938964844,0.11553492469198018,0.001,0.11453492469198018,1.0,10,True,True
2,151,2009-12-08,151,2009-12-08,161,2009-12-22,0.59,0.55,349.1499938964844,362.0249938964844,0.03687526915385588,0.001,0.03587526915385588,1.0,10,True,False
2,153,2009-12-10,153,2009-12-10,163,2009-12-24,0.585,0.55,352.82501220703125,374.6499938964844,0.061857807508971685,0.001,0.060857807508971684,1.0,10,True,True
2,171,2010-01-08,171,2010-01-08,181,2010-01-22,0.555,0.55,349.8999938964844,378.92498779296875,0.08295225608112251,0.001,0.08195225608112251,1.0,10,True,False
2,172,2010-01-11,172,2010-01-11,182,2010-01-25,0.57,0.55,357.1000061035156,378.1000061035156,0.05880705584169761,0.001,0.05780705584169761,1.0,10,True,True
2,180,2010-01-21,180,2010-01-21,190,2010-02-05,0.595,0.55,385.32501220703125,361.75,-0.06118214873205437,0.001,-0.06218214873205437,1.0,10,False,True
2,188,2010-02-03,188,2010-02-03,198,2010-02-18,0.555,0.55,376.4750061035156,379.3999938964844,0.007769407651366091,0.001,0.006769407651366091,1.0,10,True,False
2,192,2010-02-09,192,2010-02-09,202,2010-02-24,0.57,0.55,367.57501220703125,382.67498779296875,0.041079983906611856,0.001,0.040079983906611855,1.0,10,True,True
2,208,2010-03-05,208,2010-03-05,218,2010-03-19,0.56,0.55,381.29998779296875,410.45001220703125,0.0764490567723014,0.001,0.0754490567723014,1.0,10,True,False
2,210,2010-03-09,210,2010-03-09,220,2010-03-23,0.65,0.55,384.3500061035156,414.32501220703125,0.07798882692210121,0.001,0.07698882692210121,1.0,10,True,True
2,232,2010-04-12,232,2010-04-12,242,2010-04-27,0.575,0.55,399.04998779296875,393.6499938964844,-0.013532123948556409,0.001,-0.014532123948556408,1.0,10,False,False
2,245,2010-04-30,245,2010-04-30,255,2010-05-14,0.66,0.55,382.70001220703125,381.92498779296875,-0.0020251486525775988,0.001,-0.003025148652577599,1.0,10,False,False
2,250,2010-05-07,250,2010-05-07,260,2010-05-21,0.565,0.55,370.70001220703125,359.3500061035156,-0.030617765658925284,0.001,-0.03161776565892528,1.0,10,False,True
2,253,2010-05-12,253,2010-05-12,263,2010-05-26,0.585,0.55,379.7250061035156,369.0,-0.028244139656664894,0.001,-0.029244139656664895,1.0,10,False,True
2,254,2010-05-13,254,2010-05-13,264,2010-05-27,0.575,0.55,382.79998779296875,370.92498779296875,-0.031021422096863815,0.001,-0.032021422096863816,1.0,10,False,True
2,259,2010-05-20,259,2010-05-20,269,2010-06-03,0.585,0.55,365.0,382.7250061035156,0.048561660557577054,0.001,0.04756166055757705,1.0,10,True,False
2,260,2010-05-21,260,2010-05-21,270,2010-06-04,0.575,0.55,359.3500061035156,382.67498779296875,0.06490881116816803,0.001,0.06390881116816803,1.0,10,True,True
2,262,2010-05-25,262,2010-05-25,272,2010-06-08,0.58,0.55,349.7749938964844,375.1000061035156,0.07240372424829823,0.001,0.07140372424829823,1.0,10,True,True
2,270,2010-06-04,270,2010-06-04,280,2010-06-18,0.565,0.55,382.67498779296875,391.6000061035156,0.02332271142679282,0.001,0.02232271142679282,1.0,10,True,False
2,309,2010-07-29,309,2010-07-29,319,2010-08-12,0.565,0.55,425.0,426.7250061035156,0.004058837890625,0.001,0.003058837890625,1.0,10,True,False
2,319,2010-08-12,319,2010-08-12,329,2010-08-26,0.56,0.55,426.7250061035156,438.25,0.027008011556952496,0.001,0.026008011556952496,1.0,10,True,False
2,349,2010-09-24,349,2010-09-24,359,2010-10-08,0.575,0.55,465.9750061035156,471.29998779296875,0.011427612253242158,0.001,0.01042761225324216,1.0,10,True,False
2,388,2010-11-22,388,2010-11-22,398,2010-12-06,0.67,0.55,519.5499877929688,550.8499755859375,0.06024442022591525,0.001,0.05924442022591525,1.0,10,True,False
2,390,2010-11-24,390,2010-11-24,400,2010-12-08,0.665,0.55,502.375,539.5750122070312,0.07404829501275192,0.001,0.07304829501275192,1.0,10,True,True
2,392,2010-11-26,392,2010-11-26,402,2010-12-10,0.59,0.55,523.625,537.4500122070312,0.02640250600531153,0.001,0.02540250600531153,1.0,10,True,True
2,423,2011-01-11,423,2011-01-11,433,2011-01-25,0.6,0.55,549.25,594.2750244140625,0.0819754654784934,0.001,0.0809754654784934,1.0,10,True,False
2,436,2011-01-31,436,2011-01-31,446,2011-02-14,0.56,0.55,579.75,556.1500244140625,-0.04070715926854247,0.001,-0.041707159268542474,1.0,10,False,False
2,440,2011-02-04,440,2011-02-04,450,2011-02-18,0.575,0.55,574.4000244140625,544.8499755859375,-0.05144506889300465,0.001,-0.052445068893004654,1.0,10,False,True
2,443,2011-02-09,443,2011-02-09,453,2011-02-23,0.595,0.55,549.1500244140625,562.7750244140625,0.024811070553147543,0.001,0.023811070553147542,1.0,10,True,True
2,444,2011-02-10,444,2011-02-10,454,2011-02-24,0.55,0.55,545.375,555.9000244140625,0.019298692485101993,0.001,0.01829869248510199,1.0,10,True,True
2,448,2011-02-16,448,2011-02-16,458,2011-03-03,0.575,0.55,548.25,575.0999755859375,0.048973963677040586,0.001,0.047973963677040585,1.0,10,True,False
2,460,2011-03-07,460,2011-03-07,470,2011-03-21,0.58,0.55,554.125,535.4000244140625,-0.03379197037841191,0.001,-0.03479197037841191,1.0,10,False,False
2,464,2011-03-11,464,2011-03-11,474,2011-03-25,0.615,0.55,538.5250244140625,559.8250122070312,0.03955245685405988,0.001,0.03855245685405988,1.0,10,True,True
2,466,2011-03-15,466,2011-03-15,476,2011-03-29,0.58,0.55,544.9000244140625,569.3499755859375,0.04487052684236218,0.001,0.04387052684236218,1.0,10,True,True
2,471,2011-03-22,471,2011-03-22,481,2011-04-05,0.56,0.55,534.75,619.9249877929688,0.1592800145731066,0.001,0.1582800145731066,1.0,10,True,False
2,473,2011-03-24,473,2011-03-24,483,2011-04-07,0.555,0.55,546.7000122070312,599.5999755859375,0.0967623233907546,0.001,0.0957623233907546,1.0,10,True,True
2,488,2011-04-18,488,2011-04-18,498,2011-05-03,0.585,0.55,572.2999877929688,569.2249755859375,-0.005373077533846891,0.001,-0.006373077533846891,1.0,10,False,False
2,489,2011-04-19,489,2011-04-19,499,2011-05-04,0.565,0.55,582.3499755859375,568.5250244140625,-0.0237399360375432,0.001,-0.024739936037543202,1.0,10,False,True
2,492,2011-04-25,492,2011-04-25,502,2011-05-09,0.55,0.55,598.9249877929688,567.7750244140625,-0.05200979089834519,0.001,-0.05300979089834519,1.0,10,False,True
2,495,2011-04-28,495,2011-04-28,505,2011-05-12,0.615,0.55,579.3250122070312,555.875,-0.04047816288424123,0.001,-0.04147816288424123,1.0,10,False,True
2,503,2011-05-10,503,2011-05-10,513,2011-05-24,0.55,0.55,569.9500122070312,574.9500122070312,0.008772699171701705,0.001,0.007772699171701705,1.0,10,True,False
2,508,2011-05-17,508,2011-05-17,518,2011-05-31,0.575,0.55,570.8499755859375,578.5750122070312,0.013532516337877639,0.001,0.01253251633787764,1.0,10,True,True
2,510,2011-05-19,510,2011-05-19,520,2011-06-02,0.55,0.55,582.4249877929688,583.875,0.0024896119456102,0.001,0.0014896119456102,1.0,10,True,True
2,517,2011-05-30,517,2011-05-30,527,2011-06-13,0.585,0.55,575.9749755859375,587.6500244140625,0.020270062629453668,0.001,0.019270062629453667,1.0,10,True,False
2,531,2011-06-17,531,2011-06-17,541,2011-07-01,0.66,0.55,554.5999755859375,595.9500122070312,0.07455830948677421,0.001,0.0735583094867742,1.0,10,True,False
2,535,2011-06-23,535,2011-06-23,545,2011-07-07,0.62,0.55,548.5,597.9500122070312,0.09015499035010255,0.001,0.08915499035010255,1.0,10,True,True
2,536,2011-06-24,536,2011-06-24,546,2011-07-08,0.555,0.55,568.875,585.8250122070312,0.029795670766040432,0.001,0.02879567076604043,1.0,10,True,True
2,537,2011-06-27,537,2011-06-27,547,2011-07-11,0.575,0.55,575.2999877929688,578.3250122070312,0.005258168743697428,0.001,0.004258168743697428,1.0,10,True,True
2,565,2011-08-04,565,2011-08-04,575,2011-08-19,0.555,0.55,547.9249877929688,464.4750061035156,-0.1523018361064131,0.001,-0.1533018361064131,1.0,10,False,False
2,671,2012-01-12,671,2012-01-12,681,2012-01-27,0.56,0.55,544.75,554.375,0.017668655346489214,0.001,0.016668655346489213,1.0,10,True,False
2,679,2012-01-24,679,2012-01-24,689,2012-02-08,0.55,0.55,544.3499755859375,609.8250122070312,0.12028114183456427,0.001,0.11928114183456427,1.0,10,True,True
2,712,2012-03-14,712,2012-03-14,722,2012-03-28,0.575,0.55,577.2750244140625,582.5499877929688,0.009137695475844237,0.001,0.008137695475844236,1.0,10,True,False
2,713,2012-03-15,713,2012-03-15,723,2012-03-29,0.555,0.55,581.8499755859375,570.5999755859375,-0.01933488093502276,0.001,-0.02033488093502276,1.0,10,False,True
2,715,2012-03-19,715,2012-03-19,725,2012-04-02,0.555,0.55,561.0,597.125,0.06439393939393939,0.001,0.06339393939393939,1.0,10,True,True
2,785,2012-06-28,785,2012-06-28,795,2012-07-12,0.555,0.55,629.4249877929688,618.0,-0.01815146842680906,0.001,-0.01915146842680906,1.0,10,False,False
2,797,2012-07-16,797,2012-07-16,807,2012-07-30,0.55,0.55,603.6749877929688,615.5,0.019588375278332147,0.001,0.018588375278332146,1.0,10,True,False
2,798,2012-07-17,798,2012-07-17,808,2012-07-31,0.6,0.55,592.9500122070312,621.8250122070312,0.04869719100354476,0.001,0.04769719100354476,1.0,10,True,True
2,799,2012-07-18,799,2012-07-18,809,2012-08-01,0.55,0.55,597.6500244140625,612.3250122070312,0.024554483717048523,0.001,0.023554483717048522,1.0,10,True,True
2,840,2012-09-17,840,2012-09-17,841,2012-09-18,0.58,0.55,671.0499877929688,649.9000244140625,-0.01449217757669915,0.001,-0.01549217757669915,1.0,10,False,False
3,0,2012-09-20,0,2012-09-20,10,2012-10-05,0.62,0.55,661.0,652.0,-0.01361573373676248,0.001,-0.01461573373676248,1.0,10,False,False
3,1,2012-09-21,1,2012-09-21,11,2012-10-08,0.7,0.55,652.0250244140625,646.3499755859375,-0.00870372856199015,0.001,-0.00970372856199015,1.0,10,False,True
3,2,2012-09-24,2,2012-09-24,12,2012-10-09,0.735,0.55,644.7249755859375,647.4249877929688,0.0041878511136898815,0.001,0.0031878511136898815,1.0,10,True,True
3,3,2012-09-25,3,2012-09-25,13,2012-10-10,0.735,0.55,646.5999755859375,644.6749877929688,-0.002977092275984638,0.001,-0.003977092275984638,1.0,10,False,True
3,4,2012-09-26,4,2012-09-26,14,2012-10-11,0.76,0.55,642.7999877929688,644.7249755859375,0.0029946917074129514,0.001,0.0019946917074129514,1.0,10,True,True
3,5,2012-09-27,5,2012-09-27,15,2012-10-12,0.7,0.55,635.7750244140625,649.2249755859375,0.021155205309095978,0.001,0.020155205309095977,1.0,10,True,True
3,6,2012-09-28,6,2012-09-28,16,2012-10-15,0.695,0.55,647.9500122070312,647.3250122070312,-0.0009645805821827837,0.001,-0.001964580582182784,1.0,10,False,True
3,7,2012-10-01,7,2012-10-01,17,2012-10-16,0.7,0.55,651.4749755859375,647.9500122070312,-0.005410742562653144,0.001,-0.006410742562653144,1.0,10,False,True
3,8,2012-10-03,8,2012-10-03,18,2012-10-17,0.66,0.55,661.3250122070312,641.5750122070312,-0.029864287053182195,0.001,-0.030864287053182195,1.0,10,False,True
3,9,2012-10-04,9,2012-10-04,19,2012-10-18,0.605,0.55,658.5750122070312,653.6749877929688,-0.007440343655981464,0.001,-0.008440343655981463,1.0,10,False,True
3,10,2012-10-05,10,2012-10-05,20,2012-10-19,0.58,0.55,652.0,644.8499755859375,-0.01096629511359279,0.001,-0.01196629511359279,1.0,10,False,False
3,11,2012-10-08,11,2012-10-08,21,2012-10-22,0.64,0.55,646.3499755859375,659.4500122070312,0.0202677142661267,0.001,0.0192677142661267,1.0,10,True,True
3,12,2012-10-09,12,2012-10-09,22,2012-10-23,0.57,0.55,647.4249877929688,657.2999877929688,0.015252732264263165,0.001,0.014252732264263164,1.0,10,True,True
3,15,2012-10-12,15,2012-10-12,25,2012-10-30,0.57,0.55,649.2249755859375,655.75,0.010050482743941798,0.001,0.009050482743941799,1.0,10,True,True
3,34,2012-11-12,34,2012-11-12,44,2012-11-29,0.565,0.55,667.25,649.0499877929688,-0.027276151677828774,0.001,-0.028276151677828775,1.0,10,False,False
3,56,2012-12-17,56,2012-12-17,66,2013-01-01,0.695,0.55,602.75,632.0750122070312,0.04865203186566777,0.001,0.04765203186566777,1.0,10,True,False
3,58,2012-12-19,58,2012-12-19,68,2013-01-03,0.69,0.55,616.3250122070312,640.2999877929688,0.038899890660098684,0.001,0.03789989066009868,1.0,10,True,True
3,59,2012-12-20,59,2012-12-20,69,2013-01-04,0.765,0.55,626.0250244140625,649.5999755859375,0.03765816101990544,0.001,0.03665816101990544,1.0,10,True,True
3,60,2012-12-21,60,2012-12-21,70,2013-01-07,0.655,0.55,629.3499755859375,647.4249877929688,0.02872012855836381,0.001,0.02772012855836381,1.0,10,True,True
3,61,2012-12-24,61,2012-12-24,71,2013-01-08,0.57,0.55,633.0999755859375,650.125,0.026891525936809185,0.001,0.025891525936809184,1.0,10,True,True
3,64,2012-12-28,64,2012-12-28,74,2013-01-11,0.69,0.55,633.75,653.1749877929688,0.030650868312376726,0.001,0.029650868312376726,1.0,10,True,True
3,65,2012-12-31,65,2012-12-31,75,2013-01-14,0.565,0.55,627.9249877929688,667.25,0.0626269267373016,0.001,0.06162692673730159,1.0,10,True,True
3,66,2013-01-01,66,2013-01-01,76,2013-01-15,0.625,0.55,632.0750122070312,668.7249755859375,0.057983566303206176,0.001,0.056983566303206175,1.0,10,True,False
3,68,2013-01-03,68,2013-01-03,78,2013-01-17,0.665,0.55,640.2999877929688,681.0,0.06356397467274508,0.001,0.06256397467274508,1.0,10,True,True
3,69,2013-01-04,69,2013-01-04,79,2013-01-18,0.575,0.55,649.5999755859375,675.5,0.03987072873686725,0.001,0.03887072873686725,1.0,10,True,True
3,70,2013-01-07,70,2013-01-07,80,2013-01-21,0.57,0.55,647.4249877929688,665.0,0.02714602083392451,0.001,0.02614602083392451,1.0,10,True,True
3,71,2013-01-08,71,2013-01-08,81,2013-01-22,0.58,0.55,650.125,658.75,0.013266679484714479,0.001,0.01226667948471448,1.0,10,True,True
3,73,2013-01-10,73,2013-01-10,83,2013-01-24,0.565,0.55,629.2000122070312,664.2750244140625,0.055745409292030035,0.001,0.054745409292030034,1.0,10,True,True
3,74,2013-01-11,74,2013-01-11,84,2013-01-25,0.64,0.55,653.1749877929688,670.25,0.026141558580996014,0.001,0.025141558580996013,1.0,10,True,True
3,75,2013-01-14,75,2013-01-14,85,2013-01-28,0.59,0.55,667.25,672.5250244140625,0.007905619204289996,0.001,0.0069056192042899955,1.0,10,True,True
3,81,2013-01-22,81,2013-01-22,91,2013-02-05,0.575,0.55,658.75,680.0250244140625,0.0322960522414611,0.001,0.0312960522414611,1.0,10,True,False
3,92,2013-02-06,92,2013-02-06,102,2013-02-20,0.555,0.55,685.2750244140625,726.4000244140625,0.06001240164146288,0.001,0.05901240164146288,1.0,10,True,False
3,93,2013-02-07,93,2013-02-07,103,2013-02-21,0.57,0.55,693.5750122070312,725.5250244140625,0.04606569101352546,0.001,0.04506569101352546,1.0,10,True,True
3,95,2013-02-11,95,2013-02-11,105,2013-02-25,0.57,0.55,707.3499755859375,736.8499755859375,0.041704956553597815,0.001,0.040704956553597814,1.0,10,True,True
3,96,2013-02-12,96,2013-02-12,106,2013-02-26,0.55,0.55,705.0250244140625,748.2000122070312,0.06123894372238906,0.001,0.06023894372238906,1.0,10,True,True
3,109,2013-03-01,109,2013-03-01,119,2013-03-15,0.585,0.55,750.9249877929688,785.125,0.04554384627357779,0.001,0.04454384627357779,1.0,10,True,False
3,124,2013-03-22,124,2013-03-22,134,2013-04-09,0.555,0.55,771.0750122070312,748.7000122070312,-0.029017929054601994,0.001,-0.030017929054601995,1.0,10,False,False
3,138,2013-04-15,138,2013-04-15,148,2013-05-02,0.67,0.55,736.2249755859375,716.9500122070312,-0.026180806163993466,0.001,-0.027180806163993466,1.0,10,False,False
3,140,2013-04-17,140,2013-04-17,150,2013-05-06,0.665,0.55,728.3250122070312,733.5999755859375,0.007242595394220522,0.001,0.006242595394220522,1.0,10,True,True
3,141,2013-04-18,141,2013-04-18,151,2013-05-07,0.625,0.55,726.375,735.7999877929688,0.012975374693469282,0.001,0.011975374693469282,1.0,10,True,True
3,142,2013-04-22,142,2013-04-22,152,2013-05-08,0.62,0.55,712.6500244140625,740.0499877929688,0.03844799332103352,0.001,0.03744799332103352,1.0,10,True,True
3,143,2013-04-23,143,2013-04-23,153,2013-05-09,0.59,0.55,715.2750244140625,749.2249755859375,0.0474641921122383,0.001,0.046464192112238296,1.0,10,True,True
3,144,2013-04-25,144,2013-04-25,154,2013-05-10,0.695,0.55,701.1500244140625,747.9500122070312,0.06674746653838969,0.001,0.06574746653838968,1.0,10,True,True
3,145,2013-04-26,145,2013-04-26,155,2013-05-13,0.715,0.55,684.6749877929688,725.7999877929688,0.06006499541127583,0.001,0.05906499541127583,1.0,10,True,True
3,146,2013-04-29,146,2013-04-29,156,2013-05-14,0.675,0.55,685.375,728.9749755859375,0.06361477378944008,0.001,0.06261477378944008,1.0,10,True,True
3,147,2013-04-30,147,2013-04-30,157,2013-05-15,0.74,0.55,689.2000122070312,735.7750244140625,0.06757836822707486,0.001,0.06657836822707486,1.0,10,True,True
3,148,2013-05-02,148,2013-05-02,158,2013-05-16,0.585,0.55,716.9500122070312,727.0250244140625,0.01405260064926524,0.001,0.01305260064926524,1.0,10,True,False
3,149,2013-05-03,149,2013-05-03,159,2013-05-17,0.68,0.55,709.25,736.9000244140625,0.038984877566531545,0.001,0.037984877566531544,1.0,10,True,True
3,162,2013-05-22,162,2013-05-22,172,2013-06-05,0.55,0.55,749.2000122070312,733.9000244140625,-0.020421766609289384,0.001,-0.021421766609289385,1.0,10,False,False
3,166,2013-05-28,166,2013-05-28,176,2013-06-11,0.555,0.55,757.0499877929688,750.7750244140625,-0.008288704154397622,0.001,-0.009288704154397621,1.0,10,False,True
3,167,2013-05-29,167,2013-05-29,177,2013-06-12,0.56,0.55,748.6749877929688,734.0499877929688,-0.01953451128788645,0.001,-0.020534511287886453,1.0,10,False,True
3,178,2013-06-13,178,2013-06-13,188,2013-06-27,0.625,0.55,722.8250122070312,745.9500122070312,0.03199252877178598,0.001,0.03099252877178598,1.0,10,True,False
3,179,2013-06-14,179,2013-06-14,189,2013-06-28,0.57,0.55,725.3499755859375,759.0750122070312,0.04649484766832821,0.001,0.04549484766832821,1.0,10,True,True
3,180,2013-06-17,180,2013-06-17,190,2013-07-01,0.61,0.55,726.2249755859375,746.1749877929688,0.02747084288988416,0.001,0.02647084288988416,1.0,10,True,True
3,182,2013-06-19,182,2013-06-19,192,2013-07-03,0.615,0.55,713.8499755859375,744.9000244140625,0.04349660277376729,0.001,0.04249660277376729,1.0,10,True,True
3,183,2013-06-20,183,2013-06-20,193,2013-07-04,0.7,0.55,702.25,769.1500244140625,0.09526525370461018,0.001,0.09426525370461018,1.0,10,True,True
3,184,2013-06-21,184,2013-06-21,194,2013-07-05,0.67,0.55,711.125,765.0999755859375,0.07590082697969766,0.001,0.07490082697969766,1.0,10,True,True
3,186,2013-06-25,186,2013-06-25,196,2013-07-09,0.6,0.55,696.1500244140625,752.4500122070312,0.08087335461972509,0.001,0.07987335461972508,1.0,10,True,True
3,187,2013-06-26,187,2013-06-26,197,2013-07-10,0.66,0.55,718.8499755859375,755.9749755859375,0.05164499027733744,0.001,0.05064499027733744,1.0,10,True,True
3,224,2013-08-20,224,2013-08-20,234,2013-09-03,0.74,0.55,868.2000122070312,1000.5499877929688,0.15244180341519886,0.001,0.15144180341519886,1.0,10,True,False
3,225,2013-08-21,225,2013-08-21,235,2013-09-04,0.795,0.55,858.9000244140625,1034.550048828125,0.20450578579723538,0.001,0.20350578579723538,1.0,10,True,True
3,268,2013-10-24,268,2013-10-24,278,2013-11-08,0.655,0.55,1004.3499755859375,1045.425048828125,0.040897171544435305,0.001,0.039897171544435305,1.0,10,True,False
3,275,2013-11-05,275,2013-11-05,285,2013-11-20,0.625,0.55,1021.0,1011.7999877929688,-0.00901078570718046,0.001,-0.010010785707180461,1.0,10,False,True
3,282,2013-11-14,282,2013-11-14,292,2013-11-29,0.605,0.55,1013.0999755859375,1002.1749877929688,-0.010783721307119925,0.001,-0.011783721307119924,1.0,10,False,False
3,286,2013-11-21,286,2013-11-21,296,2013-12-05,0.69,0.55,993.2999877929688,993.5750122070312,0.00027687951016045186,0.001,-0.0007231204898395481,1.0,10,False,True
3,287,2013-11-22,287,2013-11-22,297,2013-12-06,0.57,0.55,1000.4249877929688,1000.1500244140625,-0.0002748465724680118,0.001,-0.0012748465724680118,1.0,10,False,True
3,288,2013-11-25,288,2013-11-25,298,2013-12-09,0.555,0.55,1006.625,1002.4249877929688,-0.004172370254097852,0.001,-0.005172370254097852,1.0,10,False,True
3,290,2013-11-27,290,2013-11-27,300,2013-12-11,0.64,0.55,993.2249755859375,1029.0250244140625,0.03604424949846365,0.001,0.03504424949846365,1.0,10,True,True
3,291,2013-11-28,291,2013-11-28,301,2013-12-12,0.6,0.55,992.2999877929688,1014.4500122070312,0.022321903342282245,0.001,0.021321903342282244,1.0,10,True,True
3,337,2014-02-03,337,2014-02-03,347,2014-02-17,0.56,0.55,1097.2249755859375,1082.699951171875,-0.013237963715058419,0.001,-0.014237963715058418,1.0,10,False,False
3,338,2014-02-04,338,2014-02-04,348,2014-02-18,0.615,0.55,1075.675048828125,1083.0,0.006809631942151152,0.001,0.005809631942151152,1.0,10,True,True
3,339,2014-02-05,339,2014-02-05,349,2014-02-19,0.635,0.55,1097.199951171875,1098.9749755859375,0.001617776606867935,0.001,0.000617776606867935,1.0,10,True,True
3,341,2014-02-07,341,2014-02-07,351,2014-02-21,0.77,0.55,1072.199951171875,1102.8499755859375,0.0285861087575719,0.001,0.0275861087575719,1.0,10,True,True
3,342,2014-02-10,342,2014-02-10,352,2014-02-24,0.79,0.55,1046.7750244140625,1088.949951171875,0.04029034489184543,0.001,0.03929034489184543,1.0,10,True,True
3,343,2014-02-11,343,2014-02-11,353,2014-02-25,0.7,0.55,1050.8499755859375,1094.449951171875,0.041490199932323196,0.001,0.040490199932323195,1.0,10,True,True
3,344,2014-02-12,344,2014-02-12,354,2014-02-26,0.765,0.55,1052.7249755859375,1091.074951171875,0.03642924455610283,0.001,0.03542924455610283,1.0,10,True,True
3,345,2014-02-13,345,2014-02-13,355,2014-02-28,0.78,0.55,1066.875,1137.875,0.06654950205038078,0.001,0.06554950205038078,1.0,10,True,True
3,361,2014-03-10,361,2014-03-10,371,2014-03-25,0.675,0.55,1071.324951171875,1073.324951171875,0.0018668472136416578,0.001,0.0008668472136416578,1.0,10,True,False
3,362,2014-03-11,362,2014-03-11,372,2014-03-26,0.56,0.55,1075.824951171875,1046.75,-0.027025726759919655,0.001,-0.028025726759919656,1.0,10,False,True
3,364,2014-03-13,364,2014-03-13,374,2014-03-28,0.555,0.55,1074.7750244140625,1051.050048828125,-0.022074364445593346,0.001,-0.023074364445593347,1.0,10,False,True
3,365,2014-03-14,365,2014-03-14,375,2014-03-31,0.55,0.55,1069.7750244140625,1066.574951171875,-0.0029913516105316115,0.001,-0.003991351610531612,1.0,10,False,True
3,366,2014-03-18,366,2014-03-18,376,2014-04-01,0.655,0.55,1061.0,1088.3499755859375,0.025777545321336005,0.001,0.024777545321336004,1.0,10,True,True
3,367,2014-03-19,367,2014-03-19,377,2014-04-02,0.695,0.55,1019.7000122070312,1086.125,0.06514169559456903,0.001,0.06414169559456903,1.0,10,True,True
3,369,2014-03-21,369,2014-03-21,379,2014-04-04,0.575,0.55,1063.5,1069.425048828125,0.00557127299306535,0.001,0.00457127299306535,1.0,10,True,True
3,372,2014-03-26,372,2014-03-26,382,2014-04-10,0.715,0.55,1046.75,1063.074951171875,0.015595845399450681,0.001,0.01459584539945068,1.0,10,True,False
3,373,2014-03-27,373,2014-03-27,383,2014-04-11,0.67,0.55,1047.125,1082.050048828125,0.033353275710278144,0.001,0.03235327571027814,1.0,10,True,True
3,374,2014-03-28,374,2014-03-28,384,2014-04-15,0.55,0.55,1051.050048828125,1126.375,0.07166637902339573,0.001,0.07066637902339573,1.0,10,True,True
3,401,2014-05-13,401,2014-05-13,411,2014-05-27,0.605,0.55,1105.4749755859375,1065.7249755859375,-0.03595739467456621,0.001,-0.03695739467456621,1.0,10,False,False
3,405,2014-05-19,405,2014-05-19,415,2014-06-02,0.635,0.55,1018.3499755859375,1064.925048828125,0.04573582202463271,0.001,0.04473582202463271,1.0,10,True,True
3,406,2014-05-20,406,2014-05-20,416,2014-06-03,0.61,0.55,1034.0999755859375,1064.300048828125,0.02920421038118259,0.001,0.02820421038118259,1.0,10,True,True
3,407,2014-05-21,407,2014-05-21,417,2014-06-04,0.685,0.55,1041.425048828125,1044.625,0.00307266583944354,0.001,0.00207266583944354,1.0,10,True,True
3,408,2014-05-22,408,2014-05-22,418,2014-06-05,0.555,0.55,1055.9749755859375,1052.074951171875,-0.003693292458846822,0.001,-0.004693292458846822,1.0,10,False,True
3,417,2014-06-04,417,2014-06-04,427,2014-06-18,0.58,0.55,1044.625,1113.5250244140625,0.06595670639134857,0.001,0.06495670639134857,1.0,10,True,False
3,507,2014-10-17,507,2014-10-17,517,2014-11-05,0.585,0.55,1220.574951171875,1299.75,0.0648670110361588,0.001,0.0638670110361588,1.0,10,True,False
3,508,2014-10-20,508,2014-10-20,518,2014-11-07,0.62,0.55,1211.6500244140625,1286.425048828125,0.06171338497700496,0.001,0.06071338497700496,1.0,10,True,True
3,509,2014-10-21,509,2014-10-21,519,2014-11-10,0.715,0.55,1216.699951171875,1284.824951171875,0.05599161891507008,0.001,0.05499161891507008,1.0,10,True,True
3,510,2014-10-22,510,2014-10-22,520,2014-11-11,0.74,0.55,1225.925048828125,1290.3499755859375,0.05255209265802749,0.001,0.05155209265802749,1.0,10,True,True
3,511,2014-10-27,511,2014-10-27,521,2014-11-12,0.77,0.55,1228.574951171875,1295.875,0.054778952447248674,0.001,0.053778952447248674,1.0,10,True,True
3,512,2014-10-28,512,2014-10-28,522,2014-11-13,0.725,0.55,1239.300048828125,1294.2249755859375,0.04431931299425768,0.001,0.04331931299425768,1.0,10,True,True
3,513,2014-10-29,513,2014-10-29,523,2014-11-14,0.74,0.55,1253.0250244140625,1303.2249755859375,0.04006300767644239,0.001,0.03906300767644239,1.0,10,True,True
3,514,2014-10-30,514,2014-10-30,524,2014-11-17,0.575,0.55,1279.0999755859375,1309.1500244140625,0.0234931196948538,0.001,0.0224931196948538,1.0,10,True,True
3,515,2014-10-31,515,2014-10-31,525,2014-11-18,0.565,0.55,1303.925048828125,1292.925048828125,-0.008436067709479174,0.001,-0.009436067709479173,1.0,10,False,True
3,516,2014-11-03,516,2014-11-03,526,2014-11-19,0.59,0.55,1295.175048828125,1286.875,-0.0064084378676340994,0.001,-0.0074084378676340995,1.0,10,False,True
3,518,2014-11-07,518,2014-11-07,528,2014-11-21,0.575,0.55,1286.425048828125,1311.074951171875,0.019161553458714866,0.001,0.018161553458714865,1.0,10,True,False
3,539,2014-12-08,539,2014-12-08,549,2014-12-22,0.605,0.55,1256.4000244140625,1256.699951171875,0.00023871915949092289,0.001,-0.0007612808405090771,1.0,10,False,False
3,543,2014-12-12,543,2014-12-12,553,2014-12-29,0.63,0.55,1225.3499755859375,1261.449951171875,0.029460950997836535,0.001,0.028460950997836534,1.0,10,True,True
3,544,2014-12-15,544,2014-12-15,554,2014-12-30,0.68,0.55,1179.324951171875,1265.0250244140625,0.0726687527106323,0.001,0.0716687527106323,1.0,10,True,True
3,545,2014-12-16,545,2014-12-16,555,2014-12-31,0.71,0.55,1221.5250244140625,1279.125,0.0471541511100576,0.001,0.0461541511100576,1.0,10,True,True
3,546,2014-12-17,546,2014-12-17,556,2015-01-01,0.8,0.55,1222.050048828125,1272.7750244140625,0.04150809996250138,0.001,0.040508099962501376,1.0,10,True,True
3,547,2014-12-18,547,2014-12-18,557,2015-01-02,0.78,0.55,1230.3499755859375,1289.7249755859375,0.048258626551947924,0.001,0.04725862655194792,1.0,10,True,True
3,548,2014-12-19,548,2014-12-19,558,2015-01-05,0.68,0.55,1255.2750244140625,1270.125,0.011830057395485243,0.001,0.010830057395485242,1.0,10,True,True
3,549,2014-12-22,549,2014-12-22,559,2015-01-06,0.655,0.55,1256.699951171875,1223.300048828125,-0.026577467686383315,0.001,-0.027577467686383316,1.0,10,False,False
3,550,2014-12-23,550,2014-12-23,560,2015-01-07,0.625,0.55,1258.3499755859375,1208.8499755859375,-0.039337228084699444,0.001,-0.040337228084699445,1.0,10,False,True
3,551,2014-12-24,551,2014-12-24,561,2015-01-08,0.67,0.55,1239.949951171875,1221.9000244140625,-0.014556980094844586,0.001,-0.015556980094844585,1.0,10,False,True
3,552,2014-12-26,552,2014-12-26,562,2015-01-09,0.595,0.55,1252.5,1256.1500244140625,0.002914191148952096,0.001,0.0019141911489520959,1.0,10,True,True
3,554,2014-12-30,554,2014-12-30,564,2015-01-13,0.555,0.55,1265.0250244140625,1248.949951171875,-0.012707316402403338,0.001,-0.013707316402403337,1.0,10,False,True
3,559,2015-01-06,559,2015-01-06,569,2015-01-20,0.695,0.55,1223.300048828125,1250.2249755859375,0.022010075764817925,0.001,0.021010075764817924,1.0,10,True,False
3,560,2015-01-07,560,2015-01-07,570,2015-01-21,0.715,0.55,1208.8499755859375,1256.9000244140625,0.039748562516895306,0.001,0.038748562516895305,1.0,10,True,True
3,561,2015-01-08,561,2015-01-08,571,2015-01-22,0.685,0.55,1221.9000244140625,1256.7750244140625,0.028541614946544912,0.001,0.02754161494654491,1.0,10,True,True
3,563,2015-01-12,563,2015-01-12,573,2015-01-27,0.6,0.55,1254.8499755859375,1251.0250244140625,-0.003048134236197426,0.001,-0.004048134236197426,1.0,10,False,True
3,564,2015-01-13,564,2015-01-13,574,2015-01-28,0.62,0.55,1248.949951171875,1269.800048828125,0.016694101822644372,0.001,0.01569410182264437,1.0,10,True,True
3,565,2015-01-14,565,2015-01-14,575,2015-01-29,0.62,0.55,1260.9749755859375,1272.324951171875,0.009000952283500714,0.001,0.008000952283500715,1.0,10,True,True
3,566,2015-01-15,566,2015-01-15,576,2015-01-30,0.585,0.55,1269.550048828125,1241.0250244140625,-0.022468609599434777,0.001,-0.023468609599434778,1.0,10,False,True
3,568,2015-01-19,568,2015-01-19,578,2015-02-03,0.62,0.55,1255.5,1279.125,0.01881720430107527,0.001,0.01781720430107527,1.0,10,True,True
3,569,2015-01-20,569,2015-01-20,579,2015-02-04,0.58,0.55,1250.2249755859375,1257.1500244140625,0.005539042143098659,0.001,0.004539042143098659,1.0,10,True,False
3,571,2015-01-22,571,2015-01-22,581,2015-02-06,0.58,0.55,1256.7750244140625,1287.875,0.02474585743811787,0.001,0.02374585743811787,1.0,10,True,True
3,576,2015-01-30,576,2015-01-30,586,2015-02-13,0.655,0.55,1241.0250244140625,1269.375,0.022843999942162855,0.001,0.021843999942162854,1.0,10,True,True
3,577,2015-02-02,577,2015-02-02,587,2015-02-16,0.605,0.55,1257.0999755859375,1292.4000244140625,0.028080542131640372,0.001,0.02708054213164037,1.0,10,True,True
3,578,2015-02-03,578,2015-02-03,588,2015-02-18,0.59,0.55,1279.125,1317.824951171875,0.030255018994918403,0.001,0.029255018994918402,1.0,10,True,True
3,583,2015-02-10,583,2015-02-10,593,2015-02-25,0.72,0.55,1220.574951171875,1336.0999755859375,0.09464803804399462,0.001,0.09364803804399462,1.0,10,True,False
3,584,2015-02-11,584,2015-02-11,594,2015-02-26,0.645,0.55,1229.949951171875,1328.2249755859375,0.07990164503883086,0.001,0.07890164503883086,1.0,10,True,True
3,585,2015-02-12,585,2015-02-12,595,2015-02-27,0.56,0.55,1231.074951171875,1331.175048828125,0.08131113183723178,0.001,0.08031113183723178,1.0,10,True,True
3,586,2015-02-13,586,2015-02-13,596,2015-03-02,0.605,0.55,1269.375,1334.699951171875,0.05146229535942885,0.001,0.05046229535942885,1.0,10,True,True
3,602,2015-03-11,602,2015-03-11,612,2015-03-25,0.57,0.55,1303.2750244140625,1286.875,-0.012583701910067496,0.001,-0.013583701910067497,1.0,10,False,False
3,603,2015-03-12,603,2015-03-12,613,2015-03-26,0.555,0.55,1309.5250244140625,1256.550048828125,-0.040453580189993524,0.001,-0.041453580189993525,1.0,10,False,True
3,604,2015-03-13,604,2015-03-13,614,2015-03-27,0.6,0.55,1291.175048828125,1257.4000244140625,-0.02615836206308109,0.001,-0.02715836206308109,1.0,10,False,True
3,605,2015-03-16,605,2015-03-16,615,2015-03-30,0.685,0.55,1281.1500244140625,1282.074951171875,0.0007219503884687648,0.001,-0.0002780496115312352,1.0,10,False,True
3,606,2015-03-17,606,2015-03-17,616,2015-03-31,0.62,0.55,1291.8499755859375,1276.9749755859375,-0.011514494934485892,0.001,-0.012514494934485892,1.0,10,False,True
3,607,2015-03-18,607,2015-03-18,617,2015-04-01,0.655,0.55,1279.675048828125,1271.324951171875,-0.0065251703265580465,0.001,-0.0075251703265580465,1.0,10,False,True
3,608,2015-03-19,608,2015-03-19,618,2015-04-06,0.585,0.55,1298.125,1273.6500244140625,-0.01885409770702937,0.001,-0.01985409770702937,1.0,10,False,True
3,609,2015-03-20,609,2015-03-20,619,2015-04-07,0.555,0.55,1305.4749755859375,1292.5,-0.009938892608886609,0.001,-0.01093889260888661,1.0,10,False,True
3,610,2015-03-23,610,2015-03-23,620,2015-04-08,0.58,0.55,1308.574951171875,1320.699951171875,0.0092658047512996,0.001,0.0082658047512996,1.0,10,True,True
3,611,2015-03-24,611,2015-03-24,621,2015-04-09,0.575,0.55,1295.6500244140625,1332.2750244140625,0.02826766434598192,0.001,0.02726766434598192,1.0,10,True,True
3,612,2015-03-25,612,2015-03-25,622,2015-04-10,0.57,0.55,1286.875,1326.875,0.03108305002428363,0.001,0.03008305002428363,1.0,10,True,False
3,613,2015-03-26,613,2015-03-26,623,2015-04-13,0.695,0.55,1256.550048828125,1327.75,0.05666304437159268,0.001,0.05566304437159268,1.0,10,True,True
3,614,2015-03-27,614,2015-03-27,624,2015-04-15,0.735,0.55,1257.4000244140625,1313.875,0.04491408818944023,0.001,0.04391408818944023,1.0,10,True,True
3,615,2015-03-30,615,2015-03-30,625,2015-04-16,0.67,0.55,1282.074951171875,1291.4000244140625,0.007273422847598698,0.001,0.006273422847598698,1.0,10,True,True
3,616,2015-03-31,616,2015-03-31,626,2015-04-17,0.58,0.55,1276.9749755859375,1237.425048828125,-0.030971575413735176,0.001,-0.03197157541373517,1.0,10,False,True
3,626,2015-04-17,626,2015-04-17,636,2015-05-04,0.705,0.55,1237.425048828125,1240.7750244140625,0.0027072149453496335,0.001,0.0017072149453496335,1.0,10,True,False
3,627,2015-04-20,627,2015-04-20,637,2015-05-05,0.725,0.55,1214.4000244140625,1258.925048828125,0.03666421567765155,0.001,0.03566421567765155,1.0,10,True,True
3,628,2015-04-21,628,2015-04-21,638,2015-05-06,0.735,0.55,1213.5250244140625,1231.5250244140625,0.014832821439913121,0.001,0.013832821439913122,1.0,10,True,True
3,629,2015-04-22,629,2015-04-22,639,2015-05-07,0.73,0.55,1222.550048828125,1272.625,0.04095942838485372,0.001,0.03995942838485372,1.0,10,True,True
3,630,2015-04-23,630,2015-04-23,640,2015-05-08,0.74,0.55,1228.625,1263.625,0.028487129921660394,0.001,0.027487129921660393,1.0,10,True,True
3,631,2015-04-24,631,2015-04-24,641,2015-05-11,0.69,0.55,1246.5250244140625,1278.0,0.025250175463370682,0.001,0.02425017546337068,1.0,10,True,True
3,632,2015-04-27,632,2015-04-27,642,2015-05-12,0.725,0.55,1250.0999755859375,1261.449951171875,0.009079254305734728,0.001,0.008079254305734727,1.0,10,True,True
3,633,2015-04-28,633,2015-04-28,643,2015-05-13,0.665,0.55,1247.5,1257.699951171875,0.00817631356462926,0.001,0.007176313564629259,1.0,10,True,True
3,634,2015-04-29,634,2015-04-29,644,2015-05-14,0.785,0.55,1243.6500244140625,1249.625,0.004804386659142768,0.001,0.003804386659142768,1.0,10,True,True
3,635,2015-04-30,635,2015-04-30,645,2015-05-15,0.745,0.55,1231.8499755859375,1255.574951171875,0.01925963068242345,0.001,0.01825963068242345,1.0,10,True,True
3,636,2015-05-04,636,2015-05-04,646,2015-05-18,0.73,0.55,1240.7750244140625,1260.199951171875,0.01565547853204543,0.001,0.014655478532045428,1.0,10,True,False
3,637,2015-05-05,637,2015-05-05,647,2015-05-19,0.69,0.55,1258.925048828125,1256.3499755859375,-0.0020454539724859048,0.001,-0.003045453972485905,1.0,10,False,True
3,638,2015-05-06,638,2015-05-06,648,2015-05-20,0.76,0.55,1231.5250244140625,1278.5250244140625,0.03816406412233625,0.001,0.03716406412233625,1.0,10,True,True
3,639,2015-05-07,639,2015-05-07,649,2015-05-21,0.565,0.55,1272.625,1277.75,0.004027109321284746,0.001,0.0030271093212847463,1.0,10,True,True
3,642,2015-05-12,642,2015-05-12,652,2015-05-26,0.585,0.55,1261.449951171875,1304.425048828125,0.034068016425325906,0.001,0.033068016425325905,1.0,10,True,True
3,645,2015-05-15,645,2015-05-15,655,2015-05-29,0.575,0.55,1255.574951171875,1305.1500244140625,0.03948396166705718,0.001,0.03848396166705718,1.0,10,True,True
3,665,2015-06-12,665,2015-06-12,675,2015-06-26,0.595,0.55,1252.9000244140625,1296.4000244140625,0.034719450197427705,0.001,0.033719450197427704,1.0,10,True,False
3,684,2015-07-09,684,2015-07-09,694,2015-07-23,0.655,0.55,1261.25,1244.300048828125,-0.013439009848860258,0.001,-0.014439009848860259,1.0,10,False,False
3,685,2015-07-10,685,2015-07-10,695,2015-07-24,0.595,0.55,1237.175048828125,1252.574951171875,0.012447634114781956,0.001,0.011447634114781956,1.0,10,True,True
3,686,2015-07-13,686,2015-07-13,696,2015-07-27,0.565,0.55,1254.7750244140625,1248.5250244140625,-0.004980972587431391,0.001,-0.005980972587431391,1.0,10,False,True
3,687,2015-07-14,687,2015-07-14,697,2015-07-28,0.57,0.55,1249.75,1251.0250244140625,0.001020223575965193,0.001,2.022357596519306e-05,1.0,10,True,True
3,688,2015-07-15,688,2015-07-15,698,2015-07-29,0.655,0.55,1272.875,1253.375,-0.015319650397721693,0.001,-0.016319650397721694,1.0,10,False,True
3,689,2015-07-16,689,2015-07-16,699,2015-07-30,0.63,0.55,1270.0999755859375,1240.324951171875,-0.023443055654202603,0.001,-0.024443055654202604,1.0,10,False,True
3,690,2015-07-17,690,2015-07-17,700,2015-07-31,0.585,0.55,1282.199951171875,1255.375,-0.020921035870698764,0.001,-0.021921035870698765,1.0,10,False,True
3,692,2015-07-21,692,2015-07-21,702,2015-08-04,0.55,0.55,1280.699951171875,1254.449951171875,-0.020496604201460725,0.001,-0.021496604201460726,1.0,10,False,True
3,693,2015-07-22,693,2015-07-22,703,2015-08-05,0.605,0.55,1264.0250244140625,1273.574951171875,0.007555172226308857,0.001,0.006555172226308857,1.0,10,True,True
3,694,2015-07-23,694,2015-07-23,704,2015-08-06,0.685,0.55,1244.300048828125,1286.6500244140625,0.03403517955803544,0.001,0.03303517955803544,1.0,10,True,False
3,695,2015-07-24,695,2015-07-24,705,2015-08-07,0.615,0.55,1252.574951171875,1276.0250244140625,0.018721493049376606,0.001,0.017721493049376605,1.0,10,True,True
3,696,2015-07-27,696,2015-07-27,706,2015-08-10,0.58,0.55,1248.5250244140625,1286.050048828125,0.03005548441583951,0.001,0.029055484415839508,1.0,10,True,True
3,716,2015-08-24,716,2015-08-24,726,2015-09-07,0.605,0.55,1289.324951171875,1269.875,-0.015085375610079388,0.001,-0.01608537561007939,1.0,10,False,False
3,717,2015-08-25,717,2015-08-25,727,2015-09-08,0.59,0.55,1283.574951171875,1270.1500244140625,-0.01045901273280212,0.001,-0.011459012732802119,1.0,10,False,True
3,718,2015-08-26,718,2015-08-26,728,2015-09-09,0.59,0.55,1288.375,1274.875,-0.010478315707771418,0.001,-0.011478315707771417,1.0,10,False,True
3,719,2015-08-27,719,2015-08-27,729,2015-09-10,0.56,0.55,1287.324951171875,1272.699951171875,-0.011360767913871785,0.001,-0.012360767913871785,1.0,10,False,True
3,720,2015-08-28,720,2015-08-28,730,2015-09-11,0.62,0.55,1285.425048828125,1276.0,-0.007332243009203432,0.001,-0.008332243009203433,1.0,10,False,True
3,721,2015-08-31,721,2015-08-31,731,2015-09-14,0.61,0.55,1282.0250244140625,1275.824951171875,-0.004836156178013128,0.001,-0.005836156178013128,1.0,10,False,True
3,722,2015-09-01,722,2015-09-01,732,2015-09-15,0.785,0.55,1268.699951171875,1268.625,-5.907714570791066e-05,0.001,-0.0010590771457079106,1.0,10,False,True
3,723,2015-09-02,723,2015-09-02,733,2015-09-16,0.65,0.55,1295.9000244140625,1275.175048828125,-0.015992727213126057,0.001,-0.016992727213126058,1.0,10,False,True
3,724,2015-09-03,724,2015-09-03,734,2015-09-18,0.67,0.55,1302.800048828125,1275.625,-0.020858955948435134,0.001,-0.021858955948435135,1.0,10,False,True
3,725,2015-09-04,725,2015-09-04,735,2015-09-21,0.785,0.55,1273.7249755859375,1275.5250244140625,0.0014132162457574044,0.001,0.00041321624575740433,1.0,10,True,True
3,726,2015-09-07,726,2015-09-07,736,2015-09-22,0.71,0.55,1269.875,1263.4000244140625,-0.005098907834186436,0.001,-0.006098907834186436,1.0,10,False,False
3,727,2015-09-08,727,2015-09-08,737,2015-09-23,0.775,0.55,1270.1500244140625,1266.324951171875,-0.0030115129462380307,0.001,-0.004011512946238031,1.0,10,False,True
3,728,2015-09-09,728,2015-09-09,738,2015-09-24,0.695,0.55,1274.875,1290.199951171875,0.012020748051279537,0.001,0.011020748051279537,1.0,10,True,True
3,729,2015-09-10,729,2015-09-10,739,2015-09-28,0.66,0.55,1272.699951171875,1296.8499755859375,0.018975426526751785,0.001,0.017975426526751784,1.0,10,True,True
3,730,2015-09-11,730,2015-09-11,740,2015-09-29,0.57,0.55,1276.0,1294.125,0.014204545454545454,0.001,0.013204545454545455,1.0,10,True,True
3,750,2015-10-14,750,2015-10-14,760,2015-10-29,0.67,0.55,1241.8499755859375,1247.675048828125,0.0046906416690462764,0.001,0.0036906416690462764,1.0,10,True,False
3,751,2015-10-15,751,2015-10-15,761,2015-10-30,0.665,0.55,1233.875,1247.5999755859375,0.0111234732739844,0.001,0.010123473273984399,1.0,10,True,True
3,752,2015-10-16,752,2015-10-16,762,2015-11-02,0.67,0.55,1236.0,1258.675048828125,0.018345508760618932,0.001,0.01734550876061893,1.0,10,True,True
3,753,2015-10-19,753,2015-10-19,763,2015-11-03,0.765,0.55,1244.375,1271.7249755859375,0.021978885453289805,0.001,0.020978885453289804,1.0,10,True,True
3,754,2015-10-20,754,2015-10-20,764,2015-11-04,0.65,0.55,1263.375,1266.9000244140625,0.0027901647682299397,0.001,0.0017901647682299396,1.0,10,True,True
3,755,2015-10-21,755,2015-10-21,765,2015-11-05,0.72,0.55,1265.0,1241.324951171875,-0.018715453619071145,0.001,-0.019715453619071146,1.0,10,False,True
3,756,2015-10-23,756,2015-10-23,766,2015-11-06,0.69,0.55,1268.574951171875,1252.875,-0.012376053269356938,0.001,-0.013376053269356938,1.0,10,False,True
3,757,2015-10-26,757,2015-10-26,767,2015-11-09,0.7,0.55,1268.2750244140625,1235.675048828125,-0.025704184785156157,0.001,-0.026704184785156158,1.0,10,False,True
3,758,2015-10-27,758,2015-10-27,768,2015-11-10,0.68,0.55,1265.550048828125,1229.074951171875,-0.028821537077909513,0.001,-0.029821537077909514,1.0,10,False,True
3,759,2015-10-28,759,2015-10-28,769,2015-11-13,0.625,0.55,1264.550048828125,1198.699951171875,-0.05207393548185312,0.001,-0.05307393548185312,1.0,10,False,True
3,760,2015-10-29,760,2015-10-29,770,2015-11-16,0.71,0.55,1247.675048828125,1187.300048828125,-0.04839000351630582,0.001,-0.04939000351630582,1.0,10,False,False
3,761,2015-10-30,761,2015-10-30,771,2015-11-17,0.68,0.55,1247.5999755859375,1195.2750244140625,-0.04194048749263601,0.001,-0.04294048749263601,1.0,10,False,True
3,762,2015-11-02,762,2015-11-02,772,2015-11-18,0.715,0.55,1258.675048828125,1175.7249755859375,-0.065902691341516,0.001,-0.066902691341516,1.0,10,False,True
3,764,2015-11-04,764,2015-11-04,774,2015-11-20,0.555,0.55,1266.9000244140625,1199.175048828125,-0.053457237572680685,0.001,-0.054457237572680686,1.0,10,False,True
3,765,2015-11-05,765,2015-11-05,775,2015-11-23,0.65,0.55,1241.324951171875,1195.5250244140625,-0.03689600109510004,0.001,-0.03789600109510004,1.0,10,False,True
3,766,2015-11-06,766,2015-11-06,776,2015-11-24,0.595,0.55,1252.875,1183.9749755859375,-0.054993534402125115,0.001,-0.055993534402125116,1.0,10,False,True
3,767,2015-11-09,767,2015-11-09,777,2015-11-26,0.645,0.55,1235.675048828125,1172.7750244140625,-0.050903370164927166,0.001,-0.051903370164927166,1.0,10,False,True
3,768,2015-11-10,768,2015-11-10,778,2015-11-27,0.58,0.55,1229.074951171875,1176.675048828125,-0.042633610174699875,0.001,-0.043633610174699876,1.0,10,False,True
3,769,2015-11-13,769,2015-11-13,779,2015-11-30,0.69,0.55,1198.699951171875,1186.7750244140625,-0.00994821660429237,0.001,-0.01094821660429237,1.0,10,False,True
3,775,2015-11-23,775,2015-11-23,785,2015-12-08,0.56,0.55,1195.5250244140625,1164.5,-0.025950961946002042,0.001,-0.026950961946002043,1.0,10,False,False
3,776,2015-11-24,776,2015-11-24,786,2015-12-09,0.565,0.55,1183.9749755859375,1183.824951171875,-0.00012671248730426453,0.001,-0.0011267124873042646,1.0,10,False,True
3,777,2015-11-26,777,2015-11-26,787,2015-12-10,0.58,0.55,1172.7750244140625,1192.2750244140625,0.016627229941004684,0.001,0.015627229941004683,1.0,10,True,True
3,778,2015-11-27,778,2015-11-27,788,2015-12-11,0.59,0.55,1176.675048828125,1193.0,0.013873797347987753,0.001,0.012873797347987753,1.0,10,True,True
3,810,2016-01-13,810,2016-01-13,820,2016-01-28,0.64,0.55,1139.5999755859375,1165.5999755859375,0.0228150233037973,0.001,0.0218150233037973,1.0,10,True,False
3,812,2016-01-15,812,2016-01-15,822,2016-02-01,0.56,0.55,1130.550048828125,1201.3499755859375,0.06262431887133203,0.001,0.06162431887133203,1.0,10,True,True
3,816,2016-01-21,816,2016-01-21,826,2016-02-05,0.565,0.55,1127.25,1210.9749755859375,0.07427365321440453,0.001,0.07327365321440453,1.0,10,True,True
3,821,2016-01-29,821,2016-01-29,831,2016-02-12,0.56,0.55,1195.6500244140625,1113.300048828125,-0.06887464885579185,0.001,-0.06987464885579185,1.0,10,False,False
3,822,2016-02-01,822,2016-02-01,832,2016-02-15,0.56,0.55,1201.3499755859375,1134.574951171875,-0.05558332357021454,0.001,-0.05658332357021454,1.0,10,False,True
3,827,2016-02-08,827,2016-02-08,837,2016-02-22,0.565,0.55,1181.4749755859375,1157.949951171875,-0.019911572314424655,0.001,-0.020911572314424656,1.0,10,False,True
3,828,2016-02-09,828,2016-02-09,838,2016-02-23,0.59,0.55,1140.699951171875,1132.0,-0.007626853286823832,0.001,-0.008626853286823832,1.0,10,False,True
3,829,2016-02-10,829,2016-02-10,839,2016-02-24,0.62,0.55,1134.4000244140625,1105.4749755859375,-0.025498103143170588,0.001,-0.02649810314317059,1.0,10,False,True
3,830,2016-02-11,830,2016-02-11,840,2016-02-25,0.67,0.55,1098.9749755859375,1106.425048828125,0.00677911090579234,0.001,0.00577911090579234,1.0,10,True,True
3,831,2016-02-12,831,2016-02-12,841,2016-02-26,0.715,0.55,1113.300048828125,1105.25,-0.007230798953614161,0.001,-0.00823079895361416,1.0,10,False,False
3,832,2016-02-15,832,2016-02-15,841,2016-02-26,0.7,0.55,1134.574951171875,1105.25,-0.040697995941228506,0.001,-0.041697995941228506,1.0,10,False,True
3,833,2016-02-16,833,2016-02-16,841,2016-02-26,0.71,0.55,1132.7750244140625,1105.25,0.0048994077713562295,0.001,0.0038994077713562295,1.0,10,True,True
3,834,2016-02-17,834,2016-02-17,841,2016-02-26,0.685,0.55,1137.7750244140625,1105.25,0.019028387817892158,0.001,0.018028387817892157,1.0,10,True,True
3,835,2016-02-18,835,2016-02-18,841,2016-02-26,0.73,0.55,1157.925048828125,1105.25,0.024742449757646282,0.001,0.02374244975764628,1.0,10,True,True
3,836,2016-02-19,836,2016-02-19,841,2016-02-26,0.625,0.55,1159.824951171875,1105.25,0.016338735619578233,0.001,0.015338735619578232,1.0,10,True,True
3,837,2016-02-22,837,2016-02-22,841,2016-02-26,0.69,0.55,1157.949951171875,1105.25,0.01658109076541394,0.001,0.01558109076541394,1.0,10,True,True
3,838,2016-02-23,838,2016-02-23,841,2016-02-26,0.74,0.55,1132.0,1105.25,0.04118816254416961,0.001,0.04018816254416961,1.0,10,True,True
3,839,2016-02-24,839,2016-02-24,841,2016-02-26,0.795,0.55,1105.4749755859375,1105.25,0.06212266251592444,0.001,0.061122662515924436,1.0,10,True,True
3,840,2016-02-25,840,2016-02-25,841,2016-02-26,0.72,0.55,1106.425048828125,1105.25,0.06887041399919724,0.001,0.06787041399919724,1.0,10,True,True
3,841,2016-02-26,841,2016-02-26,841,2016-02-26,0.745,0.55,1105.25,1105.25,0.0653698258312599,0.001,0.0643698258312599,1.0,10,True,False
4,0,2016-02-29,0,2016-02-29,10,2016-03-15,0.625,0.55,1088.4000244140625,1164.949951171875,0.07033252943835881,0.001,0.06933252943835881,1.0,10,True,False
4,4,2016-03-04,4,2016-03-04,14,2016-03-21,0.62,0.55,1178.7750244140625,1223.125,0.03762378288255869,0.001,0.036623782882558686,1.0,10,True,True
4,26,2016-04-08,26,2016-04-08,36,2016-04-27,0.59,0.55,1216.0250244140625,1255.550048828125,0.03250346302133667,0.001,0.03150346302133667,1.0,10,True,False
4,31,2016-04-20,31,2016-04-20,41,2016-05-04,0.68,0.55,1225.175048828125,1239.0,0.011284061967388669,0.001,0.01028406196738867,1.0,10,True,True
4,32,2016-04-21,32,2016-04-21,42,2016-05-05,0.79,0.55,1212.199951171875,1235.1500244140625,0.018932580569732644,0.001,0.017932580569732643,1.0,10,True,True
4,33,2016-04-22,33,2016-04-22,43,2016-05-06,0.675,0.55,1208.5250244140625,1236.699951171875,0.023313482293403683,0.001,0.022313482293403682,1.0,10,True,True
4,34,2016-04-25,34,2016-04-25,44,2016-05-09,0.585,0.55,1225.625,1256.2750244140625,0.02500766907827639,0.001,0.024007669078276388,1.0,10,True,True
4,35,2016-04-26,35,2016-04-26,45,2016-05-10,0.58,0.55,1244.9000244140625,1261.449951171875,0.013294181406737509,0.001,0.01229418140673751,1.0,10,True,True
4,42,2016-05-05,42,2016-05-05,52,2016-05-19,0.685,0.55,1235.1500244140625,1278.4749755859375,0.035076671105137805,0.001,0.034076671105137804,1.0,10,True,False
4,59,2016-05-30,59,2016-05-30,69,2016-06-13,0.55,0.55,1318.199951171875,1273.5,-0.033909841319700325,0.001,-0.034909841319700326,1.0,10,False,False
4,79,2016-06-27,79,2016-06-27,89,2016-07-12,0.7,0.55,1247.925048828125,1232.4749755859375,-0.012380609922603947,0.001,-0.013380609922603946,1.0,10,False,False
4,80,2016-06-28,80,2016-06-28,90,2016-07-13,0.79,0.55,1231.9749755859375,1246.550048828125,0.011830656897276241,0.001,0.01083065689727624,1.0,10,True,True
4,84,2016-07-04,84,2016-07-04,94,2016-07-19,0.585,0.55,1247.0999755859375,1233.0999755859375,-0.01122604464283005,0.001,-0.012226044642830051,1.0,10,False,True
4,85,2016-07-05,85,2016-07-05,95,2016-07-20,0.585,0.55,1242.6500244140625,1247.4749755859375,0.0038827916767233584,0.001,0.0028827916767233583,1.0,10,True,True
4,86,2016-07-07,86,2016-07-07,96,2016-07-21,0.915,0.55,1214.9000244140625,1253.0250244140625,0.03138118300589171,0.001,0.03038118300589171,1.0,10,True,True
4,87,2016-07-08,87,2016-07-08,97,2016-07-22,0.93,0.55,1213.300048828125,1257.550048828125,0.03647078069661268,0.001,0.03547078069661268,1.0,10,True,True
4,88,2016-07-11,88,2016-07-11,98,2016-07-25,0.725,0.55,1232.074951171875,1279.4749755859375,0.038471705287879174,0.001,0.03747170528787917,1.0,10,True,True
4,89,2016-07-12,89,2016-07-12,99,2016-07-26,0.68,0.55,1232.4749755859375,1276.300048828125,0.035558590730292425,0.001,0.034558590730292424,1.0,10,True,False
4,90,2016-07-13,90,2016-07-13,100,2016-07-27,0.585,0.55,1246.550048828125,1288.7750244140625,0.03387346992255383,0.001,0.03287346992255383,1.0,10,True,True
4,92,2016-07-15,92,2016-07-15,102,2016-07-29,0.67,0.55,1222.675048828125,1309.6500244140625,0.07113498853951326,0.001,0.07013498853951326,1.0,10,True,True
4,93,2016-07-18,93,2016-07-18,103,2016-08-01,0.74,0.55,1216.7249755859375,1354.125,0.11292611491589942,0.001,0.11192611491589942,1.0,10,True,True
4,94,2016-07-19,94,2016-07-19,104,2016-08-02,0.665,0.55,1233.0999755859375,1349.5999755859375,0.09447733542014077,0.001,0.09347733542014076,1.0,10,True,True
4,97,2016-07-22,97,2016-07-22,107,2016-08-05,0.59,0.55,1257.550048828125,1324.550048828125,0.05327819760528449,0.001,0.05227819760528449,1.0,10,True,True
4,98,2016-07-25,98,2016-07-25,108,2016-08-08,0.635,0.55,1279.4749755859375,1324.75,0.035385627134543005,0.001,0.034385627134543004,1.0,10,True,True
4,115,2016-08-18,115,2016-08-18,125,2016-09-01,0.6,0.55,1319.2750244140625,1253.75,-0.049667448561883085,0.001,-0.050667448561883086,1.0,10,False,False
4,117,2016-08-22,117,2016-08-22,127,2016-09-06,0.66,0.55,1274.3499755859375,1242.0250244140625,-0.025365834967754606,0.001,-0.026365834967754607,1.0,10,False,True
4,118,2016-08-23,118,2016-08-23,128,2016-09-07,0.61,0.55,1300.5250244140625,1220.2750244140625,-0.061705848402383315,0.001,-0.06270584840238332,1.0,10,False,True
4,120,2016-08-25,120,2016-08-25,130,2016-09-09,0.555,0.55,1275.5250244140625,1176.2249755859375,-0.07785033372727472,0.001,-0.07885033372727472,1.0,10,False,True
4,121,2016-08-26,121,2016-08-26,131,2016-09-12,0.6,0.55,1262.4749755859375,1179.5250244140625,-0.06570423396580706,0.001,-0.06670423396580706,1.0,10,False,True
4,122,2016-08-29,122,2016-08-29,132,2016-09-14,0.635,0.55,1250.2750244140625,1164.2249755859375,-0.0688248962410907,0.001,-0.0698248962410907,1.0,10,False,True
4,123,2016-08-30,123,2016-08-30,133,2016-09-15,0.655,0.55,1272.074951171875,1163.4749755859375,-0.08537230882967377,0.001,-0.08637230882967377,1.0,10,False,True
4,124,2016-08-31,124,2016-08-31,134,2016-09-16,0.585,0.55,1255.6500244140625,1180.8499755859375,-0.05957077798252722,0.001,-0.06057077798252722,1.0,10,False,True
4,125,2016-09-01,125,2016-09-01,135,2016-09-19,0.64,0.55,1253.75,1205.7249755859375,-0.03830510421859422,0.001,-0.03930510421859422,1.0,10,False,False
4,126,2016-09-02,126,2016-09-02,136,2016-09-20,0.555,0.55,1257.4000244140625,1203.25,-0.043065073455280024,0.001,-0.044065073455280025,1.0,10,False,True
4,127,2016-09-06,127,2016-09-06,137,2016-09-21,0.755,0.55,1242.0250244140625,1206.699951171875,-0.02844151490333494,0.001,-0.02944151490333494,1.0,10,False,True
4,128,2016-09-07,128,2016-09-07,138,2016-09-22,0.905,0.55,1220.2750244140625,1189.0,-0.025629488261533318,0.001,-0.02662948826153332,1.0,10,False,True
4,129,2016-09-08,129,2016-09-08,139,2016-09-23,0.835,0.55,1161.050048828125,1199.050048828125,0.03272899392955049,0.001,0.03172899392955049,1.0,10,True,True
4,130,2016-09-09,130,2016-09-09,140,2016-09-26,0.86,0.55,1176.2249755859375,1200.550048828125,0.02068062976648659,0.001,0.019680629766486588,1.0,10,True,True
4,131,2016-09-12,131,2016-09-12,141,2016-09-27,0.88,0.55,1179.5250244140625,1218.050048828125,0.03266147272559994,0.001,0.03166147272559994,1.0,10,True,True
4,132,2016-09-14,132,2016-09-14,142,2016-09-28,0.87,0.55,1164.2249755859375,1211.5250244140625,0.04062792829566259,0.001,0.03962792829566259,1.0,10,True,True
4,133,2016-09-15,133,2016-09-15,143,2016-09-29,0.845,0.55,1163.4749755859375,1218.9000244140625,0.04763750831874351,0.001,0.04663750831874351,1.0,10,True,True
4,134,2016-09-16,134,2016-09-16,144,2016-09-30,0.82,0.55,1180.8499755859375,1215.4000244140625,0.029258626872546847,0.001,0.028258626872546846,1.0,10,True,True
4,135,2016-09-19,135,2016-09-19,145,2016-10-03,0.78,0.55,1205.7249755859375,1205.8499755859375,0.00010367206662469162,0.001,-0.0008963279333753084,1.0,10,False,False
4,136,2016-09-20,136,2016-09-20,146,2016-10-04,0.71,0.55,1203.25,1202.574951171875,-0.000561021257531685,0.001,-0.0015610212575316849,1.0,10,False,True
4,137,2016-09-21,137,2016-09-21,147,2016-10-05,0.7,0.55,1206.699951171875,1193.175048828125,-0.011208173440808895,0.001,-0.012208173440808896,1.0,10,False,True
4,138,2016-09-22,138,2016-09-22,148,2016-10-06,0.815,0.55,1189.0,1194.375,0.004520605550883095,0.001,0.003520605550883095,1.0,10,True,True
4,139,2016-09-23,139,2016-09-23,149,2016-10-07,0.74,0.55,1199.050048828125,1183.9000244140625,-0.012635022557122755,0.001,-0.013635022557122754,1.0,10,False,True
4,140,2016-09-26,140,2016-09-26,150,2016-10-10,0.74,0.55,1200.550048828125,1190.1500244140625,-0.008662716247618432,0.001,-0.009662716247618431,1.0,10,False,True
4,141,2016-09-27,141,2016-09-27,151,2016-10-13,0.67,0.55,1218.050048828125,1164.449951171875,-0.044004840119515755,0.001,-0.045004840119515756,1.0,10,False,True
4,142,2016-09-28,142,2016-09-28,152,2016-10-14,0.695,0.55,1211.5250244140625,1183.0999755859375,-0.023462205282860242,0.001,-0.024462205282860243,1.0,10,False,True
4,143,2016-09-29,143,2016-09-29,153,2016-10-17,0.62,0.55,1218.9000244140625,1181.2249755859375,-0.03090905576627236,0.001,-0.03190905576627236,1.0,10,False,True
4,144,2016-09-30,144,2016-09-30,154,2016-10-18,0.655,0.55,1215.4000244140625,1200.0999755859375,-0.012588488169153252,0.001,-0.013588488169153253,1.0,10,False,True
4,145,2016-10-03,145,2016-10-03,155,2016-10-19,0.745,0.55,1205.8499755859375,1197.550048828125,-0.006883050898416665,0.001,-0.007883050898416665,1.0,10,False,False
4,146,2016-10-04,146,2016-10-04,156,2016-10-20,0.64,0.55,1202.574951171875,1200.574951171875,-0.0016630980032064171,0.001,-0.002663098003206417,1.0,10,False,True
4,147,2016-10-05,147,2016-10-05,157,2016-10-21,0.71,0.55,1193.175048828125,1214.324951171875,0.017725733004995657,0.001,0.016725733004995656,1.0,10,True,True
4,148,2016-10-06,148,2016-10-06,158,2016-10-24,0.675,0.55,1194.375,1213.8499755859375,0.016305578721873364,0.001,0.015305578721873363,1.0,10,True,True
4,152,2016-10-14,152,2016-10-14,162,2016-10-28,0.55,0.55,1183.0999755859375,1199.3499755859375,0.013735102979739382,0.001,0.012735102979739382,1.0,10,True,True
4,156,2016-10-20,156,2016-10-20,166,2016-11-04,0.64,0.55,1200.574951171875,1165.2750244140625,-0.02940251812130215,0.001,-0.030402518121302152,1.0,10,False,False
4,158,2016-10-24,158,2016-10-24,168,2016-11-08,0.595,0.55,1213.8499755859375,1141.5999755859375,-0.059521358860780305,0.001,-0.060521358860780305,1.0,10,False,True
4,167,2016-11-07,167,2016-11-07,177,2016-11-22,0.74,0.55,1138.5250244140625,1067.5,-0.062383366980111175,0.001,-0.06338336698011117,1.0,10,False,False
4,168,2016-11-08,168,2016-11-08,178,2016-11-23,0.815,0.55,1141.5999755859375,1078.175048828125,-0.05555792581833144,0.001,-0.05655792581833144,1.0,10,False,True
4,169,2016-11-09,169,2016-11-09,179,2016-11-24,0.63,0.55,1084.925048828125,1094.2249755859375,0.008571953212673776,0.001,0.007571953212673776,1.0,10,True,True
4,170,2016-11-10,170,2016-11-10,180,2016-11-25,0.775,0.55,1077.7249755859375,1150.175048828125,0.06722501091041139,0.001,0.06622501091041139,1.0,10,True,True
4,171,2016-11-11,171,2016-11-11,181,2016-11-28,0.74,0.55,1050.574951171875,1141.300048828125,0.08635756787752243,0.001,0.08535756787752243,1.0,10,True,True
4,172,2016-11-15,172,2016-11-15,182,2016-11-29,0.63,0.55,1060.6500244140625,1129.925048828125,0.06531374423182829,0.001,0.06431374423182828,1.0,10,True,True
4,173,2016-11-16,173,2016-11-16,183,2016-11-30,0.82,0.55,1094.800048828125,1138.0250244140625,0.03948207312577813,0.001,0.03848207312577813,1.0,10,True,True
4,174,2016-11-17,174,2016-11-17,184,2016-12-01,0.76,0.55,1068.5999755859375,1131.7249755859375,0.0590726197288065,0.001,0.0580726197288065,1.0,10,True,True
4,175,2016-11-18,175,2016-11-18,185,2016-12-02,0.795,0.55,1062.550048828125,1110.925048828125,0.0455272672128266,0.001,0.0445272672128266,1.0,10,True,True
4,176,2016-11-21,176,2016-11-21,186,2016-12-05,0.78,0.55,1066.449951171875,1093.0,0.024895728860928088,0.001,0.023895728860928087,1.0,10,True,True
4,177,2016-11-22,177,2016-11-22,187,2016-12-06,0.735,0.55,1067.5,1091.175048828125,0.022178031689110072,0.001,0.02117803168911007,1.0,10,True,False
4,178,2016-11-23,178,2016-11-23,188,2016-12-07,0.745,0.55,1078.175048828125,1077.2750244140625,-0.0008347665020079458,0.001,-0.0018347665020079459,1.0,10,False,True
4,179,2016-11-24,179,2016-11-24,189,2016-12-08,0.61,0.55,1094.2249755859375,1097.875,0.0033357165989635527,0.001,0.0023357165989635526,1.0,10,True,True
4,184,2016-12-01,184,2016-12-01,194,2016-12-15,0.55,0.55,1131.7249755859375,1129.6500244140625,-0.001833441177527003,0.001,-0.002833441177527003,1.0,10,False,True
4,186,2016-12-05,186,2016-12-05,196,2016-12-19,0.55,0.55,1093.0,1144.449951171875,0.04707223346008692,0.001,0.04607223346008692,1.0,10,True,True
4,187,2016-12-06,187,2016-12-06,197,2016-12-20,0.595,0.55,1091.175048828125,1169.6500244140625,0.07191786108948903,0.001,0.07091786108948903,1.0,10,True,False
4,192,2016-12-13,192,2016-12-13,202,2016-12-27,0.575,0.55,1100.1500244140625,1161.699951171875,0.055946848513314225,0.001,0.054946848513314224,1.0,10,True,True
4,193,2016-12-14,193,2016-12-14,203,2016-12-28,0.73,0.55,1103.800048828125,1156.699951171875,0.04792525820225539,0.001,0.04692525820225539,1.0,10,True,True
4,210,2017-01-06,210,2017-01-06,220,2017-01-20,0.58,0.55,1140.699951171875,1142.675048828125,0.0017314786892214061,0.001,0.0007314786892214061,1.0,10,True,False
4,211,2017-01-09,211,2017-01-09,221,2017-01-23,0.55,0.55,1151.8499755859375,1153.3499755859375,0.001302252925114628,0.001,0.00030225292511462795,1.0,10,True,True
4,215,2017-01-13,215,2017-01-13,225,2017-01-30,0.73,0.55,1124.6500244140625,1166.449951171875,0.03716705272788312,0.001,0.03616705272788312,1.0,10,True,True
4,216,2017-01-16,216,2017-01-16,226,2017-01-31,0.74,0.55,1129.2750244140625,1114.9000244140625,-0.01272940575964534,0.001,-0.01372940575964534,1.0,10,False,True
4,217,2017-01-17,217,2017-01-17,227,2017-02-01,0.665,0.55,1139.375,1083.949951171875,-0.04864513336533187,0.001,-0.04964513336533187,1.0,10,False,True
4,218,2017-01-18,218,2017-01-18,228,2017-02-02,0.645,0.55,1147.550048828125,1103.824951171875,-0.03810299838416804,0.001,-0.03910299838416804,1.0,10,False,True
4,219,2017-01-19,219,2017-01-19,229,2017-02-03,0.68,0.55,1145.5,1116.2750244140625,-0.025512855160137494,0.001,-0.026512855160137495,1.0,10,False,True
4,220,2017-01-20,220,2017-01-20,230,2017-02-06,0.755,0.55,1142.675048828125,1120.375,-0.019515652197879794,0.001,-0.020515652197879795,1.0,10,False,False
4,221,2017-01-23,221,2017-01-23,231,2017-02-07,0.67,0.55,1153.3499755859375,1122.300048828125,-0.02692151334380371,0.001,-0.02792151334380371,1.0,10,False,True
4,222,2017-01-24,222,2017-01-24,232,2017-02-08,0.67,0.55,1159.175048828125,1135.4749755859375,-0.020445637840589507,0.001,-0.021445637840589508,1.0,10,False,True
4,223,2017-01-25,223,2017-01-25,233,2017-02-09,0.565,0.55,1176.5,1158.6500244140625,-0.015172099945548237,0.001,-0.016172099945548236,1.0,10,False,True
4,225,2017-01-30,225,2017-01-30,235,2017-02-13,0.59,0.55,1166.449951171875,1207.125,0.03487080503304987,0.001,0.03387080503304987,1.0,10,True,True
4,226,2017-01-31,226,2017-01-31,236,2017-02-14,0.705,0.55,1114.9000244140625,1203.125,0.07913263400662698,0.001,0.07813263400662698,1.0,10,True,True
4,227,2017-02-01,227,2017-02-01,237,2017-02-15,0.765,0.55,1083.949951171875,1206.8499755859375,0.11338164117373997,0.001,0.11238164117373997,1.0,10,True,True
4,228,2017-02-02,228,2017-02-02,238,2017-02-16,0.685,0.55,1103.824951171875,1223.875,0.10875823082335107,0.001,0.10775823082335106,1.0,10,True,True
4,229,2017-02-03,229,2017-02-03,239,2017-02-17,0.56,0.55,1116.2750244140625,1203.949951171875,0.07854240652193525,0.001,0.07754240652193525,1.0,10,True,True
4,230,2017-02-06,230,2017-02-06,240,2017-02-20,0.58,0.55,1120.375,1251.0999755859375,0.1166796613508312,0.001,0.1156796613508312,1.0,10,True,False
4,231,2017-02-07,231,2017-02-07,241,2017-02-21,0.77,0.55,1122.300048828125,1232.675048828125,0.0983471399785205,0.001,0.0973471399785205,1.0,10,True,True
4,232,2017-02-08,232,2017-02-08,242,2017-02-22,0.565,0.55,1135.4749755859375,1205.75,0.061890421123370495,0.001,0.060890421123370495,1.0,10,True,True
4,233,2017-02-09,233,2017-02-09,243,2017-02-23,0.56,0.55,1158.6500244140625,1240.9000244140625,0.07098778601553511,0.001,0.06998778601553511,1.0,10,True,True
4,250,2017-03-07,250,2017-03-07,260,2017-03-22,0.55,0.55,1249.9000244140625,1239.4749755859375,-0.00834070615608807,0.001,-0.00934070615608807,1.0,10,False,False
4,256,2017-03-16,256,2017-03-16,266,2017-03-30,0.565,0.55,1260.449951171875,1220.5,-0.031694992042113554,0.001,-0.032694992042113555,1.0,10,False,True
4,259,2017-03-21,259,2017-03-21,269,2017-04-05,0.55,0.55,1243.3499755859375,1200.625,-0.03436279118902387,0.001,-0.03536279118902387,1.0,10,False,True
4,262,2017-03-24,262,2017-03-24,272,2017-04-10,0.72,0.55,1213.5999755859375,1211.125,-0.0020393668718908455,0.001,-0.0030393668718908455,1.0,10,False,False
4,265,2017-03-29,265,2017-03-29,275,2017-04-13,0.59,0.55,1222.300048828125,1164.324951171875,-0.04743115056882586,0.001,-0.04843115056882586,1.0,10,False,True
4,266,2017-03-30,266,2017-03-30,276,2017-04-17,0.6,0.55,1220.5,1157.425048828125,-0.05167959948535436,0.001,-0.05267959948535436,1.0,10,False,True
4,267,2017-03-31,267,2017-03-31,277,2017-04-18,0.605,0.55,1215.9000244140625,1154.4000244140625,-0.050579816403603255,0.001,-0.051579816403603256,1.0,10,False,True
4,269,2017-04-05,269,2017-04-05,279,2017-04-20,0.575,0.55,1200.625,1162.75,-0.03154606975533576,0.001,-0.03254606975533576,1.0,10,False,True
4,270,2017-04-06,270,2017-04-06,280,2017-04-21,0.645,0.55,1200.0250244140625,1155.4000244140625,-0.03718672452000665,0.001,-0.038186724520006654,1.0,10,False,True
4,271,2017-04-07,271,2017-04-07,281,2017-04-24,0.6,0.55,1214.5250244140625,1164.050048828125,-0.04155943646388738,0.001,-0.04255943646388738,1.0,10,False,True
4,272,2017-04-10,272,2017-04-10,282,2017-04-25,0.7,0.55,1211.125,1155.75,-0.04572195272989989,0.001,-0.04672195272989989,1.0,10,False,False
4,273,2017-04-11,273,2017-04-11,283,2017-04-26,0.69,0.55,1209.6500244140625,1155.175048828125,-0.04503366633859609,0.001,-0.04603366633859609,1.0,10,False,True
4,274,2017-04-12,274,2017-04-12,284,2017-04-27,0.635,0.55,1196.625,1151.324951171875,-0.037856512130471115,0.001,-0.038856512130471116,1.0,10,False,True
4,275,2017-04-13,275,2017-04-13,285,2017-04-28,0.695,0.55,1164.324951171875,1136.574951171875,-0.023833552628130195,0.001,-0.024833552628130195,1.0,10,False,True
4,276,2017-04-17,276,2017-04-17,286,2017-05-02,0.615,0.55,1157.425048828125,1144.949951171875,-0.010778320089824257,0.001,-0.011778320089824258,1.0,10,False,True
4,277,2017-04-18,277,2017-04-18,287,2017-05-03,0.64,0.55,1154.4000244140625,1168.6500244140625,0.012344074583013679,0.001,0.011344074583013678,1.0,10,True,True
4,278,2017-04-19,278,2017-04-19,288,2017-05-04,0.655,0.55,1149.574951171875,1165.050048828125,0.013461582161715257,0.001,0.012461582161715258,1.0,10,True,True
4,279,2017-04-20,279,2017-04-20,289,2017-05-05,0.69,0.55,1162.75,1160.25,-0.0021500752526338422,0.001,-0.0031500752526338422,1.0,10,False,True
4,280,2017-04-21,280,2017-04-21,290,2017-05-08,0.65,0.55,1155.4000244140625,1171.2249755859375,0.013696512755311998,0.001,0.012696512755311997,1.0,10,True,True
4,281,2017-04-24,281,2017-04-24,291,2017-05-09,0.62,0.55,1164.050048828125,1176.2750244140625,0.010502104783419454,0.001,0.009502104783419455,1.0,10,True,True
4,282,2017-04-25,282,2017-04-25,292,2017-05-10,0.675,0.55,1155.75,1166.2249755859375,0.009063357634382435,0.001,0.008063357634382436,1.0,10,True,False
4,283,2017-04-26,283,2017-04-26,293,2017-05-11,0.715,0.55,1155.175048828125,1174.7249755859375,0.0169237785889204,0.001,0.015923778588920398,1.0,10,True,True
4,284,2017-04-27,284,2017-04-27,294,2017-05-12,0.665,0.55,1151.324951171875,1180.324951171875,0.025188370989860313,0.001,0.024188370989860312,1.0,10,True,True
4,285,2017-04-28,285,2017-04-28,295,2017-05-15,0.69,0.55,1136.574951171875,1182.550048828125,0.04045056387073021,0.001,0.03945056387073021,1.0,10,True,True
4,286,2017-05-02,286,2017-05-02,296,2017-05-16,0.74,0.55,1144.949951171875,1214.574951171875,0.06081051833640211,0.001,0.05981051833640211,1.0,10,True,True
4,287,2017-05-03,287,2017-05-03,297,2017-05-17,0.605,0.55,1168.6500244140625,1227.675048828125,0.05050701508662224,0.001,0.04950701508662224,1.0,10,True,True
4,289,2017-05-05,289,2017-05-05,299,2017-05-19,0.58,0.55,1160.25,1253.574951171875,0.08043520893934497,0.001,0.07943520893934497,1.0,10,True,True
4,290,2017-05-08,290,2017-05-08,300,2017-05-22,0.555,0.55,1171.2249755859375,1265.675048828125,0.08064212701316095,0.001,0.07964212701316095,1.0,10,True,True
4,291,2017-05-09,291,2017-05-09,301,2017-05-23,0.61,0.55,1176.2750244140625,1260.8499755859375,0.07190066048882088,0.001,0.07090066048882088,1.0,10,True,True
4,293,2017-05-11,293,2017-05-11,303,2017-05-25,0.635,0.55,1174.7249755859375,1312.300048828125,0.11711258047745758,0.001,0.11611258047745758,1.0,10,True,False
4,316,2017-06-13,316,2017-06-13,326,2017-06-28,0.64,0.55,1225.7750244140625,1175.0250244140625,-0.04140237726271116,0.001,-0.04240237726271116,1.0,10,False,False
4,317,2017-06-14,317,2017-06-14,327,2017-06-29,0.55,0.55,1235.0999755859375,1166.625,-0.055440836320519424,0.001,-0.056440836320519425,1.0,10,False,True
4,318,2017-06-15,318,2017-06-15,328,2017-06-30,0.94,0.55,1205.5999755859375,1181.175048828125,-0.020259561423714913,0.001,-0.021259561423714914,1.0,10,False,True
4,319,2017-06-16,319,2017-06-16,329,2017-07-03,0.955,0.55,1199.8499755859375,1186.800048828125,-0.010876298723463048,0.001,-0.011876298723463047,1.0,10,False,True
4,320,2017-06-19,320,2017-06-19,330,2017-07-04,0.77,0.55,1215.8499755859375,1183.425048828125,-0.026668526059052976,0.001,-0.027668526059052977,1.0,10,False,True
4,321,2017-06-20,321,2017-06-20,331,2017-07-05,0.675,0.55,1222.5,1178.0,-0.03640081799591002,0.001,-0.037400817995910024,1.0,10,False,True
4,322,2017-06-21,322,2017-06-21,332,2017-07-06,0.845,0.55,1203.1500244140625,1173.7750244140625,-0.024415076593881722,0.001,-0.025415076593881723,1.0,10,False,True
4,323,2017-06-22,323,2017-06-22,333,2017-07-07,0.825,0.55,1197.425048828125,1165.9749755859375,-0.026264753082430092,0.001,-0.027264753082430093,1.0,10,False,True
4,324,2017-06-23,324,2017-06-23,334,2017-07-10,0.85,0.55,1180.8499755859375,1217.4749755859375,0.031015794349173512,0.001,0.03001579434917351,1.0,10,True,True
4,325,2017-06-27,325,2017-06-27,335,2017-07-11,0.78,0.55,1171.425048828125,1237.9000244140625,0.056747101022330035,0.001,0.055747101022330034,1.0,10,True,True
4,326,2017-06-28,326,2017-06-28,336,2017-07-12,0.685,0.55,1175.0250244140625,1219.7249755859375,0.03804170144730752,0.001,0.03704170144730752,1.0,10,True,False
4,327,2017-06-29,327,2017-06-29,337,2017-07-13,0.92,0.55,1166.625,1223.199951171875,0.048494547238294224,0.001,0.04749454723829422,1.0,10,True,True
4,328,2017-06-30,328,2017-06-30,338,2017-07-14,0.815,0.55,1181.175048828125,1198.7249755859375,0.014858023605581786,0.001,0.013858023605581787,1.0,10,True,True
4,329,2017-07-03,329,2017-07-03,339,2017-07-17,0.785,0.55,1186.800048828125,1197.7249755859375,0.009205364263845486,0.001,0.008205364263845487,1.0,10,True,True
4,330,2017-07-04,330,2017-07-04,340,2017-07-18,0.755,0.55,1183.425048828125,1204.175048828125,0.017533852287939557,0.001,0.016533852287939556,1.0,10,True,True
4,331,2017-07-05,331,2017-07-05,341,2017-07-19,0.625,0.55,1178.0,1224.800048828125,0.03972839459093803,0.001,0.03872839459093803,1.0,10,True,True
4,332,2017-07-06,332,2017-07-06,342,2017-07-20,0.75,0.55,1173.7750244140625,1222.3499755859375,0.04138352764502138,0.001,0.04038352764502138,1.0,10,True,True
4,333,2017-07-07,333,2017-07-07,343,2017-07-21,0.75,0.55,1165.9749755859375,1245.5999755859375,0.06829048793262998,0.001,0.06729048793262998,1.0,10,True,True
4,336,2017-07-12,336,2017-07-12,346,2017-07-26,0.68,0.55,1219.7249755859375,1278.0,0.04777718385742495,0.001,0.04677718385742495,1.0,10,True,False
4,337,2017-07-13,337,2017-07-13,347,2017-07-27,0.59,0.55,1223.199951171875,1240.8499755859375,0.01442938613360233,0.001,0.013429386133602329,1.0,10,True,True
4,339,2017-07-17,339,2017-07-17,349,2017-07-31,0.665,0.55,1197.7249755859375,1245.9000244140625,0.04022212929521433,0.001,0.03922212929521433,1.0,10,True,True
4,340,2017-07-18,340,2017-07-18,350,2017-08-01,0.565,0.55,1204.175048828125,1250.824951171875,0.03874013366175341,0.001,0.03774013366175341,1.0,10,True,True
4,342,2017-07-20,342,2017-07-20,352,2017-08-03,0.605,0.55,1222.3499755859375,1244.7249755859375,0.018304904852863003,0.001,0.017304904852863002,1.0,10,True,True
4,351,2017-08-02,351,2017-08-02,361,2017-08-17,0.605,0.55,1236.9000244140625,1242.824951171875,0.0047901420008615685,0.001,0.0037901420008615684,1.0,10,True,False
4,352,2017-08-03,352,2017-08-03,362,2017-08-18,0.58,0.55,1244.7249755859375,1256.9000244140625,0.009781316408786414,0.001,0.008781316408786415,1.0,10,True,True
4,359,2017-08-14,359,2017-08-14,369,2017-08-30,0.555,0.55,1234.699951171875,1242.2750244140625,0.006135153107439477,0.001,0.005135153107439477,1.0,10,True,True
4,369,2017-08-30,369,2017-08-30,379,2017-09-13,0.59,0.55,1242.2750244140625,1244.5999755859375,0.001871526937419995,0.001,0.000871526937419995,1.0,10,True,False
4,396,2017-10-09,396,2017-10-09,406,2017-10-24,0.56,0.55,1227.050048828125,1289.199951171875,0.05064985116385863,0.001,0.04964985116385863,1.0,10,True,False
4,397,2017-10-10,397,2017-10-10,407,2017-10-25,0.565,0.55,1229.625,1279.949951171875,0.040927072214597945,0.001,0.039927072214597945,1.0,10,True,True
4,428,2017-11-23,428,2017-11-23,438,2017-12-07,0.565,0.55,1340.625,1308.625,-0.02386946386946387,0.001,-0.02486946386946387,1.0,10,False,False
4,436,2017-12-05,436,2017-12-05,446,2017-12-19,0.585,0.55,1317.7750244140625,1287.6500244140625,-0.02286050307668779,0.001,-0.02386050307668779,1.0,10,False,True
4,438,2017-12-07,438,2017-12-07,448,2017-12-21,0.56,0.55,1308.625,1297.8499755859375,-0.008233851878164104,0.001,-0.009233851878164105,1.0,10,False,False
4,440,2017-12-11,440,2017-12-11,450,2017-12-26,0.645,0.55,1330.550048828125,1324.7249755859375,-0.004377943728849511,0.001,-0.005377943728849511,1.0,10,False,True
4,444,2017-12-15,444,2017-12-15,454,2018-01-01,0.575,0.55,1272.800048828125,1322.800048828125,0.03928346800900528,0.001,0.03828346800900528,1.0,10,True,True
4,448,2017-12-21,448,2017-12-21,458,2018-01-05,0.6,0.55,1297.8499755859375,1344.5999755859375,0.03602111251640921,0.001,0.03502111251640921,1.0,10,True,False
4,484,2018-02-14,484,2018-02-14,494,2018-02-28,0.72,0.55,1455.9000244140625,1517.5250244140625,0.042327769054610345,0.001,0.041327769054610344,1.0,10,True,False
4,485,2018-02-15,485,2018-02-15,495,2018-03-01,0.665,0.55,1462.925048828125,1518.8499755859375,0.03822815584613246,0.001,0.03722815584613246,1.0,10,True,True
4,486,2018-02-16,486,2018-02-16,496,2018-03-05,0.565,0.55,1466.5250244140625,1552.925048828125,0.058914797208170985,0.001,0.057914797208170984,1.0,10,True,True
4,487,2018-02-19,487,2018-02-19,497,2018-03-06,0.575,0.55,1461.800048828125,1521.4000244140625,0.04077163332544472,0.001,0.03977163332544472,1.0,10,True,True
4,488,2018-02-20,488,2018-02-20,498,2018-03-07,0.55,0.55,1472.375,1513.7249755859375,0.02808386150670685,0.001,0.02708386150670685,1.0,10,True,True
4,502,2018-03-13,502,2018-03-13,512,2018-03-27,0.67,0.55,1443.4000244140625,1423.8499755859375,-0.013544442633677519,0.001,-0.014544442633677518,1.0,10,False,False
4,503,2018-03-14,503,2018-03-14,513,2018-03-28,0.605,0.55,1443.449951171875,1424.574951171875,-0.013076310671302596,0.001,-0.014076310671302595,1.0,10,False,True
4,504,2018-03-15,504,2018-03-15,514,2018-04-02,0.64,0.55,1434.8499755859375,1454.824951171875,0.013921299038793578,0.001,0.012921299038793577,1.0,10,True,True
4,505,2018-03-16,505,2018-03-16,515,2018-04-03,0.865,0.55,1412.8499755859375,1455.625,0.03027570170450888,0.001,0.02927570170450888,1.0,10,True,True
4,506,2018-03-19,506,2018-03-19,516,2018-04-04,0.775,0.55,1415.5,1455.449951171875,0.0282232081751148,0.001,0.0272232081751148,1.0,10,True,True
4,507,2018-03-20,507,2018-03-20,517,2018-04-05,0.72,0.55,1432.425048828125,1478.9749755859375,0.03249728619022354,0.001,0.03149728619022354,1.0,10,True,True
4,508,2018-03-21,508,2018-03-21,518,2018-04-06,0.785,0.55,1428.375,1475.1500244140625,0.032747019805066946,0.001,0.031747019805066945,1.0,10,True,True
4,509,2018-03-22,509,2018-03-22,519,2018-04-09,0.69,0.55,1415.675048828125,1461.949951171875,0.03268751708385034,0.001,0.03168751708385034,1.0,10,True,True
4,510,2018-03-23,510,2018-03-23,520,2018-04-10,0.8,0.55,1409.074951171875,1468.800048828125,0.04238603319616097,0.001,0.04138603319616097,1.0,10,True,True
4,511,2018-03-26,511,2018-03-26,521,2018-04-11,0.74,0.55,1408.5,1507.074951171875,0.0699857658302272,0.001,0.0689857658302272,1.0,10,True,True
4,512,2018-03-27,512,2018-03-27,522,2018-04-12,0.72,0.55,1423.8499755859375,1569.625,0.1023808876732773,0.001,0.1013808876732773,1.0,10,True,False
4,513,2018-03-28,513,2018-03-28,523,2018-04-13,0.825,0.55,1424.574951171875,1576.6500244140625,0.10675119137612833,0.001,0.10575119137612833,1.0,10,True,True
4,514,2018-04-02,514,2018-04-02,524,2018-04-16,0.63,0.55,1454.824951171875,1593.824951171875,0.09554414081778995,0.001,0.09454414081778995,1.0,10,True,True
4,516,2018-04-04,516,2018-04-04,526,2018-04-18,0.6,0.55,1455.449951171875,1579.550048828125,0.08526579533451435,0.001,0.08426579533451435,1.0,10,True,True
4,517,2018-04-05,517,2018-04-05,527,2018-04-19,0.675,0.55,1478.9749755859375,1595.574951171875,0.0788383694860984,0.001,0.0778383694860984,1.0,10,True,True
4,518,2018-04-06,518,2018-04-06,528,2018-04-20,0.575,0.55,1475.1500244140625,1701.2249755859375,0.153255565488448,0.001,0.15225556548844799,1.0,10,True,True
4,547,2018-05-18,547,2018-05-18,557,2018-06-01,0.575,0.55,1751.0250244140625,1732.449951171875,-0.010608114095001692,0.001,-0.011608114095001693,1.0,10,False,False
4,580,2018-07-04,580,2018-07-04,590,2018-07-18,0.55,0.55,1866.1500244140625,2000.25,0.07185916128476459,0.001,0.07085916128476459,1.0,10,True,False
4,584,2018-07-10,584,2018-07-10,594,2018-07-24,0.55,0.55,1875.0999755859375,1999.0,0.0660764898017482,0.001,0.0650764898017482,1.0,10,True,True
4,599,2018-07-31,599,2018-07-31,609,2018-08-14,0.635,0.55,1940.199951171875,2003.550048828125,0.03265132421943766,0.001,0.03165132421943766,1.0,10,True,False
4,600,2018-08-01,600,2018-08-01,610,2018-08-16,0.585,0.55,1976.5,2008.5,0.016190235264356184,0.001,0.015190235264356183,1.0,10,True,True
4,601,2018-08-02,601,2018-08-02,611,2018-08-17,0.625,0.55,1948.4000244140625,2012.75,0.03302708621413065,0.001,0.03202708621413065,1.0,10,True,True
4,602,2018-08-03,602,2018-08-03,612,2018-08-20,0.56,0.55,1979.449951171875,2009.949951171875,0.015408320873151339,0.001,0.014408320873151338,1.0,10,True,True
4,605,2018-08-08,605,2018-08-08,615,2018-08-24,0.62,0.55,1974.0,2043.0,0.034954407294832825,0.001,0.033954407294832824,1.0,10,True,True
4,612,2018-08-20,612,2018-08-20,622,2018-09-04,0.57,0.55,2009.949951171875,2098.89990234375,0.044254808991643746,0.001,0.043254808991643745,1.0,10,True,False
4,615,2018-08-24,615,2018-08-24,625,2018-09-07,0.57,0.55,2043.0,2079.85009765625,0.018037247996206558,0.001,0.017037247996206557,1.0,10,True,True
4,616,2018-08-27,616,2018-08-27,626,2018-09-10,0.56,0.55,2050.89990234375,2080.75,0.014554634100931779,0.001,0.01355463410093178,1.0,10,True,True
4,617,2018-08-28,617,2018-08-28,627,2018-09-11,0.66,0.55,2069.199951171875,2046.25,-0.01109121965660084,0.001,-0.01209121965660084,1.0,10,False,True
4,619,2018-08-30,619,2018-08-30,629,2018-09-14,0.67,0.55,2082.39990234375,2065.39990234375,-0.008163657701321646,0.001,-0.009163657701321645,1.0,10,False,True
4,645,2018-10-10,645,2018-10-10,655,2018-10-25,0.56,0.55,2043.5999755859375,1853.0,-0.09326677327410371,0.001,-0.09426677327410371,1.0,10,False,False
4,646,2018-10-11,646,2018-10-11,656,2018-10-26,0.69,0.55,1979.949951171875,1799.0999755859375,-0.0913406803434085,0.001,-0.0923406803434085,1.0,10,False,True
4,647,2018-10-12,647,2018-10-12,657,2018-10-29,0.79,0.55,1918.300048828125,1871.0,-0.024657273431765922,0.001,-0.025657273431765923,1.0,10,False,True
4,648,2018-10-15,648,2018-10-15,658,2018-10-30,0.76,0.55,1949.5,1894.800048828125,-0.02805845148595794,0.001,-0.02905845148595794,1.0,10,False,True
4,649,2018-10-16,649,2018-10-16,659,2018-10-31,0.82,0.55,1962.300048828125,1938.1500244140625,-0.012306998834599615,0.001,-0.013306998834599616,1.0,10,False,True
4,650,2018-10-17,650,2018-10-17,660,2018-11-01,0.855,0.55,1929.4000244140625,1935.75,0.0032911659093950293,0.001,0.0022911659093950293,1.0,10,True,True
4,651,2018-10-19,651,2018-10-19,661,2018-11-02,0.87,0.55,1913.199951171875,1913.449951171875,0.00013067113024274843,0.001,-0.0008693288697572516,1.0,10,False,True
4,652,2018-10-22,652,2018-10-22,662,2018-11-05,0.78,0.55,1903.0,1890.8499755859375,-0.0063846686358709935,0.001,-0.0073846686358709935,1.0,10,False,True
4,653,2018-10-23,653,2018-10-23,663,2018-11-06,0.78,0.55,1843.6500244140625,1932.699951171875,0.04830088442957811,0.001,0.04730088442957811,1.0,10,True,True
4,654,2018-10-24,654,2018-10-24,664,2018-11-07,0.8,0.55,1848.5,1942.1500244140625,0.05066271269356911,0.001,0.04966271269356911,1.0,10,True,True
4,655,2018-10-25,655,2018-10-25,665,2018-11-09,0.815,0.55,1853.0,1909.199951171875,0.03032916954769293,0.001,0.029329169547692928,1.0,10,True,False
4,656,2018-10-26,656,2018-10-26,666,2018-11-12,0.77,0.55,1799.0999755859375,1914.8499755859375,0.06433772529083723,0.001,0.06333772529083723,1.0,10,True,True
4,657,2018-10-29,657,2018-10-29,667,2018-11-13,0.755,0.55,1871.0,1934.949951171875,0.03417955701329503,0.001,0.03317955701329503,1.0,10,True,True
4,658,2018-10-30,658,2018-10-30,668,2018-11-14,0.725,0.55,1894.800048828125,1880.6500244140625,-0.0074678193209958225,0.001,-0.008467819320995822,1.0,10,False,True
4,659,2018-10-31,659,2018-10-31,669,2018-11-15,0.605,0.55,1938.1500244140625,1872.8499755859375,-0.033691947478558255,0.001,-0.034691947478558256,1.0,10,False,True
4,660,2018-11-01,660,2018-11-01,670,2018-11-16,0.595,0.55,1935.75,1886.5999755859375,-0.025390688060990572,0.001,-0.026390688060990573,1.0,10,False,True
4,661,2018-11-02,661,2018-11-02,671,2018-11-19,0.635,0.55,1913.449951171875,1902.449951171875,-0.0057487785312927316,0.001,-0.006748778531292732,1.0,10,False,True
4,662,2018-11-05,662,2018-11-05,672,2018-11-20,0.655,0.55,1890.8499755859375,1878.25,-0.006663656952494612,0.001,-0.007663656952494612,1.0,10,False,True
4,665,2018-11-09,665,2018-11-09,675,2018-11-26,0.59,0.55,1909.199951171875,1846.0999755859375,-0.033050480410502035,0.001,-0.034050480410502036,1.0,10,False,False
4,668,2018-11-14,668,2018-11-14,678,2018-11-29,0.565,0.55,1880.6500244140625,1960.550048828125,0.04248532335991448,0.001,0.04148532335991448,1.0,10,True,True
4,673,2018-11-21,673,2018-11-21,683,2018-12-06,0.71,0.55,1812.0,1992.699951171875,0.09972403486306568,0.001,0.09872403486306568,1.0,10,True,True
4,674,2018-11-22,674,2018-11-22,684,2018-12-07,0.715,0.55,1812.550048828125,1995.199951171875,0.10076957734868582,0.001,0.09976957734868581,1.0,10,True,True
4,692,2018-12-19,692,2018-12-19,702,2019-01-03,0.565,0.55,1968.449951171875,1899.949951171875,-0.034798954354526505,0.001,-0.035798954354526506,1.0,10,False,False
4,694,2018-12-21,694,2018-12-21,704,2019-01-07,0.67,0.55,1895.800048828125,1897.9000244140625,0.0011076988774399413,0.001,0.00010769887743994127,1.0,10,True,True
4,695,2018-12-24,695,2018-12-24,705,2019-01-08,0.65,0.55,1918.5,1893.550048828125,-0.01300492633405004,0.001,-0.014004926334050039,1.0,10,False,True
4,696,2018-12-26,696,2018-12-26,706,2019-01-09,0.685,0.55,1889.199951171875,1886.949951171875,-0.0011909803399075465,0.001,-0.0021909803399075465,1.0,10,False,True
4,697,2018-12-27,697,2018-12-27,707,2019-01-10,0.575,0.55,1908.949951171875,1888.550048828125,-0.010686452167709694,0.001,-0.011686452167709693,1.0,10,False,True
4,698,2018-12-28,698,2018-12-28,708,2019-01-11,0.595,0.55,1896.050048828125,1842.550048828125,-0.028216554743935307,0.001,-0.029216554743935308,1.0,10,False,True
4,699,2018-12-31,699,2018-12-31,709,2019-01-14,0.555,0.55,1893.050048828125,1813.25,-0.04215422031632205,0.001,-0.04315422031632205,1.0,10,False,True
4,700,2019-01-01,700,2019-01-01,710,2019-01-15,0.57,0.55,1902.800048828125,1867.800048828125,-0.018393945292126415,0.001,-0.019393945292126416,1.0,10,False,True
4,701,2019-01-02,701,2019-01-02,711,2019-01-16,0.59,0.55,1923.300048828125,1870.1500244140625,-0.027634806356110184,0.001,-0.028634806356110185,1.0,10,False,True
4,702,2019-01-03,702,2019-01-03,712,2019-01-17,0.575,0.55,1899.949951171875,1894.300048828125,-0.0029737111444778754,0.001,-0.003973711144477875,1.0,10,False,False
4,703,2019-01-04,703,2019-01-04,713,2019-01-18,0.67,0.55,1876.8499755859375,1900.6500244140625,0.012680847770315161,0.001,0.01168084777031516,1.0,10,True,True
4,704,2019-01-07,704,2019-01-07,714,2019-01-21,0.62,0.55,1897.9000244140625,1908.699951171875,0.005690461361971242,0.001,0.004690461361971242,1.0,10,True,True
4,705,2019-01-08,705,2019-01-08,715,2019-01-22,0.61,0.55,1893.550048828125,1901.9000244140625,0.004409693628697646,0.001,0.003409693628697646,1.0,10,True,True
4,706,2019-01-09,706,2019-01-09,716,2019-01-23,0.55,0.55,1886.949951171875,1875.5999755859375,-0.006014984964963533,0.001,-0.007014984964963533,1.0,10,False,True
4,708,2019-01-11,708,2019-01-11,718,2019-01-25,0.685,0.55,1842.550048828125,1920.800048828125,0.04246831723771496,0.001,0.041468317237714956,1.0,10,True,True
4,709,2019-01-14,709,2019-01-14,719,2019-01-28,0.84,0.55,1813.25,1955.0,0.07817454846270509,0.001,0.07717454846270509,1.0,10,True,True
4,710,2019-01-15,710,2019-01-15,720,2019-01-29,0.57,0.55,1867.800048828125,1982.75,0.06154296400409437,0.001,0.06054296400409437,1.0,10,True,True
4,711,2019-01-16,711,2019-01-16,721,2019-01-30,0.595,0.55,1870.1500244140625,1981.4000244140625,0.059487206131954996,0.001,0.058487206131954995,1.0,10,True,True
4,712,2019-01-17,712,2019-01-17,722,2019-01-31,0.635,0.55,1894.300048828125,2014.0999755859375,0.06324231836024319,0.001,0.06224231836024319,1.0,10,True,False
4,713,2019-01-18,713,2019-01-18,723,2019-02-01,0.63,0.55,1900.6500244140625,2029.949951171875,0.06802931896821637,0.001,0.06702931896821637,1.0,10,True,True
4,716,2019-01-23,716,2019-01-23,726,2019-02-06,0.565,0.55,1875.5999755859375,2074.800048828125,0.10620605450794879,0.001,0.10520605450794879,1.0,10,True,True
4,733,2019-02-18,733,2019-02-18,743,2019-03-05,0.62,0.55,1970.300048828125,1988.0999755859375,0.009034119837940094,0.001,0.008034119837940095,1.0,10,True,False
4,734,2019-02-19,734,2019-02-19,744,2019-03-06,0.68,0.55,1904.800048828125,1999.5999755859375,0.04976896489273796,0.001,0.04876896489273796,1.0,10,True,True
4,736,2019-02-21,736,2019-02-21,746,2019-03-08,0.665,0.55,1914.199951171875,2022.699951171875,0.056681643907459195,0.001,0.055681643907459194,1.0,10,True,True
4,737,2019-02-22,737,2019-02-22,747,2019-03-11,0.68,0.55,1925.6500244140625,2014.800048828125,0.046296067968627425,0.001,0.045296067968627424,1.0,10,True,True
4,738,2019-02-25,738,2019-02-25,748,2019-03-12,0.585,0.55,1985.1500244140625,2012.449951171875,0.013752072348219804,0.001,0.012752072348219803,1.0,10,True,True
4,741,2019-02-28,741,2019-02-28,751,2019-03-15,0.71,0.55,1983.449951171875,2039.949951171875,0.028485720028689557,0.001,0.027485720028689556,1.0,10,True,True
4,742,2019-03-01,742,2019-03-01,752,2019-03-18,0.56,0.55,1995.4000244140625,2022.800048828125,0.013731594707235888,0.001,0.012731594707235887,1.0,10,True,True
4,743,2019-03-05,743,2019-03-05,753,2019-03-19,0.58,0.55,1988.0999755859375,2022.800048828125,0.01745388746456808,0.001,0.01645388746456808,1.0,10,True,False
4,747,2019-03-11,747,2019-03-11,757,2019-03-26,0.595,0.55,2014.800048828125,1982.6500244140625,-0.015956930531524468,0.001,-0.01695693053152447,1.0,10,False,True
4,749,2019-03-13,749,2019-03-13,759,2019-03-28,0.555,0.55,2000.5,2000.300048828125,-9.995059828792802e-05,0.001,-0.001099950598287928,1.0,10,False,True
4,750,2019-03-14,750,2019-03-14,760,2019-04-01,0.56,0.55,1987.4000244140625,2031.6500244140625,0.02226527093509826,0.001,0.02126527093509826,1.0,10,True,True
4,756,2019-03-25,756,2019-03-25,766,2019-04-09,0.575,0.55,1984.25,2091.5,0.05405064885977069,0.001,0.05305064885977069,1.0,10,True,False
4,758,2019-03-27,758,2019-03-27,768,2019-04-11,0.595,0.55,1967.9000244140625,2019.5,0.02622083182365998,0.001,0.02522083182365998,1.0,10,True,True
4,760,2019-04-01,760,2019-04-01,770,2019-04-15,0.55,0.55,2031.6500244140625,2113.300048828125,0.04018902046754374,0.001,0.03918902046754374,1.0,10,True,True
4,763,2019-04-04,763,2019-04-04,773,2019-04-22,0.57,0.55,2014.5,2161.449951171875,0.07294611624317449,0.001,0.07194611624317448,1.0,10,True,True
4,794,2019-05-23,794,2019-05-23,804,2019-06-07,0.61,0.55,2054.050048828125,2181.75,0.06216983429626278,0.001,0.06116983429626278,1.0,10,True,False
4,795,2019-05-24,795,2019-05-24,805,2019-06-10,0.665,0.55,2048.0,2231.5,0.089599609375,0.001,0.088599609375,1.0,10,True,True
4,796,2019-05-27,796,2019-05-27,806,2019-06-11,0.595,0.55,2055.14990234375,2252.800048828125,0.09617310457936391,0.001,0.09517310457936391,1.0,10,True,True
4,824,2019-07-05,824,2019-07-05,834,2019-07-19,0.61,0.55,2163.10009765625,2076.949951171875,-0.03982716591697255,0.001,-0.04082716591697255,1.0,10,False,False
4,827,2019-07-10,827,2019-07-10,837,2019-07-24,0.56,0.55,2108.199951171875,2096.800048828125,-0.005407410401187606,0.001,-0.006407410401187606,1.0,10,False,True
4,831,2019-07-16,831,2019-07-16,841,2019-07-30,0.555,0.55,2106.0,2179.14990234375,0.034734046696937325,0.001,0.033734046696937324,1.0,10,True,True
4,833,2019-07-18,833,2019-07-18,843,2019-08-01,0.77,0.55,2065.949951171875,2180.050048828125,0.05522887792684845,0.001,0.05422887792684845,1.0,10,True,True
4,834,2019-07-19,834,2019-07-19,843,2019-08-01,0.6,0.55,2076.949951171875,2180.050048828125,0.06179739554332119,0.001,0.06079739554332119,1.0,10,True,False
5,0,2019-08-02,0,2019-08-02,10,2019-08-20,0.585,0.55,2205.300048828125,2186.75,-0.008411575938604053,0.001,-0.009411575938604054,1.0,10,False,False
5,28,2019-09-17,28,2019-09-17,38,2019-10-01,0.625,0.55,2122.64990234375,2059.949951171875,-0.029538526868064338,0.001,-0.03053852686806434,1.0,10,False,False
5,30,2019-09-19,30,2019-09-19,40,2019-10-04,0.575,0.55,2101.949951171875,2079.35009765625,-0.01075185139542698,0.001,-0.01175185139542698,1.0,10,False,True
5,31,2019-09-20,31,2019-09-20,41,2019-10-07,0.67,0.55,2065.449951171875,2047.699951171875,-0.00859376911550395,0.001,-0.009593769115503949,1.0,10,False,True
5,32,2019-09-23,32,2019-09-23,42,2019-10-09,0.695,0.55,2015.800048828125,2020.0999755859375,0.0021331117440503288,0.001,0.0011331117440503287,1.0,10,True,True
5,33,2019-09-24,33,2019-09-24,43,2019-10-10,0.745,0.55,2044.699951171875,2004.449951171875,-0.019685039840164124,0.001,-0.020685039840164125,1.0,10,False,True
5,34,2019-09-25,34,2019-09-25,44,2019-10-11,0.68,0.55,2088.449951171875,1986.8499755859375,-0.04864850868412122,0.001,-0.04964850868412122,1.0,10,False,True
5,35,2019-09-26,35,2019-09-26,45,2019-10-14,0.73,0.55,2087.60009765625,2021.0,-0.03190270863228162,0.001,-0.03290270863228162,1.0,10,False,True
5,36,2019-09-27,36,2019-09-27,46,2019-10-15,0.705,0.55,2056.14990234375,2037.300048828125,-0.009167548287281273,0.001,-0.010167548287281274,1.0,10,False,True
5,37,2019-09-30,37,2019-09-30,47,2019-10-16,0.665,0.55,2099.300048828125,2046.4000244140625,-0.025198886859261707,0.001,-0.026198886859261708,1.0,10,False,True
5,38,2019-10-01,38,2019-10-01,48,2019-10-17,0.62,0.55,2059.949951171875,2030.949951171875,-0.014078011935922195,0.001,-0.015078011935922196,1.0,10,False,False
5,39,2019-10-03,39,2019-10-03,49,2019-10-18,0.67,0.55,2060.25,2057.35009765625,-0.0014075487653197427,0.001,-0.0024075487653197427,1.0,10,False,True
5,40,2019-10-04,40,2019-10-04,50,2019-10-22,0.725,0.55,2079.35009765625,2051.39990234375,-0.013441793829718336,0.001,-0.014441793829718337,1.0,10,False,True
5,41,2019-10-07,41,2019-10-07,51,2019-10-23,0.715,0.55,2047.699951171875,2070.10009765625,0.010939174204480326,0.001,0.009939174204480327,1.0,10,True,True
5,42,2019-10-09,42,2019-10-09,52,2019-10-24,0.69,0.55,2020.0999755859375,2082.0,0.03064205987929294,0.001,0.02964205987929294,1.0,10,True,True
5,43,2019-10-10,43,2019-10-10,53,2019-10-25,0.675,0.55,2004.449951171875,2124.949951171875,0.06011624282739077,0.001,0.059116242827390766,1.0,10,True,True
5,44,2019-10-11,44,2019-10-11,54,2019-10-27,0.655,0.55,1986.8499755859375,2115.699951171875,0.06485138645052385,0.001,0.06385138645052385,1.0,10,True,True
5,45,2019-10-14,45,2019-10-14,55,2019-10-29,0.58,0.55,2021.0,2194.85009765625,0.08602181972105394,0.001,0.08502181972105394,1.0,10,True,True
5,46,2019-10-15,46,2019-10-15,56,2019-10-30,0.57,0.55,2037.300048828125,2252.800048828125,0.10577725167383062,0.001,0.10477725167383062,1.0,10,True,True
5,47,2019-10-16,47,2019-10-16,57,2019-10-31,0.65,0.55,2046.4000244140625,2269.64990234375,0.10909395781189445,0.001,0.10809395781189444,1.0,10,True,True
5,48,2019-10-17,48,2019-10-17,58,2019-11-01,0.65,0.55,2030.949951171875,2200.89990234375,0.0836800291773869,0.001,0.0826800291773869,1.0,10,True,False
5,49,2019-10-18,49,2019-10-18,59,2019-11-04,0.65,0.55,2057.35009765625,2193.949951171875,0.06639601770804136,0.001,0.06539601770804136,1.0,10,True,True
5,51,2019-10-23,51,2019-10-23,61,2019-11-06,0.57,0.55,2070.10009765625,2188.5,0.05719525470183851,0.001,0.05619525470183851,1.0,10,True,True
5,52,2019-10-24,52,2019-10-24,62,2019-11-07,0.615,0.55,2082.0,2185.35009765625,0.04963981635746878,0.001,0.04863981635746878,1.0,10,True,True
5,70,2019-11-20,70,2019-11-20,80,2019-12-04,0.72,0.55,2108.550048828125,2078.5,-0.014251522673045396,0.001,-0.015251522673045397,1.0,10,False,False
5,71,2019-11-21,71,2019-11-21,81,2019-12-05,0.62,0.55,2118.10009765625,2121.300048828125,0.0015107648479011238,0.001,0.0005107648479011238,1.0,10,True,True
5,72,2019-11-22,72,2019-11-22,82,2019-12-06,0.73,0.55,2071.699951171875,2123.60009765625,0.025051961050159426,0.001,0.024051961050159425,1.0,10,True,True
5,73,2019-11-25,73,2019-11-25,83,2019-12-09,0.63,0.55,2081.5,2060.449951171875,-0.010112922809572423,0.001,-0.011112922809572424,1.0,10,False,True
5,74,2019-11-26,74,2019-11-26,84,2019-12-10,0.805,0.55,2046.6500244140625,2012.8499755859375,-0.016514816126319228,0.001,-0.01751481612631923,1.0,10,False,True
5,75,2019-11-27,75,2019-11-27,85,2019-12-11,0.785,0.55,2054.300048828125,2041.9000244140625,-0.006036131100291844,0.001,-0.007036131100291844,1.0,10,False,True
5,76,2019-11-28,76,2019-11-28,86,2019-12-12,0.675,0.55,2077.35009765625,2020.9000244140625,-0.027174077834004363,0.001,-0.028174077834004364,1.0,10,False,True
5,77,2019-11-29,77,2019-11-29,87,2019-12-13,0.615,0.55,2053.25,2071.25,0.00876658955314745,0.001,0.00776658955314745,1.0,10,True,True
5,78,2019-12-02,78,2019-12-02,88,2019-12-16,0.73,0.55,2021.050048828125,2126.75,0.05229952184170971,0.001,0.05129952184170971,1.0,10,True,True
5,79,2019-12-03,79,2019-12-03,89,2019-12-17,0.79,0.55,2051.0,2164.949951171875,0.05555824045435154,0.001,0.054558240454351536,1.0,10,True,True
5,80,2019-12-04,80,2019-12-04,90,2019-12-18,0.725,0.55,2078.5,2167.75,0.04293961991821025,0.001,0.04193961991821025,1.0,10,True,False
5,81,2019-12-05,81,2019-12-05,91,2019-12-19,0.63,0.55,2121.300048828125,2229.050048828125,0.050794323065954106,0.001,0.049794323065954105,1.0,10,True,True
5,82,2019-12-06,82,2019-12-06,92,2019-12-20,0.57,0.55,2123.60009765625,2222.89990234375,0.046760124374214354,0.001,0.04576012437421435,1.0,10,True,True
5,83,2019-12-09,83,2019-12-09,93,2019-12-23,0.61,0.55,2060.449951171875,2231.699951171875,0.08311291419750431,0.001,0.08211291419750431,1.0,10,True,True
5,84,2019-12-10,84,2019-12-10,94,2019-12-24,0.7,0.55,2012.8499755859375,2215.60009765625,0.1007278855997662,0.001,0.0997278855997662,1.0,10,True,True
5,85,2019-12-11,85,2019-12-11,95,2019-12-26,0.665,0.55,2041.9000244140625,2201.949951171875,0.07838284188460204,0.001,0.07738284188460204,1.0,10,True,True
5,86,2019-12-12,86,2019-12-12,96,2019-12-27,0.625,0.55,2020.9000244140625,2198.5,0.08788162375198676,0.001,0.08688162375198676,1.0,10,True,True
5,87,2019-12-13,87,2019-12-13,97,2019-12-30,0.63,0.55,2071.25,2183.199951171875,0.05404946345051297,0.001,0.05304946345051297,1.0,10,True,True
5,88,2019-12-16,88,2019-12-16,98,2019-12-31,0.65,0.55,2126.75,2161.699951171875,0.016433502373045725,0.001,0.015433502373045725,1.0,10,True,True
5,89,2019-12-17,89,2019-12-17,99,2020-01-01,0.695,0.55,2164.949951171875,2167.60009765625,0.001224114434119131,0.001,0.00022411443411913092,1.0,10,True,True
5,90,2019-12-18,90,2019-12-18,100,2020-01-02,0.62,0.55,2167.75,2157.64990234375,-0.004659253906700496,0.001,-0.005659253906700496,1.0,10,False,False
5,91,2019-12-19,91,2019-12-19,101,2020-01-03,0.55,0.55,2229.050048828125,2200.64990234375,-0.012740919163885873,0.001,-0.013740919163885874,1.0,10,False,True
5,121,2020-01-31,121,2020-01-31,131,2020-02-14,0.63,0.55,2079.050048828125,2184.199951171875,0.05057593606417444,0.001,0.04957593606417444,1.0,10,True,False
5,122,2020-02-03,122,2020-02-03,132,2020-02-17,0.575,0.55,2102.5,2203.25,0.047919143876337694,0.001,0.04691914387633769,1.0,10,True,True
5,123,2020-02-04,123,2020-02-04,133,2020-02-18,0.62,0.55,2107.75,2215.75,0.05123947337207923,0.001,0.05023947337207923,1.0,10,True,True
5,124,2020-02-05,124,2020-02-05,134,2020-02-19,0.6,0.55,2146.550048828125,2196.35009765625,0.02320004085407305,0.001,0.02220004085407305,1.0,10,True,True
5,126,2020-02-07,126,2020-02-07,136,2020-02-24,0.615,0.55,2136.550048828125,2115.35009765625,-0.009922515591667487,0.001,-0.010922515591667487,1.0,10,False,True
5,127,2020-02-10,127,2020-02-10,137,2020-02-25,0.58,0.55,2161.949951171875,2156.14990234375,-0.002682785891958836,0.001,-0.003682785891958836,1.0,10,False,True
5,130,2020-02-13,130,2020-02-13,140,2020-02-28,0.625,0.55,2191.949951171875,2000.1500244140625,-0.08750196447472312,0.001,-0.08850196447472312,1.0,10,False,True
5,140,2020-02-28,140,2020-02-28,150,2020-03-16,0.715,0.55,2000.1500244140625,1696.4000244140625,-0.15186360837556803,0.001,-0.15286360837556803,1.0,10,False,False
5,141,2020-03-02,141,2020-03-02,151,2020-03-17,0.865,0.55,2001.300048828125,1658.0,-0.17153852018798815,0.001,-0.17253852018798815,1.0,10,False,True
5,142,2020-03-03,142,2020-03-03,152,2020-03-18,0.69,0.55,2036.199951171875,1654.4000244140625,-0.18750610741252538,0.001,-0.18850610741252538,1.0,10,False,True
5,146,2020-03-09,146,2020-03-09,156,2020-03-24,0.625,0.55,1972.3499755859375,1703.1500244140625,-0.13648690876572359,0.001,-0.1374869087657236,1.0,10,False,True
5,147,2020-03-11,147,2020-03-11,157,2020-03-25,0.695,0.55,1953.699951171875,1750.300048828125,-0.1041101025885505,0.001,-0.1051101025885505,1.0,10,False,True
5,148,2020-03-12,148,2020-03-12,158,2020-03-26,0.72,0.55,1769.8499755859375,1790.949951171875,0.011921900656552548,0.001,0.010921900656552547,1.0,10,True,True
5,149,2020-03-13,149,2020-03-13,159,2020-03-27,0.555,0.55,1806.300048828125,1824.5,0.010075818346837006,0.001,0.009075818346837006,1.0,10,True,True
5,150,2020-03-16,150,2020-03-16,160,2020-03-30,0.68,0.55,1696.4000244140625,1778.5,0.04839658948619437,0.001,0.04739658948619437,1.0,10,True,False
5,151,2020-03-17,151,2020-03-17,161,2020-03-31,0.62,0.55,1658.0,1826.0999755859375,0.10138719878524578,0.001,0.10038719878524578,1.0,10,True,True
5,152,2020-03-18,152,2020-03-18,162,2020-04-01,0.685,0.55,1654.4000244140625,1708.75,0.032851773926433896,0.001,0.031851773926433895,1.0,10,True,True
5,153,2020-03-19,153,2020-03-19,163,2020-04-03,0.575,0.55,1636.3499755859375,1654.199951171875,0.010908409479791053,0.001,0.009908409479791054,1.0,10,True,True
5,162,2020-04-01,162,2020-04-01,172,2020-04-21,0.575,0.55,1708.75,1737.6500244140625,0.016912962349122165,0.001,0.015912962349122164,1.0,10,True,False
5,163,2020-04-03,163,2020-04-03,173,2020-04-22,0.59,0.55,1654.199951171875,1769.5,0.06970139779441033,0.001,0.06870139779441033,1.0,10,True,True
5,165,2020-04-08,165,2020-04-08,175,2020-04-24,0.55,0.55,1705.449951171875,1818.550048828125,0.06631686704059238,0.001,0.06531686704059238,1.0,10,True,True
5,171,2020-04-20,171,2020-04-20,181,2020-05-05,0.605,0.55,1818.6500244140625,1932.75,0.06273883048097642,0.001,0.06173883048097642,1.0,10,True,True
5,177,2020-04-28,177,2020-04-28,187,2020-05-13,0.645,0.55,1859.050048828125,1949.6500244140625,0.04873455431877603,0.001,0.04773455431877603,1.0,10,True,False
5,184,2020-05-08,184,2020-05-08,194,2020-05-22,0.575,0.55,1893.4000244140625,2020.3499755859375,0.06704866881532937,0.001,0.06604866881532936,1.0,10,True,True
5,187,2020-05-13,187,2020-05-13,197,2020-05-28,0.55,0.55,1949.6500244140625,2004.300048828125,0.028030684343199868,0.001,0.027030684343199867,1.0,10,True,False
5,189,2020-05-15,189,2020-05-15,199,2020-06-01,0.56,0.55,1892.9000244140625,2045.25,0.08048495621584487,0.001,0.07948495621584487,1.0,10,True,True
5,193,2020-05-21,193,2020-05-21,203,2020-06-05,0.615,0.55,1991.199951171875,2048.25,0.02865108990915227,0.001,0.027651089909152268,1.0,10,True,True
5,195,2020-05-26,195,2020-05-26,205,2020-06-09,0.605,0.55,1943.0,2072.050048828125,0.06641793557803655,0.001,0.06541793557803655,1.0,10,True,True
5,196,2020-05-27,196,2020-05-27,206,2020-06-10,0.655,0.55,2005.300048828125,2108.75,0.051588265423087185,0.001,0.050588265423087184,1.0,10,True,True
5,197,2020-05-28,197,2020-05-28,207,2020-06-11,0.59,0.55,2004.300048828125,2067.64990234375,0.03160697099851113,0.001,0.030606970998511132,1.0,10,True,False
5,199,2020-06-01,199,2020-06-01,209,2020-06-15,0.575,0.55,2045.25,2029.9000244140625,-0.007505183026983254,0.001,-0.008505183026983254,1.0,10,False,True
5,200,2020-06-02,200,2020-06-02,210,2020-06-16,0.64,0.55,2047.1500244140625,2045.800048828125,-0.000659441452672181,0.001,-0.001659441452672181,1.0,10,False,True
5,210,2020-06-16,210,2020-06-16,220,2020-06-30,0.55,0.55,2045.800048828125,2082.14990234375,0.017768038248140095,0.001,0.016768038248140094,1.0,10,True,False
5,211,2020-06-17,211,2020-06-17,221,2020-07-01,0.57,0.55,2047.800048828125,2092.050048828125,0.02160855500776188,0.001,0.02060855500776188,1.0,10,True,True
5,212,2020-06-18,212,2020-06-18,222,2020-07-02,0.69,0.55,2038.0999755859375,2157.14990234375,0.058412211463565025,0.001,0.057412211463565024,1.0,10,True,True
5,213,2020-06-19,213,2020-06-19,223,2020-07-03,0.56,0.55,2044.5999755859375,2199.64990234375,0.07583386902534742,0.001,0.07483386902534742,1.0,10,True,True
5,214,2020-06-22,214,2020-06-22,224,2020-07-06,0.81,0.55,2027.949951171875,2263.199951171875,0.11600384904176653,0.001,0.11500384904176653,1.0,10,True,True
5,215,2020-06-23,215,2020-06-23,225,2020-07-07,0.645,0.55,2035.300048828125,2269.89990234375,0.11526548807911725,0.001,0.11426548807911725,1.0,10,True,True
5,216,2020-06-24,216,2020-06-24,226,2020-07-08,0.715,0.55,2042.199951171875,2218.89990234375,0.08652431465904174,0.001,0.08552431465904174,1.0,10,True,True
5,217,2020-06-25,217,2020-06-25,227,2020-07-09,0.755,0.55,2016.0999755859375,2204.35009765625,0.09337340625461865,0.001,0.09237340625461865,1.0,10,True,True
5,220,2020-06-30,220,2020-06-30,230,2020-07-14,0.575,0.55,2082.14990234375,2171.949951171875,0.04312852245990672,0.001,0.04212852245990672,1.0,10,True,False
5,221,2020-07-01,221,2020-07-01,231,2020-07-15,0.615,0.55,2092.050048828125,2233.89990234375,0.06780423517835202,0.001,0.06680423517835202,1.0,10,True,True
5,236,2020-07-22,236,2020-07-22,246,2020-08-05,0.55,0.55,2190.949951171875,2259.5,0.03128782051432055,0.001,0.03028782051432055,1.0,10,True,False
5,238,2020-07-24,238,2020-07-24,248,2020-08-07,0.56,0.55,2157.39990234375,2295.35009765625,0.06394280224201089,0.001,0.06294280224201089,1.0,10,True,True
5,239,2020-07-27,239,2020-07-27,249,2020-08-10,0.59,0.55,2206.800048828125,2282.800048828125,0.03443900594453866,0.001,0.033439005944538656,1.0,10,True,True
5,245,2020-08-04,245,2020-08-04,255,2020-08-18,0.57,0.55,2249.699951171875,2269.75,0.008912321315418473,0.001,0.007912321315418473,1.0,10,True,True
5,246,2020-08-05,246,2020-08-05,256,2020-08-19,0.625,0.55,2259.5,2256.60009765625,-0.001283426573910157,0.001,-0.002283426573910157,1.0,10,False,False
5,247,2020-08-06,247,2020-08-06,257,2020-08-20,0.625,0.55,2308.10009765625,2252.85009765625,-0.023937436706537713,0.001,-0.024937436706537714,1.0,10,False,True
5,248,2020-08-07,248,2020-08-07,258,2020-08-21,0.58,0.55,2295.35009765625,2248.60009765625,-0.020367263385108778,0.001,-0.02136726338510878,1.0,10,False,True
5,249,2020-08-10,249,2020-08-10,259,2020-08-24,0.63,0.55,2282.800048828125,2248.10009765625,-0.015200609089564464,0.001,-0.016200609089564465,1.0,10,False,True
5,250,2020-08-11,250,2020-08-11,260,2020-08-25,0.59,0.55,2279.89990234375,2242.64990234375,-0.016338436596144763,0.001,-0.017338436596144764,1.0,10,False,True
5,251,2020-08-12,251,2020-08-12,261,2020-08-26,0.615,0.55,2257.35009765625,2253.5,-0.0017055828691559453,0.001,-0.0027055828691559453,1.0,10,False,True
5,252,2020-08-13,252,2020-08-13,262,2020-08-27,0.61,0.55,2254.449951171875,2248.39990234375,-0.0026836030779836795,0.001,-0.0036836030779836795,1.0,10,False,True
5,253,2020-08-14,253,2020-08-14,263,2020-08-28,0.615,0.55,2242.14990234375,2238.550048828125,-0.0016055365039875451,0.001,-0.002605536503987545,1.0,10,False,True
5,254,2020-08-17,254,2020-08-17,264,2020-08-31,0.685,0.55,2253.39990234375,2257.25,0.001708572744786903,0.001,0.0007085727447869029,1.0,10,True,True
5,255,2020-08-18,255,2020-08-18,265,2020-09-01,0.67,0.55,2269.75,2246.35009765625,-0.010309462427029409,0.001,-0.011309462427029408,1.0,10,False,True
5,256,2020-08-19,256,2020-08-19,266,2020-09-02,0.675,0.55,2256.60009765625,2265.14990234375,0.003788799218957758,0.001,0.002788799218957758,1.0,10,True,False
5,257,2020-08-20,257,2020-08-20,267,2020-09-03,0.62,0.55,2252.85009765625,2299.5,0.020707060089032187,0.001,0.019707060089032186,1.0,10,True,True
5,258,2020-08-21,258,2020-08-21,268,2020-09-04,0.71,0.55,2248.60009765625,2288.800048828125,0.01787776813394966,0.001,0.016877768133949658,1.0,10,True,True
5,259,2020-08-24,259,2020-08-24,269,2020-09-07,0.71,0.55,2248.10009765625,2327.050048828125,0.03511852130347044,0.001,0.03411852130347044,1.0,10,True,True
5,260,2020-08-25,260,2020-08-25,270,2020-09-08,0.62,0.55,2242.64990234375,2348.199951171875,0.04706488013033897,0.001,0.04606488013033897,1.0,10,True,True
5,261,2020-08-26,261,2020-08-26,271,2020-09-09,0.585,0.55,2253.5,2327.64990234375,0.032904327643110715,0.001,0.031904327643110714,1.0,10,True,True
5,262,2020-08-27,262,2020-08-27,272,2020-09-10,0.66,0.55,2248.39990234375,2331.14990234375,0.036803951073712794,0.001,0.03580395107371279,1.0,10,True,True
5,263,2020-08-28,263,2020-08-28,273,2020-09-11,0.625,0.55,2238.550048828125,2374.10009765625,0.06055261033769832,0.001,0.05955261033769832,1.0,10,True,True
5,264,2020-08-31,264,2020-08-31,274,2020-09-14,0.61,0.55,2257.25,2491.39990234375,0.10373237450160594,0.001,0.10273237450160594,1.0,10,True,True
5,265,2020-09-01,265,2020-09-01,275,2020-09-15,0.62,0.55,2246.35009765625,2491.39990234375,0.10908798452350547,0.001,0.10808798452350547,1.0,10,True,True
5,266,2020-09-02,266,2020-09-02,276,2020-09-16,0.675,0.55,2265.14990234375,2503.0,0.10500413125424793,0.001,0.10400413125424793,1.0,10,True,False
5,269,2020-09-07,269,2020-09-07,279,2020-09-21,0.55,0.55,2327.050048828125,2465.300048828125,0.059409981349400315,0.001,0.058409981349400314,1.0,10,True,True
5,272,2020-09-10,272,2020-09-10,282,2020-09-24,0.71,0.55,2331.14990234375,2332.25,0.0004719120186753997,0.001,-0.0005280879813246004,1.0,10,False,True
5,302,2020-10-23,302,2020-10-23,312,2020-11-06,0.56,0.55,2686.800048828125,2707.449951171875,0.007685686306562583,0.001,0.006685686306562583,1.0,10,True,False
5,304,2020-10-27,304,2020-10-27,314,2020-11-10,0.615,0.55,2630.14990234375,2649.60009765625,0.007395090027061863,0.001,0.006395090027061863,1.0,10,True,True
5,305,2020-10-28,305,2020-10-28,315,2020-11-11,0.55,0.55,2622.199951171875,2687.800048828125,0.025017198870335183,0.001,0.024017198870335182,1.0,10,True,True
5,307,2020-10-30,307,2020-10-30,317,2020-11-13,0.57,0.55,2664.85009765625,2656.85009765625,-0.0030020450332407227,0.001,-0.004002045033240723,1.0,10,False,True
5,308,2020-11-02,308,2020-11-02,318,2020-11-14,0.665,0.55,2604.60009765625,2670.35009765625,0.025243798485289605,0.001,0.024243798485289604,1.0,10,True,True
5,309,2020-11-03,309,2020-11-03,319,2020-11-17,0.63,0.55,2633.60009765625,2666.050048828125,0.012321518062196899,0.001,0.0113215180621969,1.0,10,True,True
5,311,2020-11-05,311,2020-11-05,321,2020-11-19,0.55,0.55,2685.699951171875,2636.89990234375,-0.01817032792767176,0.001,-0.01917032792767176,1.0,10,False,True
5,316,2020-11-12,316,2020-11-12,326,2020-11-26,0.55,0.55,2671.050048828125,2720.60009765625,0.01855077513424512,0.001,0.01755077513424512,1.0,10,True,False
5,322,2020-11-20,322,2020-11-20,332,2020-12-07,0.595,0.55,2660.25,2737.699951171875,0.029113786738793345,0.001,0.028113786738793344,1.0,10,True,True
5,323,2020-11-23,323,2020-11-23,333,2020-12-08,0.57,0.55,2724.25,2797.300048828125,0.026814737571120493,0.001,0.025814737571120492,1.0,10,True,True
5,324,2020-11-24,324,2020-11-24,334,2020-12-09,0.565,0.55,2722.050048828125,2810.800048828125,0.03260410294006458,0.001,0.03160410294006458,1.0,10,True,True
5,325,2020-11-25,325,2020-11-25,335,2020-12-10,0.56,0.55,2701.300048828125,2784.300048828125,0.03072594621097607,0.001,0.02972594621097607,1.0,10,True,True
5,331,2020-12-04,331,2020-12-04,341,2020-12-18,0.575,0.55,2727.550048828125,2861.0,0.04892667367523135,0.001,0.047926673675231346,1.0,10,True,False
5,332,2020-12-07,332,2020-12-07,342,2020-12-21,0.585,0.55,2737.699951171875,2820.14990234375,0.0301165038690899,0.001,0.0291165038690899,1.0,10,True,True
5,333,2020-12-08,333,2020-12-08,343,2020-12-22,0.555,0.55,2797.300048828125,2872.5,0.026883047888759223,0.001,0.025883047888759222,1.0,10,True,True
5,338,2020-12-15,338,2020-12-15,348,2020-12-30,0.555,0.55,2761.550048828125,2909.300048828125,0.05350256102101004,0.001,0.05250256102101004,1.0,10,True,True
5,339,2020-12-16,339,2020-12-16,349,2020-12-31,0.565,0.55,2814.199951171875,2862.75,0.017251812120850914,0.001,0.016251812120850914,1.0,10,True,True
5,377,2021-02-10,377,2021-02-10,387,2021-02-24,0.55,0.55,3213.300048828125,2948.10009765625,-0.08253196002302746,0.001,-0.08353196002302746,1.0,10,False,False
5,381,2021-02-16,381,2021-02-16,391,2021-03-02,0.565,0.55,3108.800048828125,3006.35009765625,-0.03295482165554325,0.001,-0.03395482165554325,1.0,10,False,True
5,385,2021-02-22,385,2021-02-22,395,2021-03-08,0.64,0.55,2958.449951171875,3006.949951171875,0.016393719954866437,0.001,0.015393719954866436,1.0,10,True,True
5,386,2021-02-23,386,2021-02-23,396,2021-03-09,0.605,0.55,2980.199951171875,3050.949951171875,0.02374001783745405,0.001,0.02274001783745405,1.0,10,True,True
5,387,2021-02-24,387,2021-02-24,397,2021-03-10,0.62,0.55,2948.10009765625,3070.949951171875,0.04167085561758607,0.001,0.04067085561758607,1.0,10,True,False
5,389,2021-02-26,389,2021-02-26,399,2021-03-15,0.64,0.55,2894.300048828125,3066.14990234375,0.05937527229949963,0.001,0.05837527229949963,1.0,10,True,True
5,390,2021-03-01,390,2021-03-01,400,2021-03-16,0.555,0.55,2924.199951171875,3110.050048828125,0.06355587879063142,0.001,0.06255587879063142,1.0,10,True,True
5,391,2021-03-02,391,2021-03-02,401,2021-03-17,0.575,0.55,3006.35009765625,3112.949951171875,0.0354582300972632,0.001,0.0344582300972632,1.0,10,True,True
5,429,2021-04-30,429,2021-04-30,439,2021-05-17,0.62,0.55,3035.64990234375,3069.75,0.011233211586725519,0.001,0.010233211586725518,1.0,10,True,False
5,430,2021-05-03,430,2021-05-03,440,2021-05-18,0.59,0.55,3037.0,3088.800048828125,0.01705632164245143,0.001,0.01605632164245143,1.0,10,True,True
5,431,2021-05-04,431,2021-05-04,441,2021-05-19,0.615,0.55,3049.75,3082.0,0.010574637265349619,0.001,0.009574637265349618,1.0,10,True,True
5,433,2021-05-06,433,2021-05-06,443,2021-05-21,0.56,0.55,3111.449951171875,3080.5,-0.009947115222026381,0.001,-0.01094711522202638,1.0,10,False,True
5,437,2021-05-12,437,2021-05-12,447,2021-05-27,0.62,0.55,3087.60009765625,3180.0,0.029926123662805088,0.001,0.028926123662805087,1.0,10,True,True
5,438,2021-05-14,438,2021-05-14,448,2021-05-28,0.59,0.55,3051.5,3143.60009765625,0.03018190976773718,0.001,0.02918190976773718,1.0,10,True,True
5,439,2021-05-17,439,2021-05-17,449,2021-05-31,0.58,0.55,3069.75,3159.14990234375,0.02912286093126476,0.001,0.02812286093126476,1.0,10,True,False
5,440,2021-05-18,440,2021-05-18,450,2021-06-01,0.58,0.55,3088.800048828125,3153.0,0.020784754648081587,0.001,0.019784754648081587,1.0,10,True,True
5,442,2021-05-20,442,2021-05-20,452,2021-06-03,0.65,0.55,3060.0,3141.25,0.026552287581699346,0.001,0.025552287581699345,1.0,10,True,True
5,443,2021-05-21,443,2021-05-21,453,2021-06-04,0.665,0.55,3080.5,3143.75,0.020532381106963156,0.001,0.019532381106963155,1.0,10,True,True
5,444,2021-05-24,444,2021-05-24,454,2021-06-07,0.565,0.55,3081.5,3183.199951171875,0.03300339158587538,0.001,0.03200339158587538,1.0,10,True,True
5,445,2021-05-25,445,2021-05-25,455,2021-06-08,0.63,0.55,3114.0,3200.14990234375,0.027665350784762364,0.001,0.026665350784762364,1.0,10,True,True
5,446,2021-05-26,446,2021-05-26,456,2021-06-09,0.605,0.55,3158.5,3200.25,0.01321829982586671,0.001,0.01221829982586671,1.0,10,True,True
5,447,2021-05-27,447,2021-05-27,457,2021-06-10,0.595,0.55,3180.0,3216.800048828125,0.011572342398781446,0.001,0.010572342398781447,1.0,10,True,True
5,449,2021-05-31,449,2021-05-31,459,2021-06-14,0.65,0.55,3159.14990234375,3276.35009765625,0.03709864961632559,0.001,0.03609864961632559,1.0,10,True,False
5,450,2021-06-01,450,2021-06-01,460,2021-06-15,0.645,0.55,3153.0,3262.75,0.0348081192515065,0.001,0.0338081192515065,1.0,10,True,True
5,452,2021-06-03,452,2021-06-03,462,2021-06-17,0.675,0.55,3141.25,3317.75,0.05618782331874254,0.001,0.055187823318742536,1.0,10,True,True
5,453,2021-06-04,453,2021-06-04,463,2021-06-18,0.595,0.55,3143.75,3297.300048828125,0.0488429578777336,0.001,0.0478429578777336,1.0,10,True,True
5,454,2021-06-07,454,2021-06-07,464,2021-06-21,0.655,0.55,3183.199951171875,3273.10009765625,0.028242067059368617,0.001,0.027242067059368616,1.0,10,True,True
5,455,2021-06-08,455,2021-06-08,465,2021-06-22,0.645,0.55,3200.14990234375,3301.199951171875,0.03157666106644479,0.001,0.030576661066444792,1.0,10,True,True
5,456,2021-06-09,456,2021-06-09,466,2021-06-23,0.6,0.55,3200.25,3261.39990234375,0.019107851681509257,0.001,0.018107851681509256,1.0,10,True,True
5,457,2021-06-10,457,2021-06-10,467,2021-06-24,0.555,0.55,3216.800048828125,3373.60009765625,0.04874410794828451,0.001,0.04774410794828451,1.0,10,True,True
5,460,2021-06-15,460,2021-06-15,470,2021-06-29,0.57,0.55,3262.75,3340.85009765625,0.023936893006283044,0.001,0.022936893006283043,1.0,10,True,False
5,471,2021-06-30,471,2021-06-30,481,2021-07-14,0.585,0.55,3345.75,3214.550048828125,-0.039213913523686764,0.001,-0.040213913523686765,1.0,10,False,False
5,472,2021-07-01,472,2021-07-01,482,2021-07-15,0.59,0.55,3341.5,3202.949951171875,-0.04146342924678288,0.001,-0.04246342924678288,1.0,10,False,True
5,473,2021-07-02,473,2021-07-02,483,2021-07-16,0.595,0.55,3325.449951171875,3194.800048828125,-0.039287887131697626,0.001,-0.040287887131697626,1.0,10,False,True
5,475,2021-07-06,475,2021-07-06,485,2021-07-20,0.55,0.55,3262.300048828125,3205.800048828125,-0.017319069109015827,0.001,-0.018319069109015828,1.0,10,False,True
5,476,2021-07-07,476,2021-07-07,486,2021-07-22,0.605,0.55,3274.949951171875,3216.35009765625,-0.017893358490762956,0.001,-0.018893358490762957,1.0,10,False,True
5,477,2021-07-08,477,2021-07-08,487,2021-07-23,0.575,0.55,3258.5,3212.85009765625,-0.014009483610173392,0.001,-0.015009483610173392,1.0,10,False,True
5,479,2021-07-12,479,2021-07-12,489,2021-07-27,0.635,0.55,3193.10009765625,3182.949951171875,-0.003178774912764324,0.001,-0.004178774912764324,1.0,10,False,True
5,480,2021-07-13,480,2021-07-13,490,2021-07-28,0.62,0.55,3187.550048828125,3197.800048828125,0.0032156357839050473,0.001,0.0022156357839050473,1.0,10,True,True
5,481,2021-07-14,481,2021-07-14,491,2021-07-29,0.64,0.55,3214.550048828125,3195.800048828125,-0.005832853654537243,0.001,-0.006832853654537243,1.0,10,False,False
5,482,2021-07-15,482,2021-07-15,492,2021-07-30,0.705,0.55,3202.949951171875,3167.449951171875,-0.01108353253756322,0.001,-0.01208353253756322,1.0,10,False,True
5,483,2021-07-16,483,2021-07-16,493,2021-08-02,0.6,0.55,3194.800048828125,3219.39990234375,0.0076999665517873015,0.001,0.0066999665517873015,1.0,10,True,True
5,484,2021-07-19,484,2021-07-19,494,2021-08-03,0.62,0.55,3184.60009765625,3284.89990234375,0.03149525893732058,0.001,0.03049525893732058,1.0,10,True,True
5,485,2021-07-20,485,2021-07-20,495,2021-08-04,0.655,0.55,3205.800048828125,3273.949951171875,0.02125831346489064,0.001,0.02025831346489064,1.0,10,True,True
5,486,2021-07-22,486,2021-07-22,496,2021-08-05,0.66,0.55,3216.35009765625,3283.949951171875,0.02101756695108686,0.001,0.02001756695108686,1.0,10,True,True
5,487,2021-07-23,487,2021-07-23,497,2021-08-06,0.66,0.55,3212.85009765625,3309.800048828125,0.030175684586902844,0.001,0.029175684586902843,1.0,10,True,True
5,488,2021-07-26,488,2021-07-26,498,2021-08-09,0.63,0.55,3197.550048828125,3322.699951171875,0.03913930991936041,0.001,0.03813930991936041,1.0,10,True,True
5,489,2021-07-27,489,2021-07-27,499,2021-08-10,0.635,0.55,3182.949951171875,3333.89990234375,0.04742454436529841,0.001,0.04642454436529841,1.0,10,True,True
5,490,2021-07-28,490,2021-07-28,500,2021-08-11,0.57,0.55,3197.800048828125,3344.199951171875,0.0457814435262768,0.001,0.0447814435262768,1.0,10,True,True
5,491,2021-07-29,491,2021-07-29,501,2021-08-12,0.64,0.55,3195.800048828125,3351.75,0.048798406905670035,0.001,0.047798406905670034,1.0,10,True,False
5,492,2021-07-30,492,2021-07-30,502,2021-08-13,0.56,0.55,3167.449951171875,3463.39990234375,0.0934347679471245,0.001,0.0924347679471245,1.0,10,True,True
5,493,2021-08-02,493,2021-08-02,503,2021-08-16,0.67,0.55,3219.39990234375,3472.949951171875,0.07875692878152181,0.001,0.07775692878152181,1.0,10,True,True
5,494,2021-08-03,494,2021-08-03,504,2021-08-17,0.7,0.55,3284.89990234375,3553.050048828125,0.08163114690132628,0.001,0.08063114690132628,1.0,10,True,True
5,495,2021-08-04,495,2021-08-04,505,2021-08-18,0.66,0.55,3273.949951171875,3560.550048828125,0.08753954762004366,0.001,0.08653954762004366,1.0,10,True,True
5,496,2021-08-05,496,2021-08-05,506,2021-08-20,0.62,0.55,3283.949951171875,3559.5,0.08390811459528949,0.001,0.08290811459528949,1.0,10,True,True
5,498,2021-08-09,498,2021-08-09,508,2021-08-24,0.61,0.55,3322.699951171875,3613.199951171875,0.0874288994700061,0.001,0.0864288994700061,1.0,10,True,True
5,527,2021-09-21,527,2021-09-21,537,2021-10-05,0.59,0.55,3862.949951171875,3833.300048828125,-0.007675455990506769,0.001,-0.008675455990506769,1.0,10,False,False
5,531,2021-09-27,531,2021-09-27,541,2021-10-11,0.575,0.55,3836.949951171875,3685.60009765625,-0.03944535514970686,0.001,-0.04044535514970686,1.0,10,False,True
5,533,2021-09-29,533,2021-09-29,543,2021-10-13,0.575,0.55,3791.89990234375,3655.199951171875,-0.036050516810156724,0.001,-0.037050516810156725,1.0,10,False,True
5,534,2021-09-30,534,2021-09-30,544,2021-10-14,0.645,0.55,3775.550048828125,3611.449951171875,-0.04346389149501124,0.001,-0.04446389149501124,1.0,10,False,True
5,535,2021-10-01,535,2021-10-01,545,2021-10-18,0.565,0.55,3730.199951171875,3647.14990234375,-0.02226423513893246,0.001,-0.02326423513893246,1.0,10,False,True
5,536,2021-10-04,536,2021-10-04,546,2021-10-19,0.55,0.55,3773.300048828125,3634.14990234375,-0.036877572597914896,0.001,-0.037877572597914896,1.0,10,False,True
5,537,2021-10-05,537,2021-10-05,547,2021-10-20,0.61,0.55,3833.300048828125,3608.85009765625,-0.058552669583089745,0.001,-0.059552669583089746,1.0,10,False,False
5,538,2021-10-06,538,2021-10-06,548,2021-10-21,0.64,0.55,3810.89990234375,3532.5,-0.07305358563013703,0.001,-0.07405358563013703,1.0,10,False,True
5,539,2021-10-07,539,2021-10-07,549,2021-10-22,0.645,0.55,3892.89990234375,3498.85009765625,-0.10122269120001244,0.001,-0.10222269120001244,1.0,10,False,True
5,540,2021-10-08,540,2021-10-08,550,2021-10-25,0.6,0.55,3935.64990234375,3492.949951171875,-0.11248458632162359,0.001,-0.11348458632162359,1.0,10,False,True
5,542,2021-10-12,542,2021-10-12,552,2021-10-27,0.55,0.55,3652.85009765625,3489.75,-0.04465009329588933,0.001,-0.04565009329588933,1.0,10,False,True
5,543,2021-10-13,543,2021-10-13,553,2021-10-28,0.615,0.55,3655.199951171875,3421.64990234375,-0.06389528670059423,0.001,-0.06489528670059423,1.0,10,False,True
5,544,2021-10-14,544,2021-10-14,554,2021-10-29,0.58,0.55,3611.449951171875,3397.75,-0.05917289566827079,0.001,-0.06017289566827079,1.0,10,False,True
5,546,2021-10-19,546,2021-10-19,556,2021-11-02,0.59,0.55,3634.14990234375,3484.199951171875,-0.041261355530537884,0.001,-0.042261355530537885,1.0,10,False,True
5,548,2021-10-21,548,2021-10-21,558,2021-11-04,0.57,0.55,3532.5,3508.64990234375,-0.006751620001769285,0.001,-0.007751620001769285,1.0,10,False,False
5,549,2021-10-22,549,2021-10-22,559,2021-11-08,0.605,0.55,3498.85009765625,3502.75,0.0011146240150049298,0.001,0.00011462401500492983,1.0,10,True,True
5,550,2021-10-25,550,2021-10-25,560,2021-11-09,0.61,0.55,3492.949951171875,3505.699951171875,0.003650209759152836,0.001,0.002650209759152836,1.0,10,True,True
5,551,2021-10-26,551,2021-10-26,561,2021-11-10,0.695,0.55,3482.60009765625,3484.300048828125,0.0004881270097646433,0.001,-0.0005118729902353567,1.0,10,False,True
5,552,2021-10-27,552,2021-10-27,562,2021-11-11,0.63,0.55,3489.75,3488.199951171875,-0.00044417188283544666,0.001,-0.0014441718828354466,1.0,10,False,True
5,553,2021-10-28,553,2021-10-28,563,2021-11-12,0.795,0.55,3421.64990234375,3526.050048828125,0.030511638964834872,0.001,0.02951163896483487,1.0,10,True,True
5,554,2021-10-29,554,2021-10-29,564,2021-11-15,0.705,0.55,3397.75,3553.300048828125,0.04578031015469796,0.001,0.04478031015469796,1.0,10,True,True
5,555,2021-11-01,555,2021-11-01,565,2021-11-16,0.62,0.55,3476.39990234375,3556.39990234375,0.023012312233142363,0.001,0.022012312233142362,1.0,10,True,True
5,556,2021-11-02,556,2021-11-02,566,2021-11-17,0.625,0.55,3484.199951171875,3521.89990234375,0.010820260518973663,0.001,0.009820260518973663,1.0,10,True,True
5,566,2021-11-17,566,2021-11-17,576,2021-12-02,0.59,0.55,3521.89990234375,3642.89990234375,0.03435645627505684,0.001,0.03335645627505684,1.0,10,True,False
5,567,2021-11-18,567,2021-11-18,577,2021-12-03,0.575,0.55,3475.699951171875,3640.449951171875,0.04740052430142956,0.001,0.04640052430142956,1.0,10,True,True
5,570,2021-11-24,570,2021-11-24,580,2021-12-08,0.57,0.55,3443.300048828125,3626.89990234375,0.053320898821498416,0.001,0.052320898821498416,1.0,10,True,True
5,575,2021-12-01,575,2021-12-01,585,2021-12-15,0.635,0.55,3577.800048828125,3570.35009765625,-0.0020822715272518265,0.001,-0.0030822715272518265,1.0,10,False,True
5,576,2021-12-02,576,2021-12-02,586,2021-12-16,0.575,0.55,3642.89990234375,3581.60009765625,-0.01682719984923584,0.001,-0.01782719984923584,1.0,10,False,False
5,577,2021-12-03,577,2021-12-03,587,2021-12-17,0.585,0.55,3640.449951171875,3584.35009765625,-0.0154101427757759,0.001,-0.0164101427757759,1.0,10,False,True
5,591,2021-12-23,591,2021-12-23,601,2022-01-06,0.555,0.55,3662.699951171875,3807.449951171875,0.03952002673702154,0.001,0.03852002673702154,1.0,10,True,False
5,616,2022-01-28,616,2022-01-28,626,2022-02-11,0.595,0.55,3690.050048828125,3694.949951171875,0.0013278688036510767,0.001,0.0003278688036510767,1.0,10,True,False
5,617,2022-01-31,617,2022-01-31,627,2022-02-14,0.625,0.55,3736.25,3733.75,-0.0006691201070592171,0.001,-0.001669120107059217,1.0,10,False,True
5,618,2022-02-01,618,2022-02-01,628,2022-02-15,0.62,0.55,3800.64990234375,3817.800048828125,0.0045124246971022,0.001,0.0035124246971022,1.0,10,True,True
5,619,2022-02-02,619,2022-02-02,629,2022-02-16,0.63,0.55,3856.199951171875,3813.10009765625,-0.01117676833705867,0.001,-0.01217676833705867,1.0,10,False,True
5,621,2022-02-04,621,2022-02-04,631,2022-02-18,0.6,0.55,3814.89990234375,3793.89990234375,-0.005504731588658011,0.001,-0.006504731588658011,1.0,10,False,True
5,622,2022-02-07,622,2022-02-07,632,2022-02-21,0.585,0.55,3779.0,3719.39990234375,-0.015771393928618684,0.001,-0.016771393928618684,1.0,10,False,True
5,623,2022-02-08,623,2022-02-08,633,2022-02-22,0.665,0.55,3743.449951171875,3586.39990234375,-0.041953291983765136,0.001,-0.042953291983765136,1.0,10,False,True
5,624,2022-02-09,624,2022-02-09,634,2022-02-23,0.585,0.55,3760.550048828125,3563.800048828125,-0.05231947386561492,0.001,-0.05331947386561492,1.0,10,False,True
5,625,2022-02-10,625,2022-02-10,635,2022-02-24,0.61,0.55,3770.35009765625,3401.64990234375,-0.09778937917242589,0.001,-0.09878937917242589,1.0,10,False,True
5,626,2022-02-11,626,2022-02-11,636,2022-02-25,0.56,0.55,3694.949951171875,3520.75,-0.04714541562778853,0.001,-0.04814541562778853,1.0,10,False,False
5,627,2022-02-14,627,2022-02-14,637,2022-02-28,0.555,0.55,3733.75,3554.199951171875,-0.04808839607047204,0.001,-0.049088396070472044,1.0,10,False,True
5,628,2022-02-15,628,2022-02-15,638,2022-03-02,0.555,0.55,3817.800048828125,3546.14990234375,-0.07115358138458773,0.001,-0.07215358138458773,1.0,10,False,True
5,629,2022-02-16,629,2022-02-16,639,2022-03-03,0.565,0.55,3813.10009765625,3544.39990234375,-0.07046764795858848,0.001,-0.07146764795858848,1.0,10,False,True
5,630,2022-02-17,630,2022-02-17,640,2022-03-04,0.62,0.55,3784.199951171875,3524.35009765625,-0.06866705165385244,0.001,-0.06966705165385244,1.0,10,False,True
5,631,2022-02-18,631,2022-02-18,641,2022-03-07,0.58,0.55,3793.89990234375,3484.89990234375,-0.08144653468825303,0.001,-0.08244653468825303,1.0,10,False,True
5,633,2022-02-22,633,2022-02-22,643,2022-03-09,0.63,0.55,3586.39990234375,3632.60009765625,0.012882053471590741,0.001,0.011882053471590742,1.0,10,True,True
5,634,2022-02-23,634,2022-02-23,644,2022-03-10,0.695,0.55,3563.800048828125,3620.949951171875,0.016036225815346306,0.001,0.015036225815346305,1.0,10,True,True
5,635,2022-02-24,635,2022-02-24,645,2022-03-11,0.665,0.55,3401.64990234375,3599.14990234375,0.058060060755788456,0.001,0.057060060755788455,1.0,10,True,True
5,636,2022-02-25,636,2022-02-25,646,2022-03-14,0.55,0.55,3520.75,3643.0,0.03472271533054037,0.001,0.033722715330540366,1.0,10,True,False
5,642,2022-03-08,642,2022-03-08,652,2022-03-23,0.595,0.55,3599.949951171875,3712.39990234375,0.031236531812135246,0.001,0.030236531812135245,1.0,10,True,True
5,648,2022-03-16,648,2022-03-16,658,2022-03-31,0.585,0.55,3655.89990234375,3739.949951171875,0.02299024893275705,0.001,0.02199024893275705,1.0,10,True,False
5,649,2022-03-17,649,2022-03-17,659,2022-04-01,0.575,0.55,3672.75,3758.75,0.023415696685045267,0.001,0.022415696685045266,1.0,10,True,True
5,667,2022-04-13,667,2022-04-13,677,2022-04-29,0.62,0.55,3661.949951171875,3546.699951171875,-0.03147230342760921,0.001,-0.03247230342760921,1.0,10,False,False
5,668,2022-04-18,668,2022-04-18,678,2022-05-02,0.65,0.55,3528.050048828125,3542.39990234375,0.004067361096646415,0.001,0.003067361096646415,1.0,10,True,True
5,669,2022-04-19,669,2022-04-19,679,2022-05-04,0.715,0.55,3471.89990234375,3479.75,0.002261038012919293,0.001,0.0012610380129192932,1.0,10,True,True
5,670,2022-04-20,670,2022-04-20,680,2022-05-05,0.56,0.55,3556.800048828125,3513.39990234375,-0.012202020324047803,0.001,-0.013202020324047804,1.0,10,False,True
5,671,2022-04-21,671,2022-04-21,681,2022-05-06,0.62,0.55,3628.64990234375,3432.60009765625,-0.05402830528259868,0.001,-0.05502830528259868,1.0,10,False,True
5,672,2022-04-22,672,2022-04-22,682,2022-05-09,0.57,0.55,3612.550048828125,3445.10009765625,-0.04635228547939262,0.001,-0.047352285479392624,1.0,10,False,True
5,673,2022-04-25,673,2022-04-25,683,2022-05-10,0.56,0.55,3548.199951171875,3438.75,-0.030846613121598917,0.001,-0.031846613121598914,1.0,10,False,True
5,674,2022-04-26,674,2022-04-26,684,2022-05-11,0.605,0.55,3546.300048828125,3412.0,-0.037870469779483114,0.001,-0.038870469779483115,1.0,10,False,True
5,675,2022-04-27,675,2022-04-27,685,2022-05-12,0.695,0.55,3561.199951171875,3408.64990234375,-0.04283669856221517,0.001,-0.04383669856221517,1.0,10,False,True
5,677,2022-04-29,677,2022-04-29,687,2022-05-16,0.6,0.55,3546.699951171875,3376.800048828125,-0.04790365824084242,0.001,-0.04890365824084242,1.0,10,False,False
5,679,2022-05-04,679,2022-05-04,689,2022-05-18,0.7,0.55,3479.75,3448.800048828125,-0.008894303088404339,0.001,-0.00989430308840434,1.0,10,False,True
5,681,2022-05-06,681,2022-05-06,691,2022-05-20,0.625,0.55,3432.60009765625,3293.0,-0.0406689080244354,0.001,-0.0416689080244354,1.0,10,False,True
5,682,2022-05-09,682,2022-05-09,692,2022-05-23,0.56,0.55,3445.10009765625,3321.75,-0.03580450325381454,0.001,-0.03680450325381454,1.0,10,False,True
5,684,2022-05-11,684,2022-05-11,694,2022-05-25,0.59,0.55,3412.0,3167.64990234375,-0.07161491724978018,0.001,-0.07261491724978018,1.0,10,False,True
5,685,2022-05-12,685,2022-05-12,695,2022-05-26,0.675,0.55,3408.64990234375,3226.949951171875,-0.05330554805494695,0.001,-0.05430554805494695,1.0,10,False,True
5,686,2022-05-13,686,2022-05-13,696,2022-05-27,0.685,0.55,3414.89990234375,3261.300048828125,-0.04497931356939767,0.001,-0.04597931356939767,1.0,10,False,True
5,687,2022-05-16,687,2022-05-16,697,2022-05-30,0.695,0.55,3376.800048828125,3375.25,-0.000459028904794918,0.001,-0.001459028904794918,1.0,10,False,False
5,688,2022-05-17,688,2022-05-17,698,2022-05-31,0.59,0.55,3451.60009765625,3364.35009765625,-0.025278131165671718,0.001,-0.02627813116567172,1.0,10,False,True
5,689,2022-05-18,689,2022-05-18,699,2022-06-01,0.6,0.55,3448.800048828125,3355.199951171875,-0.027139902670801276,0.001,-0.028139902670801277,1.0,10,False,True
5,690,2022-05-19,690,2022-05-19,700,2022-06-02,0.72,0.55,3261.949951171875,3423.0,0.049372323683343704,0.001,0.0483723236833437,1.0,10,True,True
5,691,2022-05-20,691,2022-05-20,701,2022-06-03,0.7,0.55,3293.0,3440.14990234375,0.04468566727717886,0.001,0.04368566727717886,1.0,10,True,True
5,692,2022-05-23,692,2022-05-23,702,2022-06-06,0.66,0.55,3321.75,3430.949951171875,0.032874223277451646,0.001,0.031874223277451645,1.0,10,True,True
5,693,2022-05-24,693,2022-05-24,703,2022-06-07,0.645,0.55,3288.0,3362.699951171875,0.0227189632517868,0.001,0.0217189632517868,1.0,10,True,True
5,694,2022-05-25,694,2022-05-25,704,2022-06-08,0.73,0.55,3167.64990234375,3404.14990234375,0.07466102861462474,0.001,0.07366102861462474,1.0,10,True,True
5,695,2022-05-26,695,2022-05-26,705,2022-06-09,0.59,0.55,3226.949951171875,3427.10009765625,0.06202455864296562,0.001,0.06102455864296562,1.0,10,True,True
5,710,2022-06-16,710,2022-06-16,720,2022-06-30,0.705,0.55,3142.0,3267.10009765625,0.03981543528206556,0.001,0.03881543528206556,1.0,10,True,False
5,711,2022-06-17,711,2022-06-17,721,2022-07-01,0.67,0.55,3088.89990234375,3315.10009765625,0.0732300179558642,0.001,0.0722300179558642,1.0,10,True,True
5,712,2022-06-20,712,2022-06-20,722,2022-07-04,0.63,0.55,3112.39990234375,3235.050048828125,0.03940693687595061,0.001,0.038406936875950606,1.0,10,True,True
5,713,2022-06-21,713,2022-06-21,723,2022-07-05,0.595,0.55,3211.949951171875,3216.300048828125,0.0013543478953222398,0.001,0.0003543478953222398,1.0,10,True,True
5,714,2022-06-22,714,2022-06-22,724,2022-07-06,0.615,0.55,3222.949951171875,3260.75,0.011728400813168316,0.001,0.010728400813168316,1.0,10,True,True
5,723,2022-07-05,723,2022-07-05,733,2022-07-19,0.6,0.55,3216.300048828125,3074.25,-0.04416567069974757,0.001,-0.04516567069974757,1.0,10,False,False
5,724,2022-07-06,724,2022-07-06,734,2022-07-20,0.55,0.55,3260.75,3164.800048828125,-0.029425730636164993,0.001,-0.030425730636164994,1.0,10,False,True
5,726,2022-07-08,726,2022-07-08,736,2022-07-22,0.555,0.55,3265.449951171875,3171.0,-0.02892402351411929,0.001,-0.02992402351411929,1.0,10,False,True
5,727,2022-07-11,727,2022-07-11,737,2022-07-25,0.57,0.55,3113.800048828125,3166.75,0.017004929777620966,0.001,0.016004929777620965,1.0,10,True,True
5,728,2022-07-12,728,2022-07-12,738,2022-07-26,0.645,0.55,3084.699951171875,3115.89990234375,0.010114420094577485,0.001,0.009114420094577486,1.0,10,True,True
5,729,2022-07-13,729,2022-07-13,739,2022-07-27,0.78,0.55,3038.75,3188.85009765625,0.04939534270876183,0.001,0.04839534270876183,1.0,10,True,True
5,730,2022-07-14,730,2022-07-14,740,2022-07-28,0.695,0.55,2998.75,3260.5,0.08728636932055023,0.001,0.08628636932055023,1.0,10,True,True
5,731,2022-07-15,731,2022-07-15,741,2022-07-29,0.7,0.55,2994.60009765625,3301.89990234375,0.10261797724778374,0.001,0.10161797724778374,1.0,10,True,True
5,732,2022-07-18,732,2022-07-18,742,2022-08-01,0.68,0.55,3063.5,3298.800048828125,0.07680758897604864,0.001,0.07580758897604864,1.0,10,True,True
5,733,2022-07-19,733,2022-07-19,743,2022-08-02,0.645,0.55,3074.25,3291.800048828125,0.07076524317414816,0.001,0.06976524317414816,1.0,10,True,False
5,738,2022-07-26,738,2022-07-26,748,2022-08-10,0.56,0.55,3115.89990234375,3354.25,0.0764947864586296,0.001,0.0754947864586296,1.0,10,True,True
5,740,2022-07-28,740,2022-07-28,750,2022-08-12,0.56,0.55,3260.5,3401.550048828125,0.04326025113575372,0.001,0.04226025113575372,1.0,10,True,True
5,756,2022-08-23,756,2022-08-23,766,2022-09-07,0.55,0.55,3284.60009765625,3149.60009765625,-0.04110089386416636,0.001,-0.042100893864166364,1.0,10,False,False
5,757,2022-08-24,757,2022-08-24,767,2022-09-08,0.62,0.55,3255.35009765625,3169.64990234375,-0.02632595350472487,0.001,-0.02732595350472487,1.0,10,False,True
5,758,2022-08-25,758,2022-08-25,768,2022-09-09,0.665,0.55,3218.199951171875,3217.64990234375,-0.00017091816433739777,0.001,-0.0011709181643373978,1.0,10,False,True
5,759,2022-08-26,759,2022-08-26,769,2022-09-12,0.62,0.55,3222.199951171875,3242.949951171875,0.006439699681720086,0.001,0.005439699681720086,1.0,10,True,True
5,760,2022-08-29,760,2022-08-29,770,2022-09-13,0.665,0.55,3132.550048828125,3229.35009765625,0.0309013574625368,0.001,0.0299013574625368,1.0,10,True,True
5,761,2022-08-30,761,2022-08-30,771,2022-09-14,0.66,0.55,3211.14990234375,3120.39990234375,-0.028260904274124202,0.001,-0.029260904274124203,1.0,10,False,True
5,762,2022-09-01,762,2022-09-01,772,2022-09-15,0.745,0.55,3131.699951171875,3104.35009765625,-0.008733229218013287,0.001,-0.009733229218013287,1.0,10,False,True
5,763,2022-09-02,763,2022-09-02,773,2022-09-16,0.73,0.55,3130.39990234375,3008.699951171875,-0.03887680646832294,0.001,-0.039876806468322944,1.0,10,False,True
5,764,2022-09-05,764,2022-09-05,774,2022-09-19,0.78,0.55,3133.39990234375,3028.800048828125,-0.033382222753433236,0.001,-0.034382222753433236,1.0,10,False,True
5,765,2022-09-06,765,2022-09-06,775,2022-09-20,0.755,0.55,3127.050048828125,3040.300048828125,-0.027741800945114366,0.001,-0.028741800945114367,1.0,10,False,True
5,766,2022-09-07,766,2022-09-07,776,2022-09-21,0.75,0.55,3149.60009765625,3001.199951171875,-0.047117139282160235,0.001,-0.048117139282160236,1.0,10,False,False
5,767,2022-09-08,767,2022-09-08,777,2022-09-22,0.64,0.55,3169.64990234375,3007.39990234375,-0.05118861861684682,0.001,-0.05218861861684682,1.0,10,False,True
5,768,2022-09-09,768,2022-09-09,778,2022-09-23,0.58,0.55,3217.64990234375,2982.050048828125,-0.07322109634861551,0.001,-0.07422109634861551,1.0,10,False,True
5,770,2022-09-13,770,2022-09-13,780,2022-09-27,0.595,0.55,3229.35009765625,3017.449951171875,-0.0656169631896414,0.001,-0.0666169631896414,1.0,10,False,True
5,771,2022-09-14,771,2022-09-14,781,2022-09-28,0.615,0.55,3120.39990234375,3035.64990234375,-0.027159980339809587,0.001,-0.028159980339809588,1.0,10,False,True
5,772,2022-09-15,772,2022-09-15,782,2022-09-29,0.615,0.55,3104.35009765625,2997.300048828125,-0.034483884053202185,0.001,-0.035483884053202186,1.0,10,False,True
5,773,2022-09-16,773,2022-09-16,783,2022-09-30,0.795,0.55,3008.699951171875,3004.550048828125,-0.0013793008312888203,0.001,-0.0023793008312888203,1.0,10,False,True
5,774,2022-09-19,774,2022-09-19,784,2022-10-03,0.585,0.55,3028.800048828125,2984.949951171875,-0.014477712938896733,0.001,-0.015477712938896732,1.0,10,False,True
5,775,2022-09-20,775,2022-09-20,785,2022-10-04,0.72,0.55,3040.300048828125,3091.14990234375,0.016725274709390912,0.001,0.01572527470939091,1.0,10,True,True
5,776,2022-09-21,776,2022-09-21,786,2022-10-06,0.655,0.55,3001.199951171875,3101.949951171875,0.03356990591735158,0.001,0.03256990591735158,1.0,10,True,False
5,777,2022-09-22,777,2022-09-22,787,2022-10-07,0.645,0.55,3007.39990234375,3064.89990234375,0.019119505841304528,0.001,0.018119505841304527,1.0,10,True,True
5,778,2022-09-23,778,2022-09-23,788,2022-10-10,0.64,0.55,2982.050048828125,3118.550048828125,0.0457738796347973,0.001,0.0447738796347973,1.0,10,True,True
5,779,2022-09-26,779,2022-09-26,789,2022-10-11,0.645,0.55,2994.39990234375,3069.550048828125,0.025096897186496082,0.001,0.02409689718649608,1.0,10,True,True
5,780,2022-09-27,780,2022-09-27,790,2022-10-12,0.595,0.55,3017.449951171875,3100.75,0.02760610786461399,0.001,0.02660610786461399,1.0,10,True,True
5,781,2022-09-28,781,2022-09-28,791,2022-10-13,0.675,0.55,3035.64990234375,3103.300048828125,0.022285226775374853,0.001,0.021285226775374852,1.0,10,True,True
5,782,2022-09-29,782,2022-09-29,792,2022-10-14,0.785,0.55,2997.300048828125,3099.14990234375,0.03398053309859516,0.001,0.03298053309859516,1.0,10,True,True
5,783,2022-09-30,783,2022-09-30,793,2022-10-17,0.75,0.55,3004.550048828125,3111.75,0.035679203018663834,0.001,0.03467920301866383,1.0,10,True,True
5,784,2022-10-03,784,2022-10-03,794,2022-10-18,0.735,0.55,2984.949951171875,3144.699951171875,0.05351848527218456,0.001,0.052518485272184556,1.0,10,True,True
5,787,2022-10-07,787,2022-10-07,797,2022-10-21,0.59,0.55,3064.89990234375,3137.39990234375,0.023654932399116445,0.001,0.022654932399116444,1.0,10,True,False
5,788,2022-10-10,788,2022-10-10,798,2022-10-24,0.56,0.55,3118.550048828125,3161.699951171875,0.013836527125791899,0.001,0.012836527125791898,1.0,10,True,True
5,790,2022-10-12,790,2022-10-12,800,2022-10-27,0.56,0.55,3100.75,3157.39990234375,0.0182697419475127,0.001,0.0172697419475127,1.0,10,True,True
5,791,2022-10-13,791,2022-10-13,801,2022-10-28,0.61,0.55,3103.300048828125,3163.25,0.019318129162055546,0.001,0.018318129162055545,1.0,10,True,True
5,792,2022-10-14,792,2022-10-14,802,2022-10-31,0.59,0.55,3099.14990234375,3193.14990234375,0.03033089813723175,0.001,0.029330898137231748,1.0,10,True,True
5,795,2022-10-19,795,2022-10-19,805,2022-11-03,0.585,0.55,3121.85009765625,3206.75,0.027195380844035135,0.001,0.026195380844035134,1.0,10,True,True
5,803,2022-11-01,803,2022-11-01,813,2022-11-16,0.56,0.55,3259.699951171875,3355.35009765625,0.02934323646873952,0.001,0.02834323646873952,1.0,10,True,False
5,808,2022-11-09,808,2022-11-09,818,2022-11-23,0.59,0.55,3216.050048828125,3308.300048828125,0.028684255095350386,0.001,0.027684255095350385,1.0,10,True,True
5,810,2022-11-11,810,2022-11-11,820,2022-11-25,0.575,0.55,3315.949951171875,3389.64990234375,0.022225893712849627,0.001,0.021225893712849626,1.0,10,True,True
5,824,2022-12-01,824,2022-12-01,834,2022-12-15,0.615,0.55,3475.64990234375,3305.10009765625,-0.049069903321532014,0.001,-0.050069903321532015,1.0,10,False,False
5,829,2022-12-08,829,2022-12-08,839,2022-12-22,0.58,0.55,3350.550048828125,3259.699951171875,-0.02711498002783912,0.001,-0.02811498002783912,1.0,10,False,True
5,834,2022-12-15,834,2022-12-15,843,2022-12-28,0.665,0.55,3305.10009765625,3257.10009765625,-0.01099818358966707,0.001,-0.011998183589667071,1.0,10,False,False
5,835,2022-12-16,835,2022-12-16,843,2022-12-28,0.63,0.55,3240.25,3257.10009765625,0.005076753698595787,0.001,0.004076753698595787,1.0,10,True,True
5,836,2022-12-19,836,2022-12-19,843,2022-12-28,0.76,0.55,3202.050048828125,3257.10009765625,0.018550585230698993,0.001,0.01755058523069899,1.0,10,True,True
5,837,2022-12-20,837,2022-12-20,843,2022-12-28,0.65,0.55,3243.949951171875,3257.10009765625,0.02077718445071162,0.001,0.01977718445071162,1.0,10,True,True
5,838,2022-12-21,838,2022-12-21,843,2022-12-28,0.725,0.55,3268.550048828125,3257.10009765625,0.014104068417784579,0.001,0.013104068417784578,1.0,10,True,True
5,839,2022-12-22,839,2022-12-22,843,2022-12-28,0.675,0.55,3259.699951171875,3257.10009765625,0.015768367412435137,0.001,0.014768367412435136,1.0,10,True,True
5,840,2022-12-23,840,2022-12-23,843,2022-12-28,0.705,0.55,3228.35009765625,3257.10009765625,-0.005203911694807099,0.001,-0.006203911694807099,1.0,10,False,True
5,841,2022-12-26,841,2022-12-26,843,2022-12-28,0.585,0.55,3252.89990234375,3257.10009765625,0.02061239227798393,0.001,0.01961239227798393,1.0,10,True,True
5,842,2022-12-27,842,2022-12-27,843,2022-12-28,0.575,0.55,3259.5,3257.10009765625,0.00825276954862709,0.001,0.00725276954862709,1.0,10,True,True
5,843,2022-12-28,843,2022-12-28,843,2022-12-28,0.59,0.55,3257.10009765625,3257.10009765625,0.02198269975403794,0.001,0.02098269975403794,1.0,10,True,True
