asset,config,model,fold,feature,importance
reliance_ns,ALL_32,logistic_regression,1,Adj Close,0.6551362317879463
reliance_ns,ALL_32,logistic_regression,1,Close,0.6012466603505212
reliance_ns,ALL_32,logistic_regression,1,Low,0.45721022973286907
reliance_ns,ALL_32,logistic_regression,1,High,0.4164198417328127
reliance_ns,ALL_32,logistic_regression,1,SMA_20,0.4125123177297807
reliance_ns,ALL_32,logistic_regression,1,EMA_50,0.34448431764888154
reliance_ns,ALL_32,logistic_regression,1,EMA_20,0.31676219674816214
reliance_ns,ALL_32,logistic_regression,1,BODY_SIZE,0.304108138014266
reliance_ns,ALL_32,logistic_regression,1,Open,0.2814263096789939
reliance_ns,ALL_32,logistic_regression,1,TRUE_RANGE,0.27157181757432974
reliance_ns,ALL_32,logistic_regression,1,OPEN_CLOSE_PCT,0.24745180694158553
reliance_ns,ALL_32,logistic_regression,1,Volume,0.2470152130490144
reliance_ns,ALL_32,logistic_regression,1,VOLUME_SMA_20,0.20458586732981077
reliance_ns,ALL_32,logistic_regression,1,VOLUME_RATIO,0.18717213849416767
reliance_ns,ALL_32,logistic_regression,1,VOLUME_EMA_20,0.1797636256699384
reliance_ns,ALL_32,logistic_regression,1,ROC_12,0.15543564994877687
reliance_ns,ALL_32,logistic_regression,1,MOMENTUM_10,0.14376690434288997
reliance_ns,ALL_32,logistic_regression,1,UPPER_WICK,0.14016781186274377
reliance_ns,ALL_32,logistic_regression,1,ATR_14,0.1124838406504988
reliance_ns,ALL_32,logistic_regression,1,PRICE_CHANGE_PCT,0.08519812882680712
reliance_ns,ALL_32,logistic_regression,1,DAILY_RETURN,0.08519812882673541
reliance_ns,ALL_32,logistic_regression,1,OBV,0.06580124595842769
reliance_ns,ALL_32,logistic_regression,1,RSI_14,0.06533060444083749
reliance_ns,ALL_32,logistic_regression,1,GAP_PCT,0.06493020591066494
reliance_ns,ALL_32,logistic_regression,1,ROLLING_STD_20,0.059913566749675067
reliance_ns,ALL_32,logistic_regression,1,LOWER_WICK,0.059023311470751384
reliance_ns,ALL_32,logistic_regression,1,SMA_50,0.05574448515712523
reliance_ns,ALL_32,logistic_regression,1,HIST_VOL_20,0.04933921044865082
reliance_ns,ALL_32,logistic_regression,1,VOLUME_CHANGE_PCT,0.046081087381088494
reliance_ns,ALL_32,logistic_regression,1,MOMENTUM_20,0.014219954585234786
reliance_ns,ALL_32,logistic_regression,1,DAILY_RANGE_PCT,0.010574943538650775
reliance_ns,ALL_32,logistic_regression,1,HIGH_LOW_PCT,0.010574943538650775
reliance_ns,ALL_32,random_forest,1,GAP_PCT,0.03960021244471026
reliance_ns,ALL_32,random_forest,1,ROC_12,0.037717313464740894
reliance_ns,ALL_32,random_forest,1,VOLUME_RATIO,0.03683212328976686
reliance_ns,ALL_32,random_forest,1,LOWER_WICK,0.03661837223414211
reliance_ns,ALL_32,random_forest,1,ROLLING_STD_20,0.03643003611551049
reliance_ns,ALL_32,random_forest,1,ATR_14,0.03588873666863547
reliance_ns,ALL_32,random_forest,1,VOLUME_CHANGE_PCT,0.0358790735122642
reliance_ns,ALL_32,random_forest,1,VOLUME_SMA_20,0.03573567235705858
reliance_ns,ALL_32,random_forest,1,VOLUME_EMA_20,0.03549538589829771
reliance_ns,ALL_32,random_forest,1,HIST_VOL_20,0.03494202152688037
reliance_ns,ALL_32,random_forest,1,RSI_14,0.03487460674136785
reliance_ns,ALL_32,random_forest,1,MOMENTUM_20,0.03464294932106021
reliance_ns,ALL_32,random_forest,1,OBV,0.033029272206680546
reliance_ns,ALL_32,random_forest,1,Volume,0.032309646668274655
reliance_ns,ALL_32,random_forest,1,MOMENTUM_10,0.03221011344685025
reliance_ns,ALL_32,random_forest,1,PRICE_CHANGE_PCT,0.031197024021023596
reliance_ns,ALL_32,random_forest,1,OPEN_CLOSE_PCT,0.03092565913358297
reliance_ns,ALL_32,random_forest,1,BODY_SIZE,0.030852779736049572
reliance_ns,ALL_32,random_forest,1,UPPER_WICK,0.030416249100947073
reliance_ns,ALL_32,random_forest,1,DAILY_RETURN,0.029359223643831187
reliance_ns,ALL_32,random_forest,1,DAILY_RANGE_PCT,0.02910154331299043
reliance_ns,ALL_32,random_forest,1,HIGH_LOW_PCT,0.029042423675423302
reliance_ns,ALL_32,random_forest,1,TRUE_RANGE,0.027854231320106993
reliance_ns,ALL_32,random_forest,1,SMA_50,0.02703274236456069
reliance_ns,ALL_32,random_forest,1,EMA_50,0.026987385958751983
reliance_ns,ALL_32,random_forest,1,High,0.026317177733720082
reliance_ns,ALL_32,random_forest,1,Adj Close,0.026096020400381455
reliance_ns,ALL_32,random_forest,1,EMA_20,0.02536485854876084
reliance_ns,ALL_32,random_forest,1,Open,0.024891035360745804
reliance_ns,ALL_32,random_forest,1,Low,0.024487143669673483
reliance_ns,ALL_32,random_forest,1,SMA_20,0.02443063245666107
reliance_ns,ALL_32,random_forest,1,Close,0.023438333666549033
reliance_ns,ALL_32,xgboost,1,Adj Close,0.03795820474624634
reliance_ns,ALL_32,xgboost,1,DAILY_RANGE_PCT,0.03730388730764389
reliance_ns,ALL_32,xgboost,1,LOWER_WICK,0.034491296857595444
reliance_ns,ALL_32,xgboost,1,TRUE_RANGE,0.034282609820365906
reliance_ns,ALL_32,xgboost,1,GAP_PCT,0.03371227905154228
reliance_ns,ALL_32,xgboost,1,ROLLING_STD_20,0.03336813673377037
reliance_ns,ALL_32,xgboost,1,VOLUME_EMA_20,0.03322729095816612
reliance_ns,ALL_32,xgboost,1,ROC_12,0.032834701240062714
reliance_ns,ALL_32,xgboost,1,Low,0.03282490745186806
reliance_ns,ALL_32,xgboost,1,EMA_50,0.03279716148972511
reliance_ns,ALL_32,xgboost,1,VOLUME_RATIO,0.03264186903834343
reliance_ns,ALL_32,xgboost,1,Open,0.03257860615849495
reliance_ns,ALL_32,xgboost,1,OBV,0.03236539289355278
reliance_ns,ALL_32,xgboost,1,OPEN_CLOSE_PCT,0.03194829076528549
reliance_ns,ALL_32,xgboost,1,VOLUME_SMA_20,0.031559787690639496
reliance_ns,ALL_32,xgboost,1,SMA_20,0.0315268337726593
reliance_ns,ALL_32,xgboost,1,SMA_50,0.031401146203279495
reliance_ns,ALL_32,xgboost,1,Close,0.03093140386044979
reliance_ns,ALL_32,xgboost,1,High,0.030881289392709732
reliance_ns,ALL_32,xgboost,1,Volume,0.030704215168952942
reliance_ns,ALL_32,xgboost,1,UPPER_WICK,0.030007658526301384
reliance_ns,ALL_32,xgboost,1,MOMENTUM_20,0.029951270669698715
reliance_ns,ALL_32,xgboost,1,EMA_20,0.029323894530534744
reliance_ns,ALL_32,xgboost,1,RSI_14,0.028773650527000427
reliance_ns,ALL_32,xgboost,1,BODY_SIZE,0.028491247445344925
reliance_ns,ALL_32,xgboost,1,VOLUME_CHANGE_PCT,0.02828981913626194
reliance_ns,ALL_32,xgboost,1,DAILY_RETURN,0.028251001611351967
reliance_ns,ALL_32,xgboost,1,HIST_VOL_20,0.027882801368832588
reliance_ns,ALL_32,xgboost,1,MOMENTUM_10,0.027788195759058
reliance_ns,ALL_32,xgboost,1,ATR_14,0.027703717350959778
reliance_ns,ALL_32,xgboost,1,HIGH_LOW_PCT,0.027413945645093918
reliance_ns,ALL_32,xgboost,1,PRICE_CHANGE_PCT,0.026783471927046776
reliance_ns,ALL_32,logistic_regression,2,EMA_50,0.4239106371229145
reliance_ns,ALL_32,logistic_regression,2,SMA_20,0.32614398273221257
reliance_ns,ALL_32,logistic_regression,2,EMA_20,0.306812536871408
reliance_ns,ALL_32,logistic_regression,2,OBV,0.246221842886154
reliance_ns,ALL_32,logistic_regression,2,ROC_12,0.18979739212675767
reliance_ns,ALL_32,logistic_regression,2,Close,0.16617493599129232
reliance_ns,ALL_32,logistic_regression,2,Volume,0.13145291424169514
reliance_ns,ALL_32,logistic_regression,2,Open,0.12248232353869165
reliance_ns,ALL_32,logistic_regression,2,RSI_14,0.11002792502666152
reliance_ns,ALL_32,logistic_regression,2,ROLLING_STD_20,0.10657370916837694
reliance_ns,ALL_32,logistic_regression,2,HIST_VOL_20,0.10232000201933235
reliance_ns,ALL_32,logistic_regression,2,VOLUME_SMA_20,0.097352083532783
reliance_ns,ALL_32,logistic_regression,2,TRUE_RANGE,0.09483789784264574
reliance_ns,ALL_32,logistic_regression,2,SMA_50,0.08812373033852133
reliance_ns,ALL_32,logistic_regression,2,GAP_PCT,0.07530746111481798
reliance_ns,ALL_32,logistic_regression,2,VOLUME_CHANGE_PCT,0.06526393452725922
reliance_ns,ALL_32,logistic_regression,2,VOLUME_EMA_20,0.052480965644548905
reliance_ns,ALL_32,logistic_regression,2,MOMENTUM_20,0.05092427980891491
reliance_ns,ALL_32,logistic_regression,2,VOLUME_RATIO,0.048121228017544725
reliance_ns,ALL_32,logistic_regression,2,BODY_SIZE,0.0454288367486269
reliance_ns,ALL_32,logistic_regression,2,Adj Close,0.04096461095587435
reliance_ns,ALL_32,logistic_regression,2,UPPER_WICK,0.03223839158664236
reliance_ns,ALL_32,logistic_regression,2,OPEN_CLOSE_PCT,0.026215854598398317
reliance_ns,ALL_32,logistic_regression,2,PRICE_CHANGE_PCT,0.02592099821630761
reliance_ns,ALL_32,logistic_regression,2,DAILY_RETURN,0.025920998216275082
reliance_ns,ALL_32,logistic_regression,2,High,0.022524774930354013
reliance_ns,ALL_32,logistic_regression,2,Low,0.021070119540358513
reliance_ns,ALL_32,logistic_regression,2,MOMENTUM_10,0.017495359857909263
reliance_ns,ALL_32,logistic_regression,2,LOWER_WICK,0.013102142148192728
reliance_ns,ALL_32,logistic_regression,2,DAILY_RANGE_PCT,0.009273356528569433
reliance_ns,ALL_32,logistic_regression,2,HIGH_LOW_PCT,0.009273356528569433
reliance_ns,ALL_32,logistic_regression,2,ATR_14,0.006520844246810173
reliance_ns,ALL_32,random_forest,2,GAP_PCT,0.04083339402930946
reliance_ns,ALL_32,random_forest,2,VOLUME_CHANGE_PCT,0.03759795589494044
reliance_ns,ALL_32,random_forest,2,VOLUME_RATIO,0.03758777112641465
reliance_ns,ALL_32,random_forest,2,HIST_VOL_20,0.03663959363487168
reliance_ns,ALL_32,random_forest,2,RSI_14,0.036622320433242844
reliance_ns,ALL_32,random_forest,2,ROC_12,0.03585372956496683
reliance_ns,ALL_32,random_forest,2,ROLLING_STD_20,0.03549316402888513
reliance_ns,ALL_32,random_forest,2,MOMENTUM_20,0.03546985512099419
reliance_ns,ALL_32,random_forest,2,BODY_SIZE,0.03462197697143345
reliance_ns,ALL_32,random_forest,2,VOLUME_EMA_20,0.033711084325039595
reliance_ns,ALL_32,random_forest,2,VOLUME_SMA_20,0.03317988408969736
reliance_ns,ALL_32,random_forest,2,Volume,0.03305658902564388
reliance_ns,ALL_32,random_forest,2,MOMENTUM_10,0.03286602107231735
reliance_ns,ALL_32,random_forest,2,OPEN_CLOSE_PCT,0.03254310039484086
reliance_ns,ALL_32,random_forest,2,HIGH_LOW_PCT,0.032199436677237146
reliance_ns,ALL_32,random_forest,2,ATR_14,0.03218493576512667
reliance_ns,ALL_32,random_forest,2,PRICE_CHANGE_PCT,0.03209974281393134
reliance_ns,ALL_32,random_forest,2,UPPER_WICK,0.031812044194920654
reliance_ns,ALL_32,random_forest,2,LOWER_WICK,0.031658261932918146
reliance_ns,ALL_32,random_forest,2,DAILY_RETURN,0.03136916956856056
reliance_ns,ALL_32,random_forest,2,DAILY_RANGE_PCT,0.031134510218539323
reliance_ns,ALL_32,random_forest,2,OBV,0.029927050949703368
reliance_ns,ALL_32,random_forest,2,TRUE_RANGE,0.028334910469500284
reliance_ns,ALL_32,random_forest,2,EMA_50,0.026671912962357155
reliance_ns,ALL_32,random_forest,2,EMA_20,0.026322588874046194
reliance_ns,ALL_32,random_forest,2,SMA_20,0.025901130354173282
reliance_ns,ALL_32,random_forest,2,SMA_50,0.025688824008253352
reliance_ns,ALL_32,random_forest,2,Adj Close,0.02462220229283666
reliance_ns,ALL_32,random_forest,2,High,0.023989634184978455
reliance_ns,ALL_32,random_forest,2,Low,0.023731908106172823
reliance_ns,ALL_32,random_forest,2,Open,0.02316534806825161
reliance_ns,ALL_32,random_forest,2,Close,0.023109948845895303
reliance_ns,ALL_32,xgboost,2,SMA_20,0.037349265068769455
reliance_ns,ALL_32,xgboost,2,EMA_20,0.03596598282456398
reliance_ns,ALL_32,xgboost,2,Close,0.03552944213151932
reliance_ns,ALL_32,xgboost,2,DAILY_RANGE_PCT,0.03478466719388962
reliance_ns,ALL_32,xgboost,2,UPPER_WICK,0.03373843431472778
reliance_ns,ALL_32,xgboost,2,TRUE_RANGE,0.033323582261800766
reliance_ns,ALL_32,xgboost,2,VOLUME_SMA_20,0.03314715996384621
reliance_ns,ALL_32,xgboost,2,Open,0.03261667490005493
reliance_ns,ALL_32,xgboost,2,VOLUME_EMA_20,0.032322049140930176
reliance_ns,ALL_32,xgboost,2,ROC_12,0.0323091559112072
reliance_ns,ALL_32,xgboost,2,OBV,0.032148074358701706
reliance_ns,ALL_32,xgboost,2,GAP_PCT,0.03209035098552704
reliance_ns,ALL_32,xgboost,2,BODY_SIZE,0.032055411487817764
reliance_ns,ALL_32,xgboost,2,EMA_50,0.031763240694999695
reliance_ns,ALL_32,xgboost,2,Volume,0.03175893425941467
reliance_ns,ALL_32,xgboost,2,ROLLING_STD_20,0.03170282393693924
reliance_ns,ALL_32,xgboost,2,Low,0.03074583038687706
reliance_ns,ALL_32,xgboost,2,LOWER_WICK,0.030634216964244843
reliance_ns,ALL_32,xgboost,2,PRICE_CHANGE_PCT,0.030235420912504196
reliance_ns,ALL_32,xgboost,2,DAILY_RETURN,0.03012489713728428
reliance_ns,ALL_32,xgboost,2,RSI_14,0.029858848080039024
reliance_ns,ALL_32,xgboost,2,SMA_50,0.029838470742106438
reliance_ns,ALL_32,xgboost,2,VOLUME_CHANGE_PCT,0.02975250408053398
reliance_ns,ALL_32,xgboost,2,VOLUME_RATIO,0.029642721638083458
reliance_ns,ALL_32,xgboost,2,HIST_VOL_20,0.02922525629401207
reliance_ns,ALL_32,xgboost,2,High,0.0292202215641737
reliance_ns,ALL_32,xgboost,2,OPEN_CLOSE_PCT,0.0289007481187582
reliance_ns,ALL_32,xgboost,2,ATR_14,0.028487518429756165
reliance_ns,ALL_32,xgboost,2,MOMENTUM_20,0.02824457176029682
reliance_ns,ALL_32,xgboost,2,Adj Close,0.028151025995612144
reliance_ns,ALL_32,xgboost,2,MOMENTUM_10,0.027390528470277786
reliance_ns,ALL_32,xgboost,2,HIGH_LOW_PCT,0.02694200910627842
reliance_ns,ALL_32,logistic_regression,3,EMA_50,0.5598564304312166
reliance_ns,ALL_32,logistic_regression,3,EMA_20,0.4883894949996519
reliance_ns,ALL_32,logistic_regression,3,SMA_50,0.47518659132497626
reliance_ns,ALL_32,logistic_regression,3,SMA_20,0.4426126474058176
reliance_ns,ALL_32,logistic_regression,3,OBV,0.2194158877291623
reliance_ns,ALL_32,logistic_regression,3,Open,0.20063359416779514
reliance_ns,ALL_32,logistic_regression,3,ROC_12,0.16192937633882917
reliance_ns,ALL_32,logistic_regression,3,VOLUME_CHANGE_PCT,0.14104744207643255
reliance_ns,ALL_32,logistic_regression,3,GAP_PCT,0.1393140935667044
reliance_ns,ALL_32,logistic_regression,3,RSI_14,0.10868651016064476
reliance_ns,ALL_32,logistic_regression,3,HIST_VOL_20,0.09729372534894684
reliance_ns,ALL_32,logistic_regression,3,Low,0.08741876735665263
reliance_ns,ALL_32,logistic_regression,3,High,0.08580418031675982
reliance_ns,ALL_32,logistic_regression,3,ROLLING_STD_20,0.08406472387772179
reliance_ns,ALL_32,logistic_regression,3,VOLUME_RATIO,0.06835894589359934
reliance_ns,ALL_32,logistic_regression,3,LOWER_WICK,0.0640334382086834
reliance_ns,ALL_32,logistic_regression,3,VOLUME_SMA_20,0.06175275976569247
reliance_ns,ALL_32,logistic_regression,3,Adj Close,0.051060105594314176
reliance_ns,ALL_32,logistic_regression,3,ATR_14,0.041771782523903934
reliance_ns,ALL_32,logistic_regression,3,DAILY_RETURN,0.03992429755303408
reliance_ns,ALL_32,logistic_regression,3,PRICE_CHANGE_PCT,0.03992429755299906
reliance_ns,ALL_32,logistic_regression,3,TRUE_RANGE,0.033079686099949164
reliance_ns,ALL_32,logistic_regression,3,Close,0.026189433575998743
reliance_ns,ALL_32,logistic_regression,3,UPPER_WICK,0.02425638231238404
reliance_ns,ALL_32,logistic_regression,3,Volume,0.020135178901341727
reliance_ns,ALL_32,logistic_regression,3,DAILY_RANGE_PCT,0.0181937403849753
reliance_ns,ALL_32,logistic_regression,3,HIGH_LOW_PCT,0.0181937403849753
reliance_ns,ALL_32,logistic_regression,3,MOMENTUM_20,0.011437166949143457
reliance_ns,ALL_32,logistic_regression,3,OPEN_CLOSE_PCT,0.008857970124486981
reliance_ns,ALL_32,logistic_regression,3,BODY_SIZE,0.005561816829641779
reliance_ns,ALL_32,logistic_regression,3,VOLUME_EMA_20,0.0020323679459462174
reliance_ns,ALL_32,logistic_regression,3,MOMENTUM_10,0.0013116132358445998
reliance_ns,ALL_32,random_forest,3,GAP_PCT,0.041112532872764486
reliance_ns,ALL_32,random_forest,3,VOLUME_CHANGE_PCT,0.0384542467933517
reliance_ns,ALL_32,random_forest,3,VOLUME_RATIO,0.03699678104891816
reliance_ns,ALL_32,random_forest,3,HIST_VOL_20,0.036650692486362935
reliance_ns,ALL_32,random_forest,3,ROC_12,0.03651078329309923
reliance_ns,ALL_32,random_forest,3,MOMENTUM_20,0.03594472781966801
reliance_ns,ALL_32,random_forest,3,RSI_14,0.03489201423221805
reliance_ns,ALL_32,random_forest,3,MOMENTUM_10,0.03462616493291342
reliance_ns,ALL_32,random_forest,3,UPPER_WICK,0.03450816145346585
reliance_ns,ALL_32,random_forest,3,BODY_SIZE,0.03437977417373472
reliance_ns,ALL_32,random_forest,3,LOWER_WICK,0.03429670027448637
reliance_ns,ALL_32,random_forest,3,ROLLING_STD_20,0.03406657057755761
reliance_ns,ALL_32,random_forest,3,Volume,0.03286093248916209
reliance_ns,ALL_32,random_forest,3,DAILY_RETURN,0.03242423845297232
reliance_ns,ALL_32,random_forest,3,OBV,0.032402747348697164
reliance_ns,ALL_32,random_forest,3,OPEN_CLOSE_PCT,0.03197511955448943
reliance_ns,ALL_32,random_forest,3,PRICE_CHANGE_PCT,0.03168186222626359
reliance_ns,ALL_32,random_forest,3,ATR_14,0.03162466844214089
reliance_ns,ALL_32,random_forest,3,VOLUME_EMA_20,0.03156468591117449
reliance_ns,ALL_32,random_forest,3,VOLUME_SMA_20,0.031218727540372537
reliance_ns,ALL_32,random_forest,3,DAILY_RANGE_PCT,0.031133977798776233
reliance_ns,ALL_32,random_forest,3,HIGH_LOW_PCT,0.03091294891785244
reliance_ns,ALL_32,random_forest,3,TRUE_RANGE,0.02967962821455534
reliance_ns,ALL_32,random_forest,3,Adj Close,0.025438007153892963
reliance_ns,ALL_32,random_forest,3,SMA_20,0.02532027353121911
reliance_ns,ALL_32,random_forest,3,EMA_20,0.02493641324477544
reliance_ns,ALL_32,random_forest,3,SMA_50,0.02488683405764604
reliance_ns,ALL_32,random_forest,3,EMA_50,0.024639635313577414
reliance_ns,ALL_32,random_forest,3,Open,0.024129647986506454
reliance_ns,ALL_32,random_forest,3,Close,0.024005311074409823
reliance_ns,ALL_32,random_forest,3,High,0.02348355111862832
reliance_ns,ALL_32,random_forest,3,Low,0.02324163966434732
reliance_ns,ALL_32,xgboost,3,ROC_12,0.03592199832201004
reliance_ns,ALL_32,xgboost,3,SMA_20,0.03589166700839996
reliance_ns,ALL_32,xgboost,3,TRUE_RANGE,0.03503171727061272
reliance_ns,ALL_32,xgboost,3,Close,0.03386140614748001
reliance_ns,ALL_32,xgboost,3,Low,0.03302258998155594
reliance_ns,ALL_32,xgboost,3,HIST_VOL_20,0.03271309658885002
reliance_ns,ALL_32,xgboost,3,DAILY_RANGE_PCT,0.03232550993561745
reliance_ns,ALL_32,xgboost,3,DAILY_RETURN,0.03221709281206131
reliance_ns,ALL_32,xgboost,3,HIGH_LOW_PCT,0.03212174028158188
reliance_ns,ALL_32,xgboost,3,MOMENTUM_20,0.03192804381251335
reliance_ns,ALL_32,xgboost,3,OBV,0.03187797591090202
reliance_ns,ALL_32,xgboost,3,VOLUME_RATIO,0.03183872997760773
reliance_ns,ALL_32,xgboost,3,VOLUME_EMA_20,0.031813908368349075
reliance_ns,ALL_32,xgboost,3,VOLUME_SMA_20,0.03177250176668167
reliance_ns,ALL_32,xgboost,3,BODY_SIZE,0.031755853444337845
reliance_ns,ALL_32,xgboost,3,Volume,0.03130674734711647
reliance_ns,ALL_32,xgboost,3,GAP_PCT,0.03127504885196686
reliance_ns,ALL_32,xgboost,3,VOLUME_CHANGE_PCT,0.03116743452847004
reliance_ns,ALL_32,xgboost,3,LOWER_WICK,0.031076490879058838
reliance_ns,ALL_32,xgboost,3,MOMENTUM_10,0.03066980093717575
reliance_ns,ALL_32,xgboost,3,Open,0.030404627323150635
reliance_ns,ALL_32,xgboost,3,OPEN_CLOSE_PCT,0.030130881816148758
reliance_ns,ALL_32,xgboost,3,UPPER_WICK,0.030112873762845993
reliance_ns,ALL_32,xgboost,3,PRICE_CHANGE_PCT,0.03006882406771183
reliance_ns,ALL_32,xgboost,3,ROLLING_STD_20,0.030008142814040184
reliance_ns,ALL_32,xgboost,3,ATR_14,0.029207099229097366
reliance_ns,ALL_32,xgboost,3,EMA_20,0.028727659955620766
reliance_ns,ALL_32,xgboost,3,EMA_50,0.02865717187523842
reliance_ns,ALL_32,xgboost,3,RSI_14,0.02845611982047558
reliance_ns,ALL_32,xgboost,3,High,0.028384625911712646
reliance_ns,ALL_32,xgboost,3,Adj Close,0.028275834396481514
reliance_ns,ALL_32,xgboost,3,SMA_50,0.027976788580417633
reliance_ns,SHORTLIST_16,logistic_regression,1,BODY_SIZE,0.2327784530654836
reliance_ns,SHORTLIST_16,logistic_regression,1,OPEN_CLOSE_PCT,0.20419000420815042
reliance_ns,SHORTLIST_16,logistic_regression,1,ATR_14,0.11683924029392057
reliance_ns,SHORTLIST_16,logistic_regression,1,HIGH_LOW_PCT,0.11039548859566267
reliance_ns,SHORTLIST_16,logistic_regression,1,DAILY_RANGE_PCT,0.11039548859566267
reliance_ns,SHORTLIST_16,logistic_regression,1,ROC_12,0.09680616134299265
reliance_ns,SHORTLIST_16,logistic_regression,1,PRICE_CHANGE_PCT,0.08936259473102127
reliance_ns,SHORTLIST_16,logistic_regression,1,DAILY_RETURN,0.08936259473095667
reliance_ns,SHORTLIST_16,logistic_regression,1,UPPER_WICK,0.08363391315338972
reliance_ns,SHORTLIST_16,logistic_regression,1,GAP_PCT,0.07063420763448586
reliance_ns,SHORTLIST_16,logistic_regression,1,VOLUME_CHANGE_PCT,0.07038472638394362
reliance_ns,SHORTLIST_16,logistic_regression,1,LOWER_WICK,0.049362281504938606
reliance_ns,SHORTLIST_16,logistic_regression,1,ROLLING_STD_20,0.04892573584964382
reliance_ns,SHORTLIST_16,logistic_regression,1,VOLUME_RATIO,0.03770873825238417
reliance_ns,SHORTLIST_16,logistic_regression,1,HIST_VOL_20,0.01954552915216104
reliance_ns,SHORTLIST_16,logistic_regression,1,RSI_14,0.012451262661840429
reliance_ns,SHORTLIST_16,random_forest,1,ROLLING_STD_20,0.0733619550640904
reliance_ns,SHORTLIST_16,random_forest,1,ROC_12,0.07307957520652286
reliance_ns,SHORTLIST_16,random_forest,1,VOLUME_RATIO,0.07259702747203232
reliance_ns,SHORTLIST_16,random_forest,1,ATR_14,0.0685225474533601
reliance_ns,SHORTLIST_16,random_forest,1,HIST_VOL_20,0.0684314842214919
reliance_ns,SHORTLIST_16,random_forest,1,RSI_14,0.06833200361447722
reliance_ns,SHORTLIST_16,random_forest,1,GAP_PCT,0.06809602227495332
reliance_ns,SHORTLIST_16,random_forest,1,LOWER_WICK,0.06518611111527324
reliance_ns,SHORTLIST_16,random_forest,1,VOLUME_CHANGE_PCT,0.06419620022726336
reliance_ns,SHORTLIST_16,random_forest,1,UPPER_WICK,0.05696066742507721
reliance_ns,SHORTLIST_16,random_forest,1,BODY_SIZE,0.055863182669493236
reliance_ns,SHORTLIST_16,random_forest,1,OPEN_CLOSE_PCT,0.054068799758525465
reliance_ns,SHORTLIST_16,random_forest,1,DAILY_RANGE_PCT,0.05382591261307568
reliance_ns,SHORTLIST_16,random_forest,1,DAILY_RETURN,0.052857359316513135
reliance_ns,SHORTLIST_16,random_forest,1,HIGH_LOW_PCT,0.05280242968401883
reliance_ns,SHORTLIST_16,random_forest,1,PRICE_CHANGE_PCT,0.0518187218838318
reliance_ns,SHORTLIST_16,xgboost,1,GAP_PCT,0.06905582547187805
reliance_ns,SHORTLIST_16,xgboost,1,LOWER_WICK,0.0684061348438263
reliance_ns,SHORTLIST_16,xgboost,1,DAILY_RANGE_PCT,0.06832794100046158
reliance_ns,SHORTLIST_16,xgboost,1,ROLLING_STD_20,0.0669296458363533
reliance_ns,SHORTLIST_16,xgboost,1,HIGH_LOW_PCT,0.06572242826223373
reliance_ns,SHORTLIST_16,xgboost,1,DAILY_RETURN,0.06478551030158997
reliance_ns,SHORTLIST_16,xgboost,1,PRICE_CHANGE_PCT,0.06411217153072357
reliance_ns,SHORTLIST_16,xgboost,1,VOLUME_RATIO,0.06222238764166832
reliance_ns,SHORTLIST_16,xgboost,1,ROC_12,0.06163828447461128
reliance_ns,SHORTLIST_16,xgboost,1,VOLUME_CHANGE_PCT,0.06111757457256317
reliance_ns,SHORTLIST_16,xgboost,1,HIST_VOL_20,0.0600513331592083
reliance_ns,SHORTLIST_16,xgboost,1,ATR_14,0.05912502482533455
reliance_ns,SHORTLIST_16,xgboost,1,OPEN_CLOSE_PCT,0.05777791142463684
reliance_ns,SHORTLIST_16,xgboost,1,BODY_SIZE,0.0574658177793026
reliance_ns,SHORTLIST_16,xgboost,1,UPPER_WICK,0.05745421722531319
reliance_ns,SHORTLIST_16,xgboost,1,RSI_14,0.055807776749134064
reliance_ns,SHORTLIST_16,logistic_regression,2,ROC_12,0.18662927624013176
reliance_ns,SHORTLIST_16,logistic_regression,2,RSI_14,0.13665650122442716
reliance_ns,SHORTLIST_16,logistic_regression,2,ROLLING_STD_20,0.1095255489397139
reliance_ns,SHORTLIST_16,logistic_regression,2,VOLUME_CHANGE_PCT,0.07893116039879824
reliance_ns,SHORTLIST_16,logistic_regression,2,HIST_VOL_20,0.07794095466463936
reliance_ns,SHORTLIST_16,logistic_regression,2,ATR_14,0.05526445151485437
reliance_ns,SHORTLIST_16,logistic_regression,2,VOLUME_RATIO,0.041258051800985976
reliance_ns,SHORTLIST_16,logistic_regression,2,GAP_PCT,0.036685572413491574
reliance_ns,SHORTLIST_16,logistic_regression,2,LOWER_WICK,0.029175461348393276
reliance_ns,SHORTLIST_16,logistic_regression,2,PRICE_CHANGE_PCT,0.021777731282157257
reliance_ns,SHORTLIST_16,logistic_regression,2,DAILY_RETURN,0.021777731282154968
reliance_ns,SHORTLIST_16,logistic_regression,2,OPEN_CLOSE_PCT,0.019582887936087617
reliance_ns,SHORTLIST_16,logistic_regression,2,BODY_SIZE,0.016837743082660058
reliance_ns,SHORTLIST_16,logistic_regression,2,HIGH_LOW_PCT,0.010604432682917636
reliance_ns,SHORTLIST_16,logistic_regression,2,DAILY_RANGE_PCT,0.010604432682917636
reliance_ns,SHORTLIST_16,logistic_regression,2,UPPER_WICK,0.0031658110790654488
reliance_ns,SHORTLIST_16,random_forest,2,HIST_VOL_20,0.07136193318173877
reliance_ns,SHORTLIST_16,random_forest,2,ROC_12,0.07048890153034393
reliance_ns,SHORTLIST_16,random_forest,2,VOLUME_RATIO,0.06962057691455494
reliance_ns,SHORTLIST_16,random_forest,2,GAP_PCT,0.06782579216089467
reliance_ns,SHORTLIST_16,random_forest,2,RSI_14,0.06713306831968552
reliance_ns,SHORTLIST_16,random_forest,2,VOLUME_CHANGE_PCT,0.06703891293205806
reliance_ns,SHORTLIST_16,random_forest,2,ATR_14,0.06619110644266417
reliance_ns,SHORTLIST_16,random_forest,2,ROLLING_STD_20,0.0650728512088096
reliance_ns,SHORTLIST_16,random_forest,2,BODY_SIZE,0.061960547790482164
reliance_ns,SHORTLIST_16,random_forest,2,UPPER_WICK,0.06008476926933546
reliance_ns,SHORTLIST_16,random_forest,2,LOWER_WICK,0.05902659142578268
reliance_ns,SHORTLIST_16,random_forest,2,OPEN_CLOSE_PCT,0.05636606161047445
reliance_ns,SHORTLIST_16,random_forest,2,DAILY_RANGE_PCT,0.056335544505256276
reliance_ns,SHORTLIST_16,random_forest,2,HIGH_LOW_PCT,0.056240114093118666
reliance_ns,SHORTLIST_16,random_forest,2,DAILY_RETURN,0.052890513526111016
reliance_ns,SHORTLIST_16,random_forest,2,PRICE_CHANGE_PCT,0.052362715088689615
reliance_ns,SHORTLIST_16,xgboost,2,ROC_12,0.06648678332567215
reliance_ns,SHORTLIST_16,xgboost,2,ROLLING_STD_20,0.06622104346752167
reliance_ns,SHORTLIST_16,xgboost,2,VOLUME_RATIO,0.06463561207056046
reliance_ns,SHORTLIST_16,xgboost,2,HIGH_LOW_PCT,0.06406465172767639
reliance_ns,SHORTLIST_16,xgboost,2,UPPER_WICK,0.06390491873025894
reliance_ns,SHORTLIST_16,xgboost,2,LOWER_WICK,0.06356590241193771
reliance_ns,SHORTLIST_16,xgboost,2,DAILY_RANGE_PCT,0.06313490122556686
reliance_ns,SHORTLIST_16,xgboost,2,HIST_VOL_20,0.06301923841238022
reliance_ns,SHORTLIST_16,xgboost,2,BODY_SIZE,0.06269112229347229
reliance_ns,SHORTLIST_16,xgboost,2,GAP_PCT,0.06254592537879944
reliance_ns,SHORTLIST_16,xgboost,2,DAILY_RETURN,0.06220974400639534
reliance_ns,SHORTLIST_16,xgboost,2,OPEN_CLOSE_PCT,0.060840241611003876
reliance_ns,SHORTLIST_16,xgboost,2,VOLUME_CHANGE_PCT,0.06043371558189392
reliance_ns,SHORTLIST_16,xgboost,2,RSI_14,0.05990176275372505
reliance_ns,SHORTLIST_16,xgboost,2,ATR_14,0.058395564556121826
reliance_ns,SHORTLIST_16,xgboost,2,PRICE_CHANGE_PCT,0.05794891342520714
reliance_ns,SHORTLIST_16,logistic_regression,3,ROC_12,0.1617614181609351
reliance_ns,SHORTLIST_16,logistic_regression,3,VOLUME_CHANGE_PCT,0.1496907477317721
reliance_ns,SHORTLIST_16,logistic_regression,3,RSI_14,0.11286932704714969
reliance_ns,SHORTLIST_16,logistic_regression,3,ROLLING_STD_20,0.09419706357241808
reliance_ns,SHORTLIST_16,logistic_regression,3,VOLUME_RATIO,0.08017649080296949
reliance_ns,SHORTLIST_16,logistic_regression,3,LOWER_WICK,0.0642279955269294
reliance_ns,SHORTLIST_16,logistic_regression,3,HIST_VOL_20,0.06188805043981096
reliance_ns,SHORTLIST_16,logistic_regression,3,ATR_14,0.04247217708470377
reliance_ns,SHORTLIST_16,logistic_regression,3,GAP_PCT,0.03756575437672743
reliance_ns,SHORTLIST_16,logistic_regression,3,OPEN_CLOSE_PCT,0.0257692870385927
reliance_ns,SHORTLIST_16,logistic_regression,3,PRICE_CHANGE_PCT,0.017748566636330988
reliance_ns,SHORTLIST_16,logistic_regression,3,DAILY_RETURN,0.017748566636328664
reliance_ns,SHORTLIST_16,logistic_regression,3,BODY_SIZE,0.015196709772381958
reliance_ns,SHORTLIST_16,logistic_regression,3,UPPER_WICK,0.013362791260635809
reliance_ns,SHORTLIST_16,logistic_regression,3,HIGH_LOW_PCT,0.0043514978922522905
reliance_ns,SHORTLIST_16,logistic_regression,3,DAILY_RANGE_PCT,0.0043514978922522905
reliance_ns,SHORTLIST_16,random_forest,3,GAP_PCT,0.07081033324172709
reliance_ns,SHORTLIST_16,random_forest,3,VOLUME_RATIO,0.06921286532577324
reliance_ns,SHORTLIST_16,random_forest,3,ROC_12,0.06907261160071188
reliance_ns,SHORTLIST_16,random_forest,3,HIST_VOL_20,0.06800462109882308
reliance_ns,SHORTLIST_16,random_forest,3,VOLUME_CHANGE_PCT,0.0666077676684261
reliance_ns,SHORTLIST_16,random_forest,3,RSI_14,0.06659825117271727
reliance_ns,SHORTLIST_16,random_forest,3,ROLLING_STD_20,0.06569396917711572
reliance_ns,SHORTLIST_16,random_forest,3,ATR_14,0.06412553691533851
reliance_ns,SHORTLIST_16,random_forest,3,BODY_SIZE,0.06216437014660718
reliance_ns,SHORTLIST_16,random_forest,3,UPPER_WICK,0.061694654375533
reliance_ns,SHORTLIST_16,random_forest,3,LOWER_WICK,0.06149389934494671
reliance_ns,SHORTLIST_16,random_forest,3,OPEN_CLOSE_PCT,0.05760359380646316
reliance_ns,SHORTLIST_16,random_forest,3,DAILY_RANGE_PCT,0.05608041823177329
reliance_ns,SHORTLIST_16,random_forest,3,HIGH_LOW_PCT,0.05524917460992939
reliance_ns,SHORTLIST_16,random_forest,3,DAILY_RETURN,0.05280544753905064
reliance_ns,SHORTLIST_16,random_forest,3,PRICE_CHANGE_PCT,0.05278248574506366
reliance_ns,SHORTLIST_16,xgboost,3,DAILY_RANGE_PCT,0.0790364071726799
reliance_ns,SHORTLIST_16,xgboost,3,ROC_12,0.06589637696743011
reliance_ns,SHORTLIST_16,xgboost,3,UPPER_WICK,0.06433457136154175
reliance_ns,SHORTLIST_16,xgboost,3,GAP_PCT,0.06417400389909744
reliance_ns,SHORTLIST_16,xgboost,3,BODY_SIZE,0.06417272239923477
reliance_ns,SHORTLIST_16,xgboost,3,VOLUME_RATIO,0.0636390745639801
reliance_ns,SHORTLIST_16,xgboost,3,RSI_14,0.06296601891517639
reliance_ns,SHORTLIST_16,xgboost,3,LOWER_WICK,0.06263693422079086
reliance_ns,SHORTLIST_16,xgboost,3,HIST_VOL_20,0.06172360107302666
reliance_ns,SHORTLIST_16,xgboost,3,HIGH_LOW_PCT,0.06036224216222763
reliance_ns,SHORTLIST_16,xgboost,3,ROLLING_STD_20,0.060247331857681274
reliance_ns,SHORTLIST_16,xgboost,3,PRICE_CHANGE_PCT,0.05941131338477135
reliance_ns,SHORTLIST_16,xgboost,3,OPEN_CLOSE_PCT,0.05869695916771889
reliance_ns,SHORTLIST_16,xgboost,3,VOLUME_CHANGE_PCT,0.05860982462763786
reliance_ns,SHORTLIST_16,xgboost,3,ATR_14,0.05858717858791351
reliance_ns,SHORTLIST_16,xgboost,3,DAILY_RETURN,0.05550545081496239
reliance_ns,NO_PRICE_LEVELS_27,logistic_regression,1,BODY_SIZE,0.2681932562429246
reliance_ns,NO_PRICE_LEVELS_27,logistic_regression,1,TRUE_RANGE,0.2492745621243992
reliance_ns,NO_PRICE_LEVELS_27,logistic_regression,1,Volume,0.2447363626232549
reliance_ns,NO_PRICE_LEVELS_27,logistic_regression,1,EMA_50,0.22519131396777242
reliance_ns,NO_PRICE_LEVELS_27,logistic_regression,1,VOLUME_SMA_20,0.19884531432397357
reliance_ns,NO_PRICE_LEVELS_27,logistic_regression,1,VOLUME_RATIO,0.19050747667581897
reliance_ns,NO_PRICE_LEVELS_27,logistic_regression,1,OPEN_CLOSE_PCT,0.18626389756229225
reliance_ns,NO_PRICE_LEVELS_27,logistic_regression,1,ROC_12,0.1789131495820365
reliance_ns,NO_PRICE_LEVELS_27,logistic_regression,1,VOLUME_EMA_20,0.17793461740609914
reliance_ns,NO_PRICE_LEVELS_27,logistic_regression,1,OBV,0.16560641016386932
reliance_ns,NO_PRICE_LEVELS_27,logistic_regression,1,EMA_20,0.16308079629888914
reliance_ns,NO_PRICE_LEVELS_27,logistic_regression,1,SMA_20,0.1457886942807245
reliance_ns,NO_PRICE_LEVELS_27,logistic_regression,1,ATR_14,0.13123431981064168
reliance_ns,NO_PRICE_LEVELS_27,logistic_regression,1,UPPER_WICK,0.10888131301220218
reliance_ns,NO_PRICE_LEVELS_27,logistic_regression,1,MOMENTUM_20,0.09174314238354074
reliance_ns,NO_PRICE_LEVELS_27,logistic_regression,1,GAP_PCT,0.0738461793955939
reliance_ns,NO_PRICE_LEVELS_27,logistic_regression,1,PRICE_CHANGE_PCT,0.07337711117544747
reliance_ns,NO_PRICE_LEVELS_27,logistic_regression,1,DAILY_RETURN,0.07337711117538762
reliance_ns,NO_PRICE_LEVELS_27,logistic_regression,1,ROLLING_STD_20,0.06528665199264476
reliance_ns,NO_PRICE_LEVELS_27,logistic_regression,1,MOMENTUM_10,0.056740138353355826
reliance_ns,NO_PRICE_LEVELS_27,logistic_regression,1,LOWER_WICK,0.05531115437630932
reliance_ns,NO_PRICE_LEVELS_27,logistic_regression,1,VOLUME_CHANGE_PCT,0.042413181877444736
reliance_ns,NO_PRICE_LEVELS_27,logistic_regression,1,SMA_50,0.042291873132803255
reliance_ns,NO_PRICE_LEVELS_27,logistic_regression,1,RSI_14,0.03621263743824587
reliance_ns,NO_PRICE_LEVELS_27,logistic_regression,1,HIST_VOL_20,0.03598108383143576
reliance_ns,NO_PRICE_LEVELS_27,logistic_regression,1,DAILY_RANGE_PCT,0.0002850011465709673
reliance_ns,NO_PRICE_LEVELS_27,logistic_regression,1,HIGH_LOW_PCT,0.0002850011465709673
reliance_ns,NO_PRICE_LEVELS_27,random_forest,1,GAP_PCT,0.044315329454399616
reliance_ns,NO_PRICE_LEVELS_27,random_forest,1,ROC_12,0.042135687475359306
reliance_ns,NO_PRICE_LEVELS_27,random_forest,1,LOWER_WICK,0.041786090114970004
reliance_ns,NO_PRICE_LEVELS_27,random_forest,1,VOLUME_RATIO,0.041190577416009615
reliance_ns,NO_PRICE_LEVELS_27,random_forest,1,ATR_14,0.0411311320187531
reliance_ns,NO_PRICE_LEVELS_27,random_forest,1,ROLLING_STD_20,0.04071950591708308
reliance_ns,NO_PRICE_LEVELS_27,random_forest,1,OBV,0.0406761280007125
reliance_ns,NO_PRICE_LEVELS_27,random_forest,1,VOLUME_CHANGE_PCT,0.04051889895136737
reliance_ns,NO_PRICE_LEVELS_27,random_forest,1,VOLUME_EMA_20,0.040003445723905094
reliance_ns,NO_PRICE_LEVELS_27,random_forest,1,RSI_14,0.03994902111393812
reliance_ns,NO_PRICE_LEVELS_27,random_forest,1,HIST_VOL_20,0.0396950280969466
reliance_ns,NO_PRICE_LEVELS_27,random_forest,1,MOMENTUM_20,0.03911378372871756
reliance_ns,NO_PRICE_LEVELS_27,random_forest,1,VOLUME_SMA_20,0.03895003769351021
reliance_ns,NO_PRICE_LEVELS_27,random_forest,1,MOMENTUM_10,0.038602002726654226
reliance_ns,NO_PRICE_LEVELS_27,random_forest,1,Volume,0.03567382702907285
reliance_ns,NO_PRICE_LEVELS_27,random_forest,1,HIGH_LOW_PCT,0.03453779138242071
reliance_ns,NO_PRICE_LEVELS_27,random_forest,1,DAILY_RANGE_PCT,0.03449126981394071
reliance_ns,NO_PRICE_LEVELS_27,random_forest,1,OPEN_CLOSE_PCT,0.0343460198927855
reliance_ns,NO_PRICE_LEVELS_27,random_forest,1,BODY_SIZE,0.03379321615176715
reliance_ns,NO_PRICE_LEVELS_27,random_forest,1,DAILY_RETURN,0.033720376449875154
reliance_ns,NO_PRICE_LEVELS_27,random_forest,1,UPPER_WICK,0.033302260102725204
reliance_ns,NO_PRICE_LEVELS_27,random_forest,1,TRUE_RANGE,0.03299776790751812
reliance_ns,NO_PRICE_LEVELS_27,random_forest,1,SMA_50,0.03220519945607407
reliance_ns,NO_PRICE_LEVELS_27,random_forest,1,EMA_50,0.03208045723669111
reliance_ns,NO_PRICE_LEVELS_27,random_forest,1,PRICE_CHANGE_PCT,0.031835943962224014
reliance_ns,NO_PRICE_LEVELS_27,random_forest,1,EMA_20,0.03131040705038715
reliance_ns,NO_PRICE_LEVELS_27,random_forest,1,SMA_20,0.030918795132192013
reliance_ns,NO_PRICE_LEVELS_27,xgboost,1,VOLUME_EMA_20,0.042335063219070435
reliance_ns,NO_PRICE_LEVELS_27,xgboost,1,LOWER_WICK,0.04139568656682968
reliance_ns,NO_PRICE_LEVELS_27,xgboost,1,PRICE_CHANGE_PCT,0.04096023365855217
reliance_ns,NO_PRICE_LEVELS_27,xgboost,1,TRUE_RANGE,0.040639184415340424
reliance_ns,NO_PRICE_LEVELS_27,xgboost,1,VOLUME_RATIO,0.04033775255084038
reliance_ns,NO_PRICE_LEVELS_27,xgboost,1,VOLUME_SMA_20,0.04033171758055687
reliance_ns,NO_PRICE_LEVELS_27,xgboost,1,HIGH_LOW_PCT,0.03995399549603462
reliance_ns,NO_PRICE_LEVELS_27,xgboost,1,GAP_PCT,0.03976058214902878
reliance_ns,NO_PRICE_LEVELS_27,xgboost,1,ROLLING_STD_20,0.03907434642314911
reliance_ns,NO_PRICE_LEVELS_27,xgboost,1,Volume,0.03869954124093056
reliance_ns,NO_PRICE_LEVELS_27,xgboost,1,ROC_12,0.0381663478910923
reliance_ns,NO_PRICE_LEVELS_27,xgboost,1,MOMENTUM_20,0.03794245794415474
reliance_ns,NO_PRICE_LEVELS_27,xgboost,1,UPPER_WICK,0.03727910295128822
reliance_ns,NO_PRICE_LEVELS_27,xgboost,1,EMA_50,0.037071555852890015
reliance_ns,NO_PRICE_LEVELS_27,xgboost,1,ATR_14,0.03682658448815346
reliance_ns,NO_PRICE_LEVELS_27,xgboost,1,OBV,0.03618672117590904
reliance_ns,NO_PRICE_LEVELS_27,xgboost,1,DAILY_RANGE_PCT,0.03595777601003647
reliance_ns,NO_PRICE_LEVELS_27,xgboost,1,DAILY_RETURN,0.03579689562320709
reliance_ns,NO_PRICE_LEVELS_27,xgboost,1,HIST_VOL_20,0.034937694668769836
reliance_ns,NO_PRICE_LEVELS_27,xgboost,1,OPEN_CLOSE_PCT,0.034615978598594666
reliance_ns,NO_PRICE_LEVELS_27,xgboost,1,BODY_SIZE,0.03460533544421196
reliance_ns,NO_PRICE_LEVELS_27,xgboost,1,EMA_20,0.03431423753499985
reliance_ns,NO_PRICE_LEVELS_27,xgboost,1,SMA_20,0.034017689526081085
reliance_ns,NO_PRICE_LEVELS_27,xgboost,1,VOLUME_CHANGE_PCT,0.03252412751317024
reliance_ns,NO_PRICE_LEVELS_27,xgboost,1,SMA_50,0.03241553157567978
reliance_ns,NO_PRICE_LEVELS_27,xgboost,1,MOMENTUM_10,0.03241309896111488
reliance_ns,NO_PRICE_LEVELS_27,xgboost,1,RSI_14,0.03144075348973274
reliance_ns,NO_PRICE_LEVELS_27,logistic_regression,2,EMA_50,0.4317686832760195
reliance_ns,NO_PRICE_LEVELS_27,logistic_regression,2,SMA_20,0.34940544721003736
reliance_ns,NO_PRICE_LEVELS_27,logistic_regression,2,EMA_20,0.33719627891864823
reliance_ns,NO_PRICE_LEVELS_27,logistic_regression,2,OBV,0.24752555089682504
reliance_ns,NO_PRICE_LEVELS_27,logistic_regression,2,ROC_12,0.18803816955540315
reliance_ns,NO_PRICE_LEVELS_27,logistic_regression,2,SMA_50,0.13183604126309667
reliance_ns,NO_PRICE_LEVELS_27,logistic_regression,2,Volume,0.12947535607415972
reliance_ns,NO_PRICE_LEVELS_27,logistic_regression,2,RSI_14,0.10838984497787806
reliance_ns,NO_PRICE_LEVELS_27,logistic_regression,2,TRUE_RANGE,0.10780655974946808
reliance_ns,NO_PRICE_LEVELS_27,logistic_regression,2,ROLLING_STD_20,0.10344400641303052
reliance_ns,NO_PRICE_LEVELS_27,logistic_regression,2,HIST_VOL_20,0.10220312356769128
reliance_ns,NO_PRICE_LEVELS_27,logistic_regression,2,VOLUME_SMA_20,0.097438053144343
reliance_ns,NO_PRICE_LEVELS_27,logistic_regression,2,GAP_PCT,0.07786615683283603
reliance_ns,NO_PRICE_LEVELS_27,logistic_regression,2,VOLUME_CHANGE_PCT,0.06877350047431241
reliance_ns,NO_PRICE_LEVELS_27,logistic_regression,2,BODY_SIZE,0.052245511195784924
reliance_ns,NO_PRICE_LEVELS_27,logistic_regression,2,VOLUME_EMA_20,0.05148469912265927
reliance_ns,NO_PRICE_LEVELS_27,logistic_regression,2,VOLUME_RATIO,0.04657898153061023
reliance_ns,NO_PRICE_LEVELS_27,logistic_regression,2,MOMENTUM_20,0.04551675061072242
reliance_ns,NO_PRICE_LEVELS_27,logistic_regression,2,UPPER_WICK,0.036163243393242346
reliance_ns,NO_PRICE_LEVELS_27,logistic_regression,2,PRICE_CHANGE_PCT,0.027602937383511522
reliance_ns,NO_PRICE_LEVELS_27,logistic_regression,2,DAILY_RETURN,0.027602937383477646
reliance_ns,NO_PRICE_LEVELS_27,logistic_regression,2,OPEN_CLOSE_PCT,0.02385764849385603
reliance_ns,NO_PRICE_LEVELS_27,logistic_regression,2,MOMENTUM_10,0.01826588963357493
reliance_ns,NO_PRICE_LEVELS_27,logistic_regression,2,LOWER_WICK,0.01666760286360903
reliance_ns,NO_PRICE_LEVELS_27,logistic_regression,2,DAILY_RANGE_PCT,0.009417864773878116
reliance_ns,NO_PRICE_LEVELS_27,logistic_regression,2,HIGH_LOW_PCT,0.009417864773878116
reliance_ns,NO_PRICE_LEVELS_27,logistic_regression,2,ATR_14,0.0016266098610037121
reliance_ns,NO_PRICE_LEVELS_27,random_forest,2,GAP_PCT,0.04403586189174471
reliance_ns,NO_PRICE_LEVELS_27,random_forest,2,VOLUME_CHANGE_PCT,0.04338440716691788
reliance_ns,NO_PRICE_LEVELS_27,random_forest,2,HIST_VOL_20,0.04265923805804067
reliance_ns,NO_PRICE_LEVELS_27,random_forest,2,VOLUME_RATIO,0.04117709475789722
reliance_ns,NO_PRICE_LEVELS_27,random_forest,2,ROC_12,0.04040192853684208
reliance_ns,NO_PRICE_LEVELS_27,random_forest,2,RSI_14,0.03970421745824723
reliance_ns,NO_PRICE_LEVELS_27,random_forest,2,ROLLING_STD_20,0.039634645418756644
reliance_ns,NO_PRICE_LEVELS_27,random_forest,2,VOLUME_EMA_20,0.039032433571400654
reliance_ns,NO_PRICE_LEVELS_27,random_forest,2,BODY_SIZE,0.038417076000696604
reliance_ns,NO_PRICE_LEVELS_27,random_forest,2,OBV,0.038009533683637874
reliance_ns,NO_PRICE_LEVELS_27,random_forest,2,MOMENTUM_10,0.03790595401853527
reliance_ns,NO_PRICE_LEVELS_27,random_forest,2,MOMENTUM_20,0.037882018197202064
reliance_ns,NO_PRICE_LEVELS_27,random_forest,2,VOLUME_SMA_20,0.03704648046182418
reliance_ns,NO_PRICE_LEVELS_27,random_forest,2,Volume,0.036939479834877484
reliance_ns,NO_PRICE_LEVELS_27,random_forest,2,LOWER_WICK,0.03670665812224606
reliance_ns,NO_PRICE_LEVELS_27,random_forest,2,ATR_14,0.036608432153985196
reliance_ns,NO_PRICE_LEVELS_27,random_forest,2,UPPER_WICK,0.036582473937146906
reliance_ns,NO_PRICE_LEVELS_27,random_forest,2,OPEN_CLOSE_PCT,0.036414745038807574
reliance_ns,NO_PRICE_LEVELS_27,random_forest,2,DAILY_RETURN,0.03529622287947964
reliance_ns,NO_PRICE_LEVELS_27,random_forest,2,DAILY_RANGE_PCT,0.03481633453610427
reliance_ns,NO_PRICE_LEVELS_27,random_forest,2,HIGH_LOW_PCT,0.03472070507366694
reliance_ns,NO_PRICE_LEVELS_27,random_forest,2,PRICE_CHANGE_PCT,0.034250959160932216
reliance_ns,NO_PRICE_LEVELS_27,random_forest,2,TRUE_RANGE,0.03280198796988309
reliance_ns,NO_PRICE_LEVELS_27,random_forest,2,SMA_20,0.03217740013745462
reliance_ns,NO_PRICE_LEVELS_27,random_forest,2,EMA_50,0.031873914399725554
reliance_ns,NO_PRICE_LEVELS_27,random_forest,2,SMA_50,0.030934422505214547
reliance_ns,NO_PRICE_LEVELS_27,random_forest,2,EMA_20,0.03058537502873292
reliance_ns,NO_PRICE_LEVELS_27,xgboost,2,SMA_20,0.04441104829311371
reliance_ns,NO_PRICE_LEVELS_27,xgboost,2,Volume,0.03949480876326561
reliance_ns,NO_PRICE_LEVELS_27,xgboost,2,BODY_SIZE,0.03931841999292374
reliance_ns,NO_PRICE_LEVELS_27,xgboost,2,LOWER_WICK,0.03928226977586746
reliance_ns,NO_PRICE_LEVELS_27,xgboost,2,DAILY_RANGE_PCT,0.03914622589945793
reliance_ns,NO_PRICE_LEVELS_27,xgboost,2,HIGH_LOW_PCT,0.039010584354400635
reliance_ns,NO_PRICE_LEVELS_27,xgboost,2,RSI_14,0.03801622614264488
reliance_ns,NO_PRICE_LEVELS_27,xgboost,2,EMA_20,0.03783712908625603
reliance_ns,NO_PRICE_LEVELS_27,xgboost,2,ROC_12,0.03754992410540581
reliance_ns,NO_PRICE_LEVELS_27,xgboost,2,VOLUME_SMA_20,0.03751866891980171
reliance_ns,NO_PRICE_LEVELS_27,xgboost,2,VOLUME_EMA_20,0.0375007726252079
reliance_ns,NO_PRICE_LEVELS_27,xgboost,2,GAP_PCT,0.037376176565885544
reliance_ns,NO_PRICE_LEVELS_27,xgboost,2,HIST_VOL_20,0.037017978727817535
reliance_ns,NO_PRICE_LEVELS_27,xgboost,2,TRUE_RANGE,0.03660592809319496
reliance_ns,NO_PRICE_LEVELS_27,xgboost,2,UPPER_WICK,0.03644353523850441
reliance_ns,NO_PRICE_LEVELS_27,xgboost,2,DAILY_RETURN,0.03643025457859039
reliance_ns,NO_PRICE_LEVELS_27,xgboost,2,MOMENTUM_20,0.03639771789312363
reliance_ns,NO_PRICE_LEVELS_27,xgboost,2,OBV,0.03628887981176376
reliance_ns,NO_PRICE_LEVELS_27,xgboost,2,PRICE_CHANGE_PCT,0.03613658249378204
reliance_ns,NO_PRICE_LEVELS_27,xgboost,2,EMA_50,0.03579126298427582
reliance_ns,NO_PRICE_LEVELS_27,xgboost,2,ATR_14,0.035627901554107666
reliance_ns,NO_PRICE_LEVELS_27,xgboost,2,MOMENTUM_10,0.03560544550418854
reliance_ns,NO_PRICE_LEVELS_27,xgboost,2,OPEN_CLOSE_PCT,0.035277508199214935
reliance_ns,NO_PRICE_LEVELS_27,xgboost,2,ROLLING_STD_20,0.03526509180665016
reliance_ns,NO_PRICE_LEVELS_27,xgboost,2,VOLUME_RATIO,0.03408029302954674
reliance_ns,NO_PRICE_LEVELS_27,xgboost,2,VOLUME_CHANGE_PCT,0.033623144030570984
reliance_ns,NO_PRICE_LEVELS_27,xgboost,2,SMA_50,0.03294626250863075
reliance_ns,NO_PRICE_LEVELS_27,logistic_regression,3,SMA_20,0.5817349075094684
reliance_ns,NO_PRICE_LEVELS_27,logistic_regression,3,EMA_50,0.5748249790802297
reliance_ns,NO_PRICE_LEVELS_27,logistic_regression,3,SMA_50,0.4729590700875333
reliance_ns,NO_PRICE_LEVELS_27,logistic_regression,3,EMA_20,0.3521680651702525
reliance_ns,NO_PRICE_LEVELS_27,logistic_regression,3,OBV,0.21960228710439694
reliance_ns,NO_PRICE_LEVELS_27,logistic_regression,3,ROC_12,0.16362302760347794
reliance_ns,NO_PRICE_LEVELS_27,logistic_regression,3,VOLUME_CHANGE_PCT,0.1334189220357193
reliance_ns,NO_PRICE_LEVELS_27,logistic_regression,3,GAP_PCT,0.12932310385441725
reliance_ns,NO_PRICE_LEVELS_27,logistic_regression,3,RSI_14,0.10625656395894485
reliance_ns,NO_PRICE_LEVELS_27,logistic_regression,3,HIST_VOL_20,0.09528682297385062
reliance_ns,NO_PRICE_LEVELS_27,logistic_regression,3,ROLLING_STD_20,0.08635479533433431
reliance_ns,NO_PRICE_LEVELS_27,logistic_regression,3,VOLUME_RATIO,0.06529500275713601
reliance_ns,NO_PRICE_LEVELS_27,logistic_regression,3,LOWER_WICK,0.06490212071584117
reliance_ns,NO_PRICE_LEVELS_27,logistic_regression,3,VOLUME_SMA_20,0.05209718451231934
reliance_ns,NO_PRICE_LEVELS_27,logistic_regression,3,TRUE_RANGE,0.04159161763466008
reliance_ns,NO_PRICE_LEVELS_27,logistic_regression,3,DAILY_RETURN,0.038358360302387894
reliance_ns,NO_PRICE_LEVELS_27,logistic_regression,3,PRICE_CHANGE_PCT,0.03835836030234992
reliance_ns,NO_PRICE_LEVELS_27,logistic_regression,3,ATR_14,0.035302723911823694
reliance_ns,NO_PRICE_LEVELS_27,logistic_regression,3,MOMENTUM_20,0.024773424776824
reliance_ns,NO_PRICE_LEVELS_27,logistic_regression,3,Volume,0.024104133179240324
reliance_ns,NO_PRICE_LEVELS_27,logistic_regression,3,UPPER_WICK,0.02100898211596773
reliance_ns,NO_PRICE_LEVELS_27,logistic_regression,3,HIGH_LOW_PCT,0.01748524094569598
reliance_ns,NO_PRICE_LEVELS_27,logistic_regression,3,DAILY_RANGE_PCT,0.01748524094569598
reliance_ns,NO_PRICE_LEVELS_27,logistic_regression,3,OPEN_CLOSE_PCT,0.013055943836001076
reliance_ns,NO_PRICE_LEVELS_27,logistic_regression,3,BODY_SIZE,0.011758708728392091
reliance_ns,NO_PRICE_LEVELS_27,logistic_regression,3,MOMENTUM_10,0.010945699359923752
reliance_ns,NO_PRICE_LEVELS_27,logistic_regression,3,VOLUME_EMA_20,0.010688092043114978
reliance_ns,NO_PRICE_LEVELS_27,random_forest,3,GAP_PCT,0.04509366481980444
reliance_ns,NO_PRICE_LEVELS_27,random_forest,3,VOLUME_CHANGE_PCT,0.04260341349537983
reliance_ns,NO_PRICE_LEVELS_27,random_forest,3,ROC_12,0.042455396315143536
reliance_ns,NO_PRICE_LEVELS_27,random_forest,3,VOLUME_RATIO,0.04175172844766282
reliance_ns,NO_PRICE_LEVELS_27,random_forest,3,HIST_VOL_20,0.04129982646473297
reliance_ns,NO_PRICE_LEVELS_27,random_forest,3,MOMENTUM_10,0.039760897118011354
reliance_ns,NO_PRICE_LEVELS_27,random_forest,3,RSI_14,0.039615977986776754
reliance_ns,NO_PRICE_LEVELS_27,random_forest,3,MOMENTUM_20,0.03928319790942906
reliance_ns,NO_PRICE_LEVELS_27,random_forest,3,LOWER_WICK,0.03841574231808703
reliance_ns,NO_PRICE_LEVELS_27,random_forest,3,UPPER_WICK,0.038194925328978786
reliance_ns,NO_PRICE_LEVELS_27,random_forest,3,OBV,0.038108335435168214
reliance_ns,NO_PRICE_LEVELS_27,random_forest,3,ROLLING_STD_20,0.03784611353464375
reliance_ns,NO_PRICE_LEVELS_27,random_forest,3,Volume,0.03676694541425523
reliance_ns,NO_PRICE_LEVELS_27,random_forest,3,BODY_SIZE,0.036718720538598495
reliance_ns,NO_PRICE_LEVELS_27,random_forest,3,VOLUME_EMA_20,0.03649052003971689
reliance_ns,NO_PRICE_LEVELS_27,random_forest,3,VOLUME_SMA_20,0.036087600711913616
reliance_ns,NO_PRICE_LEVELS_27,random_forest,3,OPEN_CLOSE_PCT,0.03585860817470801
reliance_ns,NO_PRICE_LEVELS_27,random_forest,3,ATR_14,0.035684274884447996
reliance_ns,NO_PRICE_LEVELS_27,random_forest,3,PRICE_CHANGE_PCT,0.03527672017837438
reliance_ns,NO_PRICE_LEVELS_27,random_forest,3,DAILY_RANGE_PCT,0.03486425110189789
reliance_ns,NO_PRICE_LEVELS_27,random_forest,3,TRUE_RANGE,0.03477225824037013
reliance_ns,NO_PRICE_LEVELS_27,random_forest,3,DAILY_RETURN,0.03443431648365374
reliance_ns,NO_PRICE_LEVELS_27,random_forest,3,HIGH_LOW_PCT,0.034016626114612834
reliance_ns,NO_PRICE_LEVELS_27,random_forest,3,SMA_20,0.032347751736338616
reliance_ns,NO_PRICE_LEVELS_27,random_forest,3,EMA_20,0.031026465878136972
reliance_ns,NO_PRICE_LEVELS_27,random_forest,3,EMA_50,0.03071172451661732
reliance_ns,NO_PRICE_LEVELS_27,random_forest,3,SMA_50,0.030513996812539544
reliance_ns,NO_PRICE_LEVELS_27,xgboost,3,ROC_12,0.04032332822680473
reliance_ns,NO_PRICE_LEVELS_27,xgboost,3,UPPER_WICK,0.03960080444812775
reliance_ns,NO_PRICE_LEVELS_27,xgboost,3,RSI_14,0.039368078112602234
reliance_ns,NO_PRICE_LEVELS_27,xgboost,3,DAILY_RANGE_PCT,0.038768868893384933
reliance_ns,NO_PRICE_LEVELS_27,xgboost,3,MOMENTUM_20,0.038726504892110825
reliance_ns,NO_PRICE_LEVELS_27,xgboost,3,OBV,0.03862933814525604
reliance_ns,NO_PRICE_LEVELS_27,xgboost,3,SMA_20,0.03858102858066559
reliance_ns,NO_PRICE_LEVELS_27,xgboost,3,BODY_SIZE,0.03850775212049484
reliance_ns,NO_PRICE_LEVELS_27,xgboost,3,EMA_20,0.03845400735735893
reliance_ns,NO_PRICE_LEVELS_27,xgboost,3,EMA_50,0.038434237241744995
reliance_ns,NO_PRICE_LEVELS_27,xgboost,3,VOLUME_CHANGE_PCT,0.03805428743362427
reliance_ns,NO_PRICE_LEVELS_27,xgboost,3,GAP_PCT,0.03761183097958565
reliance_ns,NO_PRICE_LEVELS_27,xgboost,3,LOWER_WICK,0.03756485506892204
reliance_ns,NO_PRICE_LEVELS_27,xgboost,3,HIST_VOL_20,0.03705624118447304
reliance_ns,NO_PRICE_LEVELS_27,xgboost,3,Volume,0.037025775760412216
reliance_ns,NO_PRICE_LEVELS_27,xgboost,3,ROLLING_STD_20,0.03680174797773361
reliance_ns,NO_PRICE_LEVELS_27,xgboost,3,TRUE_RANGE,0.03655887395143509
reliance_ns,NO_PRICE_LEVELS_27,xgboost,3,DAILY_RETURN,0.036464519798755646
reliance_ns,NO_PRICE_LEVELS_27,xgboost,3,ATR_14,0.03630950674414635
reliance_ns,NO_PRICE_LEVELS_27,xgboost,3,VOLUME_EMA_20,0.03630410134792328
reliance_ns,NO_PRICE_LEVELS_27,xgboost,3,OPEN_CLOSE_PCT,0.03582524508237839
reliance_ns,NO_PRICE_LEVELS_27,xgboost,3,HIGH_LOW_PCT,0.035510409623384476
reliance_ns,NO_PRICE_LEVELS_27,xgboost,3,VOLUME_SMA_20,0.0352621003985405
reliance_ns,NO_PRICE_LEVELS_27,xgboost,3,MOMENTUM_10,0.03453012555837631
reliance_ns,NO_PRICE_LEVELS_27,xgboost,3,VOLUME_RATIO,0.0343828909099102
reliance_ns,NO_PRICE_LEVELS_27,xgboost,3,PRICE_CHANGE_PCT,0.03340906277298927
reliance_ns,NO_PRICE_LEVELS_27,xgboost,3,SMA_50,0.03193441033363342
tcs_ns,ALL_32,logistic_regression,1,SMA_20,0.80587237282062
tcs_ns,ALL_32,logistic_regression,1,EMA_20,0.6257752029464959
tcs_ns,ALL_32,logistic_regression,1,GAP_PCT,0.517491504139413
tcs_ns,ALL_32,logistic_regression,1,VOLUME_EMA_20,0.316194929395772
tcs_ns,ALL_32,logistic_regression,1,TRUE_RANGE,0.31468618766120116
tcs_ns,ALL_32,logistic_regression,1,SMA_50,0.30995283712593336
tcs_ns,ALL_32,logistic_regression,1,Adj Close,0.281789052078353
tcs_ns,ALL_32,logistic_regression,1,Open,0.2817706503190967
tcs_ns,ALL_32,logistic_regression,1,UPPER_WICK,0.2556061981147576
tcs_ns,ALL_32,logistic_regression,1,Volume,0.2552835564145123
tcs_ns,ALL_32,logistic_regression,1,VOLUME_SMA_20,0.24138956136416745
tcs_ns,ALL_32,logistic_regression,1,ATR_14,0.23223218582963262
tcs_ns,ALL_32,logistic_regression,1,ROLLING_STD_20,0.2295059926047282
tcs_ns,ALL_32,logistic_regression,1,OPEN_CLOSE_PCT,0.2153141768032753
tcs_ns,ALL_32,logistic_regression,1,High,0.18517266409811675
tcs_ns,ALL_32,logistic_regression,1,Low,0.18068202100765177
tcs_ns,ALL_32,logistic_regression,1,VOLUME_CHANGE_PCT,0.1652702832316809
tcs_ns,ALL_32,logistic_regression,1,OBV,0.16059360522673044
tcs_ns,ALL_32,logistic_regression,1,EMA_50,0.11670999019002339
tcs_ns,ALL_32,logistic_regression,1,PRICE_CHANGE_PCT,0.10857430226482831
tcs_ns,ALL_32,logistic_regression,1,DAILY_RETURN,0.10857430226482656
tcs_ns,ALL_32,logistic_regression,1,MOMENTUM_20,0.08823729349839428
tcs_ns,ALL_32,logistic_regression,1,BODY_SIZE,0.08057237087628014
tcs_ns,ALL_32,logistic_regression,1,Close,0.07672852437900367
tcs_ns,ALL_32,logistic_regression,1,VOLUME_RATIO,0.06385838690872608
tcs_ns,ALL_32,logistic_regression,1,RSI_14,0.055300972862259684
tcs_ns,ALL_32,logistic_regression,1,HIGH_LOW_PCT,0.04946301538828085
tcs_ns,ALL_32,logistic_regression,1,DAILY_RANGE_PCT,0.04946301538828085
tcs_ns,ALL_32,logistic_regression,1,MOMENTUM_10,0.04906886309845378
tcs_ns,ALL_32,logistic_regression,1,ROC_12,0.03351220304619333
tcs_ns,ALL_32,logistic_regression,1,HIST_VOL_20,0.023800842474509698
tcs_ns,ALL_32,logistic_regression,1,LOWER_WICK,0.006045457499580217
tcs_ns,ALL_32,random_forest,1,MOMENTUM_20,0.04273628897812452
tcs_ns,ALL_32,random_forest,1,RSI_14,0.042679078947893884
tcs_ns,ALL_32,random_forest,1,ROLLING_STD_20,0.03774492733416172
tcs_ns,ALL_32,random_forest,1,VOLUME_CHANGE_PCT,0.03680226059659464
tcs_ns,ALL_32,random_forest,1,GAP_PCT,0.035735716327716036
tcs_ns,ALL_32,random_forest,1,MOMENTUM_10,0.03474347750698838
tcs_ns,ALL_32,random_forest,1,VOLUME_EMA_20,0.03472876181358312
tcs_ns,ALL_32,random_forest,1,HIST_VOL_20,0.03434358345076932
tcs_ns,ALL_32,random_forest,1,UPPER_WICK,0.033952444560145095
tcs_ns,ALL_32,random_forest,1,PRICE_CHANGE_PCT,0.03386802722846599
tcs_ns,ALL_32,random_forest,1,VOLUME_RATIO,0.033462563854385285
tcs_ns,ALL_32,random_forest,1,Volume,0.03336129793697114
tcs_ns,ALL_32,random_forest,1,LOWER_WICK,0.033084011107805324
tcs_ns,ALL_32,random_forest,1,ATR_14,0.032994288200761134
tcs_ns,ALL_32,random_forest,1,DAILY_RETURN,0.03272266586129067
tcs_ns,ALL_32,random_forest,1,ROC_12,0.03259123891112152
tcs_ns,ALL_32,random_forest,1,BODY_SIZE,0.03237996369232828
tcs_ns,ALL_32,random_forest,1,OBV,0.03203896046706651
tcs_ns,ALL_32,random_forest,1,VOLUME_SMA_20,0.031952237063721356
tcs_ns,ALL_32,random_forest,1,DAILY_RANGE_PCT,0.03096800559107669
tcs_ns,ALL_32,random_forest,1,TRUE_RANGE,0.030389580473364326
tcs_ns,ALL_32,random_forest,1,OPEN_CLOSE_PCT,0.029770146946299994
tcs_ns,ALL_32,random_forest,1,HIGH_LOW_PCT,0.02797951058817546
tcs_ns,ALL_32,random_forest,1,EMA_50,0.026935135593928825
tcs_ns,ALL_32,random_forest,1,Low,0.025380445030590514
tcs_ns,ALL_32,random_forest,1,SMA_50,0.024692618078800774
tcs_ns,ALL_32,random_forest,1,Adj Close,0.024303111653482454
tcs_ns,ALL_32,random_forest,1,SMA_20,0.024205205974556353
tcs_ns,ALL_32,random_forest,1,High,0.023952386217361905
tcs_ns,ALL_32,random_forest,1,EMA_20,0.023858562017167108
tcs_ns,ALL_32,random_forest,1,Open,0.023045947089249043
tcs_ns,ALL_32,random_forest,1,Close,0.02259755090605267
tcs_ns,ALL_32,xgboost,1,EMA_20,0.046396009624004364
tcs_ns,ALL_32,xgboost,1,High,0.04379023239016533
tcs_ns,ALL_32,xgboost,1,SMA_50,0.037025194615125656
tcs_ns,ALL_32,xgboost,1,EMA_50,0.03591879457235336
tcs_ns,ALL_32,xgboost,1,MOMENTUM_20,0.033056072890758514
tcs_ns,ALL_32,xgboost,1,ROLLING_STD_20,0.033011626452207565
tcs_ns,ALL_32,xgboost,1,SMA_20,0.03289150074124336
tcs_ns,ALL_32,xgboost,1,RSI_14,0.0327652245759964
tcs_ns,ALL_32,xgboost,1,UPPER_WICK,0.03263917192816734
tcs_ns,ALL_32,xgboost,1,LOWER_WICK,0.03217434510588646
tcs_ns,ALL_32,xgboost,1,PRICE_CHANGE_PCT,0.032162073999643326
tcs_ns,ALL_32,xgboost,1,DAILY_RANGE_PCT,0.03180290386080742
tcs_ns,ALL_32,xgboost,1,Open,0.031517043709754944
tcs_ns,ALL_32,xgboost,1,OBV,0.03136342763900757
tcs_ns,ALL_32,xgboost,1,VOLUME_SMA_20,0.031241480261087418
tcs_ns,ALL_32,xgboost,1,DAILY_RETURN,0.030454950407147408
tcs_ns,ALL_32,xgboost,1,GAP_PCT,0.030435269698500633
tcs_ns,ALL_32,xgboost,1,HIGH_LOW_PCT,0.030029015615582466
tcs_ns,ALL_32,xgboost,1,VOLUME_RATIO,0.029991095885634422
tcs_ns,ALL_32,xgboost,1,Adj Close,0.02908579632639885
tcs_ns,ALL_32,xgboost,1,BODY_SIZE,0.028886578977108
tcs_ns,ALL_32,xgboost,1,VOLUME_CHANGE_PCT,0.02885858528316021
tcs_ns,ALL_32,xgboost,1,ROC_12,0.028775589540600777
tcs_ns,ALL_32,xgboost,1,VOLUME_EMA_20,0.028668677434325218
tcs_ns,ALL_32,xgboost,1,Low,0.028511088341474533
tcs_ns,ALL_32,xgboost,1,Volume,0.028044024482369423
tcs_ns,ALL_32,xgboost,1,HIST_VOL_20,0.027872826904058456
tcs_ns,ALL_32,xgboost,1,MOMENTUM_10,0.02774728648364544
tcs_ns,ALL_32,xgboost,1,ATR_14,0.02728995494544506
tcs_ns,ALL_32,xgboost,1,OPEN_CLOSE_PCT,0.02641494944691658
tcs_ns,ALL_32,xgboost,1,Close,0.02580292709171772
tcs_ns,ALL_32,xgboost,1,TRUE_RANGE,0.025376273319125175
tcs_ns,ALL_32,logistic_regression,2,SMA_20,0.7643910688729515
tcs_ns,ALL_32,logistic_regression,2,EMA_20,0.7173933104457274
tcs_ns,ALL_32,logistic_regression,2,GAP_PCT,0.5290847519660167
tcs_ns,ALL_32,logistic_regression,2,OPEN_CLOSE_PCT,0.3897573842964878
tcs_ns,ALL_32,logistic_regression,2,Open,0.35764693048032303
tcs_ns,ALL_32,logistic_regression,2,Low,0.33256105989867857
tcs_ns,ALL_32,logistic_regression,2,High,0.332395094944811
tcs_ns,ALL_32,logistic_regression,2,SMA_50,0.3263819623096234
tcs_ns,ALL_32,logistic_regression,2,Close,0.3074086566641868
tcs_ns,ALL_32,logistic_regression,2,PRICE_CHANGE_PCT,0.24910580714071356
tcs_ns,ALL_32,logistic_regression,2,DAILY_RETURN,0.2491058071406893
tcs_ns,ALL_32,logistic_regression,2,EMA_50,0.22380940765671997
tcs_ns,ALL_32,logistic_regression,2,LOWER_WICK,0.12423421747100512
tcs_ns,ALL_32,logistic_regression,2,UPPER_WICK,0.11445088971119531
tcs_ns,ALL_32,logistic_regression,2,Volume,0.10525131399805089
tcs_ns,ALL_32,logistic_regression,2,VOLUME_RATIO,0.10388661765422313
tcs_ns,ALL_32,logistic_regression,2,BODY_SIZE,0.10202399479787072
tcs_ns,ALL_32,logistic_regression,2,OBV,0.08914786796448997
tcs_ns,ALL_32,logistic_regression,2,ROLLING_STD_20,0.08131303590983045
tcs_ns,ALL_32,logistic_regression,2,Adj Close,0.07975275584134384
tcs_ns,ALL_32,logistic_regression,2,TRUE_RANGE,0.07812826428412115
tcs_ns,ALL_32,logistic_regression,2,MOMENTUM_10,0.06644103290261065
tcs_ns,ALL_32,logistic_regression,2,ROC_12,0.04733413503285111
tcs_ns,ALL_32,logistic_regression,2,ATR_14,0.04175537992289188
tcs_ns,ALL_32,logistic_regression,2,VOLUME_EMA_20,0.020968884689452058
tcs_ns,ALL_32,logistic_regression,2,VOLUME_SMA_20,0.019022471321325618
tcs_ns,ALL_32,logistic_regression,2,RSI_14,0.015834323072931117
tcs_ns,ALL_32,logistic_regression,2,HIST_VOL_20,0.011640903387455557
tcs_ns,ALL_32,logistic_regression,2,VOLUME_CHANGE_PCT,0.006359247755766686
tcs_ns,ALL_32,logistic_regression,2,MOMENTUM_20,0.00306108777496483
tcs_ns,ALL_32,logistic_regression,2,DAILY_RANGE_PCT,0.0010121489113163093
tcs_ns,ALL_32,logistic_regression,2,HIGH_LOW_PCT,0.0010121489113163093
tcs_ns,ALL_32,random_forest,2,GAP_PCT,0.039724151609412756
tcs_ns,ALL_32,random_forest,2,RSI_14,0.03943633389337334
tcs_ns,ALL_32,random_forest,2,MOMENTUM_20,0.039192433045503315
tcs_ns,ALL_32,random_forest,2,VOLUME_CHANGE_PCT,0.03789690843280413
tcs_ns,ALL_32,random_forest,2,MOMENTUM_10,0.03649246575013879
tcs_ns,ALL_32,random_forest,2,VOLUME_RATIO,0.03628137802683996
tcs_ns,ALL_32,random_forest,2,ROC_12,0.036162933496645046
tcs_ns,ALL_32,random_forest,2,LOWER_WICK,0.036070657919184186
tcs_ns,ALL_32,random_forest,2,Volume,0.03502010044037609
tcs_ns,ALL_32,random_forest,2,HIST_VOL_20,0.034827623491210075
tcs_ns,ALL_32,random_forest,2,BODY_SIZE,0.03471042589587487
tcs_ns,ALL_32,random_forest,2,ROLLING_STD_20,0.03402070435336045
tcs_ns,ALL_32,random_forest,2,ATR_14,0.0336335068954525
tcs_ns,ALL_32,random_forest,2,VOLUME_EMA_20,0.033170346829703296
tcs_ns,ALL_32,random_forest,2,OPEN_CLOSE_PCT,0.03314510531863231
tcs_ns,ALL_32,random_forest,2,OBV,0.03261498178193389
tcs_ns,ALL_32,random_forest,2,HIGH_LOW_PCT,0.032378773289823165
tcs_ns,ALL_32,random_forest,2,PRICE_CHANGE_PCT,0.0320382536499628
tcs_ns,ALL_32,random_forest,2,UPPER_WICK,0.03178747776635813
tcs_ns,ALL_32,random_forest,2,DAILY_RANGE_PCT,0.03159656011844237
tcs_ns,ALL_32,random_forest,2,DAILY_RETURN,0.03129497268328623
tcs_ns,ALL_32,random_forest,2,TRUE_RANGE,0.030648008643317782
tcs_ns,ALL_32,random_forest,2,VOLUME_SMA_20,0.029757069779485005
tcs_ns,ALL_32,random_forest,2,SMA_50,0.025532746351448338
tcs_ns,ALL_32,random_forest,2,Open,0.02317037999333971
tcs_ns,ALL_32,random_forest,2,EMA_50,0.023093075417685308
tcs_ns,ALL_32,random_forest,2,EMA_20,0.023020647000290672
tcs_ns,ALL_32,random_forest,2,SMA_20,0.022823511715283743
tcs_ns,ALL_32,random_forest,2,Close,0.022818184339894482
tcs_ns,ALL_32,random_forest,2,Adj Close,0.022742421507015068
tcs_ns,ALL_32,random_forest,2,Low,0.02266106373050958
tcs_ns,ALL_32,random_forest,2,High,0.022236796833412575
tcs_ns,ALL_32,xgboost,2,EMA_20,0.03882871940732002
tcs_ns,ALL_32,xgboost,2,Open,0.03381074219942093
tcs_ns,ALL_32,xgboost,2,DAILY_RANGE_PCT,0.03313080966472626
tcs_ns,ALL_32,xgboost,2,Close,0.03303684666752815
tcs_ns,ALL_32,xgboost,2,Volume,0.03303293138742447
tcs_ns,ALL_32,xgboost,2,High,0.032655660063028336
tcs_ns,ALL_32,xgboost,2,HIGH_LOW_PCT,0.03239063173532486
tcs_ns,ALL_32,xgboost,2,OBV,0.03233436122536659
tcs_ns,ALL_32,xgboost,2,MOMENTUM_20,0.032173119485378265
tcs_ns,ALL_32,xgboost,2,EMA_50,0.032001934945583344
tcs_ns,ALL_32,xgboost,2,TRUE_RANGE,0.03166555240750313
tcs_ns,ALL_32,xgboost,2,MOMENTUM_10,0.03159378841519356
tcs_ns,ALL_32,xgboost,2,VOLUME_EMA_20,0.03146933391690254
tcs_ns,ALL_32,xgboost,2,Low,0.031408701092004776
tcs_ns,ALL_32,xgboost,2,VOLUME_RATIO,0.03132849559187889
tcs_ns,ALL_32,xgboost,2,BODY_SIZE,0.031275536864995956
tcs_ns,ALL_32,xgboost,2,LOWER_WICK,0.031274423003196716
tcs_ns,ALL_32,xgboost,2,HIST_VOL_20,0.03126521036028862
tcs_ns,ALL_32,xgboost,2,ATR_14,0.03119814768433571
tcs_ns,ALL_32,xgboost,2,RSI_14,0.03105606511235237
tcs_ns,ALL_32,xgboost,2,Adj Close,0.031038198620080948
tcs_ns,ALL_32,xgboost,2,DAILY_RETURN,0.030958671122789383
tcs_ns,ALL_32,xgboost,2,OPEN_CLOSE_PCT,0.030602391809225082
tcs_ns,ALL_32,xgboost,2,ROLLING_STD_20,0.030400387942790985
tcs_ns,ALL_32,xgboost,2,VOLUME_CHANGE_PCT,0.030337603762745857
tcs_ns,ALL_32,xgboost,2,SMA_50,0.030189674347639084
tcs_ns,ALL_32,xgboost,2,GAP_PCT,0.029611237347126007
tcs_ns,ALL_32,xgboost,2,UPPER_WICK,0.029432857409119606
tcs_ns,ALL_32,xgboost,2,PRICE_CHANGE_PCT,0.028622495010495186
tcs_ns,ALL_32,xgboost,2,ROC_12,0.02788224071264267
tcs_ns,ALL_32,xgboost,2,SMA_20,0.02762487530708313
tcs_ns,ALL_32,xgboost,2,VOLUME_SMA_20,0.02636832930147648
tcs_ns,ALL_32,logistic_regression,3,SMA_50,0.5494839632941304
tcs_ns,ALL_32,logistic_regression,3,GAP_PCT,0.3981919264870782
tcs_ns,ALL_32,logistic_regression,3,Open,0.34233549588537376
tcs_ns,ALL_32,logistic_regression,3,OPEN_CLOSE_PCT,0.31346013652027066
tcs_ns,ALL_32,logistic_regression,3,EMA_50,0.28215060504982153
tcs_ns,ALL_32,logistic_regression,3,Adj Close,0.24907682718264446
tcs_ns,ALL_32,logistic_regression,3,Low,0.22628400795030384
tcs_ns,ALL_32,logistic_regression,3,High,0.2230598039463094
tcs_ns,ALL_32,logistic_regression,3,PRICE_CHANGE_PCT,0.2114827933268058
tcs_ns,ALL_32,logistic_regression,3,DAILY_RETURN,0.2114827933267953
tcs_ns,ALL_32,logistic_regression,3,EMA_20,0.17561050911781537
tcs_ns,ALL_32,logistic_regression,3,VOLUME_RATIO,0.1131601332581561
tcs_ns,ALL_32,logistic_regression,3,Close,0.10686025320844114
tcs_ns,ALL_32,logistic_regression,3,Volume,0.10555315697797331
tcs_ns,ALL_32,logistic_regression,3,VOLUME_EMA_20,0.08973678662798129
tcs_ns,ALL_32,logistic_regression,3,UPPER_WICK,0.06767768445708262
tcs_ns,ALL_32,logistic_regression,3,ATR_14,0.06617799405172801
tcs_ns,ALL_32,logistic_regression,3,SMA_20,0.06411472765125281
tcs_ns,ALL_32,logistic_regression,3,HIST_VOL_20,0.06391539689359708
tcs_ns,ALL_32,logistic_regression,3,ROLLING_STD_20,0.061438447274513176
tcs_ns,ALL_32,logistic_regression,3,LOWER_WICK,0.05830121661174757
tcs_ns,ALL_32,logistic_regression,3,MOMENTUM_10,0.05089504754532999
tcs_ns,ALL_32,logistic_regression,3,OBV,0.036655782123914744
tcs_ns,ALL_32,logistic_regression,3,DAILY_RANGE_PCT,0.03368818276758148
tcs_ns,ALL_32,logistic_regression,3,HIGH_LOW_PCT,0.03368818276758148
tcs_ns,ALL_32,logistic_regression,3,BODY_SIZE,0.03166044479894012
tcs_ns,ALL_32,logistic_regression,3,ROC_12,0.030434523920344844
tcs_ns,ALL_32,logistic_regression,3,MOMENTUM_20,0.018715937344783568
tcs_ns,ALL_32,logistic_regression,3,RSI_14,0.015934224697531814
tcs_ns,ALL_32,logistic_regression,3,TRUE_RANGE,0.009190471581865704
tcs_ns,ALL_32,logistic_regression,3,VOLUME_SMA_20,0.008901690286235758
tcs_ns,ALL_32,logistic_regression,3,VOLUME_CHANGE_PCT,0.006254943477855621
tcs_ns,ALL_32,random_forest,3,VOLUME_CHANGE_PCT,0.0396680500430534
tcs_ns,ALL_32,random_forest,3,RSI_14,0.03880878480141023
tcs_ns,ALL_32,random_forest,3,GAP_PCT,0.038727425351650635
tcs_ns,ALL_32,random_forest,3,ROC_12,0.0374237352996423
tcs_ns,ALL_32,random_forest,3,MOMENTUM_20,0.037218402693245535
tcs_ns,ALL_32,random_forest,3,MOMENTUM_10,0.03690758445022656
tcs_ns,ALL_32,random_forest,3,VOLUME_RATIO,0.0359038099848516
tcs_ns,ALL_32,random_forest,3,LOWER_WICK,0.035297816487865424
tcs_ns,ALL_32,random_forest,3,BODY_SIZE,0.035099248222763335
tcs_ns,ALL_32,random_forest,3,HIST_VOL_20,0.035076552724508755
tcs_ns,ALL_32,random_forest,3,ATR_14,0.034681351090928965
tcs_ns,ALL_32,random_forest,3,UPPER_WICK,0.03437993671080941
tcs_ns,ALL_32,random_forest,3,OPEN_CLOSE_PCT,0.03386732203994184
tcs_ns,ALL_32,random_forest,3,VOLUME_EMA_20,0.03345752742595878
tcs_ns,ALL_32,random_forest,3,ROLLING_STD_20,0.03339719850173699
tcs_ns,ALL_32,random_forest,3,Volume,0.032921247562500144
tcs_ns,ALL_32,random_forest,3,DAILY_RETURN,0.032458292166871815
tcs_ns,ALL_32,random_forest,3,HIGH_LOW_PCT,0.0324452159148104
tcs_ns,ALL_32,random_forest,3,PRICE_CHANGE_PCT,0.03184798212617958
tcs_ns,ALL_32,random_forest,3,VOLUME_SMA_20,0.031475826521095776
tcs_ns,ALL_32,random_forest,3,DAILY_RANGE_PCT,0.031322401928896106
tcs_ns,ALL_32,random_forest,3,OBV,0.0305033598043114
tcs_ns,ALL_32,random_forest,3,TRUE_RANGE,0.02980012911065573
tcs_ns,ALL_32,random_forest,3,SMA_50,0.02462125629798665
tcs_ns,ALL_32,random_forest,3,EMA_50,0.023979687126773553
tcs_ns,ALL_32,random_forest,3,High,0.02322317602267143
tcs_ns,ALL_32,random_forest,3,Adj Close,0.02319460016332333
tcs_ns,ALL_32,random_forest,3,SMA_20,0.02318711763657713
tcs_ns,ALL_32,random_forest,3,Open,0.02294282945605284
tcs_ns,ALL_32,random_forest,3,EMA_20,0.022187797385142184
tcs_ns,ALL_32,random_forest,3,Close,0.02217559375348849
tcs_ns,ALL_32,random_forest,3,Low,0.02179874119406969
tcs_ns,ALL_32,xgboost,3,High,0.04249294847249985
tcs_ns,ALL_32,xgboost,3,Open,0.035763826221227646
tcs_ns,ALL_32,xgboost,3,HIGH_LOW_PCT,0.03531648591160774
tcs_ns,ALL_32,xgboost,3,LOWER_WICK,0.03332692012190819
tcs_ns,ALL_32,xgboost,3,EMA_50,0.03284343332052231
tcs_ns,ALL_32,xgboost,3,DAILY_RANGE_PCT,0.03240417689085007
tcs_ns,ALL_32,xgboost,3,VOLUME_RATIO,0.0323297344148159
tcs_ns,ALL_32,xgboost,3,TRUE_RANGE,0.032003358006477356
tcs_ns,ALL_32,xgboost,3,SMA_20,0.03191772848367691
tcs_ns,ALL_32,xgboost,3,Close,0.03184225410223007
tcs_ns,ALL_32,xgboost,3,Low,0.03175412490963936
tcs_ns,ALL_32,xgboost,3,RSI_14,0.03173026442527771
tcs_ns,ALL_32,xgboost,3,SMA_50,0.031628403812646866
tcs_ns,ALL_32,xgboost,3,VOLUME_EMA_20,0.03161848708987236
tcs_ns,ALL_32,xgboost,3,ATR_14,0.03132995218038559
tcs_ns,ALL_32,xgboost,3,DAILY_RETURN,0.03122682310640812
tcs_ns,ALL_32,xgboost,3,MOMENTUM_20,0.030882444232702255
tcs_ns,ALL_32,xgboost,3,OBV,0.03084512986242771
tcs_ns,ALL_32,xgboost,3,VOLUME_CHANGE_PCT,0.030825061723589897
tcs_ns,ALL_32,xgboost,3,MOMENTUM_10,0.0307608749717474
tcs_ns,ALL_32,xgboost,3,PRICE_CHANGE_PCT,0.029951276257634163
tcs_ns,ALL_32,xgboost,3,OPEN_CLOSE_PCT,0.0298644807189703
tcs_ns,ALL_32,xgboost,3,BODY_SIZE,0.02976473607122898
tcs_ns,ALL_32,xgboost,3,ROC_12,0.029609311372041702
tcs_ns,ALL_32,xgboost,3,Volume,0.029601434245705605
tcs_ns,ALL_32,xgboost,3,Adj Close,0.029014885425567627
tcs_ns,ALL_32,xgboost,3,GAP_PCT,0.02901369519531727
tcs_ns,ALL_32,xgboost,3,VOLUME_SMA_20,0.02883162721991539
tcs_ns,ALL_32,xgboost,3,HIST_VOL_20,0.028647620230913162
tcs_ns,ALL_32,xgboost,3,ROLLING_STD_20,0.028530485928058624
tcs_ns,ALL_32,xgboost,3,UPPER_WICK,0.028437193483114243
tcs_ns,ALL_32,xgboost,3,EMA_20,0.02589081972837448
tcs_ns,SHORTLIST_16,logistic_regression,1,GAP_PCT,0.46353471244916106
tcs_ns,SHORTLIST_16,logistic_regression,1,OPEN_CLOSE_PCT,0.24162219068846613
tcs_ns,SHORTLIST_16,logistic_regression,1,ROLLING_STD_20,0.21836588132773965
tcs_ns,SHORTLIST_16,logistic_regression,1,VOLUME_CHANGE_PCT,0.1714446008049295
tcs_ns,SHORTLIST_16,logistic_regression,1,UPPER_WICK,0.170784742242519
tcs_ns,SHORTLIST_16,logistic_regression,1,ATR_14,0.14766501646407543
tcs_ns,SHORTLIST_16,logistic_regression,1,PRICE_CHANGE_PCT,0.1388891336937209
tcs_ns,SHORTLIST_16,logistic_regression,1,DAILY_RETURN,0.1388891336937196
tcs_ns,SHORTLIST_16,logistic_regression,1,ROC_12,0.08908718701082238
tcs_ns,SHORTLIST_16,logistic_regression,1,VOLUME_RATIO,0.06276901439471415
tcs_ns,SHORTLIST_16,logistic_regression,1,LOWER_WICK,0.06202781246036402
tcs_ns,SHORTLIST_16,logistic_regression,1,HIST_VOL_20,0.05399204636084239
tcs_ns,SHORTLIST_16,logistic_regression,1,BODY_SIZE,0.0434423036555461
tcs_ns,SHORTLIST_16,logistic_regression,1,HIGH_LOW_PCT,0.04166390127836646
tcs_ns,SHORTLIST_16,logistic_regression,1,DAILY_RANGE_PCT,0.04166390127836646
tcs_ns,SHORTLIST_16,logistic_regression,1,RSI_14,0.014144520316233205
tcs_ns,SHORTLIST_16,random_forest,1,RSI_14,0.074668740082199
tcs_ns,SHORTLIST_16,random_forest,1,ROLLING_STD_20,0.07377391822151465
tcs_ns,SHORTLIST_16,random_forest,1,ATR_14,0.07069075446617018
tcs_ns,SHORTLIST_16,random_forest,1,VOLUME_CHANGE_PCT,0.06526680012218873
tcs_ns,SHORTLIST_16,random_forest,1,ROC_12,0.06487237438293697
tcs_ns,SHORTLIST_16,random_forest,1,HIST_VOL_20,0.06363917135892977
tcs_ns,SHORTLIST_16,random_forest,1,GAP_PCT,0.06326204742889734
tcs_ns,SHORTLIST_16,random_forest,1,VOLUME_RATIO,0.061969262519015175
tcs_ns,SHORTLIST_16,random_forest,1,BODY_SIZE,0.061338006197314145
tcs_ns,SHORTLIST_16,random_forest,1,LOWER_WICK,0.06122527175371585
tcs_ns,SHORTLIST_16,random_forest,1,UPPER_WICK,0.05997874000976312
tcs_ns,SHORTLIST_16,random_forest,1,DAILY_RETURN,0.056424938425961926
tcs_ns,SHORTLIST_16,random_forest,1,HIGH_LOW_PCT,0.05632358866798065
tcs_ns,SHORTLIST_16,random_forest,1,OPEN_CLOSE_PCT,0.05631168293657498
tcs_ns,SHORTLIST_16,random_forest,1,PRICE_CHANGE_PCT,0.056174387596558004
tcs_ns,SHORTLIST_16,random_forest,1,DAILY_RANGE_PCT,0.05408031583027963
tcs_ns,SHORTLIST_16,xgboost,1,RSI_14,0.07028302550315857
tcs_ns,SHORTLIST_16,xgboost,1,DAILY_RETURN,0.06772369891405106
tcs_ns,SHORTLIST_16,xgboost,1,ROLLING_STD_20,0.06765861064195633
tcs_ns,SHORTLIST_16,xgboost,1,ATR_14,0.06423585116863251
tcs_ns,SHORTLIST_16,xgboost,1,DAILY_RANGE_PCT,0.06390757113695145
tcs_ns,SHORTLIST_16,xgboost,1,PRICE_CHANGE_PCT,0.06329809129238129
tcs_ns,SHORTLIST_16,xgboost,1,HIGH_LOW_PCT,0.06321771442890167
tcs_ns,SHORTLIST_16,xgboost,1,BODY_SIZE,0.06271812319755554
tcs_ns,SHORTLIST_16,xgboost,1,HIST_VOL_20,0.06216865032911301
tcs_ns,SHORTLIST_16,xgboost,1,LOWER_WICK,0.061730001121759415
tcs_ns,SHORTLIST_16,xgboost,1,VOLUME_RATIO,0.06152895838022232
tcs_ns,SHORTLIST_16,xgboost,1,UPPER_WICK,0.061426300555467606
tcs_ns,SHORTLIST_16,xgboost,1,ROC_12,0.06011413037776947
tcs_ns,SHORTLIST_16,xgboost,1,VOLUME_CHANGE_PCT,0.05719221383333206
tcs_ns,SHORTLIST_16,xgboost,1,GAP_PCT,0.05701300501823425
tcs_ns,SHORTLIST_16,xgboost,1,OPEN_CLOSE_PCT,0.05578402429819107
tcs_ns,SHORTLIST_16,logistic_regression,2,GAP_PCT,0.478437589493593
tcs_ns,SHORTLIST_16,logistic_regression,2,OPEN_CLOSE_PCT,0.3394677660105709
tcs_ns,SHORTLIST_16,logistic_regression,2,PRICE_CHANGE_PCT,0.21907158053691708
tcs_ns,SHORTLIST_16,logistic_regression,2,DAILY_RETURN,0.21907158053689843
tcs_ns,SHORTLIST_16,logistic_regression,2,ATR_14,0.07997303352457935
tcs_ns,SHORTLIST_16,logistic_regression,2,LOWER_WICK,0.06282718474280902
tcs_ns,SHORTLIST_16,logistic_regression,2,ROC_12,0.06236611452793269
tcs_ns,SHORTLIST_16,logistic_regression,2,UPPER_WICK,0.06100395495882098
tcs_ns,SHORTLIST_16,logistic_regression,2,ROLLING_STD_20,0.05952797951172956
tcs_ns,SHORTLIST_16,logistic_regression,2,RSI_14,0.05509110301291181
tcs_ns,SHORTLIST_16,logistic_regression,2,HIST_VOL_20,0.03370886495493392
tcs_ns,SHORTLIST_16,logistic_regression,2,HIGH_LOW_PCT,0.029362287776060644
tcs_ns,SHORTLIST_16,logistic_regression,2,DAILY_RANGE_PCT,0.029362287776060644
tcs_ns,SHORTLIST_16,logistic_regression,2,VOLUME_RATIO,0.014971485618750034
tcs_ns,SHORTLIST_16,logistic_regression,2,BODY_SIZE,0.011207788738580035
tcs_ns,SHORTLIST_16,logistic_regression,2,VOLUME_CHANGE_PCT,0.005075508484419125
tcs_ns,SHORTLIST_16,random_forest,2,RSI_14,0.06923139280075065
tcs_ns,SHORTLIST_16,random_forest,2,VOLUME_RATIO,0.06825611758299605
tcs_ns,SHORTLIST_16,random_forest,2,VOLUME_CHANGE_PCT,0.06818871382495988
tcs_ns,SHORTLIST_16,random_forest,2,GAP_PCT,0.0665839539284398
tcs_ns,SHORTLIST_16,random_forest,2,ATR_14,0.06639865988054897
tcs_ns,SHORTLIST_16,random_forest,2,ROC_12,0.06626041070197808
tcs_ns,SHORTLIST_16,random_forest,2,HIST_VOL_20,0.06570292006028575
tcs_ns,SHORTLIST_16,random_forest,2,BODY_SIZE,0.06529995059796817
tcs_ns,SHORTLIST_16,random_forest,2,ROLLING_STD_20,0.06469104733632902
tcs_ns,SHORTLIST_16,random_forest,2,LOWER_WICK,0.06002521148071262
tcs_ns,SHORTLIST_16,random_forest,2,OPEN_CLOSE_PCT,0.058682085977854806
tcs_ns,SHORTLIST_16,random_forest,2,HIGH_LOW_PCT,0.0582944444757198
tcs_ns,SHORTLIST_16,random_forest,2,UPPER_WICK,0.05810613792390317
tcs_ns,SHORTLIST_16,random_forest,2,DAILY_RANGE_PCT,0.05694446672348796
tcs_ns,SHORTLIST_16,random_forest,2,DAILY_RETURN,0.05394721534135201
tcs_ns,SHORTLIST_16,random_forest,2,PRICE_CHANGE_PCT,0.0533872713627134
tcs_ns,SHORTLIST_16,xgboost,2,DAILY_RANGE_PCT,0.07442303001880646
tcs_ns,SHORTLIST_16,xgboost,2,HIGH_LOW_PCT,0.06560228765010834
tcs_ns,SHORTLIST_16,xgboost,2,VOLUME_RATIO,0.06546203047037125
tcs_ns,SHORTLIST_16,xgboost,2,GAP_PCT,0.06465045362710953
tcs_ns,SHORTLIST_16,xgboost,2,VOLUME_CHANGE_PCT,0.06353729218244553
tcs_ns,SHORTLIST_16,xgboost,2,ROLLING_STD_20,0.06311827152967453
tcs_ns,SHORTLIST_16,xgboost,2,BODY_SIZE,0.06286662071943283
tcs_ns,SHORTLIST_16,xgboost,2,ATR_14,0.06274721026420593
tcs_ns,SHORTLIST_16,xgboost,2,LOWER_WICK,0.06262053549289703
tcs_ns,SHORTLIST_16,xgboost,2,RSI_14,0.06086146458983421
tcs_ns,SHORTLIST_16,xgboost,2,PRICE_CHANGE_PCT,0.06063978001475334
tcs_ns,SHORTLIST_16,xgboost,2,UPPER_WICK,0.059946637600660324
tcs_ns,SHORTLIST_16,xgboost,2,ROC_12,0.05964578315615654
tcs_ns,SHORTLIST_16,xgboost,2,HIST_VOL_20,0.059020642191171646
tcs_ns,SHORTLIST_16,xgboost,2,OPEN_CLOSE_PCT,0.05894218385219574
tcs_ns,SHORTLIST_16,xgboost,2,DAILY_RETURN,0.0559157095849514
tcs_ns,SHORTLIST_16,logistic_regression,3,GAP_PCT,0.48525206043613306
tcs_ns,SHORTLIST_16,logistic_regression,3,OPEN_CLOSE_PCT,0.3994880160309658
tcs_ns,SHORTLIST_16,logistic_regression,3,PRICE_CHANGE_PCT,0.26704278448679586
tcs_ns,SHORTLIST_16,logistic_regression,3,DAILY_RETURN,0.26704278448678725
tcs_ns,SHORTLIST_16,logistic_regression,3,UPPER_WICK,0.08520014800741324
tcs_ns,SHORTLIST_16,logistic_regression,3,RSI_14,0.07355615066979
tcs_ns,SHORTLIST_16,logistic_regression,3,LOWER_WICK,0.0679760397571842
tcs_ns,SHORTLIST_16,logistic_regression,3,ROC_12,0.05837737498083786
tcs_ns,SHORTLIST_16,logistic_regression,3,ROLLING_STD_20,0.050313723368116035
tcs_ns,SHORTLIST_16,logistic_regression,3,HIST_VOL_20,0.04514695163585186
tcs_ns,SHORTLIST_16,logistic_regression,3,VOLUME_RATIO,0.03012188257183301
tcs_ns,SHORTLIST_16,logistic_regression,3,HIGH_LOW_PCT,0.02182897612782099
tcs_ns,SHORTLIST_16,logistic_regression,3,DAILY_RANGE_PCT,0.02182897612782099
tcs_ns,SHORTLIST_16,logistic_regression,3,ATR_14,0.008647593149688949
tcs_ns,SHORTLIST_16,logistic_regression,3,BODY_SIZE,0.003787205403003144
tcs_ns,SHORTLIST_16,logistic_regression,3,VOLUME_CHANGE_PCT,0.0029981837153764688
tcs_ns,SHORTLIST_16,random_forest,3,RSI_14,0.06989798402264344
tcs_ns,SHORTLIST_16,random_forest,3,VOLUME_CHANGE_PCT,0.06929563744852489
tcs_ns,SHORTLIST_16,random_forest,3,ROC_12,0.06781636601749558
tcs_ns,SHORTLIST_16,random_forest,3,VOLUME_RATIO,0.06743428825115926
tcs_ns,SHORTLIST_16,random_forest,3,HIST_VOL_20,0.06638879950749851
tcs_ns,SHORTLIST_16,random_forest,3,ATR_14,0.06546915086931465
tcs_ns,SHORTLIST_16,random_forest,3,GAP_PCT,0.06471882502708318
tcs_ns,SHORTLIST_16,random_forest,3,ROLLING_STD_20,0.06386445748234046
tcs_ns,SHORTLIST_16,random_forest,3,BODY_SIZE,0.06301149701938188
tcs_ns,SHORTLIST_16,random_forest,3,LOWER_WICK,0.06174936393739882
tcs_ns,SHORTLIST_16,random_forest,3,UPPER_WICK,0.05950589605899181
tcs_ns,SHORTLIST_16,random_forest,3,OPEN_CLOSE_PCT,0.05781994949018117
tcs_ns,SHORTLIST_16,random_forest,3,HIGH_LOW_PCT,0.057399224016723746
tcs_ns,SHORTLIST_16,random_forest,3,DAILY_RANGE_PCT,0.057301948627507454
tcs_ns,SHORTLIST_16,random_forest,3,DAILY_RETURN,0.054406093506161636
tcs_ns,SHORTLIST_16,random_forest,3,PRICE_CHANGE_PCT,0.05392051871759346
tcs_ns,SHORTLIST_16,xgboost,3,DAILY_RANGE_PCT,0.07049234211444855
tcs_ns,SHORTLIST_16,xgboost,3,RSI_14,0.06638021767139435
tcs_ns,SHORTLIST_16,xgboost,3,ATR_14,0.06517357379198074
tcs_ns,SHORTLIST_16,xgboost,3,ROC_12,0.0634523332118988
tcs_ns,SHORTLIST_16,xgboost,3,HIST_VOL_20,0.0629742369055748
tcs_ns,SHORTLIST_16,xgboost,3,LOWER_WICK,0.06217417120933533
tcs_ns,SHORTLIST_16,xgboost,3,DAILY_RETURN,0.06188163533806801
tcs_ns,SHORTLIST_16,xgboost,3,OPEN_CLOSE_PCT,0.06164177879691124
tcs_ns,SHORTLIST_16,xgboost,3,BODY_SIZE,0.06151037663221359
tcs_ns,SHORTLIST_16,xgboost,3,VOLUME_RATIO,0.061469513922929764
tcs_ns,SHORTLIST_16,xgboost,3,PRICE_CHANGE_PCT,0.0614304393529892
tcs_ns,SHORTLIST_16,xgboost,3,ROLLING_STD_20,0.06071212887763977
tcs_ns,SHORTLIST_16,xgboost,3,UPPER_WICK,0.06052869185805321
tcs_ns,SHORTLIST_16,xgboost,3,GAP_PCT,0.060518838465213776
tcs_ns,SHORTLIST_16,xgboost,3,HIGH_LOW_PCT,0.06002683565020561
tcs_ns,SHORTLIST_16,xgboost,3,VOLUME_CHANGE_PCT,0.05963288992643356
tcs_ns,NO_PRICE_LEVELS_27,logistic_regression,1,GAP_PCT,0.5465278008768709
tcs_ns,NO_PRICE_LEVELS_27,logistic_regression,1,SMA_20,0.41440882651913463
tcs_ns,NO_PRICE_LEVELS_27,logistic_regression,1,SMA_50,0.38707619001585575
tcs_ns,NO_PRICE_LEVELS_27,logistic_regression,1,VOLUME_EMA_20,0.3008132451840952
tcs_ns,NO_PRICE_LEVELS_27,logistic_regression,1,TRUE_RANGE,0.2927134851016981
tcs_ns,NO_PRICE_LEVELS_27,logistic_regression,1,EMA_50,0.2749808495875341
tcs_ns,NO_PRICE_LEVELS_27,logistic_regression,1,EMA_20,0.2642087942972591
tcs_ns,NO_PRICE_LEVELS_27,logistic_regression,1,UPPER_WICK,0.2566324867150508
tcs_ns,NO_PRICE_LEVELS_27,logistic_regression,1,Volume,0.2539171954377844
tcs_ns,NO_PRICE_LEVELS_27,logistic_regression,1,ATR_14,0.23372356119604862
tcs_ns,NO_PRICE_LEVELS_27,logistic_regression,1,VOLUME_SMA_20,0.23034560389019829
tcs_ns,NO_PRICE_LEVELS_27,logistic_regression,1,OPEN_CLOSE_PCT,0.21693884835894273
tcs_ns,NO_PRICE_LEVELS_27,logistic_regression,1,ROLLING_STD_20,0.21542793283611528
tcs_ns,NO_PRICE_LEVELS_27,logistic_regression,1,OBV,0.18754510499037055
tcs_ns,NO_PRICE_LEVELS_27,logistic_regression,1,VOLUME_CHANGE_PCT,0.16263237529029842
tcs_ns,NO_PRICE_LEVELS_27,logistic_regression,1,PRICE_CHANGE_PCT,0.11751864270793078
tcs_ns,NO_PRICE_LEVELS_27,logistic_regression,1,DAILY_RETURN,0.11751864270792896
tcs_ns,NO_PRICE_LEVELS_27,logistic_regression,1,RSI_14,0.081689069540635
tcs_ns,NO_PRICE_LEVELS_27,logistic_regression,1,BODY_SIZE,0.07352839984645608
tcs_ns,NO_PRICE_LEVELS_27,logistic_regression,1,VOLUME_RATIO,0.0697924042208945
tcs_ns,NO_PRICE_LEVELS_27,logistic_regression,1,ROC_12,0.049891987199126096
tcs_ns,NO_PRICE_LEVELS_27,logistic_regression,1,HIGH_LOW_PCT,0.045658361395743884
tcs_ns,NO_PRICE_LEVELS_27,logistic_regression,1,DAILY_RANGE_PCT,0.045658361395743884
tcs_ns,NO_PRICE_LEVELS_27,logistic_regression,1,MOMENTUM_20,0.04225982247961031
tcs_ns,NO_PRICE_LEVELS_27,logistic_regression,1,HIST_VOL_20,0.03348309084410138
tcs_ns,NO_PRICE_LEVELS_27,logistic_regression,1,MOMENTUM_10,0.01783827732996489
tcs_ns,NO_PRICE_LEVELS_27,logistic_regression,1,LOWER_WICK,0.015428136949758794
tcs_ns,NO_PRICE_LEVELS_27,random_forest,1,MOMENTUM_20,0.046725131853141304
tcs_ns,NO_PRICE_LEVELS_27,random_forest,1,RSI_14,0.04580010366691096
tcs_ns,NO_PRICE_LEVELS_27,random_forest,1,GAP_PCT,0.04217346801211855
tcs_ns,NO_PRICE_LEVELS_27,random_forest,1,ROLLING_STD_20,0.04136493066683818
tcs_ns,NO_PRICE_LEVELS_27,random_forest,1,ROC_12,0.04028691499076621
tcs_ns,NO_PRICE_LEVELS_27,random_forest,1,MOMENTUM_10,0.040114884031022376
tcs_ns,NO_PRICE_LEVELS_27,random_forest,1,VOLUME_CHANGE_PCT,0.039688004863123474
tcs_ns,NO_PRICE_LEVELS_27,random_forest,1,LOWER_WICK,0.039430452953920475
tcs_ns,NO_PRICE_LEVELS_27,random_forest,1,HIST_VOL_20,0.039350073779542874
tcs_ns,NO_PRICE_LEVELS_27,random_forest,1,DAILY_RETURN,0.038528333644949515
tcs_ns,NO_PRICE_LEVELS_27,random_forest,1,ATR_14,0.03841931335833467
tcs_ns,NO_PRICE_LEVELS_27,random_forest,1,OBV,0.03808270043975699
tcs_ns,NO_PRICE_LEVELS_27,random_forest,1,UPPER_WICK,0.03754915756920155
tcs_ns,NO_PRICE_LEVELS_27,random_forest,1,VOLUME_EMA_20,0.03747008515287788
tcs_ns,NO_PRICE_LEVELS_27,random_forest,1,VOLUME_RATIO,0.03741052688273689
tcs_ns,NO_PRICE_LEVELS_27,random_forest,1,BODY_SIZE,0.03633409728838194
tcs_ns,NO_PRICE_LEVELS_27,random_forest,1,VOLUME_SMA_20,0.03630623681026694
tcs_ns,NO_PRICE_LEVELS_27,random_forest,1,Volume,0.03579051894892399
tcs_ns,NO_PRICE_LEVELS_27,random_forest,1,PRICE_CHANGE_PCT,0.03450462473913117
tcs_ns,NO_PRICE_LEVELS_27,random_forest,1,OPEN_CLOSE_PCT,0.03416783098186079
tcs_ns,NO_PRICE_LEVELS_27,random_forest,1,TRUE_RANGE,0.03374492528715839
tcs_ns,NO_PRICE_LEVELS_27,random_forest,1,DAILY_RANGE_PCT,0.03353682158420619
tcs_ns,NO_PRICE_LEVELS_27,random_forest,1,EMA_50,0.03212389026041869
tcs_ns,NO_PRICE_LEVELS_27,random_forest,1,HIGH_LOW_PCT,0.03202396178486725
tcs_ns,NO_PRICE_LEVELS_27,random_forest,1,EMA_20,0.030466036256308213
tcs_ns,NO_PRICE_LEVELS_27,random_forest,1,SMA_50,0.029778889930303216
tcs_ns,NO_PRICE_LEVELS_27,random_forest,1,SMA_20,0.028828084262931424
tcs_ns,NO_PRICE_LEVELS_27,xgboost,1,EMA_50,0.04518716037273407
tcs_ns,NO_PRICE_LEVELS_27,xgboost,1,SMA_50,0.044010285288095474
tcs_ns,NO_PRICE_LEVELS_27,xgboost,1,MOMENTUM_20,0.04022365063428879
tcs_ns,NO_PRICE_LEVELS_27,xgboost,1,ATR_14,0.039522040635347366
tcs_ns,NO_PRICE_LEVELS_27,xgboost,1,LOWER_WICK,0.03913663327693939
tcs_ns,NO_PRICE_LEVELS_27,xgboost,1,RSI_14,0.03830844908952713
tcs_ns,NO_PRICE_LEVELS_27,xgboost,1,OBV,0.03829566761851311
tcs_ns,NO_PRICE_LEVELS_27,xgboost,1,VOLUME_SMA_20,0.038087453693151474
tcs_ns,NO_PRICE_LEVELS_27,xgboost,1,VOLUME_RATIO,0.038057077676057816
tcs_ns,NO_PRICE_LEVELS_27,xgboost,1,DAILY_RANGE_PCT,0.037968117743730545
tcs_ns,NO_PRICE_LEVELS_27,xgboost,1,PRICE_CHANGE_PCT,0.03772956505417824
tcs_ns,NO_PRICE_LEVELS_27,xgboost,1,ROLLING_STD_20,0.03715309128165245
tcs_ns,NO_PRICE_LEVELS_27,xgboost,1,GAP_PCT,0.03709917888045311
tcs_ns,NO_PRICE_LEVELS_27,xgboost,1,Volume,0.0366278700530529
tcs_ns,NO_PRICE_LEVELS_27,xgboost,1,SMA_20,0.03652450069785118
tcs_ns,NO_PRICE_LEVELS_27,xgboost,1,VOLUME_EMA_20,0.03651299700140953
tcs_ns,NO_PRICE_LEVELS_27,xgboost,1,DAILY_RETURN,0.036317553371191025
tcs_ns,NO_PRICE_LEVELS_27,xgboost,1,HIGH_LOW_PCT,0.036128632724285126
tcs_ns,NO_PRICE_LEVELS_27,xgboost,1,UPPER_WICK,0.03610251471400261
tcs_ns,NO_PRICE_LEVELS_27,xgboost,1,BODY_SIZE,0.03595970943570137
tcs_ns,NO_PRICE_LEVELS_27,xgboost,1,TRUE_RANGE,0.03494841977953911
tcs_ns,NO_PRICE_LEVELS_27,xgboost,1,MOMENTUM_10,0.03462656959891319
tcs_ns,NO_PRICE_LEVELS_27,xgboost,1,VOLUME_CHANGE_PCT,0.03394118696451187
tcs_ns,NO_PRICE_LEVELS_27,xgboost,1,EMA_20,0.03380937501788139
tcs_ns,NO_PRICE_LEVELS_27,xgboost,1,OPEN_CLOSE_PCT,0.03365028277039528
tcs_ns,NO_PRICE_LEVELS_27,xgboost,1,ROC_12,0.03312603384256363
tcs_ns,NO_PRICE_LEVELS_27,xgboost,1,HIST_VOL_20,0.030945956707000732
tcs_ns,NO_PRICE_LEVELS_27,logistic_regression,2,GAP_PCT,0.5221017083579196
tcs_ns,NO_PRICE_LEVELS_27,logistic_regression,2,EMA_50,0.39899234321646165
tcs_ns,NO_PRICE_LEVELS_27,logistic_regression,2,OPEN_CLOSE_PCT,0.3650048811679349
tcs_ns,NO_PRICE_LEVELS_27,logistic_regression,2,PRICE_CHANGE_PCT,0.2402864755798785
tcs_ns,NO_PRICE_LEVELS_27,logistic_regression,2,DAILY_RETURN,0.24028647557986016
tcs_ns,NO_PRICE_LEVELS_27,logistic_regression,2,SMA_20,0.22787703411991944
tcs_ns,NO_PRICE_LEVELS_27,logistic_regression,2,EMA_20,0.22013994698149905
tcs_ns,NO_PRICE_LEVELS_27,logistic_regression,2,SMA_50,0.14136713697417455
tcs_ns,NO_PRICE_LEVELS_27,logistic_regression,2,UPPER_WICK,0.12164826731259169
tcs_ns,NO_PRICE_LEVELS_27,logistic_regression,2,LOWER_WICK,0.11917562361268376
tcs_ns,NO_PRICE_LEVELS_27,logistic_regression,2,BODY_SIZE,0.1061022514691173
tcs_ns,NO_PRICE_LEVELS_27,logistic_regression,2,Volume,0.10500767043371197
tcs_ns,NO_PRICE_LEVELS_27,logistic_regression,2,VOLUME_RATIO,0.1035411992416682
tcs_ns,NO_PRICE_LEVELS_27,logistic_regression,2,OBV,0.09129796990076351
tcs_ns,NO_PRICE_LEVELS_27,logistic_regression,2,TRUE_RANGE,0.07977631764233825
tcs_ns,NO_PRICE_LEVELS_27,logistic_regression,2,ROLLING_STD_20,0.07845284883790336
tcs_ns,NO_PRICE_LEVELS_27,logistic_regression,2,MOMENTUM_20,0.05871371493327698
tcs_ns,NO_PRICE_LEVELS_27,logistic_regression,2,ROC_12,0.0529568656432289
tcs_ns,NO_PRICE_LEVELS_27,logistic_regression,2,ATR_14,0.03920664373773186
tcs_ns,NO_PRICE_LEVELS_27,logistic_regression,2,RSI_14,0.035500779306259105
tcs_ns,NO_PRICE_LEVELS_27,logistic_regression,2,VOLUME_SMA_20,0.0210495076731594
tcs_ns,NO_PRICE_LEVELS_27,logistic_regression,2,MOMENTUM_10,0.018623165186577008
tcs_ns,NO_PRICE_LEVELS_27,logistic_regression,2,VOLUME_EMA_20,0.01683035902792121
tcs_ns,NO_PRICE_LEVELS_27,logistic_regression,2,HIST_VOL_20,0.009552469543262209
tcs_ns,NO_PRICE_LEVELS_27,logistic_regression,2,VOLUME_CHANGE_PCT,0.004982907492067883
tcs_ns,NO_PRICE_LEVELS_27,logistic_regression,2,DAILY_RANGE_PCT,0.0031983899226774365
tcs_ns,NO_PRICE_LEVELS_27,logistic_regression,2,HIGH_LOW_PCT,0.0031983899226774365
tcs_ns,NO_PRICE_LEVELS_27,random_forest,2,GAP_PCT,0.04528260861982896
tcs_ns,NO_PRICE_LEVELS_27,random_forest,2,MOMENTUM_10,0.0426458092006732
tcs_ns,NO_PRICE_LEVELS_27,random_forest,2,VOLUME_CHANGE_PCT,0.04207518464775267
tcs_ns,NO_PRICE_LEVELS_27,random_forest,2,RSI_14,0.042014841635941276
tcs_ns,NO_PRICE_LEVELS_27,random_forest,2,MOMENTUM_20,0.041771753381384134
tcs_ns,NO_PRICE_LEVELS_27,random_forest,2,ROC_12,0.04081635015486068
tcs_ns,NO_PRICE_LEVELS_27,random_forest,2,HIST_VOL_20,0.04063646887983138
tcs_ns,NO_PRICE_LEVELS_27,random_forest,2,VOLUME_RATIO,0.04024668491861739
tcs_ns,NO_PRICE_LEVELS_27,random_forest,2,BODY_SIZE,0.039304244727584196
tcs_ns,NO_PRICE_LEVELS_27,random_forest,2,OBV,0.03903655024041865
tcs_ns,NO_PRICE_LEVELS_27,random_forest,2,LOWER_WICK,0.0387365176535893
tcs_ns,NO_PRICE_LEVELS_27,random_forest,2,ATR_14,0.03853378842294661
tcs_ns,NO_PRICE_LEVELS_27,random_forest,2,VOLUME_EMA_20,0.038277540642814835
tcs_ns,NO_PRICE_LEVELS_27,random_forest,2,OPEN_CLOSE_PCT,0.03791804511732549
tcs_ns,NO_PRICE_LEVELS_27,random_forest,2,ROLLING_STD_20,0.03746566430346985
tcs_ns,NO_PRICE_LEVELS_27,random_forest,2,HIGH_LOW_PCT,0.03690950791557572
tcs_ns,NO_PRICE_LEVELS_27,random_forest,2,Volume,0.036610547190816266
tcs_ns,NO_PRICE_LEVELS_27,random_forest,2,DAILY_RANGE_PCT,0.03637084548492169
tcs_ns,NO_PRICE_LEVELS_27,random_forest,2,VOLUME_SMA_20,0.035683845346729894
tcs_ns,NO_PRICE_LEVELS_27,random_forest,2,UPPER_WICK,0.03429830978426369
tcs_ns,NO_PRICE_LEVELS_27,random_forest,2,PRICE_CHANGE_PCT,0.03382095638531041
tcs_ns,NO_PRICE_LEVELS_27,random_forest,2,DAILY_RETURN,0.033655315522594334
tcs_ns,NO_PRICE_LEVELS_27,random_forest,2,TRUE_RANGE,0.032732110697494515
tcs_ns,NO_PRICE_LEVELS_27,random_forest,2,EMA_20,0.02922301262383535
tcs_ns,NO_PRICE_LEVELS_27,random_forest,2,SMA_50,0.02915520497810989
tcs_ns,NO_PRICE_LEVELS_27,random_forest,2,EMA_50,0.02856932783050578
tcs_ns,NO_PRICE_LEVELS_27,random_forest,2,SMA_20,0.028208963692803932
tcs_ns,NO_PRICE_LEVELS_27,xgboost,2,ROLLING_STD_20,0.040905438363552094
tcs_ns,NO_PRICE_LEVELS_27,xgboost,2,MOMENTUM_20,0.04023146256804466
tcs_ns,NO_PRICE_LEVELS_27,xgboost,2,RSI_14,0.040205489844083786
tcs_ns,NO_PRICE_LEVELS_27,xgboost,2,LOWER_WICK,0.0396367684006691
tcs_ns,NO_PRICE_LEVELS_27,xgboost,2,PRICE_CHANGE_PCT,0.039627302438020706
tcs_ns,NO_PRICE_LEVELS_27,xgboost,2,DAILY_RANGE_PCT,0.03954794630408287
tcs_ns,NO_PRICE_LEVELS_27,xgboost,2,VOLUME_RATIO,0.0386211983859539
tcs_ns,NO_PRICE_LEVELS_27,xgboost,2,MOMENTUM_10,0.03857554867863655
tcs_ns,NO_PRICE_LEVELS_27,xgboost,2,TRUE_RANGE,0.03841559588909149
tcs_ns,NO_PRICE_LEVELS_27,xgboost,2,Volume,0.038307711482048035
tcs_ns,NO_PRICE_LEVELS_27,xgboost,2,DAILY_RETURN,0.03823930397629738
tcs_ns,NO_PRICE_LEVELS_27,xgboost,2,EMA_20,0.038041312247514725
tcs_ns,NO_PRICE_LEVELS_27,xgboost,2,EMA_50,0.03786984458565712
tcs_ns,NO_PRICE_LEVELS_27,xgboost,2,VOLUME_CHANGE_PCT,0.037520475685596466
tcs_ns,NO_PRICE_LEVELS_27,xgboost,2,ATR_14,0.0371786430478096
tcs_ns,NO_PRICE_LEVELS_27,xgboost,2,OBV,0.03706475347280502
tcs_ns,NO_PRICE_LEVELS_27,xgboost,2,OPEN_CLOSE_PCT,0.03679391369223595
tcs_ns,NO_PRICE_LEVELS_27,xgboost,2,BODY_SIZE,0.03671812266111374
tcs_ns,NO_PRICE_LEVELS_27,xgboost,2,VOLUME_EMA_20,0.03600287064909935
tcs_ns,NO_PRICE_LEVELS_27,xgboost,2,VOLUME_SMA_20,0.035546157509088516
tcs_ns,NO_PRICE_LEVELS_27,xgboost,2,ROC_12,0.035262346267700195
tcs_ns,NO_PRICE_LEVELS_27,xgboost,2,UPPER_WICK,0.03519878908991814
tcs_ns,NO_PRICE_LEVELS_27,xgboost,2,HIST_VOL_20,0.035019829869270325
tcs_ns,NO_PRICE_LEVELS_27,xgboost,2,SMA_50,0.034451864659786224
tcs_ns,NO_PRICE_LEVELS_27,xgboost,2,GAP_PCT,0.03440301865339279
tcs_ns,NO_PRICE_LEVELS_27,xgboost,2,SMA_20,0.03223596140742302
tcs_ns,NO_PRICE_LEVELS_27,xgboost,2,HIGH_LOW_PCT,0.028378382325172424
tcs_ns,NO_PRICE_LEVELS_27,logistic_regression,3,GAP_PCT,0.436431126168556
tcs_ns,NO_PRICE_LEVELS_27,logistic_regression,3,SMA_50,0.364048711954679
tcs_ns,NO_PRICE_LEVELS_27,logistic_regression,3,OPEN_CLOSE_PCT,0.3433665632893061
tcs_ns,NO_PRICE_LEVELS_27,logistic_regression,3,SMA_20,0.31397862659358033
tcs_ns,NO_PRICE_LEVELS_27,logistic_regression,3,PRICE_CHANGE_PCT,0.23432322357355662
tcs_ns,NO_PRICE_LEVELS_27,logistic_regression,3,DAILY_RETURN,0.23432322357355184
tcs_ns,NO_PRICE_LEVELS_27,logistic_regression,3,EMA_20,0.17509063933742844
tcs_ns,NO_PRICE_LEVELS_27,logistic_regression,3,VOLUME_RATIO,0.10823695392769911
tcs_ns,NO_PRICE_LEVELS_27,logistic_regression,3,Volume,0.10368551537409042
tcs_ns,NO_PRICE_LEVELS_27,logistic_regression,3,VOLUME_EMA_20,0.09470603859265776
tcs_ns,NO_PRICE_LEVELS_27,logistic_regression,3,MOMENTUM_10,0.07778189183654384
tcs_ns,NO_PRICE_LEVELS_27,logistic_regression,3,ATR_14,0.0664315771635261
tcs_ns,NO_PRICE_LEVELS_27,logistic_regression,3,HIST_VOL_20,0.06270170103512297
tcs_ns,NO_PRICE_LEVELS_27,logistic_regression,3,UPPER_WICK,0.060954276034672746
tcs_ns,NO_PRICE_LEVELS_27,logistic_regression,3,ROLLING_STD_20,0.05952798665872771
tcs_ns,NO_PRICE_LEVELS_27,logistic_regression,3,LOWER_WICK,0.04771141431100504
tcs_ns,NO_PRICE_LEVELS_27,logistic_regression,3,BODY_SIZE,0.045285507777651356
tcs_ns,NO_PRICE_LEVELS_27,logistic_regression,3,EMA_50,0.042034760606896836
tcs_ns,NO_PRICE_LEVELS_27,logistic_regression,3,DAILY_RANGE_PCT,0.034081356662638784
tcs_ns,NO_PRICE_LEVELS_27,logistic_regression,3,HIGH_LOW_PCT,0.034081356662638784
tcs_ns,NO_PRICE_LEVELS_27,logistic_regression,3,ROC_12,0.03171130558021923
tcs_ns,NO_PRICE_LEVELS_27,logistic_regression,3,TRUE_RANGE,0.029066730427397325
tcs_ns,NO_PRICE_LEVELS_27,logistic_regression,3,OBV,0.02610774672574861
tcs_ns,NO_PRICE_LEVELS_27,logistic_regression,3,RSI_14,0.02447152351257157
tcs_ns,NO_PRICE_LEVELS_27,logistic_regression,3,VOLUME_SMA_20,0.015134533604890256
tcs_ns,NO_PRICE_LEVELS_27,logistic_regression,3,MOMENTUM_20,0.013930769074722746
tcs_ns,NO_PRICE_LEVELS_27,logistic_regression,3,VOLUME_CHANGE_PCT,0.00477070533314614
tcs_ns,NO_PRICE_LEVELS_27,random_forest,3,VOLUME_CHANGE_PCT,0.04317084982576966
tcs_ns,NO_PRICE_LEVELS_27,random_forest,3,GAP_PCT,0.04313990340533508
tcs_ns,NO_PRICE_LEVELS_27,random_forest,3,VOLUME_RATIO,0.04277335578251058
tcs_ns,NO_PRICE_LEVELS_27,random_forest,3,RSI_14,0.04271550275576716
tcs_ns,NO_PRICE_LEVELS_27,random_forest,3,ROC_12,0.04218798085862497
tcs_ns,NO_PRICE_LEVELS_27,random_forest,3,MOMENTUM_10,0.0420773339350137
tcs_ns,NO_PRICE_LEVELS_27,random_forest,3,MOMENTUM_20,0.041207316078581295
tcs_ns,NO_PRICE_LEVELS_27,random_forest,3,HIST_VOL_20,0.039408513451335364
tcs_ns,NO_PRICE_LEVELS_27,random_forest,3,BODY_SIZE,0.03895894216608984
tcs_ns,NO_PRICE_LEVELS_27,random_forest,3,VOLUME_EMA_20,0.038093880228477074
tcs_ns,NO_PRICE_LEVELS_27,random_forest,3,UPPER_WICK,0.03790228639070253
tcs_ns,NO_PRICE_LEVELS_27,random_forest,3,ATR_14,0.037870517436887095
tcs_ns,NO_PRICE_LEVELS_27,random_forest,3,LOWER_WICK,0.03778478016466649
tcs_ns,NO_PRICE_LEVELS_27,random_forest,3,OBV,0.03635085841192145
tcs_ns,NO_PRICE_LEVELS_27,random_forest,3,DAILY_RANGE_PCT,0.036307866922791324
tcs_ns,NO_PRICE_LEVELS_27,random_forest,3,Volume,0.036201906084188454
tcs_ns,NO_PRICE_LEVELS_27,random_forest,3,OPEN_CLOSE_PCT,0.03615475578464422
tcs_ns,NO_PRICE_LEVELS_27,random_forest,3,ROLLING_STD_20,0.035862359825299735
tcs_ns,NO_PRICE_LEVELS_27,random_forest,3,HIGH_LOW_PCT,0.035660990805834784
tcs_ns,NO_PRICE_LEVELS_27,random_forest,3,DAILY_RETURN,0.035310906823086616
tcs_ns,NO_PRICE_LEVELS_27,random_forest,3,PRICE_CHANGE_PCT,0.0350154806237454
tcs_ns,NO_PRICE_LEVELS_27,random_forest,3,VOLUME_SMA_20,0.03344533282800035
tcs_ns,NO_PRICE_LEVELS_27,random_forest,3,TRUE_RANGE,0.03325477860120509
tcs_ns,NO_PRICE_LEVELS_27,random_forest,3,EMA_50,0.030349742926060217
tcs_ns,NO_PRICE_LEVELS_27,random_forest,3,SMA_50,0.030291400659009766
tcs_ns,NO_PRICE_LEVELS_27,random_forest,3,EMA_20,0.029741163674959693
tcs_ns,NO_PRICE_LEVELS_27,random_forest,3,SMA_20,0.028761293549492063
tcs_ns,NO_PRICE_LEVELS_27,xgboost,3,PRICE_CHANGE_PCT,0.045064594596624374
tcs_ns,NO_PRICE_LEVELS_27,xgboost,3,HIGH_LOW_PCT,0.04099239036440849
tcs_ns,NO_PRICE_LEVELS_27,xgboost,3,EMA_50,0.03981323540210724
tcs_ns,NO_PRICE_LEVELS_27,xgboost,3,DAILY_RANGE_PCT,0.03958069160580635
tcs_ns,NO_PRICE_LEVELS_27,xgboost,3,SMA_20,0.03941063582897186
tcs_ns,NO_PRICE_LEVELS_27,xgboost,3,ATR_14,0.038111165165901184
tcs_ns,NO_PRICE_LEVELS_27,xgboost,3,TRUE_RANGE,0.03804163634777069
tcs_ns,NO_PRICE_LEVELS_27,xgboost,3,OPEN_CLOSE_PCT,0.03762570023536682
tcs_ns,NO_PRICE_LEVELS_27,xgboost,3,VOLUME_CHANGE_PCT,0.03749719634652138
tcs_ns,NO_PRICE_LEVELS_27,xgboost,3,RSI_14,0.03738578036427498
tcs_ns,NO_PRICE_LEVELS_27,xgboost,3,GAP_PCT,0.03738458827137947
tcs_ns,NO_PRICE_LEVELS_27,xgboost,3,VOLUME_EMA_20,0.037359047681093216
tcs_ns,NO_PRICE_LEVELS_27,xgboost,3,OBV,0.037146300077438354
tcs_ns,NO_PRICE_LEVELS_27,xgboost,3,EMA_20,0.036985259503126144
tcs_ns,NO_PRICE_LEVELS_27,xgboost,3,MOMENTUM_10,0.0368681401014328
tcs_ns,NO_PRICE_LEVELS_27,xgboost,3,ROC_12,0.036367930471897125
tcs_ns,NO_PRICE_LEVELS_27,xgboost,3,VOLUME_RATIO,0.03631886467337608
tcs_ns,NO_PRICE_LEVELS_27,xgboost,3,Volume,0.0357695035636425
tcs_ns,NO_PRICE_LEVELS_27,xgboost,3,LOWER_WICK,0.035754747688770294
tcs_ns,NO_PRICE_LEVELS_27,xgboost,3,SMA_50,0.03569365665316582
tcs_ns,NO_PRICE_LEVELS_27,xgboost,3,BODY_SIZE,0.03560135141015053
tcs_ns,NO_PRICE_LEVELS_27,xgboost,3,DAILY_RETURN,0.03545735403895378
tcs_ns,NO_PRICE_LEVELS_27,xgboost,3,MOMENTUM_20,0.03516541048884392
tcs_ns,NO_PRICE_LEVELS_27,xgboost,3,HIST_VOL_20,0.03474742919206619
tcs_ns,NO_PRICE_LEVELS_27,xgboost,3,VOLUME_SMA_20,0.03387835994362831
tcs_ns,NO_PRICE_LEVELS_27,xgboost,3,ROLLING_STD_20,0.03357773274183273
tcs_ns,NO_PRICE_LEVELS_27,xgboost,3,UPPER_WICK,0.032401278614997864
hdfcbank_ns,ALL_32,logistic_regression,1,SMA_50,1.020825184127403
hdfcbank_ns,ALL_32,logistic_regression,1,EMA_50,0.8954805202223872
hdfcbank_ns,ALL_32,logistic_regression,1,Open,0.7307692375344569
hdfcbank_ns,ALL_32,logistic_regression,1,Low,0.628835825455527
hdfcbank_ns,ALL_32,logistic_regression,1,VOLUME_EMA_20,0.6206421524515813
hdfcbank_ns,ALL_32,logistic_regression,1,High,0.6122011917351012
hdfcbank_ns,ALL_32,logistic_regression,1,Close,0.5104860138365385
hdfcbank_ns,ALL_32,logistic_regression,1,VOLUME_SMA_20,0.48262939526046716
hdfcbank_ns,ALL_32,logistic_regression,1,OBV,0.4625254612135499
hdfcbank_ns,ALL_32,logistic_regression,1,ATR_14,0.27874165604542195
hdfcbank_ns,ALL_32,logistic_regression,1,TRUE_RANGE,0.2217299174965741
hdfcbank_ns,ALL_32,logistic_regression,1,ROLLING_STD_20,0.17589290067895716
hdfcbank_ns,ALL_32,logistic_regression,1,HIST_VOL_20,0.14363125148636327
hdfcbank_ns,ALL_32,logistic_regression,1,MOMENTUM_10,0.1280670825237071
hdfcbank_ns,ALL_32,logistic_regression,1,GAP_PCT,0.11918416537020239
hdfcbank_ns,ALL_32,logistic_regression,1,VOLUME_RATIO,0.1097605390077548
hdfcbank_ns,ALL_32,logistic_regression,1,HIGH_LOW_PCT,0.09936806883296653
hdfcbank_ns,ALL_32,logistic_regression,1,DAILY_RANGE_PCT,0.09936806883296653
hdfcbank_ns,ALL_32,logistic_regression,1,DAILY_RETURN,0.0941428047320062
hdfcbank_ns,ALL_32,logistic_regression,1,PRICE_CHANGE_PCT,0.09414280473199069
hdfcbank_ns,ALL_32,logistic_regression,1,SMA_20,0.08516150950926017
hdfcbank_ns,ALL_32,logistic_regression,1,LOWER_WICK,0.08322844857489639
hdfcbank_ns,ALL_32,logistic_regression,1,OPEN_CLOSE_PCT,0.06905614678132328
hdfcbank_ns,ALL_32,logistic_regression,1,ROC_12,0.06267711468460471
hdfcbank_ns,ALL_32,logistic_regression,1,Adj Close,0.052942972004874585
hdfcbank_ns,ALL_32,logistic_regression,1,Volume,0.03924802997448778
hdfcbank_ns,ALL_32,logistic_regression,1,MOMENTUM_20,0.033387667367530016
hdfcbank_ns,ALL_32,logistic_regression,1,RSI_14,0.016197782963114735
hdfcbank_ns,ALL_32,logistic_regression,1,EMA_20,0.011692250510265756
hdfcbank_ns,ALL_32,logistic_regression,1,VOLUME_CHANGE_PCT,0.006255911902007362
hdfcbank_ns,ALL_32,logistic_regression,1,BODY_SIZE,0.00210816058760306
hdfcbank_ns,ALL_32,logistic_regression,1,UPPER_WICK,0.0005893107075161618
hdfcbank_ns,ALL_32,random_forest,1,MOMENTUM_20,0.04530425419471825
hdfcbank_ns,ALL_32,random_forest,1,GAP_PCT,0.04101038199247593
hdfcbank_ns,ALL_32,random_forest,1,ROC_12,0.0405403780147875
hdfcbank_ns,ALL_32,random_forest,1,MOMENTUM_10,0.03746915632956882
hdfcbank_ns,ALL_32,random_forest,1,VOLUME_CHANGE_PCT,0.03745628863282553
hdfcbank_ns,ALL_32,random_forest,1,RSI_14,0.03690336529679058
hdfcbank_ns,ALL_32,random_forest,1,VOLUME_SMA_20,0.036282222373962995
hdfcbank_ns,ALL_32,random_forest,1,ROLLING_STD_20,0.03519922427790583
hdfcbank_ns,ALL_32,random_forest,1,Volume,0.03506373781191987
hdfcbank_ns,ALL_32,random_forest,1,VOLUME_RATIO,0.03459609603724531
hdfcbank_ns,ALL_32,random_forest,1,VOLUME_EMA_20,0.03417405011627257
hdfcbank_ns,ALL_32,random_forest,1,ATR_14,0.03377302108227253
hdfcbank_ns,ALL_32,random_forest,1,OBV,0.03316158410569772
hdfcbank_ns,ALL_32,random_forest,1,HIST_VOL_20,0.032300499673551884
hdfcbank_ns,ALL_32,random_forest,1,OPEN_CLOSE_PCT,0.031111730630202748
hdfcbank_ns,ALL_32,random_forest,1,TRUE_RANGE,0.030244040191302092
hdfcbank_ns,ALL_32,random_forest,1,DAILY_RETURN,0.03008046323406606
hdfcbank_ns,ALL_32,random_forest,1,DAILY_RANGE_PCT,0.029286011895619947
hdfcbank_ns,ALL_32,random_forest,1,BODY_SIZE,0.02916662010381235
hdfcbank_ns,ALL_32,random_forest,1,HIGH_LOW_PCT,0.028929493688134522
hdfcbank_ns,ALL_32,random_forest,1,PRICE_CHANGE_PCT,0.028688926603932418
hdfcbank_ns,ALL_32,random_forest,1,LOWER_WICK,0.028424436261800048
hdfcbank_ns,ALL_32,random_forest,1,UPPER_WICK,0.027840854076696588
hdfcbank_ns,ALL_32,random_forest,1,SMA_50,0.027580763528100644
hdfcbank_ns,ALL_32,random_forest,1,Adj Close,0.02541810968318685
hdfcbank_ns,ALL_32,random_forest,1,EMA_50,0.025138752741192337
hdfcbank_ns,ALL_32,random_forest,1,Open,0.02481002046085092
hdfcbank_ns,ALL_32,random_forest,1,EMA_20,0.02474097502808615
hdfcbank_ns,ALL_32,random_forest,1,Low,0.024064298481137624
hdfcbank_ns,ALL_32,random_forest,1,SMA_20,0.02404271795032121
hdfcbank_ns,ALL_32,random_forest,1,Close,0.023861004807589535
hdfcbank_ns,ALL_32,random_forest,1,High,0.023336520693972698
hdfcbank_ns,ALL_32,xgboost,1,MOMENTUM_20,0.03794890642166138
hdfcbank_ns,ALL_32,xgboost,1,EMA_20,0.037390295416116714
hdfcbank_ns,ALL_32,xgboost,1,VOLUME_SMA_20,0.035738274455070496
hdfcbank_ns,ALL_32,xgboost,1,Open,0.034976016730070114
hdfcbank_ns,ALL_32,xgboost,1,SMA_20,0.034338660538196564
hdfcbank_ns,ALL_32,xgboost,1,Close,0.03370605781674385
hdfcbank_ns,ALL_32,xgboost,1,OBV,0.03370038792490959
hdfcbank_ns,ALL_32,xgboost,1,TRUE_RANGE,0.03334593027830124
hdfcbank_ns,ALL_32,xgboost,1,LOWER_WICK,0.03247819468379021
hdfcbank_ns,ALL_32,xgboost,1,MOMENTUM_10,0.03229208663105965
hdfcbank_ns,ALL_32,xgboost,1,HIGH_LOW_PCT,0.03211269900202751
hdfcbank_ns,ALL_32,xgboost,1,ROC_12,0.03170130401849747
hdfcbank_ns,ALL_32,xgboost,1,Volume,0.03153025731444359
hdfcbank_ns,ALL_32,xgboost,1,Adj Close,0.03131810948252678
hdfcbank_ns,ALL_32,xgboost,1,OPEN_CLOSE_PCT,0.031235788017511368
hdfcbank_ns,ALL_32,xgboost,1,VOLUME_EMA_20,0.031174765899777412
hdfcbank_ns,ALL_32,xgboost,1,UPPER_WICK,0.030954761430621147
hdfcbank_ns,ALL_32,xgboost,1,VOLUME_CHANGE_PCT,0.0306693147867918
hdfcbank_ns,ALL_32,xgboost,1,SMA_50,0.03047540970146656
hdfcbank_ns,ALL_32,xgboost,1,GAP_PCT,0.03044559620320797
hdfcbank_ns,ALL_32,xgboost,1,DAILY_RETURN,0.030388368293642998
hdfcbank_ns,ALL_32,xgboost,1,HIST_VOL_20,0.030173253268003464
hdfcbank_ns,ALL_32,xgboost,1,BODY_SIZE,0.03017263486981392
hdfcbank_ns,ALL_32,xgboost,1,VOLUME_RATIO,0.02974320575594902
hdfcbank_ns,ALL_32,xgboost,1,RSI_14,0.02955687791109085
hdfcbank_ns,ALL_32,xgboost,1,Low,0.02935490943491459
hdfcbank_ns,ALL_32,xgboost,1,EMA_50,0.028998956084251404
hdfcbank_ns,ALL_32,xgboost,1,ROLLING_STD_20,0.02890380471944809
hdfcbank_ns,ALL_32,xgboost,1,ATR_14,0.028248868882656097
hdfcbank_ns,ALL_32,xgboost,1,High,0.028009094297885895
hdfcbank_ns,ALL_32,xgboost,1,DAILY_RANGE_PCT,0.025710230693221092
hdfcbank_ns,ALL_32,xgboost,1,PRICE_CHANGE_PCT,0.02320699393749237
hdfcbank_ns,ALL_32,logistic_regression,2,EMA_50,0.5696660405267753
hdfcbank_ns,ALL_32,logistic_regression,2,TRUE_RANGE,0.5606007094887737
hdfcbank_ns,ALL_32,logistic_regression,2,SMA_20,0.39695172719536315
hdfcbank_ns,ALL_32,logistic_regression,2,ATR_14,0.38100737150630054
hdfcbank_ns,ALL_32,logistic_regression,2,LOWER_WICK,0.3421868190691435
hdfcbank_ns,ALL_32,logistic_regression,2,BODY_SIZE,0.3201088070517024
hdfcbank_ns,ALL_32,logistic_regression,2,VOLUME_SMA_20,0.18585601660540768
hdfcbank_ns,ALL_32,logistic_regression,2,GAP_PCT,0.18193928067642715
hdfcbank_ns,ALL_32,logistic_regression,2,EMA_20,0.16422500164975956
hdfcbank_ns,ALL_32,logistic_regression,2,Volume,0.1537512904992272
hdfcbank_ns,ALL_32,logistic_regression,2,SMA_50,0.1305881051613638
hdfcbank_ns,ALL_32,logistic_regression,2,VOLUME_EMA_20,0.12927593647905875
hdfcbank_ns,ALL_32,logistic_regression,2,Open,0.128497916546131
hdfcbank_ns,ALL_32,logistic_regression,2,HIST_VOL_20,0.12073210326588359
hdfcbank_ns,ALL_32,logistic_regression,2,ROC_12,0.11892307432788025
hdfcbank_ns,ALL_32,logistic_regression,2,OPEN_CLOSE_PCT,0.11451089912891577
hdfcbank_ns,ALL_32,logistic_regression,2,Close,0.10221145978586094
hdfcbank_ns,ALL_32,logistic_regression,2,Adj Close,0.08604041047039797
hdfcbank_ns,ALL_32,logistic_regression,2,DAILY_RETURN,0.06545340010061693
hdfcbank_ns,ALL_32,logistic_regression,2,PRICE_CHANGE_PCT,0.06545340010060895
hdfcbank_ns,ALL_32,logistic_regression,2,UPPER_WICK,0.06431957164642142
hdfcbank_ns,ALL_32,logistic_regression,2,VOLUME_CHANGE_PCT,0.04793886997627054
hdfcbank_ns,ALL_32,logistic_regression,2,HIGH_LOW_PCT,0.039603043493478124
hdfcbank_ns,ALL_32,logistic_regression,2,DAILY_RANGE_PCT,0.039603043493478124
hdfcbank_ns,ALL_32,logistic_regression,2,ROLLING_STD_20,0.03873156440218063
hdfcbank_ns,ALL_32,logistic_regression,2,VOLUME_RATIO,0.0376583581415217
hdfcbank_ns,ALL_32,logistic_regression,2,MOMENTUM_20,0.03709435101918165
hdfcbank_ns,ALL_32,logistic_regression,2,RSI_14,0.030081618411058872
hdfcbank_ns,ALL_32,logistic_regression,2,High,0.018895745452427403
hdfcbank_ns,ALL_32,logistic_regression,2,MOMENTUM_10,0.014962481554475777
hdfcbank_ns,ALL_32,logistic_regression,2,OBV,0.010038169435269527
hdfcbank_ns,ALL_32,logistic_regression,2,Low,0.0018147503077640533
hdfcbank_ns,ALL_32,random_forest,2,GAP_PCT,0.044479158128262204
hdfcbank_ns,ALL_32,random_forest,2,ROC_12,0.039010057473515304
hdfcbank_ns,ALL_32,random_forest,2,MOMENTUM_20,0.037748268550998845
hdfcbank_ns,ALL_32,random_forest,2,VOLUME_CHANGE_PCT,0.037340619794315195
hdfcbank_ns,ALL_32,random_forest,2,VOLUME_RATIO,0.03732368642293175
hdfcbank_ns,ALL_32,random_forest,2,HIST_VOL_20,0.03670712987721023
hdfcbank_ns,ALL_32,random_forest,2,MOMENTUM_10,0.03654706866565474
hdfcbank_ns,ALL_32,random_forest,2,RSI_14,0.03653401595496713
hdfcbank_ns,ALL_32,random_forest,2,Volume,0.03532945709908866
hdfcbank_ns,ALL_32,random_forest,2,LOWER_WICK,0.03451824475768252
hdfcbank_ns,ALL_32,random_forest,2,VOLUME_EMA_20,0.0342542963698152
hdfcbank_ns,ALL_32,random_forest,2,ROLLING_STD_20,0.03382417904166765
hdfcbank_ns,ALL_32,random_forest,2,UPPER_WICK,0.03289651101661006
hdfcbank_ns,ALL_32,random_forest,2,VOLUME_SMA_20,0.032829807596646866
hdfcbank_ns,ALL_32,random_forest,2,OPEN_CLOSE_PCT,0.03281659425587503
hdfcbank_ns,ALL_32,random_forest,2,DAILY_RETURN,0.03257990736097232
hdfcbank_ns,ALL_32,random_forest,2,PRICE_CHANGE_PCT,0.031907640372567374
hdfcbank_ns,ALL_32,random_forest,2,ATR_14,0.03182384000300578
hdfcbank_ns,ALL_32,random_forest,2,BODY_SIZE,0.031550520683812415
hdfcbank_ns,ALL_32,random_forest,2,HIGH_LOW_PCT,0.03105661000816357
hdfcbank_ns,ALL_32,random_forest,2,DAILY_RANGE_PCT,0.030995571745150576
hdfcbank_ns,ALL_32,random_forest,2,TRUE_RANGE,0.030860040224092476
hdfcbank_ns,ALL_32,random_forest,2,OBV,0.02833415679365566
hdfcbank_ns,ALL_32,random_forest,2,SMA_50,0.024961469318137197
hdfcbank_ns,ALL_32,random_forest,2,EMA_20,0.02446194586981781
hdfcbank_ns,ALL_32,random_forest,2,EMA_50,0.02442573209658101
hdfcbank_ns,ALL_32,random_forest,2,SMA_20,0.02336968590888583
hdfcbank_ns,ALL_32,random_forest,2,Adj Close,0.02274976054811911
hdfcbank_ns,ALL_32,random_forest,2,High,0.022593004286460844
hdfcbank_ns,ALL_32,random_forest,2,Low,0.022334411937178465
hdfcbank_ns,ALL_32,random_forest,2,Open,0.02209989384276349
hdfcbank_ns,ALL_32,random_forest,2,Close,0.02173671399539473
hdfcbank_ns,ALL_32,xgboost,2,Volume,0.03593770042061806
hdfcbank_ns,ALL_32,xgboost,2,Low,0.03519385680556297
hdfcbank_ns,ALL_32,xgboost,2,UPPER_WICK,0.03387608379125595
hdfcbank_ns,ALL_32,xgboost,2,Close,0.03371221944689751
hdfcbank_ns,ALL_32,xgboost,2,EMA_20,0.03356379270553589
hdfcbank_ns,ALL_32,xgboost,2,GAP_PCT,0.03339197859168053
hdfcbank_ns,ALL_32,xgboost,2,VOLUME_EMA_20,0.033349595963954926
hdfcbank_ns,ALL_32,xgboost,2,High,0.0329485647380352
hdfcbank_ns,ALL_32,xgboost,2,ROLLING_STD_20,0.03283737227320671
hdfcbank_ns,ALL_32,xgboost,2,LOWER_WICK,0.03277428075671196
hdfcbank_ns,ALL_32,xgboost,2,ROC_12,0.03277256712317467
hdfcbank_ns,ALL_32,xgboost,2,VOLUME_CHANGE_PCT,0.03275740146636963
hdfcbank_ns,ALL_32,xgboost,2,Adj Close,0.03231719136238098
hdfcbank_ns,ALL_32,xgboost,2,SMA_50,0.03219446912407875
hdfcbank_ns,ALL_32,xgboost,2,EMA_50,0.032017841935157776
hdfcbank_ns,ALL_32,xgboost,2,PRICE_CHANGE_PCT,0.03172825649380684
hdfcbank_ns,ALL_32,xgboost,2,MOMENTUM_20,0.031598158180713654
hdfcbank_ns,ALL_32,xgboost,2,TRUE_RANGE,0.031029032543301582
hdfcbank_ns,ALL_32,xgboost,2,ATR_14,0.030450008809566498
hdfcbank_ns,ALL_32,xgboost,2,VOLUME_RATIO,0.0303342342376709
hdfcbank_ns,ALL_32,xgboost,2,VOLUME_SMA_20,0.0302943866699934
hdfcbank_ns,ALL_32,xgboost,2,HIST_VOL_20,0.030167119577527046
hdfcbank_ns,ALL_32,xgboost,2,DAILY_RETURN,0.030022956430912018
hdfcbank_ns,ALL_32,xgboost,2,DAILY_RANGE_PCT,0.029526393860578537
hdfcbank_ns,ALL_32,xgboost,2,RSI_14,0.029506590217351913
hdfcbank_ns,ALL_32,xgboost,2,HIGH_LOW_PCT,0.029414059594273567
hdfcbank_ns,ALL_32,xgboost,2,OBV,0.02935730665922165
hdfcbank_ns,ALL_32,xgboost,2,BODY_SIZE,0.028567040339112282
hdfcbank_ns,ALL_32,xgboost,2,Open,0.028035474941134453
hdfcbank_ns,ALL_32,xgboost,2,OPEN_CLOSE_PCT,0.02748698927462101
hdfcbank_ns,ALL_32,xgboost,2,MOMENTUM_10,0.02644374594092369
hdfcbank_ns,ALL_32,xgboost,2,SMA_20,0.026393331587314606
hdfcbank_ns,ALL_32,logistic_regression,3,EMA_50,0.6664695547808485
hdfcbank_ns,ALL_32,logistic_regression,3,SMA_50,0.4948508920288875
hdfcbank_ns,ALL_32,logistic_regression,3,Close,0.4063211773600028
hdfcbank_ns,ALL_32,logistic_regression,3,SMA_20,0.3982605851822891
hdfcbank_ns,ALL_32,logistic_regression,3,ATR_14,0.30570092659310383
hdfcbank_ns,ALL_32,logistic_regression,3,TRUE_RANGE,0.24537445393069532
hdfcbank_ns,ALL_32,logistic_regression,3,GAP_PCT,0.2026728265344815
hdfcbank_ns,ALL_32,logistic_regression,3,Open,0.147292926705785
hdfcbank_ns,ALL_32,logistic_regression,3,BODY_SIZE,0.1423618479783708
hdfcbank_ns,ALL_32,logistic_regression,3,LOWER_WICK,0.14078078954587836
hdfcbank_ns,ALL_32,logistic_regression,3,VOLUME_EMA_20,0.13211350399030647
hdfcbank_ns,ALL_32,logistic_regression,3,OPEN_CLOSE_PCT,0.13154941755308328
hdfcbank_ns,ALL_32,logistic_regression,3,High,0.12900721695937
hdfcbank_ns,ALL_32,logistic_regression,3,Low,0.12800466774176322
hdfcbank_ns,ALL_32,logistic_regression,3,Volume,0.12575350991133338
hdfcbank_ns,ALL_32,logistic_regression,3,VOLUME_SMA_20,0.11413715834177572
hdfcbank_ns,ALL_32,logistic_regression,3,OBV,0.11298249823124057
hdfcbank_ns,ALL_32,logistic_regression,3,Adj Close,0.10001500579027625
hdfcbank_ns,ALL_32,logistic_regression,3,HIST_VOL_20,0.09172160376469253
hdfcbank_ns,ALL_32,logistic_regression,3,EMA_20,0.07296789366749369
hdfcbank_ns,ALL_32,logistic_regression,3,DAILY_RETURN,0.06817837986570353
hdfcbank_ns,ALL_32,logistic_regression,3,PRICE_CHANGE_PCT,0.06817837986570084
hdfcbank_ns,ALL_32,logistic_regression,3,UPPER_WICK,0.06488289110923551
hdfcbank_ns,ALL_32,logistic_regression,3,ROLLING_STD_20,0.06391237486812677
hdfcbank_ns,ALL_32,logistic_regression,3,ROC_12,0.055736166710601553
hdfcbank_ns,ALL_32,logistic_regression,3,HIGH_LOW_PCT,0.0485167889568991
hdfcbank_ns,ALL_32,logistic_regression,3,DAILY_RANGE_PCT,0.0485167889568991
hdfcbank_ns,ALL_32,logistic_regression,3,VOLUME_CHANGE_PCT,0.04808684383297422
hdfcbank_ns,ALL_32,logistic_regression,3,MOMENTUM_20,0.046065463543995225
hdfcbank_ns,ALL_32,logistic_regression,3,MOMENTUM_10,0.03341304650224149
hdfcbank_ns,ALL_32,logistic_regression,3,VOLUME_RATIO,0.033351149534655254
hdfcbank_ns,ALL_32,logistic_regression,3,RSI_14,0.0029290603406809156
hdfcbank_ns,ALL_32,random_forest,3,GAP_PCT,0.04534577251071504
hdfcbank_ns,ALL_32,random_forest,3,VOLUME_CHANGE_PCT,0.03932924687458656
hdfcbank_ns,ALL_32,random_forest,3,ROC_12,0.03788877563299148
hdfcbank_ns,ALL_32,random_forest,3,RSI_14,0.03785828941284734
hdfcbank_ns,ALL_32,random_forest,3,MOMENTUM_20,0.0375610691606343
hdfcbank_ns,ALL_32,random_forest,3,VOLUME_RATIO,0.03723972356195883
hdfcbank_ns,ALL_32,random_forest,3,MOMENTUM_10,0.03709172331637331
hdfcbank_ns,ALL_32,random_forest,3,HIST_VOL_20,0.03603188332190875
hdfcbank_ns,ALL_32,random_forest,3,OPEN_CLOSE_PCT,0.03556138003601392
hdfcbank_ns,ALL_32,random_forest,3,Volume,0.03506637325780127
hdfcbank_ns,ALL_32,random_forest,3,UPPER_WICK,0.0348252958896999
hdfcbank_ns,ALL_32,random_forest,3,ROLLING_STD_20,0.03450780062220708
hdfcbank_ns,ALL_32,random_forest,3,LOWER_WICK,0.034089512557684026
hdfcbank_ns,ALL_32,random_forest,3,BODY_SIZE,0.03407868474920781
hdfcbank_ns,ALL_32,random_forest,3,PRICE_CHANGE_PCT,0.033602641933002546
hdfcbank_ns,ALL_32,random_forest,3,VOLUME_EMA_20,0.03308830718087247
hdfcbank_ns,ALL_32,random_forest,3,DAILY_RETURN,0.032579533033455114
hdfcbank_ns,ALL_32,random_forest,3,HIGH_LOW_PCT,0.03244000140374334
hdfcbank_ns,ALL_32,random_forest,3,VOLUME_SMA_20,0.03216389246959845
hdfcbank_ns,ALL_32,random_forest,3,ATR_14,0.0318703746276013
hdfcbank_ns,ALL_32,random_forest,3,DAILY_RANGE_PCT,0.030541922977892034
hdfcbank_ns,ALL_32,random_forest,3,TRUE_RANGE,0.029684655422912213
hdfcbank_ns,ALL_32,random_forest,3,OBV,0.028431710763666684
hdfcbank_ns,ALL_32,random_forest,3,SMA_50,0.023644005366879536
hdfcbank_ns,ALL_32,random_forest,3,SMA_20,0.023162379263928647
hdfcbank_ns,ALL_32,random_forest,3,EMA_50,0.023032052075691166
hdfcbank_ns,ALL_32,random_forest,3,Adj Close,0.02285870861541754
hdfcbank_ns,ALL_32,random_forest,3,EMA_20,0.02171406468479521
hdfcbank_ns,ALL_32,random_forest,3,High,0.021621714672747497
hdfcbank_ns,ALL_32,random_forest,3,Open,0.0210923626883677
hdfcbank_ns,ALL_32,random_forest,3,Low,0.021035615734569673
hdfcbank_ns,ALL_32,random_forest,3,Close,0.020960526180229252
hdfcbank_ns,ALL_32,xgboost,3,GAP_PCT,0.03685244545340538
hdfcbank_ns,ALL_32,xgboost,3,EMA_50,0.035169415175914764
hdfcbank_ns,ALL_32,xgboost,3,HIGH_LOW_PCT,0.03401225432753563
hdfcbank_ns,ALL_32,xgboost,3,High,0.033600084483623505
hdfcbank_ns,ALL_32,xgboost,3,ROC_12,0.03331883251667023
hdfcbank_ns,ALL_32,xgboost,3,OPEN_CLOSE_PCT,0.03283238038420677
hdfcbank_ns,ALL_32,xgboost,3,Low,0.032761700451374054
hdfcbank_ns,ALL_32,xgboost,3,Volume,0.03273391351103783
hdfcbank_ns,ALL_32,xgboost,3,OBV,0.03233632445335388
hdfcbank_ns,ALL_32,xgboost,3,EMA_20,0.0322873517870903
hdfcbank_ns,ALL_32,xgboost,3,DAILY_RANGE_PCT,0.03201018646359444
hdfcbank_ns,ALL_32,xgboost,3,BODY_SIZE,0.031916212290525436
hdfcbank_ns,ALL_32,xgboost,3,PRICE_CHANGE_PCT,0.031902194023132324
hdfcbank_ns,ALL_32,xgboost,3,TRUE_RANGE,0.031532589346170425
hdfcbank_ns,ALL_32,xgboost,3,VOLUME_RATIO,0.0309512410312891
hdfcbank_ns,ALL_32,xgboost,3,VOLUME_SMA_20,0.03085576742887497
hdfcbank_ns,ALL_32,xgboost,3,UPPER_WICK,0.030845949426293373
hdfcbank_ns,ALL_32,xgboost,3,VOLUME_CHANGE_PCT,0.03079996258020401
hdfcbank_ns,ALL_32,xgboost,3,Adj Close,0.030788937583565712
hdfcbank_ns,ALL_32,xgboost,3,ROLLING_STD_20,0.030753243714571
hdfcbank_ns,ALL_32,xgboost,3,MOMENTUM_10,0.030749469995498657
hdfcbank_ns,ALL_32,xgboost,3,SMA_20,0.030638733878731728
hdfcbank_ns,ALL_32,xgboost,3,DAILY_RETURN,0.030496351420879364
hdfcbank_ns,ALL_32,xgboost,3,LOWER_WICK,0.03035076893866062
hdfcbank_ns,ALL_32,xgboost,3,SMA_50,0.029245806857943535
hdfcbank_ns,ALL_32,xgboost,3,RSI_14,0.02903185971081257
hdfcbank_ns,ALL_32,xgboost,3,ATR_14,0.02898392081260681
hdfcbank_ns,ALL_32,xgboost,3,MOMENTUM_20,0.028886280953884125
hdfcbank_ns,ALL_32,xgboost,3,HIST_VOL_20,0.02886216714978218
hdfcbank_ns,ALL_32,xgboost,3,Close,0.028814826160669327
hdfcbank_ns,ALL_32,xgboost,3,VOLUME_EMA_20,0.02871374599635601
hdfcbank_ns,ALL_32,xgboost,3,Open,0.026965057477355003
hdfcbank_ns,SHORTLIST_16,logistic_regression,1,BODY_SIZE,0.20251142118852072
hdfcbank_ns,SHORTLIST_16,logistic_regression,1,ATR_14,0.17945214379556865
hdfcbank_ns,SHORTLIST_16,logistic_regression,1,HIST_VOL_20,0.16874050135297983
hdfcbank_ns,SHORTLIST_16,logistic_regression,1,RSI_14,0.12722094105906756
hdfcbank_ns,SHORTLIST_16,logistic_regression,1,HIGH_LOW_PCT,0.11500696562576564
hdfcbank_ns,SHORTLIST_16,logistic_regression,1,DAILY_RANGE_PCT,0.11500696562576564
hdfcbank_ns,SHORTLIST_16,logistic_regression,1,ROLLING_STD_20,0.10073785371190161
hdfcbank_ns,SHORTLIST_16,logistic_regression,1,UPPER_WICK,0.056128555008821426
hdfcbank_ns,SHORTLIST_16,logistic_regression,1,LOWER_WICK,0.0334612121525404
hdfcbank_ns,SHORTLIST_16,logistic_regression,1,DAILY_RETURN,0.029413794907446684
hdfcbank_ns,SHORTLIST_16,logistic_regression,1,PRICE_CHANGE_PCT,0.02941379490744422
hdfcbank_ns,SHORTLIST_16,logistic_regression,1,VOLUME_CHANGE_PCT,0.028468228414310265
hdfcbank_ns,SHORTLIST_16,logistic_regression,1,OPEN_CLOSE_PCT,0.019476142859834355
hdfcbank_ns,SHORTLIST_16,logistic_regression,1,VOLUME_RATIO,0.008456471521412615
hdfcbank_ns,SHORTLIST_16,logistic_regression,1,ROC_12,0.0025223786920138555
hdfcbank_ns,SHORTLIST_16,logistic_regression,1,GAP_PCT,0.0008266809153781526
hdfcbank_ns,SHORTLIST_16,random_forest,1,ROC_12,0.07548839750333618
hdfcbank_ns,SHORTLIST_16,random_forest,1,RSI_14,0.07291965822973479
hdfcbank_ns,SHORTLIST_16,random_forest,1,VOLUME_CHANGE_PCT,0.0716802938389651
hdfcbank_ns,SHORTLIST_16,random_forest,1,HIST_VOL_20,0.0710750615104676
hdfcbank_ns,SHORTLIST_16,random_forest,1,ATR_14,0.07085649396059708
hdfcbank_ns,SHORTLIST_16,random_forest,1,ROLLING_STD_20,0.06821820713702945
hdfcbank_ns,SHORTLIST_16,random_forest,1,VOLUME_RATIO,0.06661416156652969
hdfcbank_ns,SHORTLIST_16,random_forest,1,GAP_PCT,0.06651947377706151
hdfcbank_ns,SHORTLIST_16,random_forest,1,BODY_SIZE,0.0571210012326889
hdfcbank_ns,SHORTLIST_16,random_forest,1,LOWER_WICK,0.0567013564933029
hdfcbank_ns,SHORTLIST_16,random_forest,1,DAILY_RETURN,0.05598992503711391
hdfcbank_ns,SHORTLIST_16,random_forest,1,OPEN_CLOSE_PCT,0.05425637747383876
hdfcbank_ns,SHORTLIST_16,random_forest,1,PRICE_CHANGE_PCT,0.054167432542706596
hdfcbank_ns,SHORTLIST_16,random_forest,1,UPPER_WICK,0.053695151559033066
hdfcbank_ns,SHORTLIST_16,random_forest,1,HIGH_LOW_PCT,0.05332667220521261
hdfcbank_ns,SHORTLIST_16,random_forest,1,DAILY_RANGE_PCT,0.05137033593238186
hdfcbank_ns,SHORTLIST_16,xgboost,1,DAILY_RANGE_PCT,0.06916843354701996
hdfcbank_ns,SHORTLIST_16,xgboost,1,GAP_PCT,0.06633266061544418
hdfcbank_ns,SHORTLIST_16,xgboost,1,ROC_12,0.0655665323138237
hdfcbank_ns,SHORTLIST_16,xgboost,1,ROLLING_STD_20,0.06542009115219116
hdfcbank_ns,SHORTLIST_16,xgboost,1,VOLUME_CHANGE_PCT,0.06430717557668686
hdfcbank_ns,SHORTLIST_16,xgboost,1,PRICE_CHANGE_PCT,0.06353592127561569
hdfcbank_ns,SHORTLIST_16,xgboost,1,ATR_14,0.06348290294408798
hdfcbank_ns,SHORTLIST_16,xgboost,1,VOLUME_RATIO,0.0633072555065155
hdfcbank_ns,SHORTLIST_16,xgboost,1,RSI_14,0.06216442212462425
hdfcbank_ns,SHORTLIST_16,xgboost,1,DAILY_RETURN,0.06203394755721092
hdfcbank_ns,SHORTLIST_16,xgboost,1,LOWER_WICK,0.06151315197348595
hdfcbank_ns,SHORTLIST_16,xgboost,1,BODY_SIZE,0.0602581724524498
hdfcbank_ns,SHORTLIST_16,xgboost,1,HIGH_LOW_PCT,0.059551551938056946
hdfcbank_ns,SHORTLIST_16,xgboost,1,OPEN_CLOSE_PCT,0.05939768627285957
hdfcbank_ns,SHORTLIST_16,xgboost,1,HIST_VOL_20,0.058428943157196045
hdfcbank_ns,SHORTLIST_16,xgboost,1,UPPER_WICK,0.05553111806511879
hdfcbank_ns,SHORTLIST_16,logistic_regression,2,ATR_14,0.2001558998611578
hdfcbank_ns,SHORTLIST_16,logistic_regression,2,UPPER_WICK,0.16693481328701057
hdfcbank_ns,SHORTLIST_16,logistic_regression,2,ROLLING_STD_20,0.1407322012186146
hdfcbank_ns,SHORTLIST_16,logistic_regression,2,LOWER_WICK,0.09986508347072498
hdfcbank_ns,SHORTLIST_16,logistic_regression,2,HIST_VOL_20,0.09956857629201092
hdfcbank_ns,SHORTLIST_16,logistic_regression,2,ROC_12,0.08635260910620347
hdfcbank_ns,SHORTLIST_16,logistic_regression,2,BODY_SIZE,0.07217986296263423
hdfcbank_ns,SHORTLIST_16,logistic_regression,2,GAP_PCT,0.06972879951147824
hdfcbank_ns,SHORTLIST_16,logistic_regression,2,HIGH_LOW_PCT,0.06522074308832512
hdfcbank_ns,SHORTLIST_16,logistic_regression,2,DAILY_RANGE_PCT,0.06522074308832512
hdfcbank_ns,SHORTLIST_16,logistic_regression,2,VOLUME_CHANGE_PCT,0.0648571943548456
hdfcbank_ns,SHORTLIST_16,logistic_regression,2,OPEN_CLOSE_PCT,0.04757535387889889
hdfcbank_ns,SHORTLIST_16,logistic_regression,2,VOLUME_RATIO,0.02795345440395053
hdfcbank_ns,SHORTLIST_16,logistic_regression,2,RSI_14,0.018535088628571193
hdfcbank_ns,SHORTLIST_16,logistic_regression,2,PRICE_CHANGE_PCT,0.013948455305466107
hdfcbank_ns,SHORTLIST_16,logistic_regression,2,DAILY_RETURN,0.013948455305465679
hdfcbank_ns,SHORTLIST_16,random_forest,2,HIST_VOL_20,0.07125894047881624
hdfcbank_ns,SHORTLIST_16,random_forest,2,GAP_PCT,0.07055896822627558
hdfcbank_ns,SHORTLIST_16,random_forest,2,RSI_14,0.06964437028879171
hdfcbank_ns,SHORTLIST_16,random_forest,2,ROC_12,0.06913562772511145
hdfcbank_ns,SHORTLIST_16,random_forest,2,VOLUME_RATIO,0.06830187160925454
hdfcbank_ns,SHORTLIST_16,random_forest,2,VOLUME_CHANGE_PCT,0.06800072130222799
hdfcbank_ns,SHORTLIST_16,random_forest,2,ROLLING_STD_20,0.06616198656831468
hdfcbank_ns,SHORTLIST_16,random_forest,2,ATR_14,0.0654194823979846
hdfcbank_ns,SHORTLIST_16,random_forest,2,LOWER_WICK,0.06229671652328072
hdfcbank_ns,SHORTLIST_16,random_forest,2,BODY_SIZE,0.057758453705421264
hdfcbank_ns,SHORTLIST_16,random_forest,2,UPPER_WICK,0.05668260821300881
hdfcbank_ns,SHORTLIST_16,random_forest,2,OPEN_CLOSE_PCT,0.05643272625023345
hdfcbank_ns,SHORTLIST_16,random_forest,2,HIGH_LOW_PCT,0.055423849688605344
hdfcbank_ns,SHORTLIST_16,random_forest,2,PRICE_CHANGE_PCT,0.05457783929487605
hdfcbank_ns,SHORTLIST_16,random_forest,2,DAILY_RETURN,0.054211850077750035
hdfcbank_ns,SHORTLIST_16,random_forest,2,DAILY_RANGE_PCT,0.05413398765004752
hdfcbank_ns,SHORTLIST_16,xgboost,2,GAP_PCT,0.07232014834880829
hdfcbank_ns,SHORTLIST_16,xgboost,2,LOWER_WICK,0.06589325517416
hdfcbank_ns,SHORTLIST_16,xgboost,2,UPPER_WICK,0.0652114599943161
hdfcbank_ns,SHORTLIST_16,xgboost,2,VOLUME_RATIO,0.06511034071445465
hdfcbank_ns,SHORTLIST_16,xgboost,2,ROLLING_STD_20,0.06462347507476807
hdfcbank_ns,SHORTLIST_16,xgboost,2,PRICE_CHANGE_PCT,0.06395287811756134
hdfcbank_ns,SHORTLIST_16,xgboost,2,ATR_14,0.06376330554485321
hdfcbank_ns,SHORTLIST_16,xgboost,2,ROC_12,0.0619804672896862
hdfcbank_ns,SHORTLIST_16,xgboost,2,VOLUME_CHANGE_PCT,0.06195496395230293
hdfcbank_ns,SHORTLIST_16,xgboost,2,DAILY_RETURN,0.06166285648941994
hdfcbank_ns,SHORTLIST_16,xgboost,2,DAILY_RANGE_PCT,0.06049332767724991
hdfcbank_ns,SHORTLIST_16,xgboost,2,HIGH_LOW_PCT,0.05918421596288681
hdfcbank_ns,SHORTLIST_16,xgboost,2,BODY_SIZE,0.05889143794775009
hdfcbank_ns,SHORTLIST_16,xgboost,2,HIST_VOL_20,0.05881772190332413
hdfcbank_ns,SHORTLIST_16,xgboost,2,RSI_14,0.05848431587219238
hdfcbank_ns,SHORTLIST_16,xgboost,2,OPEN_CLOSE_PCT,0.05765579640865326
hdfcbank_ns,SHORTLIST_16,logistic_regression,3,UPPER_WICK,0.16619039814833678
hdfcbank_ns,SHORTLIST_16,logistic_regression,3,ATR_14,0.15645621501291884
hdfcbank_ns,SHORTLIST_16,logistic_regression,3,ROLLING_STD_20,0.09304464943221272
hdfcbank_ns,SHORTLIST_16,logistic_regression,3,GAP_PCT,0.08821421874844172
hdfcbank_ns,SHORTLIST_16,logistic_regression,3,HIST_VOL_20,0.07582817696868908
hdfcbank_ns,SHORTLIST_16,logistic_regression,3,DAILY_RANGE_PCT,0.05656849682054499
hdfcbank_ns,SHORTLIST_16,logistic_regression,3,HIGH_LOW_PCT,0.05656849682054499
hdfcbank_ns,SHORTLIST_16,logistic_regression,3,VOLUME_CHANGE_PCT,0.04750897777930924
hdfcbank_ns,SHORTLIST_16,logistic_regression,3,ROC_12,0.045521779679269556
hdfcbank_ns,SHORTLIST_16,logistic_regression,3,OPEN_CLOSE_PCT,0.04511483980386811
hdfcbank_ns,SHORTLIST_16,logistic_regression,3,BODY_SIZE,0.02742023872903695
hdfcbank_ns,SHORTLIST_16,logistic_regression,3,LOWER_WICK,0.023872004054691497
hdfcbank_ns,SHORTLIST_16,logistic_regression,3,VOLUME_RATIO,0.020542502645521214
hdfcbank_ns,SHORTLIST_16,logistic_regression,3,RSI_14,0.01725885233159713
hdfcbank_ns,SHORTLIST_16,logistic_regression,3,PRICE_CHANGE_PCT,0.015074739712327855
hdfcbank_ns,SHORTLIST_16,logistic_regression,3,DAILY_RETURN,0.015074739712327494
hdfcbank_ns,SHORTLIST_16,random_forest,3,GAP_PCT,0.07277262458396147
hdfcbank_ns,SHORTLIST_16,random_forest,3,ROC_12,0.06900387928883996
hdfcbank_ns,SHORTLIST_16,random_forest,3,VOLUME_CHANGE_PCT,0.06875181425673549
hdfcbank_ns,SHORTLIST_16,random_forest,3,VOLUME_RATIO,0.06815194481810904
hdfcbank_ns,SHORTLIST_16,random_forest,3,HIST_VOL_20,0.06748780687511209
hdfcbank_ns,SHORTLIST_16,random_forest,3,RSI_14,0.06666440753015374
hdfcbank_ns,SHORTLIST_16,random_forest,3,ROLLING_STD_20,0.06600681302087062
hdfcbank_ns,SHORTLIST_16,random_forest,3,ATR_14,0.06369666481844602
hdfcbank_ns,SHORTLIST_16,random_forest,3,LOWER_WICK,0.060884729934188225
hdfcbank_ns,SHORTLIST_16,random_forest,3,BODY_SIZE,0.060838115730740994
hdfcbank_ns,SHORTLIST_16,random_forest,3,OPEN_CLOSE_PCT,0.059013354825511934
hdfcbank_ns,SHORTLIST_16,random_forest,3,UPPER_WICK,0.05828834735948665
hdfcbank_ns,SHORTLIST_16,random_forest,3,DAILY_RANGE_PCT,0.05610434281459254
hdfcbank_ns,SHORTLIST_16,random_forest,3,HIGH_LOW_PCT,0.05485120474894007
hdfcbank_ns,SHORTLIST_16,random_forest,3,DAILY_RETURN,0.054146705545907496
hdfcbank_ns,SHORTLIST_16,random_forest,3,PRICE_CHANGE_PCT,0.053337243848403784
hdfcbank_ns,SHORTLIST_16,xgboost,3,DAILY_RANGE_PCT,0.06883091479539871
hdfcbank_ns,SHORTLIST_16,xgboost,3,GAP_PCT,0.06791900843381882
hdfcbank_ns,SHORTLIST_16,xgboost,3,PRICE_CHANGE_PCT,0.06583870947360992
hdfcbank_ns,SHORTLIST_16,xgboost,3,RSI_14,0.06484869122505188
hdfcbank_ns,SHORTLIST_16,xgboost,3,OPEN_CLOSE_PCT,0.06398329138755798
hdfcbank_ns,SHORTLIST_16,xgboost,3,BODY_SIZE,0.06321593374013901
hdfcbank_ns,SHORTLIST_16,xgboost,3,ROLLING_STD_20,0.06272722035646439
hdfcbank_ns,SHORTLIST_16,xgboost,3,LOWER_WICK,0.062325723469257355
hdfcbank_ns,SHORTLIST_16,xgboost,3,UPPER_WICK,0.06167269125580788
hdfcbank_ns,SHORTLIST_16,xgboost,3,ROC_12,0.06115274876356125
hdfcbank_ns,SHORTLIST_16,xgboost,3,DAILY_RETURN,0.06104140728712082
hdfcbank_ns,SHORTLIST_16,xgboost,3,HIGH_LOW_PCT,0.06028517708182335
hdfcbank_ns,SHORTLIST_16,xgboost,3,VOLUME_RATIO,0.06025979667901993
hdfcbank_ns,SHORTLIST_16,xgboost,3,VOLUME_CHANGE_PCT,0.06017954647541046
hdfcbank_ns,SHORTLIST_16,xgboost,3,HIST_VOL_20,0.057944461703300476
hdfcbank_ns,SHORTLIST_16,xgboost,3,ATR_14,0.05777475982904434
hdfcbank_ns,NO_PRICE_LEVELS_27,logistic_regression,1,SMA_20,0.9422401694534374
hdfcbank_ns,NO_PRICE_LEVELS_27,logistic_regression,1,SMA_50,0.9030026215087512
hdfcbank_ns,NO_PRICE_LEVELS_27,logistic_regression,1,EMA_20,0.8356560311055162
hdfcbank_ns,NO_PRICE_LEVELS_27,logistic_regression,1,VOLUME_EMA_20,0.5683137857544581
hdfcbank_ns,NO_PRICE_LEVELS_27,logistic_regression,1,EMA_50,0.49413740380315224
hdfcbank_ns,NO_PRICE_LEVELS_27,logistic_regression,1,VOLUME_SMA_20,0.4574136033380824
hdfcbank_ns,NO_PRICE_LEVELS_27,logistic_regression,1,OBV,0.4172372327370425
hdfcbank_ns,NO_PRICE_LEVELS_27,logistic_regression,1,ATR_14,0.26966653843217114
hdfcbank_ns,NO_PRICE_LEVELS_27,logistic_regression,1,TRUE_RANGE,0.19314659098760442
hdfcbank_ns,NO_PRICE_LEVELS_27,logistic_regression,1,ROLLING_STD_20,0.15174125164707084
hdfcbank_ns,NO_PRICE_LEVELS_27,logistic_regression,1,HIST_VOL_20,0.15056065231211951
hdfcbank_ns,NO_PRICE_LEVELS_27,logistic_regression,1,MOMENTUM_20,0.13970803937784834
hdfcbank_ns,NO_PRICE_LEVELS_27,logistic_regression,1,VOLUME_RATIO,0.11678458472986286
hdfcbank_ns,NO_PRICE_LEVELS_27,logistic_regression,1,OPEN_CLOSE_PCT,0.11018267848356299
hdfcbank_ns,NO_PRICE_LEVELS_27,logistic_regression,1,ROC_12,0.09326619820039103
hdfcbank_ns,NO_PRICE_LEVELS_27,logistic_regression,1,DAILY_RETURN,0.08746492834055056
hdfcbank_ns,NO_PRICE_LEVELS_27,logistic_regression,1,PRICE_CHANGE_PCT,0.08746492834053952
hdfcbank_ns,NO_PRICE_LEVELS_27,logistic_regression,1,HIGH_LOW_PCT,0.08012065692248284
hdfcbank_ns,NO_PRICE_LEVELS_27,logistic_regression,1,DAILY_RANGE_PCT,0.08012065692248284
hdfcbank_ns,NO_PRICE_LEVELS_27,logistic_regression,1,GAP_PCT,0.07697842215132235
hdfcbank_ns,NO_PRICE_LEVELS_27,logistic_regression,1,LOWER_WICK,0.07123354870319747
hdfcbank_ns,NO_PRICE_LEVELS_27,logistic_regression,1,Volume,0.049433152110070155
hdfcbank_ns,NO_PRICE_LEVELS_27,logistic_regression,1,UPPER_WICK,0.022374547883374042
hdfcbank_ns,NO_PRICE_LEVELS_27,logistic_regression,1,RSI_14,0.019570513241103215
hdfcbank_ns,NO_PRICE_LEVELS_27,logistic_regression,1,BODY_SIZE,0.004174091448658704
hdfcbank_ns,NO_PRICE_LEVELS_27,logistic_regression,1,MOMENTUM_10,0.0030766946067226422
hdfcbank_ns,NO_PRICE_LEVELS_27,logistic_regression,1,VOLUME_CHANGE_PCT,0.00161719439764839
hdfcbank_ns,NO_PRICE_LEVELS_27,random_forest,1,MOMENTUM_20,0.0511156983643512
hdfcbank_ns,NO_PRICE_LEVELS_27,random_forest,1,ROC_12,0.045332850552127664
hdfcbank_ns,NO_PRICE_LEVELS_27,random_forest,1,MOMENTUM_10,0.044669349904016824
hdfcbank_ns,NO_PRICE_LEVELS_27,random_forest,1,GAP_PCT,0.04401105086356361
hdfcbank_ns,NO_PRICE_LEVELS_27,random_forest,1,VOLUME_EMA_20,0.04324463277888792
hdfcbank_ns,NO_PRICE_LEVELS_27,random_forest,1,VOLUME_CHANGE_PCT,0.0416915569543031
hdfcbank_ns,NO_PRICE_LEVELS_27,random_forest,1,OBV,0.04121317607199797
hdfcbank_ns,NO_PRICE_LEVELS_27,random_forest,1,VOLUME_RATIO,0.04018221168654873
hdfcbank_ns,NO_PRICE_LEVELS_27,random_forest,1,RSI_14,0.039807569382279515
hdfcbank_ns,NO_PRICE_LEVELS_27,random_forest,1,VOLUME_SMA_20,0.03898402562050738
hdfcbank_ns,NO_PRICE_LEVELS_27,random_forest,1,HIST_VOL_20,0.03843356106325155
hdfcbank_ns,NO_PRICE_LEVELS_27,random_forest,1,ROLLING_STD_20,0.03761402564979626
hdfcbank_ns,NO_PRICE_LEVELS_27,random_forest,1,ATR_14,0.035842403231596244
hdfcbank_ns,NO_PRICE_LEVELS_27,random_forest,1,Volume,0.03549544657353252
hdfcbank_ns,NO_PRICE_LEVELS_27,random_forest,1,PRICE_CHANGE_PCT,0.034604782663266234
hdfcbank_ns,NO_PRICE_LEVELS_27,random_forest,1,DAILY_RETURN,0.03437101494972636
hdfcbank_ns,NO_PRICE_LEVELS_27,random_forest,1,OPEN_CLOSE_PCT,0.03379220407875042
hdfcbank_ns,NO_PRICE_LEVELS_27,random_forest,1,LOWER_WICK,0.03366892457454724
hdfcbank_ns,NO_PRICE_LEVELS_27,random_forest,1,BODY_SIZE,0.03350430292995578
hdfcbank_ns,NO_PRICE_LEVELS_27,random_forest,1,SMA_50,0.03317112881383938
hdfcbank_ns,NO_PRICE_LEVELS_27,random_forest,1,TRUE_RANGE,0.03239695721183449
hdfcbank_ns,NO_PRICE_LEVELS_27,random_forest,1,SMA_20,0.03169521466480062
hdfcbank_ns,NO_PRICE_LEVELS_27,random_forest,1,HIGH_LOW_PCT,0.03154318533200693
hdfcbank_ns,NO_PRICE_LEVELS_27,random_forest,1,UPPER_WICK,0.03144088606577428
hdfcbank_ns,NO_PRICE_LEVELS_27,random_forest,1,EMA_50,0.031345228143647236
hdfcbank_ns,NO_PRICE_LEVELS_27,random_forest,1,EMA_20,0.030976654679492777
hdfcbank_ns,NO_PRICE_LEVELS_27,random_forest,1,DAILY_RANGE_PCT,0.029851957195597825
hdfcbank_ns,NO_PRICE_LEVELS_27,xgboost,1,MOMENTUM_20,0.044162966310977936
hdfcbank_ns,NO_PRICE_LEVELS_27,xgboost,1,VOLUME_SMA_20,0.041430968791246414
hdfcbank_ns,NO_PRICE_LEVELS_27,xgboost,1,VOLUME_EMA_20,0.04047059640288353
hdfcbank_ns,NO_PRICE_LEVELS_27,xgboost,1,EMA_20,0.040340326726436615
hdfcbank_ns,NO_PRICE_LEVELS_27,xgboost,1,MOMENTUM_10,0.04000569507479668
hdfcbank_ns,NO_PRICE_LEVELS_27,xgboost,1,OBV,0.039920102804899216
hdfcbank_ns,NO_PRICE_LEVELS_27,xgboost,1,GAP_PCT,0.03904633969068527
hdfcbank_ns,NO_PRICE_LEVELS_27,xgboost,1,Volume,0.03846193850040436
hdfcbank_ns,NO_PRICE_LEVELS_27,xgboost,1,TRUE_RANGE,0.038293469697237015
hdfcbank_ns,NO_PRICE_LEVELS_27,xgboost,1,ROC_12,0.03823143616318703
hdfcbank_ns,NO_PRICE_LEVELS_27,xgboost,1,BODY_SIZE,0.0376410074532032
hdfcbank_ns,NO_PRICE_LEVELS_27,xgboost,1,LOWER_WICK,0.037540633231401443
hdfcbank_ns,NO_PRICE_LEVELS_27,xgboost,1,VOLUME_CHANGE_PCT,0.03741617873311043
hdfcbank_ns,NO_PRICE_LEVELS_27,xgboost,1,ROLLING_STD_20,0.0369095541536808
hdfcbank_ns,NO_PRICE_LEVELS_27,xgboost,1,VOLUME_RATIO,0.036656033247709274
hdfcbank_ns,NO_PRICE_LEVELS_27,xgboost,1,RSI_14,0.036570657044649124
hdfcbank_ns,NO_PRICE_LEVELS_27,xgboost,1,SMA_20,0.03637964278459549
hdfcbank_ns,NO_PRICE_LEVELS_27,xgboost,1,ATR_14,0.035836853086948395
hdfcbank_ns,NO_PRICE_LEVELS_27,xgboost,1,DAILY_RANGE_PCT,0.035776641219854355
hdfcbank_ns,NO_PRICE_LEVELS_27,xgboost,1,OPEN_CLOSE_PCT,0.035613738000392914
hdfcbank_ns,NO_PRICE_LEVELS_27,xgboost,1,UPPER_WICK,0.03530283644795418
hdfcbank_ns,NO_PRICE_LEVELS_27,xgboost,1,HIST_VOL_20,0.03483137488365173
hdfcbank_ns,NO_PRICE_LEVELS_27,xgboost,1,SMA_50,0.034513961523771286
hdfcbank_ns,NO_PRICE_LEVELS_27,xgboost,1,DAILY_RETURN,0.034145455807447433
hdfcbank_ns,NO_PRICE_LEVELS_27,xgboost,1,PRICE_CHANGE_PCT,0.03317892923951149
hdfcbank_ns,NO_PRICE_LEVELS_27,xgboost,1,EMA_50,0.03289860486984253
hdfcbank_ns,NO_PRICE_LEVELS_27,xgboost,1,HIGH_LOW_PCT,0.028424154967069626
hdfcbank_ns,NO_PRICE_LEVELS_27,logistic_regression,2,TRUE_RANGE,0.573522475630864
hdfcbank_ns,NO_PRICE_LEVELS_27,logistic_regression,2,EMA_50,0.5072419009751511
hdfcbank_ns,NO_PRICE_LEVELS_27,logistic_regression,2,SMA_20,0.37985567295963196
hdfcbank_ns,NO_PRICE_LEVELS_27,logistic_regression,2,ATR_14,0.37387554399778317
hdfcbank_ns,NO_PRICE_LEVELS_27,logistic_regression,2,LOWER_WICK,0.3478105322854859
hdfcbank_ns,NO_PRICE_LEVELS_27,logistic_regression,2,BODY_SIZE,0.3285923259914355
hdfcbank_ns,NO_PRICE_LEVELS_27,logistic_regression,2,VOLUME_SMA_20,0.22424048055208917
hdfcbank_ns,NO_PRICE_LEVELS_27,logistic_regression,2,SMA_50,0.21579146605403146
hdfcbank_ns,NO_PRICE_LEVELS_27,logistic_regression,2,EMA_20,0.18009299219838648
hdfcbank_ns,NO_PRICE_LEVELS_27,logistic_regression,2,VOLUME_EMA_20,0.1777793538227896
hdfcbank_ns,NO_PRICE_LEVELS_27,logistic_regression,2,GAP_PCT,0.16210317971364907
hdfcbank_ns,NO_PRICE_LEVELS_27,logistic_regression,2,Volume,0.16156808651762797
hdfcbank_ns,NO_PRICE_LEVELS_27,logistic_regression,2,ROC_12,0.12133079141310454
hdfcbank_ns,NO_PRICE_LEVELS_27,logistic_regression,2,HIST_VOL_20,0.11968328591996785
hdfcbank_ns,NO_PRICE_LEVELS_27,logistic_regression,2,OPEN_CLOSE_PCT,0.08665046488087216
hdfcbank_ns,NO_PRICE_LEVELS_27,logistic_regression,2,UPPER_WICK,0.07008156748347764
hdfcbank_ns,NO_PRICE_LEVELS_27,logistic_regression,2,VOLUME_CHANGE_PCT,0.05110845176121754
hdfcbank_ns,NO_PRICE_LEVELS_27,logistic_regression,2,DAILY_RETURN,0.050300255616948175
hdfcbank_ns,NO_PRICE_LEVELS_27,logistic_regression,2,PRICE_CHANGE_PCT,0.050300255616939564
hdfcbank_ns,NO_PRICE_LEVELS_27,logistic_regression,2,MOMENTUM_20,0.04155736625626727
hdfcbank_ns,NO_PRICE_LEVELS_27,logistic_regression,2,DAILY_RANGE_PCT,0.03908596528018728
hdfcbank_ns,NO_PRICE_LEVELS_27,logistic_regression,2,HIGH_LOW_PCT,0.03908596528018728
hdfcbank_ns,NO_PRICE_LEVELS_27,logistic_regression,2,VOLUME_RATIO,0.03877112072732631
hdfcbank_ns,NO_PRICE_LEVELS_27,logistic_regression,2,ROLLING_STD_20,0.03671744170883093
hdfcbank_ns,NO_PRICE_LEVELS_27,logistic_regression,2,RSI_14,0.03154387720883486
hdfcbank_ns,NO_PRICE_LEVELS_27,logistic_regression,2,OBV,0.02381594737610181
hdfcbank_ns,NO_PRICE_LEVELS_27,logistic_regression,2,MOMENTUM_10,0.012506179270507487
hdfcbank_ns,NO_PRICE_LEVELS_27,random_forest,2,GAP_PCT,0.04891928228588245
hdfcbank_ns,NO_PRICE_LEVELS_27,random_forest,2,ROC_12,0.04312473644003975
hdfcbank_ns,NO_PRICE_LEVELS_27,random_forest,2,VOLUME_CHANGE_PCT,0.04248584237216293
hdfcbank_ns,NO_PRICE_LEVELS_27,random_forest,2,MOMENTUM_10,0.0424396336851904
hdfcbank_ns,NO_PRICE_LEVELS_27,random_forest,2,MOMENTUM_20,0.04183723418131497
hdfcbank_ns,NO_PRICE_LEVELS_27,random_forest,2,HIST_VOL_20,0.041792169480223344
hdfcbank_ns,NO_PRICE_LEVELS_27,random_forest,2,VOLUME_RATIO,0.04082267722531403
hdfcbank_ns,NO_PRICE_LEVELS_27,random_forest,2,RSI_14,0.04035821900486957
hdfcbank_ns,NO_PRICE_LEVELS_27,random_forest,2,Volume,0.03944173262582609
hdfcbank_ns,NO_PRICE_LEVELS_27,random_forest,2,LOWER_WICK,0.03932948101143434
hdfcbank_ns,NO_PRICE_LEVELS_27,random_forest,2,VOLUME_EMA_20,0.038531632234475435
hdfcbank_ns,NO_PRICE_LEVELS_27,random_forest,2,ROLLING_STD_20,0.03809824551302803
hdfcbank_ns,NO_PRICE_LEVELS_27,random_forest,2,UPPER_WICK,0.036496747373230894
hdfcbank_ns,NO_PRICE_LEVELS_27,random_forest,2,ATR_14,0.03614700301716289
hdfcbank_ns,NO_PRICE_LEVELS_27,random_forest,2,VOLUME_SMA_20,0.035850657582834324
hdfcbank_ns,NO_PRICE_LEVELS_27,random_forest,2,BODY_SIZE,0.035535952678695366
hdfcbank_ns,NO_PRICE_LEVELS_27,random_forest,2,OPEN_CLOSE_PCT,0.035153888364350856
hdfcbank_ns,NO_PRICE_LEVELS_27,random_forest,2,PRICE_CHANGE_PCT,0.03499025895116326
hdfcbank_ns,NO_PRICE_LEVELS_27,random_forest,2,DAILY_RANGE_PCT,0.03466947939304756
hdfcbank_ns,NO_PRICE_LEVELS_27,random_forest,2,DAILY_RETURN,0.034441863977243616
hdfcbank_ns,NO_PRICE_LEVELS_27,random_forest,2,OBV,0.03443766824125543
hdfcbank_ns,NO_PRICE_LEVELS_27,random_forest,2,TRUE_RANGE,0.033858988066903975
hdfcbank_ns,NO_PRICE_LEVELS_27,random_forest,2,HIGH_LOW_PCT,0.03356425661224796
hdfcbank_ns,NO_PRICE_LEVELS_27,random_forest,2,SMA_50,0.030702288077949298
hdfcbank_ns,NO_PRICE_LEVELS_27,random_forest,2,SMA_20,0.02935923587439311
hdfcbank_ns,NO_PRICE_LEVELS_27,random_forest,2,EMA_20,0.028949816109009027
hdfcbank_ns,NO_PRICE_LEVELS_27,random_forest,2,EMA_50,0.028661009620751073
hdfcbank_ns,NO_PRICE_LEVELS_27,xgboost,2,Volume,0.04263180121779442
hdfcbank_ns,NO_PRICE_LEVELS_27,xgboost,2,GAP_PCT,0.041127607226371765
hdfcbank_ns,NO_PRICE_LEVELS_27,xgboost,2,LOWER_WICK,0.04077669605612755
hdfcbank_ns,NO_PRICE_LEVELS_27,xgboost,2,MOMENTUM_20,0.03966892138123512
hdfcbank_ns,NO_PRICE_LEVELS_27,xgboost,2,RSI_14,0.039578307420015335
hdfcbank_ns,NO_PRICE_LEVELS_27,xgboost,2,PRICE_CHANGE_PCT,0.039217788726091385
hdfcbank_ns,NO_PRICE_LEVELS_27,xgboost,2,SMA_20,0.03831414133310318
hdfcbank_ns,NO_PRICE_LEVELS_27,xgboost,2,VOLUME_CHANGE_PCT,0.03807695582509041
hdfcbank_ns,NO_PRICE_LEVELS_27,xgboost,2,UPPER_WICK,0.03749430924654007
hdfcbank_ns,NO_PRICE_LEVELS_27,xgboost,2,ATR_14,0.03746612370014191
hdfcbank_ns,NO_PRICE_LEVELS_27,xgboost,2,VOLUME_SMA_20,0.0372784323990345
hdfcbank_ns,NO_PRICE_LEVELS_27,xgboost,2,ROC_12,0.03727097809314728
hdfcbank_ns,NO_PRICE_LEVELS_27,xgboost,2,OBV,0.03720316290855408
hdfcbank_ns,NO_PRICE_LEVELS_27,xgboost,2,VOLUME_RATIO,0.03716433793306351
hdfcbank_ns,NO_PRICE_LEVELS_27,xgboost,2,VOLUME_EMA_20,0.036455411463975906
hdfcbank_ns,NO_PRICE_LEVELS_27,xgboost,2,HIGH_LOW_PCT,0.03633149713277817
hdfcbank_ns,NO_PRICE_LEVELS_27,xgboost,2,EMA_20,0.03629785031080246
hdfcbank_ns,NO_PRICE_LEVELS_27,xgboost,2,TRUE_RANGE,0.03602411225438118
hdfcbank_ns,NO_PRICE_LEVELS_27,xgboost,2,OPEN_CLOSE_PCT,0.035579387098550797
hdfcbank_ns,NO_PRICE_LEVELS_27,xgboost,2,BODY_SIZE,0.03526454418897629
hdfcbank_ns,NO_PRICE_LEVELS_27,xgboost,2,ROLLING_STD_20,0.035240981727838516
hdfcbank_ns,NO_PRICE_LEVELS_27,xgboost,2,HIST_VOL_20,0.03506440669298172
hdfcbank_ns,NO_PRICE_LEVELS_27,xgboost,2,EMA_50,0.0349307544529438
hdfcbank_ns,NO_PRICE_LEVELS_27,xgboost,2,DAILY_RETURN,0.0346633605659008
hdfcbank_ns,NO_PRICE_LEVELS_27,xgboost,2,SMA_50,0.03437157720327377
hdfcbank_ns,NO_PRICE_LEVELS_27,xgboost,2,MOMENTUM_10,0.033341627568006516
hdfcbank_ns,NO_PRICE_LEVELS_27,xgboost,2,DAILY_RANGE_PCT,0.03316493704915047
hdfcbank_ns,NO_PRICE_LEVELS_27,logistic_regression,3,SMA_20,0.5966037777291697
hdfcbank_ns,NO_PRICE_LEVELS_27,logistic_regression,3,EMA_50,0.5433698306479683
hdfcbank_ns,NO_PRICE_LEVELS_27,logistic_regression,3,SMA_50,0.38700557287331216
hdfcbank_ns,NO_PRICE_LEVELS_27,logistic_regression,3,ATR_14,0.3098450169571143
hdfcbank_ns,NO_PRICE_LEVELS_27,logistic_regression,3,TRUE_RANGE,0.26864266067517206
hdfcbank_ns,NO_PRICE_LEVELS_27,logistic_regression,3,EMA_20,0.25569522885634177
hdfcbank_ns,NO_PRICE_LEVELS_27,logistic_regression,3,GAP_PCT,0.204376093943771
hdfcbank_ns,NO_PRICE_LEVELS_27,logistic_regression,3,BODY_SIZE,0.15616050706755988
hdfcbank_ns,NO_PRICE_LEVELS_27,logistic_regression,3,LOWER_WICK,0.1486221978117928
hdfcbank_ns,NO_PRICE_LEVELS_27,logistic_regression,3,VOLUME_EMA_20,0.14594987773729418
hdfcbank_ns,NO_PRICE_LEVELS_27,logistic_regression,3,OPEN_CLOSE_PCT,0.1344840320047752
hdfcbank_ns,NO_PRICE_LEVELS_27,logistic_regression,3,VOLUME_SMA_20,0.12929339433920667
hdfcbank_ns,NO_PRICE_LEVELS_27,logistic_regression,3,Volume,0.1258046438673421
hdfcbank_ns,NO_PRICE_LEVELS_27,logistic_regression,3,OBV,0.11191797046450427
hdfcbank_ns,NO_PRICE_LEVELS_27,logistic_regression,3,HIST_VOL_20,0.09143978635181801
hdfcbank_ns,NO_PRICE_LEVELS_27,logistic_regression,3,PRICE_CHANGE_PCT,0.07070366185401339
hdfcbank_ns,NO_PRICE_LEVELS_27,logistic_regression,3,DAILY_RETURN,0.07070366185400813
hdfcbank_ns,NO_PRICE_LEVELS_27,logistic_regression,3,ROLLING_STD_20,0.0695024966575667
hdfcbank_ns,NO_PRICE_LEVELS_27,logistic_regression,3,UPPER_WICK,0.05569669917301038
hdfcbank_ns,NO_PRICE_LEVELS_27,logistic_regression,3,ROC_12,0.05540693955524752
hdfcbank_ns,NO_PRICE_LEVELS_27,logistic_regression,3,HIGH_LOW_PCT,0.048844019666033384
hdfcbank_ns,NO_PRICE_LEVELS_27,logistic_regression,3,DAILY_RANGE_PCT,0.048844019666033384
hdfcbank_ns,NO_PRICE_LEVELS_27,logistic_regression,3,VOLUME_CHANGE_PCT,0.04863923317361266
hdfcbank_ns,NO_PRICE_LEVELS_27,logistic_regression,3,MOMENTUM_10,0.04515973439984869
hdfcbank_ns,NO_PRICE_LEVELS_27,logistic_regression,3,VOLUME_RATIO,0.03270698609371003
hdfcbank_ns,NO_PRICE_LEVELS_27,logistic_regression,3,MOMENTUM_20,0.027904489364750984
hdfcbank_ns,NO_PRICE_LEVELS_27,logistic_regression,3,RSI_14,0.000999842819221731
hdfcbank_ns,NO_PRICE_LEVELS_27,random_forest,3,GAP_PCT,0.049559954691159994
hdfcbank_ns,NO_PRICE_LEVELS_27,random_forest,3,VOLUME_CHANGE_PCT,0.04270440396772547
hdfcbank_ns,NO_PRICE_LEVELS_27,random_forest,3,VOLUME_RATIO,0.04259860023842087
hdfcbank_ns,NO_PRICE_LEVELS_27,random_forest,3,ROC_12,0.04203795906974734
hdfcbank_ns,NO_PRICE_LEVELS_27,random_forest,3,RSI_14,0.04146232632579944
hdfcbank_ns,NO_PRICE_LEVELS_27,random_forest,3,MOMENTUM_10,0.04130434058017634
hdfcbank_ns,NO_PRICE_LEVELS_27,random_forest,3,MOMENTUM_20,0.04089698916069819
hdfcbank_ns,NO_PRICE_LEVELS_27,random_forest,3,HIST_VOL_20,0.03973646881616018
hdfcbank_ns,NO_PRICE_LEVELS_27,random_forest,3,ROLLING_STD_20,0.038744384153677744
hdfcbank_ns,NO_PRICE_LEVELS_27,random_forest,3,BODY_SIZE,0.03867782688563956
hdfcbank_ns,NO_PRICE_LEVELS_27,random_forest,3,UPPER_WICK,0.03848534341768323
hdfcbank_ns,NO_PRICE_LEVELS_27,random_forest,3,LOWER_WICK,0.03787491716416034
hdfcbank_ns,NO_PRICE_LEVELS_27,random_forest,3,VOLUME_EMA_20,0.037771493817329575
hdfcbank_ns,NO_PRICE_LEVELS_27,random_forest,3,Volume,0.03771218273017819
hdfcbank_ns,NO_PRICE_LEVELS_27,random_forest,3,VOLUME_SMA_20,0.03762447711705817
hdfcbank_ns,NO_PRICE_LEVELS_27,random_forest,3,OPEN_CLOSE_PCT,0.037519942544227636
hdfcbank_ns,NO_PRICE_LEVELS_27,random_forest,3,DAILY_RETURN,0.03631924071416645
hdfcbank_ns,NO_PRICE_LEVELS_27,random_forest,3,PRICE_CHANGE_PCT,0.035632530745414934
hdfcbank_ns,NO_PRICE_LEVELS_27,random_forest,3,ATR_14,0.0350217913811978
hdfcbank_ns,NO_PRICE_LEVELS_27,random_forest,3,DAILY_RANGE_PCT,0.03459706320996991
hdfcbank_ns,NO_PRICE_LEVELS_27,random_forest,3,HIGH_LOW_PCT,0.03453864543590256
hdfcbank_ns,NO_PRICE_LEVELS_27,random_forest,3,TRUE_RANGE,0.03339940669877925
hdfcbank_ns,NO_PRICE_LEVELS_27,random_forest,3,OBV,0.03269207489816007
hdfcbank_ns,NO_PRICE_LEVELS_27,random_forest,3,SMA_50,0.028930023630852626
hdfcbank_ns,NO_PRICE_LEVELS_27,random_forest,3,EMA_20,0.02840050877402777
hdfcbank_ns,NO_PRICE_LEVELS_27,random_forest,3,SMA_20,0.028369908690268925
hdfcbank_ns,NO_PRICE_LEVELS_27,random_forest,3,EMA_50,0.027387195141417398
hdfcbank_ns,NO_PRICE_LEVELS_27,xgboost,3,EMA_20,0.04418975114822388
hdfcbank_ns,NO_PRICE_LEVELS_27,xgboost,3,GAP_PCT,0.04337669536471367
hdfcbank_ns,NO_PRICE_LEVELS_27,xgboost,3,SMA_20,0.0410669706761837
hdfcbank_ns,NO_PRICE_LEVELS_27,xgboost,3,ROC_12,0.038589198142290115
hdfcbank_ns,NO_PRICE_LEVELS_27,xgboost,3,HIGH_LOW_PCT,0.038423798978328705
hdfcbank_ns,NO_PRICE_LEVELS_27,xgboost,3,TRUE_RANGE,0.03793763369321823
hdfcbank_ns,NO_PRICE_LEVELS_27,xgboost,3,RSI_14,0.03788373991847038
hdfcbank_ns,NO_PRICE_LEVELS_27,xgboost,3,DAILY_RANGE_PCT,0.03747931122779846
hdfcbank_ns,NO_PRICE_LEVELS_27,xgboost,3,UPPER_WICK,0.037290461361408234
hdfcbank_ns,NO_PRICE_LEVELS_27,xgboost,3,BODY_SIZE,0.037284694612026215
hdfcbank_ns,NO_PRICE_LEVELS_27,xgboost,3,MOMENTUM_10,0.037261903285980225
hdfcbank_ns,NO_PRICE_LEVELS_27,xgboost,3,ATR_14,0.03720622882246971
hdfcbank_ns,NO_PRICE_LEVELS_27,xgboost,3,VOLUME_SMA_20,0.03717346489429474
hdfcbank_ns,NO_PRICE_LEVELS_27,xgboost,3,VOLUME_EMA_20,0.036781974136829376
hdfcbank_ns,NO_PRICE_LEVELS_27,xgboost,3,VOLUME_RATIO,0.03651650995016098
hdfcbank_ns,NO_PRICE_LEVELS_27,xgboost,3,PRICE_CHANGE_PCT,0.0364379845559597
hdfcbank_ns,NO_PRICE_LEVELS_27,xgboost,3,MOMENTUM_20,0.03639194741845131
hdfcbank_ns,NO_PRICE_LEVELS_27,xgboost,3,Volume,0.03620418533682823
hdfcbank_ns,NO_PRICE_LEVELS_27,xgboost,3,OPEN_CLOSE_PCT,0.03614938259124756
hdfcbank_ns,NO_PRICE_LEVELS_27,xgboost,3,LOWER_WICK,0.036026932299137115
hdfcbank_ns,NO_PRICE_LEVELS_27,xgboost,3,ROLLING_STD_20,0.03585069999098778
hdfcbank_ns,NO_PRICE_LEVELS_27,xgboost,3,DAILY_RETURN,0.035287439823150635
hdfcbank_ns,NO_PRICE_LEVELS_27,xgboost,3,SMA_50,0.035254865884780884
hdfcbank_ns,NO_PRICE_LEVELS_27,xgboost,3,HIST_VOL_20,0.034835223108530045
hdfcbank_ns,NO_PRICE_LEVELS_27,xgboost,3,EMA_50,0.0336172915995121
hdfcbank_ns,NO_PRICE_LEVELS_27,xgboost,3,VOLUME_CHANGE_PCT,0.03327728062868118
hdfcbank_ns,NO_PRICE_LEVELS_27,xgboost,3,OBV,0.03220447897911072
infy_ns,ALL_32,logistic_regression,1,SMA_20,0.8597077769739352
infy_ns,ALL_32,logistic_regression,1,Adj Close,0.4932120241995913
infy_ns,ALL_32,logistic_regression,1,VOLUME_EMA_20,0.4538676594324447
infy_ns,ALL_32,logistic_regression,1,VOLUME_SMA_20,0.42641430194253227
infy_ns,ALL_32,logistic_regression,1,TRUE_RANGE,0.3523147603372374
infy_ns,ALL_32,logistic_regression,1,EMA_50,0.31921974997046443
infy_ns,ALL_32,logistic_regression,1,SMA_50,0.31378701414240545
infy_ns,ALL_32,logistic_regression,1,BODY_SIZE,0.302743638877135
infy_ns,ALL_32,logistic_regression,1,Close,0.2559846841102936
infy_ns,ALL_32,logistic_regression,1,MOMENTUM_10,0.2516766842610316
infy_ns,ALL_32,logistic_regression,1,ATR_14,0.2138900603829404
infy_ns,ALL_32,logistic_regression,1,LOWER_WICK,0.19091106150668588
infy_ns,ALL_32,logistic_regression,1,Volume,0.1628647871991138
infy_ns,ALL_32,logistic_regression,1,UPPER_WICK,0.14197844649738497
infy_ns,ALL_32,logistic_regression,1,OPEN_CLOSE_PCT,0.13998957861303524
infy_ns,ALL_32,logistic_regression,1,EMA_20,0.12892680495471426
infy_ns,ALL_32,logistic_regression,1,High,0.12482852977082971
infy_ns,ALL_32,logistic_regression,1,ROC_12,0.11755469663037588
infy_ns,ALL_32,logistic_regression,1,GAP_PCT,0.09876239100518275
infy_ns,ALL_32,logistic_regression,1,Low,0.09557033504239157
infy_ns,ALL_32,logistic_regression,1,PRICE_CHANGE_PCT,0.08622741523678129
infy_ns,ALL_32,logistic_regression,1,DAILY_RETURN,0.0862274152367392
infy_ns,ALL_32,logistic_regression,1,ROLLING_STD_20,0.06961662645361434
infy_ns,ALL_32,logistic_regression,1,DAILY_RANGE_PCT,0.05307339468931307
infy_ns,ALL_32,logistic_regression,1,HIGH_LOW_PCT,0.05307339468931307
infy_ns,ALL_32,logistic_regression,1,Open,0.032784985180265624
infy_ns,ALL_32,logistic_regression,1,OBV,0.03087146957322042
infy_ns,ALL_32,logistic_regression,1,VOLUME_CHANGE_PCT,0.027618030716312247
infy_ns,ALL_32,logistic_regression,1,MOMENTUM_20,0.027024533433577268
infy_ns,ALL_32,logistic_regression,1,VOLUME_RATIO,0.025876625036295703
infy_ns,ALL_32,logistic_regression,1,RSI_14,0.02552298079687795
infy_ns,ALL_32,logistic_regression,1,HIST_VOL_20,0.0052342578579325245
infy_ns,ALL_32,random_forest,1,RSI_14,0.03925359041597623
infy_ns,ALL_32,random_forest,1,VOLUME_CHANGE_PCT,0.038345187645102446
infy_ns,ALL_32,random_forest,1,MOMENTUM_10,0.03721258148896714
infy_ns,ALL_32,random_forest,1,Volume,0.036473126075999014
infy_ns,ALL_32,random_forest,1,VOLUME_RATIO,0.03524292648135764
infy_ns,ALL_32,random_forest,1,GAP_PCT,0.03520340388575462
infy_ns,ALL_32,random_forest,1,ROLLING_STD_20,0.03518720314401021
infy_ns,ALL_32,random_forest,1,HIST_VOL_20,0.03461690731615919
infy_ns,ALL_32,random_forest,1,MOMENTUM_20,0.03459544044350866
infy_ns,ALL_32,random_forest,1,ATR_14,0.03451016870169857
infy_ns,ALL_32,random_forest,1,ROC_12,0.03410769938200767
infy_ns,ALL_32,random_forest,1,UPPER_WICK,0.033650923555040374
infy_ns,ALL_32,random_forest,1,VOLUME_SMA_20,0.032940226004021016
infy_ns,ALL_32,random_forest,1,TRUE_RANGE,0.032419995750095326
infy_ns,ALL_32,random_forest,1,LOWER_WICK,0.032317022043763785
infy_ns,ALL_32,random_forest,1,VOLUME_EMA_20,0.032286447069430076
infy_ns,ALL_32,random_forest,1,OBV,0.031639464728379176
infy_ns,ALL_32,random_forest,1,BODY_SIZE,0.031533275783153084
infy_ns,ALL_32,random_forest,1,PRICE_CHANGE_PCT,0.030090439478924286
infy_ns,ALL_32,random_forest,1,OPEN_CLOSE_PCT,0.029846417074020977
infy_ns,ALL_32,random_forest,1,HIGH_LOW_PCT,0.029842853002197436
infy_ns,ALL_32,random_forest,1,SMA_50,0.029466038535823476
infy_ns,ALL_32,random_forest,1,DAILY_RETURN,0.029436410017487903
infy_ns,ALL_32,random_forest,1,DAILY_RANGE_PCT,0.028740294854700216
infy_ns,ALL_32,random_forest,1,Low,0.026546851868814506
infy_ns,ALL_32,random_forest,1,EMA_50,0.02578794256489443
infy_ns,ALL_32,random_forest,1,Close,0.02563245855184311
infy_ns,ALL_32,random_forest,1,SMA_20,0.02545575189781342
infy_ns,ALL_32,random_forest,1,Open,0.02541094765400114
infy_ns,ALL_32,random_forest,1,EMA_20,0.024440310435175725
infy_ns,ALL_32,random_forest,1,High,0.02392858563531545
infy_ns,ALL_32,random_forest,1,Adj Close,0.023839108514563726
infy_ns,ALL_32,xgboost,1,ROLLING_STD_20,0.036971013993024826
infy_ns,ALL_32,xgboost,1,Low,0.03503679484128952
infy_ns,ALL_32,xgboost,1,PRICE_CHANGE_PCT,0.03480822220444679
infy_ns,ALL_32,xgboost,1,SMA_20,0.03381127491593361
infy_ns,ALL_32,xgboost,1,SMA_50,0.03362179920077324
infy_ns,ALL_32,xgboost,1,Close,0.03361108526587486
infy_ns,ALL_32,xgboost,1,Open,0.03332539647817612
infy_ns,ALL_32,xgboost,1,Adj Close,0.03309835121035576
infy_ns,ALL_32,xgboost,1,VOLUME_CHANGE_PCT,0.03293780982494354
infy_ns,ALL_32,xgboost,1,High,0.032884035259485245
infy_ns,ALL_32,xgboost,1,DAILY_RETURN,0.03226165100932121
infy_ns,ALL_32,xgboost,1,VOLUME_RATIO,0.0321635827422142
infy_ns,ALL_32,xgboost,1,MOMENTUM_10,0.03199387341737747
infy_ns,ALL_32,xgboost,1,LOWER_WICK,0.03187863528728485
infy_ns,ALL_32,xgboost,1,ROC_12,0.03147982060909271
infy_ns,ALL_32,xgboost,1,TRUE_RANGE,0.03131487965583801
infy_ns,ALL_32,xgboost,1,MOMENTUM_20,0.031255800276994705
infy_ns,ALL_32,xgboost,1,EMA_50,0.03098343499004841
infy_ns,ALL_32,xgboost,1,UPPER_WICK,0.030817124992609024
infy_ns,ALL_32,xgboost,1,DAILY_RANGE_PCT,0.03071434237062931
infy_ns,ALL_32,xgboost,1,VOLUME_EMA_20,0.03048652410507202
infy_ns,ALL_32,xgboost,1,Volume,0.029702207073569298
infy_ns,ALL_32,xgboost,1,GAP_PCT,0.029595354571938515
infy_ns,ALL_32,xgboost,1,OPEN_CLOSE_PCT,0.0295758917927742
infy_ns,ALL_32,xgboost,1,VOLUME_SMA_20,0.02915859781205654
infy_ns,ALL_32,xgboost,1,EMA_20,0.029060598462820053
infy_ns,ALL_32,xgboost,1,ATR_14,0.02849971316754818
infy_ns,ALL_32,xgboost,1,RSI_14,0.02810429409146309
infy_ns,ALL_32,xgboost,1,HIST_VOL_20,0.027756938710808754
infy_ns,ALL_32,xgboost,1,HIGH_LOW_PCT,0.02773553505539894
infy_ns,ALL_32,xgboost,1,BODY_SIZE,0.027712732553482056
infy_ns,ALL_32,xgboost,1,OBV,0.02764265611767769
infy_ns,ALL_32,logistic_regression,2,Adj Close,1.2879627392499873
infy_ns,ALL_32,logistic_regression,2,VOLUME_EMA_20,0.5642861256058985
infy_ns,ALL_32,logistic_regression,2,VOLUME_SMA_20,0.5023419623495826
infy_ns,ALL_32,logistic_regression,2,SMA_50,0.4650148513517936
infy_ns,ALL_32,logistic_regression,2,SMA_20,0.4190001098631995
infy_ns,ALL_32,logistic_regression,2,Close,0.3814823607172617
infy_ns,ALL_32,logistic_regression,2,High,0.345276604150455
infy_ns,ALL_32,logistic_regression,2,Low,0.34383635514091
infy_ns,ALL_32,logistic_regression,2,Open,0.30925227581540427
infy_ns,ALL_32,logistic_regression,2,EMA_20,0.21589692821505377
infy_ns,ALL_32,logistic_regression,2,BODY_SIZE,0.191491339145813
infy_ns,ALL_32,logistic_regression,2,TRUE_RANGE,0.1681269555266841
infy_ns,ALL_32,logistic_regression,2,ATR_14,0.15226347984033622
infy_ns,ALL_32,logistic_regression,2,LOWER_WICK,0.13340642441739975
infy_ns,ALL_32,logistic_regression,2,Volume,0.0955825117857515
infy_ns,ALL_32,logistic_regression,2,MOMENTUM_10,0.0953715242419899
infy_ns,ALL_32,logistic_regression,2,VOLUME_CHANGE_PCT,0.06369177473024935
infy_ns,ALL_32,logistic_regression,2,ROC_12,0.05348427653889611
infy_ns,ALL_32,logistic_regression,2,EMA_50,0.04607199117698451
infy_ns,ALL_32,logistic_regression,2,DAILY_RANGE_PCT,0.04126955741389079
infy_ns,ALL_32,logistic_regression,2,HIGH_LOW_PCT,0.04126955741389079
infy_ns,ALL_32,logistic_regression,2,UPPER_WICK,0.033487139668269945
infy_ns,ALL_32,logistic_regression,2,RSI_14,0.023820133678842555
infy_ns,ALL_32,logistic_regression,2,MOMENTUM_20,0.020295841130814497
infy_ns,ALL_32,logistic_regression,2,OBV,0.01896885491101836
infy_ns,ALL_32,logistic_regression,2,OPEN_CLOSE_PCT,0.015021558919361766
infy_ns,ALL_32,logistic_regression,2,GAP_PCT,0.014495513647388986
infy_ns,ALL_32,logistic_regression,2,HIST_VOL_20,0.0102264596601738
infy_ns,ALL_32,logistic_regression,2,DAILY_RETURN,0.0017411098276885319
infy_ns,ALL_32,logistic_regression,2,PRICE_CHANGE_PCT,0.0017411098276690555
infy_ns,ALL_32,logistic_regression,2,ROLLING_STD_20,0.0012800583095892307
infy_ns,ALL_32,logistic_regression,2,VOLUME_RATIO,0.00022076806196019342
infy_ns,ALL_32,random_forest,2,VOLUME_CHANGE_PCT,0.038996328388977576
infy_ns,ALL_32,random_forest,2,HIST_VOL_20,0.03769186428175528
infy_ns,ALL_32,random_forest,2,GAP_PCT,0.03709164395362397
infy_ns,ALL_32,random_forest,2,RSI_14,0.03698152255764431
infy_ns,ALL_32,random_forest,2,MOMENTUM_20,0.03668119473210229
infy_ns,ALL_32,random_forest,2,MOMENTUM_10,0.036118055041978646
infy_ns,ALL_32,random_forest,2,Volume,0.03568618508678664
infy_ns,ALL_32,random_forest,2,VOLUME_RATIO,0.035601422996926445
infy_ns,ALL_32,random_forest,2,ROC_12,0.03538123172414403
infy_ns,ALL_32,random_forest,2,OBV,0.035281795262850295
infy_ns,ALL_32,random_forest,2,ROLLING_STD_20,0.034819824280242065
infy_ns,ALL_32,random_forest,2,BODY_SIZE,0.034456464344774146
infy_ns,ALL_32,random_forest,2,UPPER_WICK,0.034430849462034605
infy_ns,ALL_32,random_forest,2,ATR_14,0.034218862089518014
infy_ns,ALL_32,random_forest,2,PRICE_CHANGE_PCT,0.03357616470038248
infy_ns,ALL_32,random_forest,2,LOWER_WICK,0.03328726058596198
infy_ns,ALL_32,random_forest,2,VOLUME_EMA_20,0.03309535412356191
infy_ns,ALL_32,random_forest,2,DAILY_RETURN,0.033062726619038016
infy_ns,ALL_32,random_forest,2,OPEN_CLOSE_PCT,0.03254990330973383
infy_ns,ALL_32,random_forest,2,TRUE_RANGE,0.03194451840764542
infy_ns,ALL_32,random_forest,2,DAILY_RANGE_PCT,0.030807283337663617
infy_ns,ALL_32,random_forest,2,VOLUME_SMA_20,0.030757744525618726
infy_ns,ALL_32,random_forest,2,HIGH_LOW_PCT,0.028749139929094444
infy_ns,ALL_32,random_forest,2,SMA_50,0.02548140674692144
infy_ns,ALL_32,random_forest,2,EMA_50,0.023562523095180227
infy_ns,ALL_32,random_forest,2,SMA_20,0.02355456783884933
infy_ns,ALL_32,random_forest,2,Low,0.023393118413886402
infy_ns,ALL_32,random_forest,2,Adj Close,0.023362255114828062
infy_ns,ALL_32,random_forest,2,Open,0.022890449312236733
infy_ns,ALL_32,random_forest,2,EMA_20,0.02238250481875335
infy_ns,ALL_32,random_forest,2,Close,0.022286729708444065
infy_ns,ALL_32,random_forest,2,High,0.021819105208841703
infy_ns,ALL_32,xgboost,2,Low,0.04283584654331207
infy_ns,ALL_32,xgboost,2,EMA_50,0.03431010991334915
infy_ns,ALL_32,xgboost,2,SMA_50,0.033690229058265686
infy_ns,ALL_32,xgboost,2,Close,0.03347088769078255
infy_ns,ALL_32,xgboost,2,HIGH_LOW_PCT,0.033225931227207184
infy_ns,ALL_32,xgboost,2,Open,0.03307747095823288
infy_ns,ALL_32,xgboost,2,RSI_14,0.03294113650918007
infy_ns,ALL_32,xgboost,2,UPPER_WICK,0.03255713731050491
infy_ns,ALL_32,xgboost,2,DAILY_RETURN,0.03251487389206886
infy_ns,ALL_32,xgboost,2,ROC_12,0.03243118152022362
infy_ns,ALL_32,xgboost,2,LOWER_WICK,0.03221409022808075
infy_ns,ALL_32,xgboost,2,VOLUME_EMA_20,0.03203676640987396
infy_ns,ALL_32,xgboost,2,PRICE_CHANGE_PCT,0.031707875430583954
infy_ns,ALL_32,xgboost,2,Volume,0.031488869339227676
infy_ns,ALL_32,xgboost,2,VOLUME_RATIO,0.03148122876882553
infy_ns,ALL_32,xgboost,2,ROLLING_STD_20,0.03140915930271149
infy_ns,ALL_32,xgboost,2,DAILY_RANGE_PCT,0.031367506831884384
infy_ns,ALL_32,xgboost,2,High,0.03115374967455864
infy_ns,ALL_32,xgboost,2,OBV,0.031140778213739395
infy_ns,ALL_32,xgboost,2,OPEN_CLOSE_PCT,0.03084314987063408
infy_ns,ALL_32,xgboost,2,ATR_14,0.030409928411245346
infy_ns,ALL_32,xgboost,2,VOLUME_CHANGE_PCT,0.03029351681470871
infy_ns,ALL_32,xgboost,2,MOMENTUM_20,0.03025006130337715
infy_ns,ALL_32,xgboost,2,SMA_20,0.030230576172471046
infy_ns,ALL_32,xgboost,2,HIST_VOL_20,0.030223218724131584
infy_ns,ALL_32,xgboost,2,VOLUME_SMA_20,0.03013652190566063
infy_ns,ALL_32,xgboost,2,MOMENTUM_10,0.029934318736195564
infy_ns,ALL_32,xgboost,2,TRUE_RANGE,0.029342051595449448
infy_ns,ALL_32,xgboost,2,BODY_SIZE,0.028699630871415138
infy_ns,ALL_32,xgboost,2,GAP_PCT,0.027733974158763885
infy_ns,ALL_32,xgboost,2,EMA_20,0.02669302187860012
infy_ns,ALL_32,xgboost,2,Adj Close,0.020155200734734535
infy_ns,ALL_32,logistic_regression,3,VOLUME_EMA_20,0.5139983992704552
infy_ns,ALL_32,logistic_regression,3,VOLUME_SMA_20,0.47237178380228145
infy_ns,ALL_32,logistic_regression,3,Adj Close,0.36837471371510605
infy_ns,ALL_32,logistic_regression,3,EMA_20,0.2636081454028794
infy_ns,ALL_32,logistic_regression,3,EMA_50,0.21269973602916054
infy_ns,ALL_32,logistic_regression,3,Close,0.21083985460987056
infy_ns,ALL_32,logistic_regression,3,SMA_50,0.18016895707644226
infy_ns,ALL_32,logistic_regression,3,OPEN_CLOSE_PCT,0.1639310928997528
infy_ns,ALL_32,logistic_regression,3,High,0.15672557506928156
infy_ns,ALL_32,logistic_regression,3,Low,0.15556637381106175
infy_ns,ALL_32,logistic_regression,3,LOWER_WICK,0.11060895385428597
infy_ns,ALL_32,logistic_regression,3,Open,0.10252941738091663
infy_ns,ALL_32,logistic_regression,3,PRICE_CHANGE_PCT,0.10173341979334104
infy_ns,ALL_32,logistic_regression,3,DAILY_RETURN,0.10173341979333095
infy_ns,ALL_32,logistic_regression,3,Volume,0.09470860091017197
infy_ns,ALL_32,logistic_regression,3,BODY_SIZE,0.08126457057692715
infy_ns,ALL_32,logistic_regression,3,TRUE_RANGE,0.07865117463763449
infy_ns,ALL_32,logistic_regression,3,GAP_PCT,0.06594641652097236
infy_ns,ALL_32,logistic_regression,3,ATR_14,0.06080811800308409
infy_ns,ALL_32,logistic_regression,3,ROLLING_STD_20,0.0575877487750922
infy_ns,ALL_32,logistic_regression,3,RSI_14,0.054199565591361076
infy_ns,ALL_32,logistic_regression,3,VOLUME_CHANGE_PCT,0.05307854457097071
infy_ns,ALL_32,logistic_regression,3,MOMENTUM_10,0.042068635153842134
infy_ns,ALL_32,logistic_regression,3,UPPER_WICK,0.037441506822503474
infy_ns,ALL_32,logistic_regression,3,SMA_20,0.03389916726111342
infy_ns,ALL_32,logistic_regression,3,VOLUME_RATIO,0.028869559551281614
infy_ns,ALL_32,logistic_regression,3,ROC_12,0.024621341028972694
infy_ns,ALL_32,logistic_regression,3,HIST_VOL_20,0.017906011431779167
infy_ns,ALL_32,logistic_regression,3,MOMENTUM_20,0.012971478128352603
infy_ns,ALL_32,logistic_regression,3,DAILY_RANGE_PCT,0.009929704238539304
infy_ns,ALL_32,logistic_regression,3,HIGH_LOW_PCT,0.009929704238539304
infy_ns,ALL_32,logistic_regression,3,OBV,0.008507599461505276
infy_ns,ALL_32,random_forest,3,VOLUME_CHANGE_PCT,0.039036611550231845
infy_ns,ALL_32,random_forest,3,GAP_PCT,0.03795089430592058
infy_ns,ALL_32,random_forest,3,RSI_14,0.037791758169341196
infy_ns,ALL_32,random_forest,3,VOLUME_RATIO,0.03715534620584461
infy_ns,ALL_32,random_forest,3,ROC_12,0.03659252049847039
infy_ns,ALL_32,random_forest,3,MOMENTUM_10,0.03620926773048626
infy_ns,ALL_32,random_forest,3,ROLLING_STD_20,0.03575182213539298
infy_ns,ALL_32,random_forest,3,HIST_VOL_20,0.03559566889856946
infy_ns,ALL_32,random_forest,3,MOMENTUM_20,0.03555317291204694
infy_ns,ALL_32,random_forest,3,Volume,0.03515915965013884
infy_ns,ALL_32,random_forest,3,LOWER_WICK,0.03492928319199175
infy_ns,ALL_32,random_forest,3,BODY_SIZE,0.034764607900195164
infy_ns,ALL_32,random_forest,3,UPPER_WICK,0.03395615664698336
infy_ns,ALL_32,random_forest,3,OBV,0.03371071750458486
infy_ns,ALL_32,random_forest,3,DAILY_RETURN,0.033288490396028596
infy_ns,ALL_32,random_forest,3,OPEN_CLOSE_PCT,0.03316737425982234
infy_ns,ALL_32,random_forest,3,VOLUME_EMA_20,0.03283330661439264
infy_ns,ALL_32,random_forest,3,HIGH_LOW_PCT,0.032736069737893086
infy_ns,ALL_32,random_forest,3,ATR_14,0.032493149228969086
infy_ns,ALL_32,random_forest,3,VOLUME_SMA_20,0.03220517925737865
infy_ns,ALL_32,random_forest,3,PRICE_CHANGE_PCT,0.032037981270392986
infy_ns,ALL_32,random_forest,3,TRUE_RANGE,0.03164222562898232
infy_ns,ALL_32,random_forest,3,DAILY_RANGE_PCT,0.03102203559400401
infy_ns,ALL_32,random_forest,3,SMA_50,0.025244641653363747
infy_ns,ALL_32,random_forest,3,EMA_50,0.02367851582269454
infy_ns,ALL_32,random_forest,3,SMA_20,0.023325292190526193
infy_ns,ALL_32,random_forest,3,Adj Close,0.02265935300135777
infy_ns,ALL_32,random_forest,3,Low,0.022588629782795144
infy_ns,ALL_32,random_forest,3,EMA_20,0.02255293868860509
infy_ns,ALL_32,random_forest,3,Open,0.02166000548974775
infy_ns,ALL_32,random_forest,3,Close,0.021519204008730107
infy_ns,ALL_32,random_forest,3,High,0.021188620074117877
infy_ns,ALL_32,xgboost,3,EMA_20,0.03641257807612419
infy_ns,ALL_32,xgboost,3,HIGH_LOW_PCT,0.035816896706819534
infy_ns,ALL_32,xgboost,3,Low,0.03545005992054939
infy_ns,ALL_32,xgboost,3,High,0.0331391915678978
infy_ns,ALL_32,xgboost,3,ROLLING_STD_20,0.03307139128446579
infy_ns,ALL_32,xgboost,3,VOLUME_RATIO,0.03303899988532066
infy_ns,ALL_32,xgboost,3,MOMENTUM_20,0.032908495515584946
infy_ns,ALL_32,xgboost,3,Open,0.0326591320335865
infy_ns,ALL_32,xgboost,3,DAILY_RANGE_PCT,0.03230033814907074
infy_ns,ALL_32,xgboost,3,DAILY_RETURN,0.0321110300719738
infy_ns,ALL_32,xgboost,3,GAP_PCT,0.03204835578799248
infy_ns,ALL_32,xgboost,3,Volume,0.0319904088973999
infy_ns,ALL_32,xgboost,3,EMA_50,0.031942326575517654
infy_ns,ALL_32,xgboost,3,VOLUME_CHANGE_PCT,0.031934406608343124
infy_ns,ALL_32,xgboost,3,RSI_14,0.03179407864809036
infy_ns,ALL_32,xgboost,3,LOWER_WICK,0.0313587561249733
infy_ns,ALL_32,xgboost,3,TRUE_RANGE,0.031167270615696907
infy_ns,ALL_32,xgboost,3,OPEN_CLOSE_PCT,0.03101320005953312
infy_ns,ALL_32,xgboost,3,Close,0.030988041311502457
infy_ns,ALL_32,xgboost,3,ROC_12,0.030785435810685158
infy_ns,ALL_32,xgboost,3,MOMENTUM_10,0.03072839044034481
infy_ns,ALL_32,xgboost,3,SMA_50,0.0304204560816288
infy_ns,ALL_32,xgboost,3,OBV,0.030364898964762688
infy_ns,ALL_32,xgboost,3,BODY_SIZE,0.030300267040729523
infy_ns,ALL_32,xgboost,3,VOLUME_EMA_20,0.030092572793364525
infy_ns,ALL_32,xgboost,3,UPPER_WICK,0.029376761987805367
infy_ns,ALL_32,xgboost,3,ATR_14,0.02906028740108013
infy_ns,ALL_32,xgboost,3,PRICE_CHANGE_PCT,0.028705958276987076
infy_ns,ALL_32,xgboost,3,VOLUME_SMA_20,0.028568817302584648
infy_ns,ALL_32,xgboost,3,HIST_VOL_20,0.028337150812149048
infy_ns,ALL_32,xgboost,3,SMA_20,0.027549168094992638
infy_ns,ALL_32,xgboost,3,Adj Close,0.024564949795603752
infy_ns,SHORTLIST_16,logistic_regression,1,OPEN_CLOSE_PCT,0.16246040040880672
infy_ns,SHORTLIST_16,logistic_regression,1,VOLUME_RATIO,0.14450759210857908
infy_ns,SHORTLIST_16,logistic_regression,1,PRICE_CHANGE_PCT,0.11009977588221548
infy_ns,SHORTLIST_16,logistic_regression,1,DAILY_RETURN,0.11009977588219304
infy_ns,SHORTLIST_16,logistic_regression,1,ATR_14,0.10854662431054012
infy_ns,SHORTLIST_16,logistic_regression,1,GAP_PCT,0.10307435503738856
infy_ns,SHORTLIST_16,logistic_regression,1,UPPER_WICK,0.0591182077733417
infy_ns,SHORTLIST_16,logistic_regression,1,ROC_12,0.045779138997353544
infy_ns,SHORTLIST_16,logistic_regression,1,RSI_14,0.040406369591510075
infy_ns,SHORTLIST_16,logistic_regression,1,ROLLING_STD_20,0.03336802108448799
infy_ns,SHORTLIST_16,logistic_regression,1,BODY_SIZE,0.02264570382554675
infy_ns,SHORTLIST_16,logistic_regression,1,VOLUME_CHANGE_PCT,0.021351469683676204
infy_ns,SHORTLIST_16,logistic_regression,1,DAILY_RANGE_PCT,0.018737718913166102
infy_ns,SHORTLIST_16,logistic_regression,1,HIGH_LOW_PCT,0.018737718913166102
infy_ns,SHORTLIST_16,logistic_regression,1,LOWER_WICK,0.014679672666271282
infy_ns,SHORTLIST_16,logistic_regression,1,HIST_VOL_20,0.009371250479271781
infy_ns,SHORTLIST_16,random_forest,1,HIST_VOL_20,0.07261159194061359
infy_ns,SHORTLIST_16,random_forest,1,VOLUME_CHANGE_PCT,0.07208002657267824
infy_ns,SHORTLIST_16,random_forest,1,ROLLING_STD_20,0.07144587210943
infy_ns,SHORTLIST_16,random_forest,1,ATR_14,0.07028480692597057
infy_ns,SHORTLIST_16,random_forest,1,RSI_14,0.06986220299310172
infy_ns,SHORTLIST_16,random_forest,1,ROC_12,0.06957206672437594
infy_ns,SHORTLIST_16,random_forest,1,VOLUME_RATIO,0.0688867123342003
infy_ns,SHORTLIST_16,random_forest,1,BODY_SIZE,0.06070861499597287
infy_ns,SHORTLIST_16,random_forest,1,GAP_PCT,0.060313878366362275
infy_ns,SHORTLIST_16,random_forest,1,UPPER_WICK,0.06001927090874073
infy_ns,SHORTLIST_16,random_forest,1,LOWER_WICK,0.05985475490622707
infy_ns,SHORTLIST_16,random_forest,1,DAILY_RETURN,0.05467854553760072
infy_ns,SHORTLIST_16,random_forest,1,OPEN_CLOSE_PCT,0.05355591829980058
infy_ns,SHORTLIST_16,random_forest,1,PRICE_CHANGE_PCT,0.05320760671972132
infy_ns,SHORTLIST_16,random_forest,1,DAILY_RANGE_PCT,0.0529897334761734
infy_ns,SHORTLIST_16,random_forest,1,HIGH_LOW_PCT,0.04992839718903072
infy_ns,SHORTLIST_16,xgboost,1,DAILY_RETURN,0.06796948611736298
infy_ns,SHORTLIST_16,xgboost,1,PRICE_CHANGE_PCT,0.06771476566791534
infy_ns,SHORTLIST_16,xgboost,1,HIST_VOL_20,0.06736025214195251
infy_ns,SHORTLIST_16,xgboost,1,VOLUME_CHANGE_PCT,0.06689894944429398
infy_ns,SHORTLIST_16,xgboost,1,UPPER_WICK,0.06478209048509598
infy_ns,SHORTLIST_16,xgboost,1,DAILY_RANGE_PCT,0.06429838389158249
infy_ns,SHORTLIST_16,xgboost,1,LOWER_WICK,0.06423502415418625
infy_ns,SHORTLIST_16,xgboost,1,VOLUME_RATIO,0.06399668008089066
infy_ns,SHORTLIST_16,xgboost,1,ATR_14,0.06294874101877213
infy_ns,SHORTLIST_16,xgboost,1,ROLLING_STD_20,0.06123282387852669
infy_ns,SHORTLIST_16,xgboost,1,RSI_14,0.06089483201503754
infy_ns,SHORTLIST_16,xgboost,1,HIGH_LOW_PCT,0.060468971729278564
infy_ns,SHORTLIST_16,xgboost,1,OPEN_CLOSE_PCT,0.05859457328915596
infy_ns,SHORTLIST_16,xgboost,1,BODY_SIZE,0.05811392515897751
infy_ns,SHORTLIST_16,xgboost,1,ROC_12,0.05549461394548416
infy_ns,SHORTLIST_16,xgboost,1,GAP_PCT,0.05499590188264847
infy_ns,SHORTLIST_16,logistic_regression,2,VOLUME_RATIO,0.08980762853514697
infy_ns,SHORTLIST_16,logistic_regression,2,UPPER_WICK,0.0517696288022571
infy_ns,SHORTLIST_16,logistic_regression,2,VOLUME_CHANGE_PCT,0.048501552665655825
infy_ns,SHORTLIST_16,logistic_regression,2,ATR_14,0.035898980777478155
infy_ns,SHORTLIST_16,logistic_regression,2,HIST_VOL_20,0.033464184866734796
infy_ns,SHORTLIST_16,logistic_regression,2,RSI_14,0.03020971253431303
infy_ns,SHORTLIST_16,logistic_regression,2,BODY_SIZE,0.016138526402949528
infy_ns,SHORTLIST_16,logistic_regression,2,HIGH_LOW_PCT,0.012324587505985177
infy_ns,SHORTLIST_16,logistic_regression,2,DAILY_RANGE_PCT,0.012324587505985177
infy_ns,SHORTLIST_16,logistic_regression,2,PRICE_CHANGE_PCT,0.011186406189972615
infy_ns,SHORTLIST_16,logistic_regression,2,DAILY_RETURN,0.011186406189972091
infy_ns,SHORTLIST_16,logistic_regression,2,GAP_PCT,0.0097198415796423
infy_ns,SHORTLIST_16,logistic_regression,2,OPEN_CLOSE_PCT,0.008407147845205451
infy_ns,SHORTLIST_16,logistic_regression,2,ROC_12,0.002889106035044938
infy_ns,SHORTLIST_16,logistic_regression,2,LOWER_WICK,0.0003502228262356709
infy_ns,SHORTLIST_16,logistic_regression,2,ROLLING_STD_20,0.00034387741107214716
infy_ns,SHORTLIST_16,random_forest,2,HIST_VOL_20,0.07330276185812759
infy_ns,SHORTLIST_16,random_forest,2,RSI_14,0.07121157404464197
infy_ns,SHORTLIST_16,random_forest,2,VOLUME_RATIO,0.06964953475328599
infy_ns,SHORTLIST_16,random_forest,2,VOLUME_CHANGE_PCT,0.06902723758253336
infy_ns,SHORTLIST_16,random_forest,2,ROLLING_STD_20,0.06785817324071818
infy_ns,SHORTLIST_16,random_forest,2,ATR_14,0.06754634856287071
infy_ns,SHORTLIST_16,random_forest,2,ROC_12,0.06706631603108923
infy_ns,SHORTLIST_16,random_forest,2,GAP_PCT,0.06258793293909443
infy_ns,SHORTLIST_16,random_forest,2,UPPER_WICK,0.06155311589800144
infy_ns,SHORTLIST_16,random_forest,2,BODY_SIZE,0.06116740387279585
infy_ns,SHORTLIST_16,random_forest,2,LOWER_WICK,0.058277917303947865
infy_ns,SHORTLIST_16,random_forest,2,PRICE_CHANGE_PCT,0.05562552754364107
infy_ns,SHORTLIST_16,random_forest,2,OPEN_CLOSE_PCT,0.054258333024616065
infy_ns,SHORTLIST_16,random_forest,2,HIGH_LOW_PCT,0.05396714737792007
infy_ns,SHORTLIST_16,random_forest,2,DAILY_RETURN,0.05371608635209865
infy_ns,SHORTLIST_16,random_forest,2,DAILY_RANGE_PCT,0.05318458961461759
infy_ns,SHORTLIST_16,xgboost,2,HIST_VOL_20,0.06883014738559723
infy_ns,SHORTLIST_16,xgboost,2,DAILY_RANGE_PCT,0.06561227887868881
infy_ns,SHORTLIST_16,xgboost,2,VOLUME_RATIO,0.0648072361946106
infy_ns,SHORTLIST_16,xgboost,2,PRICE_CHANGE_PCT,0.06476441025733948
infy_ns,SHORTLIST_16,xgboost,2,UPPER_WICK,0.06461036950349808
infy_ns,SHORTLIST_16,xgboost,2,GAP_PCT,0.06419695913791656
infy_ns,SHORTLIST_16,xgboost,2,ROLLING_STD_20,0.06307534873485565
infy_ns,SHORTLIST_16,xgboost,2,VOLUME_CHANGE_PCT,0.0625259205698967
infy_ns,SHORTLIST_16,xgboost,2,DAILY_RETURN,0.06248443201184273
infy_ns,SHORTLIST_16,xgboost,2,RSI_14,0.0615268237888813
infy_ns,SHORTLIST_16,xgboost,2,HIGH_LOW_PCT,0.06053091213107109
infy_ns,SHORTLIST_16,xgboost,2,BODY_SIZE,0.06015918403863907
infy_ns,SHORTLIST_16,xgboost,2,LOWER_WICK,0.0601545087993145
infy_ns,SHORTLIST_16,xgboost,2,ATR_14,0.0599912665784359
infy_ns,SHORTLIST_16,xgboost,2,OPEN_CLOSE_PCT,0.059700820595026016
infy_ns,SHORTLIST_16,xgboost,2,ROC_12,0.0570293590426445
infy_ns,SHORTLIST_16,logistic_regression,3,RSI_14,0.06503665434033383
infy_ns,SHORTLIST_16,logistic_regression,3,ROLLING_STD_20,0.05720264019939126
infy_ns,SHORTLIST_16,logistic_regression,3,VOLUME_RATIO,0.04570407520291606
infy_ns,SHORTLIST_16,logistic_regression,3,LOWER_WICK,0.04488344384669167
infy_ns,SHORTLIST_16,logistic_regression,3,VOLUME_CHANGE_PCT,0.03357273193562499
infy_ns,SHORTLIST_16,logistic_regression,3,GAP_PCT,0.029669424304528163
infy_ns,SHORTLIST_16,logistic_regression,3,ATR_14,0.02895661931682531
infy_ns,SHORTLIST_16,logistic_regression,3,HIST_VOL_20,0.022055034167403117
infy_ns,SHORTLIST_16,logistic_regression,3,HIGH_LOW_PCT,0.021352012571163037
infy_ns,SHORTLIST_16,logistic_regression,3,DAILY_RANGE_PCT,0.021352012571163037
infy_ns,SHORTLIST_16,logistic_regression,3,BODY_SIZE,0.020215754796046898
infy_ns,SHORTLIST_16,logistic_regression,3,PRICE_CHANGE_PCT,0.018531309297244357
infy_ns,SHORTLIST_16,logistic_regression,3,DAILY_RETURN,0.01853130929724426
infy_ns,SHORTLIST_16,logistic_regression,3,OPEN_CLOSE_PCT,0.005073271436285169
infy_ns,SHORTLIST_16,logistic_regression,3,ROC_12,0.003461555384357047
infy_ns,SHORTLIST_16,logistic_regression,3,UPPER_WICK,0.002867170508313214
infy_ns,SHORTLIST_16,random_forest,3,VOLUME_RATIO,0.07080151379290626
infy_ns,SHORTLIST_16,random_forest,3,VOLUME_CHANGE_PCT,0.07068889708022215
infy_ns,SHORTLIST_16,random_forest,3,HIST_VOL_20,0.06838817471533533
infy_ns,SHORTLIST_16,random_forest,3,RSI_14,0.06785576178928691
infy_ns,SHORTLIST_16,random_forest,3,ROLLING_STD_20,0.06696117031190331
infy_ns,SHORTLIST_16,random_forest,3,ROC_12,0.06571423184894261
infy_ns,SHORTLIST_16,random_forest,3,ATR_14,0.06470712319709379
infy_ns,SHORTLIST_16,random_forest,3,GAP_PCT,0.0639272054875584
infy_ns,SHORTLIST_16,random_forest,3,BODY_SIZE,0.06306258413680155
infy_ns,SHORTLIST_16,random_forest,3,UPPER_WICK,0.06117999486673912
infy_ns,SHORTLIST_16,random_forest,3,LOWER_WICK,0.0605610920611539
infy_ns,SHORTLIST_16,random_forest,3,OPEN_CLOSE_PCT,0.056894030763512564
infy_ns,SHORTLIST_16,random_forest,3,DAILY_RANGE_PCT,0.055568461642624835
infy_ns,SHORTLIST_16,random_forest,3,HIGH_LOW_PCT,0.05551712817174103
infy_ns,SHORTLIST_16,random_forest,3,PRICE_CHANGE_PCT,0.054742324213346454
infy_ns,SHORTLIST_16,random_forest,3,DAILY_RETURN,0.05343030592083183
infy_ns,SHORTLIST_16,xgboost,3,VOLUME_CHANGE_PCT,0.06662608683109283
infy_ns,SHORTLIST_16,xgboost,3,ROC_12,0.06544982641935349
infy_ns,SHORTLIST_16,xgboost,3,HIGH_LOW_PCT,0.06524262577295303
infy_ns,SHORTLIST_16,xgboost,3,VOLUME_RATIO,0.06470466405153275
infy_ns,SHORTLIST_16,xgboost,3,LOWER_WICK,0.06447204947471619
infy_ns,SHORTLIST_16,xgboost,3,UPPER_WICK,0.06401482224464417
infy_ns,SHORTLIST_16,xgboost,3,ATR_14,0.063935786485672
infy_ns,SHORTLIST_16,xgboost,3,PRICE_CHANGE_PCT,0.06360551714897156
infy_ns,SHORTLIST_16,xgboost,3,HIST_VOL_20,0.06344417482614517
infy_ns,SHORTLIST_16,xgboost,3,OPEN_CLOSE_PCT,0.06330835074186325
infy_ns,SHORTLIST_16,xgboost,3,BODY_SIZE,0.06087836995720863
infy_ns,SHORTLIST_16,xgboost,3,DAILY_RANGE_PCT,0.06044894829392433
infy_ns,SHORTLIST_16,xgboost,3,RSI_14,0.0604255348443985
infy_ns,SHORTLIST_16,xgboost,3,ROLLING_STD_20,0.06031572073698044
infy_ns,SHORTLIST_16,xgboost,3,GAP_PCT,0.059347014874219894
infy_ns,SHORTLIST_16,xgboost,3,DAILY_RETURN,0.05378057435154915
infy_ns,NO_PRICE_LEVELS_27,logistic_regression,1,SMA_20,0.8479251313220427
infy_ns,NO_PRICE_LEVELS_27,logistic_regression,1,VOLUME_EMA_20,0.4497639053335588
infy_ns,NO_PRICE_LEVELS_27,logistic_regression,1,VOLUME_SMA_20,0.41169237115672225
infy_ns,NO_PRICE_LEVELS_27,logistic_regression,1,TRUE_RANGE,0.34945090224596165
infy_ns,NO_PRICE_LEVELS_27,logistic_regression,1,EMA_50,0.3389264117447424
infy_ns,NO_PRICE_LEVELS_27,logistic_regression,1,SMA_50,0.308633731703297
infy_ns,NO_PRICE_LEVELS_27,logistic_regression,1,BODY_SIZE,0.30546577047131984
infy_ns,NO_PRICE_LEVELS_27,logistic_regression,1,MOMENTUM_10,0.24827926812512896
infy_ns,NO_PRICE_LEVELS_27,logistic_regression,1,ATR_14,0.22702952340272933
infy_ns,NO_PRICE_LEVELS_27,logistic_regression,1,LOWER_WICK,0.187861130552353
infy_ns,NO_PRICE_LEVELS_27,logistic_regression,1,Volume,0.16159904981162476
infy_ns,NO_PRICE_LEVELS_27,logistic_regression,1,EMA_20,0.1481918744183475
infy_ns,NO_PRICE_LEVELS_27,logistic_regression,1,UPPER_WICK,0.1473727592192325
infy_ns,NO_PRICE_LEVELS_27,logistic_regression,1,OPEN_CLOSE_PCT,0.1445309948480507
infy_ns,NO_PRICE_LEVELS_27,logistic_regression,1,ROC_12,0.1149617020915594
infy_ns,NO_PRICE_LEVELS_27,logistic_regression,1,GAP_PCT,0.1056565522204707
infy_ns,NO_PRICE_LEVELS_27,logistic_regression,1,PRICE_CHANGE_PCT,0.0924527346348716
infy_ns,NO_PRICE_LEVELS_27,logistic_regression,1,DAILY_RETURN,0.09245273463482866
infy_ns,NO_PRICE_LEVELS_27,logistic_regression,1,ROLLING_STD_20,0.06633201712473887
infy_ns,NO_PRICE_LEVELS_27,logistic_regression,1,DAILY_RANGE_PCT,0.05528903031579798
infy_ns,NO_PRICE_LEVELS_27,logistic_regression,1,HIGH_LOW_PCT,0.05528903031579798
infy_ns,NO_PRICE_LEVELS_27,logistic_regression,1,OBV,0.05356118599203432
infy_ns,NO_PRICE_LEVELS_27,logistic_regression,1,MOMENTUM_20,0.029959698604827268
infy_ns,NO_PRICE_LEVELS_27,logistic_regression,1,RSI_14,0.028131300720855738
infy_ns,NO_PRICE_LEVELS_27,logistic_regression,1,VOLUME_CHANGE_PCT,0.027068045213666143
infy_ns,NO_PRICE_LEVELS_27,logistic_regression,1,VOLUME_RATIO,0.02400534430756386
infy_ns,NO_PRICE_LEVELS_27,logistic_regression,1,HIST_VOL_20,0.005592055265308645
infy_ns,NO_PRICE_LEVELS_27,random_forest,1,VOLUME_CHANGE_PCT,0.045292525812987136
infy_ns,NO_PRICE_LEVELS_27,random_forest,1,MOMENTUM_10,0.044446806942206686
infy_ns,NO_PRICE_LEVELS_27,random_forest,1,ATR_14,0.040796978356304456
infy_ns,NO_PRICE_LEVELS_27,random_forest,1,OBV,0.04019491496405982
infy_ns,NO_PRICE_LEVELS_27,random_forest,1,GAP_PCT,0.039746436274494576
infy_ns,NO_PRICE_LEVELS_27,random_forest,1,ROC_12,0.03971289150257068
infy_ns,NO_PRICE_LEVELS_27,random_forest,1,VOLUME_RATIO,0.039630492511644
infy_ns,NO_PRICE_LEVELS_27,random_forest,1,RSI_14,0.03931388435156312
infy_ns,NO_PRICE_LEVELS_27,random_forest,1,HIST_VOL_20,0.039177282380264605
infy_ns,NO_PRICE_LEVELS_27,random_forest,1,Volume,0.039000064789006056
infy_ns,NO_PRICE_LEVELS_27,random_forest,1,MOMENTUM_20,0.03889778508806997
infy_ns,NO_PRICE_LEVELS_27,random_forest,1,ROLLING_STD_20,0.03866268321431069
infy_ns,NO_PRICE_LEVELS_27,random_forest,1,UPPER_WICK,0.03783893057384975
infy_ns,NO_PRICE_LEVELS_27,random_forest,1,VOLUME_EMA_20,0.037097332383160334
infy_ns,NO_PRICE_LEVELS_27,random_forest,1,BODY_SIZE,0.03675857128988976
infy_ns,NO_PRICE_LEVELS_27,random_forest,1,TRUE_RANGE,0.036727049994636225
infy_ns,NO_PRICE_LEVELS_27,random_forest,1,VOLUME_SMA_20,0.036654868841458015
infy_ns,NO_PRICE_LEVELS_27,random_forest,1,LOWER_WICK,0.03536322788030834
infy_ns,NO_PRICE_LEVELS_27,random_forest,1,SMA_50,0.03366919624924888
infy_ns,NO_PRICE_LEVELS_27,random_forest,1,SMA_20,0.033370612002583844
infy_ns,NO_PRICE_LEVELS_27,random_forest,1,DAILY_RETURN,0.033194769497582356
infy_ns,NO_PRICE_LEVELS_27,random_forest,1,EMA_20,0.03314061718806429
infy_ns,NO_PRICE_LEVELS_27,random_forest,1,HIGH_LOW_PCT,0.033046987858232915
infy_ns,NO_PRICE_LEVELS_27,random_forest,1,OPEN_CLOSE_PCT,0.03303186276304789
infy_ns,NO_PRICE_LEVELS_27,random_forest,1,DAILY_RANGE_PCT,0.03285850758598981
infy_ns,NO_PRICE_LEVELS_27,random_forest,1,PRICE_CHANGE_PCT,0.032810642670264366
infy_ns,NO_PRICE_LEVELS_27,random_forest,1,EMA_50,0.029564077034201313
infy_ns,NO_PRICE_LEVELS_27,xgboost,1,DAILY_RANGE_PCT,0.040497615933418274
infy_ns,NO_PRICE_LEVELS_27,xgboost,1,TRUE_RANGE,0.04028744995594025
infy_ns,NO_PRICE_LEVELS_27,xgboost,1,ROC_12,0.03936062008142471
infy_ns,NO_PRICE_LEVELS_27,xgboost,1,VOLUME_RATIO,0.03931260108947754
infy_ns,NO_PRICE_LEVELS_27,xgboost,1,ROLLING_STD_20,0.03916653245687485
infy_ns,NO_PRICE_LEVELS_27,xgboost,1,VOLUME_CHANGE_PCT,0.039166420698165894
infy_ns,NO_PRICE_LEVELS_27,xgboost,1,EMA_20,0.03826946020126343
infy_ns,NO_PRICE_LEVELS_27,xgboost,1,UPPER_WICK,0.038239601999521255
infy_ns,NO_PRICE_LEVELS_27,xgboost,1,PRICE_CHANGE_PCT,0.03798283636569977
infy_ns,NO_PRICE_LEVELS_27,xgboost,1,SMA_20,0.037817519158124924
infy_ns,NO_PRICE_LEVELS_27,xgboost,1,SMA_50,0.03749461472034454
infy_ns,NO_PRICE_LEVELS_27,xgboost,1,ATR_14,0.037222471088171005
infy_ns,NO_PRICE_LEVELS_27,xgboost,1,VOLUME_EMA_20,0.03712136298418045
infy_ns,NO_PRICE_LEVELS_27,xgboost,1,HIGH_LOW_PCT,0.03706044703722
infy_ns,NO_PRICE_LEVELS_27,xgboost,1,LOWER_WICK,0.03643599525094032
infy_ns,NO_PRICE_LEVELS_27,xgboost,1,MOMENTUM_20,0.03640543296933174
infy_ns,NO_PRICE_LEVELS_27,xgboost,1,MOMENTUM_10,0.03630330413579941
infy_ns,NO_PRICE_LEVELS_27,xgboost,1,OBV,0.03618159145116806
infy_ns,NO_PRICE_LEVELS_27,xgboost,1,EMA_50,0.03610559180378914
infy_ns,NO_PRICE_LEVELS_27,xgboost,1,Volume,0.03580572083592415
infy_ns,NO_PRICE_LEVELS_27,xgboost,1,DAILY_RETURN,0.03544043004512787
infy_ns,NO_PRICE_LEVELS_27,xgboost,1,HIST_VOL_20,0.03539948910474777
infy_ns,NO_PRICE_LEVELS_27,xgboost,1,VOLUME_SMA_20,0.035097211599349976
infy_ns,NO_PRICE_LEVELS_27,xgboost,1,RSI_14,0.03493181988596916
infy_ns,NO_PRICE_LEVELS_27,xgboost,1,GAP_PCT,0.03481517732143402
infy_ns,NO_PRICE_LEVELS_27,xgboost,1,OPEN_CLOSE_PCT,0.03472457081079483
infy_ns,NO_PRICE_LEVELS_27,xgboost,1,BODY_SIZE,0.033354125916957855
infy_ns,NO_PRICE_LEVELS_27,logistic_regression,2,VOLUME_EMA_20,0.5317086567834701
infy_ns,NO_PRICE_LEVELS_27,logistic_regression,2,VOLUME_SMA_20,0.48395532837633987
infy_ns,NO_PRICE_LEVELS_27,logistic_regression,2,SMA_50,0.47141032985162235
infy_ns,NO_PRICE_LEVELS_27,logistic_regression,2,SMA_20,0.4485997141314607
infy_ns,NO_PRICE_LEVELS_27,logistic_regression,2,BODY_SIZE,0.1914776399736837
infy_ns,NO_PRICE_LEVELS_27,logistic_regression,2,EMA_20,0.17555039121040045
infy_ns,NO_PRICE_LEVELS_27,logistic_regression,2,TRUE_RANGE,0.1612461067228218
infy_ns,NO_PRICE_LEVELS_27,logistic_regression,2,ATR_14,0.15723566572472536
infy_ns,NO_PRICE_LEVELS_27,logistic_regression,2,LOWER_WICK,0.1260138694487343
infy_ns,NO_PRICE_LEVELS_27,logistic_regression,2,Volume,0.09832303771406815
infy_ns,NO_PRICE_LEVELS_27,logistic_regression,2,MOMENTUM_10,0.09518061988707394
infy_ns,NO_PRICE_LEVELS_27,logistic_regression,2,VOLUME_CHANGE_PCT,0.06555903756299211
infy_ns,NO_PRICE_LEVELS_27,logistic_regression,2,ROC_12,0.04696190130524942
infy_ns,NO_PRICE_LEVELS_27,logistic_regression,2,HIGH_LOW_PCT,0.04531041531347022
infy_ns,NO_PRICE_LEVELS_27,logistic_regression,2,DAILY_RANGE_PCT,0.04531041531347022
infy_ns,NO_PRICE_LEVELS_27,logistic_regression,2,EMA_50,0.04345128915191112
infy_ns,NO_PRICE_LEVELS_27,logistic_regression,2,UPPER_WICK,0.03605046538843343
infy_ns,NO_PRICE_LEVELS_27,logistic_regression,2,OBV,0.03187634003273196
infy_ns,NO_PRICE_LEVELS_27,logistic_regression,2,OPEN_CLOSE_PCT,0.026565811260831445
infy_ns,NO_PRICE_LEVELS_27,logistic_regression,2,RSI_14,0.020548076473557105
infy_ns,NO_PRICE_LEVELS_27,logistic_regression,2,MOMENTUM_20,0.016989913706614384
infy_ns,NO_PRICE_LEVELS_27,logistic_regression,2,HIST_VOL_20,0.013337089968413865
infy_ns,NO_PRICE_LEVELS_27,logistic_regression,2,ROLLING_STD_20,0.01101700890364209
infy_ns,NO_PRICE_LEVELS_27,logistic_regression,2,GAP_PCT,0.007345058401415123
infy_ns,NO_PRICE_LEVELS_27,logistic_regression,2,VOLUME_RATIO,0.003681888129053684
infy_ns,NO_PRICE_LEVELS_27,logistic_regression,2,PRICE_CHANGE_PCT,0.003579864163984162
infy_ns,NO_PRICE_LEVELS_27,logistic_regression,2,DAILY_RETURN,0.003579864163964153
infy_ns,NO_PRICE_LEVELS_27,random_forest,2,VOLUME_CHANGE_PCT,0.04384587896029391
infy_ns,NO_PRICE_LEVELS_27,random_forest,2,MOMENTUM_20,0.04214380741409023
infy_ns,NO_PRICE_LEVELS_27,random_forest,2,RSI_14,0.042026772800292905
infy_ns,NO_PRICE_LEVELS_27,random_forest,2,OBV,0.04116314596142953
infy_ns,NO_PRICE_LEVELS_27,random_forest,2,HIST_VOL_20,0.04106393623287308
infy_ns,NO_PRICE_LEVELS_27,random_forest,2,MOMENTUM_10,0.04094991723059838
infy_ns,NO_PRICE_LEVELS_27,random_forest,2,GAP_PCT,0.04069393607506938
infy_ns,NO_PRICE_LEVELS_27,random_forest,2,VOLUME_RATIO,0.039951349696168446
infy_ns,NO_PRICE_LEVELS_27,random_forest,2,Volume,0.038733231859920135
infy_ns,NO_PRICE_LEVELS_27,random_forest,2,LOWER_WICK,0.03858341603615081
infy_ns,NO_PRICE_LEVELS_27,random_forest,2,ROC_12,0.03794088364685817
infy_ns,NO_PRICE_LEVELS_27,random_forest,2,ROLLING_STD_20,0.03783478961355176
infy_ns,NO_PRICE_LEVELS_27,random_forest,2,UPPER_WICK,0.03763560964019654
infy_ns,NO_PRICE_LEVELS_27,random_forest,2,ATR_14,0.037624387993846535
infy_ns,NO_PRICE_LEVELS_27,random_forest,2,BODY_SIZE,0.03736580002396202
infy_ns,NO_PRICE_LEVELS_27,random_forest,2,VOLUME_SMA_20,0.03688643765939334
infy_ns,NO_PRICE_LEVELS_27,random_forest,2,VOLUME_EMA_20,0.03649979963707232
infy_ns,NO_PRICE_LEVELS_27,random_forest,2,OPEN_CLOSE_PCT,0.03581960114937929
infy_ns,NO_PRICE_LEVELS_27,random_forest,2,DAILY_RETURN,0.03537753750632951
infy_ns,NO_PRICE_LEVELS_27,random_forest,2,PRICE_CHANGE_PCT,0.035018058418464386
infy_ns,NO_PRICE_LEVELS_27,random_forest,2,TRUE_RANGE,0.03436709844961191
infy_ns,NO_PRICE_LEVELS_27,random_forest,2,DAILY_RANGE_PCT,0.03338623402382507
infy_ns,NO_PRICE_LEVELS_27,random_forest,2,HIGH_LOW_PCT,0.03298669388630502
infy_ns,NO_PRICE_LEVELS_27,random_forest,2,SMA_50,0.03140989786059076
infy_ns,NO_PRICE_LEVELS_27,random_forest,2,EMA_50,0.03124259897133204
infy_ns,NO_PRICE_LEVELS_27,random_forest,2,SMA_20,0.030066755440215035
infy_ns,NO_PRICE_LEVELS_27,random_forest,2,EMA_20,0.02938242381217948
infy_ns,NO_PRICE_LEVELS_27,xgboost,2,PRICE_CHANGE_PCT,0.041346099227666855
infy_ns,NO_PRICE_LEVELS_27,xgboost,2,Volume,0.03991388902068138
infy_ns,NO_PRICE_LEVELS_27,xgboost,2,SMA_50,0.03934624046087265
infy_ns,NO_PRICE_LEVELS_27,xgboost,2,MOMENTUM_20,0.03913480043411255
infy_ns,NO_PRICE_LEVELS_27,xgboost,2,EMA_50,0.039048612117767334
infy_ns,NO_PRICE_LEVELS_27,xgboost,2,ROLLING_STD_20,0.038978010416030884
infy_ns,NO_PRICE_LEVELS_27,xgboost,2,HIST_VOL_20,0.03886416554450989
infy_ns,NO_PRICE_LEVELS_27,xgboost,2,UPPER_WICK,0.038214974105358124
infy_ns,NO_PRICE_LEVELS_27,xgboost,2,VOLUME_EMA_20,0.038090623915195465
infy_ns,NO_PRICE_LEVELS_27,xgboost,2,DAILY_RANGE_PCT,0.03779366984963417
infy_ns,NO_PRICE_LEVELS_27,xgboost,2,OPEN_CLOSE_PCT,0.03767506033182144
infy_ns,NO_PRICE_LEVELS_27,xgboost,2,LOWER_WICK,0.03751412779092789
infy_ns,NO_PRICE_LEVELS_27,xgboost,2,RSI_14,0.037208277732133865
infy_ns,NO_PRICE_LEVELS_27,xgboost,2,ROC_12,0.0369899645447731
infy_ns,NO_PRICE_LEVELS_27,xgboost,2,TRUE_RANGE,0.03670577332377434
infy_ns,NO_PRICE_LEVELS_27,xgboost,2,SMA_20,0.036570776253938675
infy_ns,NO_PRICE_LEVELS_27,xgboost,2,BODY_SIZE,0.03645048663020134
infy_ns,NO_PRICE_LEVELS_27,xgboost,2,MOMENTUM_10,0.036412157118320465
infy_ns,NO_PRICE_LEVELS_27,xgboost,2,VOLUME_CHANGE_PCT,0.03608858585357666
infy_ns,NO_PRICE_LEVELS_27,xgboost,2,OBV,0.0358586423099041
infy_ns,NO_PRICE_LEVELS_27,xgboost,2,VOLUME_SMA_20,0.035560641437768936
infy_ns,NO_PRICE_LEVELS_27,xgboost,2,GAP_PCT,0.03541191294789314
infy_ns,NO_PRICE_LEVELS_27,xgboost,2,DAILY_RETURN,0.035128261893987656
infy_ns,NO_PRICE_LEVELS_27,xgboost,2,VOLUME_RATIO,0.0350802019238472
infy_ns,NO_PRICE_LEVELS_27,xgboost,2,EMA_20,0.03445596620440483
infy_ns,NO_PRICE_LEVELS_27,xgboost,2,ATR_14,0.034382276237010956
infy_ns,NO_PRICE_LEVELS_27,xgboost,2,HIGH_LOW_PCT,0.031775880604982376
infy_ns,NO_PRICE_LEVELS_27,logistic_regression,3,VOLUME_EMA_20,0.4481870619941787
infy_ns,NO_PRICE_LEVELS_27,logistic_regression,3,VOLUME_SMA_20,0.42482743406631723
infy_ns,NO_PRICE_LEVELS_27,logistic_regression,3,EMA_50,0.2941397483442229
infy_ns,NO_PRICE_LEVELS_27,logistic_regression,3,EMA_20,0.21312091742220443
infy_ns,NO_PRICE_LEVELS_27,logistic_regression,3,OPEN_CLOSE_PCT,0.19691572646543795
infy_ns,NO_PRICE_LEVELS_27,logistic_regression,3,SMA_50,0.1952650644275485
infy_ns,NO_PRICE_LEVELS_27,logistic_regression,3,PRICE_CHANGE_PCT,0.12181567174704534
infy_ns,NO_PRICE_LEVELS_27,logistic_regression,3,DAILY_RETURN,0.12181567174703736
infy_ns,NO_PRICE_LEVELS_27,logistic_regression,3,LOWER_WICK,0.11087558498148677
infy_ns,NO_PRICE_LEVELS_27,logistic_regression,3,Volume,0.09709290511386487
infy_ns,NO_PRICE_LEVELS_27,logistic_regression,3,GAP_PCT,0.08972507299913915
infy_ns,NO_PRICE_LEVELS_27,logistic_regression,3,BODY_SIZE,0.08734331206876032
infy_ns,NO_PRICE_LEVELS_27,logistic_regression,3,TRUE_RANGE,0.08645424770528091
infy_ns,NO_PRICE_LEVELS_27,logistic_regression,3,SMA_20,0.08348870336362381
infy_ns,NO_PRICE_LEVELS_27,logistic_regression,3,ATR_14,0.06603802498667181
infy_ns,NO_PRICE_LEVELS_27,logistic_regression,3,RSI_14,0.05713642980305328
infy_ns,NO_PRICE_LEVELS_27,logistic_regression,3,ROLLING_STD_20,0.05402067638663686
infy_ns,NO_PRICE_LEVELS_27,logistic_regression,3,VOLUME_CHANGE_PCT,0.05130287213979664
infy_ns,NO_PRICE_LEVELS_27,logistic_regression,3,MOMENTUM_10,0.04986825150270571
infy_ns,NO_PRICE_LEVELS_27,logistic_regression,3,UPPER_WICK,0.04157947535775252
infy_ns,NO_PRICE_LEVELS_27,logistic_regression,3,ROC_12,0.024581289364872697
infy_ns,NO_PRICE_LEVELS_27,logistic_regression,3,VOLUME_RATIO,0.02425818655953697
infy_ns,NO_PRICE_LEVELS_27,logistic_regression,3,HIST_VOL_20,0.013198954607031034
infy_ns,NO_PRICE_LEVELS_27,logistic_regression,3,HIGH_LOW_PCT,0.011362804161871059
infy_ns,NO_PRICE_LEVELS_27,logistic_regression,3,DAILY_RANGE_PCT,0.011362804161871059
infy_ns,NO_PRICE_LEVELS_27,logistic_regression,3,OBV,0.01113139674215646
infy_ns,NO_PRICE_LEVELS_27,logistic_regression,3,MOMENTUM_20,0.0016405771118544984
infy_ns,NO_PRICE_LEVELS_27,random_forest,3,VOLUME_CHANGE_PCT,0.04305216912857403
infy_ns,NO_PRICE_LEVELS_27,random_forest,3,RSI_14,0.04204977251574672
infy_ns,NO_PRICE_LEVELS_27,random_forest,3,VOLUME_RATIO,0.041676867174858356
infy_ns,NO_PRICE_LEVELS_27,random_forest,3,MOMENTUM_10,0.04132108759380409
infy_ns,NO_PRICE_LEVELS_27,random_forest,3,GAP_PCT,0.04108990516166037
infy_ns,NO_PRICE_LEVELS_27,random_forest,3,MOMENTUM_20,0.040582451304484866
infy_ns,NO_PRICE_LEVELS_27,random_forest,3,ROC_12,0.04038988053434944
infy_ns,NO_PRICE_LEVELS_27,random_forest,3,OBV,0.04020478108881082
infy_ns,NO_PRICE_LEVELS_27,random_forest,3,HIST_VOL_20,0.03948442963490693
infy_ns,NO_PRICE_LEVELS_27,random_forest,3,BODY_SIZE,0.03899048813288023
infy_ns,NO_PRICE_LEVELS_27,random_forest,3,ROLLING_STD_20,0.03801289830714862
infy_ns,NO_PRICE_LEVELS_27,random_forest,3,Volume,0.03777244194088553
infy_ns,NO_PRICE_LEVELS_27,random_forest,3,UPPER_WICK,0.03768147955240089
infy_ns,NO_PRICE_LEVELS_27,random_forest,3,LOWER_WICK,0.037608031375685726
infy_ns,NO_PRICE_LEVELS_27,random_forest,3,ATR_14,0.03735659814864615
infy_ns,NO_PRICE_LEVELS_27,random_forest,3,OPEN_CLOSE_PCT,0.03705230026360305
infy_ns,NO_PRICE_LEVELS_27,random_forest,3,VOLUME_EMA_20,0.03674675364696664
infy_ns,NO_PRICE_LEVELS_27,random_forest,3,DAILY_RETURN,0.03644541968200575
infy_ns,NO_PRICE_LEVELS_27,random_forest,3,PRICE_CHANGE_PCT,0.03568857633496982
infy_ns,NO_PRICE_LEVELS_27,random_forest,3,HIGH_LOW_PCT,0.035341551485538074
infy_ns,NO_PRICE_LEVELS_27,random_forest,3,VOLUME_SMA_20,0.03509795433493722
infy_ns,NO_PRICE_LEVELS_27,random_forest,3,DAILY_RANGE_PCT,0.03484507035548306
infy_ns,NO_PRICE_LEVELS_27,random_forest,3,TRUE_RANGE,0.03482688292926086
infy_ns,NO_PRICE_LEVELS_27,random_forest,3,SMA_50,0.0295565539175431
infy_ns,NO_PRICE_LEVELS_27,random_forest,3,EMA_50,0.02931739785552078
infy_ns,NO_PRICE_LEVELS_27,random_forest,3,SMA_20,0.029157821168389678
infy_ns,NO_PRICE_LEVELS_27,random_forest,3,EMA_20,0.028650436430939268
infy_ns,NO_PRICE_LEVELS_27,xgboost,3,EMA_20,0.041956204921007156
infy_ns,NO_PRICE_LEVELS_27,xgboost,3,GAP_PCT,0.040403660386800766
infy_ns,NO_PRICE_LEVELS_27,xgboost,3,VOLUME_CHANGE_PCT,0.04013576731085777
infy_ns,NO_PRICE_LEVELS_27,xgboost,3,RSI_14,0.039306461811065674
infy_ns,NO_PRICE_LEVELS_27,xgboost,3,LOWER_WICK,0.038875360041856766
infy_ns,NO_PRICE_LEVELS_27,xgboost,3,SMA_50,0.03887488692998886
infy_ns,NO_PRICE_LEVELS_27,xgboost,3,ROLLING_STD_20,0.038795772939920425
infy_ns,NO_PRICE_LEVELS_27,xgboost,3,Volume,0.03866825997829437
infy_ns,NO_PRICE_LEVELS_27,xgboost,3,VOLUME_RATIO,0.03827319294214249
infy_ns,NO_PRICE_LEVELS_27,xgboost,3,MOMENTUM_10,0.038248661905527115
infy_ns,NO_PRICE_LEVELS_27,xgboost,3,HIST_VOL_20,0.03807709366083145
infy_ns,NO_PRICE_LEVELS_27,xgboost,3,DAILY_RETURN,0.0373946875333786
infy_ns,NO_PRICE_LEVELS_27,xgboost,3,MOMENTUM_20,0.037241607904434204
infy_ns,NO_PRICE_LEVELS_27,xgboost,3,ATR_14,0.03714163228869438
infy_ns,NO_PRICE_LEVELS_27,xgboost,3,TRUE_RANGE,0.03704443573951721
infy_ns,NO_PRICE_LEVELS_27,xgboost,3,DAILY_RANGE_PCT,0.037006277590990067
infy_ns,NO_PRICE_LEVELS_27,xgboost,3,OPEN_CLOSE_PCT,0.03687833622097969
infy_ns,NO_PRICE_LEVELS_27,xgboost,3,VOLUME_SMA_20,0.036821912974119186
infy_ns,NO_PRICE_LEVELS_27,xgboost,3,OBV,0.03656976297497749
infy_ns,NO_PRICE_LEVELS_27,xgboost,3,UPPER_WICK,0.03609688952565193
infy_ns,NO_PRICE_LEVELS_27,xgboost,3,SMA_20,0.034974634647369385
infy_ns,NO_PRICE_LEVELS_27,xgboost,3,ROC_12,0.034695323556661606
infy_ns,NO_PRICE_LEVELS_27,xgboost,3,BODY_SIZE,0.03420843556523323
infy_ns,NO_PRICE_LEVELS_27,xgboost,3,VOLUME_EMA_20,0.03398333117365837
infy_ns,NO_PRICE_LEVELS_27,xgboost,3,EMA_50,0.03386921435594559
infy_ns,NO_PRICE_LEVELS_27,xgboost,3,PRICE_CHANGE_PCT,0.032354358583688736
infy_ns,NO_PRICE_LEVELS_27,xgboost,3,HIGH_LOW_PCT,0.032103851437568665
icicibank_ns,ALL_32,logistic_regression,1,Open,0.5882593435059636
icicibank_ns,ALL_32,logistic_regression,1,Adj Close,0.5494343293056132
icicibank_ns,ALL_32,logistic_regression,1,OPEN_CLOSE_PCT,0.41471921655837546
icicibank_ns,ALL_32,logistic_regression,1,EMA_20,0.3849256138502612
icicibank_ns,ALL_32,logistic_regression,1,SMA_20,0.27680393162841294
icicibank_ns,ALL_32,logistic_regression,1,EMA_50,0.2741755176550157
icicibank_ns,ALL_32,logistic_regression,1,OBV,0.2575300464024004
icicibank_ns,ALL_32,logistic_regression,1,BODY_SIZE,0.2519326260791752
icicibank_ns,ALL_32,logistic_regression,1,GAP_PCT,0.24747666873515217
icicibank_ns,ALL_32,logistic_regression,1,DAILY_RETURN,0.2184225078305018
icicibank_ns,ALL_32,logistic_regression,1,PRICE_CHANGE_PCT,0.21842250783049302
icicibank_ns,ALL_32,logistic_regression,1,ATR_14,0.21397530576993706
icicibank_ns,ALL_32,logistic_regression,1,Close,0.20818931415089867
icicibank_ns,ALL_32,logistic_regression,1,LOWER_WICK,0.20619126947821773
icicibank_ns,ALL_32,logistic_regression,1,High,0.19374126039426015
icicibank_ns,ALL_32,logistic_regression,1,Low,0.1840526742659593
icicibank_ns,ALL_32,logistic_regression,1,VOLUME_CHANGE_PCT,0.14957907434736809
icicibank_ns,ALL_32,logistic_regression,1,MOMENTUM_20,0.12395470416117105
icicibank_ns,ALL_32,logistic_regression,1,TRUE_RANGE,0.1054474421534302
icicibank_ns,ALL_32,logistic_regression,1,VOLUME_EMA_20,0.083488110281868
icicibank_ns,ALL_32,logistic_regression,1,UPPER_WICK,0.0743239021396097
icicibank_ns,ALL_32,logistic_regression,1,DAILY_RANGE_PCT,0.06664655801153287
icicibank_ns,ALL_32,logistic_regression,1,HIGH_LOW_PCT,0.06664655801153287
icicibank_ns,ALL_32,logistic_regression,1,RSI_14,0.0472563892687101
icicibank_ns,ALL_32,logistic_regression,1,ROC_12,0.04112499122001334
icicibank_ns,ALL_32,logistic_regression,1,HIST_VOL_20,0.0382328920049563
icicibank_ns,ALL_32,logistic_regression,1,MOMENTUM_10,0.03488522047281549
icicibank_ns,ALL_32,logistic_regression,1,VOLUME_SMA_20,0.01418065396995794
icicibank_ns,ALL_32,logistic_regression,1,SMA_50,0.012964924670057398
icicibank_ns,ALL_32,logistic_regression,1,Volume,0.012237372809684849
icicibank_ns,ALL_32,logistic_regression,1,ROLLING_STD_20,0.00986225795178615
icicibank_ns,ALL_32,logistic_regression,1,VOLUME_RATIO,0.0017799555856621101
icicibank_ns,ALL_32,random_forest,1,VOLUME_CHANGE_PCT,0.042248144511678805
icicibank_ns,ALL_32,random_forest,1,RSI_14,0.041338748484174154
icicibank_ns,ALL_32,random_forest,1,GAP_PCT,0.03913259303328777
icicibank_ns,ALL_32,random_forest,1,MOMENTUM_20,0.03881792592315727
icicibank_ns,ALL_32,random_forest,1,Volume,0.03869053865011181
icicibank_ns,ALL_32,random_forest,1,ROC_12,0.03854603274119397
icicibank_ns,ALL_32,random_forest,1,MOMENTUM_10,0.037626855454728304
icicibank_ns,ALL_32,random_forest,1,VOLUME_SMA_20,0.037101332863551884
icicibank_ns,ALL_32,random_forest,1,VOLUME_EMA_20,0.035883437973269094
icicibank_ns,ALL_32,random_forest,1,LOWER_WICK,0.03434206131721061
icicibank_ns,ALL_32,random_forest,1,BODY_SIZE,0.0338349004744582
icicibank_ns,ALL_32,random_forest,1,TRUE_RANGE,0.03376808406749248
icicibank_ns,ALL_32,random_forest,1,PRICE_CHANGE_PCT,0.03340594881619281
icicibank_ns,ALL_32,random_forest,1,OPEN_CLOSE_PCT,0.03339257479137246
icicibank_ns,ALL_32,random_forest,1,UPPER_WICK,0.032926576350055956
icicibank_ns,ALL_32,random_forest,1,HIST_VOL_20,0.03289603806498131
icicibank_ns,ALL_32,random_forest,1,VOLUME_RATIO,0.03284374510786121
icicibank_ns,ALL_32,random_forest,1,DAILY_RETURN,0.032300925770272354
icicibank_ns,ALL_32,random_forest,1,ROLLING_STD_20,0.03210223085724409
icicibank_ns,ALL_32,random_forest,1,HIGH_LOW_PCT,0.030165465381564078
icicibank_ns,ALL_32,random_forest,1,ATR_14,0.02926575256194538
icicibank_ns,ALL_32,random_forest,1,DAILY_RANGE_PCT,0.029045805494438037
icicibank_ns,ALL_32,random_forest,1,OBV,0.02575552107181762
icicibank_ns,ALL_32,random_forest,1,SMA_50,0.024669765101578797
icicibank_ns,ALL_32,random_forest,1,High,0.0239714865979031
icicibank_ns,ALL_32,random_forest,1,EMA_20,0.023240647900082997
icicibank_ns,ALL_32,random_forest,1,Adj Close,0.023002860282838888
icicibank_ns,ALL_32,random_forest,1,EMA_50,0.022890646209553004
icicibank_ns,ALL_32,random_forest,1,SMA_20,0.022091817581864806
icicibank_ns,ALL_32,random_forest,1,Low,0.022031655277426152
icicibank_ns,ALL_32,random_forest,1,Close,0.02139976969892917
icicibank_ns,ALL_32,random_forest,1,Open,0.021270111587763457
icicibank_ns,ALL_32,xgboost,1,EMA_20,0.03876126930117607
icicibank_ns,ALL_32,xgboost,1,Adj Close,0.03572419285774231
icicibank_ns,ALL_32,xgboost,1,TRUE_RANGE,0.03555745631456375
icicibank_ns,ALL_32,xgboost,1,MOMENTUM_10,0.035230763256549835
icicibank_ns,ALL_32,xgboost,1,Volume,0.034979820251464844
icicibank_ns,ALL_32,xgboost,1,VOLUME_CHANGE_PCT,0.03418106958270073
icicibank_ns,ALL_32,xgboost,1,VOLUME_EMA_20,0.033836837857961655
icicibank_ns,ALL_32,xgboost,1,High,0.03323521837592125
icicibank_ns,ALL_32,xgboost,1,UPPER_WICK,0.03319978341460228
icicibank_ns,ALL_32,xgboost,1,VOLUME_RATIO,0.03256440907716751
icicibank_ns,ALL_32,xgboost,1,OPEN_CLOSE_PCT,0.03233746439218521
icicibank_ns,ALL_32,xgboost,1,BODY_SIZE,0.032219864428043365
icicibank_ns,ALL_32,xgboost,1,EMA_50,0.03204987570643425
icicibank_ns,ALL_32,xgboost,1,RSI_14,0.03200603649020195
icicibank_ns,ALL_32,xgboost,1,MOMENTUM_20,0.030752327293157578
icicibank_ns,ALL_32,xgboost,1,DAILY_RANGE_PCT,0.03065890446305275
icicibank_ns,ALL_32,xgboost,1,SMA_20,0.03021158277988434
icicibank_ns,ALL_32,xgboost,1,ROLLING_STD_20,0.029849311336874962
icicibank_ns,ALL_32,xgboost,1,LOWER_WICK,0.029762158170342445
icicibank_ns,ALL_32,xgboost,1,Close,0.02975960448384285
icicibank_ns,ALL_32,xgboost,1,PRICE_CHANGE_PCT,0.02974672056734562
icicibank_ns,ALL_32,xgboost,1,HIGH_LOW_PCT,0.02966650202870369
icicibank_ns,ALL_32,xgboost,1,ROC_12,0.029597405344247818
icicibank_ns,ALL_32,xgboost,1,Low,0.029496705159544945
icicibank_ns,ALL_32,xgboost,1,OBV,0.02935613878071308
icicibank_ns,ALL_32,xgboost,1,GAP_PCT,0.028440332040190697
icicibank_ns,ALL_32,xgboost,1,DAILY_RETURN,0.02830333262681961
icicibank_ns,ALL_32,xgboost,1,Open,0.02828959934413433
icicibank_ns,ALL_32,xgboost,1,ATR_14,0.028098369017243385
icicibank_ns,ALL_32,xgboost,1,SMA_50,0.027825623750686646
icicibank_ns,ALL_32,xgboost,1,HIST_VOL_20,0.027383606880903244
icicibank_ns,ALL_32,xgboost,1,VOLUME_SMA_20,0.026917720213532448
icicibank_ns,ALL_32,logistic_regression,2,OPEN_CLOSE_PCT,0.7135449830270669
icicibank_ns,ALL_32,logistic_regression,2,Adj Close,0.6523983827966536
icicibank_ns,ALL_32,logistic_regression,2,EMA_20,0.5883381148500643
icicibank_ns,ALL_32,logistic_regression,2,GAP_PCT,0.4302996581361159
icicibank_ns,ALL_32,logistic_regression,2,DAILY_RETURN,0.4230677144721075
icicibank_ns,ALL_32,logistic_regression,2,PRICE_CHANGE_PCT,0.4230677144720691
icicibank_ns,ALL_32,logistic_regression,2,Open,0.33926317642799647
icicibank_ns,ALL_32,logistic_regression,2,Close,0.30822474142476086
icicibank_ns,ALL_32,logistic_regression,2,VOLUME_SMA_20,0.22628820365903224
icicibank_ns,ALL_32,logistic_regression,2,EMA_50,0.12031622671100531
icicibank_ns,ALL_32,logistic_regression,2,SMA_50,0.10992661869433955
icicibank_ns,ALL_32,logistic_regression,2,VOLUME_EMA_20,0.10293148984005496
icicibank_ns,ALL_32,logistic_regression,2,TRUE_RANGE,0.09214367890807083
icicibank_ns,ALL_32,logistic_regression,2,OBV,0.08733172420913445
icicibank_ns,ALL_32,logistic_regression,2,RSI_14,0.08422493164990803
icicibank_ns,ALL_32,logistic_regression,2,LOWER_WICK,0.08035580514291941
icicibank_ns,ALL_32,logistic_regression,2,HIST_VOL_20,0.07244177703258403
icicibank_ns,ALL_32,logistic_regression,2,BODY_SIZE,0.053039388170030344
icicibank_ns,ALL_32,logistic_regression,2,Volume,0.052281981892363626
icicibank_ns,ALL_32,logistic_regression,2,VOLUME_RATIO,0.04973977638336285
icicibank_ns,ALL_32,logistic_regression,2,VOLUME_CHANGE_PCT,0.04714149991528518
icicibank_ns,ALL_32,logistic_regression,2,ROLLING_STD_20,0.0441514828612384
icicibank_ns,ALL_32,logistic_regression,2,ATR_14,0.03938306399891386
icicibank_ns,ALL_32,logistic_regression,2,DAILY_RANGE_PCT,0.03619244131950928
icicibank_ns,ALL_32,logistic_regression,2,HIGH_LOW_PCT,0.03619244131950928
icicibank_ns,ALL_32,logistic_regression,2,UPPER_WICK,0.024203402971170983
icicibank_ns,ALL_32,logistic_regression,2,MOMENTUM_20,0.02342873404423799
icicibank_ns,ALL_32,logistic_regression,2,High,0.016119209227453718
icicibank_ns,ALL_32,logistic_regression,2,Low,0.01271716459647947
icicibank_ns,ALL_32,logistic_regression,2,MOMENTUM_10,0.008742312331746813
icicibank_ns,ALL_32,logistic_regression,2,ROC_12,0.006760845100569659
icicibank_ns,ALL_32,logistic_regression,2,SMA_20,0.002210611313841442
icicibank_ns,ALL_32,random_forest,2,VOLUME_CHANGE_PCT,0.0391952280411983
icicibank_ns,ALL_32,random_forest,2,RSI_14,0.03820769687894959
icicibank_ns,ALL_32,random_forest,2,VOLUME_RATIO,0.037158465733985915
icicibank_ns,ALL_32,random_forest,2,ROC_12,0.03662377987353827
icicibank_ns,ALL_32,random_forest,2,GAP_PCT,0.03600109230115727
icicibank_ns,ALL_32,random_forest,2,MOMENTUM_20,0.03579979173309426
icicibank_ns,ALL_32,random_forest,2,MOMENTUM_10,0.03524560745672212
icicibank_ns,ALL_32,random_forest,2,UPPER_WICK,0.034713099613252286
icicibank_ns,ALL_32,random_forest,2,PRICE_CHANGE_PCT,0.03458069037058739
icicibank_ns,ALL_32,random_forest,2,LOWER_WICK,0.03407750643556626
icicibank_ns,ALL_32,random_forest,2,VOLUME_EMA_20,0.033704974683056534
icicibank_ns,ALL_32,random_forest,2,HIST_VOL_20,0.0335720113177653
icicibank_ns,ALL_32,random_forest,2,ROLLING_STD_20,0.033220445390237344
icicibank_ns,ALL_32,random_forest,2,Volume,0.03302955667760902
icicibank_ns,ALL_32,random_forest,2,DAILY_RETURN,0.03261596844344066
icicibank_ns,ALL_32,random_forest,2,ATR_14,0.032314271048338304
icicibank_ns,ALL_32,random_forest,2,OPEN_CLOSE_PCT,0.0321859244645219
icicibank_ns,ALL_32,random_forest,2,BODY_SIZE,0.03210850823016687
icicibank_ns,ALL_32,random_forest,2,TRUE_RANGE,0.032071750189777426
icicibank_ns,ALL_32,random_forest,2,HIGH_LOW_PCT,0.0318817975903826
icicibank_ns,ALL_32,random_forest,2,VOLUME_SMA_20,0.03174713003737983
icicibank_ns,ALL_32,random_forest,2,DAILY_RANGE_PCT,0.030233805276242528
icicibank_ns,ALL_32,random_forest,2,OBV,0.029206390778163484
icicibank_ns,ALL_32,random_forest,2,SMA_50,0.02645343751046125
icicibank_ns,ALL_32,random_forest,2,EMA_50,0.025204273327223338
icicibank_ns,ALL_32,random_forest,2,Adj Close,0.024900638820379326
icicibank_ns,ALL_32,random_forest,2,EMA_20,0.02434358941390071
icicibank_ns,ALL_32,random_forest,2,Close,0.024167330000889237
icicibank_ns,ALL_32,random_forest,2,Open,0.024120779178696705
icicibank_ns,ALL_32,random_forest,2,High,0.023953414262571977
icicibank_ns,ALL_32,random_forest,2,Low,0.023876191570694084
icicibank_ns,ALL_32,random_forest,2,SMA_20,0.023484853350049857
icicibank_ns,ALL_32,xgboost,2,Low,0.03765355050563812
icicibank_ns,ALL_32,xgboost,2,Open,0.03689456358551979
icicibank_ns,ALL_32,xgboost,2,EMA_20,0.03488673269748688
icicibank_ns,ALL_32,xgboost,2,SMA_50,0.03469526022672653
icicibank_ns,ALL_32,xgboost,2,High,0.0337795726954937
icicibank_ns,ALL_32,xgboost,2,UPPER_WICK,0.03330160304903984
icicibank_ns,ALL_32,xgboost,2,RSI_14,0.03316761180758476
icicibank_ns,ALL_32,xgboost,2,VOLUME_EMA_20,0.03300720453262329
icicibank_ns,ALL_32,xgboost,2,VOLUME_CHANGE_PCT,0.03287786617875099
icicibank_ns,ALL_32,xgboost,2,PRICE_CHANGE_PCT,0.03287254273891449
icicibank_ns,ALL_32,xgboost,2,ROC_12,0.032304901629686356
icicibank_ns,ALL_32,xgboost,2,ROLLING_STD_20,0.03211722522974014
icicibank_ns,ALL_32,xgboost,2,SMA_20,0.03188537061214447
icicibank_ns,ALL_32,xgboost,2,VOLUME_RATIO,0.031633298844099045
icicibank_ns,ALL_32,xgboost,2,OBV,0.0315353088080883
icicibank_ns,ALL_32,xgboost,2,TRUE_RANGE,0.03151221573352814
icicibank_ns,ALL_32,xgboost,2,VOLUME_SMA_20,0.03151003271341324
icicibank_ns,ALL_32,xgboost,2,DAILY_RETURN,0.03098001703619957
icicibank_ns,ALL_32,xgboost,2,Volume,0.030521921813488007
icicibank_ns,ALL_32,xgboost,2,MOMENTUM_20,0.030516425147652626
icicibank_ns,ALL_32,xgboost,2,GAP_PCT,0.02978958562016487
icicibank_ns,ALL_32,xgboost,2,Close,0.02954307198524475
icicibank_ns,ALL_32,xgboost,2,HIST_VOL_20,0.029503386467695236
icicibank_ns,ALL_32,xgboost,2,OPEN_CLOSE_PCT,0.029155051335692406
icicibank_ns,ALL_32,xgboost,2,EMA_50,0.028822842985391617
icicibank_ns,ALL_32,xgboost,2,BODY_SIZE,0.028614245355129242
icicibank_ns,ALL_32,xgboost,2,ATR_14,0.028588633984327316
icicibank_ns,ALL_32,xgboost,2,MOMENTUM_10,0.028541360050439835
icicibank_ns,ALL_32,xgboost,2,Adj Close,0.02844223566353321
icicibank_ns,ALL_32,xgboost,2,DAILY_RANGE_PCT,0.02721213735640049
icicibank_ns,ALL_32,xgboost,2,LOWER_WICK,0.027073219418525696
icicibank_ns,ALL_32,xgboost,2,HIGH_LOW_PCT,0.027061086148023605
icicibank_ns,ALL_32,logistic_regression,3,OPEN_CLOSE_PCT,0.7342240970451358
icicibank_ns,ALL_32,logistic_regression,3,EMA_20,0.4773205233212067
icicibank_ns,ALL_32,logistic_regression,3,Open,0.4655517252024047
icicibank_ns,ALL_32,logistic_regression,3,GAP_PCT,0.4366907352121493
icicibank_ns,ALL_32,logistic_regression,3,DAILY_RETURN,0.43359853960551564
icicibank_ns,ALL_32,logistic_regression,3,PRICE_CHANGE_PCT,0.43359853960549855
icicibank_ns,ALL_32,logistic_regression,3,SMA_50,0.31743743383112033
icicibank_ns,ALL_32,logistic_regression,3,VOLUME_SMA_20,0.3142252495093911
icicibank_ns,ALL_32,logistic_regression,3,Low,0.20265281856386425
icicibank_ns,ALL_32,logistic_regression,3,VOLUME_EMA_20,0.20117090738188828
icicibank_ns,ALL_32,logistic_regression,3,High,0.1988934914403772
icicibank_ns,ALL_32,logistic_regression,3,EMA_50,0.13277211290473132
icicibank_ns,ALL_32,logistic_regression,3,SMA_20,0.11088385029870375
icicibank_ns,ALL_32,logistic_regression,3,LOWER_WICK,0.09531985816226232
icicibank_ns,ALL_32,logistic_regression,3,HIST_VOL_20,0.07450689294487729
icicibank_ns,ALL_32,logistic_regression,3,MOMENTUM_20,0.06807853094009278
icicibank_ns,ALL_32,logistic_regression,3,VOLUME_RATIO,0.06735490317146313
icicibank_ns,ALL_32,logistic_regression,3,TRUE_RANGE,0.06372524878378451
icicibank_ns,ALL_32,logistic_regression,3,Close,0.06187091771160564
icicibank_ns,ALL_32,logistic_regression,3,RSI_14,0.05676198031083921
icicibank_ns,ALL_32,logistic_regression,3,Adj Close,0.05659733018947644
icicibank_ns,ALL_32,logistic_regression,3,ROLLING_STD_20,0.04968309040301462
icicibank_ns,ALL_32,logistic_regression,3,Volume,0.04704265907133201
icicibank_ns,ALL_32,logistic_regression,3,UPPER_WICK,0.03804026045713689
icicibank_ns,ALL_32,logistic_regression,3,VOLUME_CHANGE_PCT,0.03200748672327956
icicibank_ns,ALL_32,logistic_regression,3,ROC_12,0.029169393921797588
icicibank_ns,ALL_32,logistic_regression,3,BODY_SIZE,0.02632772194836737
icicibank_ns,ALL_32,logistic_regression,3,OBV,0.01911351646493293
icicibank_ns,ALL_32,logistic_regression,3,HIGH_LOW_PCT,0.009791950786207234
icicibank_ns,ALL_32,logistic_regression,3,DAILY_RANGE_PCT,0.009791950786207234
icicibank_ns,ALL_32,logistic_regression,3,ATR_14,0.0026429838705887172
icicibank_ns,ALL_32,logistic_regression,3,MOMENTUM_10,0.002279064399280094
icicibank_ns,ALL_32,random_forest,3,VOLUME_CHANGE_PCT,0.03904922870910724
icicibank_ns,ALL_32,random_forest,3,RSI_14,0.03903446105816042
icicibank_ns,ALL_32,random_forest,3,VOLUME_RATIO,0.03813280880565193
icicibank_ns,ALL_32,random_forest,3,GAP_PCT,0.03740658378435751
icicibank_ns,ALL_32,random_forest,3,MOMENTUM_20,0.036738706009329665
icicibank_ns,ALL_32,random_forest,3,ROC_12,0.03597134713841545
icicibank_ns,ALL_32,random_forest,3,MOMENTUM_10,0.035931676873042925
icicibank_ns,ALL_32,random_forest,3,DAILY_RETURN,0.035302570335377155
icicibank_ns,ALL_32,random_forest,3,PRICE_CHANGE_PCT,0.035020449711091216
icicibank_ns,ALL_32,random_forest,3,LOWER_WICK,0.03501744762136523
icicibank_ns,ALL_32,random_forest,3,UPPER_WICK,0.03426729014236879
icicibank_ns,ALL_32,random_forest,3,ROLLING_STD_20,0.03377143490253374
icicibank_ns,ALL_32,random_forest,3,Volume,0.03368619935115065
icicibank_ns,ALL_32,random_forest,3,OPEN_CLOSE_PCT,0.033510868786750275
icicibank_ns,ALL_32,random_forest,3,BODY_SIZE,0.03345791025308245
icicibank_ns,ALL_32,random_forest,3,VOLUME_EMA_20,0.033186317039817496
icicibank_ns,ALL_32,random_forest,3,HIST_VOL_20,0.03311296204072648
icicibank_ns,ALL_32,random_forest,3,VOLUME_SMA_20,0.03297392698435731
icicibank_ns,ALL_32,random_forest,3,ATR_14,0.032277222499218536
icicibank_ns,ALL_32,random_forest,3,TRUE_RANGE,0.03131842902387442
icicibank_ns,ALL_32,random_forest,3,HIGH_LOW_PCT,0.03033600419002136
icicibank_ns,ALL_32,random_forest,3,OBV,0.03027900026069503
icicibank_ns,ALL_32,random_forest,3,DAILY_RANGE_PCT,0.02953667684434505
icicibank_ns,ALL_32,random_forest,3,SMA_50,0.024807657239669063
icicibank_ns,ALL_32,random_forest,3,Adj Close,0.024049737698731123
icicibank_ns,ALL_32,random_forest,3,EMA_50,0.02399721740288315
icicibank_ns,ALL_32,random_forest,3,Open,0.023618712312905257
icicibank_ns,ALL_32,random_forest,3,EMA_20,0.023485802533507488
icicibank_ns,ALL_32,random_forest,3,High,0.022993350073561573
icicibank_ns,ALL_32,random_forest,3,SMA_20,0.022977004339040947
icicibank_ns,ALL_32,random_forest,3,Low,0.022795295319436998
icicibank_ns,ALL_32,random_forest,3,Close,0.021955700715424055
icicibank_ns,ALL_32,xgboost,3,EMA_20,0.03462115675210953
icicibank_ns,ALL_32,xgboost,3,High,0.03428099304437637
icicibank_ns,ALL_32,xgboost,3,EMA_50,0.03405199199914932
icicibank_ns,ALL_32,xgboost,3,SMA_20,0.03356693685054779
icicibank_ns,ALL_32,xgboost,3,UPPER_WICK,0.03323593735694885
icicibank_ns,ALL_32,xgboost,3,ROC_12,0.03315736725926399
icicibank_ns,ALL_32,xgboost,3,OBV,0.03241986781358719
icicibank_ns,ALL_32,xgboost,3,DAILY_RETURN,0.032371435314416885
icicibank_ns,ALL_32,xgboost,3,RSI_14,0.03225688636302948
icicibank_ns,ALL_32,xgboost,3,Volume,0.03205001726746559
icicibank_ns,ALL_32,xgboost,3,MOMENTUM_10,0.03191288188099861
icicibank_ns,ALL_32,xgboost,3,PRICE_CHANGE_PCT,0.0316350981593132
icicibank_ns,ALL_32,xgboost,3,VOLUME_EMA_20,0.03154097869992256
icicibank_ns,ALL_32,xgboost,3,VOLUME_SMA_20,0.031390074640512466
icicibank_ns,ALL_32,xgboost,3,LOWER_WICK,0.031172871589660645
icicibank_ns,ALL_32,xgboost,3,SMA_50,0.03113631345331669
icicibank_ns,ALL_32,xgboost,3,VOLUME_CHANGE_PCT,0.03093164786696434
icicibank_ns,ALL_32,xgboost,3,ROLLING_STD_20,0.03088897280395031
icicibank_ns,ALL_32,xgboost,3,Low,0.030873991549015045
icicibank_ns,ALL_32,xgboost,3,HIST_VOL_20,0.030645808205008507
icicibank_ns,ALL_32,xgboost,3,ATR_14,0.030595922842621803
icicibank_ns,ALL_32,xgboost,3,HIGH_LOW_PCT,0.030438769608736038
icicibank_ns,ALL_32,xgboost,3,VOLUME_RATIO,0.030435923486948013
icicibank_ns,ALL_32,xgboost,3,TRUE_RANGE,0.03043241612613201
icicibank_ns,ALL_32,xgboost,3,MOMENTUM_20,0.0303560309112072
icicibank_ns,ALL_32,xgboost,3,Open,0.030232103541493416
icicibank_ns,ALL_32,xgboost,3,BODY_SIZE,0.029453568160533905
icicibank_ns,ALL_32,xgboost,3,GAP_PCT,0.029298478737473488
icicibank_ns,ALL_32,xgboost,3,Adj Close,0.028813781216740608
icicibank_ns,ALL_32,xgboost,3,OPEN_CLOSE_PCT,0.02870894782245159
icicibank_ns,ALL_32,xgboost,3,Close,0.028671206906437874
icicibank_ns,ALL_32,xgboost,3,DAILY_RANGE_PCT,0.028421664610505104
icicibank_ns,SHORTLIST_16,logistic_regression,1,OPEN_CLOSE_PCT,0.3567371582114571
icicibank_ns,SHORTLIST_16,logistic_regression,1,GAP_PCT,0.22360917471114447
icicibank_ns,SHORTLIST_16,logistic_regression,1,PRICE_CHANGE_PCT,0.19738558991813385
icicibank_ns,SHORTLIST_16,logistic_regression,1,DAILY_RETURN,0.19738558991812885
icicibank_ns,SHORTLIST_16,logistic_regression,1,VOLUME_CHANGE_PCT,0.17970085480259898
icicibank_ns,SHORTLIST_16,logistic_regression,1,ATR_14,0.11785195700564005
icicibank_ns,SHORTLIST_16,logistic_regression,1,ROC_12,0.10420026713941835
icicibank_ns,SHORTLIST_16,logistic_regression,1,LOWER_WICK,0.08006130619145439
icicibank_ns,SHORTLIST_16,logistic_regression,1,BODY_SIZE,0.07717099523128373
icicibank_ns,SHORTLIST_16,logistic_regression,1,HIST_VOL_20,0.06501813223555164
icicibank_ns,SHORTLIST_16,logistic_regression,1,RSI_14,0.061653021410279084
icicibank_ns,SHORTLIST_16,logistic_regression,1,VOLUME_RATIO,0.02551711173909901
icicibank_ns,SHORTLIST_16,logistic_regression,1,UPPER_WICK,0.015878273815202845
icicibank_ns,SHORTLIST_16,logistic_regression,1,HIGH_LOW_PCT,0.007077858873850046
icicibank_ns,SHORTLIST_16,logistic_regression,1,DAILY_RANGE_PCT,0.007077858873850046
icicibank_ns,SHORTLIST_16,logistic_regression,1,ROLLING_STD_20,0.0012827502866673062
icicibank_ns,SHORTLIST_16,random_forest,1,ROC_12,0.07250206558083123
icicibank_ns,SHORTLIST_16,random_forest,1,VOLUME_CHANGE_PCT,0.07172801955391848
icicibank_ns,SHORTLIST_16,random_forest,1,RSI_14,0.07134915671701675
icicibank_ns,SHORTLIST_16,random_forest,1,VOLUME_RATIO,0.06821190690297824
icicibank_ns,SHORTLIST_16,random_forest,1,HIST_VOL_20,0.0655793288627335
icicibank_ns,SHORTLIST_16,random_forest,1,BODY_SIZE,0.06478189562557066
icicibank_ns,SHORTLIST_16,random_forest,1,ROLLING_STD_20,0.06266247273737653
icicibank_ns,SHORTLIST_16,random_forest,1,ATR_14,0.06255596108463037
icicibank_ns,SHORTLIST_16,random_forest,1,OPEN_CLOSE_PCT,0.060765885999152155
icicibank_ns,SHORTLIST_16,random_forest,1,UPPER_WICK,0.06040946443789735
icicibank_ns,SHORTLIST_16,random_forest,1,GAP_PCT,0.05984035291148148
icicibank_ns,SHORTLIST_16,random_forest,1,LOWER_WICK,0.05860070945373094
icicibank_ns,SHORTLIST_16,random_forest,1,DAILY_RETURN,0.05708439900118181
icicibank_ns,SHORTLIST_16,random_forest,1,PRICE_CHANGE_PCT,0.055589506680323836
icicibank_ns,SHORTLIST_16,random_forest,1,HIGH_LOW_PCT,0.05483170411331931
icicibank_ns,SHORTLIST_16,random_forest,1,DAILY_RANGE_PCT,0.05350717033785731
icicibank_ns,SHORTLIST_16,xgboost,1,BODY_SIZE,0.06833025813102722
icicibank_ns,SHORTLIST_16,xgboost,1,UPPER_WICK,0.06685096025466919
icicibank_ns,SHORTLIST_16,xgboost,1,VOLUME_RATIO,0.06597196310758591
icicibank_ns,SHORTLIST_16,xgboost,1,HIGH_LOW_PCT,0.06539469957351685
icicibank_ns,SHORTLIST_16,xgboost,1,VOLUME_CHANGE_PCT,0.06404588371515274
icicibank_ns,SHORTLIST_16,xgboost,1,OPEN_CLOSE_PCT,0.06404101848602295
icicibank_ns,SHORTLIST_16,xgboost,1,PRICE_CHANGE_PCT,0.06375838816165924
icicibank_ns,SHORTLIST_16,xgboost,1,ATR_14,0.06342659145593643
icicibank_ns,SHORTLIST_16,xgboost,1,DAILY_RANGE_PCT,0.06332845985889435
icicibank_ns,SHORTLIST_16,xgboost,1,LOWER_WICK,0.06311191618442535
icicibank_ns,SHORTLIST_16,xgboost,1,ROC_12,0.06303466111421585
icicibank_ns,SHORTLIST_16,xgboost,1,RSI_14,0.06123962625861168
icicibank_ns,SHORTLIST_16,xgboost,1,HIST_VOL_20,0.05929029360413551
icicibank_ns,SHORTLIST_16,xgboost,1,ROLLING_STD_20,0.05675574764609337
icicibank_ns,SHORTLIST_16,xgboost,1,DAILY_RETURN,0.0558658167719841
icicibank_ns,SHORTLIST_16,xgboost,1,GAP_PCT,0.05555373430252075
icicibank_ns,SHORTLIST_16,logistic_regression,2,OPEN_CLOSE_PCT,0.6828323980861005
icicibank_ns,SHORTLIST_16,logistic_regression,2,GAP_PCT,0.4227367496620996
icicibank_ns,SHORTLIST_16,logistic_regression,2,DAILY_RETURN,0.4070002194124718
icicibank_ns,SHORTLIST_16,logistic_regression,2,PRICE_CHANGE_PCT,0.40700021941244247
icicibank_ns,SHORTLIST_16,logistic_regression,2,BODY_SIZE,0.11659707195882357
icicibank_ns,SHORTLIST_16,logistic_regression,2,LOWER_WICK,0.1136061180837503
icicibank_ns,SHORTLIST_16,logistic_regression,2,RSI_14,0.10328582078284612
icicibank_ns,SHORTLIST_16,logistic_regression,2,VOLUME_CHANGE_PCT,0.05157145545377478
icicibank_ns,SHORTLIST_16,logistic_regression,2,ROLLING_STD_20,0.051065270841008405
icicibank_ns,SHORTLIST_16,logistic_regression,2,DAILY_RANGE_PCT,0.0365740035406531
icicibank_ns,SHORTLIST_16,logistic_regression,2,HIGH_LOW_PCT,0.0365740035406531
icicibank_ns,SHORTLIST_16,logistic_regression,2,VOLUME_RATIO,0.027726796289493268
icicibank_ns,SHORTLIST_16,logistic_regression,2,ATR_14,0.01701854094082818
icicibank_ns,SHORTLIST_16,logistic_regression,2,ROC_12,0.010051621970265935
icicibank_ns,SHORTLIST_16,logistic_regression,2,HIST_VOL_20,0.005677783344613811
icicibank_ns,SHORTLIST_16,logistic_regression,2,UPPER_WICK,0.0037087956034167874
icicibank_ns,SHORTLIST_16,random_forest,2,VOLUME_CHANGE_PCT,0.07082549085079608
icicibank_ns,SHORTLIST_16,random_forest,2,VOLUME_RATIO,0.0700467631740745
icicibank_ns,SHORTLIST_16,random_forest,2,ROC_12,0.06916384203451566
icicibank_ns,SHORTLIST_16,random_forest,2,RSI_14,0.06843004868446552
icicibank_ns,SHORTLIST_16,random_forest,2,HIST_VOL_20,0.06608944583498717
icicibank_ns,SHORTLIST_16,random_forest,2,GAP_PCT,0.06498578893775536
icicibank_ns,SHORTLIST_16,random_forest,2,ATR_14,0.06410792876393998
icicibank_ns,SHORTLIST_16,random_forest,2,ROLLING_STD_20,0.06391612176676972
icicibank_ns,SHORTLIST_16,random_forest,2,BODY_SIZE,0.06270864110889869
icicibank_ns,SHORTLIST_16,random_forest,2,LOWER_WICK,0.06009841213070779
icicibank_ns,SHORTLIST_16,random_forest,2,UPPER_WICK,0.05984139986327532
icicibank_ns,SHORTLIST_16,random_forest,2,OPEN_CLOSE_PCT,0.05805516996393806
icicibank_ns,SHORTLIST_16,random_forest,2,DAILY_RETURN,0.05691162012385765
icicibank_ns,SHORTLIST_16,random_forest,2,PRICE_CHANGE_PCT,0.05648182491843005
icicibank_ns,SHORTLIST_16,random_forest,2,DAILY_RANGE_PCT,0.054462508733631954
icicibank_ns,SHORTLIST_16,random_forest,2,HIGH_LOW_PCT,0.053874993109956554
icicibank_ns,SHORTLIST_16,xgboost,2,ROC_12,0.06683263182640076
icicibank_ns,SHORTLIST_16,xgboost,2,PRICE_CHANGE_PCT,0.0663842111825943
icicibank_ns,SHORTLIST_16,xgboost,2,VOLUME_RATIO,0.06614566594362259
icicibank_ns,SHORTLIST_16,xgboost,2,BODY_SIZE,0.06564097106456757
icicibank_ns,SHORTLIST_16,xgboost,2,VOLUME_CHANGE_PCT,0.06492064893245697
icicibank_ns,SHORTLIST_16,xgboost,2,GAP_PCT,0.06357913464307785
icicibank_ns,SHORTLIST_16,xgboost,2,UPPER_WICK,0.06340796500444412
icicibank_ns,SHORTLIST_16,xgboost,2,HIGH_LOW_PCT,0.06316232681274414
icicibank_ns,SHORTLIST_16,xgboost,2,DAILY_RETURN,0.06313443183898926
icicibank_ns,SHORTLIST_16,xgboost,2,RSI_14,0.0625464916229248
icicibank_ns,SHORTLIST_16,xgboost,2,DAILY_RANGE_PCT,0.06172516196966171
icicibank_ns,SHORTLIST_16,xgboost,2,OPEN_CLOSE_PCT,0.059766266494989395
icicibank_ns,SHORTLIST_16,xgboost,2,HIST_VOL_20,0.05907446891069412
icicibank_ns,SHORTLIST_16,xgboost,2,ATR_14,0.0587678998708725
icicibank_ns,SHORTLIST_16,xgboost,2,ROLLING_STD_20,0.058635786175727844
icicibank_ns,SHORTLIST_16,xgboost,2,LOWER_WICK,0.056275900453329086
icicibank_ns,SHORTLIST_16,logistic_regression,3,OPEN_CLOSE_PCT,0.7256548763702667
icicibank_ns,SHORTLIST_16,logistic_regression,3,GAP_PCT,0.45086194152650605
icicibank_ns,SHORTLIST_16,logistic_regression,3,DAILY_RETURN,0.43644166563643744
icicibank_ns,SHORTLIST_16,logistic_regression,3,PRICE_CHANGE_PCT,0.4364416656364292
icicibank_ns,SHORTLIST_16,logistic_regression,3,LOWER_WICK,0.12329133655085629
icicibank_ns,SHORTLIST_16,logistic_regression,3,RSI_14,0.07542899509832598
icicibank_ns,SHORTLIST_16,logistic_regression,3,ROLLING_STD_20,0.054887994282506965
icicibank_ns,SHORTLIST_16,logistic_regression,3,VOLUME_RATIO,0.03545066179712887
icicibank_ns,SHORTLIST_16,logistic_regression,3,VOLUME_CHANGE_PCT,0.034015322673372504
icicibank_ns,SHORTLIST_16,logistic_regression,3,ATR_14,0.03397597073075804
icicibank_ns,SHORTLIST_16,logistic_regression,3,BODY_SIZE,0.029947837137142275
icicibank_ns,SHORTLIST_16,logistic_regression,3,ROC_12,0.02966302870439911
icicibank_ns,SHORTLIST_16,logistic_regression,3,DAILY_RANGE_PCT,0.02016243313578691
icicibank_ns,SHORTLIST_16,logistic_regression,3,HIGH_LOW_PCT,0.02016243313578691
icicibank_ns,SHORTLIST_16,logistic_regression,3,HIST_VOL_20,0.006754143433336824
icicibank_ns,SHORTLIST_16,logistic_regression,3,UPPER_WICK,0.005936643219796244
icicibank_ns,SHORTLIST_16,random_forest,3,VOLUME_CHANGE_PCT,0.06858648800263635
icicibank_ns,SHORTLIST_16,random_forest,3,RSI_14,0.06783503366213191
icicibank_ns,SHORTLIST_16,random_forest,3,ROC_12,0.06774911601248075
icicibank_ns,SHORTLIST_16,random_forest,3,VOLUME_RATIO,0.06712975316145911
icicibank_ns,SHORTLIST_16,random_forest,3,HIST_VOL_20,0.06660307722436781
icicibank_ns,SHORTLIST_16,random_forest,3,ATR_14,0.06576183365944044
icicibank_ns,SHORTLIST_16,random_forest,3,ROLLING_STD_20,0.06510222333646828
icicibank_ns,SHORTLIST_16,random_forest,3,GAP_PCT,0.06414266905215697
icicibank_ns,SHORTLIST_16,random_forest,3,LOWER_WICK,0.06280861301492782
icicibank_ns,SHORTLIST_16,random_forest,3,UPPER_WICK,0.06014225760347081
icicibank_ns,SHORTLIST_16,random_forest,3,OPEN_CLOSE_PCT,0.05936204789201395
icicibank_ns,SHORTLIST_16,random_forest,3,BODY_SIZE,0.05921877421451502
icicibank_ns,SHORTLIST_16,random_forest,3,PRICE_CHANGE_PCT,0.058098220625514625
icicibank_ns,SHORTLIST_16,random_forest,3,DAILY_RETURN,0.05751996831280462
icicibank_ns,SHORTLIST_16,random_forest,3,DAILY_RANGE_PCT,0.05542916652816109
icicibank_ns,SHORTLIST_16,random_forest,3,HIGH_LOW_PCT,0.05451075769745036
icicibank_ns,SHORTLIST_16,xgboost,3,BODY_SIZE,0.06763114780187607
icicibank_ns,SHORTLIST_16,xgboost,3,RSI_14,0.06658290326595306
icicibank_ns,SHORTLIST_16,xgboost,3,ATR_14,0.06633885949850082
icicibank_ns,SHORTLIST_16,xgboost,3,ROC_12,0.06557007879018784
icicibank_ns,SHORTLIST_16,xgboost,3,VOLUME_RATIO,0.06556472182273865
icicibank_ns,SHORTLIST_16,xgboost,3,PRICE_CHANGE_PCT,0.0645490512251854
icicibank_ns,SHORTLIST_16,xgboost,3,OPEN_CLOSE_PCT,0.06286685913801193
icicibank_ns,SHORTLIST_16,xgboost,3,LOWER_WICK,0.0626954436302185
icicibank_ns,SHORTLIST_16,xgboost,3,GAP_PCT,0.061106059700250626
icicibank_ns,SHORTLIST_16,xgboost,3,HIGH_LOW_PCT,0.0609554797410965
icicibank_ns,SHORTLIST_16,xgboost,3,DAILY_RANGE_PCT,0.06063719466328621
icicibank_ns,SHORTLIST_16,xgboost,3,UPPER_WICK,0.06044474616646767
icicibank_ns,SHORTLIST_16,xgboost,3,ROLLING_STD_20,0.05911502242088318
icicibank_ns,SHORTLIST_16,xgboost,3,HIST_VOL_20,0.05892264097929001
icicibank_ns,SHORTLIST_16,xgboost,3,VOLUME_CHANGE_PCT,0.05890008434653282
icicibank_ns,SHORTLIST_16,xgboost,3,DAILY_RETURN,0.05811956897377968
icicibank_ns,NO_PRICE_LEVELS_27,logistic_regression,1,OPEN_CLOSE_PCT,0.36659135085885897
icicibank_ns,NO_PRICE_LEVELS_27,logistic_regression,1,EMA_20,0.29709074144650743
icicibank_ns,NO_PRICE_LEVELS_27,logistic_regression,1,EMA_50,0.27915084170573223
icicibank_ns,NO_PRICE_LEVELS_27,logistic_regression,1,OBV,0.25448604294106597
icicibank_ns,NO_PRICE_LEVELS_27,logistic_regression,1,BODY_SIZE,0.2494168983690476
icicibank_ns,NO_PRICE_LEVELS_27,logistic_regression,1,GAP_PCT,0.237110843364917
icicibank_ns,NO_PRICE_LEVELS_27,logistic_regression,1,ATR_14,0.21096120188556947
icicibank_ns,NO_PRICE_LEVELS_27,logistic_regression,1,DAILY_RETURN,0.20890560390109708
icicibank_ns,NO_PRICE_LEVELS_27,logistic_regression,1,PRICE_CHANGE_PCT,0.20890560390108787
icicibank_ns,NO_PRICE_LEVELS_27,logistic_regression,1,SMA_20,0.20093978462714132
icicibank_ns,NO_PRICE_LEVELS_27,logistic_regression,1,LOWER_WICK,0.19899935951457762
icicibank_ns,NO_PRICE_LEVELS_27,logistic_regression,1,VOLUME_CHANGE_PCT,0.1512185348006496
icicibank_ns,NO_PRICE_LEVELS_27,logistic_regression,1,MOMENTUM_20,0.1331018304625876
icicibank_ns,NO_PRICE_LEVELS_27,logistic_regression,1,TRUE_RANGE,0.10269889269051308
icicibank_ns,NO_PRICE_LEVELS_27,logistic_regression,1,VOLUME_EMA_20,0.08670635912006286
icicibank_ns,NO_PRICE_LEVELS_27,logistic_regression,1,UPPER_WICK,0.07388117873944446
icicibank_ns,NO_PRICE_LEVELS_27,logistic_regression,1,DAILY_RANGE_PCT,0.0636180833555754
icicibank_ns,NO_PRICE_LEVELS_27,logistic_regression,1,HIGH_LOW_PCT,0.0636180833555754
icicibank_ns,NO_PRICE_LEVELS_27,logistic_regression,1,RSI_14,0.04986660078269949
icicibank_ns,NO_PRICE_LEVELS_27,logistic_regression,1,ROC_12,0.045542684924236444
icicibank_ns,NO_PRICE_LEVELS_27,logistic_regression,1,HIST_VOL_20,0.038996821284563235
icicibank_ns,NO_PRICE_LEVELS_27,logistic_regression,1,MOMENTUM_10,0.03691299126999108
icicibank_ns,NO_PRICE_LEVELS_27,logistic_regression,1,SMA_50,0.023950078150884305
icicibank_ns,NO_PRICE_LEVELS_27,logistic_regression,1,Volume,0.013837392054686481
icicibank_ns,NO_PRICE_LEVELS_27,logistic_regression,1,VOLUME_SMA_20,0.012042072371824409
icicibank_ns,NO_PRICE_LEVELS_27,logistic_regression,1,ROLLING_STD_20,0.007937680702886606
icicibank_ns,NO_PRICE_LEVELS_27,logistic_regression,1,VOLUME_RATIO,0.00046244098168710395
icicibank_ns,NO_PRICE_LEVELS_27,random_forest,1,MOMENTUM_10,0.04574358754445978
icicibank_ns,NO_PRICE_LEVELS_27,random_forest,1,VOLUME_CHANGE_PCT,0.04531801913874964
icicibank_ns,NO_PRICE_LEVELS_27,random_forest,1,RSI_14,0.04390187249275472
icicibank_ns,NO_PRICE_LEVELS_27,random_forest,1,MOMENTUM_20,0.04349742697121018
icicibank_ns,NO_PRICE_LEVELS_27,random_forest,1,ROC_12,0.04161729028365615
icicibank_ns,NO_PRICE_LEVELS_27,random_forest,1,GAP_PCT,0.041167566384749936
icicibank_ns,NO_PRICE_LEVELS_27,random_forest,1,LOWER_WICK,0.040251519943644905
icicibank_ns,NO_PRICE_LEVELS_27,random_forest,1,UPPER_WICK,0.039843056576945264
icicibank_ns,NO_PRICE_LEVELS_27,random_forest,1,VOLUME_RATIO,0.039571005325714746
icicibank_ns,NO_PRICE_LEVELS_27,random_forest,1,HIST_VOL_20,0.039334207982502756
icicibank_ns,NO_PRICE_LEVELS_27,random_forest,1,VOLUME_SMA_20,0.03851205933781302
icicibank_ns,NO_PRICE_LEVELS_27,random_forest,1,VOLUME_EMA_20,0.03847842036982704
icicibank_ns,NO_PRICE_LEVELS_27,random_forest,1,Volume,0.03743295053457874
icicibank_ns,NO_PRICE_LEVELS_27,random_forest,1,BODY_SIZE,0.03741366616355126
icicibank_ns,NO_PRICE_LEVELS_27,random_forest,1,OPEN_CLOSE_PCT,0.03647897759164883
icicibank_ns,NO_PRICE_LEVELS_27,random_forest,1,PRICE_CHANGE_PCT,0.03614073707656829
icicibank_ns,NO_PRICE_LEVELS_27,random_forest,1,TRUE_RANGE,0.03587723919056635
icicibank_ns,NO_PRICE_LEVELS_27,random_forest,1,DAILY_RETURN,0.03567436980713252
icicibank_ns,NO_PRICE_LEVELS_27,random_forest,1,ROLLING_STD_20,0.03499189433172941
icicibank_ns,NO_PRICE_LEVELS_27,random_forest,1,OBV,0.03490871504050179
icicibank_ns,NO_PRICE_LEVELS_27,random_forest,1,HIGH_LOW_PCT,0.03288062354087664
icicibank_ns,NO_PRICE_LEVELS_27,random_forest,1,ATR_14,0.03281558726511445
icicibank_ns,NO_PRICE_LEVELS_27,random_forest,1,DAILY_RANGE_PCT,0.031714783555470326
icicibank_ns,NO_PRICE_LEVELS_27,random_forest,1,EMA_20,0.02983612226572139
icicibank_ns,NO_PRICE_LEVELS_27,random_forest,1,EMA_50,0.02896262511758281
icicibank_ns,NO_PRICE_LEVELS_27,random_forest,1,SMA_20,0.028919958572447498
icicibank_ns,NO_PRICE_LEVELS_27,random_forest,1,SMA_50,0.02871571759448142
icicibank_ns,NO_PRICE_LEVELS_27,xgboost,1,PRICE_CHANGE_PCT,0.04219570383429527
icicibank_ns,NO_PRICE_LEVELS_27,xgboost,1,MOMENTUM_10,0.04095465689897537
icicibank_ns,NO_PRICE_LEVELS_27,xgboost,1,VOLUME_EMA_20,0.04007522761821747
icicibank_ns,NO_PRICE_LEVELS_27,xgboost,1,VOLUME_CHANGE_PCT,0.04000377655029297
icicibank_ns,NO_PRICE_LEVELS_27,xgboost,1,OPEN_CLOSE_PCT,0.038942430168390274
icicibank_ns,NO_PRICE_LEVELS_27,xgboost,1,TRUE_RANGE,0.03885333985090256
icicibank_ns,NO_PRICE_LEVELS_27,xgboost,1,EMA_50,0.03850932791829109
icicibank_ns,NO_PRICE_LEVELS_27,xgboost,1,RSI_14,0.038385193794965744
icicibank_ns,NO_PRICE_LEVELS_27,xgboost,1,LOWER_WICK,0.03829085826873779
icicibank_ns,NO_PRICE_LEVELS_27,xgboost,1,DAILY_RANGE_PCT,0.03791004419326782
icicibank_ns,NO_PRICE_LEVELS_27,xgboost,1,MOMENTUM_20,0.037649158388376236
icicibank_ns,NO_PRICE_LEVELS_27,xgboost,1,ATR_14,0.03756694495677948
icicibank_ns,NO_PRICE_LEVELS_27,xgboost,1,EMA_20,0.03751898556947708
icicibank_ns,NO_PRICE_LEVELS_27,xgboost,1,VOLUME_RATIO,0.03719082474708557
icicibank_ns,NO_PRICE_LEVELS_27,xgboost,1,UPPER_WICK,0.03713439032435417
icicibank_ns,NO_PRICE_LEVELS_27,xgboost,1,SMA_20,0.03709825500845909
icicibank_ns,NO_PRICE_LEVELS_27,xgboost,1,VOLUME_SMA_20,0.03687990829348564
icicibank_ns,NO_PRICE_LEVELS_27,xgboost,1,Volume,0.03620188310742378
icicibank_ns,NO_PRICE_LEVELS_27,xgboost,1,ROC_12,0.03610542416572571
icicibank_ns,NO_PRICE_LEVELS_27,xgboost,1,DAILY_RETURN,0.03593950346112251
icicibank_ns,NO_PRICE_LEVELS_27,xgboost,1,OBV,0.0350065715610981
icicibank_ns,NO_PRICE_LEVELS_27,xgboost,1,ROLLING_STD_20,0.03427852317690849
icicibank_ns,NO_PRICE_LEVELS_27,xgboost,1,GAP_PCT,0.03427760303020477
icicibank_ns,NO_PRICE_LEVELS_27,xgboost,1,SMA_50,0.034045182168483734
icicibank_ns,NO_PRICE_LEVELS_27,xgboost,1,BODY_SIZE,0.03368052467703819
icicibank_ns,NO_PRICE_LEVELS_27,xgboost,1,HIGH_LOW_PCT,0.03293183073401451
icicibank_ns,NO_PRICE_LEVELS_27,xgboost,1,HIST_VOL_20,0.032373953610658646
icicibank_ns,NO_PRICE_LEVELS_27,logistic_regression,2,OPEN_CLOSE_PCT,0.7193179828752891
icicibank_ns,NO_PRICE_LEVELS_27,logistic_regression,2,GAP_PCT,0.4464796250616199
icicibank_ns,NO_PRICE_LEVELS_27,logistic_regression,2,DAILY_RETURN,0.430699639751342
icicibank_ns,NO_PRICE_LEVELS_27,logistic_regression,2,PRICE_CHANGE_PCT,0.43069963975130626
icicibank_ns,NO_PRICE_LEVELS_27,logistic_regression,2,EMA_20,0.29461574555387793
icicibank_ns,NO_PRICE_LEVELS_27,logistic_regression,2,SMA_20,0.27830165580961064
icicibank_ns,NO_PRICE_LEVELS_27,logistic_regression,2,VOLUME_SMA_20,0.2412323855951837
icicibank_ns,NO_PRICE_LEVELS_27,logistic_regression,2,VOLUME_EMA_20,0.12765941164288575
icicibank_ns,NO_PRICE_LEVELS_27,logistic_regression,2,SMA_50,0.10209346150702345
icicibank_ns,NO_PRICE_LEVELS_27,logistic_regression,2,RSI_14,0.09497566825192431
icicibank_ns,NO_PRICE_LEVELS_27,logistic_regression,2,TRUE_RANGE,0.09202482660332623
icicibank_ns,NO_PRICE_LEVELS_27,logistic_regression,2,LOWER_WICK,0.08063395754702948
icicibank_ns,NO_PRICE_LEVELS_27,logistic_regression,2,HIST_VOL_20,0.07398393581039782
icicibank_ns,NO_PRICE_LEVELS_27,logistic_regression,2,BODY_SIZE,0.05694857613073643
icicibank_ns,NO_PRICE_LEVELS_27,logistic_regression,2,ATR_14,0.052204513522659236
icicibank_ns,NO_PRICE_LEVELS_27,logistic_regression,2,VOLUME_CHANGE_PCT,0.05144607832231975
icicibank_ns,NO_PRICE_LEVELS_27,logistic_regression,2,Volume,0.05139027811667133
icicibank_ns,NO_PRICE_LEVELS_27,logistic_regression,2,VOLUME_RATIO,0.0492570858856916
icicibank_ns,NO_PRICE_LEVELS_27,logistic_regression,2,ROLLING_STD_20,0.04355780088102012
icicibank_ns,NO_PRICE_LEVELS_27,logistic_regression,2,DAILY_RANGE_PCT,0.03894184251645275
icicibank_ns,NO_PRICE_LEVELS_27,logistic_regression,2,HIGH_LOW_PCT,0.03894184251645275
icicibank_ns,NO_PRICE_LEVELS_27,logistic_regression,2,OBV,0.035211138168645024
icicibank_ns,NO_PRICE_LEVELS_27,logistic_regression,2,MOMENTUM_10,0.03037187781819406
icicibank_ns,NO_PRICE_LEVELS_27,logistic_regression,2,UPPER_WICK,0.022907357093026125
icicibank_ns,NO_PRICE_LEVELS_27,logistic_regression,2,EMA_50,0.017222657258356974
icicibank_ns,NO_PRICE_LEVELS_27,logistic_regression,2,MOMENTUM_20,0.012582624319061651
icicibank_ns,NO_PRICE_LEVELS_27,logistic_regression,2,ROC_12,0.0070659044326034
icicibank_ns,NO_PRICE_LEVELS_27,random_forest,2,VOLUME_CHANGE_PCT,0.04446639061614272
icicibank_ns,NO_PRICE_LEVELS_27,random_forest,2,RSI_14,0.04254625537935545
icicibank_ns,NO_PRICE_LEVELS_27,random_forest,2,MOMENTUM_20,0.04230122343924805
icicibank_ns,NO_PRICE_LEVELS_27,random_forest,2,ROC_12,0.04216392961359805
icicibank_ns,NO_PRICE_LEVELS_27,random_forest,2,VOLUME_RATIO,0.042019244378977846
icicibank_ns,NO_PRICE_LEVELS_27,random_forest,2,MOMENTUM_10,0.0418136814423909
icicibank_ns,NO_PRICE_LEVELS_27,random_forest,2,GAP_PCT,0.04170458055269948
icicibank_ns,NO_PRICE_LEVELS_27,random_forest,2,HIST_VOL_20,0.04011685390892466
icicibank_ns,NO_PRICE_LEVELS_27,random_forest,2,UPPER_WICK,0.038466486783585205
icicibank_ns,NO_PRICE_LEVELS_27,random_forest,2,OPEN_CLOSE_PCT,0.037403176741558984
icicibank_ns,NO_PRICE_LEVELS_27,random_forest,2,VOLUME_EMA_20,0.03738262711604313
icicibank_ns,NO_PRICE_LEVELS_27,random_forest,2,BODY_SIZE,0.037157854280731956
icicibank_ns,NO_PRICE_LEVELS_27,random_forest,2,PRICE_CHANGE_PCT,0.03701864655035571
icicibank_ns,NO_PRICE_LEVELS_27,random_forest,2,DAILY_RETURN,0.036814283823430605
icicibank_ns,NO_PRICE_LEVELS_27,random_forest,2,LOWER_WICK,0.036145133025382505
icicibank_ns,NO_PRICE_LEVELS_27,random_forest,2,ROLLING_STD_20,0.036140084793567444
icicibank_ns,NO_PRICE_LEVELS_27,random_forest,2,ATR_14,0.0359891610392157
icicibank_ns,NO_PRICE_LEVELS_27,random_forest,2,Volume,0.03579790805600502
icicibank_ns,NO_PRICE_LEVELS_27,random_forest,2,VOLUME_SMA_20,0.03555637548528577
icicibank_ns,NO_PRICE_LEVELS_27,random_forest,2,TRUE_RANGE,0.034564976358476135
icicibank_ns,NO_PRICE_LEVELS_27,random_forest,2,OBV,0.03422255753679041
icicibank_ns,NO_PRICE_LEVELS_27,random_forest,2,HIGH_LOW_PCT,0.03363641890752919
icicibank_ns,NO_PRICE_LEVELS_27,random_forest,2,DAILY_RANGE_PCT,0.03335718346120809
icicibank_ns,NO_PRICE_LEVELS_27,random_forest,2,SMA_20,0.032078591558197804
icicibank_ns,NO_PRICE_LEVELS_27,random_forest,2,EMA_20,0.03069879034762983
icicibank_ns,NO_PRICE_LEVELS_27,random_forest,2,SMA_50,0.030505411694555125
icicibank_ns,NO_PRICE_LEVELS_27,random_forest,2,EMA_50,0.0299321731091142
icicibank_ns,NO_PRICE_LEVELS_27,xgboost,2,EMA_50,0.044286780059337616
icicibank_ns,NO_PRICE_LEVELS_27,xgboost,2,VOLUME_SMA_20,0.04201701283454895
icicibank_ns,NO_PRICE_LEVELS_27,xgboost,2,EMA_20,0.041735630482435226
icicibank_ns,NO_PRICE_LEVELS_27,xgboost,2,SMA_50,0.040731094777584076
icicibank_ns,NO_PRICE_LEVELS_27,xgboost,2,VOLUME_EMA_20,0.03990796580910683
icicibank_ns,NO_PRICE_LEVELS_27,xgboost,2,TRUE_RANGE,0.03961339220404625
icicibank_ns,NO_PRICE_LEVELS_27,xgboost,2,Volume,0.038755305111408234
icicibank_ns,NO_PRICE_LEVELS_27,xgboost,2,VOLUME_CHANGE_PCT,0.03860677033662796
icicibank_ns,NO_PRICE_LEVELS_27,xgboost,2,GAP_PCT,0.038312025368213654
icicibank_ns,NO_PRICE_LEVELS_27,xgboost,2,SMA_20,0.0381590873003006
icicibank_ns,NO_PRICE_LEVELS_27,xgboost,2,VOLUME_RATIO,0.038015272468328476
icicibank_ns,NO_PRICE_LEVELS_27,xgboost,2,UPPER_WICK,0.037388984113931656
icicibank_ns,NO_PRICE_LEVELS_27,xgboost,2,RSI_14,0.03728443756699562
icicibank_ns,NO_PRICE_LEVELS_27,xgboost,2,MOMENTUM_20,0.03650810942053795
icicibank_ns,NO_PRICE_LEVELS_27,xgboost,2,ATR_14,0.03624419495463371
icicibank_ns,NO_PRICE_LEVELS_27,xgboost,2,ROC_12,0.03619679436087608
icicibank_ns,NO_PRICE_LEVELS_27,xgboost,2,ROLLING_STD_20,0.0353374183177948
icicibank_ns,NO_PRICE_LEVELS_27,xgboost,2,LOWER_WICK,0.03519047051668167
icicibank_ns,NO_PRICE_LEVELS_27,xgboost,2,DAILY_RETURN,0.03497236967086792
icicibank_ns,NO_PRICE_LEVELS_27,xgboost,2,BODY_SIZE,0.03485899791121483
icicibank_ns,NO_PRICE_LEVELS_27,xgboost,2,HIST_VOL_20,0.03476161137223244
icicibank_ns,NO_PRICE_LEVELS_27,xgboost,2,HIGH_LOW_PCT,0.034711819142103195
icicibank_ns,NO_PRICE_LEVELS_27,xgboost,2,DAILY_RANGE_PCT,0.034567903727293015
icicibank_ns,NO_PRICE_LEVELS_27,xgboost,2,MOMENTUM_10,0.034089621156454086
icicibank_ns,NO_PRICE_LEVELS_27,xgboost,2,OBV,0.03353776037693024
icicibank_ns,NO_PRICE_LEVELS_27,xgboost,2,OPEN_CLOSE_PCT,0.03250129148364067
icicibank_ns,NO_PRICE_LEVELS_27,xgboost,2,PRICE_CHANGE_PCT,0.03170786798000336
icicibank_ns,NO_PRICE_LEVELS_27,logistic_regression,3,OPEN_CLOSE_PCT,0.7743596782414828
icicibank_ns,NO_PRICE_LEVELS_27,logistic_regression,3,GAP_PCT,0.48059615247213383
icicibank_ns,NO_PRICE_LEVELS_27,logistic_regression,3,DAILY_RETURN,0.4641581992059629
icicibank_ns,NO_PRICE_LEVELS_27,logistic_regression,3,PRICE_CHANGE_PCT,0.4641581992059477
icicibank_ns,NO_PRICE_LEVELS_27,logistic_regression,3,VOLUME_SMA_20,0.3631214786146031
icicibank_ns,NO_PRICE_LEVELS_27,logistic_regression,3,SMA_50,0.3245303407836687
icicibank_ns,NO_PRICE_LEVELS_27,logistic_regression,3,SMA_20,0.3080575514052722
icicibank_ns,NO_PRICE_LEVELS_27,logistic_regression,3,VOLUME_EMA_20,0.2559117431989729
icicibank_ns,NO_PRICE_LEVELS_27,logistic_regression,3,EMA_50,0.1942469423982137
icicibank_ns,NO_PRICE_LEVELS_27,logistic_regression,3,EMA_20,0.0894134723430024
icicibank_ns,NO_PRICE_LEVELS_27,logistic_regression,3,LOWER_WICK,0.08671652276475726
icicibank_ns,NO_PRICE_LEVELS_27,logistic_regression,3,HIST_VOL_20,0.07738502225474225
icicibank_ns,NO_PRICE_LEVELS_27,logistic_regression,3,TRUE_RANGE,0.0758700469242783
icicibank_ns,NO_PRICE_LEVELS_27,logistic_regression,3,RSI_14,0.06904335649045164
icicibank_ns,NO_PRICE_LEVELS_27,logistic_regression,3,VOLUME_RATIO,0.06705820784596166
icicibank_ns,NO_PRICE_LEVELS_27,logistic_regression,3,ROLLING_STD_20,0.05341752694257396
icicibank_ns,NO_PRICE_LEVELS_27,logistic_regression,3,MOMENTUM_10,0.04210995047987051
icicibank_ns,NO_PRICE_LEVELS_27,logistic_regression,3,Volume,0.03933386120242725
icicibank_ns,NO_PRICE_LEVELS_27,logistic_regression,3,UPPER_WICK,0.03920042506939354
icicibank_ns,NO_PRICE_LEVELS_27,logistic_regression,3,ROC_12,0.03629308586354854
icicibank_ns,NO_PRICE_LEVELS_27,logistic_regression,3,BODY_SIZE,0.03503471433638927
icicibank_ns,NO_PRICE_LEVELS_27,logistic_regression,3,VOLUME_CHANGE_PCT,0.03347875970361326
icicibank_ns,NO_PRICE_LEVELS_27,logistic_regression,3,MOMENTUM_20,0.032988565491491637
icicibank_ns,NO_PRICE_LEVELS_27,logistic_regression,3,OBV,0.015739668255089052
icicibank_ns,NO_PRICE_LEVELS_27,logistic_regression,3,DAILY_RANGE_PCT,0.009938369832666587
icicibank_ns,NO_PRICE_LEVELS_27,logistic_regression,3,HIGH_LOW_PCT,0.009938369832666587
icicibank_ns,NO_PRICE_LEVELS_27,logistic_regression,3,ATR_14,0.006304019727681064
icicibank_ns,NO_PRICE_LEVELS_27,random_forest,3,VOLUME_CHANGE_PCT,0.044262858199513894
icicibank_ns,NO_PRICE_LEVELS_27,random_forest,3,RSI_14,0.043054618638495724
icicibank_ns,NO_PRICE_LEVELS_27,random_forest,3,GAP_PCT,0.0425565192991668
icicibank_ns,NO_PRICE_LEVELS_27,random_forest,3,VOLUME_RATIO,0.04233610577253081
icicibank_ns,NO_PRICE_LEVELS_27,random_forest,3,ROC_12,0.0412985939268371
icicibank_ns,NO_PRICE_LEVELS_27,random_forest,3,MOMENTUM_10,0.041119417193030305
icicibank_ns,NO_PRICE_LEVELS_27,random_forest,3,MOMENTUM_20,0.04092309577787141
icicibank_ns,NO_PRICE_LEVELS_27,random_forest,3,LOWER_WICK,0.039641607980168136
icicibank_ns,NO_PRICE_LEVELS_27,random_forest,3,PRICE_CHANGE_PCT,0.03907208628189894
icicibank_ns,NO_PRICE_LEVELS_27,random_forest,3,HIST_VOL_20,0.0388591528886369
icicibank_ns,NO_PRICE_LEVELS_27,random_forest,3,UPPER_WICK,0.03785025698398387
icicibank_ns,NO_PRICE_LEVELS_27,random_forest,3,OPEN_CLOSE_PCT,0.03775553696972934
icicibank_ns,NO_PRICE_LEVELS_27,random_forest,3,VOLUME_EMA_20,0.03753083049409278
icicibank_ns,NO_PRICE_LEVELS_27,random_forest,3,ATR_14,0.0373585448861007
icicibank_ns,NO_PRICE_LEVELS_27,random_forest,3,DAILY_RETURN,0.03716195023772391
icicibank_ns,NO_PRICE_LEVELS_27,random_forest,3,ROLLING_STD_20,0.03682018762034424
icicibank_ns,NO_PRICE_LEVELS_27,random_forest,3,Volume,0.036155875225226335
icicibank_ns,NO_PRICE_LEVELS_27,random_forest,3,VOLUME_SMA_20,0.03585118031716074
icicibank_ns,NO_PRICE_LEVELS_27,random_forest,3,BODY_SIZE,0.03576678488407855
icicibank_ns,NO_PRICE_LEVELS_27,random_forest,3,TRUE_RANGE,0.03513806019457949
icicibank_ns,NO_PRICE_LEVELS_27,random_forest,3,OBV,0.03433380336866824
icicibank_ns,NO_PRICE_LEVELS_27,random_forest,3,HIGH_LOW_PCT,0.03357341563378929
icicibank_ns,NO_PRICE_LEVELS_27,random_forest,3,DAILY_RANGE_PCT,0.03329220923004038
icicibank_ns,NO_PRICE_LEVELS_27,random_forest,3,EMA_20,0.02988200514103546
icicibank_ns,NO_PRICE_LEVELS_27,random_forest,3,SMA_50,0.029858118945293305
icicibank_ns,NO_PRICE_LEVELS_27,random_forest,3,SMA_20,0.029620998372027637
icicibank_ns,NO_PRICE_LEVELS_27,random_forest,3,EMA_50,0.028926185537975567
icicibank_ns,NO_PRICE_LEVELS_27,xgboost,3,EMA_20,0.04080818220973015
icicibank_ns,NO_PRICE_LEVELS_27,xgboost,3,EMA_50,0.04049578681588173
icicibank_ns,NO_PRICE_LEVELS_27,xgboost,3,RSI_14,0.04030682146549225
icicibank_ns,NO_PRICE_LEVELS_27,xgboost,3,DAILY_RETURN,0.03947346657514572
icicibank_ns,NO_PRICE_LEVELS_27,xgboost,3,PRICE_CHANGE_PCT,0.03935769945383072
icicibank_ns,NO_PRICE_LEVELS_27,xgboost,3,OBV,0.03839901462197304
icicibank_ns,NO_PRICE_LEVELS_27,xgboost,3,ATR_14,0.03778328746557236
icicibank_ns,NO_PRICE_LEVELS_27,xgboost,3,MOMENTUM_20,0.037759654223918915
icicibank_ns,NO_PRICE_LEVELS_27,xgboost,3,VOLUME_SMA_20,0.03771926462650299
icicibank_ns,NO_PRICE_LEVELS_27,xgboost,3,GAP_PCT,0.03758341073989868
icicibank_ns,NO_PRICE_LEVELS_27,xgboost,3,UPPER_WICK,0.03755027800798416
icicibank_ns,NO_PRICE_LEVELS_27,xgboost,3,VOLUME_CHANGE_PCT,0.037126682698726654
icicibank_ns,NO_PRICE_LEVELS_27,xgboost,3,Volume,0.03673923760652542
icicibank_ns,NO_PRICE_LEVELS_27,xgboost,3,LOWER_WICK,0.03673084080219269
icicibank_ns,NO_PRICE_LEVELS_27,xgboost,3,SMA_20,0.03660954162478447
icicibank_ns,NO_PRICE_LEVELS_27,xgboost,3,ROLLING_STD_20,0.03652558475732803
icicibank_ns,NO_PRICE_LEVELS_27,xgboost,3,ROC_12,0.036405108869075775
icicibank_ns,NO_PRICE_LEVELS_27,xgboost,3,SMA_50,0.03632752224802971
icicibank_ns,NO_PRICE_LEVELS_27,xgboost,3,VOLUME_RATIO,0.03623850271105766
icicibank_ns,NO_PRICE_LEVELS_27,xgboost,3,BODY_SIZE,0.035909514874219894
icicibank_ns,NO_PRICE_LEVELS_27,xgboost,3,TRUE_RANGE,0.03569173067808151
icicibank_ns,NO_PRICE_LEVELS_27,xgboost,3,HIST_VOL_20,0.03556934744119644
icicibank_ns,NO_PRICE_LEVELS_27,xgboost,3,DAILY_RANGE_PCT,0.03551710397005081
icicibank_ns,NO_PRICE_LEVELS_27,xgboost,3,OPEN_CLOSE_PCT,0.035096313804388046
icicibank_ns,NO_PRICE_LEVELS_27,xgboost,3,HIGH_LOW_PCT,0.03467774763703346
icicibank_ns,NO_PRICE_LEVELS_27,xgboost,3,MOMENTUM_10,0.03405488654971123
icicibank_ns,NO_PRICE_LEVELS_27,xgboost,3,VOLUME_EMA_20,0.03354349359869957
